-383.525 -106.558       4.2587
-383.525 -103.053       4.2587
-383.525  -99.548       4.2587
-383.525  -96.043       4.2587
-383.525  -92.538       4.2587
-383.525  -89.032       4.2587
-383.525  -85.527       4.2587
-383.525  -82.022       4.2587
-383.525  -78.517       4.2587
-383.525  -75.012       4.2587
-383.525  -71.507       4.2587
-383.525  -68.002       4.2587
-383.525  -64.497       4.2587
-383.525  -60.992       4.2587
-383.525  -57.486       4.2587
-383.525  -53.981       4.2587
-383.525  -50.476       4.2587
-383.525  -46.971       4.2587
-383.525  -43.466       4.2587
-383.525  -39.961       4.2587
-383.525  -36.456       4.2587
-383.525  -32.951       4.2587
-383.525  -29.446       4.2587
-383.525  -25.940       3.0191
-383.525  -22.435       3.4323
-383.525  -18.930       2.4160
-383.525  -15.425       2.0902
-383.525  -11.920       1.8590
-383.525   -8.415       3.8455
-383.525   -4.910       4.2587
-383.525   -1.405       4.2587
-383.525    2.100       4.2587
-383.525    5.606       4.2587
-383.525    9.111       4.2587
-383.525   12.616       4.2587
-383.525   16.121       4.2587
-383.525   19.626       4.2587
-383.525   23.131       4.2587
-383.525   26.636       4.2587
-383.525   30.141       4.2587
-383.525   33.646       4.2587
-383.525   37.152       4.2587
-383.525   40.657       4.2587
-383.525   44.162       4.2587
-383.525   47.667       4.2587
-383.525   51.172       4.2587
-383.525   54.677       4.2587
-383.525   58.182       4.2587
-383.525   61.687       4.2587
-383.525   65.192       4.2587
-383.525   68.698       4.2587
-383.525   72.203       4.2587
-383.525   75.708       4.2587
-383.525   79.213       4.2587
-383.525   82.718       4.2587
-383.525   86.223       4.2587
-383.525   89.728       4.2587
-383.525   93.233       4.2587
-383.525   96.738       4.2587
-383.525  100.243       4.2587
-383.525  103.749       4.2587
-383.525  107.254       4.2587
-383.525  110.759       4.2587
-383.525  114.264       4.2587
-383.525  117.769       4.2587
-383.525  121.274       3.8455
-383.525  124.779       4.2587
-383.525  128.284       4.2587
-383.525  131.789       4.2587
-383.525  135.295       4.2587
-383.525  138.800       4.2587
-383.525  142.305       4.2587
-383.525  145.810       4.2587
-383.525  149.315       4.2587
-383.525  152.820       4.2587
-383.525  156.325       4.2587
-383.525  159.830       4.2587
-383.525  163.335       4.2587
-383.525  166.841       4.2587
-383.525  170.346       4.2587
-383.525  173.851       4.2587
-383.525  177.356       4.2587
-383.525  180.861       4.2587
-383.525  184.366       4.2587
-383.525  187.871       4.2587
-383.525  191.376       4.2587
-383.525  194.881       4.2587
-383.525  198.387       4.2587
-383.525  201.892       4.2587
-383.525  205.397       4.2587
-383.525  208.902       4.2587
-383.525  212.407       4.2587
-383.525  215.912       4.2587
-383.525  219.417       4.2587
-383.525  222.922       4.2587
-383.525  226.427       4.2587
-383.525  229.933       4.2587
-383.525  233.438       4.2587
-383.525  236.943       4.2587
-383.525  240.448       4.2587
-378.422 -106.558       4.2587
-378.422 -103.053       4.2587
-378.422  -99.548       4.2587
-378.422  -96.043       4.2587
-378.422  -92.538       4.2587
-378.422  -89.032       4.2587
-378.422  -85.527       4.2587
-378.422  -82.022       4.2587
-378.422  -78.517       4.2587
-378.422  -75.012       4.2587
-378.422  -71.507       4.2587
-378.422  -68.002       4.2587
-378.422  -64.497       4.2587
-378.422  -60.992       4.2587
-378.422  -57.486       4.2587
-378.422  -53.981       4.2587
-378.422  -50.476       4.2587
-378.422  -46.971       4.2587
-378.422  -43.466       4.2587
-378.422  -39.961       4.2587
-378.422  -36.456       4.2587
-378.422  -32.951       4.2587
-378.422  -29.446       2.5356
-378.422  -25.940       1.4674
-378.422  -22.435       0.9437
-378.422  -18.930       0.5984
-378.422  -15.425       0.6664
-378.422  -11.920       1.0542
-378.422   -8.415       1.1970
-378.422   -4.910       1.7432
-378.422   -1.405       2.7773
-378.422    2.100       3.8455
-378.422    5.606       4.2587
-378.422    9.111       4.2587
-378.422   12.616       4.2587
-378.422   16.121       4.2587
-378.422   19.626       4.2587
-378.422   23.131       4.2587
-378.422   26.636       4.2587
-378.422   30.141       4.2587
-378.422   33.646       4.2587
-378.422   37.152       4.2587
-378.422   40.657       4.2587
-378.422   44.162       4.2587
-378.422   47.667       4.2587
-378.422   51.172       4.2587
-378.422   54.677       4.2587
-378.422   58.182       4.2587
-378.422   61.687       4.2587
-378.422   65.192       4.2587
-378.422   68.698       4.2587
-378.422   72.203       4.2587
-378.422   75.708       4.2587
-378.422   79.213       4.2587
-378.422   82.718       4.2587
-378.422   86.223       4.2587
-378.422   89.728       4.2587
-378.422   93.233       4.2587
-378.422   96.738       4.2587
-378.422  100.243       4.2587
-378.422  103.749       4.2587
-378.422  107.254       4.2587
-378.422  110.759       4.2587
-378.422  114.264       4.2587
-378.422  117.769       4.2587
-378.422  121.274       4.2587
-378.422  124.779       4.2587
-378.422  128.284       4.2587
-378.422  131.789       4.2587
-378.422  135.295       4.2587
-378.422  138.800       4.2587
-378.422  142.305       4.2587
-378.422  145.810       4.2587
-378.422  149.315       4.2587
-378.422  152.820       4.2587
-378.422  156.325       4.2587
-378.422  159.830       4.2587
-378.422  163.335       4.2587
-378.422  166.841       4.2587
-378.422  170.346       4.2587
-378.422  173.851       4.2587
-378.422  177.356       4.2587
-378.422  180.861       4.2587
-378.422  184.366       4.2587
-378.422  187.871       4.2587
-378.422  191.376       4.2587
-378.422  194.881       4.2587
-378.422  198.387       4.2587
-378.422  201.892       4.2587
-378.422  205.397       4.2587
-378.422  208.902       4.2587
-378.422  212.407       4.2587
-378.422  215.912       4.2587
-378.422  219.417       4.2587
-378.422  222.922       4.2587
-378.422  226.427       4.2587
-378.422  229.933       4.2587
-378.422  233.438       4.2587
-378.422  236.943       4.2587
-378.422  240.448       4.2587
-373.320 -106.558       4.2587
-373.320 -103.053       4.2587
-373.320  -99.548       4.2587
-373.320  -96.043       4.2587
-373.320  -92.538       4.2587
-373.320  -89.032       4.2587
-373.320  -85.527       4.2587
-373.320  -82.022       4.2587
-373.320  -78.517       4.2587
-373.320  -75.012       4.2587
-373.320  -71.507       4.2587
-373.320  -68.002       4.2587
-373.320  -64.497       4.2587
-373.320  -60.992       4.2587
-373.320  -57.486       4.2587
-373.320  -53.981       4.2587
-373.320  -50.476       4.2587
-373.320  -46.971       4.2587
-373.320  -43.466       4.2587
-373.320  -39.961       4.2587
-373.320  -36.456       3.0191
-373.320  -32.951       1.6769
-373.320  -29.446       1.1244
-373.320  -25.940       0.2114
-373.320  -22.435       0.0095
-373.320  -18.930       0.0339
-373.320  -15.425       0.2964
-373.320  -11.920       0.3723
-373.320   -8.415       0.4180
-373.320   -4.910       1.0433
-373.320   -1.405       2.0028
-373.320    2.100       2.1565
-373.320    5.606       2.6058
-373.320    9.111       3.0191
-373.320   12.616       2.4160
-373.320   16.121       2.5356
-373.320   19.626       4.2587
-373.320   23.131       4.2587
-373.320   26.636       4.2587
-373.320   30.141       4.2587
-373.320   33.646       4.2587
-373.320   37.152       4.2587
-373.320   40.657       4.2587
-373.320   44.162       4.2587
-373.320   47.667       4.2587
-373.320   51.172       4.2587
-373.320   54.677       4.2587
-373.320   58.182       4.2587
-373.320   61.687       4.2587
-373.320   65.192       4.2587
-373.320   68.698       4.2587
-373.320   72.203       4.2587
-373.320   75.708       4.2587
-373.320   79.213       4.2587
-373.320   82.718       4.2587
-373.320   86.223       4.2587
-373.320   89.728       4.2587
-373.320   93.233       4.2587
-373.320   96.738       4.2587
-373.320  100.243       4.2587
-373.320  103.749       4.2587
-373.320  107.254       4.2587
-373.320  110.759       4.2587
-373.320  114.264       4.2587
-373.320  117.769       4.2587
-373.320  121.274       4.2587
-373.320  124.779       4.2587
-373.320  128.284       4.2587
-373.320  131.789       4.2587
-373.320  135.295       4.2587
-373.320  138.800       4.2587
-373.320  142.305       4.2587
-373.320  145.810       4.2587
-373.320  149.315       4.2587
-373.320  152.820       4.2587
-373.320  156.325       4.2587
-373.320  159.830       4.2587
-373.320  163.335       4.2587
-373.320  166.841       4.2587
-373.320  170.346       4.2587
-373.320  173.851       4.2587
-373.320  177.356       4.2587
-373.320  180.861       4.2587
-373.320  184.366       4.2587
-373.320  187.871       4.2587
-373.320  191.376       4.2587
-373.320  194.881       4.2587
-373.320  198.387       4.2587
-373.320  201.892       4.2587
-373.320  205.397       4.2587
-373.320  208.902       4.2587
-373.320  212.407       4.2587
-373.320  215.912       4.2587
-373.320  219.417       4.2587
-373.320  222.922       4.2587
-373.320  226.427       4.2587
-373.320  229.933       4.2587
-373.320  233.438       4.2587
-373.320  236.943       4.2587
-373.320  240.448       4.2587
-368.217 -106.558       4.2587
-368.217 -103.053       4.2587
-368.217  -99.548       4.2587
-368.217  -96.043       4.2587
-368.217  -92.538       4.2587
-368.217  -89.032       4.2587
-368.217  -85.527       4.2587
-368.217  -82.022       4.2587
-368.217  -78.517       4.2587
-368.217  -75.012       4.2587
-368.217  -71.507       4.2587
-368.217  -68.002       4.2587
-368.217  -64.497       4.2587
-368.217  -60.992       4.2587
-368.217  -57.486       4.2587
-368.217  -53.981       4.2587
-368.217  -50.476       4.2587
-368.217  -46.971       4.2587
-368.217  -43.466       3.8455
-368.217  -39.961       2.3641
-368.217  -36.456       2.1565
-368.217  -32.951       1.1434
-368.217  -29.446       0.5857
-368.217  -25.940       0.1230
-368.217  -22.435      -0.0000
-368.217  -18.930       0.1093
-368.217  -15.425       0.2087
-368.217  -11.920       0.0925
-368.217   -8.415       0.4491
-368.217   -4.910       0.6751
-368.217   -1.405       1.0767
-368.217    2.100       1.2184
-368.217    5.606       1.2257
-368.217    9.111       1.3569
-368.217   12.616       1.5895
-368.217   16.121       2.4160
-368.217   19.626       2.6854
-368.217   23.131       4.2587
-368.217   26.636       4.2587
-368.217   30.141       4.2587
-368.217   33.646       4.2587
-368.217   37.152       4.2587
-368.217   40.657       4.2587
-368.217   44.162       4.2587
-368.217   47.667       4.2587
-368.217   51.172       4.2587
-368.217   54.677       4.2587
-368.217   58.182       4.2587
-368.217   61.687       4.2587
-368.217   65.192       4.2587
-368.217   68.698       4.2587
-368.217   72.203       4.2587
-368.217   75.708       4.2587
-368.217   79.213       4.2587
-368.217   82.718       4.2587
-368.217   86.223       4.2587
-368.217   89.728       4.2587
-368.217   93.233       4.2587
-368.217   96.738       4.2587
-368.217  100.243       4.2587
-368.217  103.749       4.2587
-368.217  107.254       4.2587
-368.217  110.759       4.2587
-368.217  114.264       4.2587
-368.217  117.769       4.2587
-368.217  121.274       4.2587
-368.217  124.779       4.2587
-368.217  128.284       4.2587
-368.217  131.789       4.2587
-368.217  135.295       4.2587
-368.217  138.800       4.2587
-368.217  142.305       4.2587
-368.217  145.810       4.2587
-368.217  149.315       4.2587
-368.217  152.820       4.2587
-368.217  156.325       4.2587
-368.217  159.830       4.2587
-368.217  163.335       4.2587
-368.217  166.841       4.2587
-368.217  170.346       4.2587
-368.217  173.851       4.2587
-368.217  177.356       4.2587
-368.217  180.861       4.2587
-368.217  184.366       4.2587
-368.217  187.871       4.2587
-368.217  191.376       4.2587
-368.217  194.881       4.2587
-368.217  198.387       4.2587
-368.217  201.892       4.2587
-368.217  205.397       4.2587
-368.217  208.902       4.2587
-368.217  212.407       4.2587
-368.217  215.912       4.2587
-368.217  219.417       4.2587
-368.217  222.922       4.2587
-368.217  226.427       4.2587
-368.217  229.933       4.2587
-368.217  233.438       4.2587
-368.217  236.943       4.2587
-368.217  240.448       4.2587
-363.115 -106.558       4.2587
-363.115 -103.053       4.2587
-363.115  -99.548       4.2587
-363.115  -96.043       4.2587
-363.115  -92.538       4.2587
-363.115  -89.032       4.2587
-363.115  -85.527       4.2587
-363.115  -82.022       4.2587
-363.115  -78.517       4.2587
-363.115  -75.012       4.2587
-363.115  -71.507       4.2587
-363.115  -68.002       4.2587
-363.115  -64.497       4.2587
-363.115  -60.992       4.2587
-363.115  -57.486       4.2587
-363.115  -53.981       4.2587
-363.115  -50.476       4.2587
-363.115  -46.971       4.2587
-363.115  -43.466       2.7773
-363.115  -39.961       1.8590
-363.115  -36.456       2.4160
-363.115  -32.951       1.4674
-363.115  -29.446       0.9437
-363.115  -25.940       0.5807
-363.115  -22.435       0.3266
-363.115  -18.930       0.1394
-363.115  -15.425       0.1442
-363.115  -11.920       0.3567
-363.115   -8.415       0.4592
-363.115   -4.910       0.6035
-363.115   -1.405       0.2796
-363.115    2.100       0.2766
-363.115    5.606       0.3705
-363.115    9.111       0.4884
-363.115   12.616       0.7803
-363.115   16.121       1.2877
-363.115   19.626       1.7610
-363.115   23.131       2.1926
-363.115   26.636       3.8455
-363.115   30.141       3.8455
-363.115   33.646       4.2587
-363.115   37.152       4.2587
-363.115   40.657       4.2587
-363.115   44.162       4.2587
-363.115   47.667       4.2587
-363.115   51.172       4.2587
-363.115   54.677       4.2587
-363.115   58.182       4.2587
-363.115   61.687       4.2587
-363.115   65.192       4.2587
-363.115   68.698       4.2587
-363.115   72.203       4.2587
-363.115   75.708       4.2587
-363.115   79.213       4.2587
-363.115   82.718       4.2587
-363.115   86.223       4.2587
-363.115   89.728       4.2587
-363.115   93.233       4.2587
-363.115   96.738       4.2587
-363.115  100.243       4.2587
-363.115  103.749       4.2587
-363.115  107.254       4.2587
-363.115  110.759       4.2587
-363.115  114.264       4.2587
-363.115  117.769       4.2587
-363.115  121.274       4.2587
-363.115  124.779       4.2587
-363.115  128.284       4.2587
-363.115  131.789       4.2587
-363.115  135.295       4.2587
-363.115  138.800       4.2587
-363.115  142.305       4.2587
-363.115  145.810       4.2587
-363.115  149.315       4.2587
-363.115  152.820       4.2587
-363.115  156.325       4.2587
-363.115  159.830       4.2587
-363.115  163.335       4.2587
-363.115  166.841       4.2587
-363.115  170.346       4.2587
-363.115  173.851       4.2587
-363.115  177.356       4.2587
-363.115  180.861       4.2587
-363.115  184.366       4.2587
-363.115  187.871       4.2587
-363.115  191.376       4.2587
-363.115  194.881       4.2587
-363.115  198.387       4.2587
-363.115  201.892       4.2587
-363.115  205.397       4.2587
-363.115  208.902       4.2587
-363.115  212.407       4.2587
-363.115  215.912       4.2587
-363.115  219.417       4.2587
-363.115  222.922       4.2587
-363.115  226.427       4.2587
-363.115  229.933       4.2587
-363.115  233.438       4.2587
-363.115  236.943       4.2587
-363.115  240.448       4.2587
-358.012 -106.558       4.2587
-358.012 -103.053       4.2587
-358.012  -99.548       4.2587
-358.012  -96.043       4.2587
-358.012  -92.538       4.2587
-358.012  -89.032       4.2587
-358.012  -85.527       4.2587
-358.012  -82.022       4.2587
-358.012  -78.517       4.2587
-358.012  -75.012       4.2587
-358.012  -71.507       4.2587
-358.012  -68.002       4.2587
-358.012  -64.497       4.2587
-358.012  -60.992       4.2587
-358.012  -57.486       4.2587
-358.012  -53.981       4.2587
-358.012  -50.476       4.2587
-358.012  -46.971       4.2587
-358.012  -43.466       4.2587
-358.012  -39.961       4.2587
-358.012  -36.456       4.2587
-358.012  -32.951       2.6854
-358.012  -29.446       2.1224
-358.012  -25.940       1.3300
-358.012  -22.435       0.6780
-358.012  -18.930       0.2857
-358.012  -15.425       0.3332
-358.012  -11.920       0.3332
-358.012   -8.415       0.4778
-358.012   -4.910       0.2236
-358.012   -1.405       0.0221
-358.012    2.100       0.0521
-358.012    5.606       0.0763
-358.012    9.111       0.1382
-358.012   12.616       0.2722
-358.012   16.121       0.5351
-358.012   19.626       0.8236
-358.012   23.131       1.0767
-358.012   26.636       1.8381
-358.012   30.141       2.6854
-358.012   33.646       4.2587
-358.012   37.152       4.2587
-358.012   40.657       4.2587
-358.012   44.162       4.2587
-358.012   47.667       4.2587
-358.012   51.172       4.2587
-358.012   54.677       4.2587
-358.012   58.182       4.2587
-358.012   61.687       4.2587
-358.012   65.192       4.2587
-358.012   68.698       4.2587
-358.012   72.203       4.2587
-358.012   75.708       4.2587
-358.012   79.213       4.2587
-358.012   82.718       4.2587
-358.012   86.223       4.2587
-358.012   89.728       4.2587
-358.012   93.233       4.2587
-358.012   96.738       4.2587
-358.012  100.243       4.2587
-358.012  103.749       4.2587
-358.012  107.254       4.2587
-358.012  110.759       4.2587
-358.012  114.264       4.2587
-358.012  117.769       4.2587
-358.012  121.274       4.2587
-358.012  124.779       4.2587
-358.012  128.284       4.2587
-358.012  131.789       4.2587
-358.012  135.295       4.2587
-358.012  138.800       4.2587
-358.012  142.305       4.2587
-358.012  145.810       4.2587
-358.012  149.315       4.2587
-358.012  152.820       4.2587
-358.012  156.325       4.2587
-358.012  159.830       4.2587
-358.012  163.335       4.2587
-358.012  166.841       4.2587
-358.012  170.346       4.2587
-358.012  173.851       4.2587
-358.012  177.356       4.2587
-358.012  180.861       4.2587
-358.012  184.366       4.2587
-358.012  187.871       4.2587
-358.012  191.376       4.2587
-358.012  194.881       4.2587
-358.012  198.387       4.2587
-358.012  201.892       4.2587
-358.012  205.397       4.2587
-358.012  208.902       4.2587
-358.012  212.407       4.2587
-358.012  215.912       4.2587
-358.012  219.417       4.2587
-358.012  222.922       4.2587
-358.012  226.427       4.2587
-358.012  229.933       4.2587
-358.012  233.438       4.2587
-358.012  236.943       4.2587
-358.012  240.448       4.2587
-352.910 -106.558       4.2587
-352.910 -103.053       4.2587
-352.910  -99.548       4.2587
-352.910  -96.043       4.2587
-352.910  -92.538       4.2587
-352.910  -89.032       4.2587
-352.910  -85.527       4.2587
-352.910  -82.022       4.2587
-352.910  -78.517       4.2587
-352.910  -75.012       4.2587
-352.910  -71.507       4.2587
-352.910  -68.002       4.2587
-352.910  -64.497       4.2587
-352.910  -60.992       4.2587
-352.910  -57.486       4.2587
-352.910  -53.981       4.2587
-352.910  -50.476       4.2587
-352.910  -46.971       4.2587
-352.910  -43.466       4.2587
-352.910  -39.961       4.2587
-352.910  -36.456       4.2587
-352.910  -32.951       4.2587
-352.910  -29.446       4.2587
-352.910  -25.940       1.8179
-352.910  -22.435       1.7260
-352.910  -18.930       1.1001
-352.910  -15.425       1.1831
-352.910  -11.920       1.0710
-352.910   -8.415       0.7803
-352.910   -4.910       0.7366
-352.910   -1.405       0.4927
-352.910    2.100       0.3601
-352.910    5.606       0.1712
-352.910    9.111       0.0270
-352.910   12.616       0.1942
-352.910   16.121       0.3811
-352.910   19.626       0.5397
-352.910   23.131       0.8088
-352.910   26.636       1.4352
-352.910   30.141       1.4674
-352.910   33.646       2.0305
-352.910   37.152       3.1906
-352.910   40.657       4.2587
-352.910   44.162       4.2587
-352.910   47.667       4.2587
-352.910   51.172       4.2587
-352.910   54.677       4.2587
-352.910   58.182       4.2587
-352.910   61.687       4.2587
-352.910   65.192       4.2587
-352.910   68.698       4.2587
-352.910   72.203       4.2587
-352.910   75.708       4.2587
-352.910   79.213       4.2587
-352.910   82.718       4.2587
-352.910   86.223       4.2587
-352.910   89.728       4.2587
-352.910   93.233       4.2587
-352.910   96.738       4.2587
-352.910  100.243       4.2587
-352.910  103.749       4.2587
-352.910  107.254       4.2587
-352.910  110.759       4.2587
-352.910  114.264       4.2587
-352.910  117.769       4.2587
-352.910  121.274       4.2587
-352.910  124.779       4.2587
-352.910  128.284       4.2587
-352.910  131.789       4.2587
-352.910  135.295       4.2587
-352.910  138.800       4.2587
-352.910  142.305       4.2587
-352.910  145.810       4.2587
-352.910  149.315       4.2587
-352.910  152.820       4.2587
-352.910  156.325       4.2587
-352.910  159.830       4.2587
-352.910  163.335       4.2587
-352.910  166.841       4.2587
-352.910  170.346       4.2587
-352.910  173.851       4.2587
-352.910  177.356       4.2587
-352.910  180.861       4.2587
-352.910  184.366       4.2587
-352.910  187.871       4.2587
-352.910  191.376       4.2587
-352.910  194.881       4.2587
-352.910  198.387       4.2587
-352.910  201.892       4.2587
-352.910  205.397       4.2587
-352.910  208.902       4.2587
-352.910  212.407       4.2587
-352.910  215.912       4.2587
-352.910  219.417       4.2587
-352.910  222.922       4.2587
-352.910  226.427       4.2587
-352.910  229.933       4.2587
-352.910  233.438       4.2587
-352.910  236.943       4.2587
-352.910  240.448       4.2587
-347.807 -106.558       4.2587
-347.807 -103.053       4.2587
-347.807  -99.548       4.2587
-347.807  -96.043       4.2587
-347.807  -92.538       4.2587
-347.807  -89.032       4.2587
-347.807  -85.527       4.2587
-347.807  -82.022       4.2587
-347.807  -78.517       4.2587
-347.807  -75.012       4.2587
-347.807  -71.507       4.2587
-347.807  -68.002       4.2587
-347.807  -64.497       4.2587
-347.807  -60.992       4.2587
-347.807  -57.486       4.2587
-347.807  -53.981       4.2587
-347.807  -50.476       4.2587
-347.807  -46.971       4.2587
-347.807  -43.466       4.2587
-347.807  -39.961       4.2587
-347.807  -36.456       4.2587
-347.807  -32.951       4.2587
-347.807  -29.446       3.8455
-347.807  -25.940       3.8455
-347.807  -22.435       3.4323
-347.807  -18.930       2.5356
-347.807  -15.425       3.1906
-347.807  -11.920       2.7773
-347.807   -8.415       2.4160
-347.807   -4.910       2.0596
-347.807   -1.405       1.3478
-347.807    2.100       0.9964
-347.807    5.606       0.8995
-347.807    9.111       0.7143
-347.807   12.616       0.5907
-347.807   16.121       0.4511
-347.807   19.626       0.3169
-347.807   23.131       0.3865
-347.807   26.636       0.6035
-347.807   30.141       0.8236
-347.807   33.646       1.0065
-347.807   37.152       1.6928
-347.807   40.657       2.3164
-347.807   44.162       3.0191
-347.807   47.667       3.4323
-347.807   51.172       4.2587
-347.807   54.677       4.2587
-347.807   58.182       4.2587
-347.807   61.687       4.2587
-347.807   65.192       4.2587
-347.807   68.698       4.2587
-347.807   72.203       4.2587
-347.807   75.708       4.2587
-347.807   79.213       4.2587
-347.807   82.718       4.2587
-347.807   86.223       4.2587
-347.807   89.728       4.2587
-347.807   93.233       4.2587
-347.807   96.738       4.2587
-347.807  100.243       4.2587
-347.807  103.749       4.2587
-347.807  107.254       4.2587
-347.807  110.759       4.2587
-347.807  114.264       4.2587
-347.807  117.769       4.2587
-347.807  121.274       4.2587
-347.807  124.779       4.2587
-347.807  128.284       4.2587
-347.807  131.789       4.2587
-347.807  135.295       4.2587
-347.807  138.800       4.2587
-347.807  142.305       4.2587
-347.807  145.810       4.2587
-347.807  149.315       4.2587
-347.807  152.820       4.2587
-347.807  156.325       4.2587
-347.807  159.830       4.2587
-347.807  163.335       4.2587
-347.807  166.841       4.2587
-347.807  170.346       4.2587
-347.807  173.851       4.2587
-347.807  177.356       4.2587
-347.807  180.861       4.2587
-347.807  184.366       4.2587
-347.807  187.871       4.2587
-347.807  191.376       4.2587
-347.807  194.881       4.2587
-347.807  198.387       4.2587
-347.807  201.892       4.2587
-347.807  205.397       4.2587
-347.807  208.902       4.2587
-347.807  212.407       4.2587
-347.807  215.912       4.2587
-347.807  219.417       4.2587
-347.807  222.922       4.2587
-347.807  226.427       4.2587
-347.807  229.933       4.2587
-347.807  233.438       4.2587
-347.807  236.943       4.2587
-347.807  240.448       4.2587
-342.704 -106.558       4.2587
-342.704 -103.053       4.2587
-342.704  -99.548       4.2587
-342.704  -96.043       4.2587
-342.704  -92.538       4.2587
-342.704  -89.032       4.2587
-342.704  -85.527       4.2587
-342.704  -82.022       4.2587
-342.704  -78.517       4.2587
-342.704  -75.012       4.2587
-342.704  -71.507       4.2587
-342.704  -68.002       4.2587
-342.704  -64.497       4.2587
-342.704  -60.992       4.2587
-342.704  -57.486       4.2587
-342.704  -53.981       4.2587
-342.704  -50.476       4.2587
-342.704  -46.971       4.2587
-342.704  -43.466       4.2587
-342.704  -39.961       4.2587
-342.704  -36.456       4.2587
-342.704  -32.951       4.2587
-342.704  -29.446       4.2587
-342.704  -25.940       4.2587
-342.704  -22.435       4.2587
-342.704  -18.930       4.2587
-342.704  -15.425       4.2587
-342.704  -11.920       4.2587
-342.704   -8.415       4.2587
-342.704   -4.910       4.2587
-342.704   -1.405       2.6058
-342.704    2.100       1.6928
-342.704    5.606       1.6464
-342.704    9.111       1.3755
-342.704   12.616       0.9529
-342.704   16.121       0.7980
-342.704   19.626       0.7431
-342.704   23.131       0.4992
-342.704   26.636       0.6114
-342.704   30.141       0.7699
-342.704   33.646       0.8427
-342.704   37.152       1.0598
-342.704   40.657       1.6173
-342.704   44.162       2.2722
-342.704   47.667       2.7773
-342.704   51.172       4.2587
-342.704   54.677       4.2587
-342.704   58.182       4.2587
-342.704   61.687       4.2587
-342.704   65.192       4.2587
-342.704   68.698       4.2587
-342.704   72.203       4.2587
-342.704   75.708       4.2587
-342.704   79.213       4.2587
-342.704   82.718       4.2587
-342.704   86.223       4.2587
-342.704   89.728       4.2587
-342.704   93.233       4.2587
-342.704   96.738       4.2587
-342.704  100.243       4.2587
-342.704  103.749       4.2587
-342.704  107.254       4.2587
-342.704  110.759       4.2587
-342.704  114.264       4.2587
-342.704  117.769       4.2587
-342.704  121.274       4.2587
-342.704  124.779       4.2587
-342.704  128.284       4.2587
-342.704  131.789       4.2587
-342.704  135.295       4.2587
-342.704  138.800       4.2587
-342.704  142.305       4.2587
-342.704  145.810       4.2587
-342.704  149.315       4.2587
-342.704  152.820       4.2587
-342.704  156.325       4.2587
-342.704  159.830       4.2587
-342.704  163.335       4.2587
-342.704  166.841       4.2587
-342.704  170.346       4.2587
-342.704  173.851       4.2587
-342.704  177.356       4.2587
-342.704  180.861       4.2587
-342.704  184.366       4.2587
-342.704  187.871       4.2587
-342.704  191.376       4.2587
-342.704  194.881       4.2587
-342.704  198.387       4.2587
-342.704  201.892       4.2587
-342.704  205.397       4.2587
-342.704  208.902       4.2587
-342.704  212.407       4.2587
-342.704  215.912       4.2587
-342.704  219.417       4.2587
-342.704  222.922       4.2587
-342.704  226.427       4.2587
-342.704  229.933       4.2587
-342.704  233.438       4.2587
-342.704  236.943       4.2587
-342.704  240.448       4.2587
-337.602 -106.558       4.2587
-337.602 -103.053       4.2587
-337.602  -99.548       4.2587
-337.602  -96.043       4.2587
-337.602  -92.538       4.2587
-337.602  -89.032       4.2587
-337.602  -85.527       4.2587
-337.602  -82.022       4.2587
-337.602  -78.517       4.2587
-337.602  -75.012       4.2587
-337.602  -71.507       4.2587
-337.602  -68.002       4.2587
-337.602  -64.497       4.2587
-337.602  -60.992       4.2587
-337.602  -57.486       4.2587
-337.602  -53.981       4.2587
-337.602  -50.476       4.2587
-337.602  -46.971       4.2587
-337.602  -43.466       4.2587
-337.602  -39.961       4.2587
-337.602  -36.456       4.2587
-337.602  -32.951       4.2587
-337.602  -29.446       4.2587
-337.602  -25.940       4.2587
-337.602  -22.435       4.2587
-337.602  -18.930       4.2587
-337.602  -15.425       4.2587
-337.602  -11.920       4.2587
-337.602   -8.415       4.2587
-337.602   -4.910       4.2587
-337.602   -1.405       3.4323
-337.602    2.100       3.4323
-337.602    5.606       3.8455
-337.602    9.111       2.0305
-337.602   12.616       1.1763
-337.602   16.121       1.1244
-337.602   19.626       1.2112
-337.602   23.131       1.2877
-337.602   26.636       1.5254
-337.602   30.141       1.3300
-337.602   33.646       1.2559
-337.602   37.152       1.3755
-337.602   40.657       1.4674
-337.602   44.162       2.2311
-337.602   47.667       4.2587
-337.602   51.172       4.2587
-337.602   54.677       4.2587
-337.602   58.182       4.2587
-337.602   61.687       4.2587
-337.602   65.192       4.2587
-337.602   68.698       4.2587
-337.602   72.203       4.2587
-337.602   75.708       4.2587
-337.602   79.213       4.2587
-337.602   82.718       4.2587
-337.602   86.223       4.2587
-337.602   89.728       4.2587
-337.602   93.233       4.2587
-337.602   96.738       4.2587
-337.602  100.243       4.2587
-337.602  103.749       4.2587
-337.602  107.254       4.2587
-337.602  110.759       4.2587
-337.602  114.264       4.2587
-337.602  117.769       4.2587
-337.602  121.274       4.2587
-337.602  124.779       4.2587
-337.602  128.284       4.2587
-337.602  131.789       4.2587
-337.602  135.295       4.2587
-337.602  138.800       4.2587
-337.602  142.305       4.2587
-337.602  145.810       4.2587
-337.602  149.315       4.2587
-337.602  152.820       4.2587
-337.602  156.325       4.2587
-337.602  159.830       4.2587
-337.602  163.335       4.2587
-337.602  166.841       4.2587
-337.602  170.346       4.2587
-337.602  173.851       4.2587
-337.602  177.356       4.2587
-337.602  180.861       4.2587
-337.602  184.366       4.2587
-337.602  187.871       4.2587
-337.602  191.376       4.2587
-337.602  194.881       4.2587
-337.602  198.387       4.2587
-337.602  201.892       4.2587
-337.602  205.397       4.2587
-337.602  208.902       4.2587
-337.602  212.407       4.2587
-337.602  215.912       4.2587
-337.602  219.417       4.2587
-337.602  222.922       4.2587
-337.602  226.427       4.2587
-337.602  229.933       4.2587
-337.602  233.438       4.2587
-337.602  236.943       4.2587
-337.602  240.448       4.2587
-332.499 -106.558       4.2587
-332.499 -103.053       4.2587
-332.499  -99.548       4.2587
-332.499  -96.043       4.2587
-332.499  -92.538       4.2587
-332.499  -89.032       4.2587
-332.499  -85.527       4.2587
-332.499  -82.022       4.2587
-332.499  -78.517       4.2587
-332.499  -75.012       4.2587
-332.499  -71.507       4.2587
-332.499  -68.002       4.2587
-332.499  -64.497       4.2587
-332.499  -60.992       4.2587
-332.499  -57.486       4.2587
-332.499  -53.981       4.2587
-332.499  -50.476       4.2587
-332.499  -46.971       4.2587
-332.499  -43.466       4.2587
-332.499  -39.961       4.2587
-332.499  -36.456       4.2587
-332.499  -32.951       4.2587
-332.499  -29.446       4.2587
-332.499  -25.940       4.2587
-332.499  -22.435       4.2587
-332.499  -18.930       4.2587
-332.499  -15.425       4.2587
-332.499  -11.920       4.2587
-332.499   -8.415       4.2587
-332.499   -4.910       4.2587
-332.499   -1.405       4.2587
-332.499    2.100       4.2587
-332.499    5.606       4.2587
-332.499    9.111       3.8455
-332.499   12.616       2.8860
-332.499   16.121       2.4728
-332.499   19.626       2.2722
-332.499   23.131       2.7773
-332.499   26.636       2.4728
-332.499   30.141       2.2722
-332.499   33.646       1.5254
-332.499   37.152       1.4352
-332.499   40.657       1.4899
-332.499   44.162       1.8179
-332.499   47.667       2.6058
-332.499   51.172       2.6058
-332.499   54.677       3.1906
-332.499   58.182       2.8860
-332.499   61.687       3.0191
-332.499   65.192       3.1906
-332.499   68.698       4.2587
-332.499   72.203       4.2587
-332.499   75.708       4.2587
-332.499   79.213       4.2587
-332.499   82.718       4.2587
-332.499   86.223       4.2587
-332.499   89.728       4.2587
-332.499   93.233       4.2587
-332.499   96.738       4.2587
-332.499  100.243       4.2587
-332.499  103.749       4.2587
-332.499  107.254       4.2587
-332.499  110.759       4.2587
-332.499  114.264       4.2587
-332.499  117.769       4.2587
-332.499  121.274       4.2587
-332.499  124.779       4.2587
-332.499  128.284       4.2587
-332.499  131.789       4.2587
-332.499  135.295       4.2587
-332.499  138.800       4.2587
-332.499  142.305       4.2587
-332.499  145.810       4.2587
-332.499  149.315       4.2587
-332.499  152.820       4.2587
-332.499  156.325       4.2587
-332.499  159.830       4.2587
-332.499  163.335       4.2587
-332.499  166.841       4.2587
-332.499  170.346       4.2587
-332.499  173.851       4.2587
-332.499  177.356       4.2587
-332.499  180.861       4.2587
-332.499  184.366       4.2587
-332.499  187.871       4.2587
-332.499  191.376       4.2587
-332.499  194.881       4.2587
-332.499  198.387       4.2587
-332.499  201.892       4.2587
-332.499  205.397       4.2587
-332.499  208.902       4.2587
-332.499  212.407       4.2587
-332.499  215.912       4.2587
-332.499  219.417       4.2587
-332.499  222.922       4.2587
-332.499  226.427       4.2587
-332.499  229.933       4.2587
-332.499  233.438       4.2587
-332.499  236.943       4.2587
-332.499  240.448       4.2587
-327.397 -106.558       4.2587
-327.397 -103.053       4.2587
-327.397  -99.548       4.2587
-327.397  -96.043       4.2587
-327.397  -92.538       4.2587
-327.397  -89.032       4.2587
-327.397  -85.527       4.2587
-327.397  -82.022       4.2587
-327.397  -78.517       4.2587
-327.397  -75.012       4.2587
-327.397  -71.507       4.2587
-327.397  -68.002       4.2587
-327.397  -64.497       4.2587
-327.397  -60.992       4.2587
-327.397  -57.486       4.2587
-327.397  -53.981       4.2587
-327.397  -50.476       4.2587
-327.397  -46.971       4.2587
-327.397  -43.466       4.2587
-327.397  -39.961       4.2587
-327.397  -36.456       4.2587
-327.397  -32.951       4.2587
-327.397  -29.446       4.2587
-327.397  -25.940       4.2587
-327.397  -22.435       4.2587
-327.397  -18.930       4.2587
-327.397  -15.425       4.2587
-327.397  -11.920       4.2587
-327.397   -8.415       4.2587
-327.397   -4.910       4.2587
-327.397   -1.405       4.2587
-327.397    2.100       4.2587
-327.397    5.606       4.2587
-327.397    9.111       4.2587
-327.397   12.616       4.2587
-327.397   16.121       4.2587
-327.397   19.626       4.2587
-327.397   23.131       4.2587
-327.397   26.636       4.2587
-327.397   30.141       2.6058
-327.397   33.646       2.3164
-327.397   37.152       2.1926
-327.397   40.657       2.1565
-327.397   44.162       2.0305
-327.397   47.667       1.9509
-327.397   51.172       1.4786
-327.397   54.677       0.9623
-327.397   58.182       0.9529
-327.397   61.687       0.8953
-327.397   65.192       1.0379
-327.397   68.698       1.5377
-327.397   72.203       3.1906
-327.397   75.708       3.8455
-327.397   79.213       4.2587
-327.397   82.718       4.2587
-327.397   86.223       4.2587
-327.397   89.728       4.2587
-327.397   93.233       4.2587
-327.397   96.738       4.2587
-327.397  100.243       4.2587
-327.397  103.749       4.2587
-327.397  107.254       4.2587
-327.397  110.759       4.2587
-327.397  114.264       4.2587
-327.397  117.769       4.2587
-327.397  121.274       4.2587
-327.397  124.779       4.2587
-327.397  128.284       4.2587
-327.397  131.789       4.2587
-327.397  135.295       4.2587
-327.397  138.800       4.2587
-327.397  142.305       4.2587
-327.397  145.810       4.2587
-327.397  149.315       4.2587
-327.397  152.820       4.2587
-327.397  156.325       4.2587
-327.397  159.830       4.2587
-327.397  163.335       4.2587
-327.397  166.841       4.2587
-327.397  170.346       4.2587
-327.397  173.851       4.2587
-327.397  177.356       4.2587
-327.397  180.861       4.2587
-327.397  184.366       4.2587
-327.397  187.871       4.2587
-327.397  191.376       4.2587
-327.397  194.881       4.2587
-327.397  198.387       4.2587
-327.397  201.892       4.2587
-327.397  205.397       4.2587
-327.397  208.902       4.2587
-327.397  212.407       4.2587
-327.397  215.912       4.2587
-327.397  219.417       4.2587
-327.397  222.922       4.2587
-327.397  226.427       4.2587
-327.397  229.933       4.2587
-327.397  233.438       4.2587
-327.397  236.943       4.2587
-327.397  240.448       4.2587
-322.294 -106.558       4.2587
-322.294 -103.053       4.2587
-322.294  -99.548       4.2587
-322.294  -96.043       4.2587
-322.294  -92.538       4.2587
-322.294  -89.032       4.2587
-322.294  -85.527       4.2587
-322.294  -82.022       4.2587
-322.294  -78.517       4.2587
-322.294  -75.012       4.2587
-322.294  -71.507       4.2587
-322.294  -68.002       4.2587
-322.294  -64.497       4.2587
-322.294  -60.992       4.2587
-322.294  -57.486       4.2587
-322.294  -53.981       4.2587
-322.294  -50.476       4.2587
-322.294  -46.971       4.2587
-322.294  -43.466       4.2587
-322.294  -39.961       4.2587
-322.294  -36.456       4.2587
-322.294  -32.951       4.2587
-322.294  -29.446       4.2587
-322.294  -25.940       4.2587
-322.294  -22.435       4.2587
-322.294  -18.930       4.2587
-322.294  -15.425       4.2587
-322.294  -11.920       4.2587
-322.294   -8.415       4.2587
-322.294   -4.910       4.2587
-322.294   -1.405       4.2587
-322.294    2.100       4.2587
-322.294    5.606       4.2587
-322.294    9.111       4.2587
-322.294   12.616       4.2587
-322.294   16.121       3.1906
-322.294   19.626       4.2587
-322.294   23.131       3.0191
-322.294   26.636       1.9032
-322.294   30.141       1.5015
-322.294   33.646       1.7092
-322.294   37.152       1.8179
-322.294   40.657       1.6614
-322.294   44.162       1.9509
-322.294   47.667       1.9266
-322.294   51.172       1.9266
-322.294   54.677       0.9865
-322.294   58.182       0.4820
-322.294   61.687       0.2662
-322.294   65.192       0.3074
-322.294   68.698       0.3398
-322.294   72.203       0.4695
-322.294   75.708       0.9168
-322.294   79.213       1.3569
-322.294   82.718       1.6614
-322.294   86.223       2.0596
-322.294   89.728       1.7983
-322.294   93.233       2.2311
-322.294   96.738       2.6058
-322.294  100.243       4.2587
-322.294  103.749       4.2587
-322.294  107.254       4.2587
-322.294  110.759       4.2587
-322.294  114.264       4.2587
-322.294  117.769       4.2587
-322.294  121.274       4.2587
-322.294  124.779       4.2587
-322.294  128.284       4.2587
-322.294  131.789       4.2587
-322.294  135.295       4.2587
-322.294  138.800       4.2587
-322.294  142.305       4.2587
-322.294  145.810       4.2587
-322.294  149.315       4.2587
-322.294  152.820       4.2587
-322.294  156.325       4.2587
-322.294  159.830       4.2587
-322.294  163.335       4.2587
-322.294  166.841       4.2587
-322.294  170.346       4.2587
-322.294  173.851       4.2587
-322.294  177.356       4.2587
-322.294  180.861       4.2587
-322.294  184.366       4.2587
-322.294  187.871       4.2587
-322.294  191.376       4.2587
-322.294  194.881       4.2587
-322.294  198.387       4.2587
-322.294  201.892       4.2587
-322.294  205.397       4.2587
-322.294  208.902       4.2587
-322.294  212.407       4.2587
-322.294  215.912       4.2587
-322.294  219.417       4.2587
-322.294  222.922       4.2587
-322.294  226.427       4.2587
-322.294  229.933       4.2587
-322.294  233.438       4.2587
-322.294  236.943       4.2587
-322.294  240.448       4.2587
-317.191 -106.558       4.2587
-317.191 -103.053       4.2587
-317.191  -99.548       4.2587
-317.191  -96.043       4.2587
-317.191  -92.538       4.2587
-317.191  -89.032       4.2587
-317.191  -85.527       4.2587
-317.191  -82.022       4.2587
-317.191  -78.517       4.2587
-317.191  -75.012       4.2587
-317.191  -71.507       4.2587
-317.191  -68.002       4.2587
-317.191  -64.497       4.2587
-317.191  -60.992       4.2587
-317.191  -57.486       4.2587
-317.191  -53.981       4.2587
-317.191  -50.476       4.2587
-317.191  -46.971       4.2587
-317.191  -43.466       4.2587
-317.191  -39.961       4.2587
-317.191  -36.456       4.2587
-317.191  -32.951       4.2587
-317.191  -29.446       4.2587
-317.191  -25.940       4.2587
-317.191  -22.435       4.2587
-317.191  -18.930       4.2587
-317.191  -15.425       4.2587
-317.191  -11.920       4.2587
-317.191   -8.415       4.2587
-317.191   -4.910       4.2587
-317.191   -1.405       3.8455
-317.191    2.100       3.8455
-317.191    5.606       2.1926
-317.191    9.111       2.2311
-317.191   12.616       2.2722
-317.191   16.121       1.9032
-317.191   19.626       2.2311
-317.191   23.131       1.9509
-317.191   26.636       1.5895
-317.191   30.141       1.4674
-317.191   33.646       1.1900
-317.191   37.152       1.1629
-317.191   40.657       1.1831
-317.191   44.162       1.7260
-317.191   47.667       2.0305
-317.191   51.172       2.1224
-317.191   54.677       1.8807
-317.191   58.182       1.6769
-317.191   61.687       1.4352
-317.191   65.192       0.9529
-317.191   68.698       0.6780
-317.191   72.203       0.5282
-317.191   75.708       0.6809
-317.191   79.213       1.0014
-317.191   82.718       0.7768
-317.191   86.223       0.6382
-317.191   89.728       0.6088
-317.191   93.233       0.6114
-317.191   96.738       0.8624
-317.191  100.243       1.6316
-317.191  103.749       3.0191
-317.191  107.254       4.2587
-317.191  110.759       4.2587
-317.191  114.264       4.2587
-317.191  117.769       4.2587
-317.191  121.274       4.2587
-317.191  124.779       4.2587
-317.191  128.284       4.2587
-317.191  131.789       4.2587
-317.191  135.295       4.2587
-317.191  138.800       4.2587
-317.191  142.305       4.2587
-317.191  145.810       4.2587
-317.191  149.315       4.2587
-317.191  152.820       4.2587
-317.191  156.325       4.2587
-317.191  159.830       4.2587
-317.191  163.335       4.2587
-317.191  166.841       4.2587
-317.191  170.346       4.2587
-317.191  173.851       4.2587
-317.191  177.356       4.2587
-317.191  180.861       4.2587
-317.191  184.366       4.2587
-317.191  187.871       4.2587
-317.191  191.376       4.2587
-317.191  194.881       4.2587
-317.191  198.387       4.2587
-317.191  201.892       4.2587
-317.191  205.397       4.2587
-317.191  208.902       4.2587
-317.191  212.407       4.2587
-317.191  215.912       4.2587
-317.191  219.417       4.2587
-317.191  222.922       4.2587
-317.191  226.427       4.2587
-317.191  229.933       4.2587
-317.191  233.438       4.2587
-317.191  236.943       4.2587
-317.191  240.448       4.2587
-312.089 -106.558       4.2587
-312.089 -103.053       4.2587
-312.089  -99.548       4.2587
-312.089  -96.043       4.2587
-312.089  -92.538       4.2587
-312.089  -89.032       4.2587
-312.089  -85.527       4.2587
-312.089  -82.022       4.2587
-312.089  -78.517       4.2587
-312.089  -75.012       4.2587
-312.089  -71.507       4.2587
-312.089  -68.002       4.2587
-312.089  -64.497       4.2587
-312.089  -60.992       4.2587
-312.089  -57.486       4.2587
-312.089  -53.981       4.2587
-312.089  -50.476       4.2587
-312.089  -46.971       4.2587
-312.089  -43.466       4.2587
-312.089  -39.961       4.2587
-312.089  -36.456       4.2587
-312.089  -32.951       4.2587
-312.089  -29.446       4.2587
-312.089  -25.940       4.2587
-312.089  -22.435       4.2587
-312.089  -18.930       4.2587
-312.089  -15.425       4.2587
-312.089  -11.920       4.2587
-312.089   -8.415       4.2587
-312.089   -4.910       4.2587
-312.089   -1.405       4.2587
-312.089    2.100       3.0191
-312.089    5.606       2.6058
-312.089    9.111       2.0902
-312.089   12.616       2.0305
-312.089   16.121       2.3641
-312.089   19.626       2.4728
-312.089   23.131       2.0028
-312.089   26.636       1.7983
-312.089   30.141       1.5377
-312.089   33.646       1.4899
-312.089   37.152       1.6464
-312.089   40.657       1.5761
-312.089   44.162       1.5015
-312.089   47.667       1.5761
-312.089   51.172       1.6032
-312.089   54.677       1.5377
-312.089   58.182       1.9509
-312.089   61.687       2.5356
-312.089   65.192       2.1224
-312.089   68.698       2.0596
-312.089   72.203       2.6058
-312.089   75.708       2.0902
-312.089   79.213       2.6854
-312.089   82.718       1.6464
-312.089   86.223       1.2877
-312.089   89.728       0.6899
-312.089   93.233       0.5191
-312.089   96.738       0.6578
-312.089  100.243       0.7530
-312.089  103.749       0.9437
-312.089  107.254       1.4147
-312.089  110.759       2.3641
-312.089  114.264       3.4323
-312.089  117.769       3.1906
-312.089  121.274       3.1906
-312.089  124.779       3.1906
-312.089  128.284       2.6854
-312.089  131.789       3.0191
-312.089  135.295       3.8455
-312.089  138.800       3.8455
-312.089  142.305       4.2587
-312.089  145.810       4.2587
-312.089  149.315       4.2587
-312.089  152.820       4.2587
-312.089  156.325       4.2587
-312.089  159.830       3.8455
-312.089  163.335       3.1906
-312.089  166.841       4.2587
-312.089  170.346       4.2587
-312.089  173.851       4.2587
-312.089  177.356       4.2587
-312.089  180.861       4.2587
-312.089  184.366       4.2587
-312.089  187.871       4.2587
-312.089  191.376       4.2587
-312.089  194.881       4.2587
-312.089  198.387       4.2587
-312.089  201.892       4.2587
-312.089  205.397       4.2587
-312.089  208.902       4.2587
-312.089  212.407       4.2587
-312.089  215.912       4.2587
-312.089  219.417       4.2587
-312.089  222.922       4.2587
-312.089  226.427       4.2587
-312.089  229.933       4.2587
-312.089  233.438       4.2587
-312.089  236.943       4.2587
-312.089  240.448       4.2587
-306.986 -106.558       4.2587
-306.986 -103.053       4.2587
-306.986  -99.548       4.2587
-306.986  -96.043       4.2587
-306.986  -92.538       4.2587
-306.986  -89.032       4.2587
-306.986  -85.527       4.2587
-306.986  -82.022       4.2587
-306.986  -78.517       4.2587
-306.986  -75.012       4.2587
-306.986  -71.507       4.2587
-306.986  -68.002       4.2587
-306.986  -64.497       4.2587
-306.986  -60.992       4.2587
-306.986  -57.486       4.2587
-306.986  -53.981       4.2587
-306.986  -50.476       4.2587
-306.986  -46.971       4.2587
-306.986  -43.466       4.2587
-306.986  -39.961       4.2587
-306.986  -36.456       4.2587
-306.986  -32.951       4.2587
-306.986  -29.446       4.2587
-306.986  -25.940       4.2587
-306.986  -22.435       4.2587
-306.986  -18.930       4.2587
-306.986  -15.425       4.2587
-306.986  -11.920       4.2587
-306.986   -8.415       4.2587
-306.986   -4.910       3.8455
-306.986   -1.405       4.2587
-306.986    2.100       3.1906
-306.986    5.606       2.1926
-306.986    9.111       2.3164
-306.986   12.616       2.3641
-306.986   16.121       3.1906
-306.986   19.626       2.7773
-306.986   23.131       2.6854
-306.986   26.636       2.7773
-306.986   30.141       2.5356
-306.986   33.646       2.8860
-306.986   37.152       2.5356
-306.986   40.657       2.1565
-306.986   44.162       2.5356
-306.986   47.667       1.9266
-306.986   51.172       1.6032
-306.986   54.677       1.3948
-306.986   58.182       1.4565
-306.986   61.687       1.8807
-306.986   65.192       1.5254
-306.986   68.698       1.6173
-306.986   72.203       1.9032
-306.986   75.708       2.1926
-306.986   79.213       2.4160
-306.986   82.718       1.9032
-306.986   86.223       1.8179
-306.986   89.728       1.4565
-306.986   93.233       1.0825
-306.986   96.738       1.4248
-306.986  100.243       1.1970
-306.986  103.749       0.7768
-306.986  107.254       0.7944
-306.986  110.759       0.9124
-306.986  114.264       0.8995
-306.986  117.769       1.2482
-306.986  121.274       1.7610
-306.986  124.779       2.3641
-306.986  128.284       2.0596
-306.986  131.789       2.0305
-306.986  135.295       2.2722
-306.986  138.800       3.4323
-306.986  142.305       3.8455
-306.986  145.810       4.2587
-306.986  149.315       3.4323
-306.986  152.820       2.7773
-306.986  156.325       2.4728
-306.986  159.830       2.8860
-306.986  163.335       2.4160
-306.986  166.841       2.1926
-306.986  170.346       2.6854
-306.986  173.851       2.6854
-306.986  177.356       3.0191
-306.986  180.861       3.0191
-306.986  184.366       3.4323
-306.986  187.871       4.2587
-306.986  191.376       4.2587
-306.986  194.881       4.2587
-306.986  198.387       4.2587
-306.986  201.892       4.2587
-306.986  205.397       4.2587
-306.986  208.902       4.2587
-306.986  212.407       4.2587
-306.986  215.912       4.2587
-306.986  219.417       4.2587
-306.986  222.922       4.2587
-306.986  226.427       4.2587
-306.986  229.933       4.2587
-306.986  233.438       4.2587
-306.986  236.943       4.2587
-306.986  240.448       4.2587
-301.884 -106.558       4.2587
-301.884 -103.053       4.2587
-301.884  -99.548       4.2587
-301.884  -96.043       4.2587
-301.884  -92.538       4.2587
-301.884  -89.032       4.2587
-301.884  -85.527       4.2587
-301.884  -82.022       4.2587
-301.884  -78.517       4.2587
-301.884  -75.012       4.2587
-301.884  -71.507       4.2587
-301.884  -68.002       4.2587
-301.884  -64.497       4.2587
-301.884  -60.992       4.2587
-301.884  -57.486       4.2587
-301.884  -53.981       4.2587
-301.884  -50.476       4.2587
-301.884  -46.971       4.2587
-301.884  -43.466       4.2587
-301.884  -39.961       4.2587
-301.884  -36.456       4.2587
-301.884  -32.951       4.2587
-301.884  -29.446       4.2587
-301.884  -25.940       4.2587
-301.884  -22.435       4.2587
-301.884  -18.930       4.2587
-301.884  -15.425       4.2587
-301.884  -11.920       4.2587
-301.884   -8.415       3.8455
-301.884   -4.910       2.7773
-301.884   -1.405       2.8860
-301.884    2.100       2.3641
-301.884    5.606       2.3164
-301.884    9.111       2.2311
-301.884   12.616       2.1926
-301.884   16.121       2.2722
-301.884   19.626       2.4160
-301.884   23.131       2.3641
-301.884   26.636       2.4728
-301.884   30.141       2.6854
-301.884   33.646       2.3164
-301.884   37.152       2.2722
-301.884   40.657       2.1926
-301.884   44.162       1.9266
-301.884   47.667       1.4147
-301.884   51.172       1.2482
-301.884   54.677       1.3569
-301.884   58.182       1.3213
-301.884   61.687       1.3300
-301.884   65.192       1.1900
-301.884   68.698       1.4899
-301.884   72.203       1.4248
-301.884   75.708       1.2796
-301.884   79.213       1.5630
-301.884   82.718       1.6928
-301.884   86.223       1.6173
-301.884   89.728       1.6032
-301.884   93.233       1.6032
-301.884   96.738       1.2112
-301.884  100.243       1.3127
-301.884  103.749       1.3388
-301.884  107.254       1.3851
-301.884  110.759       0.9964
-301.884  114.264       0.7333
-301.884  117.769       0.5124
-301.884  121.274       0.6606
-301.884  124.779       1.0272
-301.884  128.284       1.6928
-301.884  131.789       1.9509
-301.884  135.295       3.0191
-301.884  138.800       3.1906
-301.884  142.305       2.3641
-301.884  145.810       2.2311
-301.884  149.315       1.7983
-301.884  152.820       2.0305
-301.884  156.325       2.2311
-301.884  159.830       2.5356
-301.884  163.335       2.2311
-301.884  166.841       2.2722
-301.884  170.346       2.4160
-301.884  173.851       2.6854
-301.884  177.356       3.0191
-301.884  180.861       2.6854
-301.884  184.366       2.8860
-301.884  187.871       2.7773
-301.884  191.376       3.8455
-301.884  194.881       4.2587
-301.884  198.387       4.2587
-301.884  201.892       4.2587
-301.884  205.397       4.2587
-301.884  208.902       4.2587
-301.884  212.407       4.2587
-301.884  215.912       4.2587
-301.884  219.417       4.2587
-301.884  222.922       4.2587
-301.884  226.427       4.2587
-301.884  229.933       4.2587
-301.884  233.438       4.2587
-301.884  236.943       4.2587
-301.884  240.448       4.2587
-296.781 -106.558       4.2587
-296.781 -103.053       4.2587
-296.781  -99.548       4.2587
-296.781  -96.043       4.2587
-296.781  -92.538       4.2587
-296.781  -89.032       4.2587
-296.781  -85.527       4.2587
-296.781  -82.022       4.2587
-296.781  -78.517       4.2587
-296.781  -75.012       4.2587
-296.781  -71.507       4.2587
-296.781  -68.002       4.2587
-296.781  -64.497       4.2587
-296.781  -60.992       4.2587
-296.781  -57.486       4.2587
-296.781  -53.981       4.2587
-296.781  -50.476       4.2587
-296.781  -46.971       4.2587
-296.781  -43.466       4.2587
-296.781  -39.961       4.2587
-296.781  -36.456       4.2587
-296.781  -32.951       4.2587
-296.781  -29.446       4.2587
-296.781  -25.940       4.2587
-296.781  -22.435       4.2587
-296.781  -18.930       4.2587
-296.781  -15.425       4.2587
-296.781  -11.920       2.7773
-296.781   -8.415       2.3641
-296.781   -4.910       2.5356
-296.781   -1.405       2.0028
-296.781    2.100       1.9509
-296.781    5.606       2.5356
-296.781    9.111       2.0902
-296.781   12.616       2.6058
-296.781   16.121       1.9032
-296.781   19.626       1.3851
-296.781   23.131       1.3948
-296.781   26.636       1.7432
-296.781   30.141       1.7432
-296.781   33.646       2.0902
-296.781   37.152       2.0596
-296.781   40.657       1.7983
-296.781   44.162       1.5133
-296.781   47.667       1.2637
-296.781   51.172       1.2559
-296.781   54.677       1.4248
-296.781   58.182       1.7610
-296.781   61.687       1.6769
-296.781   65.192       1.6614
-296.781   68.698       1.6928
-296.781   72.203       1.4046
-296.781   75.708       1.6614
-296.781   79.213       1.4352
-296.781   82.718       1.8590
-296.781   86.223       1.9763
-296.781   89.728       1.3478
-296.781   93.233       1.1498
-296.781   96.738       1.1970
-296.781  100.243       1.3127
-296.781  103.749       1.6769
-296.781  107.254       1.7610
-296.781  110.759       1.6464
-296.781  114.264       1.4147
-296.781  117.769       1.0379
-296.781  121.274       1.0433
-296.781  124.779       1.0325
-296.781  128.284       1.5377
-296.781  131.789       3.8455
-296.781  135.295       4.2587
-296.781  138.800       3.8455
-296.781  142.305       2.8860
-296.781  145.810       2.3641
-296.781  149.315       2.0028
-296.781  152.820       2.3641
-296.781  156.325       2.8860
-296.781  159.830       2.1926
-296.781  163.335       2.0596
-296.781  166.841       2.5356
-296.781  170.346       3.1906
-296.781  173.851       3.1906
-296.781  177.356       2.5356
-296.781  180.861       2.6058
-296.781  184.366       2.3164
-296.781  187.871       2.0596
-296.781  191.376       2.6854
-296.781  194.881       3.8455
-296.781  198.387       4.2587
-296.781  201.892       4.2587
-296.781  205.397       4.2587
-296.781  208.902       4.2587
-296.781  212.407       4.2587
-296.781  215.912       4.2587
-296.781  219.417       4.2587
-296.781  222.922       4.2587
-296.781  226.427       4.2587
-296.781  229.933       4.2587
-296.781  233.438       4.2587
-296.781  236.943       4.2587
-296.781  240.448       4.2587
-291.679 -106.558       4.2587
-291.679 -103.053       4.2587
-291.679  -99.548       4.2587
-291.679  -96.043       4.2587
-291.679  -92.538       4.2587
-291.679  -89.032       4.2587
-291.679  -85.527       4.2587
-291.679  -82.022       4.2587
-291.679  -78.517       4.2587
-291.679  -75.012       4.2587
-291.679  -71.507       4.2587
-291.679  -68.002       4.2587
-291.679  -64.497       4.2587
-291.679  -60.992       4.2587
-291.679  -57.486       4.2587
-291.679  -53.981       4.2587
-291.679  -50.476       4.2587
-291.679  -46.971       4.2587
-291.679  -43.466       4.2587
-291.679  -39.961       4.2587
-291.679  -36.456       4.2587
-291.679  -32.951       3.4323
-291.679  -29.446       3.4323
-291.679  -25.940       4.2587
-291.679  -22.435       4.2587
-291.679  -18.930       3.4323
-291.679  -15.425       2.7773
-291.679  -11.920       2.4728
-291.679   -8.415       2.7773
-291.679   -4.910       2.3164
-291.679   -1.405       2.1224
-291.679    2.100       2.8860
-291.679    5.606       3.8455
-291.679    9.111       2.6058
-291.679   12.616       3.4323
-291.679   16.121       1.7610
-291.679   19.626       1.5015
-291.679   23.131       1.5630
-291.679   26.636       1.5377
-291.679   30.141       1.4899
-291.679   33.646       1.2331
-291.679   37.152       1.0325
-291.679   40.657       1.0825
-291.679   44.162       1.1434
-291.679   47.667       1.1121
-291.679   51.172       1.2112
-291.679   54.677       1.5254
-291.679   58.182       1.7794
-291.679   61.687       1.8381
-291.679   65.192       1.9266
-291.679   68.698       1.7983
-291.679   72.203       1.7610
-291.679   75.708       1.5761
-291.679   79.213       1.8807
-291.679   82.718       1.9763
-291.679   86.223       2.3641
-291.679   89.728       2.8860
-291.679   93.233       2.0305
-291.679   96.738       1.7610
-291.679  100.243       1.9032
-291.679  103.749       1.9509
-291.679  107.254       1.8807
-291.679  110.759       1.7260
-291.679  114.264       1.3948
-291.679  117.769       1.7092
-291.679  121.274       1.7432
-291.679  124.779       2.0305
-291.679  128.284       2.0305
-291.679  131.789       2.7773
-291.679  135.295       4.2587
-291.679  138.800       4.2587
-291.679  142.305       3.8455
-291.679  145.810       3.1906
-291.679  149.315       4.2587
-291.679  152.820       4.2587
-291.679  156.325       3.4323
-291.679  159.830       2.5356
-291.679  163.335       2.3164
-291.679  166.841       3.1906
-291.679  170.346       3.1906
-291.679  173.851       2.4728
-291.679  177.356       2.1224
-291.679  180.861       2.3164
-291.679  184.366       2.1224
-291.679  187.871       1.9266
-291.679  191.376       1.9266
-291.679  194.881       2.1926
-291.679  198.387       3.1906
-291.679  201.892       4.2587
-291.679  205.397       4.2587
-291.679  208.902       4.2587
-291.679  212.407       4.2587
-291.679  215.912       4.2587
-291.679  219.417       4.2587
-291.679  222.922       4.2587
-291.679  226.427       4.2587
-291.679  229.933       4.2587
-291.679  233.438       4.2587
-291.679  236.943       4.2587
-291.679  240.448       4.2587
-286.576 -106.558       4.2587
-286.576 -103.053       4.2587
-286.576  -99.548       4.2587
-286.576  -96.043       4.2587
-286.576  -92.538       4.2587
-286.576  -89.032       4.2587
-286.576  -85.527       4.2587
-286.576  -82.022       4.2587
-286.576  -78.517       4.2587
-286.576  -75.012       4.2587
-286.576  -71.507       4.2587
-286.576  -68.002       4.2587
-286.576  -64.497       4.2587
-286.576  -60.992       4.2587
-286.576  -57.486       4.2587
-286.576  -53.981       4.2587
-286.576  -50.476       4.2587
-286.576  -46.971       4.2587
-286.576  -43.466       4.2587
-286.576  -39.961       4.2587
-286.576  -36.456       4.2587
-286.576  -32.951       2.8860
-286.576  -29.446       2.5356
-286.576  -25.940       3.0191
-286.576  -22.435       2.8860
-286.576  -18.930       2.3641
-286.576  -15.425       2.3641
-286.576  -11.920       2.8860
-286.576   -8.415       4.2587
-286.576   -4.910       3.0191
-286.576   -1.405       3.0191
-286.576    2.100       2.5356
-286.576    5.606       3.4323
-286.576    9.111       4.2587
-286.576   12.616       2.2311
-286.576   16.121       2.1926
-286.576   19.626       1.9763
-286.576   23.131       1.6769
-286.576   26.636       1.3478
-286.576   30.141       1.3388
-286.576   33.646       1.1434
-286.576   37.152       0.9346
-286.576   40.657       0.9767
-286.576   44.162       1.0220
-286.576   47.667       1.0767
-286.576   51.172       1.2257
-286.576   54.677       1.2040
-286.576   58.182       1.6614
-286.576   61.687       1.6614
-286.576   65.192       1.6614
-286.576   68.698       2.0596
-286.576   72.203       1.8381
-286.576   75.708       1.5502
-286.576   79.213       1.6173
-286.576   82.718       1.7260
-286.576   86.223       1.7432
-286.576   89.728       1.8381
-286.576   93.233       2.0305
-286.576   96.738       2.0596
-286.576  100.243       2.1565
-286.576  103.749       2.7773
-286.576  107.254       2.5356
-286.576  110.759       2.1224
-286.576  114.264       2.3164
-286.576  117.769       2.4728
-286.576  121.274       2.4160
-286.576  124.779       2.8860
-286.576  128.284       1.9763
-286.576  131.789       3.1906
-286.576  135.295       4.2587
-286.576  138.800       4.2587
-286.576  142.305       4.2587
-286.576  145.810       4.2587
-286.576  149.315       4.2587
-286.576  152.820       4.2587
-286.576  156.325       4.2587
-286.576  159.830       4.2587
-286.576  163.335       3.1906
-286.576  166.841       4.2587
-286.576  170.346       3.8455
-286.576  173.851       3.4323
-286.576  177.356       2.3641
-286.576  180.861       3.1906
-286.576  184.366       3.4323
-286.576  187.871       2.6058
-286.576  191.376       2.0028
-286.576  194.881       1.8590
-286.576  198.387       2.1565
-286.576  201.892       2.3164
-286.576  205.397       4.2587
-286.576  208.902       4.2587
-286.576  212.407       4.2587
-286.576  215.912       4.2587
-286.576  219.417       4.2587
-286.576  222.922       4.2587
-286.576  226.427       4.2587
-286.576  229.933       4.2587
-286.576  233.438       4.2587
-286.576  236.943       4.2587
-286.576  240.448       4.2587
-281.473 -106.558       4.2587
-281.473 -103.053       4.2587
-281.473  -99.548       4.2587
-281.473  -96.043       4.2587
-281.473  -92.538       4.2587
-281.473  -89.032       4.2587
-281.473  -85.527       4.2587
-281.473  -82.022       4.2587
-281.473  -78.517       4.2587
-281.473  -75.012       4.2587
-281.473  -71.507       4.2587
-281.473  -68.002       4.2587
-281.473  -64.497       4.2587
-281.473  -60.992       4.2587
-281.473  -57.486       3.8455
-281.473  -53.981       2.5356
-281.473  -50.476       2.5356
-281.473  -46.971       4.2587
-281.473  -43.466       2.7773
-281.473  -39.961       2.8860
-281.473  -36.456       4.2587
-281.473  -32.951       2.8860
-281.473  -29.446       2.2722
-281.473  -25.940       1.9032
-281.473  -22.435       1.9763
-281.473  -18.930       2.2722
-281.473  -15.425       3.0191
-281.473  -11.920       4.2587
-281.473   -8.415       4.2587
-281.473   -4.910       4.2587
-281.473   -1.405       3.1906
-281.473    2.100       2.5356
-281.473    5.606       1.8807
-281.473    9.111       2.0596
-281.473   12.616       1.9763
-281.473   16.121       1.4899
-281.473   19.626       1.5133
-281.473   23.131       1.7983
-281.473   26.636       1.7794
-281.473   30.141       1.3948
-281.473   33.646       1.2406
-281.473   37.152       1.0883
-281.473   40.657       0.9964
-281.473   44.162       1.1970
-281.473   47.667       1.6173
-281.473   51.172       2.0596
-281.473   54.677       1.7794
-281.473   58.182       1.5015
-281.473   61.687       1.7092
-281.473   65.192       1.4786
-281.473   68.698       1.6032
-281.473   72.203       1.6614
-281.473   75.708       1.7983
-281.473   79.213       1.5254
-281.473   82.718       1.4899
-281.473   86.223       1.5133
-281.473   89.728       1.6032
-281.473   93.233       2.0305
-281.473   96.738       2.1926
-281.473  100.243       3.8455
-281.473  103.749       3.4323
-281.473  107.254       2.5356
-281.473  110.759       4.2587
-281.473  114.264       3.0191
-281.473  117.769       2.6058
-281.473  121.274       2.5356
-281.473  124.779       3.8455
-281.473  128.284       4.2587
-281.473  131.789       4.2587
-281.473  135.295       4.2587
-281.473  138.800       4.2587
-281.473  142.305       4.2587
-281.473  145.810       4.2587
-281.473  149.315       4.2587
-281.473  152.820       4.2587
-281.473  156.325       4.2587
-281.473  159.830       3.8455
-281.473  163.335       3.4323
-281.473  166.841       3.8455
-281.473  170.346       2.6854
-281.473  173.851       2.8860
-281.473  177.356       3.1906
-281.473  180.861       2.7773
-281.473  184.366       2.1565
-281.473  187.871       2.6854
-281.473  191.376       2.8860
-281.473  194.881       2.2311
-281.473  198.387       2.6854
-281.473  201.892       2.3641
-281.473  205.397       3.4323
-281.473  208.902       4.2587
-281.473  212.407       4.2587
-281.473  215.912       4.2587
-281.473  219.417       4.2587
-281.473  222.922       4.2587
-281.473  226.427       4.2587
-281.473  229.933       4.2587
-281.473  233.438       4.2587
-281.473  236.943       4.2587
-281.473  240.448       4.2587
-276.371 -106.558       4.2587
-276.371 -103.053       4.2587
-276.371  -99.548       4.2587
-276.371  -96.043       4.2587
-276.371  -92.538       4.2587
-276.371  -89.032       4.2587
-276.371  -85.527       4.2587
-276.371  -82.022       4.2587
-276.371  -78.517       4.2587
-276.371  -75.012       4.2587
-276.371  -71.507       4.2587
-276.371  -68.002       4.2587
-276.371  -64.497       4.2587
-276.371  -60.992       3.1906
-276.371  -57.486       2.2722
-276.371  -53.981       2.0028
-276.371  -50.476       2.0305
-276.371  -46.971       2.1926
-276.371  -43.466       2.0902
-276.371  -39.961       2.6854
-276.371  -36.456       3.1906
-276.371  -32.951       2.7773
-276.371  -29.446       2.2722
-276.371  -25.940       2.2722
-276.371  -22.435       2.3641
-276.371  -18.930       3.4323
-276.371  -15.425       4.2587
-276.371  -11.920       4.2587
-276.371   -8.415       4.2587
-276.371   -4.910       4.2587
-276.371   -1.405       4.2587
-276.371    2.100       2.8860
-276.371    5.606       2.4728
-276.371    9.111       2.0028
-276.371   12.616       1.7983
-276.371   16.121       1.3755
-276.371   19.626       1.2877
-276.371   23.131       1.2637
-276.371   26.636       1.0116
-276.371   30.141       1.1244
-276.371   33.646       1.2637
-276.371   37.152       1.1970
-276.371   40.657       1.3948
-276.371   44.162       1.6464
-276.371   47.667       1.9032
-276.371   51.172       2.2311
-276.371   54.677       2.2722
-276.371   58.182       2.1224
-276.371   61.687       1.9509
-276.371   65.192       1.8179
-276.371   68.698       1.6614
-276.371   72.203       1.6464
-276.371   75.708       1.4248
-276.371   79.213       1.5133
-276.371   82.718       1.3569
-276.371   86.223       1.5502
-276.371   89.728       2.1926
-276.371   93.233       2.4728
-276.371   96.738       2.6058
-276.371  100.243       3.0191
-276.371  103.749       2.7773
-276.371  107.254       2.5356
-276.371  110.759       2.4160
-276.371  114.264       1.8807
-276.371  117.769       2.3641
-276.371  121.274       2.2722
-276.371  124.779       3.1906
-276.371  128.284       3.0191
-276.371  131.789       4.2587
-276.371  135.295       4.2587
-276.371  138.800       4.2587
-276.371  142.305       4.2587
-276.371  145.810       4.2587
-276.371  149.315       4.2587
-276.371  152.820       4.2587
-276.371  156.325       4.2587
-276.371  159.830       3.8455
-276.371  163.335       3.4323
-276.371  166.841       2.6854
-276.371  170.346       1.8179
-276.371  173.851       1.7794
-276.371  177.356       2.2311
-276.371  180.861       2.4728
-276.371  184.366       2.6058
-276.371  187.871       2.1224
-276.371  191.376       2.3164
-276.371  194.881       4.2587
-276.371  198.387       4.2587
-276.371  201.892       3.4323
-276.371  205.397       3.8455
-276.371  208.902       3.1906
-276.371  212.407       3.8455
-276.371  215.912       4.2587
-276.371  219.417       4.2587
-276.371  222.922       4.2587
-276.371  226.427       4.2587
-276.371  229.933       4.2587
-276.371  233.438       4.2587
-276.371  236.943       4.2587
-276.371  240.448       4.2587
-271.268 -106.558       4.2587
-271.268 -103.053       4.2587
-271.268  -99.548       4.2587
-271.268  -96.043       4.2587
-271.268  -92.538       4.2587
-271.268  -89.032       4.2587
-271.268  -85.527       4.2587
-271.268  -82.022       4.2587
-271.268  -78.517       4.2587
-271.268  -75.012       4.2587
-271.268  -71.507       4.2587
-271.268  -68.002       4.2587
-271.268  -64.497       2.6854
-271.268  -60.992       2.2722
-271.268  -57.486       2.8860
-271.268  -53.981       2.1565
-271.268  -50.476       2.7773
-271.268  -46.971       2.6854
-271.268  -43.466       3.4323
-271.268  -39.961       4.2587
-271.268  -36.456       3.8455
-271.268  -32.951       3.8455
-271.268  -29.446       3.8455
-271.268  -25.940       3.8455
-271.268  -22.435       4.2587
-271.268  -18.930       4.2587
-271.268  -15.425       4.2587
-271.268  -11.920       4.2587
-271.268   -8.415       4.2587
-271.268   -4.910       4.2587
-271.268   -1.405       2.6854
-271.268    2.100       3.8455
-271.268    5.606       2.5356
-271.268    9.111       2.1565
-271.268   12.616       1.5895
-271.268   16.121       1.4248
-271.268   19.626       1.2959
-271.268   23.131       1.4046
-271.268   26.636       1.2716
-271.268   30.141       1.3569
-271.268   33.646       1.7610
-271.268   37.152       1.5761
-271.268   40.657       1.9266
-271.268   44.162       1.8590
-271.268   47.667       1.5630
-271.268   51.172       1.5015
-271.268   54.677       1.3388
-271.268   58.182       1.5630
-271.268   61.687       1.4458
-271.268   65.192       1.6928
-271.268   68.698       1.8179
-271.268   72.203       1.5630
-271.268   75.708       1.4899
-271.268   79.213       1.7610
-271.268   82.718       1.9763
-271.268   86.223       2.0028
-271.268   89.728       2.5356
-271.268   93.233       2.8860
-271.268   96.738       3.0191
-271.268  100.243       2.7773
-271.268  103.749       2.5356
-271.268  107.254       2.0596
-271.268  110.759       1.7983
-271.268  114.264       1.7432
-271.268  117.769       1.6173
-271.268  121.274       2.3164
-271.268  124.779       2.6058
-271.268  128.284       2.7773
-271.268  131.789       3.4323
-271.268  135.295       4.2587
-271.268  138.800       4.2587
-271.268  142.305       4.2587
-271.268  145.810       4.2587
-271.268  149.315       4.2587
-271.268  152.820       4.2587
-271.268  156.325       4.2587
-271.268  159.830       2.7773
-271.268  163.335       2.6058
-271.268  166.841       2.1224
-271.268  170.346       1.8807
-271.268  173.851       1.4565
-271.268  177.356       1.6464
-271.268  180.861       2.0028
-271.268  184.366       2.6854
-271.268  187.871       2.4728
-271.268  191.376       2.7773
-271.268  194.881       2.7773
-271.268  198.387       3.1906
-271.268  201.892       3.8455
-271.268  205.397       3.1906
-271.268  208.902       2.5356
-271.268  212.407       3.4323
-271.268  215.912       4.2587
-271.268  219.417       4.2587
-271.268  222.922       4.2587
-271.268  226.427       4.2587
-271.268  229.933       4.2587
-271.268  233.438       4.2587
-271.268  236.943       4.2587
-271.268  240.448       4.2587
-266.166 -106.558       4.2587
-266.166 -103.053       4.2587
-266.166  -99.548       4.2587
-266.166  -96.043       4.2587
-266.166  -92.538       4.2587
-266.166  -89.032       4.2587
-266.166  -85.527       4.2587
-266.166  -82.022       4.2587
-266.166  -78.517       4.2587
-266.166  -75.012       4.2587
-266.166  -71.507       4.2587
-266.166  -68.002       4.2587
-266.166  -64.497       3.0191
-266.166  -60.992       3.4323
-266.166  -57.486       3.1906
-266.166  -53.981       3.4323
-266.166  -50.476       3.0191
-266.166  -46.971       4.2587
-266.166  -43.466       4.2587
-266.166  -39.961       4.2587
-266.166  -36.456       4.2587
-266.166  -32.951       4.2587
-266.166  -29.446       4.2587
-266.166  -25.940       4.2587
-266.166  -22.435       4.2587
-266.166  -18.930       4.2587
-266.166  -15.425       4.2587
-266.166  -11.920       4.2587
-266.166   -8.415       3.8455
-266.166   -4.910       2.3164
-266.166   -1.405       2.0305
-266.166    2.100       1.9763
-266.166    5.606       1.6928
-266.166    9.111       1.5630
-266.166   12.616       1.4248
-266.166   16.121       1.4565
-266.166   19.626       1.3851
-266.166   23.131       1.5761
-266.166   26.636       1.4458
-266.166   30.141       1.5133
-266.166   33.646       1.7092
-266.166   37.152       1.7610
-266.166   40.657       1.5377
-266.166   44.162       1.6464
-266.166   47.667       1.7092
-266.166   51.172       1.7610
-266.166   54.677       1.7983
-266.166   58.182       1.7610
-266.166   61.687       1.7260
-266.166   65.192       1.5761
-266.166   68.698       1.5133
-266.166   72.203       1.3388
-266.166   75.708       1.7260
-266.166   79.213       1.4458
-266.166   82.718       1.6316
-266.166   86.223       1.9032
-266.166   89.728       2.2311
-266.166   93.233       3.0191
-266.166   96.738       4.2587
-266.166  100.243       3.8455
-266.166  103.749       3.1906
-266.166  107.254       2.4160
-266.166  110.759       2.7773
-266.166  114.264       2.0028
-266.166  117.769       1.7092
-266.166  121.274       2.6058
-266.166  124.779       3.4323
-266.166  128.284       3.4323
-266.166  131.789       3.0191
-266.166  135.295       4.2587
-266.166  138.800       4.2587
-266.166  142.305       4.2587
-266.166  145.810       4.2587
-266.166  149.315       4.2587
-266.166  152.820       4.2587
-266.166  156.325       3.8455
-266.166  159.830       3.0191
-266.166  163.335       3.1906
-266.166  166.841       2.6058
-266.166  170.346       2.0902
-266.166  173.851       1.8381
-266.166  177.356       1.7983
-266.166  180.861       1.9032
-266.166  184.366       2.2311
-266.166  187.871       2.3164
-266.166  191.376       3.8455
-266.166  194.881       3.8455
-266.166  198.387       2.4160
-266.166  201.892       3.0191
-266.166  205.397       3.0191
-266.166  208.902       2.4728
-266.166  212.407       2.5356
-266.166  215.912       3.8455
-266.166  219.417       4.2587
-266.166  222.922       4.2587
-266.166  226.427       4.2587
-266.166  229.933       4.2587
-266.166  233.438       4.2587
-266.166  236.943       4.2587
-266.166  240.448       4.2587
-261.063 -106.558       4.2587
-261.063 -103.053       4.2587
-261.063  -99.548       4.2587
-261.063  -96.043       4.2587
-261.063  -92.538       4.2587
-261.063  -89.032       4.2587
-261.063  -85.527       4.2587
-261.063  -82.022       4.2587
-261.063  -78.517       4.2587
-261.063  -75.012       4.2587
-261.063  -71.507       4.2587
-261.063  -68.002       4.2587
-261.063  -64.497       4.2587
-261.063  -60.992       3.4323
-261.063  -57.486       2.6854
-261.063  -53.981       2.5356
-261.063  -50.476       3.1906
-261.063  -46.971       4.2587
-261.063  -43.466       4.2587
-261.063  -39.961       4.2587
-261.063  -36.456       4.2587
-261.063  -32.951       4.2587
-261.063  -29.446       4.2587
-261.063  -25.940       4.2587
-261.063  -22.435       4.2587
-261.063  -18.930       4.2587
-261.063  -15.425       4.2587
-261.063  -11.920       4.2587
-261.063   -8.415       2.6854
-261.063   -4.910       1.8590
-261.063   -1.405       1.6464
-261.063    2.100       1.8590
-261.063    5.606       1.6464
-261.063    9.111       1.6032
-261.063   12.616       1.5502
-261.063   16.121       1.3662
-261.063   19.626       1.2877
-261.063   23.131       1.1370
-261.063   26.636       1.3569
-261.063   30.141       1.8179
-261.063   33.646       2.0902
-261.063   37.152       1.6769
-261.063   40.657       1.9266
-261.063   44.162       1.9763
-261.063   47.667       2.2311
-261.063   51.172       2.0596
-261.063   54.677       2.6058
-261.063   58.182       2.1224
-261.063   61.687       2.5356
-261.063   65.192       1.8807
-261.063   68.698       1.5015
-261.063   72.203       1.6032
-261.063   75.708       1.4899
-261.063   79.213       1.5377
-261.063   82.718       1.7794
-261.063   86.223       2.1224
-261.063   89.728       2.4160
-261.063   93.233       3.8455
-261.063   96.738       4.2587
-261.063  100.243       4.2587
-261.063  103.749       3.1906
-261.063  107.254       3.0191
-261.063  110.759       3.4323
-261.063  114.264       2.8860
-261.063  117.769       2.4728
-261.063  121.274       2.8860
-261.063  124.779       2.7773
-261.063  128.284       3.8455
-261.063  131.789       4.2587
-261.063  135.295       4.2587
-261.063  138.800       4.2587
-261.063  142.305       4.2587
-261.063  145.810       4.2587
-261.063  149.315       4.2587
-261.063  152.820       4.2587
-261.063  156.325       3.8455
-261.063  159.830       2.4728
-261.063  163.335       2.6854
-261.063  166.841       2.8860
-261.063  170.346       3.0191
-261.063  173.851       2.0596
-261.063  177.356       1.6464
-261.063  180.861       1.8590
-261.063  184.366       1.7983
-261.063  187.871       2.2311
-261.063  191.376       3.1906
-261.063  194.881       3.4323
-261.063  198.387       3.4323
-261.063  201.892       2.4728
-261.063  205.397       2.0596
-261.063  208.902       2.0305
-261.063  212.407       2.1565
-261.063  215.912       3.0191
-261.063  219.417       3.8455
-261.063  222.922       3.8455
-261.063  226.427       4.2587
-261.063  229.933       4.2587
-261.063  233.438       4.2587
-261.063  236.943       4.2587
-261.063  240.448       4.2587
-255.960 -106.558       4.2587
-255.960 -103.053       4.2587
-255.960  -99.548       4.2587
-255.960  -96.043       4.2587
-255.960  -92.538       4.2587
-255.960  -89.032       4.2587
-255.960  -85.527       4.2587
-255.960  -82.022       4.2587
-255.960  -78.517       4.2587
-255.960  -75.012       4.2587
-255.960  -71.507       4.2587
-255.960  -68.002       4.2587
-255.960  -64.497       4.2587
-255.960  -60.992       4.2587
-255.960  -57.486       2.6058
-255.960  -53.981       1.9266
-255.960  -50.476       2.2311
-255.960  -46.971       4.2587
-255.960  -43.466       4.2587
-255.960  -39.961       4.2587
-255.960  -36.456       4.2587
-255.960  -32.951       4.2587
-255.960  -29.446       4.2587
-255.960  -25.940       4.2587
-255.960  -22.435       3.8455
-255.960  -18.930       3.8455
-255.960  -15.425       3.1906
-255.960  -11.920       2.8860
-255.960   -8.415       2.6058
-255.960   -4.910       2.1926
-255.960   -1.405       1.9266
-255.960    2.100       2.7773
-255.960    5.606       2.0028
-255.960    9.111       1.7794
-255.960   12.616       1.8807
-255.960   16.121       1.6173
-255.960   19.626       1.3755
-255.960   23.131       1.2716
-255.960   26.636       1.9032
-255.960   30.141       2.4728
-255.960   33.646       2.6058
-255.960   37.152       2.0596
-255.960   40.657       1.9509
-255.960   44.162       2.2722
-255.960   47.667       2.2311
-255.960   51.172       2.3164
-255.960   54.677       2.1926
-255.960   58.182       1.9763
-255.960   61.687       2.4160
-255.960   65.192       2.0596
-255.960   68.698       1.5377
-255.960   72.203       1.8381
-255.960   75.708       2.0902
-255.960   79.213       2.0028
-255.960   82.718       2.1565
-255.960   86.223       1.8179
-255.960   89.728       2.4728
-255.960   93.233       3.8455
-255.960   96.738       4.2587
-255.960  100.243       4.2587
-255.960  103.749       3.8455
-255.960  107.254       2.7773
-255.960  110.759       3.8455
-255.960  114.264       2.3641
-255.960  117.769       2.6058
-255.960  121.274       3.0191
-255.960  124.779       2.3641
-255.960  128.284       3.0191
-255.960  131.789       4.2587
-255.960  135.295       4.2587
-255.960  138.800       4.2587
-255.960  142.305       4.2587
-255.960  145.810       4.2587
-255.960  149.315       4.2587
-255.960  152.820       4.2587
-255.960  156.325       3.1906
-255.960  159.830       2.6854
-255.960  163.335       2.6058
-255.960  166.841       3.4323
-255.960  170.346       4.2587
-255.960  173.851       2.8860
-255.960  177.356       2.8860
-255.960  180.861       2.6854
-255.960  184.366       1.8179
-255.960  187.871       1.7794
-255.960  191.376       2.5356
-255.960  194.881       3.1906
-255.960  198.387       2.2722
-255.960  201.892       2.0902
-255.960  205.397       1.9763
-255.960  208.902       2.0305
-255.960  212.407       2.0305
-255.960  215.912       2.5356
-255.960  219.417       3.0191
-255.960  222.922       4.2587
-255.960  226.427       4.2587
-255.960  229.933       4.2587
-255.960  233.438       4.2587
-255.960  236.943       4.2587
-255.960  240.448       4.2587
-250.858 -106.558       4.2587
-250.858 -103.053       4.2587
-250.858  -99.548       4.2587
-250.858  -96.043       4.2587
-250.858  -92.538       4.2587
-250.858  -89.032       4.2587
-250.858  -85.527       4.2587
-250.858  -82.022       4.2587
-250.858  -78.517       4.2587
-250.858  -75.012       3.4323
-250.858  -71.507       2.8860
-250.858  -68.002       3.4323
-250.858  -64.497       3.8455
-250.858  -60.992       2.4728
-250.858  -57.486       2.2722
-250.858  -53.981       2.6854
-250.858  -50.476       4.2587
-250.858  -46.971       3.8455
-250.858  -43.466       4.2587
-250.858  -39.961       4.2587
-250.858  -36.456       4.2587
-250.858  -32.951       4.2587
-250.858  -29.446       4.2587
-250.858  -25.940       3.8455
-250.858  -22.435       2.8860
-250.858  -18.930       2.4160
-250.858  -15.425       2.4160
-250.858  -11.920       2.3641
-250.858   -8.415       2.6058
-250.858   -4.910       2.2311
-250.858   -1.405       3.8455
-250.858    2.100       3.0191
-250.858    5.606       2.7773
-250.858    9.111       2.2722
-250.858   12.616       2.1565
-250.858   16.121       1.7092
-250.858   19.626       1.8179
-250.858   23.131       1.8179
-250.858   26.636       1.9763
-250.858   30.141       2.3641
-250.858   33.646       2.4728
-250.858   37.152       2.5356
-250.858   40.657       1.9763
-250.858   44.162       2.0028
-250.858   47.667       2.0028
-250.858   51.172       2.2311
-250.858   54.677       1.9763
-250.858   58.182       1.6928
-250.858   61.687       1.5377
-250.858   65.192       1.4458
-250.858   68.698       1.7794
-250.858   72.203       2.0596
-250.858   75.708       1.8590
-250.858   79.213       1.8807
-250.858   82.718       1.9763
-250.858   86.223       2.5356
-250.858   89.728       2.6058
-250.858   93.233       3.4323
-250.858   96.738       3.4323
-250.858  100.243       4.2587
-250.858  103.749       4.2587
-250.858  107.254       3.8455
-250.858  110.759       2.7773
-250.858  114.264       2.2722
-250.858  117.769       3.0191
-250.858  121.274       2.7773
-250.858  124.779       3.1906
-250.858  128.284       4.2587
-250.858  131.789       3.4323
-250.858  135.295       3.8455
-250.858  138.800       3.8455
-250.858  142.305       4.2587
-250.858  145.810       4.2587
-250.858  149.315       4.2587
-250.858  152.820       4.2587
-250.858  156.325       3.4323
-250.858  159.830       2.6854
-250.858  163.335       2.8860
-250.858  166.841       3.4323
-250.858  170.346       4.2587
-250.858  173.851       4.2587
-250.858  177.356       4.2587
-250.858  180.861       4.2587
-250.858  184.366       2.4728
-250.858  187.871       2.0902
-250.858  191.376       1.8590
-250.858  194.881       2.1224
-250.858  198.387       2.2722
-250.858  201.892       2.1926
-250.858  205.397       2.6058
-250.858  208.902       2.2311
-250.858  212.407       2.1224
-250.858  215.912       1.8381
-250.858  219.417       2.2311
-250.858  222.922       2.6058
-250.858  226.427       3.8455
-250.858  229.933       4.2587
-250.858  233.438       4.2587
-250.858  236.943       4.2587
-250.858  240.448       4.2587
-245.755 -106.558       4.2587
-245.755 -103.053       4.2587
-245.755  -99.548       4.2587
-245.755  -96.043       4.2587
-245.755  -92.538       4.2587
-245.755  -89.032       4.2587
-245.755  -85.527       4.2587
-245.755  -82.022       3.4323
-245.755  -78.517       2.5356
-245.755  -75.012       2.7773
-245.755  -71.507       2.6058
-245.755  -68.002       2.6854
-245.755  -64.497       2.1565
-245.755  -60.992       2.4160
-245.755  -57.486       2.4728
-245.755  -53.981       2.8860
-245.755  -50.476       3.8455
-245.755  -46.971       3.8455
-245.755  -43.466       4.2587
-245.755  -39.961       4.2587
-245.755  -36.456       4.2587
-245.755  -32.951       3.1906
-245.755  -29.446       3.1906
-245.755  -25.940       2.7773
-245.755  -22.435       2.8860
-245.755  -18.930       2.3641
-245.755  -15.425       2.4728
-245.755  -11.920       3.4323
-245.755   -8.415       3.8455
-245.755   -4.910       4.2587
-245.755   -1.405       3.8455
-245.755    2.100       3.8455
-245.755    5.606       2.6854
-245.755    9.111       2.1565
-245.755   12.616       2.0305
-245.755   16.121       2.2311
-245.755   19.626       3.0191
-245.755   23.131       2.5356
-245.755   26.636       2.4728
-245.755   30.141       2.2311
-245.755   33.646       2.1224
-245.755   37.152       2.1565
-245.755   40.657       2.3641
-245.755   44.162       2.1565
-245.755   47.667       2.3641
-245.755   51.172       2.8860
-245.755   54.677       2.6854
-245.755   58.182       2.0596
-245.755   61.687       1.9509
-245.755   65.192       1.9509
-245.755   68.698       2.1565
-245.755   72.203       3.1906
-245.755   75.708       2.8860
-245.755   79.213       2.5356
-245.755   82.718       1.6464
-245.755   86.223       2.6058
-245.755   89.728       2.6854
-245.755   93.233       3.8455
-245.755   96.738       4.2587
-245.755  100.243       4.2587
-245.755  103.749       4.2587
-245.755  107.254       4.2587
-245.755  110.759       4.2587
-245.755  114.264       3.0191
-245.755  117.769       3.1906
-245.755  121.274       3.8455
-245.755  124.779       3.1906
-245.755  128.284       3.8455
-245.755  131.789       3.4323
-245.755  135.295       3.4323
-245.755  138.800       2.7773
-245.755  142.305       3.4323
-245.755  145.810       4.2587
-245.755  149.315       4.2587
-245.755  152.820       4.2587
-245.755  156.325       3.4323
-245.755  159.830       3.1906
-245.755  163.335       4.2587
-245.755  166.841       4.2587
-245.755  170.346       4.2587
-245.755  173.851       4.2587
-245.755  177.356       4.2587
-245.755  180.861       4.2587
-245.755  184.366       4.2587
-245.755  187.871       2.6854
-245.755  191.376       2.0028
-245.755  194.881       2.2722
-245.755  198.387       1.7610
-245.755  201.892       1.9509
-245.755  205.397       2.4160
-245.755  208.902       4.2587
-245.755  212.407       2.6058
-245.755  215.912       2.1926
-245.755  219.417       2.0028
-245.755  222.922       2.1926
-245.755  226.427       2.3164
-245.755  229.933       3.1906
-245.755  233.438       4.2587
-245.755  236.943       4.2587
-245.755  240.448       4.2587
-240.653 -106.558       4.2587
-240.653 -103.053       4.2587
-240.653  -99.548       4.2587
-240.653  -96.043       4.2587
-240.653  -92.538       3.8455
-240.653  -89.032       3.0191
-240.653  -85.527       2.6854
-240.653  -82.022       2.6058
-240.653  -78.517       2.2311
-240.653  -75.012       3.4323
-240.653  -71.507       4.2587
-240.653  -68.002       4.2587
-240.653  -64.497       4.2587
-240.653  -60.992       3.8455
-240.653  -57.486       3.0191
-240.653  -53.981       4.2587
-240.653  -50.476       3.8455
-240.653  -46.971       4.2587
-240.653  -43.466       3.4323
-240.653  -39.961       4.2587
-240.653  -36.456       4.2587
-240.653  -32.951       3.4323
-240.653  -29.446       2.6854
-240.653  -25.940       2.2722
-240.653  -22.435       2.4160
-240.653  -18.930       2.2722
-240.653  -15.425       3.0191
-240.653  -11.920       2.4160
-240.653   -8.415       4.2587
-240.653   -4.910       4.2587
-240.653   -1.405       3.8455
-240.653    2.100       2.8860
-240.653    5.606       2.4728
-240.653    9.111       2.2311
-240.653   12.616       2.6058
-240.653   16.121       3.1906
-240.653   19.626       3.0191
-240.653   23.131       3.1906
-240.653   26.636       3.8455
-240.653   30.141       3.8455
-240.653   33.646       2.6058
-240.653   37.152       2.1926
-240.653   40.657       2.6854
-240.653   44.162       2.7773
-240.653   47.667       2.5356
-240.653   51.172       2.6058
-240.653   54.677       3.8455
-240.653   58.182       3.1906
-240.653   61.687       2.4160
-240.653   65.192       2.8860
-240.653   68.698       3.0191
-240.653   72.203       2.6058
-240.653   75.708       2.8860
-240.653   79.213       2.8860
-240.653   82.718       2.6854
-240.653   86.223       2.2722
-240.653   89.728       2.7773
-240.653   93.233       2.6854
-240.653   96.738       3.8455
-240.653  100.243       3.8455
-240.653  103.749       3.4323
-240.653  107.254       3.4323
-240.653  110.759       4.2587
-240.653  114.264       4.2587
-240.653  117.769       3.8455
-240.653  121.274       2.8860
-240.653  124.779       2.1565
-240.653  128.284       2.4160
-240.653  131.789       3.1906
-240.653  135.295       3.0191
-240.653  138.800       2.5356
-240.653  142.305       3.1906
-240.653  145.810       4.2587
-240.653  149.315       4.2587
-240.653  152.820       4.2587
-240.653  156.325       4.2587
-240.653  159.830       3.0191
-240.653  163.335       4.2587
-240.653  166.841       4.2587
-240.653  170.346       4.2587
-240.653  173.851       4.2587
-240.653  177.356       4.2587
-240.653  180.861       4.2587
-240.653  184.366       4.2587
-240.653  187.871       3.0191
-240.653  191.376       2.2311
-240.653  194.881       2.4160
-240.653  198.387       2.1565
-240.653  201.892       2.6854
-240.653  205.397       2.6854
-240.653  208.902       4.2587
-240.653  212.407       4.2587
-240.653  215.912       4.2587
-240.653  219.417       3.8455
-240.653  222.922       2.8860
-240.653  226.427       2.6058
-240.653  229.933       4.2587
-240.653  233.438       4.2587
-240.653  236.943       4.2587
-240.653  240.448       4.2587
-235.550 -106.558       4.2587
-235.550 -103.053       4.2587
-235.550  -99.548       4.2587
-235.550  -96.043       4.2587
-235.550  -92.538       2.3164
-235.550  -89.032       1.9266
-235.550  -85.527       1.7794
-235.550  -82.022       2.4728
-235.550  -78.517       3.4323
-235.550  -75.012       4.2587
-235.550  -71.507       4.2587
-235.550  -68.002       4.2587
-235.550  -64.497       4.2587
-235.550  -60.992       3.8455
-235.550  -57.486       2.5356
-235.550  -53.981       3.8455
-235.550  -50.476       2.8860
-235.550  -46.971       2.6058
-235.550  -43.466       3.4323
-235.550  -39.961       4.2587
-235.550  -36.456       3.4323
-235.550  -32.951       3.1906
-235.550  -29.446       3.1906
-235.550  -25.940       3.0191
-235.550  -22.435       3.0191
-235.550  -18.930       2.6854
-235.550  -15.425       2.6058
-235.550  -11.920       2.2311
-235.550   -8.415       2.5356
-235.550   -4.910       2.7773
-235.550   -1.405       2.5356
-235.550    2.100       2.2311
-235.550    5.606       2.4160
-235.550    9.111       1.9266
-235.550   12.616       2.6058
-235.550   16.121       2.8860
-235.550   19.626       2.8860
-235.550   23.131       3.4323
-235.550   26.636       3.1906
-235.550   30.141       2.6058
-235.550   33.646       2.5356
-235.550   37.152       2.4728
-235.550   40.657       3.8455
-235.550   44.162       3.1906
-235.550   47.667       2.3641
-235.550   51.172       2.6854
-235.550   54.677       3.8455
-235.550   58.182       2.8860
-235.550   61.687       2.6854
-235.550   65.192       2.8860
-235.550   68.698       3.1906
-235.550   72.203       3.4323
-235.550   75.708       3.8455
-235.550   79.213       4.2587
-235.550   82.718       4.2587
-235.550   86.223       3.1906
-235.550   89.728       4.2587
-235.550   93.233       3.0191
-235.550   96.738       2.7773
-235.550  100.243       2.7773
-235.550  103.749       3.4323
-235.550  107.254       3.4323
-235.550  110.759       4.2587
-235.550  114.264       4.2587
-235.550  117.769       3.0191
-235.550  121.274       3.1906
-235.550  124.779       3.1906
-235.550  128.284       2.4728
-235.550  131.789       2.6854
-235.550  135.295       2.4728
-235.550  138.800       2.2722
-235.550  142.305       2.8860
-235.550  145.810       4.2587
-235.550  149.315       4.2587
-235.550  152.820       3.4323
-235.550  156.325       3.1906
-235.550  159.830       2.5356
-235.550  163.335       3.0191
-235.550  166.841       4.2587
-235.550  170.346       4.2587
-235.550  173.851       4.2587
-235.550  177.356       4.2587
-235.550  180.861       4.2587
-235.550  184.366       4.2587
-235.550  187.871       4.2587
-235.550  191.376       4.2587
-235.550  194.881       2.8860
-235.550  198.387       2.5356
-235.550  201.892       2.8860
-235.550  205.397       3.0191
-235.550  208.902       4.2587
-235.550  212.407       4.2587
-235.550  215.912       4.2587
-235.550  219.417       4.2587
-235.550  222.922       4.2587
-235.550  226.427       4.2587
-235.550  229.933       4.2587
-235.550  233.438       4.2587
-235.550  236.943       4.2587
-235.550  240.448       4.2587
-230.448 -106.558       4.2587
-230.448 -103.053       4.2587
-230.448  -99.548       2.7773
-230.448  -96.043       2.1224
-230.448  -92.538       1.7983
-230.448  -89.032       1.5630
-230.448  -85.527       1.8381
-230.448  -82.022       3.0191
-230.448  -78.517       4.2587
-230.448  -75.012       4.2587
-230.448  -71.507       4.2587
-230.448  -68.002       4.2587
-230.448  -64.497       3.8455
-230.448  -60.992       3.0191
-230.448  -57.486       3.8455
-230.448  -53.981       2.3164
-230.448  -50.476       2.7773
-230.448  -46.971       2.5356
-230.448  -43.466       3.1906
-230.448  -39.961       4.2587
-230.448  -36.456       3.8455
-230.448  -32.951       4.2587
-230.448  -29.446       4.2587
-230.448  -25.940       3.8455
-230.448  -22.435       4.2587
-230.448  -18.930       4.2587
-230.448  -15.425       3.1906
-230.448  -11.920       2.6058
-230.448   -8.415       2.2722
-230.448   -4.910       2.8860
-230.448   -1.405       2.7773
-230.448    2.100       2.6854
-230.448    5.606       2.1926
-230.448    9.111       2.2722
-230.448   12.616       2.1565
-230.448   16.121       2.6854
-230.448   19.626       3.0191
-230.448   23.131       3.4323
-230.448   26.636       3.8455
-230.448   30.141       2.7773
-230.448   33.646       3.8455
-230.448   37.152       4.2587
-230.448   40.657       3.8455
-230.448   44.162       2.6854
-230.448   47.667       2.7773
-230.448   51.172       2.6058
-230.448   54.677       3.8455
-230.448   58.182       3.8455
-230.448   61.687       3.8455
-230.448   65.192       3.4323
-230.448   68.698       3.8455
-230.448   72.203       3.8455
-230.448   75.708       4.2587
-230.448   79.213       4.2587
-230.448   82.718       4.2587
-230.448   86.223       4.2587
-230.448   89.728       4.2587
-230.448   93.233       4.2587
-230.448   96.738       2.6854
-230.448  100.243       2.7773
-230.448  103.749       2.4728
-230.448  107.254       2.6058
-230.448  110.759       3.0191
-230.448  114.264       2.7773
-230.448  117.769       2.4160
-230.448  121.274       3.1906
-230.448  124.779       3.0191
-230.448  128.284       2.3641
-230.448  131.789       2.1224
-230.448  135.295       2.0902
-230.448  138.800       2.0028
-230.448  142.305       2.6058
-230.448  145.810       3.1906
-230.448  149.315       2.3164
-230.448  152.820       2.4160
-230.448  156.325       1.8807
-230.448  159.830       1.9509
-230.448  163.335       2.1565
-230.448  166.841       3.8455
-230.448  170.346       4.2587
-230.448  173.851       4.2587
-230.448  177.356       4.2587
-230.448  180.861       4.2587
-230.448  184.366       4.2587
-230.448  187.871       4.2587
-230.448  191.376       4.2587
-230.448  194.881       3.4323
-230.448  198.387       3.1906
-230.448  201.892       4.2587
-230.448  205.397       4.2587
-230.448  208.902       4.2587
-230.448  212.407       4.2587
-230.448  215.912       4.2587
-230.448  219.417       4.2587
-230.448  222.922       4.2587
-230.448  226.427       4.2587
-230.448  229.933       4.2587
-230.448  233.438       4.2587
-230.448  236.943       4.2587
-230.448  240.448       4.2587
-225.345 -106.558       4.2587
-225.345 -103.053       2.6058
-225.345  -99.548       2.4728
-225.345  -96.043       1.5895
-225.345  -92.538       1.7610
-225.345  -89.032       2.2311
-225.345  -85.527       2.4728
-225.345  -82.022       3.0191
-225.345  -78.517       3.4323
-225.345  -75.012       4.2587
-225.345  -71.507       4.2587
-225.345  -68.002       4.2587
-225.345  -64.497       3.8455
-225.345  -60.992       2.7773
-225.345  -57.486       2.8860
-225.345  -53.981       2.8860
-225.345  -50.476       2.3641
-225.345  -46.971       2.8860
-225.345  -43.466       2.2722
-225.345  -39.961       2.2311
-225.345  -36.456       3.1906
-225.345  -32.951       3.8455
-225.345  -29.446       4.2587
-225.345  -25.940       4.2587
-225.345  -22.435       3.0191
-225.345  -18.930       3.4323
-225.345  -15.425       3.8455
-225.345  -11.920       3.4323
-225.345   -8.415       3.4323
-225.345   -4.910       3.4323
-225.345   -1.405       4.2587
-225.345    2.100       3.0191
-225.345    5.606       2.1926
-225.345    9.111       2.2722
-225.345   12.616       1.8590
-225.345   16.121       2.2722
-225.345   19.626       3.4323
-225.345   23.131       3.1906
-225.345   26.636       3.8455
-225.345   30.141       4.2587
-225.345   33.646       4.2587
-225.345   37.152       4.2587
-225.345   40.657       3.8455
-225.345   44.162       3.0191
-225.345   47.667       2.8860
-225.345   51.172       3.8455
-225.345   54.677       4.2587
-225.345   58.182       4.2587
-225.345   61.687       4.2587
-225.345   65.192       4.2587
-225.345   68.698       4.2587
-225.345   72.203       4.2587
-225.345   75.708       3.8455
-225.345   79.213       3.8455
-225.345   82.718       4.2587
-225.345   86.223       4.2587
-225.345   89.728       4.2587
-225.345   93.233       4.2587
-225.345   96.738       2.4160
-225.345  100.243       2.3641
-225.345  103.749       2.1224
-225.345  107.254       2.1224
-225.345  110.759       2.2722
-225.345  114.264       2.3641
-225.345  117.769       2.4728
-225.345  121.274       2.6854
-225.345  124.779       3.1906
-225.345  128.284       2.3164
-225.345  131.789       2.6854
-225.345  135.295       2.4728
-225.345  138.800       2.8860
-225.345  142.305       3.1906
-225.345  145.810       3.8455
-225.345  149.315       3.1906
-225.345  152.820       2.8860
-225.345  156.325       2.7773
-225.345  159.830       2.1926
-225.345  163.335       2.2722
-225.345  166.841       3.8455
-225.345  170.346       4.2587
-225.345  173.851       4.2587
-225.345  177.356       4.2587
-225.345  180.861       4.2587
-225.345  184.366       4.2587
-225.345  187.871       4.2587
-225.345  191.376       4.2587
-225.345  194.881       2.8860
-225.345  198.387       2.5356
-225.345  201.892       3.1906
-225.345  205.397       4.2587
-225.345  208.902       4.2587
-225.345  212.407       4.2587
-225.345  215.912       4.2587
-225.345  219.417       4.2587
-225.345  222.922       4.2587
-225.345  226.427       4.2587
-225.345  229.933       4.2587
-225.345  233.438       4.2587
-225.345  236.943       4.2587
-225.345  240.448       4.2587
-220.242 -106.558       2.6854
-220.242 -103.053       3.4323
-220.242  -99.548       2.4160
-220.242  -96.043       2.0902
-220.242  -92.538       2.2722
-220.242  -89.032       3.4323
-220.242  -85.527       3.8455
-220.242  -82.022       4.2587
-220.242  -78.517       4.2587
-220.242  -75.012       4.2587
-220.242  -71.507       4.2587
-220.242  -68.002       4.2587
-220.242  -64.497       4.2587
-220.242  -60.992       3.4323
-220.242  -57.486       3.1906
-220.242  -53.981       2.8860
-220.242  -50.476       3.4323
-220.242  -46.971       2.6058
-220.242  -43.466       2.6854
-220.242  -39.961       1.9509
-220.242  -36.456       2.4728
-220.242  -32.951       3.1906
-220.242  -29.446       3.8455
-220.242  -25.940       4.2587
-220.242  -22.435       2.6058
-220.242  -18.930       2.2722
-220.242  -15.425       2.4160
-220.242  -11.920       2.4728
-220.242   -8.415       4.2587
-220.242   -4.910       4.2587
-220.242   -1.405       4.2587
-220.242    2.100       3.1906
-220.242    5.606       2.1926
-220.242    9.111       2.1565
-220.242   12.616       2.0596
-220.242   16.121       2.3164
-220.242   19.626       3.8455
-220.242   23.131       3.8455
-220.242   26.636       4.2587
-220.242   30.141       4.2587
-220.242   33.646       4.2587
-220.242   37.152       4.2587
-220.242   40.657       3.8455
-220.242   44.162       3.1906
-220.242   47.667       2.2311
-220.242   51.172       2.6058
-220.242   54.677       2.8860
-220.242   58.182       4.2587
-220.242   61.687       4.2587
-220.242   65.192       4.2587
-220.242   68.698       3.4323
-220.242   72.203       3.1906
-220.242   75.708       3.0191
-220.242   79.213       2.4728
-220.242   82.718       3.8455
-220.242   86.223       3.4323
-220.242   89.728       2.4160
-220.242   93.233       3.0191
-220.242   96.738       2.4160
-220.242  100.243       2.2311
-220.242  103.749       2.3164
-220.242  107.254       1.8381
-220.242  110.759       2.2722
-220.242  114.264       2.3164
-220.242  117.769       1.9509
-220.242  121.274       2.1926
-220.242  124.779       2.3164
-220.242  128.284       2.8860
-220.242  131.789       2.0305
-220.242  135.295       3.4323
-220.242  138.800       3.1906
-220.242  142.305       4.2587
-220.242  145.810       2.8860
-220.242  149.315       4.2587
-220.242  152.820       3.1906
-220.242  156.325       2.8860
-220.242  159.830       2.2722
-220.242  163.335       2.0028
-220.242  166.841       2.1565
-220.242  170.346       2.4160
-220.242  173.851       2.8860
-220.242  177.356       4.2587
-220.242  180.861       4.2587
-220.242  184.366       4.2587
-220.242  187.871       4.2587
-220.242  191.376       4.2587
-220.242  194.881       2.7773
-220.242  198.387       2.7773
-220.242  201.892       2.8860
-220.242  205.397       2.5356
-220.242  208.902       3.4323
-220.242  212.407       4.2587
-220.242  215.912       4.2587
-220.242  219.417       4.2587
-220.242  222.922       4.2587
-220.242  226.427       4.2587
-220.242  229.933       4.2587
-220.242  233.438       4.2587
-220.242  236.943       4.2587
-220.242  240.448       4.2587
-215.140 -106.558       2.7773
-215.140 -103.053       2.2722
-215.140  -99.548       2.5356
-215.140  -96.043       2.7773
-215.140  -92.538       4.2587
-215.140  -89.032       4.2587
-215.140  -85.527       4.2587
-215.140  -82.022       4.2587
-215.140  -78.517       4.2587
-215.140  -75.012       4.2587
-215.140  -71.507       4.2587
-215.140  -68.002       4.2587
-215.140  -64.497       4.2587
-215.140  -60.992       3.4323
-215.140  -57.486       3.8455
-215.140  -53.981       3.4323
-215.140  -50.476       4.2587
-215.140  -46.971       2.6058
-215.140  -43.466       3.8455
-215.140  -39.961       2.0902
-215.140  -36.456       2.0305
-215.140  -32.951       2.0596
-215.140  -29.446       2.2311
-215.140  -25.940       2.4728
-215.140  -22.435       2.1926
-215.140  -18.930       2.7773
-215.140  -15.425       3.0191
-215.140  -11.920       2.8860
-215.140   -8.415       4.2587
-215.140   -4.910       4.2587
-215.140   -1.405       4.2587
-215.140    2.100       2.6854
-215.140    5.606       2.4728
-215.140    9.111       2.0028
-215.140   12.616       2.0902
-215.140   16.121       2.6058
-215.140   19.626       3.1906
-215.140   23.131       4.2587
-215.140   26.636       4.2587
-215.140   30.141       4.2587
-215.140   33.646       4.2587
-215.140   37.152       4.2587
-215.140   40.657       4.2587
-215.140   44.162       3.8455
-215.140   47.667       2.6854
-215.140   51.172       2.6854
-215.140   54.677       3.4323
-215.140   58.182       3.8455
-215.140   61.687       3.4323
-215.140   65.192       3.4323
-215.140   68.698       3.1906
-215.140   72.203       2.8860
-215.140   75.708       2.8860
-215.140   79.213       2.7773
-215.140   82.718       2.3164
-215.140   86.223       2.0596
-215.140   89.728       1.9763
-215.140   93.233       2.5356
-215.140   96.738       2.1926
-215.140  100.243       2.1926
-215.140  103.749       1.9032
-215.140  107.254       1.7983
-215.140  110.759       2.2722
-215.140  114.264       2.0028
-215.140  117.769       1.7983
-215.140  121.274       1.8179
-215.140  124.779       2.1224
-215.140  128.284       2.6058
-215.140  131.789       2.6854
-215.140  135.295       3.0191
-215.140  138.800       2.7773
-215.140  142.305       2.8860
-215.140  145.810       3.0191
-215.140  149.315       2.4728
-215.140  152.820       3.0191
-215.140  156.325       2.7773
-215.140  159.830       2.2722
-215.140  163.335       1.9763
-215.140  166.841       2.1224
-215.140  170.346       2.2311
-215.140  173.851       2.4160
-215.140  177.356       3.4323
-215.140  180.861       4.2587
-215.140  184.366       4.2587
-215.140  187.871       4.2587
-215.140  191.376       4.2587
-215.140  194.881       4.2587
-215.140  198.387       3.0191
-215.140  201.892       3.1906
-215.140  205.397       3.0191
-215.140  208.902       2.8860
-215.140  212.407       2.8860
-215.140  215.912       4.2587
-215.140  219.417       4.2587
-215.140  222.922       4.2587
-215.140  226.427       4.2587
-215.140  229.933       4.2587
-215.140  233.438       4.2587
-215.140  236.943       4.2587
-215.140  240.448       4.2587
-210.037 -106.558       4.2587
-210.037 -103.053       3.1906
-210.037  -99.548       2.4160
-210.037  -96.043       3.4323
-210.037  -92.538       4.2587
-210.037  -89.032       4.2587
-210.037  -85.527       4.2587
-210.037  -82.022       4.2587
-210.037  -78.517       4.2587
-210.037  -75.012       4.2587
-210.037  -71.507       4.2587
-210.037  -68.002       3.8455
-210.037  -64.497       2.8860
-210.037  -60.992       2.2311
-210.037  -57.486       2.2311
-210.037  -53.981       2.3164
-210.037  -50.476       2.3164
-210.037  -46.971       2.3641
-210.037  -43.466       2.3641
-210.037  -39.961       1.8590
-210.037  -36.456       1.5254
-210.037  -32.951       2.1926
-210.037  -29.446       2.3641
-210.037  -25.940       2.0305
-210.037  -22.435       3.0191
-210.037  -18.930       2.3641
-210.037  -15.425       3.1906
-210.037  -11.920       3.8455
-210.037   -8.415       4.2587
-210.037   -4.910       3.8455
-210.037   -1.405       2.2311
-210.037    2.100       2.0028
-210.037    5.606       2.1926
-210.037    9.111       2.1926
-210.037   12.616       2.5356
-210.037   16.121       3.1906
-210.037   19.626       4.2587
-210.037   23.131       4.2587
-210.037   26.636       4.2587
-210.037   30.141       4.2587
-210.037   33.646       4.2587
-210.037   37.152       4.2587
-210.037   40.657       4.2587
-210.037   44.162       4.2587
-210.037   47.667       3.8455
-210.037   51.172       3.8455
-210.037   54.677       3.0191
-210.037   58.182       3.1906
-210.037   61.687       3.0191
-210.037   65.192       3.0191
-210.037   68.698       4.2587
-210.037   72.203       3.8455
-210.037   75.708       3.4323
-210.037   79.213       2.6058
-210.037   82.718       2.6058
-210.037   86.223       1.9032
-210.037   89.728       1.7983
-210.037   93.233       2.1224
-210.037   96.738       2.0028
-210.037  100.243       2.0902
-210.037  103.749       2.0028
-210.037  107.254       1.8590
-210.037  110.759       2.0028
-210.037  114.264       1.7260
-210.037  117.769       1.6173
-210.037  121.274       1.4147
-210.037  124.779       1.5015
-210.037  128.284       1.5895
-210.037  131.789       2.2311
-210.037  135.295       2.4728
-210.037  138.800       2.7773
-210.037  142.305       2.8860
-210.037  145.810       2.2722
-210.037  149.315       2.0902
-210.037  152.820       3.0191
-210.037  156.325       2.4728
-210.037  159.830       2.1565
-210.037  163.335       2.0305
-210.037  166.841       2.2311
-210.037  170.346       2.3641
-210.037  173.851       1.9032
-210.037  177.356       2.3164
-210.037  180.861       3.4323
-210.037  184.366       4.2587
-210.037  187.871       4.2587
-210.037  191.376       2.8860
-210.037  194.881       3.1906
-210.037  198.387       3.8455
-210.037  201.892       3.0191
-210.037  205.397       2.6058
-210.037  208.902       2.6058
-210.037  212.407       2.1926
-210.037  215.912       2.8860
-210.037  219.417       4.2587
-210.037  222.922       4.2587
-210.037  226.427       4.2587
-210.037  229.933       4.2587
-210.037  233.438       4.2587
-210.037  236.943       4.2587
-210.037  240.448       4.2587
-204.935 -106.558       4.2587
-204.935 -103.053       4.2587
-204.935  -99.548       4.2587
-204.935  -96.043       4.2587
-204.935  -92.538       4.2587
-204.935  -89.032       4.2587
-204.935  -85.527       4.2587
-204.935  -82.022       4.2587
-204.935  -78.517       3.8455
-204.935  -75.012       2.8860
-204.935  -71.507       4.2587
-204.935  -68.002       2.7773
-204.935  -64.497       2.0305
-204.935  -60.992       1.9763
-204.935  -57.486       1.5133
-204.935  -53.981       1.5377
-204.935  -50.476       1.7092
-204.935  -46.971       1.6614
-204.935  -43.466       1.9032
-204.935  -39.961       2.0028
-204.935  -36.456       2.1926
-204.935  -32.951       2.5356
-204.935  -29.446       2.5356
-204.935  -25.940       2.2722
-204.935  -22.435       2.4160
-204.935  -18.930       2.6058
-204.935  -15.425       2.7773
-204.935  -11.920       3.1906
-204.935   -8.415       4.2587
-204.935   -4.910       3.0191
-204.935   -1.405       2.3164
-204.935    2.100       1.7794
-204.935    5.606       2.1224
-204.935    9.111       2.6058
-204.935   12.616       3.1906
-204.935   16.121       3.8455
-204.935   19.626       4.2587
-204.935   23.131       4.2587
-204.935   26.636       4.2587
-204.935   30.141       4.2587
-204.935   33.646       4.2587
-204.935   37.152       4.2587
-204.935   40.657       4.2587
-204.935   44.162       4.2587
-204.935   47.667       4.2587
-204.935   51.172       4.2587
-204.935   54.677       4.2587
-204.935   58.182       4.2587
-204.935   61.687       4.2587
-204.935   65.192       4.2587
-204.935   68.698       3.4323
-204.935   72.203       3.8455
-204.935   75.708       2.7773
-204.935   79.213       3.4323
-204.935   82.718       3.1906
-204.935   86.223       2.4728
-204.935   89.728       2.0902
-204.935   93.233       1.4674
-204.935   96.738       2.0305
-204.935  100.243       1.9509
-204.935  103.749       1.8590
-204.935  107.254       2.1224
-204.935  110.759       1.6173
-204.935  114.264       1.3755
-204.935  117.769       1.4248
-204.935  121.274       1.4046
-204.935  124.779       1.4674
-204.935  128.284       1.4565
-204.935  131.789       1.7432
-204.935  135.295       1.8807
-204.935  138.800       2.0305
-204.935  142.305       3.1906
-204.935  145.810       2.7773
-204.935  149.315       2.0028
-204.935  152.820       2.1224
-204.935  156.325       2.0305
-204.935  159.830       2.3641
-204.935  163.335       1.9032
-204.935  166.841       1.8179
-204.935  170.346       1.8381
-204.935  173.851       1.9266
-204.935  177.356       1.7794
-204.935  180.861       1.7432
-204.935  184.366       2.4728
-204.935  187.871       3.4323
-204.935  191.376       2.8860
-204.935  194.881       3.0191
-204.935  198.387       2.1224
-204.935  201.892       2.6854
-204.935  205.397       2.4160
-204.935  208.902       2.6058
-204.935  212.407       2.6058
-204.935  215.912       2.6854
-204.935  219.417       4.2587
-204.935  222.922       4.2587
-204.935  226.427       4.2587
-204.935  229.933       4.2587
-204.935  233.438       4.2587
-204.935  236.943       4.2587
-204.935  240.448       4.2587
-199.832 -106.558       4.2587
-199.832 -103.053       4.2587
-199.832  -99.548       4.2587
-199.832  -96.043       4.2587
-199.832  -92.538       4.2587
-199.832  -89.032       4.2587
-199.832  -85.527       4.2587
-199.832  -82.022       4.2587
-199.832  -78.517       3.4323
-199.832  -75.012       2.0596
-199.832  -71.507       1.9032
-199.832  -68.002       1.6614
-199.832  -64.497       1.7432
-199.832  -60.992       1.6928
-199.832  -57.486       1.3478
-199.832  -53.981       1.4248
-199.832  -50.476       1.7432
-199.832  -46.971       1.6173
-199.832  -43.466       2.0596
-199.832  -39.961       2.1565
-199.832  -36.456       2.3164
-199.832  -32.951       2.2311
-199.832  -29.446       2.3164
-199.832  -25.940       2.3164
-199.832  -22.435       2.3164
-199.832  -18.930       2.6854
-199.832  -15.425       4.2587
-199.832  -11.920       4.2587
-199.832   -8.415       4.2587
-199.832   -4.910       3.0191
-199.832   -1.405       3.4323
-199.832    2.100       2.7773
-199.832    5.606       2.6058
-199.832    9.111       3.8455
-199.832   12.616       4.2587
-199.832   16.121       4.2587
-199.832   19.626       3.8455
-199.832   23.131       4.2587
-199.832   26.636       4.2587
-199.832   30.141       4.2587
-199.832   33.646       4.2587
-199.832   37.152       4.2587
-199.832   40.657       4.2587
-199.832   44.162       4.2587
-199.832   47.667       4.2587
-199.832   51.172       4.2587
-199.832   54.677       4.2587
-199.832   58.182       4.2587
-199.832   61.687       4.2587
-199.832   65.192       3.1906
-199.832   68.698       2.4160
-199.832   72.203       2.3641
-199.832   75.708       2.3641
-199.832   79.213       2.0902
-199.832   82.718       2.3641
-199.832   86.223       2.6854
-199.832   89.728       2.6854
-199.832   93.233       1.8807
-199.832   96.738       2.0028
-199.832  100.243       1.7983
-199.832  103.749       1.5630
-199.832  107.254       1.6614
-199.832  110.759       1.6173
-199.832  114.264       1.4899
-199.832  117.769       1.4046
-199.832  121.274       1.2257
-199.832  124.779       1.3388
-199.832  128.284       1.2257
-199.832  131.789       1.6928
-199.832  135.295       2.1224
-199.832  138.800       2.3164
-199.832  142.305       3.0191
-199.832  145.810       2.2722
-199.832  149.315       1.8590
-199.832  152.820       1.6464
-199.832  156.325       1.8179
-199.832  159.830       1.7260
-199.832  163.335       1.9509
-199.832  166.841       1.9032
-199.832  170.346       1.8807
-199.832  173.851       1.8807
-199.832  177.356       1.9763
-199.832  180.861       1.5015
-199.832  184.366       1.7260
-199.832  187.871       1.9266
-199.832  191.376       2.2311
-199.832  194.881       2.7773
-199.832  198.387       2.5356
-199.832  201.892       2.1565
-199.832  205.397       2.4728
-199.832  208.902       2.0902
-199.832  212.407       2.4728
-199.832  215.912       2.6058
-199.832  219.417       3.4323
-199.832  222.922       4.2587
-199.832  226.427       4.2587
-199.832  229.933       4.2587
-199.832  233.438       4.2587
-199.832  236.943       4.2587
-199.832  240.448       4.2587
-194.730 -106.558       4.2587
-194.730 -103.053       4.2587
-194.730  -99.548       4.2587
-194.730  -96.043       4.2587
-194.730  -92.538       4.2587
-194.730  -89.032       4.2587
-194.730  -85.527       4.2587
-194.730  -82.022       4.2587
-194.730  -78.517       2.7773
-194.730  -75.012       2.2722
-194.730  -71.507       1.9509
-194.730  -68.002       1.7432
-194.730  -64.497       1.4899
-194.730  -60.992       1.5133
-194.730  -57.486       1.6316
-194.730  -53.981       1.8179
-194.730  -50.476       1.9509
-194.730  -46.971       1.8179
-194.730  -43.466       2.0305
-194.730  -39.961       1.8381
-194.730  -36.456       2.1926
-194.730  -32.951       2.4728
-194.730  -29.446       2.1926
-194.730  -25.940       2.0305
-194.730  -22.435       1.8807
-194.730  -18.930       2.5356
-194.730  -15.425       3.8455
-194.730  -11.920       4.2587
-194.730   -8.415       4.2587
-194.730   -4.910       3.8455
-194.730   -1.405       4.2587
-194.730    2.100       3.8455
-194.730    5.606       3.4323
-194.730    9.111       4.2587
-194.730   12.616       3.1906
-194.730   16.121       3.1906
-194.730   19.626       3.4323
-194.730   23.131       4.2587
-194.730   26.636       4.2587
-194.730   30.141       4.2587
-194.730   33.646       4.2587
-194.730   37.152       4.2587
-194.730   40.657       4.2587
-194.730   44.162       4.2587
-194.730   47.667       4.2587
-194.730   51.172       4.2587
-194.730   54.677       4.2587
-194.730   58.182       4.2587
-194.730   61.687       3.8455
-194.730   65.192       2.6058
-194.730   68.698       1.9763
-194.730   72.203       2.2311
-194.730   75.708       2.2722
-194.730   79.213       2.0902
-194.730   82.718       2.1565
-194.730   86.223       2.0902
-194.730   89.728       2.4160
-194.730   93.233       2.1565
-194.730   96.738       2.1926
-194.730  100.243       2.3641
-194.730  103.749       1.9763
-194.730  107.254       1.8381
-194.730  110.759       1.4352
-194.730  114.264       1.2959
-194.730  117.769       1.5895
-194.730  121.274       1.4565
-194.730  124.779       1.2257
-194.730  128.284       1.4046
-194.730  131.789       1.6032
-194.730  135.295       1.7260
-194.730  138.800       1.8381
-194.730  142.305       2.0902
-194.730  145.810       2.0028
-194.730  149.315       1.7260
-194.730  152.820       1.8179
-194.730  156.325       1.7610
-194.730  159.830       1.6928
-194.730  163.335       1.7432
-194.730  166.841       2.2722
-194.730  170.346       2.3164
-194.730  173.851       1.9763
-194.730  177.356       2.3164
-194.730  180.861       1.7432
-194.730  184.366       1.7983
-194.730  187.871       1.5630
-194.730  191.376       1.7983
-194.730  194.881       2.3164
-194.730  198.387       2.5356
-194.730  201.892       2.3641
-194.730  205.397       3.1906
-194.730  208.902       2.8860
-194.730  212.407       2.0028
-194.730  215.912       2.1926
-194.730  219.417       2.8860
-194.730  222.922       3.8455
-194.730  226.427       4.2587
-194.730  229.933       4.2587
-194.730  233.438       4.2587
-194.730  236.943       4.2587
-194.730  240.448       4.2587
-189.627 -106.558       4.2587
-189.627 -103.053       4.2587
-189.627  -99.548       4.2587
-189.627  -96.043       4.2587
-189.627  -92.538       4.2587
-189.627  -89.032       4.2587
-189.627  -85.527       4.2587
-189.627  -82.022       4.2587
-189.627  -78.517       3.0191
-189.627  -75.012       2.1565
-189.627  -71.507       1.8179
-189.627  -68.002       2.0305
-189.627  -64.497       1.9266
-189.627  -60.992       1.6316
-189.627  -57.486       1.8179
-189.627  -53.981       1.7260
-189.627  -50.476       2.0305
-189.627  -46.971       2.0596
-189.627  -43.466       2.5356
-189.627  -39.961       2.4160
-189.627  -36.456       2.1565
-189.627  -32.951       2.0028
-189.627  -29.446       1.8807
-189.627  -25.940       1.9763
-189.627  -22.435       2.7773
-189.627  -18.930       2.8860
-189.627  -15.425       4.2587
-189.627  -11.920       4.2587
-189.627   -8.415       4.2587
-189.627   -4.910       4.2587
-189.627   -1.405       4.2587
-189.627    2.100       4.2587
-189.627    5.606       3.8455
-189.627    9.111       3.4323
-189.627   12.616       2.7773
-189.627   16.121       2.6058
-189.627   19.626       2.6854
-189.627   23.131       3.8455
-189.627   26.636       4.2587
-189.627   30.141       4.2587
-189.627   33.646       4.2587
-189.627   37.152       4.2587
-189.627   40.657       4.2587
-189.627   44.162       4.2587
-189.627   47.667       4.2587
-189.627   51.172       4.2587
-189.627   54.677       4.2587
-189.627   58.182       4.2587
-189.627   61.687       2.7773
-189.627   65.192       2.5356
-189.627   68.698       2.4728
-189.627   72.203       1.7610
-189.627   75.708       1.7983
-189.627   79.213       2.0596
-189.627   82.718       1.7983
-189.627   86.223       1.9509
-189.627   89.728       2.2311
-189.627   93.233       2.6058
-189.627   96.738       2.5356
-189.627  100.243       2.6058
-189.627  103.749       2.4160
-189.627  107.254       2.0305
-189.627  110.759       1.8381
-189.627  114.264       1.3478
-189.627  117.769       1.6614
-189.627  121.274       1.4352
-189.627  124.779       1.1061
-189.627  128.284       1.1307
-189.627  131.789       1.1061
-189.627  135.295       1.1563
-189.627  138.800       1.5502
-189.627  142.305       1.7432
-189.627  145.810       1.6928
-189.627  149.315       1.7983
-189.627  152.820       1.9032
-189.627  156.325       1.9509
-189.627  159.830       1.7260
-189.627  163.335       1.5630
-189.627  166.841       1.8179
-189.627  170.346       1.7983
-189.627  173.851       1.8590
-189.627  177.356       1.8807
-189.627  180.861       1.8590
-189.627  184.366       1.6769
-189.627  187.871       1.9266
-189.627  191.376       2.3641
-189.627  194.881       2.0596
-189.627  198.387       2.2722
-189.627  201.892       2.6058
-189.627  205.397       2.1224
-189.627  208.902       2.4728
-189.627  212.407       2.2311
-189.627  215.912       2.0028
-189.627  219.417       1.9509
-189.627  222.922       2.3641
-189.627  226.427       3.0191
-189.627  229.933       4.2587
-189.627  233.438       4.2587
-189.627  236.943       4.2587
-189.627  240.448       4.2587
-184.524 -106.558       4.2587
-184.524 -103.053       4.2587
-184.524  -99.548       4.2587
-184.524  -96.043       4.2587
-184.524  -92.538       4.2587
-184.524  -89.032       4.2587
-184.524  -85.527       4.2587
-184.524  -82.022       4.2587
-184.524  -78.517       3.1906
-184.524  -75.012       3.0191
-184.524  -71.507       2.4160
-184.524  -68.002       3.4323
-184.524  -64.497       2.3641
-184.524  -60.992       1.7610
-184.524  -57.486       1.7610
-184.524  -53.981       1.8179
-184.524  -50.476       3.0191
-184.524  -46.971       2.0028
-184.524  -43.466       2.3641
-184.524  -39.961       2.8860
-184.524  -36.456       2.6854
-184.524  -32.951       2.0305
-184.524  -29.446       1.9509
-184.524  -25.940       1.9032
-184.524  -22.435       3.1906
-184.524  -18.930       4.2587
-184.524  -15.425       3.8455
-184.524  -11.920       4.2587
-184.524   -8.415       4.2587
-184.524   -4.910       3.8455
-184.524   -1.405       3.8455
-184.524    2.100       3.1906
-184.524    5.606       3.4323
-184.524    9.111       2.8860
-184.524   12.616       2.6058
-184.524   16.121       3.1906
-184.524   19.626       3.8455
-184.524   23.131       3.1906
-184.524   26.636       4.2587
-184.524   30.141       4.2587
-184.524   33.646       4.2587
-184.524   37.152       4.2587
-184.524   40.657       4.2587
-184.524   44.162       4.2587
-184.524   47.667       4.2587
-184.524   51.172       4.2587
-184.524   54.677       3.8455
-184.524   58.182       2.4728
-184.524   61.687       2.2722
-184.524   65.192       1.9032
-184.524   68.698       2.5356
-184.524   72.203       2.1224
-184.524   75.708       2.4160
-184.524   79.213       2.5356
-184.524   82.718       2.2311
-184.524   86.223       2.3641
-184.524   89.728       2.6058
-184.524   93.233       2.6058
-184.524   96.738       3.8455
-184.524  100.243       2.2722
-184.524  103.749       2.0902
-184.524  107.254       2.0596
-184.524  110.759       2.3641
-184.524  114.264       1.8590
-184.524  117.769       1.7092
-184.524  121.274       1.7794
-184.524  124.779       1.4046
-184.524  128.284       1.2482
-184.524  131.789       1.3043
-184.524  135.295       1.2406
-184.524  138.800       1.3043
-184.524  142.305       1.6032
-184.524  145.810       1.8590
-184.524  149.315       1.7260
-184.524  152.820       1.8590
-184.524  156.325       1.6464
-184.524  159.830       1.5015
-184.524  163.335       1.5015
-184.524  166.841       1.7092
-184.524  170.346       1.7610
-184.524  173.851       1.6928
-184.524  177.356       1.7432
-184.524  180.861       2.2722
-184.524  184.366       2.3641
-184.524  187.871       1.9032
-184.524  191.376       1.8179
-184.524  194.881       2.2311
-184.524  198.387       2.4728
-184.524  201.892       2.7773
-184.524  205.397       2.2722
-184.524  208.902       2.2722
-184.524  212.407       2.1565
-184.524  215.912       1.7610
-184.524  219.417       1.8590
-184.524  222.922       2.0902
-184.524  226.427       2.8860
-184.524  229.933       4.2587
-184.524  233.438       4.2587
-184.524  236.943       4.2587
-184.524  240.448       4.2587
-179.422 -106.558       4.2587
-179.422 -103.053       4.2587
-179.422  -99.548       4.2587
-179.422  -96.043       4.2587
-179.422  -92.538       4.2587
-179.422  -89.032       4.2587
-179.422  -85.527       4.2587
-179.422  -82.022       4.2587
-179.422  -78.517       3.0191
-179.422  -75.012       2.7773
-179.422  -71.507       3.4323
-179.422  -68.002       3.8455
-179.422  -64.497       2.3641
-179.422  -60.992       2.0902
-179.422  -57.486       2.4728
-179.422  -53.981       2.8860
-179.422  -50.476       3.4323
-179.422  -46.971       4.2587
-179.422  -43.466       3.1906
-179.422  -39.961       2.6854
-179.422  -36.456       2.4728
-179.422  -32.951       2.2722
-179.422  -29.446       2.8860
-179.422  -25.940       3.4323
-179.422  -22.435       3.8455
-179.422  -18.930       2.6854
-179.422  -15.425       3.4323
-179.422  -11.920       4.2587
-179.422   -8.415       3.0191
-179.422   -4.910       3.8455
-179.422   -1.405       2.8860
-179.422    2.100       3.0191
-179.422    5.606       3.1906
-179.422    9.111       2.5356
-179.422   12.616       3.4323
-179.422   16.121       3.0191
-179.422   19.626       3.1906
-179.422   23.131       3.1906
-179.422   26.636       4.2587
-179.422   30.141       4.2587
-179.422   33.646       4.2587
-179.422   37.152       4.2587
-179.422   40.657       4.2587
-179.422   44.162       4.2587
-179.422   47.667       4.2587
-179.422   51.172       2.5356
-179.422   54.677       2.5356
-179.422   58.182       2.3641
-179.422   61.687       1.9763
-179.422   65.192       2.2311
-179.422   68.698       2.6058
-179.422   72.203       2.6854
-179.422   75.708       2.2722
-179.422   79.213       2.1565
-179.422   82.718       2.2311
-179.422   86.223       2.5356
-179.422   89.728       3.4323
-179.422   93.233       2.5356
-179.422   96.738       2.6058
-179.422  100.243       2.8860
-179.422  103.749       2.2722
-179.422  107.254       1.9763
-179.422  110.759       2.1565
-179.422  114.264       2.8860
-179.422  117.769       2.0305
-179.422  121.274       2.0028
-179.422  124.779       1.6316
-179.422  128.284       1.6614
-179.422  131.789       1.7260
-179.422  135.295       1.6769
-179.422  138.800       1.6316
-179.422  142.305       1.4565
-179.422  145.810       1.7092
-179.422  149.315       1.9509
-179.422  152.820       1.8381
-179.422  156.325       1.5502
-179.422  159.830       1.2559
-179.422  163.335       1.2112
-179.422  166.841       1.6173
-179.422  170.346       1.4046
-179.422  173.851       1.8590
-179.422  177.356       2.2311
-179.422  180.861       2.1926
-179.422  184.366       2.1926
-179.422  187.871       1.8179
-179.422  191.376       2.1565
-179.422  194.881       2.1224
-179.422  198.387       1.6769
-179.422  201.892       2.2311
-179.422  205.397       2.4160
-179.422  208.902       2.5356
-179.422  212.407       2.6058
-179.422  215.912       1.8590
-179.422  219.417       1.4786
-179.422  222.922       1.8590
-179.422  226.427       2.6854
-179.422  229.933       4.2587
-179.422  233.438       4.2587
-179.422  236.943       4.2587
-179.422  240.448       4.2587
-174.319 -106.558       4.2587
-174.319 -103.053       4.2587
-174.319  -99.548       4.2587
-174.319  -96.043       4.2587
-174.319  -92.538       4.2587
-174.319  -89.032       4.2587
-174.319  -85.527       4.2587
-174.319  -82.022       4.2587
-174.319  -78.517       3.4323
-174.319  -75.012       3.8455
-174.319  -71.507       4.2587
-174.319  -68.002       4.2587
-174.319  -64.497       3.8455
-174.319  -60.992       4.2587
-174.319  -57.486       4.2587
-174.319  -53.981       4.2587
-174.319  -50.476       4.2587
-174.319  -46.971       4.2587
-174.319  -43.466       3.4323
-174.319  -39.961       3.0191
-174.319  -36.456       3.8455
-174.319  -32.951       3.0191
-174.319  -29.446       3.8455
-174.319  -25.940       3.1906
-174.319  -22.435       3.0191
-174.319  -18.930       3.4323
-174.319  -15.425       2.6058
-174.319  -11.920       3.1906
-174.319   -8.415       4.2587
-174.319   -4.910       3.4323
-174.319   -1.405       4.2587
-174.319    2.100       4.2587
-174.319    5.606       4.2587
-174.319    9.111       3.1906
-174.319   12.616       4.2587
-174.319   16.121       4.2587
-174.319   19.626       4.2587
-174.319   23.131       2.8860
-174.319   26.636       3.4323
-174.319   30.141       3.8455
-174.319   33.646       4.2587
-174.319   37.152       3.0191
-174.319   40.657       2.8860
-174.319   44.162       2.3164
-174.319   47.667       2.2722
-174.319   51.172       2.6058
-174.319   54.677       2.0028
-174.319   58.182       1.8381
-174.319   61.687       1.9509
-174.319   65.192       1.9763
-174.319   68.698       2.4160
-174.319   72.203       2.4728
-174.319   75.708       2.6058
-174.319   79.213       2.4728
-174.319   82.718       2.1565
-174.319   86.223       2.2722
-174.319   89.728       2.7773
-174.319   93.233       1.8590
-174.319   96.738       2.1224
-174.319  100.243       2.0028
-174.319  103.749       2.0902
-174.319  107.254       1.9032
-174.319  110.759       1.8807
-174.319  114.264       2.4728
-174.319  117.769       2.3164
-174.319  121.274       2.0028
-174.319  124.779       1.6614
-174.319  128.284       1.7610
-174.319  131.789       2.3164
-174.319  135.295       1.8381
-174.319  138.800       2.0028
-174.319  142.305       2.0902
-174.319  145.810       2.4728
-174.319  149.315       2.3164
-174.319  152.820       1.8807
-174.319  156.325       1.5377
-174.319  159.830       1.1307
-174.319  163.335       1.3127
-174.319  166.841       1.4899
-174.319  170.346       1.5133
-174.319  173.851       2.0305
-174.319  177.356       2.2722
-174.319  180.861       2.3164
-174.319  184.366       2.0028
-174.319  187.871       2.3164
-174.319  191.376       1.9266
-174.319  194.881       1.9032
-174.319  198.387       1.6614
-174.319  201.892       1.9266
-174.319  205.397       1.7610
-174.319  208.902       2.8860
-174.319  212.407       3.1906
-174.319  215.912       1.9266
-174.319  219.417       1.9032
-174.319  222.922       1.9509
-174.319  226.427       2.6854
-174.319  229.933       4.2587
-174.319  233.438       4.2587
-174.319  236.943       4.2587
-174.319  240.448       4.2587
-169.217 -106.558       4.2587
-169.217 -103.053       4.2587
-169.217  -99.548       4.2587
-169.217  -96.043       4.2587
-169.217  -92.538       4.2587
-169.217  -89.032       4.2587
-169.217  -85.527       4.2587
-169.217  -82.022       4.2587
-169.217  -78.517       4.2587
-169.217  -75.012       4.2587
-169.217  -71.507       4.2587
-169.217  -68.002       4.2587
-169.217  -64.497       4.2587
-169.217  -60.992       4.2587
-169.217  -57.486       4.2587
-169.217  -53.981       4.2587
-169.217  -50.476       4.2587
-169.217  -46.971       4.2587
-169.217  -43.466       4.2587
-169.217  -39.961       4.2587
-169.217  -36.456       4.2587
-169.217  -32.951       4.2587
-169.217  -29.446       4.2587
-169.217  -25.940       4.2587
-169.217  -22.435       4.2587
-169.217  -18.930       3.0191
-169.217  -15.425       2.4160
-169.217  -11.920       3.1906
-169.217   -8.415       3.8455
-169.217   -4.910       4.2587
-169.217   -1.405       4.2587
-169.217    2.100       4.2587
-169.217    5.606       4.2587
-169.217    9.111       4.2587
-169.217   12.616       4.2587
-169.217   16.121       3.4323
-169.217   19.626       3.8455
-169.217   23.131       2.8860
-169.217   26.636       3.4323
-169.217   30.141       3.0191
-169.217   33.646       3.0191
-169.217   37.152       2.2722
-169.217   40.657       2.2311
-169.217   44.162       2.1224
-169.217   47.667       1.9509
-169.217   51.172       2.4160
-169.217   54.677       2.2311
-169.217   58.182       2.2311
-169.217   61.687       1.7610
-169.217   65.192       2.0596
-169.217   68.698       1.7092
-169.217   72.203       2.0902
-169.217   75.708       2.0305
-169.217   79.213       2.6058
-169.217   82.718       2.0305
-169.217   86.223       2.0305
-169.217   89.728       1.9266
-169.217   93.233       1.7092
-169.217   96.738       1.8381
-169.217  100.243       1.9763
-169.217  103.749       1.6173
-169.217  107.254       1.8381
-169.217  110.759       2.3164
-169.217  114.264       2.2722
-169.217  117.769       2.3164
-169.217  121.274       2.1224
-169.217  124.779       1.8381
-169.217  128.284       2.0028
-169.217  131.789       2.1565
-169.217  135.295       2.4160
-169.217  138.800       2.3641
-169.217  142.305       2.2311
-169.217  145.810       2.1224
-169.217  149.315       1.7260
-169.217  152.820       1.7432
-169.217  156.325       1.5895
-169.217  159.830       1.1763
-169.217  163.335       1.2877
-169.217  166.841       1.5254
-169.217  170.346       1.6173
-169.217  173.851       1.7983
-169.217  177.356       1.8807
-169.217  180.861       2.0596
-169.217  184.366       1.8179
-169.217  187.871       1.6769
-169.217  191.376       1.5630
-169.217  194.881       1.6316
-169.217  198.387       1.7794
-169.217  201.892       2.0305
-169.217  205.397       2.0902
-169.217  208.902       1.7983
-169.217  212.407       2.4160
-169.217  215.912       2.3641
-169.217  219.417       2.2722
-169.217  222.922       2.1565
-169.217  226.427       3.1906
-169.217  229.933       4.2587
-169.217  233.438       4.2587
-169.217  236.943       4.2587
-169.217  240.448       4.2587
-164.114 -106.558       4.2587
-164.114 -103.053       4.2587
-164.114  -99.548       4.2587
-164.114  -96.043       4.2587
-164.114  -92.538       4.2587
-164.114  -89.032       4.2587
-164.114  -85.527       4.2587
-164.114  -82.022       4.2587
-164.114  -78.517       4.2587
-164.114  -75.012       4.2587
-164.114  -71.507       4.2587
-164.114  -68.002       4.2587
-164.114  -64.497       4.2587
-164.114  -60.992       4.2587
-164.114  -57.486       4.2587
-164.114  -53.981       4.2587
-164.114  -50.476       4.2587
-164.114  -46.971       4.2587
-164.114  -43.466       4.2587
-164.114  -39.961       4.2587
-164.114  -36.456       4.2587
-164.114  -32.951       4.2587
-164.114  -29.446       4.2587
-164.114  -25.940       4.2587
-164.114  -22.435       4.2587
-164.114  -18.930       4.2587
-164.114  -15.425       4.2587
-164.114  -11.920       4.2587
-164.114   -8.415       4.2587
-164.114   -4.910       4.2587
-164.114   -1.405       4.2587
-164.114    2.100       4.2587
-164.114    5.606       4.2587
-164.114    9.111       4.2587
-164.114   12.616       3.8455
-164.114   16.121       3.4323
-164.114   19.626       2.7773
-164.114   23.131       3.0191
-164.114   26.636       4.2587
-164.114   30.141       3.4323
-164.114   33.646       3.0191
-164.114   37.152       2.8860
-164.114   40.657       2.6058
-164.114   44.162       2.1224
-164.114   47.667       2.0028
-164.114   51.172       2.1926
-164.114   54.677       2.4160
-164.114   58.182       2.0902
-164.114   61.687       2.0305
-164.114   65.192       1.8590
-164.114   68.698       2.1565
-164.114   72.203       2.2311
-164.114   75.708       1.9266
-164.114   79.213       2.1926
-164.114   82.718       1.9032
-164.114   86.223       1.8807
-164.114   89.728       2.0305
-164.114   93.233       1.9509
-164.114   96.738       2.0902
-164.114  100.243       2.0305
-164.114  103.749       2.1224
-164.114  107.254       2.2722
-164.114  110.759       2.8860
-164.114  114.264       3.1906
-164.114  117.769       2.6854
-164.114  121.274       3.0191
-164.114  124.779       2.3164
-164.114  128.284       2.3164
-164.114  131.789       2.3641
-164.114  135.295       2.1926
-164.114  138.800       2.3641
-164.114  142.305       2.3641
-164.114  145.810       2.2311
-164.114  149.315       1.9763
-164.114  152.820       1.7794
-164.114  156.325       1.5630
-164.114  159.830       1.3851
-164.114  163.335       1.4674
-164.114  166.841       1.6928
-164.114  170.346       1.9266
-164.114  173.851       1.8807
-164.114  177.356       1.7794
-164.114  180.861       1.9266
-164.114  184.366       2.1224
-164.114  187.871       1.9509
-164.114  191.376       1.5254
-164.114  194.881       1.5895
-164.114  198.387       2.1224
-164.114  201.892       2.1926
-164.114  205.397       2.1565
-164.114  208.902       1.7610
-164.114  212.407       2.4160
-164.114  215.912       3.4323
-164.114  219.417       3.4323
-164.114  222.922       2.6058
-164.114  226.427       2.7773
-164.114  229.933       4.2587
-164.114  233.438       4.2587
-164.114  236.943       4.2587
-164.114  240.448       4.2587
-159.011 -106.558       4.2587
-159.011 -103.053       4.2587
-159.011  -99.548       4.2587
-159.011  -96.043       4.2587
-159.011  -92.538       4.2587
-159.011  -89.032       4.2587
-159.011  -85.527       4.2587
-159.011  -82.022       4.2587
-159.011  -78.517       4.2587
-159.011  -75.012       4.2587
-159.011  -71.507       4.2587
-159.011  -68.002       4.2587
-159.011  -64.497       4.2587
-159.011  -60.992       4.2587
-159.011  -57.486       4.2587
-159.011  -53.981       4.2587
-159.011  -50.476       4.2587
-159.011  -46.971       4.2587
-159.011  -43.466       4.2587
-159.011  -39.961       4.2587
-159.011  -36.456       4.2587
-159.011  -32.951       4.2587
-159.011  -29.446       4.2587
-159.011  -25.940       4.2587
-159.011  -22.435       4.2587
-159.011  -18.930       4.2587
-159.011  -15.425       4.2587
-159.011  -11.920       4.2587
-159.011   -8.415       4.2587
-159.011   -4.910       4.2587
-159.011   -1.405       4.2587
-159.011    2.100       4.2587
-159.011    5.606       4.2587
-159.011    9.111       4.2587
-159.011   12.616       4.2587
-159.011   16.121       3.8455
-159.011   19.626       2.8860
-159.011   23.131       2.8860
-159.011   26.636       3.4323
-159.011   30.141       3.0191
-159.011   33.646       2.7773
-159.011   37.152       2.2722
-159.011   40.657       1.9509
-159.011   44.162       2.1926
-159.011   47.667       1.7432
-159.011   51.172       1.7610
-159.011   54.677       2.6058
-159.011   58.182       2.2722
-159.011   61.687       2.3164
-159.011   65.192       1.8807
-159.011   68.698       1.9266
-159.011   72.203       2.0028
-159.011   75.708       1.5761
-159.011   79.213       2.0596
-159.011   82.718       2.2722
-159.011   86.223       1.7610
-159.011   89.728       2.2311
-159.011   93.233       2.0596
-159.011   96.738       2.3641
-159.011  100.243       1.9266
-159.011  103.749       1.7610
-159.011  107.254       1.9032
-159.011  110.759       2.6854
-159.011  114.264       4.2587
-159.011  117.769       4.2587
-159.011  121.274       2.6854
-159.011  124.779       2.4160
-159.011  128.284       2.4160
-159.011  131.789       2.2311
-159.011  135.295       2.5356
-159.011  138.800       2.1565
-159.011  142.305       2.5356
-159.011  145.810       2.7773
-159.011  149.315       2.2311
-159.011  152.820       1.4352
-159.011  156.325       1.3478
-159.011  159.830       1.4899
-159.011  163.335       1.7092
-159.011  166.841       2.0028
-159.011  170.346       2.0028
-159.011  173.851       2.6854
-159.011  177.356       1.9032
-159.011  180.861       1.7794
-159.011  184.366       2.0596
-159.011  187.871       2.6058
-159.011  191.376       1.6032
-159.011  194.881       1.3127
-159.011  198.387       1.7610
-159.011  201.892       2.3164
-159.011  205.397       1.6769
-159.011  208.902       2.1224
-159.011  212.407       2.7773
-159.011  215.912       3.4323
-159.011  219.417       3.4323
-159.011  222.922       2.3641
-159.011  226.427       2.1224
-159.011  229.933       2.4160
-159.011  233.438       2.0028
-159.011  236.943       2.5356
-159.011  240.448       4.2587
-153.909 -106.558       4.2587
-153.909 -103.053       4.2587
-153.909  -99.548       4.2587
-153.909  -96.043       4.2587
-153.909  -92.538       4.2587
-153.909  -89.032       4.2587
-153.909  -85.527       4.2587
-153.909  -82.022       4.2587
-153.909  -78.517       4.2587
-153.909  -75.012       4.2587
-153.909  -71.507       4.2587
-153.909  -68.002       4.2587
-153.909  -64.497       4.2587
-153.909  -60.992       4.2587
-153.909  -57.486       4.2587
-153.909  -53.981       4.2587
-153.909  -50.476       4.2587
-153.909  -46.971       4.2587
-153.909  -43.466       4.2587
-153.909  -39.961       4.2587
-153.909  -36.456       4.2587
-153.909  -32.951       4.2587
-153.909  -29.446       4.2587
-153.909  -25.940       4.2587
-153.909  -22.435       4.2587
-153.909  -18.930       4.2587
-153.909  -15.425       4.2587
-153.909  -11.920       4.2587
-153.909   -8.415       4.2587
-153.909   -4.910       4.2587
-153.909   -1.405       4.2587
-153.909    2.100       4.2587
-153.909    5.606       4.2587
-153.909    9.111       4.2587
-153.909   12.616       4.2587
-153.909   16.121       4.2587
-153.909   19.626       3.8455
-153.909   23.131       2.8860
-153.909   26.636       3.4323
-153.909   30.141       2.4728
-153.909   33.646       2.6058
-153.909   37.152       2.4728
-153.909   40.657       1.8590
-153.909   44.162       1.6614
-153.909   47.667       1.7610
-153.909   51.172       2.0902
-153.909   54.677       2.0902
-153.909   58.182       2.0596
-153.909   61.687       2.3641
-153.909   65.192       2.0305
-153.909   68.698       1.8807
-153.909   72.203       1.9763
-153.909   75.708       1.4899
-153.909   79.213       1.7092
-153.909   82.718       2.3164
-153.909   86.223       2.3164
-153.909   89.728       2.3641
-153.909   93.233       2.1926
-153.909   96.738       2.2311
-153.909  100.243       1.9763
-153.909  103.749       1.6928
-153.909  107.254       1.7432
-153.909  110.759       2.8860
-153.909  114.264       4.2587
-153.909  117.769       3.8455
-153.909  121.274       2.7773
-153.909  124.779       3.0191
-153.909  128.284       3.8455
-153.909  131.789       2.7773
-153.909  135.295       4.2587
-153.909  138.800       2.4160
-153.909  142.305       2.7773
-153.909  145.810       1.9032
-153.909  149.315       1.6464
-153.909  152.820       1.7610
-153.909  156.325       1.3948
-153.909  159.830       1.2040
-153.909  163.335       1.4674
-153.909  166.841       1.9266
-153.909  170.346       1.8807
-153.909  173.851       2.0028
-153.909  177.356       1.8807
-153.909  180.861       1.8381
-153.909  184.366       2.0902
-153.909  187.871       3.0191
-153.909  191.376       2.1565
-153.909  194.881       1.4458
-153.909  198.387       1.4046
-153.909  201.892       1.8590
-153.909  205.397       1.7092
-153.909  208.902       1.5502
-153.909  212.407       2.3641
-153.909  215.912       2.1224
-153.909  219.417       2.7773
-153.909  222.922       2.3164
-153.909  226.427       2.2722
-153.909  229.933       2.3164
-153.909  233.438       1.6032
-153.909  236.943       1.8807
-153.909  240.448       4.2587
-148.806 -106.558       4.2587
-148.806 -103.053       4.2587
-148.806  -99.548       4.2587
-148.806  -96.043       4.2587
-148.806  -92.538       4.2587
-148.806  -89.032       4.2587
-148.806  -85.527       4.2587
-148.806  -82.022       4.2587
-148.806  -78.517       4.2587
-148.806  -75.012       4.2587
-148.806  -71.507       3.1906
-148.806  -68.002       3.1906
-148.806  -64.497       2.4160
-148.806  -60.992       2.7773
-148.806  -57.486       2.6854
-148.806  -53.981       3.8455
-148.806  -50.476       4.2587
-148.806  -46.971       4.2587
-148.806  -43.466       4.2587
-148.806  -39.961       4.2587
-148.806  -36.456       4.2587
-148.806  -32.951       4.2587
-148.806  -29.446       4.2587
-148.806  -25.940       4.2587
-148.806  -22.435       4.2587
-148.806  -18.930       4.2587
-148.806  -15.425       4.2587
-148.806  -11.920       4.2587
-148.806   -8.415       4.2587
-148.806   -4.910       4.2587
-148.806   -1.405       4.2587
-148.806    2.100       3.8455
-148.806    5.606       2.8860
-148.806    9.111       3.0191
-148.806   12.616       3.0191
-148.806   16.121       2.8860
-148.806   19.626       2.5356
-148.806   23.131       2.6854
-148.806   26.636       2.6854
-148.806   30.141       2.0902
-148.806   33.646       2.8860
-148.806   37.152       2.8860
-148.806   40.657       1.8179
-148.806   44.162       1.4899
-148.806   47.667       1.6769
-148.806   51.172       1.7610
-148.806   54.677       2.5356
-148.806   58.182       2.5356
-148.806   61.687       2.4728
-148.806   65.192       2.1224
-148.806   68.698       1.7983
-148.806   72.203       1.7983
-148.806   75.708       1.6614
-148.806   79.213       1.8807
-148.806   82.718       2.2311
-148.806   86.223       2.2311
-148.806   89.728       2.2722
-148.806   93.233       2.5356
-148.806   96.738       2.3641
-148.806  100.243       2.0305
-148.806  103.749       1.6928
-148.806  107.254       1.7610
-148.806  110.759       2.4160
-148.806  114.264       3.0191
-148.806  117.769       3.4323
-148.806  121.274       3.1906
-148.806  124.779       3.1906
-148.806  128.284       3.4323
-148.806  131.789       4.2587
-148.806  135.295       3.1906
-148.806  138.800       2.0028
-148.806  142.305       2.3164
-148.806  145.810       1.8381
-148.806  149.315       1.5502
-148.806  152.820       1.8179
-148.806  156.325       1.4248
-148.806  159.830       1.5761
-148.806  163.335       1.4674
-148.806  166.841       1.5133
-148.806  170.346       1.5254
-148.806  173.851       2.0305
-148.806  177.356       1.5630
-148.806  180.861       1.5377
-148.806  184.366       2.0028
-148.806  187.871       2.5356
-148.806  191.376       2.0902
-148.806  194.881       1.6614
-148.806  198.387       1.5761
-148.806  201.892       1.7610
-148.806  205.397       1.9266
-148.806  208.902       1.7092
-148.806  212.407       1.9763
-148.806  215.912       1.8381
-148.806  219.417       2.6854
-148.806  222.922       2.0902
-148.806  226.427       1.9032
-148.806  229.933       1.9763
-148.806  233.438       1.8807
-148.806  236.943       1.4899
-148.806  240.448       2.2311
-143.704 -106.558       4.2587
-143.704 -103.053       4.2587
-143.704  -99.548       4.2587
-143.704  -96.043       4.2587
-143.704  -92.538       4.2587
-143.704  -89.032       4.2587
-143.704  -85.527       4.2587
-143.704  -82.022       4.2587
-143.704  -78.517       4.2587
-143.704  -75.012       3.8455
-143.704  -71.507       2.8860
-143.704  -68.002       1.7983
-143.704  -64.497       1.7092
-143.704  -60.992       1.5502
-143.704  -57.486       1.5015
-143.704  -53.981       2.6058
-143.704  -50.476       3.8455
-143.704  -46.971       4.2587
-143.704  -43.466       4.2587
-143.704  -39.961       4.2587
-143.704  -36.456       4.2587
-143.704  -32.951       4.2587
-143.704  -29.446       4.2587
-143.704  -25.940       4.2587
-143.704  -22.435       4.2587
-143.704  -18.930       4.2587
-143.704  -15.425       4.2587
-143.704  -11.920       4.2587
-143.704   -8.415       4.2587
-143.704   -4.910       4.2587
-143.704   -1.405       4.2587
-143.704    2.100       3.8455
-143.704    5.606       2.7773
-143.704    9.111       2.3164
-143.704   12.616       2.3641
-143.704   16.121       2.2311
-143.704   19.626       2.2722
-143.704   23.131       2.7773
-143.704   26.636       2.8860
-143.704   30.141       2.0902
-143.704   33.646       2.4728
-143.704   37.152       2.1926
-143.704   40.657       2.0305
-143.704   44.162       1.8381
-143.704   47.667       1.9763
-143.704   51.172       2.1224
-143.704   54.677       2.0902
-143.704   58.182       3.0191
-143.704   61.687       3.1906
-143.704   65.192       2.2311
-143.704   68.698       2.2311
-143.704   72.203       1.9509
-143.704   75.708       1.9032
-143.704   79.213       2.0028
-143.704   82.718       2.1224
-143.704   86.223       2.1224
-143.704   89.728       2.0305
-143.704   93.233       2.1224
-143.704   96.738       2.0596
-143.704  100.243       1.6032
-143.704  103.749       2.0305
-143.704  107.254       2.7773
-143.704  110.759       2.6058
-143.704  114.264       3.0191
-143.704  117.769       2.8860
-143.704  121.274       3.1906
-143.704  124.779       3.8455
-143.704  128.284       4.2587
-143.704  131.789       3.8455
-143.704  135.295       3.8455
-143.704  138.800       2.8860
-143.704  142.305       1.7610
-143.704  145.810       1.7432
-143.704  149.315       1.7092
-143.704  152.820       1.7092
-143.704  156.325       1.6614
-143.704  159.830       1.3851
-143.704  163.335       1.3043
-143.704  166.841       1.2716
-143.704  170.346       1.2796
-143.704  173.851       1.4565
-143.704  177.356       1.6928
-143.704  180.861       1.6769
-143.704  184.366       2.4728
-143.704  187.871       3.0191
-143.704  191.376       2.1565
-143.704  194.881       1.7610
-143.704  198.387       1.8381
-143.704  201.892       1.9266
-143.704  205.397       2.1224
-143.704  208.902       2.5356
-143.704  212.407       2.0028
-143.704  215.912       1.6928
-143.704  219.417       1.8590
-143.704  222.922       1.6769
-143.704  226.427       2.2722
-143.704  229.933       1.7092
-143.704  233.438       1.9032
-143.704  236.943       1.8381
-143.704  240.448       2.8860
-138.601 -106.558       4.2587
-138.601 -103.053       4.2587
-138.601  -99.548       4.2587
-138.601  -96.043       4.2587
-138.601  -92.538       4.2587
-138.601  -89.032       4.2587
-138.601  -85.527       4.2587
-138.601  -82.022       4.2587
-138.601  -78.517       3.8455
-138.601  -75.012       3.8455
-138.601  -71.507       2.4728
-138.601  -68.002       1.5015
-138.601  -64.497       0.9767
-138.601  -60.992       0.8274
-138.601  -57.486       0.9483
-138.601  -53.981       1.4458
-138.601  -50.476       2.0028
-138.601  -46.971       2.1926
-138.601  -43.466       4.2587
-138.601  -39.961       4.2587
-138.601  -36.456       4.2587
-138.601  -32.951       4.2587
-138.601  -29.446       4.2587
-138.601  -25.940       4.2587
-138.601  -22.435       4.2587
-138.601  -18.930       4.2587
-138.601  -15.425       4.2587
-138.601  -11.920       4.2587
-138.601   -8.415       4.2587
-138.601   -4.910       4.2587
-138.601   -1.405       4.2587
-138.601    2.100       4.2587
-138.601    5.606       2.5356
-138.601    9.111       2.5356
-138.601   12.616       2.8860
-138.601   16.121       2.7773
-138.601   19.626       2.7773
-138.601   23.131       2.1224
-138.601   26.636       2.0028
-138.601   30.141       2.3164
-138.601   33.646       2.1565
-138.601   37.152       1.8179
-138.601   40.657       2.4728
-138.601   44.162       2.7773
-138.601   47.667       3.0191
-138.601   51.172       3.0191
-138.601   54.677       3.0191
-138.601   58.182       3.1906
-138.601   61.687       2.5356
-138.601   65.192       2.6058
-138.601   68.698       2.3164
-138.601   72.203       2.2722
-138.601   75.708       2.6854
-138.601   79.213       2.5356
-138.601   82.718       2.4728
-138.601   86.223       1.9509
-138.601   89.728       1.8590
-138.601   93.233       2.0028
-138.601   96.738       1.9763
-138.601  100.243       2.0028
-138.601  103.749       3.0191
-138.601  107.254       2.2311
-138.601  110.759       2.1926
-138.601  114.264       2.7773
-138.601  117.769       3.0191
-138.601  121.274       4.2587
-138.601  124.779       4.2587
-138.601  128.284       4.2587
-138.601  131.789       3.1906
-138.601  135.295       3.0191
-138.601  138.800       2.6854
-138.601  142.305       2.4160
-138.601  145.810       1.9763
-138.601  149.315       2.0305
-138.601  152.820       1.5630
-138.601  156.325       1.7092
-138.601  159.830       1.5133
-138.601  163.335       1.5133
-138.601  166.841       1.5761
-138.601  170.346       1.6173
-138.601  173.851       1.6032
-138.601  177.356       1.6928
-138.601  180.861       2.0902
-138.601  184.366       2.6854
-138.601  187.871       3.1906
-138.601  191.376       3.1906
-138.601  194.881       2.3164
-138.601  198.387       2.3641
-138.601  201.892       2.4728
-138.601  205.397       2.6058
-138.601  208.902       2.5356
-138.601  212.407       2.0902
-138.601  215.912       1.5895
-138.601  219.417       1.7432
-138.601  222.922       1.7432
-138.601  226.427       2.4728
-138.601  229.933       2.1224
-138.601  233.438       2.0028
-138.601  236.943       1.7983
-138.601  240.448       2.4160
-133.499 -106.558       4.2587
-133.499 -103.053       4.2587
-133.499  -99.548       4.2587
-133.499  -96.043       4.2587
-133.499  -92.538       4.2587
-133.499  -89.032       4.2587
-133.499  -85.527       4.2587
-133.499  -82.022       4.2587
-133.499  -78.517       4.2587
-133.499  -75.012       2.3164
-133.499  -71.507       1.5761
-133.499  -68.002       1.1307
-133.499  -64.497       0.7081
-133.499  -60.992       0.6959
-133.499  -57.486       0.7269
-133.499  -53.981       0.8312
-133.499  -50.476       1.2559
-133.499  -46.971       2.0305
-133.499  -43.466       2.5356
-133.499  -39.961       4.2587
-133.499  -36.456       4.2587
-133.499  -32.951       4.2587
-133.499  -29.446       4.2587
-133.499  -25.940       4.2587
-133.499  -22.435       4.2587
-133.499  -18.930       4.2587
-133.499  -15.425       4.2587
-133.499  -11.920       4.2587
-133.499   -8.415       4.2587
-133.499   -4.910       4.2587
-133.499   -1.405       4.2587
-133.499    2.100       4.2587
-133.499    5.606       3.0191
-133.499    9.111       2.3164
-133.499   12.616       2.8860
-133.499   16.121       2.5356
-133.499   19.626       2.3164
-133.499   23.131       2.1926
-133.499   26.636       2.0902
-133.499   30.141       2.3641
-133.499   33.646       2.1926
-133.499   37.152       1.9266
-133.499   40.657       2.2722
-133.499   44.162       2.4728
-133.499   47.667       2.8860
-133.499   51.172       2.7773
-133.499   54.677       3.0191
-133.499   58.182       2.3641
-133.499   61.687       2.1926
-133.499   65.192       2.1224
-133.499   68.698       2.0028
-133.499   72.203       2.5356
-133.499   75.708       3.1906
-133.499   79.213       3.0191
-133.499   82.718       2.7773
-133.499   86.223       2.0028
-133.499   89.728       1.5015
-133.499   93.233       1.7983
-133.499   96.738       2.1224
-133.499  100.243       1.9763
-133.499  103.749       1.8381
-133.499  107.254       2.1926
-133.499  110.759       2.6058
-133.499  114.264       3.8455
-133.499  117.769       3.4323
-133.499  121.274       4.2587
-133.499  124.779       4.2587
-133.499  128.284       4.2587
-133.499  131.789       3.4323
-133.499  135.295       2.6854
-133.499  138.800       2.7773
-133.499  142.305       2.2311
-133.499  145.810       2.0028
-133.499  149.315       2.2311
-133.499  152.820       2.0596
-133.499  156.325       1.9266
-133.499  159.830       1.8179
-133.499  163.335       1.8381
-133.499  166.841       1.7794
-133.499  170.346       1.7794
-133.499  173.851       1.5630
-133.499  177.356       1.9266
-133.499  180.861       1.9509
-133.499  184.366       2.4160
-133.499  187.871       2.4160
-133.499  191.376       3.4323
-133.499  194.881       2.6058
-133.499  198.387       3.4323
-133.499  201.892       3.1906
-133.499  205.397       3.8455
-133.499  208.902       2.6854
-133.499  212.407       2.2311
-133.499  215.912       1.7794
-133.499  219.417       1.7983
-133.499  222.922       1.4352
-133.499  226.427       1.9032
-133.499  229.933       2.3164
-133.499  233.438       2.1926
-133.499  236.943       2.1926
-133.499  240.448       2.7773
-128.396 -106.558       4.2587
-128.396 -103.053       4.2587
-128.396  -99.548       4.2587
-128.396  -96.043       4.2587
-128.396  -92.538       4.2587
-128.396  -89.032       4.2587
-128.396  -85.527       4.2587
-128.396  -82.022       4.2587
-128.396  -78.517       3.8455
-128.396  -75.012       3.1906
-128.396  -71.507       1.5502
-128.396  -68.002       1.1696
-128.396  -64.497       0.7908
-128.396  -60.992       0.5374
-128.396  -57.486       0.4412
-128.396  -53.981       0.6521
-128.396  -50.476       0.7530
-128.396  -46.971       1.4674
-128.396  -43.466       2.1224
-128.396  -39.961       2.7773
-128.396  -36.456       4.2587
-128.396  -32.951       4.2587
-128.396  -29.446       4.2587
-128.396  -25.940       4.2587
-128.396  -22.435       4.2587
-128.396  -18.930       4.2587
-128.396  -15.425       4.2587
-128.396  -11.920       4.2587
-128.396   -8.415       4.2587
-128.396   -4.910       4.2587
-128.396   -1.405       4.2587
-128.396    2.100       4.2587
-128.396    5.606       3.8455
-128.396    9.111       3.4323
-128.396   12.616       3.0191
-128.396   16.121       3.4323
-128.396   19.626       2.2311
-128.396   23.131       2.5356
-128.396   26.636       2.2722
-128.396   30.141       2.5356
-128.396   33.646       2.6058
-128.396   37.152       2.1926
-128.396   40.657       3.1906
-128.396   44.162       2.6854
-128.396   47.667       2.5356
-128.396   51.172       4.2587
-128.396   54.677       3.8455
-128.396   58.182       3.8455
-128.396   61.687       3.0191
-128.396   65.192       2.3641
-128.396   68.698       2.0596
-128.396   72.203       1.7794
-128.396   75.708       2.0305
-128.396   79.213       2.3164
-128.396   82.718       2.1224
-128.396   86.223       1.9266
-128.396   89.728       1.5015
-128.396   93.233       1.6032
-128.396   96.738       1.7092
-128.396  100.243       2.0596
-128.396  103.749       2.0305
-128.396  107.254       1.9032
-128.396  110.759       2.6854
-128.396  114.264       4.2587
-128.396  117.769       3.0191
-128.396  121.274       3.4323
-128.396  124.779       2.8860
-128.396  128.284       2.5356
-128.396  131.789       2.6854
-128.396  135.295       3.8455
-128.396  138.800       3.4323
-128.396  142.305       2.2311
-128.396  145.810       2.4728
-128.396  149.315       2.5356
-128.396  152.820       2.2722
-128.396  156.325       2.3164
-128.396  159.830       1.9763
-128.396  163.335       1.9032
-128.396  166.841       1.8179
-128.396  170.346       1.6614
-128.396  173.851       2.2311
-128.396  177.356       1.8381
-128.396  180.861       1.8590
-128.396  184.366       1.9763
-128.396  187.871       2.1565
-128.396  191.376       2.4160
-128.396  194.881       2.3641
-128.396  198.387       2.5356
-128.396  201.892       2.6058
-128.396  205.397       2.1565
-128.396  208.902       2.0902
-128.396  212.407       1.5895
-128.396  215.912       1.5377
-128.396  219.417       1.4352
-128.396  222.922       1.5133
-128.396  226.427       1.5761
-128.396  229.933       2.2722
-128.396  233.438       2.7773
-128.396  236.943       2.7773
-128.396  240.448       3.4323
-123.293 -106.558       4.2587
-123.293 -103.053       4.2587
-123.293  -99.548       4.2587
-123.293  -96.043       4.2587
-123.293  -92.538       4.2587
-123.293  -89.032       4.2587
-123.293  -85.527       4.2587
-123.293  -82.022       4.2587
-123.293  -78.517       4.2587
-123.293  -75.012       3.1906
-123.293  -71.507       1.9266
-123.293  -68.002       1.0598
-123.293  -64.497       0.6355
-123.293  -60.992       0.2949
-123.293  -57.486       0.4218
-123.293  -53.981       0.5259
-123.293  -50.476       0.7238
-123.293  -46.971       1.2184
-123.293  -43.466       1.9763
-123.293  -39.961       2.5356
-123.293  -36.456       3.4323
-123.293  -32.951       3.4323
-123.293  -29.446       3.1906
-123.293  -25.940       4.2587
-123.293  -22.435       4.2587
-123.293  -18.930       4.2587
-123.293  -15.425       4.2587
-123.293  -11.920       4.2587
-123.293   -8.415       4.2587
-123.293   -4.910       4.2587
-123.293   -1.405       4.2587
-123.293    2.100       4.2587
-123.293    5.606       4.2587
-123.293    9.111       4.2587
-123.293   12.616       2.5356
-123.293   16.121       2.4728
-123.293   19.626       2.6058
-123.293   23.131       3.0191
-123.293   26.636       2.4160
-123.293   30.141       2.5356
-123.293   33.646       2.2722
-123.293   37.152       2.3164
-123.293   40.657       2.5356
-123.293   44.162       2.4728
-123.293   47.667       3.8455
-123.293   51.172       2.8860
-123.293   54.677       3.0191
-123.293   58.182       3.1906
-123.293   61.687       3.4323
-123.293   65.192       2.8860
-123.293   68.698       2.0902
-123.293   72.203       1.6316
-123.293   75.708       1.8590
-123.293   79.213       2.0596
-123.293   82.718       2.4160
-123.293   86.223       2.4160
-123.293   89.728       1.8590
-123.293   93.233       1.8590
-123.293   96.738       1.7983
-123.293  100.243       1.7610
-123.293  103.749       1.8807
-123.293  107.254       2.1224
-123.293  110.759       2.7773
-123.293  114.264       3.4323
-123.293  117.769       2.4160
-123.293  121.274       2.6854
-123.293  124.779       2.8860
-123.293  128.284       2.6854
-123.293  131.789       2.6058
-123.293  135.295       3.8455
-123.293  138.800       4.2587
-123.293  142.305       2.5356
-123.293  145.810       2.4160
-123.293  149.315       2.8860
-123.293  152.820       2.6854
-123.293  156.325       2.2311
-123.293  159.830       1.6032
-123.293  163.335       1.8590
-123.293  166.841       1.7260
-123.293  170.346       1.7432
-123.293  173.851       1.9763
-123.293  177.356       2.6058
-123.293  180.861       2.1224
-123.293  184.366       1.6928
-123.293  187.871       1.7983
-123.293  191.376       2.0902
-123.293  194.881       2.3164
-123.293  198.387       2.6854
-123.293  201.892       2.3164
-123.293  205.397       2.3164
-123.293  208.902       1.7983
-123.293  212.407       1.4674
-123.293  215.912       1.3043
-123.293  219.417       1.4674
-123.293  222.922       1.5895
-123.293  226.427       1.6316
-123.293  229.933       2.5356
-123.293  233.438       3.8455
-123.293  236.943       4.2587
-123.293  240.448       3.1906
-118.191 -106.558       4.2587
-118.191 -103.053       4.2587
-118.191  -99.548       4.2587
-118.191  -96.043       4.2587
-118.191  -92.538       4.2587
-118.191  -89.032       4.2587
-118.191  -85.527       4.2587
-118.191  -82.022       4.2587
-118.191  -78.517       4.2587
-118.191  -75.012       3.4323
-118.191  -71.507       2.0902
-118.191  -68.002       1.2559
-118.191  -64.497       0.7803
-118.191  -60.992       0.5538
-118.191  -57.486       0.6328
-118.191  -53.981       0.7665
-118.191  -50.476       0.8827
-118.191  -46.971       1.1970
-118.191  -43.466       1.9266
-118.191  -39.961       2.8860
-118.191  -36.456       2.6854
-118.191  -32.951       2.0028
-118.191  -29.446       1.9266
-118.191  -25.940       2.3641
-118.191  -22.435       3.1906
-118.191  -18.930       3.8455
-118.191  -15.425       4.2587
-118.191  -11.920       4.2587
-118.191   -8.415       4.2587
-118.191   -4.910       4.2587
-118.191   -1.405       4.2587
-118.191    2.100       4.2587
-118.191    5.606       4.2587
-118.191    9.111       3.1906
-118.191   12.616       2.4160
-118.191   16.121       2.6058
-118.191   19.626       2.6854
-118.191   23.131       3.1906
-118.191   26.636       3.0191
-118.191   30.141       3.1906
-118.191   33.646       3.8455
-118.191   37.152       2.8860
-118.191   40.657       2.7773
-118.191   44.162       3.8455
-118.191   47.667       4.2587
-118.191   51.172       2.4728
-118.191   54.677       2.0305
-118.191   58.182       2.2722
-118.191   61.687       2.6058
-118.191   65.192       2.0902
-118.191   68.698       1.6173
-118.191   72.203       1.5502
-118.191   75.708       1.9266
-118.191   79.213       1.9032
-118.191   82.718       1.9763
-118.191   86.223       2.0902
-118.191   89.728       1.8179
-118.191   93.233       1.8179
-118.191   96.738       1.7432
-118.191  100.243       1.7260
-118.191  103.749       2.1926
-118.191  107.254       1.9032
-118.191  110.759       2.6854
-118.191  114.264       2.3641
-118.191  117.769       2.4728
-118.191  121.274       3.1906
-118.191  124.779       3.4323
-118.191  128.284       2.7773
-118.191  131.789       3.8455
-118.191  135.295       4.2587
-118.191  138.800       3.8455
-118.191  142.305       3.0191
-118.191  145.810       3.0191
-118.191  149.315       4.2587
-118.191  152.820       2.7773
-118.191  156.325       1.7610
-118.191  159.830       1.5895
-118.191  163.335       1.9032
-118.191  166.841       2.1224
-118.191  170.346       1.7983
-118.191  173.851       1.8381
-118.191  177.356       2.5356
-118.191  180.861       3.4323
-118.191  184.366       2.5356
-118.191  187.871       1.9763
-118.191  191.376       1.9266
-118.191  194.881       1.9763
-118.191  198.387       2.0902
-118.191  201.892       1.7983
-118.191  205.397       2.1224
-118.191  208.902       1.9763
-118.191  212.407       1.7260
-118.191  215.912       1.6614
-118.191  219.417       2.0028
-118.191  222.922       2.0028
-118.191  226.427       2.4160
-118.191  229.933       3.8455
-118.191  233.438       3.8455
-118.191  236.943       4.2587
-118.191  240.448       4.2587
-113.088 -106.558       4.2587
-113.088 -103.053       4.2587
-113.088  -99.548       4.2587
-113.088  -96.043       4.2587
-113.088  -92.538       4.2587
-113.088  -89.032       4.2587
-113.088  -85.527       4.2587
-113.088  -82.022       4.2587
-113.088  -78.517       4.2587
-113.088  -75.012       3.8455
-113.088  -71.507       2.0596
-113.088  -68.002       1.3388
-113.088  -64.497       0.9483
-113.088  -60.992       0.7908
-113.088  -57.486       1.0272
-113.088  -53.981       1.1183
-113.088  -50.476       1.3662
-113.088  -46.971       1.6173
-113.088  -43.466       2.2311
-113.088  -39.961       2.8860
-113.088  -36.456       3.0191
-113.088  -32.951       2.1926
-113.088  -29.446       2.4160
-113.088  -25.940       2.4728
-113.088  -22.435       2.8860
-113.088  -18.930       3.1906
-113.088  -15.425       2.8860
-113.088  -11.920       4.2587
-113.088   -8.415       4.2587
-113.088   -4.910       3.4323
-113.088   -1.405       4.2587
-113.088    2.100       3.1906
-113.088    5.606       2.6058
-113.088    9.111       2.7773
-113.088   12.616       2.6854
-113.088   16.121       3.0191
-113.088   19.626       3.8455
-113.088   23.131       4.2587
-113.088   26.636       4.2587
-113.088   30.141       4.2587
-113.088   33.646       4.2587
-113.088   37.152       4.2587
-113.088   40.657       4.2587
-113.088   44.162       3.1906
-113.088   47.667       2.8860
-113.088   51.172       2.1926
-113.088   54.677       2.0305
-113.088   58.182       2.0028
-113.088   61.687       2.6854
-113.088   65.192       2.3641
-113.088   68.698       1.8381
-113.088   72.203       1.8807
-113.088   75.708       2.4728
-113.088   79.213       2.0596
-113.088   82.718       2.4160
-113.088   86.223       2.0305
-113.088   89.728       1.4147
-113.088   93.233       1.6173
-113.088   96.738       1.9032
-113.088  100.243       1.9763
-113.088  103.749       2.4160
-113.088  107.254       1.9763
-113.088  110.759       2.0902
-113.088  114.264       2.1224
-113.088  117.769       1.7432
-113.088  121.274       2.2311
-113.088  124.779       2.6058
-113.088  128.284       2.8860
-113.088  131.789       2.6854
-113.088  135.295       3.0191
-113.088  138.800       2.8860
-113.088  142.305       3.0191
-113.088  145.810       2.1224
-113.088  149.315       2.3641
-113.088  152.820       1.9032
-113.088  156.325       1.6769
-113.088  159.830       1.6032
-113.088  163.335       1.6769
-113.088  166.841       2.0596
-113.088  170.346       2.2722
-113.088  173.851       1.9266
-113.088  177.356       2.6058
-113.088  180.861       3.4323
-113.088  184.366       4.2587
-113.088  187.871       2.6854
-113.088  191.376       2.2722
-113.088  194.881       1.6769
-113.088  198.387       1.5377
-113.088  201.892       1.4458
-113.088  205.397       1.7794
-113.088  208.902       2.1565
-113.088  212.407       2.5356
-113.088  215.912       1.7092
-113.088  219.417       2.0305
-113.088  222.922       2.0902
-113.088  226.427       2.6058
-113.088  229.933       3.1906
-113.088  233.438       4.2587
-113.088  236.943       4.2587
-113.088  240.448       4.2587
-107.986 -106.558       4.2587
-107.986 -103.053       4.2587
-107.986  -99.548       4.2587
-107.986  -96.043       4.2587
-107.986  -92.538       4.2587
-107.986  -89.032       4.2587
-107.986  -85.527       4.2587
-107.986  -82.022       4.2587
-107.986  -78.517       4.2587
-107.986  -75.012       3.1906
-107.986  -71.507       2.1926
-107.986  -68.002       1.5133
-107.986  -64.497       0.9865
-107.986  -60.992       1.0272
-107.986  -57.486       1.2331
-107.986  -53.981       1.5254
-107.986  -50.476       1.4248
-107.986  -46.971       1.6464
-107.986  -43.466       2.1926
-107.986  -39.961       2.7773
-107.986  -36.456       3.8455
-107.986  -32.951       2.4728
-107.986  -29.446       2.8860
-107.986  -25.940       2.4160
-107.986  -22.435       3.1906
-107.986  -18.930       2.7773
-107.986  -15.425       3.8455
-107.986  -11.920       4.2587
-107.986   -8.415       4.2587
-107.986   -4.910       2.6058
-107.986   -1.405       2.8860
-107.986    2.100       2.8860
-107.986    5.606       2.6854
-107.986    9.111       2.7773
-107.986   12.616       3.0191
-107.986   16.121       2.4160
-107.986   19.626       4.2587
-107.986   23.131       4.2587
-107.986   26.636       4.2587
-107.986   30.141       3.4323
-107.986   33.646       4.2587
-107.986   37.152       4.2587
-107.986   40.657       4.2587
-107.986   44.162       3.4323
-107.986   47.667       3.8455
-107.986   51.172       2.6854
-107.986   54.677       2.8860
-107.986   58.182       3.8455
-107.986   61.687       3.1906
-107.986   65.192       2.8860
-107.986   68.698       2.2722
-107.986   72.203       2.6058
-107.986   75.708       2.4160
-107.986   79.213       2.4160
-107.986   82.718       2.3164
-107.986   86.223       2.2311
-107.986   89.728       1.7983
-107.986   93.233       1.6032
-107.986   96.738       1.7432
-107.986  100.243       2.1224
-107.986  103.749       2.4728
-107.986  107.254       2.0596
-107.986  110.759       2.0596
-107.986  114.264       1.9266
-107.986  117.769       1.5895
-107.986  121.274       1.7983
-107.986  124.779       2.1565
-107.986  128.284       2.6058
-107.986  131.789       2.3641
-107.986  135.295       2.8860
-107.986  138.800       2.8860
-107.986  142.305       2.6058
-107.986  145.810       2.0902
-107.986  149.315       1.6316
-107.986  152.820       1.9032
-107.986  156.325       1.6464
-107.986  159.830       1.6769
-107.986  163.335       2.0596
-107.986  166.841       2.6854
-107.986  170.346       2.4728
-107.986  173.851       2.2311
-107.986  177.356       2.6854
-107.986  180.861       2.7773
-107.986  184.366       3.4323
-107.986  187.871       3.8455
-107.986  191.376       2.6854
-107.986  194.881       2.1926
-107.986  198.387       1.9763
-107.986  201.892       1.6928
-107.986  205.397       1.8381
-107.986  208.902       2.7773
-107.986  212.407       2.7773
-107.986  215.912       2.3164
-107.986  219.417       1.9266
-107.986  222.922       2.1224
-107.986  226.427       2.6058
-107.986  229.933       2.4160
-107.986  233.438       2.4728
-107.986  236.943       3.1906
-107.986  240.448       4.2587
-102.883 -106.558       4.2587
-102.883 -103.053       4.2587
-102.883  -99.548       4.2587
-102.883  -96.043       4.2587
-102.883  -92.538       4.2587
-102.883  -89.032       4.2587
-102.883  -85.527       4.2587
-102.883  -82.022       4.2587
-102.883  -78.517       4.2587
-102.883  -75.012       3.8455
-102.883  -71.507       3.8455
-102.883  -68.002       2.4728
-102.883  -64.497       1.6032
-102.883  -60.992       1.6173
-102.883  -57.486       1.6464
-102.883  -53.981       1.9509
-102.883  -50.476       1.8381
-102.883  -46.971       1.7610
-102.883  -43.466       2.1926
-102.883  -39.961       3.1906
-102.883  -36.456       4.2587
-102.883  -32.951       3.1906
-102.883  -29.446       2.4728
-102.883  -25.940       2.5356
-102.883  -22.435       2.8860
-102.883  -18.930       3.1906
-102.883  -15.425       3.4323
-102.883  -11.920       2.6058
-102.883   -8.415       3.1906
-102.883   -4.910       4.2587
-102.883   -1.405       3.4323
-102.883    2.100       2.7773
-102.883    5.606       2.8860
-102.883    9.111       2.8860
-102.883   12.616       2.7773
-102.883   16.121       3.0191
-102.883   19.626       4.2587
-102.883   23.131       4.2587
-102.883   26.636       3.0191
-102.883   30.141       3.0191
-102.883   33.646       2.6058
-102.883   37.152       2.8860
-102.883   40.657       2.7773
-102.883   44.162       2.6854
-102.883   47.667       2.7773
-102.883   51.172       3.4323
-102.883   54.677       3.4323
-102.883   58.182       3.4323
-102.883   61.687       3.8455
-102.883   65.192       3.8455
-102.883   68.698       3.0191
-102.883   72.203       3.4323
-102.883   75.708       2.6854
-102.883   79.213       2.6854
-102.883   82.718       2.5356
-102.883   86.223       2.1224
-102.883   89.728       1.8381
-102.883   93.233       1.7983
-102.883   96.738       1.8807
-102.883  100.243       2.0596
-102.883  103.749       2.1224
-102.883  107.254       2.4160
-102.883  110.759       2.6058
-102.883  114.264       2.0902
-102.883  117.769       2.2722
-102.883  121.274       2.2722
-102.883  124.779       1.9032
-102.883  128.284       2.5356
-102.883  131.789       2.3164
-102.883  135.295       2.6854
-102.883  138.800       3.4323
-102.883  142.305       2.6854
-102.883  145.810       2.0028
-102.883  149.315       2.0596
-102.883  152.820       2.1565
-102.883  156.325       2.0305
-102.883  159.830       2.1565
-102.883  163.335       3.4323
-102.883  166.841       2.4728
-102.883  170.346       3.1906
-102.883  173.851       3.4323
-102.883  177.356       2.3641
-102.883  180.861       2.1224
-102.883  184.366       2.6854
-102.883  187.871       2.6854
-102.883  191.376       3.0191
-102.883  194.881       2.7773
-102.883  198.387       2.6058
-102.883  201.892       2.7773
-102.883  205.397       2.2722
-102.883  208.902       2.7773
-102.883  212.407       3.1906
-102.883  215.912       2.4728
-102.883  219.417       2.1926
-102.883  222.922       1.9763
-102.883  226.427       2.7773
-102.883  229.933       2.7773
-102.883  233.438       3.0191
-102.883  236.943       4.2587
-102.883  240.448       4.2587
 -97.781 -106.558       4.2587
 -97.781 -103.053       4.2587
 -97.781  -99.548       4.2587
 -97.781  -96.043       4.2587
 -97.781  -92.538       4.2587
 -97.781  -89.032       4.2587
 -97.781  -85.527       4.2587
 -97.781  -82.022       4.2587
 -97.781  -78.517       4.2587
 -97.781  -75.012       4.2587
 -97.781  -71.507       4.2587
 -97.781  -68.002       4.2587
 -97.781  -64.497       4.2587
 -97.781  -60.992       2.6058
 -97.781  -57.486       2.1224
 -97.781  -53.981       2.0305
 -97.781  -50.476       1.6928
 -97.781  -46.971       1.8179
 -97.781  -43.466       2.0305
 -97.781  -39.961       3.4323
 -97.781  -36.456       3.1906
 -97.781  -32.951       2.5356
 -97.781  -29.446       2.0305
 -97.781  -25.940       2.3164
 -97.781  -22.435       2.3164
 -97.781  -18.930       2.2722
 -97.781  -15.425       2.4728
 -97.781  -11.920       3.0191
 -97.781   -8.415       3.1906
 -97.781   -4.910       4.2587
 -97.781   -1.405       3.8455
 -97.781    2.100       2.8860
 -97.781    5.606       2.7773
 -97.781    9.111       3.8455
 -97.781   12.616       4.2587
 -97.781   16.121       4.2587
 -97.781   19.626       4.2587
 -97.781   23.131       2.7773
 -97.781   26.636       2.6854
 -97.781   30.141       2.8860
 -97.781   33.646       2.3164
 -97.781   37.152       2.0596
 -97.781   40.657       2.0028
 -97.781   44.162       3.1906
 -97.781   47.667       4.2587
 -97.781   51.172       4.2587
 -97.781   54.677       3.1906
 -97.781   58.182       4.2587
 -97.781   61.687       4.2587
 -97.781   65.192       4.2587
 -97.781   68.698       3.0191
 -97.781   72.203       4.2587
 -97.781   75.708       4.2587
 -97.781   79.213       3.4323
 -97.781   82.718       2.8860
 -97.781   86.223       2.4728
 -97.781   89.728       2.1565
 -97.781   93.233       1.8590
 -97.781   96.738       2.0305
 -97.781  100.243       2.4160
 -97.781  103.749       2.4160
 -97.781  107.254       2.4728
 -97.781  110.759       2.1926
 -97.781  114.264       2.1926
 -97.781  117.769       1.8179
 -97.781  121.274       1.9266
 -97.781  124.779       2.0305
 -97.781  128.284       2.3641
 -97.781  131.789       2.3164
 -97.781  135.295       2.1224
 -97.781  138.800       2.3641
 -97.781  142.305       2.3641
 -97.781  145.810       2.0902
 -97.781  149.315       2.3641
 -97.781  152.820       2.4160
 -97.781  156.325       2.3164
 -97.781  159.830       2.3641
 -97.781  163.335       3.1906
 -97.781  166.841       3.8455
 -97.781  170.346       4.2587
 -97.781  173.851       3.4323
 -97.781  177.356       3.0191
 -97.781  180.861       2.5356
 -97.781  184.366       2.5356
 -97.781  187.871       2.7773
 -97.781  191.376       3.8455
 -97.781  194.881       4.2587
 -97.781  198.387       3.8455
 -97.781  201.892       3.8455
 -97.781  205.397       3.8455
 -97.781  208.902       3.8455
 -97.781  212.407       4.2587
 -97.781  215.912       2.7773
 -97.781  219.417       2.3641
 -97.781  222.922       2.2311
 -97.781  226.427       2.7773
 -97.781  229.933       3.4323
 -97.781  233.438       3.4323
 -97.781  236.943       4.2587
 -97.781  240.448       4.2587
 -92.678 -106.558       4.2587
 -92.678 -103.053       4.2587
 -92.678  -99.548       4.2587
 -92.678  -96.043       4.2587
 -92.678  -92.538       4.2587
 -92.678  -89.032       4.2587
 -92.678  -85.527       4.2587
 -92.678  -82.022       4.2587
 -92.678  -78.517       4.2587
 -92.678  -75.012       4.2587
 -92.678  -71.507       4.2587
 -92.678  -68.002       4.2587
 -92.678  -64.497       4.2587
 -92.678  -60.992       3.4323
 -92.678  -57.486       3.0191
 -92.678  -53.981       2.3641
 -92.678  -50.476       2.0596
 -92.678  -46.971       2.2311
 -92.678  -43.466       2.1224
 -92.678  -39.961       3.8455
 -92.678  -36.456       3.1906
 -92.678  -32.951       2.6058
 -92.678  -29.446       2.4728
 -92.678  -25.940       2.0902
 -92.678  -22.435       2.1565
 -92.678  -18.930       1.9763
 -92.678  -15.425       2.5356
 -92.678  -11.920       3.4323
 -92.678   -8.415       3.8455
 -92.678   -4.910       4.2587
 -92.678   -1.405       3.8455
 -92.678    2.100       2.5356
 -92.678    5.606       2.3641
 -92.678    9.111       3.8455
 -92.678   12.616       4.2587
 -92.678   16.121       4.2587
 -92.678   19.626       4.2587
 -92.678   23.131       4.2587
 -92.678   26.636       4.2587
 -92.678   30.141       4.2587
 -92.678   33.646       2.1565
 -92.678   37.152       2.0305
 -92.678   40.657       2.4728
 -92.678   44.162       3.8455
 -92.678   47.667       4.2587
 -92.678   51.172       4.2587
 -92.678   54.677       4.2587
 -92.678   58.182       4.2587
 -92.678   61.687       4.2587
 -92.678   65.192       4.2587
 -92.678   68.698       4.2587
 -92.678   72.203       4.2587
 -92.678   75.708       4.2587
 -92.678   79.213       4.2587
 -92.678   82.718       3.4323
 -92.678   86.223       2.6854
 -92.678   89.728       2.2722
 -92.678   93.233       2.1926
 -92.678   96.738       2.4160
 -92.678  100.243       4.2587
 -92.678  103.749       3.4323
 -92.678  107.254       2.4160
 -92.678  110.759       2.2311
 -92.678  114.264       1.9266
 -92.678  117.769       2.3641
 -92.678  121.274       2.0028
 -92.678  124.779       1.9509
 -92.678  128.284       2.5356
 -92.678  131.789       2.7773
 -92.678  135.295       2.3641
 -92.678  138.800       2.6854
 -92.678  142.305       2.6854
 -92.678  145.810       3.0191
 -92.678  149.315       2.4160
 -92.678  152.820       3.1906
 -92.678  156.325       2.8860
 -92.678  159.830       2.3641
 -92.678  163.335       3.1906
 -92.678  166.841       4.2587
 -92.678  170.346       3.8455
 -92.678  173.851       3.1906
 -92.678  177.356       2.8860
 -92.678  180.861       2.8860
 -92.678  184.366       2.7773
 -92.678  187.871       3.4323
 -92.678  191.376       3.4323
 -92.678  194.881       4.2587
 -92.678  198.387       4.2587
 -92.678  201.892       4.2587
 -92.678  205.397       4.2587
 -92.678  208.902       4.2587
 -92.678  212.407       3.0191
 -92.678  215.912       2.1926
 -92.678  219.417       2.3164
 -92.678  222.922       2.0305
 -92.678  226.427       2.5356
 -92.678  229.933       3.4323
 -92.678  233.438       4.2587
 -92.678  236.943       4.2587
 -92.678  240.448       4.2587
 -87.575 -106.558       4.2587
 -87.575 -103.053       4.2587
 -87.575  -99.548       4.2587
 -87.575  -96.043       4.2587
 -87.575  -92.538       4.2587
 -87.575  -89.032       4.2587
 -87.575  -85.527       4.2587
 -87.575  -82.022       4.2587
 -87.575  -78.517       4.2587
 -87.575  -75.012       4.2587
 -87.575  -71.507       4.2587
 -87.575  -68.002       4.2587
 -87.575  -64.497       2.8860
 -87.575  -60.992       2.1224
 -87.575  -57.486       1.8807
 -87.575  -53.981       2.5356
 -87.575  -50.476       2.3164
 -87.575  -46.971       2.5356
 -87.575  -43.466       2.7773
 -87.575  -39.961       2.6854
 -87.575  -36.456       3.8455
 -87.575  -32.951       3.4323
 -87.575  -29.446       3.0191
 -87.575  -25.940       2.4160
 -87.575  -22.435       2.1565
 -87.575  -18.930       2.1565
 -87.575  -15.425       3.0191
 -87.575  -11.920       2.6058
 -87.575   -8.415       3.4323
 -87.575   -4.910       3.4323
 -87.575   -1.405       3.1906
 -87.575    2.100       3.4323
 -87.575    5.606       4.2587
 -87.575    9.111       4.2587
 -87.575   12.616       4.2587
 -87.575   16.121       4.2587
 -87.575   19.626       4.2587
 -87.575   23.131       4.2587
 -87.575   26.636       4.2587
 -87.575   30.141       4.2587
 -87.575   33.646       3.8455
 -87.575   37.152       2.6058
 -87.575   40.657       3.4323
 -87.575   44.162       4.2587
 -87.575   47.667       4.2587
 -87.575   51.172       4.2587
 -87.575   54.677       4.2587
 -87.575   58.182       4.2587
 -87.575   61.687       4.2587
 -87.575   65.192       4.2587
 -87.575   68.698       4.2587
 -87.575   72.203       4.2587
 -87.575   75.708       4.2587
 -87.575   79.213       4.2587
 -87.575   82.718       4.2587
 -87.575   86.223       4.2587
 -87.575   89.728       3.0191
 -87.575   93.233       3.0191
 -87.575   96.738       2.7773
 -87.575  100.243       3.1906
 -87.575  103.749       3.8455
 -87.575  107.254       2.4728
 -87.575  110.759       2.4160
 -87.575  114.264       2.2311
 -87.575  117.769       2.4160
 -87.575  121.274       2.1224
 -87.575  124.779       2.4160
 -87.575  128.284       2.4160
 -87.575  131.789       2.8860
 -87.575  135.295       3.0191
 -87.575  138.800       2.2722
 -87.575  142.305       2.6854
 -87.575  145.810       3.0191
 -87.575  149.315       3.1906
 -87.575  152.820       2.6854
 -87.575  156.325       2.4728
 -87.575  159.830       2.7773
 -87.575  163.335       2.8860
 -87.575  166.841       4.2587
 -87.575  170.346       4.2587
 -87.575  173.851       4.2587
 -87.575  177.356       4.2587
 -87.575  180.861       3.4323
 -87.575  184.366       3.8455
 -87.575  187.871       3.1906
 -87.575  191.376       4.2587
 -87.575  194.881       4.2587
 -87.575  198.387       4.2587
 -87.575  201.892       4.2587
 -87.575  205.397       4.2587
 -87.575  208.902       4.2587
 -87.575  212.407       3.1906
 -87.575  215.912       2.3164
 -87.575  219.417       2.2311
 -87.575  222.922       2.6058
 -87.575  226.427       3.8455
 -87.575  229.933       4.2587
 -87.575  233.438       4.2587
 -87.575  236.943       4.2587
 -87.575  240.448       4.2587
 -82.473 -106.558       4.2587
 -82.473 -103.053       4.2587
 -82.473  -99.548       4.2587
 -82.473  -96.043       4.2587
 -82.473  -92.538       4.2587
 -82.473  -89.032       4.2587
 -82.473  -85.527       4.2587
 -82.473  -82.022       4.2587
 -82.473  -78.517       4.2587
 -82.473  -75.012       4.2587
 -82.473  -71.507       4.2587
 -82.473  -68.002       3.8455
 -82.473  -64.497       2.0902
 -82.473  -60.992       1.6464
 -82.473  -57.486       1.7092
 -82.473  -53.981       1.6614
 -82.473  -50.476       1.9032
 -82.473  -46.971       1.9763
 -82.473  -43.466       3.1906
 -82.473  -39.961       2.8860
 -82.473  -36.456       3.0191
 -82.473  -32.951       2.8860
 -82.473  -29.446       2.5356
 -82.473  -25.940       2.3164
 -82.473  -22.435       1.8381
 -82.473  -18.930       2.1926
 -82.473  -15.425       2.3641
 -82.473  -11.920       2.3641
 -82.473   -8.415       3.1906
 -82.473   -4.910       3.8455
 -82.473   -1.405       4.2587
 -82.473    2.100       4.2587
 -82.473    5.606       4.2587
 -82.473    9.111       4.2587
 -82.473   12.616       4.2587
 -82.473   16.121       4.2587
 -82.473   19.626       4.2587
 -82.473   23.131       4.2587
 -82.473   26.636       4.2587
 -82.473   30.141       4.2587
 -82.473   33.646       4.2587
 -82.473   37.152       4.2587
 -82.473   40.657       4.2587
 -82.473   44.162       4.2587
 -82.473   47.667       3.4323
 -82.473   51.172       3.4323
 -82.473   54.677       4.2587
 -82.473   58.182       4.2587
 -82.473   61.687       4.2587
 -82.473   65.192       4.2587
 -82.473   68.698       4.2587
 -82.473   72.203       4.2587
 -82.473   75.708       4.2587
 -82.473   79.213       4.2587
 -82.473   82.718       4.2587
 -82.473   86.223       4.2587
 -82.473   89.728       4.2587
 -82.473   93.233       2.4160
 -82.473   96.738       2.1224
 -82.473  100.243       2.6058
 -82.473  103.749       3.8455
 -82.473  107.254       3.1906
 -82.473  110.759       3.1906
 -82.473  114.264       3.1906
 -82.473  117.769       3.8455
 -82.473  121.274       2.6854
 -82.473  124.779       2.6058
 -82.473  128.284       2.2722
 -82.473  131.789       2.7773
 -82.473  135.295       2.7773
 -82.473  138.800       2.4728
 -82.473  142.305       2.7773
 -82.473  145.810       4.2587
 -82.473  149.315       4.2587
 -82.473  152.820       3.1906
 -82.473  156.325       2.6854
 -82.473  159.830       3.4323
 -82.473  163.335       3.1906
 -82.473  166.841       3.0191
 -82.473  170.346       3.8455
 -82.473  173.851       4.2587
 -82.473  177.356       3.8455
 -82.473  180.861       2.8860
 -82.473  184.366       2.4728
 -82.473  187.871       4.2587
 -82.473  191.376       4.2587
 -82.473  194.881       4.2587
 -82.473  198.387       4.2587
 -82.473  201.892       4.2587
 -82.473  205.397       4.2587
 -82.473  208.902       4.2587
 -82.473  212.407       3.8455
 -82.473  215.912       2.6854
 -82.473  219.417       3.0191
 -82.473  222.922       2.6058
 -82.473  226.427       3.1906
 -82.473  229.933       4.2587
 -82.473  233.438       4.2587
 -82.473  236.943       4.2587
 -82.473  240.448       4.2587
 -77.370 -106.558       4.2587
 -77.370 -103.053       4.2587
 -77.370  -99.548       4.2587
 -77.370  -96.043       4.2587
 -77.370  -92.538       4.2587
 -77.370  -89.032       4.2587
 -77.370  -85.527       4.2587
 -77.370  -82.022       4.2587
 -77.370  -78.517       4.2587
 -77.370  -75.012       4.2587
 -77.370  -71.507       3.8455
 -77.370  -68.002       2.3641
 -77.370  -64.497       2.0305
 -77.370  -60.992       1.4352
 -77.370  -57.486       1.4899
 -77.370  -53.981       1.5015
 -77.370  -50.476       1.5502
 -77.370  -46.971       2.2722
 -77.370  -43.466       2.1926
 -77.370  -39.961       3.0191
 -77.370  -36.456       2.5356
 -77.370  -32.951       2.3641
 -77.370  -29.446       2.4160
 -77.370  -25.940       2.2311
 -77.370  -22.435       2.1565
 -77.370  -18.930       2.0902
 -77.370  -15.425       2.2311
 -77.370  -11.920       2.4160
 -77.370   -8.415       4.2587
 -77.370   -4.910       4.2587
 -77.370   -1.405       4.2587
 -77.370    2.100       4.2587
 -77.370    5.606       4.2587
 -77.370    9.111       4.2587
 -77.370   12.616       4.2587
 -77.370   16.121       4.2587
 -77.370   19.626       4.2587
 -77.370   23.131       4.2587
 -77.370   26.636       4.2587
 -77.370   30.141       4.2587
 -77.370   33.646       4.2587
 -77.370   37.152       4.2587
 -77.370   40.657       4.2587
 -77.370   44.162       3.0191
 -77.370   47.667       2.0902
 -77.370   51.172       2.2722
 -77.370   54.677       2.6854
 -77.370   58.182       3.1906
 -77.370   61.687       3.4323
 -77.370   65.192       3.8455
 -77.370   68.698       4.2587
 -77.370   72.203       4.2587
 -77.370   75.708       4.2587
 -77.370   79.213       3.1906
 -77.370   82.718       3.1906
 -77.370   86.223       3.8455
 -77.370   89.728       3.4323
 -77.370   93.233       2.5356
 -77.370   96.738       2.2722
 -77.370  100.243       2.7773
 -77.370  103.749       3.1906
 -77.370  107.254       2.6058
 -77.370  110.759       3.1906
 -77.370  114.264       3.8455
 -77.370  117.769       2.8860
 -77.370  121.274       3.1906
 -77.370  124.779       2.5356
 -77.370  128.284       2.1565
 -77.370  131.789       2.3164
 -77.370  135.295       2.6058
 -77.370  138.800       2.6854
 -77.370  142.305       2.2311
 -77.370  145.810       3.4323
 -77.370  149.315       2.6854
 -77.370  152.820       2.5356
 -77.370  156.325       2.8860
 -77.370  159.830       3.8455
 -77.370  163.335       3.0191
 -77.370  166.841       3.4323
 -77.370  170.346       3.4323
 -77.370  173.851       3.8455
 -77.370  177.356       4.2587
 -77.370  180.861       3.1906
 -77.370  184.366       2.6854
 -77.370  187.871       2.7773
 -77.370  191.376       3.1906
 -77.370  194.881       2.8860
 -77.370  198.387       2.4728
 -77.370  201.892       3.4323
 -77.370  205.397       4.2587
 -77.370  208.902       4.2587
 -77.370  212.407       4.2587
 -77.370  215.912       4.2587
 -77.370  219.417       3.1906
 -77.370  222.922       3.4323
 -77.370  226.427       4.2587
 -77.370  229.933       4.2587
 -77.370  233.438       4.2587
 -77.370  236.943       4.2587
 -77.370  240.448       4.2587
 -72.268 -106.558       4.2587
 -72.268 -103.053       4.2587
 -72.268  -99.548       4.2587
 -72.268  -96.043       4.2587
 -72.268  -92.538       4.2587
 -72.268  -89.032       4.2587
 -72.268  -85.527       4.2587
 -72.268  -82.022       4.2587
 -72.268  -78.517       4.2587
 -72.268  -75.012       4.2587
 -72.268  -71.507       4.2587
 -72.268  -68.002       4.2587
 -72.268  -64.497       2.8860
 -72.268  -60.992       1.8807
 -72.268  -57.486       1.7260
 -72.268  -53.981       1.4565
 -72.268  -50.476       1.7794
 -72.268  -46.971       2.0902
 -72.268  -43.466       2.7773
 -72.268  -39.961       2.6854
 -72.268  -36.456       2.5356
 -72.268  -32.951       2.3641
 -72.268  -29.446       2.7773
 -72.268  -25.940       2.1926
 -72.268  -22.435       2.0305
 -72.268  -18.930       2.2722
 -72.268  -15.425       2.4160
 -72.268  -11.920       2.7773
 -72.268   -8.415       4.2587
 -72.268   -4.910       4.2587
 -72.268   -1.405       4.2587
 -72.268    2.100       4.2587
 -72.268    5.606       4.2587
 -72.268    9.111       4.2587
 -72.268   12.616       4.2587
 -72.268   16.121       4.2587
 -72.268   19.626       4.2587
 -72.268   23.131       4.2587
 -72.268   26.636       4.2587
 -72.268   30.141       4.2587
 -72.268   33.646       4.2587
 -72.268   37.152       3.0191
 -72.268   40.657       3.0191
 -72.268   44.162       2.5356
 -72.268   47.667       2.0596
 -72.268   51.172       2.1565
 -72.268   54.677       2.0305
 -72.268   58.182       2.0902
 -72.268   61.687       1.7610
 -72.268   65.192       2.0596
 -72.268   68.698       2.6058
 -72.268   72.203       2.6854
 -72.268   75.708       4.2587
 -72.268   79.213       2.8860
 -72.268   82.718       3.8455
 -72.268   86.223       4.2587
 -72.268   89.728       4.2587
 -72.268   93.233       3.8455
 -72.268   96.738       3.1906
 -72.268  100.243       3.0191
 -72.268  103.749       3.0191
 -72.268  107.254       3.4323
 -72.268  110.759       3.1906
 -72.268  114.264       2.7773
 -72.268  117.769       3.1906
 -72.268  121.274       2.8860
 -72.268  124.779       2.5356
 -72.268  128.284       2.4728
 -72.268  131.789       2.4160
 -72.268  135.295       2.6854
 -72.268  138.800       1.8179
 -72.268  142.305       2.3164
 -72.268  145.810       3.8455
 -72.268  149.315       2.8860
 -72.268  152.820       2.1565
 -72.268  156.325       3.8455
 -72.268  159.830       3.8455
 -72.268  163.335       2.6058
 -72.268  166.841       3.1906
 -72.268  170.346       4.2587
 -72.268  173.851       4.2587
 -72.268  177.356       4.2587
 -72.268  180.861       3.8455
 -72.268  184.366       2.8860
 -72.268  187.871       2.2722
 -72.268  191.376       1.8590
 -72.268  194.881       2.1224
 -72.268  198.387       2.0902
 -72.268  201.892       2.1224
 -72.268  205.397       2.6854
 -72.268  208.902       3.8455
 -72.268  212.407       3.8455
 -72.268  215.912       4.2587
 -72.268  219.417       4.2587
 -72.268  222.922       3.8455
 -72.268  226.427       4.2587
 -72.268  229.933       4.2587
 -72.268  233.438       4.2587
 -72.268  236.943       4.2587
 -72.268  240.448       4.2587
 -67.165 -106.558       4.2587
 -67.165 -103.053       4.2587
 -67.165  -99.548       4.2587
 -67.165  -96.043       4.2587
 -67.165  -92.538       4.2587
 -67.165  -89.032       4.2587
 -67.165  -85.527       4.2587
 -67.165  -82.022       4.2587
 -67.165  -78.517       4.2587
 -67.165  -75.012       4.2587
 -67.165  -71.507       4.2587
 -67.165  -68.002       4.2587
 -67.165  -64.497       4.2587
 -67.165  -60.992       2.2311
 -67.165  -57.486       1.7092
 -67.165  -53.981       2.0305
 -67.165  -50.476       2.3164
 -67.165  -46.971       2.1224
 -67.165  -43.466       1.9763
 -67.165  -39.961       2.4728
 -67.165  -36.456       2.6058
 -67.165  -32.951       2.8860
 -67.165  -29.446       2.8860
 -67.165  -25.940       2.3641
 -67.165  -22.435       2.3641
 -67.165  -18.930       2.5356
 -67.165  -15.425       2.3641
 -67.165  -11.920       3.0191
 -67.165   -8.415       4.2587
 -67.165   -4.910       4.2587
 -67.165   -1.405       4.2587
 -67.165    2.100       4.2587
 -67.165    5.606       4.2587
 -67.165    9.111       4.2587
 -67.165   12.616       4.2587
 -67.165   16.121       4.2587
 -67.165   19.626       4.2587
 -67.165   23.131       4.2587
 -67.165   26.636       4.2587
 -67.165   30.141       4.2587
 -67.165   33.646       4.2587
 -67.165   37.152       2.4160
 -67.165   40.657       2.4728
 -67.165   44.162       2.0902
 -67.165   47.667       1.7432
 -67.165   51.172       1.8381
 -67.165   54.677       2.1565
 -67.165   58.182       1.7610
 -67.165   61.687       1.6769
 -67.165   65.192       2.0902
 -67.165   68.698       2.4728
 -67.165   72.203       2.2722
 -67.165   75.708       3.1906
 -67.165   79.213       2.6058
 -67.165   82.718       3.8455
 -67.165   86.223       4.2587
 -67.165   89.728       4.2587
 -67.165   93.233       4.2587
 -67.165   96.738       4.2587
 -67.165  100.243       4.2587
 -67.165  103.749       3.1906
 -67.165  107.254       2.8860
 -67.165  110.759       2.4160
 -67.165  114.264       2.2722
 -67.165  117.769       2.6854
 -67.165  121.274       3.1906
 -67.165  124.779       3.4323
 -67.165  128.284       2.6058
 -67.165  131.789       2.6854
 -67.165  135.295       3.4323
 -67.165  138.800       2.3164
 -67.165  142.305       2.3164
 -67.165  145.810       3.1906
 -67.165  149.315       3.8455
 -67.165  152.820       2.3164
 -67.165  156.325       2.4728
 -67.165  159.830       2.4728
 -67.165  163.335       3.1906
 -67.165  166.841       3.8455
 -67.165  170.346       3.8455
 -67.165  173.851       4.2587
 -67.165  177.356       4.2587
 -67.165  180.861       4.2587
 -67.165  184.366       3.4323
 -67.165  187.871       2.7773
 -67.165  191.376       1.9032
 -67.165  194.881       2.1565
 -67.165  198.387       2.2311
 -67.165  201.892       1.6928
 -67.165  205.397       1.9032
 -67.165  208.902       2.3164
 -67.165  212.407       3.1906
 -67.165  215.912       4.2587
 -67.165  219.417       4.2587
 -67.165  222.922       4.2587
 -67.165  226.427       4.2587
 -67.165  229.933       4.2587
 -67.165  233.438       4.2587
 -67.165  236.943       4.2587
 -67.165  240.448       4.2587
 -62.062 -106.558       4.2587
 -62.062 -103.053       4.2587
 -62.062  -99.548       4.2587
 -62.062  -96.043       4.2587
 -62.062  -92.538       4.2587
 -62.062  -89.032       4.2587
 -62.062  -85.527       4.2587
 -62.062  -82.022       4.2587
 -62.062  -78.517       4.2587
 -62.062  -75.012       4.2587
 -62.062  -71.507       4.2587
 -62.062  -68.002       4.2587
 -62.062  -64.497       4.2587
 -62.062  -60.992       2.7773
 -62.062  -57.486       2.3641
 -62.062  -53.981       2.0028
 -62.062  -50.476       2.3164
 -62.062  -46.971       2.0028
 -62.062  -43.466       2.4160
 -62.062  -39.961       2.4728
 -62.062  -36.456       2.2311
 -62.062  -32.951       3.1906
 -62.062  -29.446       4.2587
 -62.062  -25.940       2.4728
 -62.062  -22.435       2.1565
 -62.062  -18.930       2.6854
 -62.062  -15.425       3.1906
 -62.062  -11.920       3.4323
 -62.062   -8.415       4.2587
 -62.062   -4.910       4.2587
 -62.062   -1.405       4.2587
 -62.062    2.100       4.2587
 -62.062    5.606       4.2587
 -62.062    9.111       4.2587
 -62.062   12.616       4.2587
 -62.062   16.121       4.2587
 -62.062   19.626       4.2587
 -62.062   23.131       4.2587
 -62.062   26.636       4.2587
 -62.062   30.141       4.2587
 -62.062   33.646       4.2587
 -62.062   37.152       3.4323
 -62.062   40.657       3.0191
 -62.062   44.162       2.6058
 -62.062   47.667       2.1926
 -62.062   51.172       1.9509
 -62.062   54.677       1.9266
 -62.062   58.182       1.7983
 -62.062   61.687       1.6464
 -62.062   65.192       2.1565
 -62.062   68.698       2.7773
 -62.062   72.203       3.4323
 -62.062   75.708       3.1906
 -62.062   79.213       3.0191
 -62.062   82.718       3.8455
 -62.062   86.223       4.2587
 -62.062   89.728       4.2587
 -62.062   93.233       4.2587
 -62.062   96.738       3.1906
 -62.062  100.243       3.0191
 -62.062  103.749       2.4160
 -62.062  107.254       2.4160
 -62.062  110.759       2.2311
 -62.062  114.264       1.9763
 -62.062  117.769       2.1565
 -62.062  121.274       3.4323
 -62.062  124.779       3.8455
 -62.062  128.284       4.2587
 -62.062  131.789       4.2587
 -62.062  135.295       3.1906
 -62.062  138.800       2.8860
 -62.062  142.305       2.6854
 -62.062  145.810       3.1906
 -62.062  149.315       3.0191
 -62.062  152.820       3.1906
 -62.062  156.325       2.3641
 -62.062  159.830       2.0902
 -62.062  163.335       2.4160
 -62.062  166.841       2.3641
 -62.062  170.346       2.7773
 -62.062  173.851       2.7773
 -62.062  177.356       2.6058
 -62.062  180.861       2.6854
 -62.062  184.366       2.5356
 -62.062  187.871       2.7773
 -62.062  191.376       2.2311
 -62.062  194.881       1.7983
 -62.062  198.387       1.6614
 -62.062  201.892       1.6173
 -62.062  205.397       2.0596
 -62.062  208.902       2.1926
 -62.062  212.407       3.0191
 -62.062  215.912       4.2587
 -62.062  219.417       4.2587
 -62.062  222.922       4.2587
 -62.062  226.427       4.2587
 -62.062  229.933       4.2587
 -62.062  233.438       4.2587
 -62.062  236.943       4.2587
 -62.062  240.448       4.2587
 -56.960 -106.558       4.2587
 -56.960 -103.053       4.2587
 -56.960  -99.548       4.2587
 -56.960  -96.043       4.2587
 -56.960  -92.538       4.2587
 -56.960  -89.032       4.2587
 -56.960  -85.527       4.2587
 -56.960  -82.022       4.2587
 -56.960  -78.517       4.2587
 -56.960  -75.012       4.2587
 -56.960  -71.507       4.2587
 -56.960  -68.002       4.2587
 -56.960  -64.497       4.2587
 -56.960  -60.992       4.2587
 -56.960  -57.486       3.1906
 -56.960  -53.981       2.6854
 -56.960  -50.476       2.1565
 -56.960  -46.971       2.3164
 -56.960  -43.466       3.8455
 -56.960  -39.961       3.0191
 -56.960  -36.456       3.4323
 -56.960  -32.951       3.4323
 -56.960  -29.446       3.1906
 -56.960  -25.940       2.6058
 -56.960  -22.435       2.5356
 -56.960  -18.930       2.6058
 -56.960  -15.425       4.2587
 -56.960  -11.920       4.2587
 -56.960   -8.415       4.2587
 -56.960   -4.910       4.2587
 -56.960   -1.405       4.2587
 -56.960    2.100       4.2587
 -56.960    5.606       4.2587
 -56.960    9.111       4.2587
 -56.960   12.616       4.2587
 -56.960   16.121       4.2587
 -56.960   19.626       4.2587
 -56.960   23.131       4.2587
 -56.960   26.636       4.2587
 -56.960   30.141       4.2587
 -56.960   33.646       3.8455
 -56.960   37.152       3.4323
 -56.960   40.657       3.0191
 -56.960   44.162       2.7773
 -56.960   47.667       3.1906
 -56.960   51.172       2.2722
 -56.960   54.677       2.1926
 -56.960   58.182       2.1926
 -56.960   61.687       1.9032
 -56.960   65.192       2.2722
 -56.960   68.698       3.4323
 -56.960   72.203       2.6854
 -56.960   75.708       2.3164
 -56.960   79.213       2.6058
 -56.960   82.718       3.4323
 -56.960   86.223       3.1906
 -56.960   89.728       4.2587
 -56.960   93.233       3.1906
 -56.960   96.738       3.0191
 -56.960  100.243       2.3164
 -56.960  103.749       2.1224
 -56.960  107.254       2.0305
 -56.960  110.759       2.6058
 -56.960  114.264       2.5356
 -56.960  117.769       2.6058
 -56.960  121.274       3.0191
 -56.960  124.779       3.8455
 -56.960  128.284       3.8455
 -56.960  131.789       4.2587
 -56.960  135.295       2.6058
 -56.960  138.800       3.4323
 -56.960  142.305       3.0191
 -56.960  145.810       3.0191
 -56.960  149.315       2.8860
 -56.960  152.820       3.4323
 -56.960  156.325       3.0191
 -56.960  159.830       2.6854
 -56.960  163.335       2.7773
 -56.960  166.841       2.5356
 -56.960  170.346       2.6058
 -56.960  173.851       2.7773
 -56.960  177.356       2.6854
 -56.960  180.861       2.6058
 -56.960  184.366       3.0191
 -56.960  187.871       2.6854
 -56.960  191.376       2.5356
 -56.960  194.881       2.2311
 -56.960  198.387       1.9032
 -56.960  201.892       1.7610
 -56.960  205.397       1.9266
 -56.960  208.902       2.6854
 -56.960  212.407       2.8860
 -56.960  215.912       4.2587
 -56.960  219.417       4.2587
 -56.960  222.922       4.2587
 -56.960  226.427       4.2587
 -56.960  229.933       4.2587
 -56.960  233.438       4.2587
 -56.960  236.943       4.2587
 -56.960  240.448       4.2587
 -51.857 -106.558       4.2587
 -51.857 -103.053       4.2587
 -51.857  -99.548       4.2587
 -51.857  -96.043       4.2587
 -51.857  -92.538       4.2587
 -51.857  -89.032       4.2587
 -51.857  -85.527       4.2587
 -51.857  -82.022       4.2587
 -51.857  -78.517       4.2587
 -51.857  -75.012       4.2587
 -51.857  -71.507       4.2587
 -51.857  -68.002       4.2587
 -51.857  -64.497       4.2587
 -51.857  -60.992       4.2587
 -51.857  -57.486       4.2587
 -51.857  -53.981       4.2587
 -51.857  -50.476       4.2587
 -51.857  -46.971       4.2587
 -51.857  -43.466       3.8455
 -51.857  -39.961       3.4323
 -51.857  -36.456       4.2587
 -51.857  -32.951       3.8455
 -51.857  -29.446       3.4323
 -51.857  -25.940       2.6058
 -51.857  -22.435       3.1906
 -51.857  -18.930       4.2587
 -51.857  -15.425       4.2587
 -51.857  -11.920       4.2587
 -51.857   -8.415       4.2587
 -51.857   -4.910       4.2587
 -51.857   -1.405       4.2587
 -51.857    2.100       4.2587
 -51.857    5.606       4.2587
 -51.857    9.111       4.2587
 -51.857   12.616       4.2587
 -51.857   16.121       4.2587
 -51.857   19.626       4.2587
 -51.857   23.131       4.2587
 -51.857   26.636       4.2587
 -51.857   30.141       4.2587
 -51.857   33.646       3.1906
 -51.857   37.152       3.1906
 -51.857   40.657       2.6854
 -51.857   44.162       2.8860
 -51.857   47.667       2.2722
 -51.857   51.172       2.1565
 -51.857   54.677       2.0596
 -51.857   58.182       2.0902
 -51.857   61.687       1.7610
 -51.857   65.192       2.1565
 -51.857   68.698       2.0596
 -51.857   72.203       2.0305
 -51.857   75.708       2.3641
 -51.857   79.213       2.4728
 -51.857   82.718       2.3641
 -51.857   86.223       2.3641
 -51.857   89.728       2.5356
 -51.857   93.233       3.0191
 -51.857   96.738       3.1906
 -51.857  100.243       2.7773
 -51.857  103.749       2.6854
 -51.857  107.254       2.3641
 -51.857  110.759       3.4323
 -51.857  114.264       3.8455
 -51.857  117.769       3.4323
 -51.857  121.274       3.8455
 -51.857  124.779       4.2587
 -51.857  128.284       3.8455
 -51.857  131.789       2.7773
 -51.857  135.295       2.5356
 -51.857  138.800       2.6058
 -51.857  142.305       2.8860
 -51.857  145.810       2.6854
 -51.857  149.315       2.4728
 -51.857  152.820       2.6058
 -51.857  156.325       3.8455
 -51.857  159.830       2.6058
 -51.857  163.335       2.4160
 -51.857  166.841       3.0191
 -51.857  170.346       2.6058
 -51.857  173.851       2.7773
 -51.857  177.356       3.1906
 -51.857  180.861       2.6854
 -51.857  184.366       3.4323
 -51.857  187.871       2.6854
 -51.857  191.376       2.6854
 -51.857  194.881       2.4728
 -51.857  198.387       2.3164
 -51.857  201.892       2.6058
 -51.857  205.397       2.0902
 -51.857  208.902       2.2722
 -51.857  212.407       2.6058
 -51.857  215.912       4.2587
 -51.857  219.417       4.2587
 -51.857  222.922       4.2587
 -51.857  226.427       4.2587
 -51.857  229.933       4.2587
 -51.857  233.438       4.2587
 -51.857  236.943       4.2587
 -51.857  240.448       4.2587
 -46.755 -106.558       4.2587
 -46.755 -103.053       4.2587
 -46.755  -99.548       4.2587
 -46.755  -96.043       4.2587
 -46.755  -92.538       4.2587
 -46.755  -89.032       4.2587
 -46.755  -85.527       4.2587
 -46.755  -82.022       4.2587
 -46.755  -78.517       4.2587
 -46.755  -75.012       4.2587
 -46.755  -71.507       4.2587
 -46.755  -68.002       4.2587
 -46.755  -64.497       4.2587
 -46.755  -60.992       4.2587
 -46.755  -57.486       4.2587
 -46.755  -53.981       4.2587
 -46.755  -50.476       4.2587
 -46.755  -46.971       4.2587
 -46.755  -43.466       4.2587
 -46.755  -39.961       4.2587
 -46.755  -36.456       4.2587
 -46.755  -32.951       4.2587
 -46.755  -29.446       3.4323
 -46.755  -25.940       3.4323
 -46.755  -22.435       4.2587
 -46.755  -18.930       4.2587
 -46.755  -15.425       4.2587
 -46.755  -11.920       4.2587
 -46.755   -8.415       4.2587
 -46.755   -4.910       4.2587
 -46.755   -1.405       4.2587
 -46.755    2.100       4.2587
 -46.755    5.606       4.2587
 -46.755    9.111       4.2587
 -46.755   12.616       4.2587
 -46.755   16.121       4.2587
 -46.755   19.626       4.2587
 -46.755   23.131       4.2587
 -46.755   26.636       4.2587
 -46.755   30.141       4.2587
 -46.755   33.646       3.8455
 -46.755   37.152       4.2587
 -46.755   40.657       3.0191
 -46.755   44.162       2.5356
 -46.755   47.667       2.3641
 -46.755   51.172       2.7773
 -46.755   54.677       2.3641
 -46.755   58.182       2.1224
 -46.755   61.687       1.9509
 -46.755   65.192       2.0596
 -46.755   68.698       1.7610
 -46.755   72.203       1.9763
 -46.755   75.708       2.2722
 -46.755   79.213       2.0305
 -46.755   82.718       1.9509
 -46.755   86.223       2.0028
 -46.755   89.728       2.2722
 -46.755   93.233       2.4728
 -46.755   96.738       2.5356
 -46.755  100.243       2.7773
 -46.755  103.749       2.8860
 -46.755  107.254       4.2587
 -46.755  110.759       4.2587
 -46.755  114.264       4.2587
 -46.755  117.769       4.2587
 -46.755  121.274       4.2587
 -46.755  124.779       4.2587
 -46.755  128.284       3.4323
 -46.755  131.789       3.1906
 -46.755  135.295       3.1906
 -46.755  138.800       3.1906
 -46.755  142.305       2.7773
 -46.755  145.810       2.8860
 -46.755  149.315       2.7773
 -46.755  152.820       3.0191
 -46.755  156.325       3.8455
 -46.755  159.830       3.8455
 -46.755  163.335       2.7773
 -46.755  166.841       2.8860
 -46.755  170.346       4.2587
 -46.755  173.851       3.4323
 -46.755  177.356       3.0191
 -46.755  180.861       2.8860
 -46.755  184.366       3.0191
 -46.755  187.871       4.2587
 -46.755  191.376       2.6854
 -46.755  194.881       2.5356
 -46.755  198.387       2.2311
 -46.755  201.892       2.1565
 -46.755  205.397       2.0305
 -46.755  208.902       2.1565
 -46.755  212.407       2.6058
 -46.755  215.912       3.0191
 -46.755  219.417       4.2587
 -46.755  222.922       4.2587
 -46.755  226.427       4.2587
 -46.755  229.933       4.2587
 -46.755  233.438       4.2587
 -46.755  236.943       4.2587
 -46.755  240.448       4.2587
 -41.652 -106.558       4.2587
 -41.652 -103.053       4.2587
 -41.652  -99.548       4.2587
 -41.652  -96.043       4.2587
 -41.652  -92.538       4.2587
 -41.652  -89.032       4.2587
 -41.652  -85.527       4.2587
 -41.652  -82.022       4.2587
 -41.652  -78.517       4.2587
 -41.652  -75.012       4.2587
 -41.652  -71.507       4.2587
 -41.652  -68.002       4.2587
 -41.652  -64.497       4.2587
 -41.652  -60.992       4.2587
 -41.652  -57.486       4.2587
 -41.652  -53.981       4.2587
 -41.652  -50.476       4.2587
 -41.652  -46.971       4.2587
 -41.652  -43.466       4.2587
 -41.652  -39.961       4.2587
 -41.652  -36.456       4.2587
 -41.652  -32.951       4.2587
 -41.652  -29.446       4.2587
 -41.652  -25.940       4.2587
 -41.652  -22.435       4.2587
 -41.652  -18.930       4.2587
 -41.652  -15.425       4.2587
 -41.652  -11.920       4.2587
 -41.652   -8.415       4.2587
 -41.652   -4.910       4.2587
 -41.652   -1.405       4.2587
 -41.652    2.100       4.2587
 -41.652    5.606       4.2587
 -41.652    9.111       4.2587
 -41.652   12.616       4.2587
 -41.652   16.121       4.2587
 -41.652   19.626       4.2587
 -41.652   23.131       4.2587
 -41.652   26.636       4.2587
 -41.652   30.141       4.2587
 -41.652   33.646       3.0191
 -41.652   37.152       3.0191
 -41.652   40.657       2.8860
 -41.652   44.162       2.7773
 -41.652   47.667       2.6058
 -41.652   51.172       2.6058
 -41.652   54.677       3.0191
 -41.652   58.182       2.1224
 -41.652   61.687       2.0028
 -41.652   65.192       1.8807
 -41.652   68.698       1.7794
 -41.652   72.203       1.8807
 -41.652   75.708       2.2311
 -41.652   79.213       2.4728
 -41.652   82.718       2.1224
 -41.652   86.223       2.0028
 -41.652   89.728       1.7610
 -41.652   93.233       2.0028
 -41.652   96.738       2.6854
 -41.652  100.243       2.4160
 -41.652  103.749       3.8455
 -41.652  107.254       4.2587
 -41.652  110.759       4.2587
 -41.652  114.264       4.2587
 -41.652  117.769       4.2587
 -41.652  121.274       4.2587
 -41.652  124.779       3.8455
 -41.652  128.284       2.5356
 -41.652  131.789       2.1565
 -41.652  135.295       2.4728
 -41.652  138.800       2.6058
 -41.652  142.305       2.7773
 -41.652  145.810       3.1906
 -41.652  149.315       3.0191
 -41.652  152.820       2.8860
 -41.652  156.325       2.3164
 -41.652  159.830       3.8455
 -41.652  163.335       2.4728
 -41.652  166.841       3.8455
 -41.652  170.346       4.2587
 -41.652  173.851       4.2587
 -41.652  177.356       3.0191
 -41.652  180.861       2.4160
 -41.652  184.366       1.9763
 -41.652  187.871       2.3641
 -41.652  191.376       2.1565
 -41.652  194.881       2.5356
 -41.652  198.387       1.8381
 -41.652  201.892       1.8179
 -41.652  205.397       1.8179
 -41.652  208.902       1.9509
 -41.652  212.407       2.4728
 -41.652  215.912       3.4323
 -41.652  219.417       4.2587
 -41.652  222.922       4.2587
 -41.652  226.427       4.2587
 -41.652  229.933       4.2587
 -41.652  233.438       4.2587
 -41.652  236.943       4.2587
 -41.652  240.448       4.2587
 -36.550 -106.558       4.2587
 -36.550 -103.053       4.2587
 -36.550  -99.548       4.2587
 -36.550  -96.043       4.2587
 -36.550  -92.538       4.2587
 -36.550  -89.032       4.2587
 -36.550  -85.527       4.2587
 -36.550  -82.022       4.2587
 -36.550  -78.517       4.2587
 -36.550  -75.012       4.2587
 -36.550  -71.507       4.2587
 -36.550  -68.002       4.2587
 -36.550  -64.497       4.2587
 -36.550  -60.992       4.2587
 -36.550  -57.486       4.2587
 -36.550  -53.981       4.2587
 -36.550  -50.476       4.2587
 -36.550  -46.971       4.2587
 -36.550  -43.466       4.2587
 -36.550  -39.961       4.2587
 -36.550  -36.456       4.2587
 -36.550  -32.951       4.2587
 -36.550  -29.446       4.2587
 -36.550  -25.940       4.2587
 -36.550  -22.435       4.2587
 -36.550  -18.930       4.2587
 -36.550  -15.425       4.2587
 -36.550  -11.920       4.2587
 -36.550   -8.415       4.2587
 -36.550   -4.910       4.2587
 -36.550   -1.405       4.2587
 -36.550    2.100       4.2587
 -36.550    5.606       4.2587
 -36.550    9.111       4.2587
 -36.550   12.616       4.2587
 -36.550   16.121       4.2587
 -36.550   19.626       4.2587
 -36.550   23.131       4.2587
 -36.550   26.636       4.2587
 -36.550   30.141       4.2587
 -36.550   33.646       3.0191
 -36.550   37.152       2.3164
 -36.550   40.657       2.4160
 -36.550   44.162       3.4323
 -36.550   47.667       2.5356
 -36.550   51.172       2.1224
 -36.550   54.677       2.5356
 -36.550   58.182       2.3164
 -36.550   61.687       2.2722
 -36.550   65.192       2.0305
 -36.550   68.698       1.8381
 -36.550   72.203       2.4160
 -36.550   75.708       2.3164
 -36.550   79.213       2.0596
 -36.550   82.718       2.0596
 -36.550   86.223       2.1926
 -36.550   89.728       1.8807
 -36.550   93.233       2.0028
 -36.550   96.738       2.4728
 -36.550  100.243       3.4323
 -36.550  103.749       4.2587
 -36.550  107.254       4.2587
 -36.550  110.759       4.2587
 -36.550  114.264       4.2587
 -36.550  117.769       4.2587
 -36.550  121.274       4.2587
 -36.550  124.779       3.8455
 -36.550  128.284       2.3164
 -36.550  131.789       2.4728
 -36.550  135.295       2.4728
 -36.550  138.800       2.2311
 -36.550  142.305       2.2722
 -36.550  145.810       2.5356
 -36.550  149.315       2.8860
 -36.550  152.820       2.8860
 -36.550  156.325       2.7773
 -36.550  159.830       3.8455
 -36.550  163.335       3.8455
 -36.550  166.841       4.2587
 -36.550  170.346       4.2587
 -36.550  173.851       3.0191
 -36.550  177.356       2.8860
 -36.550  180.861       2.1565
 -36.550  184.366       1.8179
 -36.550  187.871       1.8381
 -36.550  191.376       1.9266
 -36.550  194.881       2.0305
 -36.550  198.387       1.6614
 -36.550  201.892       1.6316
 -36.550  205.397       1.4458
 -36.550  208.902       1.7092
 -36.550  212.407       2.8860
 -36.550  215.912       4.2587
 -36.550  219.417       4.2587
 -36.550  222.922       4.2587
 -36.550  226.427       4.2587
 -36.550  229.933       4.2587
 -36.550  233.438       4.2587
 -36.550  236.943       4.2587
 -36.550  240.448       4.2587
 -31.447 -106.558       4.2587
 -31.447 -103.053       4.2587
 -31.447  -99.548       4.2587
 -31.447  -96.043       4.2587
 -31.447  -92.538       4.2587
 -31.447  -89.032       4.2587
 -31.447  -85.527       4.2587
 -31.447  -82.022       4.2587
 -31.447  -78.517       4.2587
 -31.447  -75.012       4.2587
 -31.447  -71.507       4.2587
 -31.447  -68.002       4.2587
 -31.447  -64.497       4.2587
 -31.447  -60.992       4.2587
 -31.447  -57.486       4.2587
 -31.447  -53.981       4.2587
 -31.447  -50.476       4.2587
 -31.447  -46.971       4.2587
 -31.447  -43.466       4.2587
 -31.447  -39.961       4.2587
 -31.447  -36.456       4.2587
 -31.447  -32.951       4.2587
 -31.447  -29.446       4.2587
 -31.447  -25.940       4.2587
 -31.447  -22.435       4.2587
 -31.447  -18.930       4.2587
 -31.447  -15.425       4.2587
 -31.447  -11.920       4.2587
 -31.447   -8.415       4.2587
 -31.447   -4.910       4.2587
 -31.447   -1.405       4.2587
 -31.447    2.100       4.2587
 -31.447    5.606       4.2587
 -31.447    9.111       4.2587
 -31.447   12.616       4.2587
 -31.447   16.121       4.2587
 -31.447   19.626       4.2587
 -31.447   23.131       4.2587
 -31.447   26.636       4.2587
 -31.447   30.141       4.2587
 -31.447   33.646       3.4323
 -31.447   37.152       3.4323
 -31.447   40.657       3.1906
 -31.447   44.162       3.0191
 -31.447   47.667       3.1906
 -31.447   51.172       2.7773
 -31.447   54.677       2.6854
 -31.447   58.182       2.0028
 -31.447   61.687       2.1565
 -31.447   65.192       2.5356
 -31.447   68.698       2.2722
 -31.447   72.203       2.4160
 -31.447   75.708       2.4160
 -31.447   79.213       2.3164
 -31.447   82.718       2.8860
 -31.447   86.223       2.4160
 -31.447   89.728       2.8860
 -31.447   93.233       2.7773
 -31.447   96.738       3.1906
 -31.447  100.243       4.2587
 -31.447  103.749       4.2587
 -31.447  107.254       4.2587
 -31.447  110.759       4.2587
 -31.447  114.264       4.2587
 -31.447  117.769       4.2587
 -31.447  121.274       4.2587
 -31.447  124.779       4.2587
 -31.447  128.284       3.4323
 -31.447  131.789       3.0191
 -31.447  135.295       2.6058
 -31.447  138.800       2.1224
 -31.447  142.305       2.3164
 -31.447  145.810       3.0191
 -31.447  149.315       3.1906
 -31.447  152.820       3.4323
 -31.447  156.325       3.1906
 -31.447  159.830       4.2587
 -31.447  163.335       4.2587
 -31.447  166.841       4.2587
 -31.447  170.346       2.5356
 -31.447  173.851       2.5356
 -31.447  177.356       2.4160
 -31.447  180.861       2.4160
 -31.447  184.366       1.9509
 -31.447  187.871       1.6032
 -31.447  191.376       1.6173
 -31.447  194.881       1.6928
 -31.447  198.387       1.3478
 -31.447  201.892       1.6173
 -31.447  205.397       1.8381
 -31.447  208.902       2.0596
 -31.447  212.407       2.6058
 -31.447  215.912       3.0191
 -31.447  219.417       4.2587
 -31.447  222.922       4.2587
 -31.447  226.427       4.2587
 -31.447  229.933       4.2587
 -31.447  233.438       4.2587
 -31.447  236.943       4.2587
 -31.447  240.448       4.2587
 -26.344 -106.558       4.2587
 -26.344 -103.053       4.2587
 -26.344  -99.548       4.2587
 -26.344  -96.043       4.2587
 -26.344  -92.538       4.2587
 -26.344  -89.032       4.2587
 -26.344  -85.527       4.2587
 -26.344  -82.022       4.2587
 -26.344  -78.517       4.2587
 -26.344  -75.012       4.2587
 -26.344  -71.507       4.2587
 -26.344  -68.002       4.2587
 -26.344  -64.497       4.2587
 -26.344  -60.992       4.2587
 -26.344  -57.486       4.2587
 -26.344  -53.981       4.2587
 -26.344  -50.476       4.2587
 -26.344  -46.971       4.2587
 -26.344  -43.466       4.2587
 -26.344  -39.961       4.2587
 -26.344  -36.456       4.2587
 -26.344  -32.951       4.2587
 -26.344  -29.446       4.2587
 -26.344  -25.940       4.2587
 -26.344  -22.435       4.2587
 -26.344  -18.930       4.2587
 -26.344  -15.425       4.2587
 -26.344  -11.920       4.2587
 -26.344   -8.415       4.2587
 -26.344   -4.910       4.2587
 -26.344   -1.405       4.2587
 -26.344    2.100       4.2587
 -26.344    5.606       4.2587
 -26.344    9.111       4.2587
 -26.344   12.616       4.2587
 -26.344   16.121       4.2587
 -26.344   19.626       4.2587
 -26.344   23.131       4.2587
 -26.344   26.636       4.2587
 -26.344   30.141       4.2587
 -26.344   33.646       4.2587
 -26.344   37.152       4.2587
 -26.344   40.657       4.2587
 -26.344   44.162       3.8455
 -26.344   47.667       3.1906
 -26.344   51.172       3.1906
 -26.344   54.677       2.4728
 -26.344   58.182       2.6854
 -26.344   61.687       2.5356
 -26.344   65.192       2.3641
 -26.344   68.698       2.7773
 -26.344   72.203       3.4323
 -26.344   75.708       3.8455
 -26.344   79.213       2.8860
 -26.344   82.718       2.6058
 -26.344   86.223       2.8860
 -26.344   89.728       2.3164
 -26.344   93.233       2.6058
 -26.344   96.738       3.4323
 -26.344  100.243       4.2587
 -26.344  103.749       4.2587
 -26.344  107.254       4.2587
 -26.344  110.759       4.2587
 -26.344  114.264       4.2587
 -26.344  117.769       4.2587
 -26.344  121.274       3.8455
 -26.344  124.779       4.2587
 -26.344  128.284       3.8455
 -26.344  131.789       3.8455
 -26.344  135.295       2.7773
 -26.344  138.800       2.1224
 -26.344  142.305       2.4728
 -26.344  145.810       3.0191
 -26.344  149.315       3.0191
 -26.344  152.820       3.8455
 -26.344  156.325       4.2587
 -26.344  159.830       4.2587
 -26.344  163.335       4.2587
 -26.344  166.841       4.2587
 -26.344  170.346       4.2587
 -26.344  173.851       2.3164
 -26.344  177.356       1.8381
 -26.344  180.861       1.9763
 -26.344  184.366       1.7432
 -26.344  187.871       1.7432
 -26.344  191.376       1.5015
 -26.344  194.881       1.2257
 -26.344  198.387       1.2877
 -26.344  201.892       1.6032
 -26.344  205.397       1.8807
 -26.344  208.902       1.7610
 -26.344  212.407       2.2722
 -26.344  215.912       2.6058
 -26.344  219.417       3.4323
 -26.344  222.922       4.2587
 -26.344  226.427       4.2587
 -26.344  229.933       4.2587
 -26.344  233.438       4.2587
 -26.344  236.943       4.2587
 -26.344  240.448       4.2587
 -21.242 -106.558       4.2587
 -21.242 -103.053       4.2587
 -21.242  -99.548       4.2587
 -21.242  -96.043       4.2587
 -21.242  -92.538       4.2587
 -21.242  -89.032       4.2587
 -21.242  -85.527       4.2587
 -21.242  -82.022       4.2587
 -21.242  -78.517       4.2587
 -21.242  -75.012       4.2587
 -21.242  -71.507       4.2587
 -21.242  -68.002       4.2587
 -21.242  -64.497       4.2587
 -21.242  -60.992       4.2587
 -21.242  -57.486       4.2587
 -21.242  -53.981       4.2587
 -21.242  -50.476       4.2587
 -21.242  -46.971       4.2587
 -21.242  -43.466       4.2587
 -21.242  -39.961       4.2587
 -21.242  -36.456       4.2587
 -21.242  -32.951       4.2587
 -21.242  -29.446       4.2587
 -21.242  -25.940       4.2587
 -21.242  -22.435       4.2587
 -21.242  -18.930       4.2587
 -21.242  -15.425       4.2587
 -21.242  -11.920       4.2587
 -21.242   -8.415       4.2587
 -21.242   -4.910       4.2587
 -21.242   -1.405       4.2587
 -21.242    2.100       4.2587
 -21.242    5.606       4.2587
 -21.242    9.111       4.2587
 -21.242   12.616       4.2587
 -21.242   16.121       4.2587
 -21.242   19.626       4.2587
 -21.242   23.131       4.2587
 -21.242   26.636       4.2587
 -21.242   30.141       4.2587
 -21.242   33.646       4.2587
 -21.242   37.152       4.2587
 -21.242   40.657       4.2587
 -21.242   44.162       4.2587
 -21.242   47.667       4.2587
 -21.242   51.172       3.4323
 -21.242   54.677       3.1906
 -21.242   58.182       4.2587
 -21.242   61.687       3.1906
 -21.242   65.192       3.0191
 -21.242   68.698       3.8455
 -21.242   72.203       4.2587
 -21.242   75.708       4.2587
 -21.242   79.213       4.2587
 -21.242   82.718       2.6058
 -21.242   86.223       2.4160
 -21.242   89.728       2.1224
 -21.242   93.233       2.4160
 -21.242   96.738       3.0191
 -21.242  100.243       4.2587
 -21.242  103.749       4.2587
 -21.242  107.254       4.2587
 -21.242  110.759       4.2587
 -21.242  114.264       4.2587
 -21.242  117.769       3.4323
 -21.242  121.274       3.1906
 -21.242  124.779       2.4728
 -21.242  128.284       2.5356
 -21.242  131.789       2.5356
 -21.242  135.295       2.4728
 -21.242  138.800       2.7773
 -21.242  142.305       2.6854
 -21.242  145.810       3.1906
 -21.242  149.315       2.8860
 -21.242  152.820       4.2587
 -21.242  156.325       4.2587
 -21.242  159.830       4.2587
 -21.242  163.335       4.2587
 -21.242  166.841       4.2587
 -21.242  170.346       4.2587
 -21.242  173.851       2.8860
 -21.242  177.356       1.9032
 -21.242  180.861       1.6464
 -21.242  184.366       1.5015
 -21.242  187.871       1.3948
 -21.242  191.376       1.2877
 -21.242  194.881       1.2112
 -21.242  198.387       1.3569
 -21.242  201.892       1.7794
 -21.242  205.397       2.3641
 -21.242  208.902       2.2311
 -21.242  212.407       2.6058
 -21.242  215.912       3.0191
 -21.242  219.417       4.2587
 -21.242  222.922       4.2587
 -21.242  226.427       4.2587
 -21.242  229.933       4.2587
 -21.242  233.438       4.2587
 -21.242  236.943       4.2587
 -21.242  240.448       4.2587
 -16.139 -106.558       4.2587
 -16.139 -103.053       4.2587
 -16.139  -99.548       4.2587
 -16.139  -96.043       4.2587
 -16.139  -92.538       4.2587
 -16.139  -89.032       4.2587
 -16.139  -85.527       4.2587
 -16.139  -82.022       4.2587
 -16.139  -78.517       4.2587
 -16.139  -75.012       4.2587
 -16.139  -71.507       4.2587
 -16.139  -68.002       4.2587
 -16.139  -64.497       4.2587
 -16.139  -60.992       4.2587
 -16.139  -57.486       4.2587
 -16.139  -53.981       4.2587
 -16.139  -50.476       4.2587
 -16.139  -46.971       4.2587
 -16.139  -43.466       4.2587
 -16.139  -39.961       4.2587
 -16.139  -36.456       4.2587
 -16.139  -32.951       4.2587
 -16.139  -29.446       4.2587
 -16.139  -25.940       4.2587
 -16.139  -22.435       4.2587
 -16.139  -18.930       4.2587
 -16.139  -15.425       4.2587
 -16.139  -11.920       4.2587
 -16.139   -8.415       4.2587
 -16.139   -4.910       4.2587
 -16.139   -1.405       4.2587
 -16.139    2.100       4.2587
 -16.139    5.606       4.2587
 -16.139    9.111       4.2587
 -16.139   12.616       4.2587
 -16.139   16.121       4.2587
 -16.139   19.626       4.2587
 -16.139   23.131       4.2587
 -16.139   26.636       4.2587
 -16.139   30.141       4.2587
 -16.139   33.646       4.2587
 -16.139   37.152       4.2587
 -16.139   40.657       4.2587
 -16.139   44.162       4.2587
 -16.139   47.667       3.8455
 -16.139   51.172       3.4323
 -16.139   54.677       3.8455
 -16.139   58.182       3.8455
 -16.139   61.687       4.2587
 -16.139   65.192       2.8860
 -16.139   68.698       4.2587
 -16.139   72.203       4.2587
 -16.139   75.708       3.1906
 -16.139   79.213       2.8860
 -16.139   82.718       3.0191
 -16.139   86.223       2.1224
 -16.139   89.728       2.3641
 -16.139   93.233       2.4728
 -16.139   96.738       4.2587
 -16.139  100.243       4.2587
 -16.139  103.749       3.8455
 -16.139  107.254       4.2587
 -16.139  110.759       4.2587
 -16.139  114.264       3.4323
 -16.139  117.769       2.6854
 -16.139  121.274       3.1906
 -16.139  124.779       2.4728
 -16.139  128.284       2.2311
 -16.139  131.789       2.2722
 -16.139  135.295       2.4728
 -16.139  138.800       2.6058
 -16.139  142.305       2.5356
 -16.139  145.810       2.2311
 -16.139  149.315       3.0191
 -16.139  152.820       3.8455
 -16.139  156.325       4.2587
 -16.139  159.830       4.2587
 -16.139  163.335       4.2587
 -16.139  166.841       4.2587
 -16.139  170.346       4.2587
 -16.139  173.851       4.2587
 -16.139  177.356       2.8860
 -16.139  180.861       2.2722
 -16.139  184.366       1.3388
 -16.139  187.871       1.2559
 -16.139  191.376       1.3388
 -16.139  194.881       1.8179
 -16.139  198.387       1.6928
 -16.139  201.892       1.8807
 -16.139  205.397       2.4728
 -16.139  208.902       3.4323
 -16.139  212.407       4.2587
 -16.139  215.912       4.2587
 -16.139  219.417       4.2587
 -16.139  222.922       4.2587
 -16.139  226.427       4.2587
 -16.139  229.933       4.2587
 -16.139  233.438       4.2587
 -16.139  236.943       4.2587
 -16.139  240.448       4.2587
 -11.037 -106.558       4.2587
 -11.037 -103.053       4.2587
 -11.037  -99.548       4.2587
 -11.037  -96.043       4.2587
 -11.037  -92.538       4.2587
 -11.037  -89.032       4.2587
 -11.037  -85.527       4.2587
 -11.037  -82.022       4.2587
 -11.037  -78.517       4.2587
 -11.037  -75.012       4.2587
 -11.037  -71.507       4.2587
 -11.037  -68.002       4.2587
 -11.037  -64.497       4.2587
 -11.037  -60.992       4.2587
 -11.037  -57.486       4.2587
 -11.037  -53.981       4.2587
 -11.037  -50.476       4.2587
 -11.037  -46.971       4.2587
 -11.037  -43.466       4.2587
 -11.037  -39.961       4.2587
 -11.037  -36.456       4.2587
 -11.037  -32.951       4.2587
 -11.037  -29.446       4.2587
 -11.037  -25.940       4.2587
 -11.037  -22.435       4.2587
 -11.037  -18.930       4.2587
 -11.037  -15.425       4.2587
 -11.037  -11.920       4.2587
 -11.037   -8.415       4.2587
 -11.037   -4.910       4.2587
 -11.037   -1.405       4.2587
 -11.037    2.100       4.2587
 -11.037    5.606       4.2587
 -11.037    9.111       4.2587
 -11.037   12.616       4.2587
 -11.037   16.121       4.2587
 -11.037   19.626       4.2587
 -11.037   23.131       4.2587
 -11.037   26.636       4.2587
 -11.037   30.141       4.2587
 -11.037   33.646       4.2587
 -11.037   37.152       4.2587
 -11.037   40.657       4.2587
 -11.037   44.162       4.2587
 -11.037   47.667       4.2587
 -11.037   51.172       3.1906
 -11.037   54.677       3.1906
 -11.037   58.182       4.2587
 -11.037   61.687       4.2587
 -11.037   65.192       3.1906
 -11.037   68.698       3.1906
 -11.037   72.203       4.2587
 -11.037   75.708       3.8455
 -11.037   79.213       2.5356
 -11.037   82.718       2.4728
 -11.037   86.223       2.7773
 -11.037   89.728       2.8860
 -11.037   93.233       2.7773
 -11.037   96.738       2.6854
 -11.037  100.243       2.8860
 -11.037  103.749       2.4160
 -11.037  107.254       2.6854
 -11.037  110.759       2.4728
 -11.037  114.264       2.2311
 -11.037  117.769       2.2722
 -11.037  121.274       2.7773
 -11.037  124.779       2.1926
 -11.037  128.284       2.5356
 -11.037  131.789       2.4160
 -11.037  135.295       2.2722
 -11.037  138.800       2.6058
 -11.037  142.305       2.4728
 -11.037  145.810       2.5356
 -11.037  149.315       2.4728
 -11.037  152.820       3.0191
 -11.037  156.325       3.8455
 -11.037  159.830       4.2587
 -11.037  163.335       4.2587
 -11.037  166.841       4.2587
 -11.037  170.346       4.2587
 -11.037  173.851       3.4323
 -11.037  177.356       2.4728
 -11.037  180.861       1.9266
 -11.037  184.366       1.6316
 -11.037  187.871       1.3213
 -11.037  191.376       1.5254
 -11.037  194.881       1.8590
 -11.037  198.387       1.9032
 -11.037  201.892       2.6854
 -11.037  205.397       3.8455
 -11.037  208.902       4.2587
 -11.037  212.407       4.2587
 -11.037  215.912       4.2587
 -11.037  219.417       4.2587
 -11.037  222.922       4.2587
 -11.037  226.427       4.2587
 -11.037  229.933       4.2587
 -11.037  233.438       4.2587
 -11.037  236.943       4.2587
 -11.037  240.448       4.2587
  -5.934 -106.558       4.2587
  -5.934 -103.053       4.2587
  -5.934  -99.548       4.2587
  -5.934  -96.043       4.2587
  -5.934  -92.538       4.2587
  -5.934  -89.032       4.2587
  -5.934  -85.527       4.2587
  -5.934  -82.022       4.2587
  -5.934  -78.517       4.2587
  -5.934  -75.012       4.2587
  -5.934  -71.507       4.2587
  -5.934  -68.002       4.2587
  -5.934  -64.497       4.2587
  -5.934  -60.992       4.2587
  -5.934  -57.486       4.2587
  -5.934  -53.981       4.2587
  -5.934  -50.476       4.2587
  -5.934  -46.971       4.2587
  -5.934  -43.466       4.2587
  -5.934  -39.961       4.2587
  -5.934  -36.456       4.2587
  -5.934  -32.951       4.2587
  -5.934  -29.446       4.2587
  -5.934  -25.940       4.2587
  -5.934  -22.435       4.2587
  -5.934  -18.930       4.2587
  -5.934  -15.425       4.2587
  -5.934  -11.920       4.2587
  -5.934   -8.415       4.2587
  -5.934   -4.910       4.2587
  -5.934   -1.405       4.2587
  -5.934    2.100       4.2587
  -5.934    5.606       4.2587
  -5.934    9.111       4.2587
  -5.934   12.616       4.2587
  -5.934   16.121       4.2587
  -5.934   19.626       4.2587
  -5.934   23.131       4.2587
  -5.934   26.636       4.2587
  -5.934   30.141       4.2587
  -5.934   33.646       4.2587
  -5.934   37.152       4.2587
  -5.934   40.657       4.2587
  -5.934   44.162       4.2587
  -5.934   47.667       4.2587
  -5.934   51.172       4.2587
  -5.934   54.677       2.8860
  -5.934   58.182       3.4323
  -5.934   61.687       2.8860
  -5.934   65.192       3.4323
  -5.934   68.698       4.2587
  -5.934   72.203       4.2587
  -5.934   75.708       4.2587
  -5.934   79.213       3.1906
  -5.934   82.718       3.0191
  -5.934   86.223       3.1906
  -5.934   89.728       3.1906
  -5.934   93.233       2.6854
  -5.934   96.738       2.3164
  -5.934  100.243       3.0191
  -5.934  103.749       2.1926
  -5.934  107.254       1.7610
  -5.934  110.759       1.7432
  -5.934  114.264       1.8807
  -5.934  117.769       2.0902
  -5.934  121.274       2.1565
  -5.934  124.779       2.0596
  -5.934  128.284       2.4728
  -5.934  131.789       2.0902
  -5.934  135.295       2.3641
  -5.934  138.800       2.7773
  -5.934  142.305       2.4160
  -5.934  145.810       2.1926
  -5.934  149.315       2.5356
  -5.934  152.820       2.1926
  -5.934  156.325       3.4323
  -5.934  159.830       4.2587
  -5.934  163.335       4.2587
  -5.934  166.841       3.8455
  -5.934  170.346       3.8455
  -5.934  173.851       2.7773
  -5.934  177.356       2.2722
  -5.934  180.861       2.3164
  -5.934  184.366       1.8179
  -5.934  187.871       1.5761
  -5.934  191.376       1.6928
  -5.934  194.881       1.7983
  -5.934  198.387       2.2311
  -5.934  201.892       2.6058
  -5.934  205.397       3.8455
  -5.934  208.902       4.2587
  -5.934  212.407       4.2587
  -5.934  215.912       4.2587
  -5.934  219.417       4.2587
  -5.934  222.922       4.2587
  -5.934  226.427       4.2587
  -5.934  229.933       4.2587
  -5.934  233.438       4.2587
  -5.934  236.943       4.2587
  -5.934  240.448       4.2587
  -0.832 -106.558       4.2587
  -0.832 -103.053       4.2587
  -0.832  -99.548       4.2587
  -0.832  -96.043       4.2587
  -0.832  -92.538       4.2587
  -0.832  -89.032       4.2587
  -0.832  -85.527       4.2587
  -0.832  -82.022       4.2587
  -0.832  -78.517       4.2587
  -0.832  -75.012       4.2587
  -0.832  -71.507       4.2587
  -0.832  -68.002       4.2587
  -0.832  -64.497       4.2587
  -0.832  -60.992       4.2587
  -0.832  -57.486       4.2587
  -0.832  -53.981       4.2587
  -0.832  -50.476       4.2587
  -0.832  -46.971       4.2587
  -0.832  -43.466       4.2587
  -0.832  -39.961       4.2587
  -0.832  -36.456       4.2587
  -0.832  -32.951       4.2587
  -0.832  -29.446       4.2587
  -0.832  -25.940       4.2587
  -0.832  -22.435       4.2587
  -0.832  -18.930       4.2587
  -0.832  -15.425       4.2587
  -0.832  -11.920       4.2587
  -0.832   -8.415       4.2587
  -0.832   -4.910       4.2587
  -0.832   -1.405       4.2587
  -0.832    2.100       4.2587
  -0.832    5.606       4.2587
  -0.832    9.111       4.2587
  -0.832   12.616       4.2587
  -0.832   16.121       4.2587
  -0.832   19.626       4.2587
  -0.832   23.131       4.2587
  -0.832   26.636       4.2587
  -0.832   30.141       4.2587
  -0.832   33.646       4.2587
  -0.832   37.152       4.2587
  -0.832   40.657       4.2587
  -0.832   44.162       4.2587
  -0.832   47.667       4.2587
  -0.832   51.172       4.2587
  -0.832   54.677       3.4323
  -0.832   58.182       3.4323
  -0.832   61.687       3.4323
  -0.832   65.192       2.8860
  -0.832   68.698       2.6058
  -0.832   72.203       3.0191
  -0.832   75.708       4.2587
  -0.832   79.213       4.2587
  -0.832   82.718       2.5356
  -0.832   86.223       2.4728
  -0.832   89.728       2.5356
  -0.832   93.233       2.1926
  -0.832   96.738       2.6854
  -0.832  100.243       2.7773
  -0.832  103.749       2.0902
  -0.832  107.254       1.7432
  -0.832  110.759       1.3213
  -0.832  114.264       1.6316
  -0.832  117.769       1.9763
  -0.832  121.274       1.8590
  -0.832  124.779       2.3641
  -0.832  128.284       2.7773
  -0.832  131.789       2.1224
  -0.832  135.295       1.9509
  -0.832  138.800       1.8590
  -0.832  142.305       1.8807
  -0.832  145.810       2.0305
  -0.832  149.315       2.5356
  -0.832  152.820       3.8455
  -0.832  156.325       4.2587
  -0.832  159.830       4.2587
  -0.832  163.335       4.2587
  -0.832  166.841       3.1906
  -0.832  170.346       2.0902
  -0.832  173.851       2.2311
  -0.832  177.356       2.1224
  -0.832  180.861       2.3164
  -0.832  184.366       2.2722
  -0.832  187.871       1.9266
  -0.832  191.376       1.7092
  -0.832  194.881       1.9032
  -0.832  198.387       2.4160
  -0.832  201.892       3.4323
  -0.832  205.397       4.2587
  -0.832  208.902       4.2587
  -0.832  212.407       4.2587
  -0.832  215.912       4.2587
  -0.832  219.417       4.2587
  -0.832  222.922       4.2587
  -0.832  226.427       4.2587
  -0.832  229.933       4.2587
  -0.832  233.438       4.2587
  -0.832  236.943       4.2587
  -0.832  240.448       4.2587
   4.271 -106.558       4.2587
   4.271 -103.053       4.2587
   4.271  -99.548       4.2587
   4.271  -96.043       4.2587
   4.271  -92.538       4.2587
   4.271  -89.032       4.2587
   4.271  -85.527       4.2587
   4.271  -82.022       4.2587
   4.271  -78.517       4.2587
   4.271  -75.012       4.2587
   4.271  -71.507       4.2587
   4.271  -68.002       4.2587
   4.271  -64.497       4.2587
   4.271  -60.992       4.2587
   4.271  -57.486       4.2587
   4.271  -53.981       4.2587
   4.271  -50.476       4.2587
   4.271  -46.971       4.2587
   4.271  -43.466       4.2587
   4.271  -39.961       4.2587
   4.271  -36.456       4.2587
   4.271  -32.951       4.2587
   4.271  -29.446       4.2587
   4.271  -25.940       4.2587
   4.271  -22.435       4.2587
   4.271  -18.930       4.2587
   4.271  -15.425       4.2587
   4.271  -11.920       4.2587
   4.271   -8.415       4.2587
   4.271   -4.910       4.2587
   4.271   -1.405       4.2587
   4.271    2.100       4.2587
   4.271    5.606       4.2587
   4.271    9.111       4.2587
   4.271   12.616       4.2587
   4.271   16.121       4.2587
   4.271   19.626       4.2587
   4.271   23.131       4.2587
   4.271   26.636       4.2587
   4.271   30.141       4.2587
   4.271   33.646       4.2587
   4.271   37.152       4.2587
   4.271   40.657       4.2587
   4.271   44.162       4.2587
   4.271   47.667       4.2587
   4.271   51.172       4.2587
   4.271   54.677       4.2587
   4.271   58.182       4.2587
   4.271   61.687       3.4323
   4.271   65.192       4.2587
   4.271   68.698       3.0191
   4.271   72.203       2.4160
   4.271   75.708       3.0191
   4.271   79.213       2.3641
   4.271   82.718       2.3164
   4.271   86.223       2.3164
   4.271   89.728       1.9032
   4.271   93.233       1.9266
   4.271   96.738       2.3641
   4.271  100.243       3.8455
   4.271  103.749       2.6854
   4.271  107.254       1.7610
   4.271  110.759       1.5502
   4.271  114.264       1.6614
   4.271  117.769       2.1565
   4.271  121.274       2.4728
   4.271  124.779       2.8860
   4.271  128.284       4.2587
   4.271  131.789       3.0191
   4.271  135.295       2.1926
   4.271  138.800       1.8381
   4.271  142.305       2.0305
   4.271  145.810       2.0028
   4.271  149.315       3.4323
   4.271  152.820       4.2587
   4.271  156.325       4.2587
   4.271  159.830       3.8455
   4.271  163.335       3.0191
   4.271  166.841       2.3641
   4.271  170.346       1.8179
   4.271  173.851       1.9509
   4.271  177.356       2.8860
   4.271  180.861       3.4323
   4.271  184.366       3.1906
   4.271  187.871       2.1565
   4.271  191.376       1.8381
   4.271  194.881       1.9509
   4.271  198.387       2.3641
   4.271  201.892       3.8455
   4.271  205.397       4.2587
   4.271  208.902       4.2587
   4.271  212.407       4.2587
   4.271  215.912       4.2587
   4.271  219.417       4.2587
   4.271  222.922       4.2587
   4.271  226.427       4.2587
   4.271  229.933       4.2587
   4.271  233.438       4.2587
   4.271  236.943       4.2587
   4.271  240.448       4.2587
   9.374 -106.558       4.2587
   9.374 -103.053       4.2587
   9.374  -99.548       4.2587
   9.374  -96.043       4.2587
   9.374  -92.538       4.2587
   9.374  -89.032       4.2587
   9.374  -85.527       4.2587
   9.374  -82.022       4.2587
   9.374  -78.517       4.2587
   9.374  -75.012       4.2587
   9.374  -71.507       4.2587
   9.374  -68.002       4.2587
   9.374  -64.497       4.2587
   9.374  -60.992       4.2587
   9.374  -57.486       4.2587
   9.374  -53.981       4.2587
   9.374  -50.476       4.2587
   9.374  -46.971       4.2587
   9.374  -43.466       4.2587
   9.374  -39.961       4.2587
   9.374  -36.456       4.2587
   9.374  -32.951       4.2587
   9.374  -29.446       4.2587
   9.374  -25.940       4.2587
   9.374  -22.435       4.2587
   9.374  -18.930       4.2587
   9.374  -15.425       4.2587
   9.374  -11.920       4.2587
   9.374   -8.415       4.2587
   9.374   -4.910       4.2587
   9.374   -1.405       4.2587
   9.374    2.100       4.2587
   9.374    5.606       4.2587
   9.374    9.111       4.2587
   9.374   12.616       4.2587
   9.374   16.121       4.2587
   9.374   19.626       4.2587
   9.374   23.131       4.2587
   9.374   26.636       4.2587
   9.374   30.141       4.2587
   9.374   33.646       4.2587
   9.374   37.152       4.2587
   9.374   40.657       4.2587
   9.374   44.162       4.2587
   9.374   47.667       4.2587
   9.374   51.172       4.2587
   9.374   54.677       4.2587
   9.374   58.182       3.8455
   9.374   61.687       2.6854
   9.374   65.192       2.3641
   9.374   68.698       1.6173
   9.374   72.203       1.7092
   9.374   75.708       1.9032
   9.374   79.213       2.4160
   9.374   82.718       2.2722
   9.374   86.223       1.7610
   9.374   89.728       1.6928
   9.374   93.233       1.8381
   9.374   96.738       2.4728
   9.374  100.243       2.8860
   9.374  103.749       2.8860
   9.374  107.254       1.9763
   9.374  110.759       1.9266
   9.374  114.264       2.0028
   9.374  117.769       3.0191
   9.374  121.274       3.8455
   9.374  124.779       4.2587
   9.374  128.284       3.8455
   9.374  131.789       2.7773
   9.374  135.295       2.6058
   9.374  138.800       2.3164
   9.374  142.305       1.6173
   9.374  145.810       1.8590
   9.374  149.315       3.8455
   9.374  152.820       3.8455
   9.374  156.325       4.2587
   9.374  159.830       3.8455
   9.374  163.335       3.0191
   9.374  166.841       2.4728
   9.374  170.346       2.3641
   9.374  173.851       2.2722
   9.374  177.356       3.4323
   9.374  180.861       4.2587
   9.374  184.366       4.2587
   9.374  187.871       2.5356
   9.374  191.376       2.0305
   9.374  194.881       2.6058
   9.374  198.387       3.1906
   9.374  201.892       4.2587
   9.374  205.397       4.2587
   9.374  208.902       4.2587
   9.374  212.407       4.2587
   9.374  215.912       4.2587
   9.374  219.417       4.2587
   9.374  222.922       4.2587
   9.374  226.427       4.2587
   9.374  229.933       4.2587
   9.374  233.438       4.2587
   9.374  236.943       4.2587
   9.374  240.448       4.2587
  14.476 -106.558       4.2587
  14.476 -103.053       4.2587
  14.476  -99.548       4.2587
  14.476  -96.043       4.2587
  14.476  -92.538       4.2587
  14.476  -89.032       4.2587
  14.476  -85.527       4.2587
  14.476  -82.022       4.2587
  14.476  -78.517       4.2587
  14.476  -75.012       4.2587
  14.476  -71.507       4.2587
  14.476  -68.002       4.2587
  14.476  -64.497       4.2587
  14.476  -60.992       4.2587
  14.476  -57.486       4.2587
  14.476  -53.981       4.2587
  14.476  -50.476       4.2587
  14.476  -46.971       4.2587
  14.476  -43.466       4.2587
  14.476  -39.961       4.2587
  14.476  -36.456       4.2587
  14.476  -32.951       4.2587
  14.476  -29.446       4.2587
  14.476  -25.940       4.2587
  14.476  -22.435       4.2587
  14.476  -18.930       4.2587
  14.476  -15.425       4.2587
  14.476  -11.920       4.2587
  14.476   -8.415       4.2587
  14.476   -4.910       4.2587
  14.476   -1.405       4.2587
  14.476    2.100       4.2587
  14.476    5.606       4.2587
  14.476    9.111       4.2587
  14.476   12.616       4.2587
  14.476   16.121       4.2587
  14.476   19.626       4.2587
  14.476   23.131       4.2587
  14.476   26.636       4.2587
  14.476   30.141       4.2587
  14.476   33.646       4.2587
  14.476   37.152       4.2587
  14.476   40.657       4.2587
  14.476   44.162       4.2587
  14.476   47.667       4.2587
  14.476   51.172       4.2587
  14.476   54.677       4.2587
  14.476   58.182       3.1906
  14.476   61.687       2.1926
  14.476   65.192       1.6769
  14.476   68.698       1.4899
  14.476   72.203       1.4786
  14.476   75.708       1.5630
  14.476   79.213       1.9509
  14.476   82.718       1.9266
  14.476   86.223       1.7092
  14.476   89.728       1.6614
  14.476   93.233       1.8381
  14.476   96.738       2.0305
  14.476  100.243       2.6854
  14.476  103.749       2.4160
  14.476  107.254       2.3641
  14.476  110.759       2.6058
  14.476  114.264       2.6854
  14.476  117.769       3.8455
  14.476  121.274       3.4323
  14.476  124.779       4.2587
  14.476  128.284       3.4323
  14.476  131.789       2.8860
  14.476  135.295       3.4323
  14.476  138.800       2.4160
  14.476  142.305       1.7794
  14.476  145.810       1.7610
  14.476  149.315       1.9266
  14.476  152.820       2.7773
  14.476  156.325       4.2587
  14.476  159.830       3.8455
  14.476  163.335       2.4728
  14.476  166.841       2.3164
  14.476  170.346       2.2722
  14.476  173.851       2.3641
  14.476  177.356       2.0596
  14.476  180.861       2.1926
  14.476  184.366       3.1906
  14.476  187.871       3.0191
  14.476  191.376       2.8860
  14.476  194.881       3.0191
  14.476  198.387       2.5356
  14.476  201.892       4.2587
  14.476  205.397       4.2587
  14.476  208.902       4.2587
  14.476  212.407       4.2587
  14.476  215.912       4.2587
  14.476  219.417       4.2587
  14.476  222.922       4.2587
  14.476  226.427       4.2587
  14.476  229.933       4.2587
  14.476  233.438       4.2587
  14.476  236.943       4.2587
  14.476  240.448       4.2587
  19.579 -106.558       4.2587
  19.579 -103.053       4.2587
  19.579  -99.548       4.2587
  19.579  -96.043       4.2587
  19.579  -92.538       4.2587
  19.579  -89.032       4.2587
  19.579  -85.527       4.2587
  19.579  -82.022       4.2587
  19.579  -78.517       4.2587
  19.579  -75.012       4.2587
  19.579  -71.507       4.2587
  19.579  -68.002       4.2587
  19.579  -64.497       4.2587
  19.579  -60.992       4.2587
  19.579  -57.486       4.2587
  19.579  -53.981       4.2587
  19.579  -50.476       4.2587
  19.579  -46.971       4.2587
  19.579  -43.466       4.2587
  19.579  -39.961       4.2587
  19.579  -36.456       4.2587
  19.579  -32.951       4.2587
  19.579  -29.446       4.2587
  19.579  -25.940       4.2587
  19.579  -22.435       4.2587
  19.579  -18.930       4.2587
  19.579  -15.425       4.2587
  19.579  -11.920       4.2587
  19.579   -8.415       4.2587
  19.579   -4.910       4.2587
  19.579   -1.405       4.2587
  19.579    2.100       4.2587
  19.579    5.606       4.2587
  19.579    9.111       4.2587
  19.579   12.616       4.2587
  19.579   16.121       4.2587
  19.579   19.626       4.2587
  19.579   23.131       4.2587
  19.579   26.636       4.2587
  19.579   30.141       4.2587
  19.579   33.646       4.2587
  19.579   37.152       4.2587
  19.579   40.657       4.2587
  19.579   44.162       4.2587
  19.579   47.667       4.2587
  19.579   51.172       4.2587
  19.579   54.677       4.2587
  19.579   58.182       4.2587
  19.579   61.687       4.2587
  19.579   65.192       2.7773
  19.579   68.698       2.1926
  19.579   72.203       2.0028
  19.579   75.708       2.4728
  19.579   79.213       2.5356
  19.579   82.718       2.3641
  19.579   86.223       2.1224
  19.579   89.728       1.7260
  19.579   93.233       1.7983
  19.579   96.738       2.0305
  19.579  100.243       2.0902
  19.579  103.749       2.2722
  19.579  107.254       2.6058
  19.579  110.759       2.6854
  19.579  114.264       2.8860
  19.579  117.769       3.1906
  19.579  121.274       3.8455
  19.579  124.779       2.5356
  19.579  128.284       2.2311
  19.579  131.789       2.1224
  19.579  135.295       2.0902
  19.579  138.800       2.0902
  19.579  142.305       1.7092
  19.579  145.810       1.9509
  19.579  149.315       2.0305
  19.579  152.820       2.5356
  19.579  156.325       3.4323
  19.579  159.830       2.6854
  19.579  163.335       2.4728
  19.579  166.841       1.8179
  19.579  170.346       2.2722
  19.579  173.851       1.9509
  19.579  177.356       2.1926
  19.579  180.861       2.0902
  19.579  184.366       2.6058
  19.579  187.871       2.8860
  19.579  191.376       2.8860
  19.579  194.881       2.8860
  19.579  198.387       4.2587
  19.579  201.892       4.2587
  19.579  205.397       4.2587
  19.579  208.902       4.2587
  19.579  212.407       4.2587
  19.579  215.912       4.2587
  19.579  219.417       4.2587
  19.579  222.922       4.2587
  19.579  226.427       4.2587
  19.579  229.933       4.2587
  19.579  233.438       4.2587
  19.579  236.943       4.2587
  19.579  240.448       4.2587
  24.681 -106.558       4.2587
  24.681 -103.053       4.2587
  24.681  -99.548       4.2587
  24.681  -96.043       4.2587
  24.681  -92.538       4.2587
  24.681  -89.032       4.2587
  24.681  -85.527       4.2587
  24.681  -82.022       4.2587
  24.681  -78.517       4.2587
  24.681  -75.012       4.2587
  24.681  -71.507       4.2587
  24.681  -68.002       4.2587
  24.681  -64.497       4.2587
  24.681  -60.992       4.2587
  24.681  -57.486       4.2587
  24.681  -53.981       4.2587
  24.681  -50.476       4.2587
  24.681  -46.971       4.2587
  24.681  -43.466       4.2587
  24.681  -39.961       4.2587
  24.681  -36.456       4.2587
  24.681  -32.951       4.2587
  24.681  -29.446       4.2587
  24.681  -25.940       4.2587
  24.681  -22.435       4.2587
  24.681  -18.930       4.2587
  24.681  -15.425       4.2587
  24.681  -11.920       4.2587
  24.681   -8.415       4.2587
  24.681   -4.910       4.2587
  24.681   -1.405       4.2587
  24.681    2.100       4.2587
  24.681    5.606       4.2587
  24.681    9.111       4.2587
  24.681   12.616       4.2587
  24.681   16.121       4.2587
  24.681   19.626       4.2587
  24.681   23.131       4.2587
  24.681   26.636       4.2587
  24.681   30.141       4.2587
  24.681   33.646       4.2587
  24.681   37.152       4.2587
  24.681   40.657       4.2587
  24.681   44.162       4.2587
  24.681   47.667       4.2587
  24.681   51.172       4.2587
  24.681   54.677       3.4323
  24.681   58.182       3.0191
  24.681   61.687       4.2587
  24.681   65.192       3.8455
  24.681   68.698       4.2587
  24.681   72.203       2.3164
  24.681   75.708       3.4323
  24.681   79.213       3.1906
  24.681   82.718       2.8860
  24.681   86.223       2.6058
  24.681   89.728       2.0902
  24.681   93.233       1.9509
  24.681   96.738       1.9509
  24.681  100.243       1.9032
  24.681  103.749       2.5356
  24.681  107.254       3.0191
  24.681  110.759       2.8860
  24.681  114.264       2.2722
  24.681  117.769       2.0902
  24.681  121.274       2.7773
  24.681  124.779       3.4323
  24.681  128.284       3.0191
  24.681  131.789       2.0902
  24.681  135.295       1.8590
  24.681  138.800       2.0902
  24.681  142.305       2.2311
  24.681  145.810       2.3641
  24.681  149.315       2.6854
  24.681  152.820       4.2587
  24.681  156.325       3.4323
  24.681  159.830       3.1906
  24.681  163.335       2.0596
  24.681  166.841       1.9509
  24.681  170.346       1.7794
  24.681  173.851       2.1224
  24.681  177.356       2.0902
  24.681  180.861       2.6058
  24.681  184.366       2.8860
  24.681  187.871       2.8860
  24.681  191.376       4.2587
  24.681  194.881       4.2587
  24.681  198.387       4.2587
  24.681  201.892       4.2587
  24.681  205.397       4.2587
  24.681  208.902       4.2587
  24.681  212.407       4.2587
  24.681  215.912       4.2587
  24.681  219.417       4.2587
  24.681  222.922       4.2587
  24.681  226.427       4.2587
  24.681  229.933       4.2587
  24.681  233.438       4.2587
  24.681  236.943       4.2587
  24.681  240.448       4.2587
  29.784 -106.558       4.2587
  29.784 -103.053       4.2587
  29.784  -99.548       4.2587
  29.784  -96.043       4.2587
  29.784  -92.538       4.2587
  29.784  -89.032       4.2587
  29.784  -85.527       4.2587
  29.784  -82.022       4.2587
  29.784  -78.517       4.2587
  29.784  -75.012       4.2587
  29.784  -71.507       4.2587
  29.784  -68.002       4.2587
  29.784  -64.497       4.2587
  29.784  -60.992       4.2587
  29.784  -57.486       4.2587
  29.784  -53.981       4.2587
  29.784  -50.476       4.2587
  29.784  -46.971       4.2587
  29.784  -43.466       4.2587
  29.784  -39.961       4.2587
  29.784  -36.456       4.2587
  29.784  -32.951       4.2587
  29.784  -29.446       4.2587
  29.784  -25.940       4.2587
  29.784  -22.435       4.2587
  29.784  -18.930       4.2587
  29.784  -15.425       4.2587
  29.784  -11.920       4.2587
  29.784   -8.415       4.2587
  29.784   -4.910       4.2587
  29.784   -1.405       4.2587
  29.784    2.100       4.2587
  29.784    5.606       4.2587
  29.784    9.111       4.2587
  29.784   12.616       4.2587
  29.784   16.121       4.2587
  29.784   19.626       4.2587
  29.784   23.131       4.2587
  29.784   26.636       4.2587
  29.784   30.141       4.2587
  29.784   33.646       4.2587
  29.784   37.152       4.2587
  29.784   40.657       4.2587
  29.784   44.162       4.2587
  29.784   47.667       4.2587
  29.784   51.172       4.2587
  29.784   54.677       2.4160
  29.784   58.182       2.6058
  29.784   61.687       2.5356
  29.784   65.192       2.6854
  29.784   68.698       3.1906
  29.784   72.203       3.4323
  29.784   75.708       3.4323
  29.784   79.213       4.2587
  29.784   82.718       3.4323
  29.784   86.223       3.0191
  29.784   89.728       2.3164
  29.784   93.233       2.3164
  29.784   96.738       2.6058
  29.784  100.243       2.1565
  29.784  103.749       2.0596
  29.784  107.254       2.4728
  29.784  110.759       3.8455
  29.784  114.264       2.6854
  29.784  117.769       2.6058
  29.784  121.274       3.8455
  29.784  124.779       3.8455
  29.784  128.284       4.2587
  29.784  131.789       2.7773
  29.784  135.295       2.2311
  29.784  138.800       1.9032
  29.784  142.305       1.9763
  29.784  145.810       2.0028
  29.784  149.315       2.2722
  29.784  152.820       2.3164
  29.784  156.325       2.4160
  29.784  159.830       2.2311
  29.784  163.335       2.1565
  29.784  166.841       2.0596
  29.784  170.346       2.0902
  29.784  173.851       1.7432
  29.784  177.356       2.0596
  29.784  180.861       2.4728
  29.784  184.366       3.8455
  29.784  187.871       4.2587
  29.784  191.376       4.2587
  29.784  194.881       4.2587
  29.784  198.387       4.2587
  29.784  201.892       4.2587
  29.784  205.397       4.2587
  29.784  208.902       4.2587
  29.784  212.407       4.2587
  29.784  215.912       4.2587
  29.784  219.417       4.2587
  29.784  222.922       4.2587
  29.784  226.427       4.2587
  29.784  229.933       4.2587
  29.784  233.438       4.2587
  29.784  236.943       4.2587
  29.784  240.448       4.2587
  34.887 -106.558       4.2587
  34.887 -103.053       4.2587
  34.887  -99.548       4.2587
  34.887  -96.043       4.2587
  34.887  -92.538       4.2587
  34.887  -89.032       4.2587
  34.887  -85.527       4.2587
  34.887  -82.022       4.2587
  34.887  -78.517       4.2587
  34.887  -75.012       4.2587
  34.887  -71.507       4.2587
  34.887  -68.002       4.2587
  34.887  -64.497       4.2587
  34.887  -60.992       4.2587
  34.887  -57.486       4.2587
  34.887  -53.981       4.2587
  34.887  -50.476       4.2587
  34.887  -46.971       4.2587
  34.887  -43.466       4.2587
  34.887  -39.961       4.2587
  34.887  -36.456       4.2587
  34.887  -32.951       4.2587
  34.887  -29.446       4.2587
  34.887  -25.940       4.2587
  34.887  -22.435       4.2587
  34.887  -18.930       4.2587
  34.887  -15.425       4.2587
  34.887  -11.920       4.2587
  34.887   -8.415       4.2587
  34.887   -4.910       4.2587
  34.887   -1.405       4.2587
  34.887    2.100       4.2587
  34.887    5.606       4.2587
  34.887    9.111       4.2587
  34.887   12.616       4.2587
  34.887   16.121       4.2587
  34.887   19.626       4.2587
  34.887   23.131       4.2587
  34.887   26.636       4.2587
  34.887   30.141       4.2587
  34.887   33.646       4.2587
  34.887   37.152       4.2587
  34.887   40.657       4.2587
  34.887   44.162       4.2587
  34.887   47.667       3.8455
  34.887   51.172       2.8860
  34.887   54.677       2.2722
  34.887   58.182       1.8807
  34.887   61.687       2.0028
  34.887   65.192       2.4728
  34.887   68.698       3.1906
  34.887   72.203       3.4323
  34.887   75.708       3.1906
  34.887   79.213       2.5356
  34.887   82.718       3.4323
  34.887   86.223       2.5356
  34.887   89.728       2.4728
  34.887   93.233       2.4728
  34.887   96.738       2.0028
  34.887  100.243       2.3164
  34.887  103.749       2.2311
  34.887  107.254       2.3641
  34.887  110.759       2.5356
  34.887  114.264       2.5356
  34.887  117.769       2.5356
  34.887  121.274       2.2311
  34.887  124.779       2.1224
  34.887  128.284       3.4323
  34.887  131.789       4.2587
  34.887  135.295       3.8455
  34.887  138.800       2.3641
  34.887  142.305       1.8807
  34.887  145.810       2.0902
  34.887  149.315       1.6032
  34.887  152.820       1.9032
  34.887  156.325       2.2311
  34.887  159.830       2.2311
  34.887  163.335       2.0596
  34.887  166.841       1.8590
  34.887  170.346       2.0902
  34.887  173.851       2.2311
  34.887  177.356       2.5356
  34.887  180.861       3.4323
  34.887  184.366       4.2587
  34.887  187.871       4.2587
  34.887  191.376       4.2587
  34.887  194.881       4.2587
  34.887  198.387       4.2587
  34.887  201.892       4.2587
  34.887  205.397       4.2587
  34.887  208.902       4.2587
  34.887  212.407       4.2587
  34.887  215.912       4.2587
  34.887  219.417       4.2587
  34.887  222.922       4.2587
  34.887  226.427       4.2587
  34.887  229.933       4.2587
  34.887  233.438       4.2587
  34.887  236.943       4.2587
  34.887  240.448       4.2587
  39.989 -106.558       4.2587
  39.989 -103.053       4.2587
  39.989  -99.548       4.2587
  39.989  -96.043       4.2587
  39.989  -92.538       4.2587
  39.989  -89.032       4.2587
  39.989  -85.527       4.2587
  39.989  -82.022       4.2587
  39.989  -78.517       4.2587
  39.989  -75.012       4.2587
  39.989  -71.507       4.2587
  39.989  -68.002       4.2587
  39.989  -64.497       4.2587
  39.989  -60.992       4.2587
  39.989  -57.486       4.2587
  39.989  -53.981       4.2587
  39.989  -50.476       4.2587
  39.989  -46.971       4.2587
  39.989  -43.466       4.2587
  39.989  -39.961       4.2587
  39.989  -36.456       4.2587
  39.989  -32.951       4.2587
  39.989  -29.446       4.2587
  39.989  -25.940       4.2587
  39.989  -22.435       4.2587
  39.989  -18.930       4.2587
  39.989  -15.425       4.2587
  39.989  -11.920       4.2587
  39.989   -8.415       4.2587
  39.989   -4.910       4.2587
  39.989   -1.405       4.2587
  39.989    2.100       4.2587
  39.989    5.606       4.2587
  39.989    9.111       4.2587
  39.989   12.616       4.2587
  39.989   16.121       4.2587
  39.989   19.626       4.2587
  39.989   23.131       4.2587
  39.989   26.636       4.2587
  39.989   30.141       4.2587
  39.989   33.646       4.2587
  39.989   37.152       4.2587
  39.989   40.657       4.2587
  39.989   44.162       4.2587
  39.989   47.667       3.1906
  39.989   51.172       2.6058
  39.989   54.677       2.0305
  39.989   58.182       2.1565
  39.989   61.687       2.1565
  39.989   65.192       3.0191
  39.989   68.698       2.4728
  39.989   72.203       2.6058
  39.989   75.708       1.9509
  39.989   79.213       2.3641
  39.989   82.718       3.8455
  39.989   86.223       2.3641
  39.989   89.728       1.6928
  39.989   93.233       1.7432
  39.989   96.738       1.7092
  39.989  100.243       2.2722
  39.989  103.749       2.1926
  39.989  107.254       2.4728
  39.989  110.759       2.1926
  39.989  114.264       1.7794
  39.989  117.769       2.0902
  39.989  121.274       1.6316
  39.989  124.779       1.9266
  39.989  128.284       2.6058
  39.989  131.789       4.2587
  39.989  135.295       3.4323
  39.989  138.800       2.5356
  39.989  142.305       2.2311
  39.989  145.810       1.8179
  39.989  149.315       1.8807
  39.989  152.820       1.9032
  39.989  156.325       1.8381
  39.989  159.830       1.7983
  39.989  163.335       1.7794
  39.989  166.841       1.6032
  39.989  170.346       1.8381
  39.989  173.851       2.3641
  39.989  177.356       2.8860
  39.989  180.861       3.8455
  39.989  184.366       4.2587
  39.989  187.871       4.2587
  39.989  191.376       4.2587
  39.989  194.881       4.2587
  39.989  198.387       4.2587
  39.989  201.892       4.2587
  39.989  205.397       4.2587
  39.989  208.902       4.2587
  39.989  212.407       4.2587
  39.989  215.912       4.2587
  39.989  219.417       4.2587
  39.989  222.922       4.2587
  39.989  226.427       4.2587
  39.989  229.933       4.2587
  39.989  233.438       4.2587
  39.989  236.943       4.2587
  39.989  240.448       4.2587
  45.092 -106.558       4.2587
  45.092 -103.053       4.2587
  45.092  -99.548       4.2587
  45.092  -96.043       4.2587
  45.092  -92.538       4.2587
  45.092  -89.032       4.2587
  45.092  -85.527       4.2587
  45.092  -82.022       4.2587
  45.092  -78.517       4.2587
  45.092  -75.012       4.2587
  45.092  -71.507       4.2587
  45.092  -68.002       4.2587
  45.092  -64.497       4.2587
  45.092  -60.992       4.2587
  45.092  -57.486       4.2587
  45.092  -53.981       4.2587
  45.092  -50.476       4.2587
  45.092  -46.971       4.2587
  45.092  -43.466       4.2587
  45.092  -39.961       4.2587
  45.092  -36.456       4.2587
  45.092  -32.951       4.2587
  45.092  -29.446       4.2587
  45.092  -25.940       4.2587
  45.092  -22.435       4.2587
  45.092  -18.930       4.2587
  45.092  -15.425       4.2587
  45.092  -11.920       4.2587
  45.092   -8.415       4.2587
  45.092   -4.910       4.2587
  45.092   -1.405       4.2587
  45.092    2.100       4.2587
  45.092    5.606       4.2587
  45.092    9.111       4.2587
  45.092   12.616       4.2587
  45.092   16.121       4.2587
  45.092   19.626       4.2587
  45.092   23.131       4.2587
  45.092   26.636       4.2587
  45.092   30.141       4.2587
  45.092   33.646       4.2587
  45.092   37.152       3.8455
  45.092   40.657       2.5356
  45.092   44.162       2.6058
  45.092   47.667       2.4160
  45.092   51.172       2.3164
  45.092   54.677       1.7260
  45.092   58.182       1.5630
  45.092   61.687       1.9032
  45.092   65.192       2.4160
  45.092   68.698       1.9509
  45.092   72.203       2.0902
  45.092   75.708       2.0305
  45.092   79.213       1.7432
  45.092   82.718       1.8807
  45.092   86.223       2.0028
  45.092   89.728       1.8179
  45.092   93.233       1.6769
  45.092   96.738       1.6928
  45.092  100.243       1.6032
  45.092  103.749       2.0596
  45.092  107.254       2.1565
  45.092  110.759       2.1926
  45.092  114.264       2.0305
  45.092  117.769       2.0596
  45.092  121.274       2.0305
  45.092  124.779       2.2722
  45.092  128.284       2.6058
  45.092  131.789       2.8860
  45.092  135.295       3.0191
  45.092  138.800       2.4728
  45.092  142.305       2.3641
  45.092  145.810       1.8381
  45.092  149.315       2.2722
  45.092  152.820       1.8179
  45.092  156.325       1.7432
  45.092  159.830       1.4352
  45.092  163.335       1.4786
  45.092  166.841       1.4458
  45.092  170.346       1.3851
  45.092  173.851       2.0902
  45.092  177.356       2.4728
  45.092  180.861       2.4728
  45.092  184.366       3.1906
  45.092  187.871       4.2587
  45.092  191.376       4.2587
  45.092  194.881       4.2587
  45.092  198.387       4.2587
  45.092  201.892       4.2587
  45.092  205.397       4.2587
  45.092  208.902       4.2587
  45.092  212.407       4.2587
  45.092  215.912       4.2587
  45.092  219.417       4.2587
  45.092  222.922       4.2587
  45.092  226.427       4.2587
  45.092  229.933       4.2587
  45.092  233.438       4.2587
  45.092  236.943       4.2587
  45.092  240.448       4.2587
  50.194 -106.558       4.2587
  50.194 -103.053       4.2587
  50.194  -99.548       4.2587
  50.194  -96.043       4.2587
  50.194  -92.538       4.2587
  50.194  -89.032       4.2587
  50.194  -85.527       4.2587
  50.194  -82.022       4.2587
  50.194  -78.517       4.2587
  50.194  -75.012       4.2587
  50.194  -71.507       4.2587
  50.194  -68.002       4.2587
  50.194  -64.497       4.2587
  50.194  -60.992       4.2587
  50.194  -57.486       4.2587
  50.194  -53.981       4.2587
  50.194  -50.476       4.2587
  50.194  -46.971       4.2587
  50.194  -43.466       4.2587
  50.194  -39.961       4.2587
  50.194  -36.456       4.2587
  50.194  -32.951       4.2587
  50.194  -29.446       4.2587
  50.194  -25.940       4.2587
  50.194  -22.435       4.2587
  50.194  -18.930       4.2587
  50.194  -15.425       4.2587
  50.194  -11.920       4.2587
  50.194   -8.415       4.2587
  50.194   -4.910       4.2587
  50.194   -1.405       4.2587
  50.194    2.100       4.2587
  50.194    5.606       4.2587
  50.194    9.111       4.2587
  50.194   12.616       4.2587
  50.194   16.121       4.2587
  50.194   19.626       4.2587
  50.194   23.131       4.2587
  50.194   26.636       4.2587
  50.194   30.141       4.2587
  50.194   33.646       3.8455
  50.194   37.152       3.8455
  50.194   40.657       2.6854
  50.194   44.162       3.1906
  50.194   47.667       2.6854
  50.194   51.172       2.6854
  50.194   54.677       1.7092
  50.194   58.182       2.0305
  50.194   61.687       1.7794
  50.194   65.192       2.1565
  50.194   68.698       2.0028
  50.194   72.203       2.4160
  50.194   75.708       2.0028
  50.194   79.213       1.8590
  50.194   82.718       1.3755
  50.194   86.223       1.3388
  50.194   89.728       1.4046
  50.194   93.233       1.6769
  50.194   96.738       1.8590
  50.194  100.243       2.0305
  50.194  103.749       2.3641
  50.194  107.254       2.4728
  50.194  110.759       2.5356
  50.194  114.264       2.1224
  50.194  117.769       2.2722
  50.194  121.274       2.6058
  50.194  124.779       2.7773
  50.194  128.284       2.7773
  50.194  131.789       3.1906
  50.194  135.295       3.0191
  50.194  138.800       2.8860
  50.194  142.305       2.0028
  50.194  145.810       1.6316
  50.194  149.315       1.6928
  50.194  152.820       1.4046
  50.194  156.325       1.3300
  50.194  159.830       1.3127
  50.194  163.335       1.2877
  50.194  166.841       1.7092
  50.194  170.346       2.0028
  50.194  173.851       2.1565
  50.194  177.356       2.2722
  50.194  180.861       2.0596
  50.194  184.366       2.6854
  50.194  187.871       4.2587
  50.194  191.376       4.2587
  50.194  194.881       4.2587
  50.194  198.387       4.2587
  50.194  201.892       4.2587
  50.194  205.397       4.2587
  50.194  208.902       4.2587
  50.194  212.407       4.2587
  50.194  215.912       4.2587
  50.194  219.417       4.2587
  50.194  222.922       4.2587
  50.194  226.427       4.2587
  50.194  229.933       4.2587
  50.194  233.438       4.2587
  50.194  236.943       4.2587
  50.194  240.448       4.2587
  55.297 -106.558       4.2587
  55.297 -103.053       4.2587
  55.297  -99.548       4.2587
  55.297  -96.043       4.2587
  55.297  -92.538       4.2587
  55.297  -89.032       4.2587
  55.297  -85.527       4.2587
  55.297  -82.022       4.2587
  55.297  -78.517       4.2587
  55.297  -75.012       4.2587
  55.297  -71.507       4.2587
  55.297  -68.002       4.2587
  55.297  -64.497       4.2587
  55.297  -60.992       4.2587
  55.297  -57.486       4.2587
  55.297  -53.981       4.2587
  55.297  -50.476       4.2587
  55.297  -46.971       4.2587
  55.297  -43.466       4.2587
  55.297  -39.961       4.2587
  55.297  -36.456       4.2587
  55.297  -32.951       4.2587
  55.297  -29.446       4.2587
  55.297  -25.940       4.2587
  55.297  -22.435       4.2587
  55.297  -18.930       4.2587
  55.297  -15.425       4.2587
  55.297  -11.920       4.2587
  55.297   -8.415       4.2587
  55.297   -4.910       4.2587
  55.297   -1.405       4.2587
  55.297    2.100       4.2587
  55.297    5.606       4.2587
  55.297    9.111       4.2587
  55.297   12.616       4.2587
  55.297   16.121       4.2587
  55.297   19.626       4.2587
  55.297   23.131       4.2587
  55.297   26.636       4.2587
  55.297   30.141       4.2587
  55.297   33.646       4.2587
  55.297   37.152       4.2587
  55.297   40.657       4.2587
  55.297   44.162       2.6058
  55.297   47.667       3.1906
  55.297   51.172       2.6058
  55.297   54.677       2.3164
  55.297   58.182       2.1224
  55.297   61.687       2.0596
  55.297   65.192       1.6614
  55.297   68.698       1.6464
  55.297   72.203       1.7092
  55.297   75.708       1.9266
  55.297   79.213       1.5502
  55.297   82.718       1.3948
  55.297   86.223       1.4147
  55.297   89.728       1.2796
  55.297   93.233       2.0902
  55.297   96.738       1.8381
  55.297  100.243       2.5356
  55.297  103.749       2.4160
  55.297  107.254       2.6854
  55.297  110.759       2.3641
  55.297  114.264       2.4160
  55.297  117.769       2.2722
  55.297  121.274       2.6058
  55.297  124.779       2.4728
  55.297  128.284       3.4323
  55.297  131.789       3.8455
  55.297  135.295       3.1906
  55.297  138.800       2.5356
  55.297  142.305       2.4160
  55.297  145.810       2.0902
  55.297  149.315       1.5254
  55.297  152.820       1.5254
  55.297  156.325       1.3662
  55.297  159.830       1.3478
  55.297  163.335       1.3662
  55.297  166.841       1.6032
  55.297  170.346       1.8807
  55.297  173.851       2.3164
  55.297  177.356       2.1224
  55.297  180.861       2.2311
  55.297  184.366       2.7773
  55.297  187.871       4.2587
  55.297  191.376       4.2587
  55.297  194.881       4.2587
  55.297  198.387       4.2587
  55.297  201.892       4.2587
  55.297  205.397       4.2587
  55.297  208.902       4.2587
  55.297  212.407       4.2587
  55.297  215.912       4.2587
  55.297  219.417       4.2587
  55.297  222.922       4.2587
  55.297  226.427       4.2587
  55.297  229.933       4.2587
  55.297  233.438       4.2587
  55.297  236.943       4.2587
  55.297  240.448       4.2587
  60.399 -106.558       4.2587
  60.399 -103.053       4.2587
  60.399  -99.548       4.2587
  60.399  -96.043       4.2587
  60.399  -92.538       4.2587
  60.399  -89.032       4.2587
  60.399  -85.527       4.2587
  60.399  -82.022       4.2587
  60.399  -78.517       4.2587
  60.399  -75.012       4.2587
  60.399  -71.507       4.2587
  60.399  -68.002       4.2587
  60.399  -64.497       4.2587
  60.399  -60.992       4.2587
  60.399  -57.486       4.2587
  60.399  -53.981       4.2587
  60.399  -50.476       4.2587
  60.399  -46.971       4.2587
  60.399  -43.466       4.2587
  60.399  -39.961       4.2587
  60.399  -36.456       4.2587
  60.399  -32.951       4.2587
  60.399  -29.446       4.2587
  60.399  -25.940       4.2587
  60.399  -22.435       4.2587
  60.399  -18.930       4.2587
  60.399  -15.425       4.2587
  60.399  -11.920       4.2587
  60.399   -8.415       4.2587
  60.399   -4.910       4.2587
  60.399   -1.405       4.2587
  60.399    2.100       4.2587
  60.399    5.606       4.2587
  60.399    9.111       4.2587
  60.399   12.616       4.2587
  60.399   16.121       4.2587
  60.399   19.626       4.2587
  60.399   23.131       4.2587
  60.399   26.636       4.2587
  60.399   30.141       2.6854
  60.399   33.646       2.6058
  60.399   37.152       2.3641
  60.399   40.657       2.8860
  60.399   44.162       2.6058
  60.399   47.667       2.5356
  60.399   51.172       2.7773
  60.399   54.677       3.1906
  60.399   58.182       2.4160
  60.399   61.687       2.2311
  60.399   65.192       1.7260
  60.399   68.698       1.8807
  60.399   72.203       2.1224
  60.399   75.708       1.6464
  60.399   79.213       1.5630
  60.399   82.718       1.5015
  60.399   86.223       1.4899
  60.399   89.728       1.5377
  60.399   93.233       2.0902
  60.399   96.738       2.1565
  60.399  100.243       2.1224
  60.399  103.749       2.4160
  60.399  107.254       2.1926
  60.399  110.759       2.0028
  60.399  114.264       2.1224
  60.399  117.769       1.7794
  60.399  121.274       2.0596
  60.399  124.779       2.6058
  60.399  128.284       2.8860
  60.399  131.789       2.5356
  60.399  135.295       3.4323
  60.399  138.800       3.0191
  60.399  142.305       2.4728
  60.399  145.810       1.8590
  60.399  149.315       1.4352
  60.399  152.820       1.4565
  60.399  156.325       1.3388
  60.399  159.830       1.3755
  60.399  163.335       1.3569
  60.399  166.841       1.5377
  60.399  170.346       2.1224
  60.399  173.851       2.4160
  60.399  177.356       2.6058
  60.399  180.861       3.1906
  60.399  184.366       3.4323
  60.399  187.871       4.2587
  60.399  191.376       4.2587
  60.399  194.881       4.2587
  60.399  198.387       4.2587
  60.399  201.892       4.2587
  60.399  205.397       4.2587
  60.399  208.902       4.2587
  60.399  212.407       4.2587
  60.399  215.912       4.2587
  60.399  219.417       4.2587
  60.399  222.922       4.2587
  60.399  226.427       4.2587
  60.399  229.933       4.2587
  60.399  233.438       4.2587
  60.399  236.943       4.2587
  60.399  240.448       4.2587
  65.502 -106.558       4.2587
  65.502 -103.053       4.2587
  65.502  -99.548       4.2587
  65.502  -96.043       4.2587
  65.502  -92.538       4.2587
  65.502  -89.032       4.2587
  65.502  -85.527       4.2587
  65.502  -82.022       4.2587
  65.502  -78.517       4.2587
  65.502  -75.012       4.2587
  65.502  -71.507       4.2587
  65.502  -68.002       4.2587
  65.502  -64.497       4.2587
  65.502  -60.992       4.2587
  65.502  -57.486       4.2587
  65.502  -53.981       4.2587
  65.502  -50.476       4.2587
  65.502  -46.971       4.2587
  65.502  -43.466       4.2587
  65.502  -39.961       4.2587
  65.502  -36.456       4.2587
  65.502  -32.951       4.2587
  65.502  -29.446       4.2587
  65.502  -25.940       4.2587
  65.502  -22.435       4.2587
  65.502  -18.930       4.2587
  65.502  -15.425       4.2587
  65.502  -11.920       4.2587
  65.502   -8.415       4.2587
  65.502   -4.910       4.2587
  65.502   -1.405       4.2587
  65.502    2.100       4.2587
  65.502    5.606       4.2587
  65.502    9.111       4.2587
  65.502   12.616       4.2587
  65.502   16.121       4.2587
  65.502   19.626       4.2587
  65.502   23.131       4.2587
  65.502   26.636       4.2587
  65.502   30.141       2.8860
  65.502   33.646       2.4160
  65.502   37.152       2.3641
  65.502   40.657       2.2722
  65.502   44.162       2.8860
  65.502   47.667       2.6854
  65.502   51.172       2.3641
  65.502   54.677       2.3641
  65.502   58.182       2.3164
  65.502   61.687       2.0028
  65.502   65.192       2.1926
  65.502   68.698       2.1565
  65.502   72.203       1.7260
  65.502   75.708       1.4899
  65.502   79.213       1.5761
  65.502   82.718       1.3478
  65.502   86.223       1.4786
  65.502   89.728       1.9509
  65.502   93.233       2.4728
  65.502   96.738       2.6854
  65.502  100.243       2.2311
  65.502  103.749       2.4160
  65.502  107.254       2.1224
  65.502  110.759       1.6032
  65.502  114.264       1.7260
  65.502  117.769       1.9032
  65.502  121.274       2.2722
  65.502  124.779       2.3641
  65.502  128.284       2.6058
  65.502  131.789       2.6058
  65.502  135.295       3.1906
  65.502  138.800       3.4323
  65.502  142.305       2.4728
  65.502  145.810       2.4160
  65.502  149.315       2.4160
  65.502  152.820       1.9266
  65.502  156.325       1.3662
  65.502  159.830       1.3300
  65.502  163.335       1.7610
  65.502  166.841       1.7092
  65.502  170.346       1.8590
  65.502  173.851       2.5356
  65.502  177.356       3.0191
  65.502  180.861       4.2587
  65.502  184.366       4.2587
  65.502  187.871       4.2587
  65.502  191.376       4.2587
  65.502  194.881       4.2587
  65.502  198.387       4.2587
  65.502  201.892       4.2587
  65.502  205.397       4.2587
  65.502  208.902       4.2587
  65.502  212.407       4.2587
  65.502  215.912       4.2587
  65.502  219.417       4.2587
  65.502  222.922       4.2587
  65.502  226.427       4.2587
  65.502  229.933       4.2587
  65.502  233.438       4.2587
  65.502  236.943       4.2587
  65.502  240.448       4.2587
  70.605 -106.558       4.2587
  70.605 -103.053       4.2587
  70.605  -99.548       4.2587
  70.605  -96.043       4.2587
  70.605  -92.538       4.2587
  70.605  -89.032       4.2587
  70.605  -85.527       4.2587
  70.605  -82.022       4.2587
  70.605  -78.517       4.2587
  70.605  -75.012       4.2587
  70.605  -71.507       4.2587
  70.605  -68.002       4.2587
  70.605  -64.497       4.2587
  70.605  -60.992       4.2587
  70.605  -57.486       3.8455
  70.605  -53.981       3.8455
  70.605  -50.476       4.2587
  70.605  -46.971       4.2587
  70.605  -43.466       4.2587
  70.605  -39.961       4.2587
  70.605  -36.456       4.2587
  70.605  -32.951       4.2587
  70.605  -29.446       4.2587
  70.605  -25.940       4.2587
  70.605  -22.435       4.2587
  70.605  -18.930       4.2587
  70.605  -15.425       4.2587
  70.605  -11.920       4.2587
  70.605   -8.415       4.2587
  70.605   -4.910       4.2587
  70.605   -1.405       4.2587
  70.605    2.100       4.2587
  70.605    5.606       4.2587
  70.605    9.111       4.2587
  70.605   12.616       4.2587
  70.605   16.121       4.2587
  70.605   19.626       4.2587
  70.605   23.131       4.2587
  70.605   26.636       3.4323
  70.605   30.141       3.4323
  70.605   33.646       3.1906
  70.605   37.152       2.2722
  70.605   40.657       2.2722
  70.605   44.162       2.3641
  70.605   47.667       2.1926
  70.605   51.172       2.5356
  70.605   54.677       2.2722
  70.605   58.182       2.3164
  70.605   61.687       2.0596
  70.605   65.192       2.1565
  70.605   68.698       2.1926
  70.605   72.203       2.0028
  70.605   75.708       1.7260
  70.605   79.213       1.6928
  70.605   82.718       1.4352
  70.605   86.223       1.8590
  70.605   89.728       2.4728
  70.605   93.233       3.8455
  70.605   96.738       2.2722
  70.605  100.243       2.1926
  70.605  103.749       2.1565
  70.605  107.254       2.1224
  70.605  110.759       1.8807
  70.605  114.264       2.4728
  70.605  117.769       2.6058
  70.605  121.274       2.4160
  70.605  124.779       2.4160
  70.605  128.284       2.3641
  70.605  131.789       1.9032
  70.605  135.295       2.5356
  70.605  138.800       2.4728
  70.605  142.305       2.6058
  70.605  145.810       3.0191
  70.605  149.315       2.6854
  70.605  152.820       1.9032
  70.605  156.325       1.5895
  70.605  159.830       1.6316
  70.605  163.335       2.3164
  70.605  166.841       2.2311
  70.605  170.346       2.1926
  70.605  173.851       3.4323
  70.605  177.356       3.0191
  70.605  180.861       3.1906
  70.605  184.366       3.4323
  70.605  187.871       4.2587
  70.605  191.376       4.2587
  70.605  194.881       4.2587
  70.605  198.387       4.2587
  70.605  201.892       4.2587
  70.605  205.397       4.2587
  70.605  208.902       4.2587
  70.605  212.407       4.2587
  70.605  215.912       4.2587
  70.605  219.417       4.2587
  70.605  222.922       4.2587
  70.605  226.427       4.2587
  70.605  229.933       4.2587
  70.605  233.438       4.2587
  70.605  236.943       4.2587
  70.605  240.448       4.2587
  75.707 -106.558       4.2587
  75.707 -103.053       4.2587
  75.707  -99.548       4.2587
  75.707  -96.043       4.2587
  75.707  -92.538       4.2587
  75.707  -89.032       4.2587
  75.707  -85.527       4.2587
  75.707  -82.022       4.2587
  75.707  -78.517       4.2587
  75.707  -75.012       4.2587
  75.707  -71.507       4.2587
  75.707  -68.002       4.2587
  75.707  -64.497       4.2587
  75.707  -60.992       4.2587
  75.707  -57.486       2.6058
  75.707  -53.981       3.1906
  75.707  -50.476       3.1906
  75.707  -46.971       2.1565
  75.707  -43.466       2.2722
  75.707  -39.961       3.0191
  75.707  -36.456       4.2587
  75.707  -32.951       3.0191
  75.707  -29.446       2.6058
  75.707  -25.940       2.3641
  75.707  -22.435       2.0305
  75.707  -18.930       3.1906
  75.707  -15.425       3.4323
  75.707  -11.920       4.2587
  75.707   -8.415       4.2587
  75.707   -4.910       4.2587
  75.707   -1.405       4.2587
  75.707    2.100       4.2587
  75.707    5.606       4.2587
  75.707    9.111       4.2587
  75.707   12.616       4.2587
  75.707   16.121       4.2587
  75.707   19.626       4.2587
  75.707   23.131       4.2587
  75.707   26.636       3.4323
  75.707   30.141       2.8860
  75.707   33.646       2.8860
  75.707   37.152       2.6854
  75.707   40.657       2.2722
  75.707   44.162       2.2722
  75.707   47.667       2.5356
  75.707   51.172       2.4160
  75.707   54.677       2.0596
  75.707   58.182       1.7983
  75.707   61.687       1.9266
  75.707   65.192       2.1926
  75.707   68.698       2.3641
  75.707   72.203       1.9032
  75.707   75.708       2.3164
  75.707   79.213       2.0028
  75.707   82.718       1.6928
  75.707   86.223       2.0902
  75.707   89.728       2.0028
  75.707   93.233       2.0028
  75.707   96.738       1.8590
  75.707  100.243       2.1224
  75.707  103.749       2.0305
  75.707  107.254       2.7773
  75.707  110.759       3.4323
  75.707  114.264       2.6854
  75.707  117.769       2.5356
  75.707  121.274       2.6058
  75.707  124.779       4.2587
  75.707  128.284       2.4160
  75.707  131.789       2.3164
  75.707  135.295       2.4728
  75.707  138.800       2.4160
  75.707  142.305       2.6058
  75.707  145.810       3.4323
  75.707  149.315       2.7773
  75.707  152.820       2.3164
  75.707  156.325       2.1926
  75.707  159.830       1.6769
  75.707  163.335       2.0028
  75.707  166.841       2.7773
  75.707  170.346       3.1906
  75.707  173.851       3.4323
  75.707  177.356       4.2587
  75.707  180.861       4.2587
  75.707  184.366       4.2587
  75.707  187.871       4.2587
  75.707  191.376       4.2587
  75.707  194.881       4.2587
  75.707  198.387       4.2587
  75.707  201.892       4.2587
  75.707  205.397       4.2587
  75.707  208.902       4.2587
  75.707  212.407       4.2587
  75.707  215.912       4.2587
  75.707  219.417       4.2587
  75.707  222.922       4.2587
  75.707  226.427       4.2587
  75.707  229.933       4.2587
  75.707  233.438       4.2587
  75.707  236.943       4.2587
  75.707  240.448       4.2587
  80.810 -106.558       4.2587
  80.810 -103.053       4.2587
  80.810  -99.548       4.2587
  80.810  -96.043       4.2587
  80.810  -92.538       4.2587
  80.810  -89.032       4.2587
  80.810  -85.527       4.2587
  80.810  -82.022       4.2587
  80.810  -78.517       4.2587
  80.810  -75.012       4.2587
  80.810  -71.507       4.2587
  80.810  -68.002       4.2587
  80.810  -64.497       4.2587
  80.810  -60.992       4.2587
  80.810  -57.486       2.8860
  80.810  -53.981       2.3164
  80.810  -50.476       1.5015
  80.810  -46.971       1.0487
  80.810  -43.466       1.0942
  80.810  -39.961       1.5254
  80.810  -36.456       1.7432
  80.810  -32.951       1.4786
  80.810  -29.446       1.4786
  80.810  -25.940       1.4352
  80.810  -22.435       1.3388
  80.810  -18.930       1.5761
  80.810  -15.425       1.7983
  80.810  -11.920       2.0596
  80.810   -8.415       1.8807
  80.810   -4.910       2.4728
  80.810   -1.405       2.2722
  80.810    2.100       3.4323
  80.810    5.606       3.8455
  80.810    9.111       3.4323
  80.810   12.616       3.1906
  80.810   16.121       4.2587
  80.810   19.626       4.2587
  80.810   23.131       4.2587
  80.810   26.636       4.2587
  80.810   30.141       3.8455
  80.810   33.646       2.1926
  80.810   37.152       1.9032
  80.810   40.657       1.8807
  80.810   44.162       2.0596
  80.810   47.667       2.4728
  80.810   51.172       2.6854
  80.810   54.677       2.6058
  80.810   58.182       2.4728
  80.810   61.687       2.6854
  80.810   65.192       2.3641
  80.810   68.698       2.0902
  80.810   72.203       2.1565
  80.810   75.708       1.7983
  80.810   79.213       2.1565
  80.810   82.718       1.5254
  80.810   86.223       1.5377
  80.810   89.728       1.3213
  80.810   93.233       1.2331
  80.810   96.738       1.5502
  80.810  100.243       2.1224
  80.810  103.749       2.0028
  80.810  107.254       2.6058
  80.810  110.759       2.5356
  80.810  114.264       2.7773
  80.810  117.769       4.2587
  80.810  121.274       4.2587
  80.810  124.779       4.2587
  80.810  128.284       4.2587
  80.810  131.789       3.8455
  80.810  135.295       4.2587
  80.810  138.800       2.8860
  80.810  142.305       3.4323
  80.810  145.810       3.8455
  80.810  149.315       3.8455
  80.810  152.820       3.1906
  80.810  156.325       3.4323
  80.810  159.830       3.0191
  80.810  163.335       2.7773
  80.810  166.841       3.4323
  80.810  170.346       3.4323
  80.810  173.851       4.2587
  80.810  177.356       4.2587
  80.810  180.861       4.2587
  80.810  184.366       4.2587
  80.810  187.871       4.2587
  80.810  191.376       4.2587
  80.810  194.881       4.2587
  80.810  198.387       4.2587
  80.810  201.892       4.2587
  80.810  205.397       4.2587
  80.810  208.902       4.2587
  80.810  212.407       4.2587
  80.810  215.912       4.2587
  80.810  219.417       4.2587
  80.810  222.922       4.2587
  80.810  226.427       4.2587
  80.810  229.933       4.2587
  80.810  233.438       4.2587
  80.810  236.943       4.2587
  80.810  240.448       4.2587
  85.912 -106.558       4.2587
  85.912 -103.053       4.2587
  85.912  -99.548       4.2587
  85.912  -96.043       4.2587
  85.912  -92.538       4.2587
  85.912  -89.032       4.2587
  85.912  -85.527       4.2587
  85.912  -82.022       4.2587
  85.912  -78.517       4.2587
  85.912  -75.012       4.2587
  85.912  -71.507       4.2587
  85.912  -68.002       4.2587
  85.912  -64.497       4.2587
  85.912  -60.992       4.2587
  85.912  -57.486       4.2587
  85.912  -53.981       2.2311
  85.912  -50.476       1.1970
  85.912  -46.971       1.1434
  85.912  -43.466       1.0710
  85.912  -39.961       1.3569
  85.912  -36.456       1.2716
  85.912  -32.951       1.0710
  85.912  -29.446       0.8869
  85.912  -25.940       0.9719
  85.912  -22.435       0.9081
  85.912  -18.930       0.9081
  85.912  -15.425       1.0542
  85.912  -11.920       0.9124
  85.912   -8.415       1.0168
  85.912   -4.910       1.3948
  85.912   -1.405       1.6316
  85.912    2.100       1.6928
  85.912    5.606       1.9509
  85.912    9.111       1.8590
  85.912   12.616       2.3641
  85.912   16.121       2.0902
  85.912   19.626       1.9763
  85.912   23.131       2.0596
  85.912   26.636       2.0902
  85.912   30.141       2.3641
  85.912   33.646       2.0596
  85.912   37.152       1.8590
  85.912   40.657       1.9509
  85.912   44.162       1.9763
  85.912   47.667       2.6058
  85.912   51.172       2.3641
  85.912   54.677       2.3641
  85.912   58.182       2.6058
  85.912   61.687       2.4160
  85.912   65.192       2.8860
  85.912   68.698       4.2587
  85.912   72.203       2.4160
  85.912   75.708       2.5356
  85.912   79.213       2.3641
  85.912   82.718       1.6769
  85.912   86.223       1.3127
  85.912   89.728       0.9124
  85.912   93.233       1.1970
  85.912   96.738       1.3662
  85.912  100.243       1.9509
  85.912  103.749       2.2311
  85.912  107.254       2.6854
  85.912  110.759       2.1565
  85.912  114.264       2.3641
  85.912  117.769       3.8455
  85.912  121.274       4.2587
  85.912  124.779       4.2587
  85.912  128.284       4.2587
  85.912  131.789       4.2587
  85.912  135.295       4.2587
  85.912  138.800       4.2587
  85.912  142.305       4.2587
  85.912  145.810       4.2587
  85.912  149.315       4.2587
  85.912  152.820       4.2587
  85.912  156.325       4.2587
  85.912  159.830       4.2587
  85.912  163.335       3.4323
  85.912  166.841       3.8455
  85.912  170.346       3.4323
  85.912  173.851       4.2587
  85.912  177.356       4.2587
  85.912  180.861       4.2587
  85.912  184.366       4.2587
  85.912  187.871       4.2587
  85.912  191.376       4.2587
  85.912  194.881       4.2587
  85.912  198.387       4.2587
  85.912  201.892       4.2587
  85.912  205.397       4.2587
  85.912  208.902       4.2587
  85.912  212.407       4.2587
  85.912  215.912       4.2587
  85.912  219.417       4.2587
  85.912  222.922       4.2587
  85.912  226.427       4.2587
  85.912  229.933       4.2587
  85.912  233.438       4.2587
  85.912  236.943       4.2587
  85.912  240.448       4.2587
  91.015 -106.558       4.2587
  91.015 -103.053       4.2587
  91.015  -99.548       4.2587
  91.015  -96.043       4.2587
  91.015  -92.538       4.2587
  91.015  -89.032       4.2587
  91.015  -85.527       4.2587
  91.015  -82.022       4.2587
  91.015  -78.517       4.2587
  91.015  -75.012       4.2587
  91.015  -71.507       4.2587
  91.015  -68.002       4.2587
  91.015  -64.497       4.2587
  91.015  -60.992       4.2587
  91.015  -57.486       4.2587
  91.015  -53.981       2.4160
  91.015  -50.476       1.8807
  91.015  -46.971       1.8590
  91.015  -43.466       1.4248
  91.015  -39.961       1.3948
  91.015  -36.456       1.2482
  91.015  -32.951       1.2184
  91.015  -29.446       0.8125
  91.015  -25.940       0.7768
  91.015  -22.435       0.7597
  91.015  -18.930       0.7665
  91.015  -15.425       0.6061
  91.015  -11.920       0.5014
  91.015   -8.415       0.5236
  91.015   -4.910       0.6220
  91.015   -1.405       0.7269
  91.015    2.100       0.8827
  91.015    5.606       1.0014
  91.015    9.111       1.0116
  91.015   12.616       1.0942
  91.015   16.121       1.3213
  91.015   19.626       1.7092
  91.015   23.131       1.4674
  91.015   26.636       1.1183
  91.015   30.141       1.0710
  91.015   33.646       1.1001
  91.015   37.152       0.9437
  91.015   40.657       1.1244
  91.015   44.162       1.0598
  91.015   47.667       1.2184
  91.015   51.172       1.4674
  91.015   54.677       1.7794
  91.015   58.182       1.8179
  91.015   61.687       1.3948
  91.015   65.192       1.5630
  91.015   68.698       1.7260
  91.015   72.203       2.0028
  91.015   75.708       1.7983
  91.015   79.213       1.7610
  91.015   82.718       1.8807
  91.015   86.223       1.7432
  91.015   89.728       1.3213
  91.015   93.233       1.5377
  91.015   96.738       1.4147
  91.015  100.243       2.3164
  91.015  103.749       3.8455
  91.015  107.254       2.1926
  91.015  110.759       2.4160
  91.015  114.264       2.6854
  91.015  117.769       3.4323
  91.015  121.274       4.2587
  91.015  124.779       4.2587
  91.015  128.284       4.2587
  91.015  131.789       4.2587
  91.015  135.295       4.2587
  91.015  138.800       4.2587
  91.015  142.305       4.2587
  91.015  145.810       4.2587
  91.015  149.315       4.2587
  91.015  152.820       4.2587
  91.015  156.325       4.2587
  91.015  159.830       4.2587
  91.015  163.335       4.2587
  91.015  166.841       3.8455
  91.015  170.346       4.2587
  91.015  173.851       4.2587
  91.015  177.356       4.2587
  91.015  180.861       4.2587
  91.015  184.366       4.2587
  91.015  187.871       4.2587
  91.015  191.376       4.2587
  91.015  194.881       4.2587
  91.015  198.387       4.2587
  91.015  201.892       4.2587
  91.015  205.397       4.2587
  91.015  208.902       4.2587
  91.015  212.407       4.2587
  91.015  215.912       4.2587
  91.015  219.417       4.2587
  91.015  222.922       4.2587
  91.015  226.427       4.2587
  91.015  229.933       4.2587
  91.015  233.438       4.2587
  91.015  236.943       4.2587
  91.015  240.448       4.2587
  96.118 -106.558       4.2587
  96.118 -103.053       4.2587
  96.118  -99.548       4.2587
  96.118  -96.043       4.2587
  96.118  -92.538       4.2587
  96.118  -89.032       4.2587
  96.118  -85.527       4.2587
  96.118  -82.022       4.2587
  96.118  -78.517       4.2587
  96.118  -75.012       4.2587
  96.118  -71.507       4.2587
  96.118  -68.002       4.2587
  96.118  -64.497       4.2587
  96.118  -60.992       4.2587
  96.118  -57.486       4.2587
  96.118  -53.981       4.2587
  96.118  -50.476       2.5356
  96.118  -46.971       2.0902
  96.118  -43.466       1.5254
  96.118  -39.961       1.4674
  96.118  -36.456       1.0825
  96.118  -32.951       1.1629
  96.118  -29.446       0.8786
  96.118  -25.940       0.9529
  96.118  -22.435       1.0379
  96.118  -18.930       0.8016
  96.118  -15.425       0.5708
  96.118  -11.920       0.4531
  96.118   -8.415       0.5538
  96.118   -4.910       0.3381
  96.118   -1.405       0.3532
  96.118    2.100       0.3234
  96.118    5.606       0.3865
  96.118    9.111       0.5538
  96.118   12.616       0.6606
  96.118   16.121       1.0220
  96.118   19.626       1.0825
  96.118   23.131       1.0116
  96.118   26.636       0.8786
  96.118   30.141       0.5832
  96.118   33.646       0.5191
  96.118   37.152       0.5102
  96.118   40.657       0.5014
  96.118   44.162       0.3499
  96.118   47.667       0.4104
  96.118   51.172       0.4085
  96.118   54.677       0.4275
  96.118   58.182       0.7143
  96.118   61.687       0.8953
  96.118   65.192       1.0654
  96.118   68.698       0.9346
  96.118   72.203       0.9168
  96.118   75.708       0.8544
  96.118   79.213       0.9483
  96.118   82.718       1.2716
  96.118   86.223       1.0272
  96.118   89.728       1.1061
  96.118   93.233       1.2184
  96.118   96.738       1.3213
  96.118  100.243       1.7794
  96.118  103.749       1.7260
  96.118  107.254       2.5356
  96.118  110.759       3.0191
  96.118  114.264       3.1906
  96.118  117.769       3.8455
  96.118  121.274       4.2587
  96.118  124.779       4.2587
  96.118  128.284       4.2587
  96.118  131.789       4.2587
  96.118  135.295       4.2587
  96.118  138.800       4.2587
  96.118  142.305       4.2587
  96.118  145.810       4.2587
  96.118  149.315       4.2587
  96.118  152.820       4.2587
  96.118  156.325       4.2587
  96.118  159.830       4.2587
  96.118  163.335       4.2587
  96.118  166.841       4.2587
  96.118  170.346       4.2587
  96.118  173.851       4.2587
  96.118  177.356       4.2587
  96.118  180.861       4.2587
  96.118  184.366       4.2587
  96.118  187.871       4.2587
  96.118  191.376       4.2587
  96.118  194.881       4.2587
  96.118  198.387       4.2587
  96.118  201.892       4.2587
  96.118  205.397       4.2587
  96.118  208.902       4.2587
  96.118  212.407       4.2587
  96.118  215.912       4.2587
  96.118  219.417       4.2587
  96.118  222.922       4.2587
  96.118  226.427       4.2587
  96.118  229.933       4.2587
  96.118  233.438       4.2587
  96.118  236.943       4.2587
  96.118  240.448       4.2587
 101.220 -106.558       4.2587
 101.220 -103.053       4.2587
 101.220  -99.548       4.2587
 101.220  -96.043       4.2587
 101.220  -92.538       4.2587
 101.220  -89.032       4.2587
 101.220  -85.527       4.2587
 101.220  -82.022       4.2587
 101.220  -78.517       4.2587
 101.220  -75.012       4.2587
 101.220  -71.507       4.2587
 101.220  -68.002       4.2587
 101.220  -64.497       4.2587
 101.220  -60.992       4.2587
 101.220  -57.486       4.2587
 101.220  -53.981       4.2587
 101.220  -50.476       4.2587
 101.220  -46.971       4.2587
 101.220  -43.466       3.4323
 101.220  -39.961       3.0191
 101.220  -36.456       2.3641
 101.220  -32.951       2.6854
 101.220  -29.446       2.5356
 101.220  -25.940       3.8455
 101.220  -22.435       3.1906
 101.220  -18.930       1.9509
 101.220  -15.425       1.5254
 101.220  -11.920       1.6032
 101.220   -8.415       1.4565
 101.220   -4.910       1.0767
 101.220   -1.405       0.9301
 101.220    2.100       0.7873
 101.220    5.606       0.9168
 101.220    9.111       1.0825
 101.220   12.616       1.1434
 101.220   16.121       1.1629
 101.220   19.626       1.3569
 101.220   23.131       1.0014
 101.220   26.636       0.9576
 101.220   30.141       0.6899
 101.220   33.646       0.6273
 101.220   37.152       0.7631
 101.220   40.657       0.5857
 101.220   44.162       0.3670
 101.220   47.667       0.3601
 101.220   51.172       0.2842
 101.220   54.677       0.2857
 101.220   58.182       0.3776
 101.220   61.687       0.4927
 101.220   65.192       0.5036
 101.220   68.698       0.6692
 101.220   72.203       0.6839
 101.220   75.708       0.5444
 101.220   79.213       0.5058
 101.220   82.718       0.4451
 101.220   86.223       0.3776
 101.220   89.728       0.4104
 101.220   93.233       0.4633
 101.220   96.738       0.5397
 101.220  100.243       0.6635
 101.220  103.749       0.8274
 101.220  107.254       1.1900
 101.220  110.759       1.4458
 101.220  114.264       2.1926
 101.220  117.769       3.0191
 101.220  121.274       4.2587
 101.220  124.779       4.2587
 101.220  128.284       4.2587
 101.220  131.789       4.2587
 101.220  135.295       4.2587
 101.220  138.800       4.2587
 101.220  142.305       4.2587
 101.220  145.810       4.2587
 101.220  149.315       4.2587
 101.220  152.820       4.2587
 101.220  156.325       4.2587
 101.220  159.830       4.2587
 101.220  163.335       4.2587
 101.220  166.841       4.2587
 101.220  170.346       4.2587
 101.220  173.851       4.2587
 101.220  177.356       4.2587
 101.220  180.861       4.2587
 101.220  184.366       4.2587
 101.220  187.871       4.2587
 101.220  191.376       4.2587
 101.220  194.881       4.2587
 101.220  198.387       4.2587
 101.220  201.892       4.2587
 101.220  205.397       4.2587
 101.220  208.902       4.2587
 101.220  212.407       4.2587
 101.220  215.912       4.2587
 101.220  219.417       4.2587
 101.220  222.922       4.2587
 101.220  226.427       4.2587
 101.220  229.933       4.2587
 101.220  233.438       4.2587
 101.220  236.943       4.2587
 101.220  240.448       4.2587
 106.323 -106.558       4.2587
 106.323 -103.053       4.2587
 106.323  -99.548       4.2587
 106.323  -96.043       4.2587
 106.323  -92.538       4.2587
 106.323  -89.032       4.2587
 106.323  -85.527       4.2587
 106.323  -82.022       4.2587
 106.323  -78.517       4.2587
 106.323  -75.012       4.2587
 106.323  -71.507       4.2587
 106.323  -68.002       4.2587
 106.323  -64.497       4.2587
 106.323  -60.992       4.2587
 106.323  -57.486       4.2587
 106.323  -53.981       4.2587
 106.323  -50.476       4.2587
 106.323  -46.971       4.2587
 106.323  -43.466       4.2587
 106.323  -39.961       4.2587
 106.323  -36.456       4.2587
 106.323  -32.951       4.2587
 106.323  -29.446       4.2587
 106.323  -25.940       4.2587
 106.323  -22.435       4.2587
 106.323  -18.930       4.2587
 106.323  -15.425       3.4323
 106.323  -11.920       4.2587
 106.323   -8.415       3.4323
 106.323   -4.910       2.8860
 106.323   -1.405       2.6058
 106.323    2.100       2.7773
 106.323    5.606       2.2722
 106.323    9.111       2.4728
 106.323   12.616       2.3641
 106.323   16.121       2.0902
 106.323   19.626       2.1565
 106.323   23.131       2.1926
 106.323   26.636       2.4160
 106.323   30.141       1.8381
 106.323   33.646       1.3662
 106.323   37.152       1.2040
 106.323   40.657       0.9437
 106.323   44.162       0.8466
 106.323   47.667       0.9719
 106.323   51.172       0.8388
 106.323   54.677       0.6355
 106.323   58.182       0.6521
 106.323   61.687       0.5907
 106.323   65.192       0.8466
 106.323   68.698       1.0598
 106.323   72.203       0.9623
 106.323   75.708       0.7838
 106.323   79.213       0.5420
 106.323   82.718       0.3740
 106.323   86.223       0.1430
 106.323   89.728       0.0849
 106.323   93.233       0.0329
 106.323   96.738       0.0440
 106.323  100.243       0.0182
 106.323  103.749       0.0773
 106.323  107.254       0.3217
 106.323  110.759       0.7838
 106.323  114.264       1.0942
 106.323  117.769       2.0596
 106.323  121.274       2.8860
 106.323  124.779       2.7773
 106.323  128.284       3.8455
 106.323  131.789       4.2587
 106.323  135.295       4.2587
 106.323  138.800       4.2587
 106.323  142.305       4.2587
 106.323  145.810       4.2587
 106.323  149.315       4.2587
 106.323  152.820       4.2587
 106.323  156.325       4.2587
 106.323  159.830       4.2587
 106.323  163.335       4.2587
 106.323  166.841       4.2587
 106.323  170.346       4.2587
 106.323  173.851       4.2587
 106.323  177.356       4.2587
 106.323  180.861       4.2587
 106.323  184.366       4.2587
 106.323  187.871       4.2587
 106.323  191.376       4.2587
 106.323  194.881       4.2587
 106.323  198.387       4.2587
 106.323  201.892       4.2587
 106.323  205.397       4.2587
 106.323  208.902       4.2587
 106.323  212.407       4.2587
 106.323  215.912       4.2587
 106.323  219.417       4.2587
 106.323  222.922       4.2587
 106.323  226.427       4.2587
 106.323  229.933       4.2587
 106.323  233.438       4.2587
 106.323  236.943       4.2587
 106.323  240.448       4.2587
 111.425 -106.558       4.2587
 111.425 -103.053       4.2587
 111.425  -99.548       4.2587
 111.425  -96.043       4.2587
 111.425  -92.538       4.2587
 111.425  -89.032       4.2587
 111.425  -85.527       4.2587
 111.425  -82.022       4.2587
 111.425  -78.517       4.2587
 111.425  -75.012       4.2587
 111.425  -71.507       4.2587
 111.425  -68.002       4.2587
 111.425  -64.497       4.2587
 111.425  -60.992       4.2587
 111.425  -57.486       4.2587
 111.425  -53.981       4.2587
 111.425  -50.476       4.2587
 111.425  -46.971       4.2587
 111.425  -43.466       4.2587
 111.425  -39.961       4.2587
 111.425  -36.456       4.2587
 111.425  -32.951       4.2587
 111.425  -29.446       4.2587
 111.425  -25.940       4.2587
 111.425  -22.435       4.2587
 111.425  -18.930       4.2587
 111.425  -15.425       4.2587
 111.425  -11.920       4.2587
 111.425   -8.415       4.2587
 111.425   -4.910       4.2587
 111.425   -1.405       4.2587
 111.425    2.100       4.2587
 111.425    5.606       4.2587
 111.425    9.111       3.8455
 111.425   12.616       3.8455
 111.425   16.121       4.2587
 111.425   19.626       4.2587
 111.425   23.131       3.8455
 111.425   26.636       3.4323
 111.425   30.141       4.2587
 111.425   33.646       3.1906
 111.425   37.152       2.6058
 111.425   40.657       2.4160
 111.425   44.162       2.1224
 111.425   47.667       1.8590
 111.425   51.172       1.7794
 111.425   54.677       1.7260
 111.425   58.182       1.6464
 111.425   61.687       1.6769
 111.425   65.192       1.4046
 111.425   68.698       1.4674
 111.425   72.203       1.2716
 111.425   75.708       1.1498
 111.425   79.213       1.1696
 111.425   82.718       0.8584
 111.425   86.223       0.7081
 111.425   89.728       0.4613
 111.425   93.233       0.4142
 111.425   96.738       0.3011
 111.425  100.243       0.1218
 111.425  103.749       0.0741
 111.425  107.254       0.0903
 111.425  110.759       0.4412
 111.425  114.264       0.7803
 111.425  117.769       1.6316
 111.425  121.274       2.7773
 111.425  124.779       3.8455
 111.425  128.284       3.8455
 111.425  131.789       4.2587
 111.425  135.295       4.2587
 111.425  138.800       4.2587
 111.425  142.305       4.2587
 111.425  145.810       4.2587
 111.425  149.315       4.2587
 111.425  152.820       4.2587
 111.425  156.325       4.2587
 111.425  159.830       4.2587
 111.425  163.335       4.2587
 111.425  166.841       4.2587
 111.425  170.346       4.2587
 111.425  173.851       4.2587
 111.425  177.356       4.2587
 111.425  180.861       4.2587
 111.425  184.366       4.2587
 111.425  187.871       4.2587
 111.425  191.376       4.2587
 111.425  194.881       4.2587
 111.425  198.387       4.2587
 111.425  201.892       4.2587
 111.425  205.397       4.2587
 111.425  208.902       4.2587
 111.425  212.407       4.2587
 111.425  215.912       4.2587
 111.425  219.417       4.2587
 111.425  222.922       4.2587
 111.425  226.427       4.2587
 111.425  229.933       4.2587
 111.425  233.438       4.2587
 111.425  236.943       4.2587
 111.425  240.448       4.2587
 116.528 -106.558       4.2587
 116.528 -103.053       4.2587
 116.528  -99.548       4.2587
 116.528  -96.043       4.2587
 116.528  -92.538       4.2587
 116.528  -89.032       4.2587
 116.528  -85.527       4.2587
 116.528  -82.022       4.2587
 116.528  -78.517       4.2587
 116.528  -75.012       4.2587
 116.528  -71.507       4.2587
 116.528  -68.002       4.2587
 116.528  -64.497       4.2587
 116.528  -60.992       4.2587
 116.528  -57.486       4.2587
 116.528  -53.981       4.2587
 116.528  -50.476       4.2587
 116.528  -46.971       4.2587
 116.528  -43.466       4.2587
 116.528  -39.961       4.2587
 116.528  -36.456       4.2587
 116.528  -32.951       4.2587
 116.528  -29.446       4.2587
 116.528  -25.940       4.2587
 116.528  -22.435       4.2587
 116.528  -18.930       4.2587
 116.528  -15.425       4.2587
 116.528  -11.920       4.2587
 116.528   -8.415       4.2587
 116.528   -4.910       4.2587
 116.528   -1.405       4.2587
 116.528    2.100       4.2587
 116.528    5.606       4.2587
 116.528    9.111       4.2587
 116.528   12.616       4.2587
 116.528   16.121       4.2587
 116.528   19.626       4.2587
 116.528   23.131       4.2587
 116.528   26.636       4.2587
 116.528   30.141       4.2587
 116.528   33.646       4.2587
 116.528   37.152       4.2587
 116.528   40.657       4.2587
 116.528   44.162       3.8455
 116.528   47.667       3.8455
 116.528   51.172       4.2587
 116.528   54.677       4.2587
 116.528   58.182       4.2587
 116.528   61.687       3.1906
 116.528   65.192       3.0191
 116.528   68.698       2.4160
 116.528   72.203       2.6058
 116.528   75.708       2.0305
 116.528   79.213       1.5133
 116.528   82.718       1.6316
 116.528   86.223       2.1565
 116.528   89.728       1.5377
 116.528   93.233       1.5254
 116.528   96.738       1.4458
 116.528  100.243       1.3213
 116.528  103.749       1.0116
 116.528  107.254       0.8388
 116.528  110.759       0.9671
 116.528  114.264       1.3300
 116.528  117.769       2.0028
 116.528  121.274       3.0191
 116.528  124.779       4.2587
 116.528  128.284       4.2587
 116.528  131.789       4.2587
 116.528  135.295       4.2587
 116.528  138.800       4.2587
 116.528  142.305       4.2587
 116.528  145.810       4.2587
 116.528  149.315       4.2587
 116.528  152.820       4.2587
 116.528  156.325       4.2587
 116.528  159.830       4.2587
 116.528  163.335       4.2587
 116.528  166.841       4.2587
 116.528  170.346       4.2587
 116.528  173.851       4.2587
 116.528  177.356       4.2587
 116.528  180.861       4.2587
 116.528  184.366       4.2587
 116.528  187.871       4.2587
 116.528  191.376       4.2587
 116.528  194.881       4.2587
 116.528  198.387       4.2587
 116.528  201.892       4.2587
 116.528  205.397       4.2587
 116.528  208.902       4.2587
 116.528  212.407       4.2587
 116.528  215.912       4.2587
 116.528  219.417       4.2587
 116.528  222.922       4.2587
 116.528  226.427       4.2587
 116.528  229.933       4.2587
 116.528  233.438       4.2587
 116.528  236.943       4.2587
 116.528  240.448       4.2587
 121.630 -106.558       4.2587
 121.630 -103.053       4.2587
 121.630  -99.548       4.2587
 121.630  -96.043       4.2587
 121.630  -92.538       4.2587
 121.630  -89.032       4.2587
 121.630  -85.527       4.2587
 121.630  -82.022       4.2587
 121.630  -78.517       4.2587
 121.630  -75.012       4.2587
 121.630  -71.507       4.2587
 121.630  -68.002       4.2587
 121.630  -64.497       4.2587
 121.630  -60.992       4.2587
 121.630  -57.486       4.2587
 121.630  -53.981       4.2587
 121.630  -50.476       4.2587
 121.630  -46.971       4.2587
 121.630  -43.466       4.2587
 121.630  -39.961       4.2587
 121.630  -36.456       4.2587
 121.630  -32.951       4.2587
 121.630  -29.446       4.2587
 121.630  -25.940       4.2587
 121.630  -22.435       4.2587
 121.630  -18.930       4.2587
 121.630  -15.425       4.2587
 121.630  -11.920       4.2587
 121.630   -8.415       4.2587
 121.630   -4.910       4.2587
 121.630   -1.405       4.2587
 121.630    2.100       4.2587
 121.630    5.606       4.2587
 121.630    9.111       4.2587
 121.630   12.616       4.2587
 121.630   16.121       4.2587
 121.630   19.626       4.2587
 121.630   23.131       4.2587
 121.630   26.636       4.2587
 121.630   30.141       4.2587
 121.630   33.646       4.2587
 121.630   37.152       4.2587
 121.630   40.657       4.2587
 121.630   44.162       4.2587
 121.630   47.667       4.2587
 121.630   51.172       4.2587
 121.630   54.677       4.2587
 121.630   58.182       4.2587
 121.630   61.687       4.2587
 121.630   65.192       4.2587
 121.630   68.698       4.2587
 121.630   72.203       4.2587
 121.630   75.708       4.2587
 121.630   79.213       3.8455
 121.630   82.718       4.2587
 121.630   86.223       4.2587
 121.630   89.728       4.2587
 121.630   93.233       3.8455
 121.630   96.738       4.2587
 121.630  100.243       3.1906
 121.630  103.749       2.6058
 121.630  107.254       2.3641
 121.630  110.759       3.0191
 121.630  114.264       2.0902
 121.630  117.769       2.0902
 121.630  121.274       3.8455
 121.630  124.779       4.2587
 121.630  128.284       4.2587
 121.630  131.789       4.2587
 121.630  135.295       4.2587
 121.630  138.800       4.2587
 121.630  142.305       4.2587
 121.630  145.810       4.2587
 121.630  149.315       4.2587
 121.630  152.820       4.2587
 121.630  156.325       4.2587
 121.630  159.830       4.2587
 121.630  163.335       4.2587
 121.630  166.841       4.2587
 121.630  170.346       4.2587
 121.630  173.851       4.2587
 121.630  177.356       4.2587
 121.630  180.861       4.2587
 121.630  184.366       4.2587
 121.630  187.871       4.2587
 121.630  191.376       4.2587
 121.630  194.881       4.2587
 121.630  198.387       4.2587
 121.630  201.892       4.2587
 121.630  205.397       4.2587
 121.630  208.902       4.2587
 121.630  212.407       4.2587
 121.630  215.912       4.2587
 121.630  219.417       4.2587
 121.630  222.922       4.2587
 121.630  226.427       4.2587
 121.630  229.933       4.2587
 121.630  233.438       4.2587
 121.630  236.943       4.2587
