-386.239 -152.286       4.0473
-386.239 -147.968       4.0473
-386.239 -143.649       4.0473
-386.239 -139.331       4.0473
-386.239 -135.012       4.0473
-386.239 -130.694       4.0473
-386.239 -126.375       4.0473
-386.239 -122.057       4.0473
-386.239 -117.739       4.0473
-386.239 -113.420       4.0473
-386.239 -109.102       4.0473
-386.239 -104.783       4.0473
-386.239 -100.465       4.0473
-386.239  -96.147       4.0473
-386.239  -91.828       4.0473
-386.239  -87.510       4.0473
-386.239  -83.191       4.0473
-386.239  -78.873       4.0473
-386.239  -74.554       4.0473
-386.239  -70.236       4.0473
-386.239  -65.918       4.0473
-386.239  -61.599       4.0473
-386.239  -57.281       4.0473
-386.239  -52.962       4.0473
-386.239  -48.644       4.0473
-386.239  -44.326       4.0473
-386.239  -40.007       4.0473
-386.239  -35.689       4.0473
-386.239  -31.370       3.6341
-386.239  -27.052       4.0473
-386.239  -22.733       4.0473
-386.239  -18.415       4.0473
-386.239  -14.097       4.0473
-386.239   -9.778       4.0473
-386.239   -5.460       4.0473
-386.239   -1.141       4.0473
-386.239    3.177       4.0473
-386.239    7.496       2.5659
-386.239   11.814       2.2614
-386.239   16.132       3.6341
-386.239   20.451       4.0473
-386.239   24.769       4.0473
-386.239   29.088       4.0473
-386.239   33.406       4.0473
-386.239   37.724       4.0473
-386.239   42.043       3.6341
-386.239   46.361       4.0473
-386.239   50.680       4.0473
-386.239   54.998       4.0473
-386.239   59.317       3.6341
-386.239   63.635       3.2209
-386.239   67.953       2.9791
-386.239   72.272       4.0473
-386.239   76.590       4.0473
-386.239   80.909       4.0473
-386.239   85.227       4.0473
-386.239   89.546       4.0473
-386.239   93.864       4.0473
-386.239   98.182       4.0473
-386.239  102.501       4.0473
-386.239  106.819       4.0473
-386.239  111.138       4.0473
-386.239  115.456       4.0473
-386.239  119.774       4.0473
-386.239  124.093       4.0473
-386.239  128.411       4.0473
-386.239  132.730       4.0473
-386.239  137.048       4.0473
-386.239  141.367       4.0473
-386.239  145.685       4.0473
-386.239  150.003       4.0473
-386.239  154.322       4.0473
-386.239  158.640       4.0473
-386.239  162.959       4.0473
-386.239  167.277       4.0473
-386.239  171.595       4.0473
-386.239  175.914       4.0473
-386.239  180.232       4.0473
-386.239  184.551       4.0473
-386.239  188.869       4.0473
-386.239  193.188       4.0473
-386.239  197.506       4.0473
-386.239  201.824       4.0473
-386.239  206.143       4.0473
-386.239  210.461       4.0473
-386.239  214.780       4.0473
-386.239  219.098       4.0473
-386.239  223.417       4.0473
-386.239  227.735       4.0473
-386.239  232.053       4.0473
-386.239  236.372       4.0473
-386.239  240.690       4.0473
-386.239  245.009       4.0473
-386.239  249.327       4.0473
-386.239  253.645       4.0473
-386.239  257.964       4.0473
-386.239  262.282       4.0473
-386.239  266.601       4.0473
-386.239  270.919       4.0473
-386.239  275.238       4.0473
-382.983 -152.286       4.0473
-382.983 -147.968       4.0473
-382.983 -143.649       4.0473
-382.983 -139.331       4.0473
-382.983 -135.012       4.0473
-382.983 -130.694       4.0473
-382.983 -126.375       4.0473
-382.983 -122.057       4.0473
-382.983 -117.739       4.0473
-382.983 -113.420       4.0473
-382.983 -109.102       4.0473
-382.983 -104.783       4.0473
-382.983 -100.465       4.0473
-382.983  -96.147       4.0473
-382.983  -91.828       4.0473
-382.983  -87.510       4.0473
-382.983  -83.191       4.0473
-382.983  -78.873       4.0473
-382.983  -74.554       4.0473
-382.983  -70.236       4.0473
-382.983  -65.918       4.0473
-382.983  -61.599       4.0473
-382.983  -57.281       4.0473
-382.983  -52.962       4.0473
-382.983  -48.644       4.0473
-382.983  -44.326       4.0473
-382.983  -40.007       4.0473
-382.983  -35.689       4.0473
-382.983  -31.370       4.0473
-382.983  -27.052       4.0473
-382.983  -22.733       4.0473
-382.983  -18.415       4.0473
-382.983  -14.097       4.0473
-382.983   -9.778       4.0473
-382.983   -5.460       3.6341
-382.983   -1.141       4.0473
-382.983    3.177       3.2209
-382.983    7.496       1.9812
-382.983   11.814       1.8191
-382.983   16.132       2.3242
-382.983   20.451       3.6341
-382.983   24.769       2.2046
-382.983   29.088       3.6341
-382.983   33.406       3.6341
-382.983   37.724       2.8076
-382.983   42.043       2.1527
-382.983   46.361       2.6746
-382.983   50.680       2.9791
-382.983   54.998       2.4740
-382.983   59.317       2.3242
-382.983   63.635       2.1527
-382.983   67.953       2.8076
-382.983   72.272       2.8076
-382.983   76.590       3.6341
-382.983   80.909       4.0473
-382.983   85.227       2.8076
-382.983   89.546       4.0473
-382.983   93.864       4.0473
-382.983   98.182       4.0473
-382.983  102.501       4.0473
-382.983  106.819       4.0473
-382.983  111.138       4.0473
-382.983  115.456       4.0473
-382.983  119.774       4.0473
-382.983  124.093       4.0473
-382.983  128.411       4.0473
-382.983  132.730       4.0473
-382.983  137.048       4.0473
-382.983  141.367       4.0473
-382.983  145.685       4.0473
-382.983  150.003       4.0473
-382.983  154.322       4.0473
-382.983  158.640       4.0473
-382.983  162.959       4.0473
-382.983  167.277       4.0473
-382.983  171.595       4.0473
-382.983  175.914       4.0473
-382.983  180.232       4.0473
-382.983  184.551       4.0473
-382.983  188.869       4.0473
-382.983  193.188       4.0473
-382.983  197.506       4.0473
-382.983  201.824       4.0473
-382.983  206.143       4.0473
-382.983  210.461       4.0473
-382.983  214.780       4.0473
-382.983  219.098       4.0473
-382.983  223.417       4.0473
-382.983  227.735       4.0473
-382.983  232.053       4.0473
-382.983  236.372       4.0473
-382.983  240.690       4.0473
-382.983  245.009       4.0473
-382.983  249.327       4.0473
-382.983  253.645       4.0473
-382.983  257.964       4.0473
-382.983  262.282       4.0473
-382.983  266.601       4.0473
-382.983  270.919       4.0473
-382.983  275.238       4.0473
-379.728 -152.286       4.0473
-379.728 -147.968       4.0473
-379.728 -143.649       4.0473
-379.728 -139.331       4.0473
-379.728 -135.012       4.0473
-379.728 -130.694       4.0473
-379.728 -126.375       4.0473
-379.728 -122.057       4.0473
-379.728 -117.739       4.0473
-379.728 -113.420       4.0473
-379.728 -109.102       4.0473
-379.728 -104.783       4.0473
-379.728 -100.465       4.0473
-379.728  -96.147       4.0473
-379.728  -91.828       4.0473
-379.728  -87.510       4.0473
-379.728  -83.191       4.0473
-379.728  -78.873       4.0473
-379.728  -74.554       4.0473
-379.728  -70.236       4.0473
-379.728  -65.918       4.0473
-379.728  -61.599       4.0473
-379.728  -57.281       4.0473
-379.728  -52.962       4.0473
-379.728  -48.644       4.0473
-379.728  -44.326       4.0473
-379.728  -40.007       4.0473
-379.728  -35.689       4.0473
-379.728  -31.370       4.0473
-379.728  -27.052       4.0473
-379.728  -22.733       4.0473
-379.728  -18.415       4.0473
-379.728  -14.097       4.0473
-379.728   -9.778       4.0473
-379.728   -5.460       2.5659
-379.728   -1.141       2.8076
-379.728    3.177       2.3944
-379.728    7.496       1.7151
-379.728   11.814       2.2046
-379.728   16.132       3.2209
-379.728   20.451       2.5659
-379.728   24.769       1.9110
-379.728   29.088       2.8076
-379.728   33.406       2.3944
-379.728   37.724       1.9450
-379.728   42.043       2.1050
-379.728   46.361       4.0473
-379.728   50.680       4.0473
-379.728   54.998       2.3242
-379.728   59.317       2.2046
-379.728   63.635       2.0197
-379.728   67.953       3.2209
-379.728   72.272       2.5659
-379.728   76.590       2.0197
-379.728   80.909       1.8191
-379.728   85.227       1.8482
-379.728   89.546       2.2614
-379.728   93.864       2.4740
-379.728   98.182       2.9791
-379.728  102.501       4.0473
-379.728  106.819       4.0473
-379.728  111.138       4.0473
-379.728  115.456       4.0473
-379.728  119.774       4.0473
-379.728  124.093       4.0473
-379.728  128.411       4.0473
-379.728  132.730       4.0473
-379.728  137.048       4.0473
-379.728  141.367       4.0473
-379.728  145.685       4.0473
-379.728  150.003       4.0473
-379.728  154.322       4.0473
-379.728  158.640       4.0473
-379.728  162.959       4.0473
-379.728  167.277       4.0473
-379.728  171.595       4.0473
-379.728  175.914       4.0473
-379.728  180.232       4.0473
-379.728  184.551       4.0473
-379.728  188.869       4.0473
-379.728  193.188       4.0473
-379.728  197.506       4.0473
-379.728  201.824       4.0473
-379.728  206.143       4.0473
-379.728  210.461       4.0473
-379.728  214.780       4.0473
-379.728  219.098       4.0473
-379.728  223.417       4.0473
-379.728  227.735       4.0473
-379.728  232.053       4.0473
-379.728  236.372       4.0473
-379.728  240.690       4.0473
-379.728  245.009       4.0473
-379.728  249.327       4.0473
-379.728  253.645       4.0473
-379.728  257.964       4.0473
-379.728  262.282       4.0473
-379.728  266.601       4.0473
-379.728  270.919       4.0473
-379.728  275.238       4.0473
-376.472 -152.286       4.0473
-376.472 -147.968       4.0473
-376.472 -143.649       4.0473
-376.472 -139.331       4.0473
-376.472 -135.012       4.0473
-376.472 -130.694       4.0473
-376.472 -126.375       4.0473
-376.472 -122.057       4.0473
-376.472 -117.739       4.0473
-376.472 -113.420       4.0473
-376.472 -109.102       4.0473
-376.472 -104.783       4.0473
-376.472 -100.465       4.0473
-376.472  -96.147       4.0473
-376.472  -91.828       4.0473
-376.472  -87.510       4.0473
-376.472  -83.191       4.0473
-376.472  -78.873       4.0473
-376.472  -74.554       4.0473
-376.472  -70.236       4.0473
-376.472  -65.918       4.0473
-376.472  -61.599       4.0473
-376.472  -57.281       4.0473
-376.472  -52.962       4.0473
-376.472  -48.644       4.0473
-376.472  -44.326       4.0473
-376.472  -40.007       4.0473
-376.472  -35.689       4.0473
-376.472  -31.370       4.0473
-376.472  -27.052       4.0473
-376.472  -22.733       4.0473
-376.472  -18.415       4.0473
-376.472  -14.097       2.9791
-376.472   -9.778       2.4740
-376.472   -5.460       2.6746
-376.472   -1.141       2.8076
-376.472    3.177       2.2614
-376.472    7.496       1.6266
-376.472   11.814       2.6746
-376.472   16.132       3.6341
-376.472   20.451       2.4740
-376.472   24.769       2.3242
-376.472   29.088       2.3944
-376.472   33.406       3.6341
-376.472   37.724       2.1527
-376.472   42.043       2.2614
-376.472   46.361       4.0473
-376.472   50.680       4.0473
-376.472   54.998       4.0473
-376.472   59.317       3.2209
-376.472   63.635       3.6341
-376.472   67.953       4.0473
-376.472   72.272       2.4740
-376.472   76.590       1.6064
-376.472   80.909       1.4814
-376.472   85.227       1.4058
-376.472   89.546       1.7913
-376.472   93.864       1.3781
-376.472   98.182       1.4202
-376.472  102.501       2.3944
-376.472  106.819       2.9791
-376.472  111.138       4.0473
-376.472  115.456       3.6341
-376.472  119.774       4.0473
-376.472  124.093       4.0473
-376.472  128.411       4.0473
-376.472  132.730       4.0473
-376.472  137.048       4.0473
-376.472  141.367       4.0473
-376.472  145.685       4.0473
-376.472  150.003       4.0473
-376.472  154.322       4.0473
-376.472  158.640       4.0473
-376.472  162.959       4.0473
-376.472  167.277       4.0473
-376.472  171.595       4.0473
-376.472  175.914       4.0473
-376.472  180.232       4.0473
-376.472  184.551       4.0473
-376.472  188.869       4.0473
-376.472  193.188       4.0473
-376.472  197.506       4.0473
-376.472  201.824       4.0473
-376.472  206.143       4.0473
-376.472  210.461       4.0473
-376.472  214.780       4.0473
-376.472  219.098       4.0473
-376.472  223.417       4.0473
-376.472  227.735       4.0473
-376.472  232.053       4.0473
-376.472  236.372       4.0473
-376.472  240.690       4.0473
-376.472  245.009       4.0473
-376.472  249.327       4.0473
-376.472  253.645       4.0473
-376.472  257.964       4.0473
-376.472  262.282       4.0473
-376.472  266.601       4.0473
-376.472  270.919       4.0473
-376.472  275.238       4.0473
-373.217 -152.286       4.0473
-373.217 -147.968       4.0473
-373.217 -143.649       4.0473
-373.217 -139.331       4.0473
-373.217 -135.012       4.0473
-373.217 -130.694       4.0473
-373.217 -126.375       4.0473
-373.217 -122.057       4.0473
-373.217 -117.739       4.0473
-373.217 -113.420       4.0473
-373.217 -109.102       4.0473
-373.217 -104.783       4.0473
-373.217 -100.465       4.0473
-373.217  -96.147       4.0473
-373.217  -91.828       4.0473
-373.217  -87.510       4.0473
-373.217  -83.191       4.0473
-373.217  -78.873       4.0473
-373.217  -74.554       4.0473
-373.217  -70.236       4.0473
-373.217  -65.918       4.0473
-373.217  -61.599       4.0473
-373.217  -57.281       4.0473
-373.217  -52.962       4.0473
-373.217  -48.644       4.0473
-373.217  -44.326       4.0473
-373.217  -40.007       4.0473
-373.217  -35.689       4.0473
-373.217  -31.370       4.0473
-373.217  -27.052       4.0473
-373.217  -22.733       4.0473
-373.217  -18.415       4.0473
-373.217  -14.097       2.2046
-373.217   -9.778       2.0197
-373.217   -5.460       2.5659
-373.217   -1.141       2.2046
-373.217    3.177       1.9450
-373.217    7.496       1.8191
-373.217   11.814       2.6746
-373.217   16.132       2.5659
-373.217   20.451       2.1050
-373.217   24.769       1.9812
-373.217   29.088       1.8482
-373.217   33.406       2.1527
-373.217   37.724       3.6341
-373.217   42.043       3.2209
-373.217   46.361       4.0473
-373.217   50.680       4.0473
-373.217   54.998       4.0473
-373.217   59.317       4.0473
-373.217   63.635       4.0473
-373.217   67.953       2.9791
-373.217   72.272       2.9791
-373.217   76.590       1.9450
-373.217   80.909       1.4655
-373.217   85.227       1.4500
-373.217   89.546       1.5145
-373.217   93.864       1.2901
-373.217   98.182       0.9515
-373.217  102.501       1.3262
-373.217  106.819       1.7395
-373.217  111.138       2.1527
-373.217  115.456       2.3944
-373.217  119.774       4.0473
-373.217  124.093       4.0473
-373.217  128.411       4.0473
-373.217  132.730       4.0473
-373.217  137.048       4.0473
-373.217  141.367       4.0473
-373.217  145.685       4.0473
-373.217  150.003       4.0473
-373.217  154.322       4.0473
-373.217  158.640       4.0473
-373.217  162.959       4.0473
-373.217  167.277       4.0473
-373.217  171.595       4.0473
-373.217  175.914       4.0473
-373.217  180.232       4.0473
-373.217  184.551       4.0473
-373.217  188.869       4.0473
-373.217  193.188       4.0473
-373.217  197.506       4.0473
-373.217  201.824       4.0473
-373.217  206.143       4.0473
-373.217  210.461       4.0473
-373.217  214.780       4.0473
-373.217  219.098       4.0473
-373.217  223.417       4.0473
-373.217  227.735       4.0473
-373.217  232.053       4.0473
-373.217  236.372       4.0473
-373.217  240.690       4.0473
-373.217  245.009       4.0473
-373.217  249.327       4.0473
-373.217  253.645       4.0473
-373.217  257.964       4.0473
-373.217  262.282       4.0473
-373.217  266.601       4.0473
-373.217  270.919       4.0473
-373.217  275.238       4.0473
-369.962 -152.286       4.0473
-369.962 -147.968       4.0473
-369.962 -143.649       4.0473
-369.962 -139.331       4.0473
-369.962 -135.012       4.0473
-369.962 -130.694       4.0473
-369.962 -126.375       4.0473
-369.962 -122.057       4.0473
-369.962 -117.739       4.0473
-369.962 -113.420       4.0473
-369.962 -109.102       4.0473
-369.962 -104.783       4.0473
-369.962 -100.465       4.0473
-369.962  -96.147       4.0473
-369.962  -91.828       4.0473
-369.962  -87.510       4.0473
-369.962  -83.191       4.0473
-369.962  -78.873       4.0473
-369.962  -74.554       4.0473
-369.962  -70.236       4.0473
-369.962  -65.918       4.0473
-369.962  -61.599       4.0473
-369.962  -57.281       4.0473
-369.962  -52.962       4.0473
-369.962  -48.644       4.0473
-369.962  -44.326       4.0473
-369.962  -40.007       4.0473
-369.962  -35.689       4.0473
-369.962  -31.370       4.0473
-369.962  -27.052       4.0473
-369.962  -22.733       3.2209
-369.962  -18.415       2.6746
-369.962  -14.097       2.0608
-369.962   -9.778       1.8787
-369.962   -5.460       1.7395
-369.962   -1.141       1.7395
-369.962    3.177       1.8787
-369.962    7.496       1.7151
-369.962   11.814       3.2209
-369.962   16.132       2.3242
-369.962   20.451       2.1527
-369.962   24.769       1.5145
-369.962   29.088       1.4349
-369.962   33.406       2.2046
-369.962   37.724       2.9791
-369.962   42.043       3.2209
-369.962   46.361       3.2209
-369.962   50.680       3.2209
-369.962   54.998       3.6341
-369.962   59.317       2.9791
-369.962   63.635       4.0473
-369.962   67.953       2.9791
-369.962   72.272       2.2614
-369.962   76.590       1.5680
-369.962   80.909       1.5869
-369.962   85.227       1.1455
-369.962   89.546       1.7151
-369.962   93.864       1.6266
-369.962   98.182       1.4349
-369.962  102.501       1.2032
-369.962  106.819       1.0217
-369.962  111.138       1.1834
-369.962  115.456       1.6266
-369.962  119.774       2.4740
-369.962  124.093       4.0473
-369.962  128.411       4.0473
-369.962  132.730       4.0473
-369.962  137.048       4.0473
-369.962  141.367       4.0473
-369.962  145.685       4.0473
-369.962  150.003       4.0473
-369.962  154.322       4.0473
-369.962  158.640       4.0473
-369.962  162.959       4.0473
-369.962  167.277       4.0473
-369.962  171.595       4.0473
-369.962  175.914       4.0473
-369.962  180.232       4.0473
-369.962  184.551       4.0473
-369.962  188.869       4.0473
-369.962  193.188       4.0473
-369.962  197.506       4.0473
-369.962  201.824       4.0473
-369.962  206.143       4.0473
-369.962  210.461       4.0473
-369.962  214.780       4.0473
-369.962  219.098       4.0473
-369.962  223.417       4.0473
-369.962  227.735       4.0473
-369.962  232.053       4.0473
-369.962  236.372       4.0473
-369.962  240.690       4.0473
-369.962  245.009       4.0473
-369.962  249.327       4.0473
-369.962  253.645       4.0473
-369.962  257.964       4.0473
-369.962  262.282       4.0473
-369.962  266.601       4.0473
-369.962  270.919       4.0473
-369.962  275.238       4.0473
-366.706 -152.286       4.0473
-366.706 -147.968       4.0473
-366.706 -143.649       4.0473
-366.706 -139.331       4.0473
-366.706 -135.012       4.0473
-366.706 -130.694       4.0473
-366.706 -126.375       4.0473
-366.706 -122.057       4.0473
-366.706 -117.739       4.0473
-366.706 -113.420       4.0473
-366.706 -109.102       4.0473
-366.706 -104.783       4.0473
-366.706 -100.465       4.0473
-366.706  -96.147       4.0473
-366.706  -91.828       4.0473
-366.706  -87.510       4.0473
-366.706  -83.191       4.0473
-366.706  -78.873       4.0473
-366.706  -74.554       4.0473
-366.706  -70.236       4.0473
-366.706  -65.918       4.0473
-366.706  -61.599       4.0473
-366.706  -57.281       4.0473
-366.706  -52.962       4.0473
-366.706  -48.644       4.0473
-366.706  -44.326       4.0473
-366.706  -40.007       4.0473
-366.706  -35.689       4.0473
-366.706  -31.370       4.0473
-366.706  -27.052       2.4740
-366.706  -22.733       1.8787
-366.706  -18.415       1.4500
-366.706  -14.097       1.2238
-366.706   -9.778       1.1932
-366.706   -5.460       1.1834
-366.706   -1.141       1.5496
-366.706    3.177       1.6692
-366.706    7.496       1.7913
-366.706   11.814       1.8787
-366.706   16.132       1.8787
-366.706   20.451       2.3944
-366.706   24.769       1.6692
-366.706   29.088       1.9450
-366.706   33.406       2.0608
-366.706   37.724       1.9450
-366.706   42.043       2.2046
-366.706   46.361       2.9791
-366.706   50.680       2.4740
-366.706   54.998       2.5659
-366.706   59.317       2.0197
-366.706   63.635       2.3242
-366.706   67.953       2.2614
-366.706   72.272       2.2614
-366.706   76.590       2.1050
-366.706   80.909       1.7395
-366.706   85.227       1.1932
-366.706   89.546       1.4349
-366.706   93.864       1.7151
-366.706   98.182       1.8482
-366.706  102.501       1.3781
-366.706  106.819       0.9581
-366.706  111.138       1.2560
-366.706  115.456       1.2238
-366.706  119.774       1.3139
-366.706  124.093       1.9110
-366.706  128.411       2.8076
-366.706  132.730       4.0473
-366.706  137.048       4.0473
-366.706  141.367       4.0473
-366.706  145.685       4.0473
-366.706  150.003       4.0473
-366.706  154.322       4.0473
-366.706  158.640       4.0473
-366.706  162.959       4.0473
-366.706  167.277       4.0473
-366.706  171.595       4.0473
-366.706  175.914       4.0473
-366.706  180.232       4.0473
-366.706  184.551       4.0473
-366.706  188.869       4.0473
-366.706  193.188       4.0473
-366.706  197.506       4.0473
-366.706  201.824       4.0473
-366.706  206.143       4.0473
-366.706  210.461       4.0473
-366.706  214.780       4.0473
-366.706  219.098       4.0473
-366.706  223.417       4.0473
-366.706  227.735       4.0473
-366.706  232.053       4.0473
-366.706  236.372       4.0473
-366.706  240.690       4.0473
-366.706  245.009       4.0473
-366.706  249.327       4.0473
-366.706  253.645       4.0473
-366.706  257.964       4.0473
-366.706  262.282       4.0473
-366.706  266.601       4.0473
-366.706  270.919       4.0473
-366.706  275.238       4.0473
-363.450 -152.286       4.0473
-363.450 -147.968       4.0473
-363.450 -143.649       4.0473
-363.450 -139.331       4.0473
-363.450 -135.012       4.0473
-363.450 -130.694       4.0473
-363.450 -126.375       4.0473
-363.450 -122.057       4.0473
-363.450 -117.739       4.0473
-363.450 -113.420       4.0473
-363.450 -109.102       4.0473
-363.450 -104.783       4.0473
-363.450 -100.465       4.0473
-363.450  -96.147       4.0473
-363.450  -91.828       4.0473
-363.450  -87.510       4.0473
-363.450  -83.191       4.0473
-363.450  -78.873       4.0473
-363.450  -74.554       4.0473
-363.450  -70.236       4.0473
-363.450  -65.918       4.0473
-363.450  -61.599       4.0473
-363.450  -57.281       4.0473
-363.450  -52.962       4.0473
-363.450  -48.644       4.0473
-363.450  -44.326       4.0473
-363.450  -40.007       4.0473
-363.450  -35.689       4.0473
-363.450  -31.370       4.0473
-363.450  -27.052       2.3242
-363.450  -22.733       1.1364
-363.450  -18.415       0.7951
-363.450  -14.097       0.9926
-363.450   -9.778       1.1186
-363.450   -5.460       1.2032
-363.450   -1.141       1.4349
-363.450    3.177       1.4814
-363.450    7.496       1.4202
-363.450   11.814       1.5869
-363.450   16.132       1.8787
-363.450   20.451       1.6917
-363.450   24.769       1.6064
-363.450   29.088       2.3944
-363.450   33.406       2.5659
-363.450   37.724       2.2614
-363.450   42.043       3.6341
-363.450   46.361       2.8076
-363.450   50.680       2.4740
-363.450   54.998       2.1050
-363.450   59.317       1.7648
-363.450   63.635       2.3944
-363.450   67.953       2.4740
-363.450   72.272       2.9791
-363.450   76.590       2.0608
-363.450   80.909       2.0608
-363.450   85.227       1.8191
-363.450   89.546       1.7648
-363.450   93.864       1.5318
-363.450   98.182       1.6917
-363.450  102.501       1.6476
-363.450  106.819       1.0143
-363.450  111.138       1.0928
-363.450  115.456       1.0368
-363.450  119.774       0.9786
-363.450  124.093       1.1455
-363.450  128.411       1.4202
-363.450  132.730       2.9791
-363.450  137.048       4.0473
-363.450  141.367       4.0473
-363.450  145.685       4.0473
-363.450  150.003       4.0473
-363.450  154.322       4.0473
-363.450  158.640       4.0473
-363.450  162.959       4.0473
-363.450  167.277       4.0473
-363.450  171.595       4.0473
-363.450  175.914       4.0473
-363.450  180.232       4.0473
-363.450  184.551       4.0473
-363.450  188.869       4.0473
-363.450  193.188       4.0473
-363.450  197.506       4.0473
-363.450  201.824       4.0473
-363.450  206.143       4.0473
-363.450  210.461       4.0473
-363.450  214.780       4.0473
-363.450  219.098       4.0473
-363.450  223.417       4.0473
-363.450  227.735       4.0473
-363.450  232.053       4.0473
-363.450  236.372       4.0473
-363.450  240.690       4.0473
-363.450  245.009       4.0473
-363.450  249.327       4.0473
-363.450  253.645       4.0473
-363.450  257.964       4.0473
-363.450  262.282       4.0473
-363.450  266.601       4.0473
-363.450  270.919       4.0473
-363.450  275.238       4.0473
-360.195 -152.286       4.0473
-360.195 -147.968       4.0473
-360.195 -143.649       4.0473
-360.195 -139.331       4.0473
-360.195 -135.012       4.0473
-360.195 -130.694       4.0473
-360.195 -126.375       4.0473
-360.195 -122.057       4.0473
-360.195 -117.739       4.0473
-360.195 -113.420       4.0473
-360.195 -109.102       4.0473
-360.195 -104.783       4.0473
-360.195 -100.465       4.0473
-360.195  -96.147       4.0473
-360.195  -91.828       4.0473
-360.195  -87.510       4.0473
-360.195  -83.191       4.0473
-360.195  -78.873       4.0473
-360.195  -74.554       4.0473
-360.195  -70.236       4.0473
-360.195  -65.918       4.0473
-360.195  -61.599       4.0473
-360.195  -57.281       4.0473
-360.195  -52.962       4.0473
-360.195  -48.644       4.0473
-360.195  -44.326       4.0473
-360.195  -40.007       2.8076
-360.195  -35.689       2.3944
-360.195  -31.370       2.6746
-360.195  -27.052       1.3918
-360.195  -22.733       1.1099
-360.195  -18.415       1.1932
-360.195  -14.097       1.4814
-360.195   -9.778       1.4500
-360.195   -5.460       1.4814
-360.195   -1.141       1.4655
-360.195    3.177       1.3516
-360.195    7.496       1.2032
-360.195   11.814       1.1641
-360.195   16.132       1.1932
-360.195   20.451       1.3139
-360.195   24.769       1.7913
-360.195   29.088       2.3242
-360.195   33.406       2.4740
-360.195   37.724       2.9791
-360.195   42.043       4.0473
-360.195   46.361       2.9791
-360.195   50.680       3.6341
-360.195   54.998       4.0473
-360.195   59.317       2.9791
-360.195   63.635       3.6341
-360.195   67.953       4.0473
-360.195   72.272       3.6341
-360.195   76.590       2.6746
-360.195   80.909       3.6341
-360.195   85.227       2.8076
-360.195   89.546       2.3944
-360.195   93.864       1.8787
-360.195   98.182       2.5659
-360.195  102.501       1.6476
-360.195  106.819       1.2343
-360.195  111.138       1.2032
-360.195  115.456       1.2451
-360.195  119.774       1.0602
-360.195  124.093       0.7604
-360.195  128.411       0.7098
-360.195  132.730       1.1932
-360.195  137.048       3.2209
-360.195  141.367       3.6341
-360.195  145.685       4.0473
-360.195  150.003       4.0473
-360.195  154.322       4.0473
-360.195  158.640       4.0473
-360.195  162.959       4.0473
-360.195  167.277       4.0473
-360.195  171.595       4.0473
-360.195  175.914       4.0473
-360.195  180.232       4.0473
-360.195  184.551       4.0473
-360.195  188.869       4.0473
-360.195  193.188       4.0473
-360.195  197.506       4.0473
-360.195  201.824       4.0473
-360.195  206.143       4.0473
-360.195  210.461       4.0473
-360.195  214.780       4.0473
-360.195  219.098       4.0473
-360.195  223.417       4.0473
-360.195  227.735       4.0473
-360.195  232.053       4.0473
-360.195  236.372       4.0473
-360.195  240.690       4.0473
-360.195  245.009       4.0473
-360.195  249.327       4.0473
-360.195  253.645       4.0473
-360.195  257.964       4.0473
-360.195  262.282       4.0473
-360.195  266.601       4.0473
-360.195  270.919       4.0473
-360.195  275.238       4.0473
-356.939 -152.286       4.0473
-356.939 -147.968       4.0473
-356.939 -143.649       4.0473
-356.939 -139.331       4.0473
-356.939 -135.012       4.0473
-356.939 -130.694       4.0473
-356.939 -126.375       4.0473
-356.939 -122.057       4.0473
-356.939 -117.739       4.0473
-356.939 -113.420       4.0473
-356.939 -109.102       4.0473
-356.939 -104.783       4.0473
-356.939 -100.465       4.0473
-356.939  -96.147       4.0473
-356.939  -91.828       4.0473
-356.939  -87.510       4.0473
-356.939  -83.191       4.0473
-356.939  -78.873       4.0473
-356.939  -74.554       4.0473
-356.939  -70.236       4.0473
-356.939  -65.918       4.0473
-356.939  -61.599       4.0473
-356.939  -57.281       4.0473
-356.939  -52.962       4.0473
-356.939  -48.644       4.0473
-356.939  -44.326       2.5659
-356.939  -40.007       1.9450
-356.939  -35.689       2.3242
-356.939  -31.370       1.9812
-356.939  -27.052       1.4058
-356.939  -22.733       1.3516
-356.939  -18.415       1.5145
-356.939  -14.097       1.8482
-356.939   -9.778       1.7648
-356.939   -5.460       1.3781
-356.939   -1.141       1.6266
-356.939    3.177       1.5680
-356.939    7.496       1.1737
-356.939   11.814       1.0763
-356.939   16.132       1.1834
-356.939   20.451       1.2672
-356.939   24.769       1.7395
-356.939   29.088       1.8787
-356.939   33.406       2.6746
-356.939   37.724       3.6341
-356.939   42.043       3.2209
-356.939   46.361       2.9791
-356.939   50.680       4.0473
-356.939   54.998       4.0473
-356.939   59.317       4.0473
-356.939   63.635       4.0473
-356.939   67.953       4.0473
-356.939   72.272       4.0473
-356.939   76.590       4.0473
-356.939   80.909       4.0473
-356.939   85.227       4.0473
-356.939   89.546       2.8076
-356.939   93.864       2.2614
-356.939   98.182       2.5659
-356.939  102.501       2.2614
-356.939  106.819       2.3944
-356.939  111.138       1.4058
-356.939  115.456       1.3139
-356.939  119.774       1.4058
-356.939  124.093       0.9130
-356.939  128.411       0.7462
-356.939  132.730       0.8710
-356.939  137.048       1.3516
-356.939  141.367       3.2209
-356.939  145.685       4.0473
-356.939  150.003       4.0473
-356.939  154.322       4.0473
-356.939  158.640       4.0473
-356.939  162.959       4.0473
-356.939  167.277       4.0473
-356.939  171.595       4.0473
-356.939  175.914       4.0473
-356.939  180.232       4.0473
-356.939  184.551       4.0473
-356.939  188.869       4.0473
-356.939  193.188       4.0473
-356.939  197.506       4.0473
-356.939  201.824       4.0473
-356.939  206.143       4.0473
-356.939  210.461       4.0473
-356.939  214.780       4.0473
-356.939  219.098       4.0473
-356.939  223.417       4.0473
-356.939  227.735       4.0473
-356.939  232.053       4.0473
-356.939  236.372       4.0473
-356.939  240.690       4.0473
-356.939  245.009       4.0473
-356.939  249.327       4.0473
-356.939  253.645       4.0473
-356.939  257.964       4.0473
-356.939  262.282       4.0473
-356.939  266.601       4.0473
-356.939  270.919       4.0473
-356.939  275.238       4.0473
-353.684 -152.286       4.0473
-353.684 -147.968       4.0473
-353.684 -143.649       4.0473
-353.684 -139.331       4.0473
-353.684 -135.012       4.0473
-353.684 -130.694       4.0473
-353.684 -126.375       4.0473
-353.684 -122.057       4.0473
-353.684 -117.739       4.0473
-353.684 -113.420       4.0473
-353.684 -109.102       4.0473
-353.684 -104.783       4.0473
-353.684 -100.465       4.0473
-353.684  -96.147       4.0473
-353.684  -91.828       4.0473
-353.684  -87.510       4.0473
-353.684  -83.191       4.0473
-353.684  -78.873       4.0473
-353.684  -74.554       4.0473
-353.684  -70.236       4.0473
-353.684  -65.918       4.0473
-353.684  -61.599       4.0473
-353.684  -57.281       4.0473
-353.684  -52.962       4.0473
-353.684  -48.644       4.0473
-353.684  -44.326       2.6746
-353.684  -40.007       1.8787
-353.684  -35.689       1.6476
-353.684  -31.370       1.5680
-353.684  -27.052       1.2560
-353.684  -22.733       1.4655
-353.684  -18.415       1.9450
-353.684  -14.097       1.7395
-353.684   -9.778       1.5869
-353.684   -5.460       1.4814
-353.684   -1.141       1.3781
-353.684    3.177       2.1050
-353.684    7.496       1.3262
-353.684   11.814       1.2343
-353.684   16.132       1.5318
-353.684   20.451       1.4349
-353.684   24.769       1.6064
-353.684   29.088       2.1527
-353.684   33.406       2.8076
-353.684   37.724       2.2614
-353.684   42.043       2.2614
-353.684   46.361       2.3944
-353.684   50.680       2.5659
-353.684   54.998       4.0473
-353.684   59.317       4.0473
-353.684   63.635       4.0473
-353.684   67.953       4.0473
-353.684   72.272       4.0473
-353.684   76.590       4.0473
-353.684   80.909       4.0473
-353.684   85.227       4.0473
-353.684   89.546       2.3944
-353.684   93.864       2.1527
-353.684   98.182       2.5659
-353.684  102.501       3.2209
-353.684  106.819       3.6341
-353.684  111.138       2.2614
-353.684  115.456       1.6064
-353.684  119.774       1.4814
-353.684  124.093       0.9130
-353.684  128.411       0.7900
-353.684  132.730       0.7054
-353.684  137.048       0.8053
-353.684  141.367       1.5680
-353.684  145.685       2.4740
-353.684  150.003       3.6341
-353.684  154.322       4.0473
-353.684  158.640       4.0473
-353.684  162.959       4.0473
-353.684  167.277       4.0473
-353.684  171.595       4.0473
-353.684  175.914       4.0473
-353.684  180.232       4.0473
-353.684  184.551       4.0473
-353.684  188.869       4.0473
-353.684  193.188       4.0473
-353.684  197.506       4.0473
-353.684  201.824       4.0473
-353.684  206.143       4.0473
-353.684  210.461       4.0473
-353.684  214.780       4.0473
-353.684  219.098       4.0473
-353.684  223.417       4.0473
-353.684  227.735       4.0473
-353.684  232.053       4.0473
-353.684  236.372       4.0473
-353.684  240.690       4.0473
-353.684  245.009       4.0473
-353.684  249.327       4.0473
-353.684  253.645       4.0473
-353.684  257.964       4.0473
-353.684  262.282       4.0473
-353.684  266.601       4.0473
-353.684  270.919       4.0473
-353.684  275.238       4.0473
-350.428 -152.286       4.0473
-350.428 -147.968       4.0473
-350.428 -143.649       4.0473
-350.428 -139.331       4.0473
-350.428 -135.012       4.0473
-350.428 -130.694       4.0473
-350.428 -126.375       4.0473
-350.428 -122.057       4.0473
-350.428 -117.739       4.0473
-350.428 -113.420       4.0473
-350.428 -109.102       4.0473
-350.428 -104.783       4.0473
-350.428 -100.465       4.0473
-350.428  -96.147       4.0473
-350.428  -91.828       4.0473
-350.428  -87.510       4.0473
-350.428  -83.191       4.0473
-350.428  -78.873       4.0473
-350.428  -74.554       4.0473
-350.428  -70.236       4.0473
-350.428  -65.918       4.0473
-350.428  -61.599       4.0473
-350.428  -57.281       4.0473
-350.428  -52.962       4.0473
-350.428  -48.644       4.0473
-350.428  -44.326       3.6341
-350.428  -40.007       1.9812
-350.428  -35.689       1.7395
-350.428  -31.370       1.8482
-350.428  -27.052       1.4814
-350.428  -22.733       1.4349
-350.428  -18.415       1.5318
-350.428  -14.097       1.1364
-350.428   -9.778       1.2560
-350.428   -5.460       1.5680
-350.428   -1.141       1.5680
-350.428    3.177       1.4500
-350.428    7.496       1.2785
-350.428   11.814       1.2451
-350.428   16.132       1.5680
-350.428   20.451       1.6266
-350.428   24.769       2.0197
-350.428   29.088       2.1050
-350.428   33.406       2.1050
-350.428   37.724       1.9450
-350.428   42.043       2.1527
-350.428   46.361       3.6341
-350.428   50.680       2.8076
-350.428   54.998       2.9791
-350.428   59.317       2.9791
-350.428   63.635       2.5659
-350.428   67.953       3.2209
-350.428   72.272       4.0473
-350.428   76.590       4.0473
-350.428   80.909       4.0473
-350.428   85.227       4.0473
-350.428   89.546       4.0473
-350.428   93.864       3.2209
-350.428   98.182       2.5659
-350.428  102.501       2.6746
-350.428  106.819       3.6341
-350.428  111.138       2.4740
-350.428  115.456       2.1050
-350.428  119.774       1.6266
-350.428  124.093       1.2134
-350.428  128.411       0.9717
-350.428  132.730       0.6881
-350.428  137.048       0.6713
-350.428  141.367       0.7653
-350.428  145.685       1.4349
-350.428  150.003       2.6746
-350.428  154.322       4.0473
-350.428  158.640       4.0473
-350.428  162.959       4.0473
-350.428  167.277       4.0473
-350.428  171.595       4.0473
-350.428  175.914       4.0473
-350.428  180.232       4.0473
-350.428  184.551       4.0473
-350.428  188.869       4.0473
-350.428  193.188       4.0473
-350.428  197.506       4.0473
-350.428  201.824       4.0473
-350.428  206.143       4.0473
-350.428  210.461       4.0473
-350.428  214.780       4.0473
-350.428  219.098       4.0473
-350.428  223.417       4.0473
-350.428  227.735       4.0473
-350.428  232.053       4.0473
-350.428  236.372       4.0473
-350.428  240.690       4.0473
-350.428  245.009       4.0473
-350.428  249.327       4.0473
-350.428  253.645       4.0473
-350.428  257.964       4.0473
-350.428  262.282       4.0473
-350.428  266.601       4.0473
-350.428  270.919       4.0473
-350.428  275.238       4.0473
-347.173 -152.286       4.0473
-347.173 -147.968       4.0473
-347.173 -143.649       4.0473
-347.173 -139.331       4.0473
-347.173 -135.012       4.0473
-347.173 -130.694       4.0473
-347.173 -126.375       4.0473
-347.173 -122.057       4.0473
-347.173 -117.739       4.0473
-347.173 -113.420       4.0473
-347.173 -109.102       4.0473
-347.173 -104.783       4.0473
-347.173 -100.465       4.0473
-347.173  -96.147       4.0473
-347.173  -91.828       4.0473
-347.173  -87.510       4.0473
-347.173  -83.191       4.0473
-347.173  -78.873       4.0473
-347.173  -74.554       4.0473
-347.173  -70.236       4.0473
-347.173  -65.918       4.0473
-347.173  -61.599       4.0473
-347.173  -57.281       4.0473
-347.173  -52.962       4.0473
-347.173  -48.644       4.0473
-347.173  -44.326       3.6341
-347.173  -40.007       2.2046
-347.173  -35.689       1.6692
-347.173  -31.370       1.9450
-347.173  -27.052       1.5496
-347.173  -22.733       1.5869
-347.173  -18.415       1.4349
-347.173  -14.097       1.5680
-347.173   -9.778       1.6692
-347.173   -5.460       1.7648
-347.173   -1.141       1.7395
-347.173    3.177       1.4058
-347.173    7.496       1.4655
-347.173   11.814       1.3647
-347.173   16.132       1.9110
-347.173   20.451       1.7395
-347.173   24.769       1.8787
-347.173   29.088       1.9812
-347.173   33.406       2.5659
-347.173   37.724       2.9791
-347.173   42.043       3.6341
-347.173   46.361       4.0473
-347.173   50.680       4.0473
-347.173   54.998       2.5659
-347.173   59.317       1.5680
-347.173   63.635       1.9110
-347.173   67.953       2.8076
-347.173   72.272       4.0473
-347.173   76.590       4.0473
-347.173   80.909       4.0473
-347.173   85.227       4.0473
-347.173   89.546       4.0473
-347.173   93.864       4.0473
-347.173   98.182       4.0473
-347.173  102.501       3.2209
-347.173  106.819       2.3944
-347.173  111.138       1.7913
-347.173  115.456       1.9110
-347.173  119.774       1.8482
-347.173  124.093       1.2901
-347.173  128.411       0.9581
-347.173  132.730       1.2032
-347.173  137.048       1.0217
-347.173  141.367       0.7462
-347.173  145.685       0.5758
-347.173  150.003       1.1834
-347.173  154.322       1.9812
-347.173  158.640       4.0473
-347.173  162.959       4.0473
-347.173  167.277       4.0473
-347.173  171.595       4.0473
-347.173  175.914       4.0473
-347.173  180.232       4.0473
-347.173  184.551       4.0473
-347.173  188.869       4.0473
-347.173  193.188       4.0473
-347.173  197.506       4.0473
-347.173  201.824       4.0473
-347.173  206.143       4.0473
-347.173  210.461       4.0473
-347.173  214.780       4.0473
-347.173  219.098       4.0473
-347.173  223.417       4.0473
-347.173  227.735       4.0473
-347.173  232.053       4.0473
-347.173  236.372       4.0473
-347.173  240.690       4.0473
-347.173  245.009       4.0473
-347.173  249.327       4.0473
-347.173  253.645       4.0473
-347.173  257.964       4.0473
-347.173  262.282       4.0473
-347.173  266.601       4.0473
-347.173  270.919       4.0473
-347.173  275.238       4.0473
-343.917 -152.286       4.0473
-343.917 -147.968       4.0473
-343.917 -143.649       4.0473
-343.917 -139.331       4.0473
-343.917 -135.012       4.0473
-343.917 -130.694       4.0473
-343.917 -126.375       4.0473
-343.917 -122.057       4.0473
-343.917 -117.739       4.0473
-343.917 -113.420       4.0473
-343.917 -109.102       4.0473
-343.917 -104.783       4.0473
-343.917 -100.465       4.0473
-343.917  -96.147       4.0473
-343.917  -91.828       4.0473
-343.917  -87.510       4.0473
-343.917  -83.191       4.0473
-343.917  -78.873       4.0473
-343.917  -74.554       4.0473
-343.917  -70.236       4.0473
-343.917  -65.918       4.0473
-343.917  -61.599       4.0473
-343.917  -57.281       4.0473
-343.917  -52.962       4.0473
-343.917  -48.644       4.0473
-343.917  -44.326       4.0473
-343.917  -40.007       1.8787
-343.917  -35.689       1.8787
-343.917  -31.370       2.1050
-343.917  -27.052       2.1050
-343.917  -22.733       1.8482
-343.917  -18.415       1.8482
-343.917  -14.097       2.2614
-343.917   -9.778       2.2614
-343.917   -5.460       2.3944
-343.917   -1.141       1.8191
-343.917    3.177       1.5680
-343.917    7.496       1.5680
-343.917   11.814       1.4655
-343.917   16.132       2.0608
-343.917   20.451       2.8076
-343.917   24.769       2.1050
-343.917   29.088       2.8076
-343.917   33.406       4.0473
-343.917   37.724       4.0473
-343.917   42.043       4.0473
-343.917   46.361       4.0473
-343.917   50.680       2.9791
-343.917   54.998       2.1527
-343.917   59.317       1.3388
-343.917   63.635       1.6266
-343.917   67.953       2.6746
-343.917   72.272       2.5659
-343.917   76.590       3.6341
-343.917   80.909       4.0473
-343.917   85.227       4.0473
-343.917   89.546       4.0473
-343.917   93.864       4.0473
-343.917   98.182       3.6341
-343.917  102.501       2.8076
-343.917  106.819       2.3242
-343.917  111.138       1.5496
-343.917  115.456       1.4058
-343.917  119.774       1.5496
-343.917  124.093       1.1013
-343.917  128.411       1.0292
-343.917  132.730       1.1455
-343.917  137.048       1.4202
-343.917  141.367       0.7800
-343.917  145.685       0.6838
-343.917  150.003       0.8653
-343.917  154.322       1.0445
-343.917  158.640       1.5869
-343.917  162.959       2.6746
-343.917  167.277       4.0473
-343.917  171.595       4.0473
-343.917  175.914       4.0473
-343.917  180.232       4.0473
-343.917  184.551       4.0473
-343.917  188.869       4.0473
-343.917  193.188       4.0473
-343.917  197.506       4.0473
-343.917  201.824       4.0473
-343.917  206.143       4.0473
-343.917  210.461       4.0473
-343.917  214.780       4.0473
-343.917  219.098       4.0473
-343.917  223.417       4.0473
-343.917  227.735       4.0473
-343.917  232.053       4.0473
-343.917  236.372       4.0473
-343.917  240.690       4.0473
-343.917  245.009       4.0473
-343.917  249.327       4.0473
-343.917  253.645       4.0473
-343.917  257.964       4.0473
-343.917  262.282       4.0473
-343.917  266.601       4.0473
-343.917  270.919       4.0473
-343.917  275.238       4.0473
-340.662 -152.286       4.0473
-340.662 -147.968       4.0473
-340.662 -143.649       4.0473
-340.662 -139.331       4.0473
-340.662 -135.012       4.0473
-340.662 -130.694       4.0473
-340.662 -126.375       4.0473
-340.662 -122.057       4.0473
-340.662 -117.739       4.0473
-340.662 -113.420       4.0473
-340.662 -109.102       4.0473
-340.662 -104.783       4.0473
-340.662 -100.465       4.0473
-340.662  -96.147       4.0473
-340.662  -91.828       4.0473
-340.662  -87.510       4.0473
-340.662  -83.191       4.0473
-340.662  -78.873       4.0473
-340.662  -74.554       4.0473
-340.662  -70.236       4.0473
-340.662  -65.918       4.0473
-340.662  -61.599       3.6341
-340.662  -57.281       2.8076
-340.662  -52.962       2.5659
-340.662  -48.644       3.6341
-340.662  -44.326       2.9791
-340.662  -40.007       2.1050
-340.662  -35.689       1.8787
-340.662  -31.370       1.8482
-340.662  -27.052       3.2209
-340.662  -22.733       2.6746
-340.662  -18.415       2.4740
-340.662  -14.097       2.6746
-340.662   -9.778       2.8076
-340.662   -5.460       2.9791
-340.662   -1.141       1.6917
-340.662    3.177       1.8482
-340.662    7.496       1.6917
-340.662   11.814       1.5680
-340.662   16.132       1.9812
-340.662   20.451       2.9791
-340.662   24.769       2.8076
-340.662   29.088       2.5659
-340.662   33.406       2.2614
-340.662   37.724       2.5659
-340.662   42.043       2.1050
-340.662   46.361       2.4740
-340.662   50.680       2.2614
-340.662   54.998       1.8482
-340.662   59.317       1.6917
-340.662   63.635       1.5680
-340.662   67.953       1.4977
-340.662   72.272       1.8191
-340.662   76.590       2.8076
-340.662   80.909       2.9791
-340.662   85.227       3.2209
-340.662   89.546       3.2209
-340.662   93.864       3.6341
-340.662   98.182       2.9791
-340.662  102.501       2.2614
-340.662  106.819       1.8482
-340.662  111.138       1.9812
-340.662  115.456       1.6476
-340.662  119.774       1.4977
-340.662  124.093       1.2238
-340.662  128.411       1.0928
-340.662  132.730       1.0217
-340.662  137.048       1.1834
-340.662  141.367       1.1274
-340.662  145.685       0.8483
-340.662  150.003       0.7142
-340.662  154.322       0.9384
-340.662  158.640       1.0682
-340.662  162.959       1.8191
-340.662  167.277       3.2209
-340.662  171.595       4.0473
-340.662  175.914       4.0473
-340.662  180.232       4.0473
-340.662  184.551       4.0473
-340.662  188.869       4.0473
-340.662  193.188       4.0473
-340.662  197.506       4.0473
-340.662  201.824       4.0473
-340.662  206.143       4.0473
-340.662  210.461       4.0473
-340.662  214.780       4.0473
-340.662  219.098       4.0473
-340.662  223.417       4.0473
-340.662  227.735       4.0473
-340.662  232.053       4.0473
-340.662  236.372       4.0473
-340.662  240.690       4.0473
-340.662  245.009       4.0473
-340.662  249.327       4.0473
-340.662  253.645       4.0473
-340.662  257.964       4.0473
-340.662  262.282       4.0473
-340.662  266.601       4.0473
-340.662  270.919       4.0473
-340.662  275.238       4.0473
-337.406 -152.286       4.0473
-337.406 -147.968       4.0473
-337.406 -143.649       4.0473
-337.406 -139.331       4.0473
-337.406 -135.012       4.0473
-337.406 -130.694       4.0473
-337.406 -126.375       4.0473
-337.406 -122.057       4.0473
-337.406 -117.739       4.0473
-337.406 -113.420       4.0473
-337.406 -109.102       4.0473
-337.406 -104.783       4.0473
-337.406 -100.465       4.0473
-337.406  -96.147       4.0473
-337.406  -91.828       4.0473
-337.406  -87.510       4.0473
-337.406  -83.191       4.0473
-337.406  -78.873       4.0473
-337.406  -74.554       4.0473
-337.406  -70.236       2.5659
-337.406  -65.918       2.3944
-337.406  -61.599       2.8076
-337.406  -57.281       2.5659
-337.406  -52.962       2.2614
-337.406  -48.644       2.0608
-337.406  -44.326       1.9812
-337.406  -40.007       1.9812
-337.406  -35.689       1.6266
-337.406  -31.370       2.2046
-337.406  -27.052       2.4740
-337.406  -22.733       2.2046
-337.406  -18.415       1.9812
-337.406  -14.097       2.3242
-337.406   -9.778       3.2209
-337.406   -5.460       3.2209
-337.406   -1.141       2.1050
-337.406    3.177       1.8191
-337.406    7.496       1.7648
-337.406   11.814       1.8191
-337.406   16.132       2.1527
-337.406   20.451       3.6341
-337.406   24.769       2.6746
-337.406   29.088       1.6476
-337.406   33.406       1.6917
-337.406   37.724       1.7395
-337.406   42.043       1.6476
-337.406   46.361       2.0608
-337.406   50.680       2.3242
-337.406   54.998       2.3242
-337.406   59.317       2.2046
-337.406   63.635       1.8482
-337.406   67.953       1.6266
-337.406   72.272       2.1050
-337.406   76.590       2.5659
-337.406   80.909       2.8076
-337.406   85.227       2.1050
-337.406   89.546       2.2614
-337.406   93.864       1.9450
-337.406   98.182       1.9450
-337.406  102.501       1.9110
-337.406  106.819       1.6266
-337.406  111.138       2.1050
-337.406  115.456       1.6476
-337.406  119.774       1.3918
-337.406  124.093       1.6692
-337.406  128.411       1.2343
-337.406  132.730       1.3139
-337.406  137.048       1.4977
-337.406  141.367       1.4058
-337.406  145.685       1.0602
-337.406  150.003       0.9130
-337.406  154.322       0.9786
-337.406  158.640       1.2238
-337.406  162.959       1.4500
-337.406  167.277       2.9791
-337.406  171.595       4.0473
-337.406  175.914       4.0473
-337.406  180.232       4.0473
-337.406  184.551       4.0473
-337.406  188.869       4.0473
-337.406  193.188       4.0473
-337.406  197.506       4.0473
-337.406  201.824       4.0473
-337.406  206.143       4.0473
-337.406  210.461       4.0473
-337.406  214.780       4.0473
-337.406  219.098       4.0473
-337.406  223.417       4.0473
-337.406  227.735       4.0473
-337.406  232.053       4.0473
-337.406  236.372       4.0473
-337.406  240.690       4.0473
-337.406  245.009       4.0473
-337.406  249.327       4.0473
-337.406  253.645       4.0473
-337.406  257.964       4.0473
-337.406  262.282       4.0473
-337.406  266.601       4.0473
-337.406  270.919       4.0473
-337.406  275.238       4.0473
-334.151 -152.286       4.0473
-334.151 -147.968       4.0473
-334.151 -143.649       4.0473
-334.151 -139.331       4.0473
-334.151 -135.012       4.0473
-334.151 -130.694       4.0473
-334.151 -126.375       4.0473
-334.151 -122.057       4.0473
-334.151 -117.739       4.0473
-334.151 -113.420       4.0473
-334.151 -109.102       4.0473
-334.151 -104.783       4.0473
-334.151 -100.465       4.0473
-334.151  -96.147       4.0473
-334.151  -91.828       4.0473
-334.151  -87.510       4.0473
-334.151  -83.191       4.0473
-334.151  -78.873       4.0473
-334.151  -74.554       4.0473
-334.151  -70.236       2.2046
-334.151  -65.918       2.1050
-334.151  -61.599       2.6746
-334.151  -57.281       1.8482
-334.151  -52.962       1.6064
-334.151  -48.644       1.6266
-334.151  -44.326       1.7395
-334.151  -40.007       1.7395
-334.151  -35.689       1.8191
-334.151  -31.370       2.0197
-334.151  -27.052       2.0608
-334.151  -22.733       2.2046
-334.151  -18.415       1.9812
-334.151  -14.097       1.7151
-334.151   -9.778       1.9450
-334.151   -5.460       3.6341
-334.151   -1.141       2.0608
-334.151    3.177       1.9812
-334.151    7.496       1.6692
-334.151   11.814       2.2614
-334.151   16.132       1.6917
-334.151   20.451       2.8076
-334.151   24.769       2.6746
-334.151   29.088       1.8482
-334.151   33.406       2.5659
-334.151   37.724       2.5659
-334.151   42.043       2.6746
-334.151   46.361       2.5659
-334.151   50.680       3.6341
-334.151   54.998       4.0473
-334.151   59.317       2.5659
-334.151   63.635       3.6341
-334.151   67.953       2.5659
-334.151   72.272       1.9450
-334.151   76.590       3.2209
-334.151   80.909       3.2209
-334.151   85.227       4.0473
-334.151   89.546       1.9812
-334.151   93.864       1.5869
-334.151   98.182       1.5496
-334.151  102.501       1.6917
-334.151  106.819       1.5496
-334.151  111.138       1.5869
-334.151  115.456       1.2785
-334.151  119.774       1.6917
-334.151  124.093       1.6692
-334.151  128.411       1.3918
-334.151  132.730       1.3516
-334.151  137.048       1.7395
-334.151  141.367       2.2614
-334.151  145.685       1.3019
-334.151  150.003       0.9068
-334.151  154.322       0.7232
-334.151  158.640       0.9581
-334.151  162.959       1.3918
-334.151  167.277       1.9110
-334.151  171.595       4.0473
-334.151  175.914       3.6341
-334.151  180.232       4.0473
-334.151  184.551       4.0473
-334.151  188.869       4.0473
-334.151  193.188       4.0473
-334.151  197.506       4.0473
-334.151  201.824       4.0473
-334.151  206.143       4.0473
-334.151  210.461       4.0473
-334.151  214.780       4.0473
-334.151  219.098       4.0473
-334.151  223.417       4.0473
-334.151  227.735       4.0473
-334.151  232.053       4.0473
-334.151  236.372       4.0473
-334.151  240.690       4.0473
-334.151  245.009       4.0473
-334.151  249.327       4.0473
-334.151  253.645       4.0473
-334.151  257.964       4.0473
-334.151  262.282       4.0473
-334.151  266.601       4.0473
-334.151  270.919       4.0473
-334.151  275.238       4.0473
-330.895 -152.286       4.0473
-330.895 -147.968       4.0473
-330.895 -143.649       4.0473
-330.895 -139.331       4.0473
-330.895 -135.012       4.0473
-330.895 -130.694       4.0473
-330.895 -126.375       4.0473
-330.895 -122.057       4.0473
-330.895 -117.739       4.0473
-330.895 -113.420       4.0473
-330.895 -109.102       4.0473
-330.895 -104.783       4.0473
-330.895 -100.465       4.0473
-330.895  -96.147       4.0473
-330.895  -91.828       4.0473
-330.895  -87.510       4.0473
-330.895  -83.191       4.0473
-330.895  -78.873       4.0473
-330.895  -74.554       3.2209
-330.895  -70.236       2.1527
-330.895  -65.918       2.3242
-330.895  -61.599       2.2046
-330.895  -57.281       2.1527
-330.895  -52.962       2.0608
-330.895  -48.644       1.6476
-330.895  -44.326       1.1834
-330.895  -40.007       1.3262
-330.895  -35.689       1.6064
-330.895  -31.370       2.1050
-330.895  -27.052       1.9110
-330.895  -22.733       2.0197
-330.895  -18.415       2.1050
-330.895  -14.097       2.0197
-330.895   -9.778       1.9450
-330.895   -5.460       1.8787
-330.895   -1.141       2.4740
-330.895    3.177       1.7648
-330.895    7.496       2.1527
-330.895   11.814       1.9450
-330.895   16.132       1.9450
-330.895   20.451       2.5659
-330.895   24.769       2.3944
-330.895   29.088       1.8787
-330.895   33.406       2.8076
-330.895   37.724       4.0473
-330.895   42.043       4.0473
-330.895   46.361       4.0473
-330.895   50.680       4.0473
-330.895   54.998       4.0473
-330.895   59.317       4.0473
-330.895   63.635       4.0473
-330.895   67.953       2.9791
-330.895   72.272       2.1527
-330.895   76.590       2.4740
-330.895   80.909       3.2209
-330.895   85.227       2.6746
-330.895   89.546       2.9791
-330.895   93.864       1.7151
-330.895   98.182       1.4202
-330.895  102.501       1.4977
-330.895  106.819       1.7913
-330.895  111.138       1.4977
-330.895  115.456       1.0682
-330.895  119.774       1.2785
-330.895  124.093       1.3262
-330.895  128.411       1.5869
-330.895  132.730       1.8787
-330.895  137.048       1.6917
-330.895  141.367       1.6692
-330.895  145.685       1.3019
-330.895  150.003       0.9007
-330.895  154.322       0.9449
-330.895  158.640       0.8539
-330.895  162.959       0.9856
-330.895  167.277       1.6266
-330.895  171.595       1.7913
-330.895  175.914       2.2614
-330.895  180.232       4.0473
-330.895  184.551       4.0473
-330.895  188.869       4.0473
-330.895  193.188       4.0473
-330.895  197.506       4.0473
-330.895  201.824       4.0473
-330.895  206.143       4.0473
-330.895  210.461       4.0473
-330.895  214.780       4.0473
-330.895  219.098       4.0473
-330.895  223.417       4.0473
-330.895  227.735       4.0473
-330.895  232.053       4.0473
-330.895  236.372       4.0473
-330.895  240.690       4.0473
-330.895  245.009       4.0473
-330.895  249.327       4.0473
-330.895  253.645       4.0473
-330.895  257.964       4.0473
-330.895  262.282       4.0473
-330.895  266.601       4.0473
-330.895  270.919       4.0473
-330.895  275.238       4.0473
-327.640 -152.286       4.0473
-327.640 -147.968       4.0473
-327.640 -143.649       4.0473
-327.640 -139.331       4.0473
-327.640 -135.012       4.0473
-327.640 -130.694       4.0473
-327.640 -126.375       4.0473
-327.640 -122.057       4.0473
-327.640 -117.739       4.0473
-327.640 -113.420       4.0473
-327.640 -109.102       4.0473
-327.640 -104.783       4.0473
-327.640 -100.465       4.0473
-327.640  -96.147       4.0473
-327.640  -91.828       4.0473
-327.640  -87.510       4.0473
-327.640  -83.191       4.0473
-327.640  -78.873       4.0473
-327.640  -74.554       2.3944
-327.640  -70.236       1.9450
-327.640  -65.918       2.1527
-327.640  -61.599       1.9812
-327.640  -57.281       2.2614
-327.640  -52.962       1.7648
-327.640  -48.644       1.4500
-327.640  -44.326       1.1274
-327.640  -40.007       1.6064
-327.640  -35.689       1.5869
-327.640  -31.370       1.7648
-327.640  -27.052       1.6917
-327.640  -22.733       2.2046
-327.640  -18.415       3.2209
-327.640  -14.097       1.9812
-327.640   -9.778       1.5496
-327.640   -5.460       1.6917
-327.640   -1.141       2.0608
-327.640    3.177       2.3944
-327.640    7.496       2.5659
-327.640   11.814       2.9791
-327.640   16.132       2.2046
-327.640   20.451       3.2209
-327.640   24.769       2.6746
-327.640   29.088       1.8787
-327.640   33.406       2.3944
-327.640   37.724       2.6746
-327.640   42.043       4.0473
-327.640   46.361       3.6341
-327.640   50.680       4.0473
-327.640   54.998       4.0473
-327.640   59.317       4.0473
-327.640   63.635       3.2209
-327.640   67.953       2.2614
-327.640   72.272       1.8482
-327.640   76.590       2.2614
-327.640   80.909       2.6746
-327.640   85.227       2.4740
-327.640   89.546       3.6341
-327.640   93.864       3.2209
-327.640   98.182       2.2614
-327.640  102.501       1.8482
-327.640  106.819       1.7151
-327.640  111.138       1.5318
-327.640  115.456       1.3019
-327.640  119.774       0.9449
-327.640  124.093       0.9786
-327.640  128.411       1.4977
-327.640  132.730       1.8787
-327.640  137.048       1.4655
-327.640  141.367       1.3918
-327.640  145.685       1.2343
-327.640  150.003       0.9926
-327.640  154.322       0.8265
-327.640  158.640       0.7142
-327.640  162.959       0.7098
-327.640  167.277       1.0292
-327.640  171.595       1.1186
-327.640  175.914       1.7913
-327.640  180.232       2.9791
-327.640  184.551       4.0473
-327.640  188.869       4.0473
-327.640  193.188       4.0473
-327.640  197.506       4.0473
-327.640  201.824       4.0473
-327.640  206.143       4.0473
-327.640  210.461       4.0473
-327.640  214.780       4.0473
-327.640  219.098       4.0473
-327.640  223.417       4.0473
-327.640  227.735       4.0473
-327.640  232.053       4.0473
-327.640  236.372       4.0473
-327.640  240.690       4.0473
-327.640  245.009       4.0473
-327.640  249.327       4.0473
-327.640  253.645       4.0473
-327.640  257.964       4.0473
-327.640  262.282       4.0473
-327.640  266.601       4.0473
-327.640  270.919       4.0473
-327.640  275.238       4.0473
-324.385 -152.286       4.0473
-324.385 -147.968       4.0473
-324.385 -143.649       4.0473
-324.385 -139.331       4.0473
-324.385 -135.012       4.0473
-324.385 -130.694       4.0473
-324.385 -126.375       4.0473
-324.385 -122.057       4.0473
-324.385 -117.739       4.0473
-324.385 -113.420       4.0473
-324.385 -109.102       4.0473
-324.385 -104.783       4.0473
-324.385 -100.465       4.0473
-324.385  -96.147       4.0473
-324.385  -91.828       4.0473
-324.385  -87.510       4.0473
-324.385  -83.191       4.0473
-324.385  -78.873       2.8076
-324.385  -74.554       2.2046
-324.385  -70.236       2.5659
-324.385  -65.918       2.2046
-324.385  -61.599       1.6064
-324.385  -57.281       1.5496
-324.385  -52.962       1.4349
-324.385  -48.644       1.2032
-324.385  -44.326       0.9384
-324.385  -40.007       1.5145
-324.385  -35.689       1.4500
-324.385  -31.370       1.9110
-324.385  -27.052       2.0197
-324.385  -22.733       2.8076
-324.385  -18.415       2.5659
-324.385  -14.097       1.8191
-324.385   -9.778       1.5869
-324.385   -5.460       1.7151
-324.385   -1.141       2.4740
-324.385    3.177       2.3242
-324.385    7.496       2.5659
-324.385   11.814       2.3242
-324.385   16.132       1.7648
-324.385   20.451       1.7648
-324.385   24.769       1.7648
-324.385   29.088       1.6064
-324.385   33.406       1.4058
-324.385   37.724       1.5680
-324.385   42.043       2.3944
-324.385   46.361       2.3944
-324.385   50.680       4.0473
-324.385   54.998       3.6341
-324.385   59.317       4.0473
-324.385   63.635       2.5659
-324.385   67.953       2.2614
-324.385   72.272       2.0608
-324.385   76.590       1.9110
-324.385   80.909       2.1050
-324.385   85.227       2.5659
-324.385   89.546       4.0473
-324.385   93.864       4.0473
-324.385   98.182       2.2046
-324.385  102.501       1.3647
-324.385  106.819       1.7395
-324.385  111.138       1.2901
-324.385  115.456       1.0523
-324.385  119.774       0.8596
-324.385  124.093       0.8887
-324.385  128.411       1.2032
-324.385  132.730       1.6692
-324.385  137.048       1.5496
-324.385  141.367       1.3262
-324.385  145.685       1.3781
-324.385  150.003       1.1932
-324.385  154.322       0.9998
-324.385  158.640       0.8596
-324.385  162.959       0.7323
-324.385  167.277       0.8947
-324.385  171.595       0.9717
-324.385  175.914       1.1274
-324.385  180.232       1.6692
-324.385  184.551       2.3944
-324.385  188.869       4.0473
-324.385  193.188       4.0473
-324.385  197.506       4.0473
-324.385  201.824       4.0473
-324.385  206.143       4.0473
-324.385  210.461       4.0473
-324.385  214.780       4.0473
-324.385  219.098       4.0473
-324.385  223.417       4.0473
-324.385  227.735       4.0473
-324.385  232.053       4.0473
-324.385  236.372       4.0473
-324.385  240.690       4.0473
-324.385  245.009       4.0473
-324.385  249.327       4.0473
-324.385  253.645       4.0473
-324.385  257.964       4.0473
-324.385  262.282       4.0473
-324.385  266.601       4.0473
-324.385  270.919       4.0473
-324.385  275.238       4.0473
-321.129 -152.286       4.0473
-321.129 -147.968       4.0473
-321.129 -143.649       4.0473
-321.129 -139.331       4.0473
-321.129 -135.012       4.0473
-321.129 -130.694       4.0473
-321.129 -126.375       4.0473
-321.129 -122.057       4.0473
-321.129 -117.739       4.0473
-321.129 -113.420       4.0473
-321.129 -109.102       4.0473
-321.129 -104.783       4.0473
-321.129 -100.465       4.0473
-321.129  -96.147       4.0473
-321.129  -91.828       4.0473
-321.129  -87.510       4.0473
-321.129  -83.191       3.6341
-321.129  -78.873       2.2614
-321.129  -74.554       3.2209
-321.129  -70.236       2.4740
-321.129  -65.918       1.7913
-321.129  -61.599       1.6917
-321.129  -57.281       1.3388
-321.129  -52.962       1.1834
-321.129  -48.644       1.0845
-321.129  -44.326       1.3019
-321.129  -40.007       1.5869
-321.129  -35.689       1.7395
-321.129  -31.370       2.2046
-321.129  -27.052       2.2046
-321.129  -22.733       2.6746
-321.129  -18.415       2.3242
-321.129  -14.097       2.2046
-321.129   -9.778       2.1050
-321.129   -5.460       2.0197
-321.129   -1.141       1.8482
-321.129    3.177       1.7395
-321.129    7.496       1.7913
-321.129   11.814       2.0608
-321.129   16.132       1.7151
-321.129   20.451       1.5496
-321.129   24.769       1.3388
-321.129   29.088       1.5680
-321.129   33.406       2.0197
-321.129   37.724       1.5496
-321.129   42.043       1.9450
-321.129   46.361       2.1050
-321.129   50.680       1.9450
-321.129   54.998       2.2046
-321.129   59.317       2.9791
-321.129   63.635       3.2209
-321.129   67.953       2.6746
-321.129   72.272       1.6917
-321.129   76.590       1.5318
-321.129   80.909       1.6266
-321.129   85.227       1.7913
-321.129   89.546       2.6746
-321.129   93.864       3.6341
-321.129   98.182       2.9791
-321.129  102.501       1.7395
-321.129  106.819       1.5869
-321.129  111.138       1.3781
-321.129  115.456       1.0928
-321.129  119.774       0.9856
-321.129  124.093       0.9786
-321.129  128.411       1.0217
-321.129  132.730       1.3781
-321.129  137.048       1.2672
-321.129  141.367       1.1013
-321.129  145.685       0.9319
-321.129  150.003       1.1737
-321.129  154.322       1.0845
-321.129  158.640       0.8373
-321.129  162.959       0.7556
-321.129  167.277       0.8483
-321.129  171.595       1.1547
-321.129  175.914       1.1099
-321.129  180.232       1.4500
-321.129  184.551       2.2046
-321.129  188.869       4.0473
-321.129  193.188       4.0473
-321.129  197.506       4.0473
-321.129  201.824       4.0473
-321.129  206.143       4.0473
-321.129  210.461       4.0473
-321.129  214.780       4.0473
-321.129  219.098       4.0473
-321.129  223.417       4.0473
-321.129  227.735       4.0473
-321.129  232.053       4.0473
-321.129  236.372       4.0473
-321.129  240.690       4.0473
-321.129  245.009       4.0473
-321.129  249.327       4.0473
-321.129  253.645       4.0473
-321.129  257.964       4.0473
-321.129  262.282       4.0473
-321.129  266.601       4.0473
-321.129  270.919       4.0473
-321.129  275.238       4.0473
-317.873 -152.286       4.0473
-317.873 -147.968       4.0473
-317.873 -143.649       4.0473
-317.873 -139.331       4.0473
-317.873 -135.012       4.0473
-317.873 -130.694       4.0473
-317.873 -126.375       4.0473
-317.873 -122.057       4.0473
-317.873 -117.739       4.0473
-317.873 -113.420       4.0473
-317.873 -109.102       4.0473
-317.873 -104.783       4.0473
-317.873 -100.465       4.0473
-317.873  -96.147       4.0473
-317.873  -91.828       4.0473
-317.873  -87.510       2.9791
-317.873  -83.191       3.2209
-317.873  -78.873       2.8076
-317.873  -74.554       2.3242
-317.873  -70.236       1.6266
-317.873  -65.918       1.4058
-317.873  -61.599       1.2901
-317.873  -57.281       1.2238
-317.873  -52.962       1.3019
-317.873  -48.644       1.2785
-317.873  -44.326       1.2343
-317.873  -40.007       1.6692
-317.873  -35.689       1.9812
-317.873  -31.370       2.4740
-317.873  -27.052       2.1527
-317.873  -22.733       2.3944
-317.873  -18.415       2.5659
-317.873  -14.097       2.1527
-317.873   -9.778       1.3918
-317.873   -5.460       1.2901
-317.873   -1.141       0.9786
-317.873    3.177       0.9856
-317.873    7.496       1.3262
-317.873   11.814       1.6064
-317.873   16.132       1.9812
-317.873   20.451       1.5496
-317.873   24.769       1.3647
-317.873   29.088       1.8787
-317.873   33.406       1.5145
-317.873   37.724       1.8191
-317.873   42.043       1.3019
-317.873   46.361       1.3139
-317.873   50.680       1.5318
-317.873   54.998       1.7395
-317.873   59.317       2.0197
-317.873   63.635       1.8787
-317.873   67.953       1.6692
-317.873   72.272       1.3139
-317.873   76.590       1.3019
-317.873   80.909       1.1641
-317.873   85.227       1.3388
-317.873   89.546       1.9450
-317.873   93.864       2.0197
-317.873   98.182       1.7395
-317.873  102.501       2.4740
-317.873  106.819       1.5318
-317.873  111.138       1.5318
-317.873  115.456       1.2672
-317.873  119.774       0.9581
-317.873  124.093       0.9649
-317.873  128.411       0.9449
-317.873  132.730       1.0143
-317.873  137.048       1.0368
-317.873  141.367       1.0763
-317.873  145.685       1.0602
-317.873  150.003       1.0602
-317.873  154.322       1.0143
-317.873  158.640       0.8887
-317.873  162.959       0.7054
-317.873  167.277       0.8596
-317.873  171.595       0.9319
-317.873  175.914       0.9515
-317.873  180.232       1.1186
-317.873  184.551       1.8787
-317.873  188.869       4.0473
-317.873  193.188       4.0473
-317.873  197.506       4.0473
-317.873  201.824       4.0473
-317.873  206.143       4.0473
-317.873  210.461       4.0473
-317.873  214.780       4.0473
-317.873  219.098       4.0473
-317.873  223.417       4.0473
-317.873  227.735       4.0473
-317.873  232.053       4.0473
-317.873  236.372       4.0473
-317.873  240.690       4.0473
-317.873  245.009       4.0473
-317.873  249.327       4.0473
-317.873  253.645       4.0473
-317.873  257.964       4.0473
-317.873  262.282       4.0473
-317.873  266.601       4.0473
-317.873  270.919       4.0473
-317.873  275.238       4.0473
-314.618 -152.286       4.0473
-314.618 -147.968       4.0473
-314.618 -143.649       4.0473
-314.618 -139.331       4.0473
-314.618 -135.012       4.0473
-314.618 -130.694       4.0473
-314.618 -126.375       4.0473
-314.618 -122.057       4.0473
-314.618 -117.739       4.0473
-314.618 -113.420       4.0473
-314.618 -109.102       4.0473
-314.618 -104.783       4.0473
-314.618 -100.465       3.6341
-314.618  -96.147       2.8076
-314.618  -91.828       2.6746
-314.618  -87.510       2.5659
-314.618  -83.191       4.0473
-314.618  -78.873       3.2209
-314.618  -74.554       2.5659
-314.618  -70.236       1.6266
-314.618  -65.918       1.2560
-314.618  -61.599       1.1641
-314.618  -57.281       1.1737
-314.618  -52.962       1.3019
-314.618  -48.644       1.4202
-314.618  -44.326       1.5869
-314.618  -40.007       1.5496
-314.618  -35.689       2.2046
-314.618  -31.370       2.2046
-314.618  -27.052       1.8787
-314.618  -22.733       1.9450
-314.618  -18.415       1.9450
-314.618  -14.097       1.2451
-314.618   -9.778       1.0928
-314.618   -5.460       0.9256
-314.618   -1.141       0.8319
-314.618    3.177       0.8887
-314.618    7.496       1.0217
-314.618   11.814       1.6266
-314.618   16.132       1.2451
-314.618   20.451       0.8827
-314.618   24.769       1.1737
-314.618   29.088       1.4977
-314.618   33.406       1.4977
-314.618   37.724       1.3918
-314.618   42.043       1.0143
-314.618   46.361       1.0217
-314.618   50.680       1.2901
-314.618   54.998       1.6476
-314.618   59.317       1.5496
-314.618   63.635       1.5318
-314.618   67.953       1.6917
-314.618   72.272       1.1641
-314.618   76.590       0.9581
-314.618   80.909       0.8947
-314.618   85.227       0.9998
-314.618   89.546       1.6917
-314.618   93.864       1.5680
-314.618   98.182       1.4349
-314.618  102.501       1.6266
-314.618  106.819       1.4500
-314.618  111.138       1.2451
-314.618  115.456       1.3019
-314.618  119.774       1.0292
-314.618  124.093       0.9256
-314.618  128.411       0.8710
-314.618  132.730       0.9068
-314.618  137.048       0.9717
-314.618  141.367       0.9319
-314.618  145.685       0.9256
-314.618  150.003       0.9856
-314.618  154.322       0.9515
-314.618  158.640       0.9319
-314.618  162.959       0.9581
-314.618  167.277       0.8827
-314.618  171.595       1.0292
-314.618  175.914       0.7653
-314.618  180.232       0.9384
-314.618  184.551       1.2238
-314.618  188.869       2.3944
-314.618  193.188       4.0473
-314.618  197.506       3.6341
-314.618  201.824       4.0473
-314.618  206.143       4.0473
-314.618  210.461       4.0473
-314.618  214.780       4.0473
-314.618  219.098       4.0473
-314.618  223.417       4.0473
-314.618  227.735       4.0473
-314.618  232.053       4.0473
-314.618  236.372       4.0473
-314.618  240.690       4.0473
-314.618  245.009       4.0473
-314.618  249.327       4.0473
-314.618  253.645       4.0473
-314.618  257.964       4.0473
-314.618  262.282       4.0473
-314.618  266.601       4.0473
-314.618  270.919       4.0473
-314.618  275.238       4.0473
-311.362 -152.286       4.0473
-311.362 -147.968       4.0473
-311.362 -143.649       4.0473
-311.362 -139.331       4.0473
-311.362 -135.012       4.0473
-311.362 -130.694       4.0473
-311.362 -126.375       4.0473
-311.362 -122.057       4.0473
-311.362 -117.739       4.0473
-311.362 -113.420       4.0473
-311.362 -109.102       3.6341
-311.362 -104.783       2.8076
-311.362 -100.465       2.4740
-311.362  -96.147       2.6746
-311.362  -91.828       1.8482
-311.362  -87.510       1.8787
-311.362  -83.191       2.2046
-311.362  -78.873       2.3242
-311.362  -74.554       1.7648
-311.362  -70.236       1.4814
-311.362  -65.918       1.2451
-311.362  -61.599       1.2901
-311.362  -57.281       1.4202
-311.362  -52.962       1.2134
-311.362  -48.644       1.4655
-311.362  -44.326       1.7151
-311.362  -40.007       1.6266
-311.362  -35.689       1.9450
-311.362  -31.370       2.1527
-311.362  -27.052       2.2614
-311.362  -22.733       1.8482
-311.362  -18.415       1.3516
-311.362  -14.097       1.0368
-311.362   -9.778       1.1455
-311.362   -5.460       1.3262
-311.362   -1.141       1.2901
-311.362    3.177       0.9717
-311.362    7.496       1.2032
-311.362   11.814       1.1455
-311.362   16.132       1.0523
-311.362   20.451       0.7750
-311.362   24.769       1.2560
-311.362   29.088       1.8787
-311.362   33.406       1.6266
-311.362   37.724       1.7648
-311.362   42.043       1.2785
-311.362   46.361       1.3918
-311.362   50.680       1.7395
-311.362   54.998       1.6692
-311.362   59.317       2.3242
-311.362   63.635       2.1050
-311.362   67.953       2.2046
-311.362   72.272       1.7395
-311.362   76.590       1.2672
-311.362   80.909       1.0070
-311.362   85.227       1.0602
-311.362   89.546       1.2343
-311.362   93.864       1.4655
-311.362   98.182       1.3918
-311.362  102.501       1.2672
-311.362  106.819       1.2901
-311.362  111.138       1.3516
-311.362  115.456       1.0070
-311.362  119.774       0.8158
-311.362  124.093       0.8769
-311.362  128.411       0.8211
-311.362  132.730       0.9384
-311.362  137.048       0.8158
-311.362  141.367       0.8827
-311.362  145.685       1.1547
-311.362  150.003       0.8158
-311.362  154.322       0.9581
-311.362  158.640       0.9717
-311.362  162.959       0.8947
-311.362  167.277       0.9384
-311.362  171.595       0.8428
-311.362  175.914       0.8769
-311.362  180.232       0.9319
-311.362  184.551       1.1641
-311.362  188.869       1.6266
-311.362  193.188       2.9791
-311.362  197.506       3.2209
-311.362  201.824       4.0473
-311.362  206.143       4.0473
-311.362  210.461       4.0473
-311.362  214.780       4.0473
-311.362  219.098       4.0473
-311.362  223.417       4.0473
-311.362  227.735       4.0473
-311.362  232.053       4.0473
-311.362  236.372       4.0473
-311.362  240.690       4.0473
-311.362  245.009       4.0473
-311.362  249.327       4.0473
-311.362  253.645       4.0473
-311.362  257.964       4.0473
-311.362  262.282       4.0473
-311.362  266.601       4.0473
-311.362  270.919       4.0473
-311.362  275.238       4.0473
-308.107 -152.286       4.0473
-308.107 -147.968       4.0473
-308.107 -143.649       4.0473
-308.107 -139.331       4.0473
-308.107 -135.012       4.0473
-308.107 -130.694       4.0473
-308.107 -126.375       4.0473
-308.107 -122.057       4.0473
-308.107 -117.739       4.0473
-308.107 -113.420       3.2209
-308.107 -109.102       2.4740
-308.107 -104.783       2.0197
-308.107 -100.465       2.3944
-308.107  -96.147       2.1050
-308.107  -91.828       1.6917
-308.107  -87.510       1.8482
-308.107  -83.191       2.1527
-308.107  -78.873       1.7913
-308.107  -74.554       1.2901
-308.107  -70.236       1.3139
-308.107  -65.918       1.5318
-308.107  -61.599       1.3516
-308.107  -57.281       1.4349
-308.107  -52.962       1.2672
-308.107  -48.644       1.4814
-308.107  -44.326       1.5680
-308.107  -40.007       2.0608
-308.107  -35.689       2.1527
-308.107  -31.370       2.5659
-308.107  -27.052       2.3242
-308.107  -22.733       1.3139
-308.107  -18.415       1.0445
-308.107  -14.097       1.4349
-308.107   -9.778       1.5145
-308.107   -5.460       1.8482
-308.107   -1.141       1.6064
-308.107    3.177       1.4500
-308.107    7.496       1.3262
-308.107   11.814       1.1186
-308.107   16.132       1.2451
-308.107   20.451       1.2451
-308.107   24.769       1.6692
-308.107   29.088       1.5145
-308.107   33.406       2.2046
-308.107   37.724       2.6746
-308.107   42.043       1.9450
-308.107   46.361       1.5680
-308.107   50.680       2.0608
-308.107   54.998       2.3242
-308.107   59.317       2.9791
-308.107   63.635       3.6341
-308.107   67.953       2.9791
-308.107   72.272       2.3242
-308.107   76.590       1.5680
-308.107   80.909       1.0368
-308.107   85.227       0.9256
-308.107   89.546       1.1186
-308.107   93.864       0.9856
-308.107   98.182       0.7951
-308.107  102.501       0.8947
-308.107  106.819       0.9717
-308.107  111.138       1.1641
-308.107  115.456       1.0292
-308.107  119.774       0.7653
-308.107  124.093       0.7604
-308.107  128.411       1.0368
-308.107  132.730       1.0845
-308.107  137.048       1.0763
-308.107  141.367       1.1186
-308.107  145.685       1.1834
-308.107  150.003       1.0763
-308.107  154.322       1.0445
-308.107  158.640       1.1547
-308.107  162.959       0.8947
-308.107  167.277       0.8265
-308.107  171.595       0.8483
-308.107  175.914       0.7054
-308.107  180.232       0.7187
-308.107  184.551       1.0292
-308.107  188.869       1.3388
-308.107  193.188       1.8787
-308.107  197.506       1.8482
-308.107  201.824       2.9791
-308.107  206.143       3.6341
-308.107  210.461       4.0473
-308.107  214.780       4.0473
-308.107  219.098       4.0473
-308.107  223.417       4.0473
-308.107  227.735       4.0473
-308.107  232.053       4.0473
-308.107  236.372       4.0473
-308.107  240.690       4.0473
-308.107  245.009       4.0473
-308.107  249.327       4.0473
-308.107  253.645       4.0473
-308.107  257.964       4.0473
-308.107  262.282       4.0473
-308.107  266.601       4.0473
-308.107  270.919       4.0473
-308.107  275.238       4.0473
-304.851 -152.286       4.0473
-304.851 -147.968       4.0473
-304.851 -143.649       4.0473
-304.851 -139.331       4.0473
-304.851 -135.012       4.0473
-304.851 -130.694       4.0473
-304.851 -126.375       4.0473
-304.851 -122.057       4.0473
-304.851 -117.739       3.6341
-304.851 -113.420       2.6746
-304.851 -109.102       1.8787
-304.851 -104.783       1.7913
-304.851 -100.465       2.1527
-304.851  -96.147       1.6064
-304.851  -91.828       1.2672
-304.851  -87.510       1.8482
-304.851  -83.191       1.7913
-304.851  -78.873       1.3262
-304.851  -74.554       1.1455
-304.851  -70.236       1.6064
-304.851  -65.918       1.3781
-304.851  -61.599       1.3647
-304.851  -57.281       1.4655
-304.851  -52.962       1.4058
-304.851  -48.644       1.4655
-304.851  -44.326       1.7648
-304.851  -40.007       2.2046
-304.851  -35.689       3.6341
-304.851  -31.370       2.3944
-304.851  -27.052       1.7395
-304.851  -22.733       1.3516
-304.851  -18.415       1.9812
-304.851  -14.097       3.2209
-304.851   -9.778       2.5659
-304.851   -5.460       3.6341
-304.851   -1.141       2.2614
-304.851    3.177       2.4740
-304.851    7.496       2.8076
-304.851   11.814       1.7395
-304.851   16.132       1.9450
-304.851   20.451       2.2046
-304.851   24.769       2.0197
-304.851   29.088       2.1527
-304.851   33.406       2.4740
-304.851   37.724       3.6341
-304.851   42.043       2.9791
-304.851   46.361       3.2209
-304.851   50.680       2.8076
-304.851   54.998       4.0473
-304.851   59.317       3.2209
-304.851   63.635       2.8076
-304.851   67.953       2.9791
-304.851   72.272       2.3944
-304.851   76.590       1.8482
-304.851   80.909       1.4655
-304.851   85.227       1.1737
-304.851   89.546       0.8596
-304.851   93.864       0.7951
-304.851   98.182       0.5585
-304.851  102.501       0.3472
-304.851  106.819       0.5829
-304.851  111.138       1.0763
-304.851  115.456       1.0763
-304.851  119.774       0.8710
-304.851  124.093       0.7850
-304.851  128.411       0.9384
-304.851  132.730       1.1186
-304.851  137.048       1.0682
-304.851  141.367       0.9649
-304.851  145.685       0.9319
-304.851  150.003       1.0845
-304.851  154.322       1.1932
-304.851  158.640       1.0928
-304.851  162.959       1.0602
-304.851  167.277       0.7369
-304.851  171.595       0.8539
-304.851  175.914       0.7750
-304.851  180.232       0.6631
-304.851  184.551       0.9130
-304.851  188.869       1.1834
-304.851  193.188       1.4349
-304.851  197.506       1.5145
-304.851  201.824       1.8191
-304.851  206.143       3.2209
-304.851  210.461       4.0473
-304.851  214.780       4.0473
-304.851  219.098       4.0473
-304.851  223.417       4.0473
-304.851  227.735       4.0473
-304.851  232.053       4.0473
-304.851  236.372       4.0473
-304.851  240.690       4.0473
-304.851  245.009       4.0473
-304.851  249.327       4.0473
-304.851  253.645       4.0473
-304.851  257.964       4.0473
-304.851  262.282       4.0473
-304.851  266.601       4.0473
-304.851  270.919       4.0473
-304.851  275.238       4.0473
-301.596 -152.286       4.0473
-301.596 -147.968       4.0473
-301.596 -143.649       4.0473
-301.596 -139.331       4.0473
-301.596 -135.012       4.0473
-301.596 -130.694       4.0473
-301.596 -126.375       4.0473
-301.596 -122.057       4.0473
-301.596 -117.739       2.9791
-301.596 -113.420       1.9812
-301.596 -109.102       1.3019
-301.596 -104.783       1.5145
-301.596 -100.465       1.9450
-301.596  -96.147       1.5869
-301.596  -91.828       1.2238
-301.596  -87.510       1.8191
-301.596  -83.191       1.6692
-301.596  -78.873       1.1932
-301.596  -74.554       1.1274
-301.596  -70.236       1.5145
-301.596  -65.918       1.5318
-301.596  -61.599       1.4349
-301.596  -57.281       1.4977
-301.596  -52.962       1.7395
-301.596  -48.644       1.7395
-301.596  -44.326       1.9450
-301.596  -40.007       2.2046
-301.596  -35.689       3.6341
-301.596  -31.370       2.4740
-301.596  -27.052       2.5659
-301.596  -22.733       2.9791
-301.596  -18.415       3.2209
-301.596  -14.097       3.2209
-301.596   -9.778       4.0473
-301.596   -5.460       4.0473
-301.596   -1.141       4.0473
-301.596    3.177       4.0473
-301.596    7.496       4.0473
-301.596   11.814       3.6341
-301.596   16.132       4.0473
-301.596   20.451       3.2209
-301.596   24.769       4.0473
-301.596   29.088       4.0473
-301.596   33.406       4.0473
-301.596   37.724       4.0473
-301.596   42.043       4.0473
-301.596   46.361       4.0473
-301.596   50.680       4.0473
-301.596   54.998       4.0473
-301.596   59.317       2.8076
-301.596   63.635       2.8076
-301.596   67.953       2.3242
-301.596   72.272       2.1527
-301.596   76.590       1.9110
-301.596   80.909       1.9812
-301.596   85.227       1.3647
-301.596   89.546       1.2032
-301.596   93.864       0.7850
-301.596   98.182       0.7010
-301.596  102.501       0.3818
-301.596  106.819       0.2498
-301.596  111.138       0.4213
-301.596  115.456       0.9786
-301.596  119.774       1.1013
-301.596  124.093       1.0763
-301.596  128.411       0.9192
-301.596  132.730       1.1737
-301.596  137.048       1.2785
-301.596  141.367       1.3388
-301.596  145.685       1.2343
-301.596  150.003       1.0763
-301.596  154.322       1.2451
-301.596  158.640       1.1364
-301.596  162.959       1.1013
-301.596  167.277       0.6313
-301.596  171.595       0.6430
-301.596  175.914       0.7701
-301.596  180.232       0.7850
-301.596  184.551       0.7142
-301.596  188.869       0.8827
-301.596  193.188       0.9926
-301.596  197.506       1.2560
-301.596  201.824       1.6064
-301.596  206.143       2.4740
-301.596  210.461       4.0473
-301.596  214.780       4.0473
-301.596  219.098       4.0473
-301.596  223.417       4.0473
-301.596  227.735       4.0473
-301.596  232.053       4.0473
-301.596  236.372       4.0473
-301.596  240.690       4.0473
-301.596  245.009       4.0473
-301.596  249.327       4.0473
-301.596  253.645       4.0473
-301.596  257.964       4.0473
-301.596  262.282       4.0473
-301.596  266.601       4.0473
-301.596  270.919       4.0473
-301.596  275.238       4.0473
-298.341 -152.286       4.0473
-298.341 -147.968       4.0473
-298.341 -143.649       4.0473
-298.341 -139.331       4.0473
-298.341 -135.012       4.0473
-298.341 -130.694       4.0473
-298.341 -126.375       4.0473
-298.341 -122.057       4.0473
-298.341 -117.739       3.6341
-298.341 -113.420       2.2614
-298.341 -109.102       1.5680
-298.341 -104.783       1.5496
-298.341 -100.465       1.5145
-298.341  -96.147       1.6917
-298.341  -91.828       2.0197
-298.341  -87.510       2.0608
-298.341  -83.191       1.4814
-298.341  -78.873       1.3516
-298.341  -74.554       0.9998
-298.341  -70.236       1.5318
-298.341  -65.918       1.5496
-298.341  -61.599       1.2785
-298.341  -57.281       1.3647
-298.341  -52.962       1.9110
-298.341  -48.644       1.9812
-298.341  -44.326       1.8787
-298.341  -40.007       2.9791
-298.341  -35.689       4.0473
-298.341  -31.370       4.0473
-298.341  -27.052       4.0473
-298.341  -22.733       4.0473
-298.341  -18.415       4.0473
-298.341  -14.097       4.0473
-298.341   -9.778       4.0473
-298.341   -5.460       4.0473
-298.341   -1.141       4.0473
-298.341    3.177       4.0473
-298.341    7.496       4.0473
-298.341   11.814       4.0473
-298.341   16.132       4.0473
-298.341   20.451       4.0473
-298.341   24.769       4.0473
-298.341   29.088       4.0473
-298.341   33.406       4.0473
-298.341   37.724       4.0473
-298.341   42.043       4.0473
-298.341   46.361       4.0473
-298.341   50.680       4.0473
-298.341   54.998       3.6341
-298.341   59.317       2.1050
-298.341   63.635       1.7151
-298.341   67.953       1.9110
-298.341   72.272       1.6064
-298.341   76.590       2.0197
-298.341   80.909       2.2614
-298.341   85.227       1.8787
-298.341   89.546       1.7395
-298.341   93.864       1.3516
-298.341   98.182       0.9319
-298.341  102.501       0.5449
-298.341  106.819       0.6313
-298.341  111.138       0.6048
-298.341  115.456       0.5092
-298.341  119.774       0.6351
-298.341  124.093       0.8211
-298.341  128.411       1.0682
-298.341  132.730       1.5496
-298.341  137.048       1.2672
-298.341  141.367       1.0845
-298.341  145.685       1.1099
-298.341  150.003       1.1737
-298.341  154.322       1.0602
-298.341  158.640       1.0217
-298.341  162.959       1.2134
-298.341  167.277       1.0292
-298.341  171.595       0.8596
-298.341  175.914       0.8053
-298.341  180.232       0.7277
-298.341  184.551       0.7750
-298.341  188.869       0.6509
-298.341  193.188       0.7556
-298.341  197.506       1.2238
-298.341  201.824       1.3516
-298.341  206.143       1.4655
-298.341  210.461       2.3242
-298.341  214.780       4.0473
-298.341  219.098       4.0473
-298.341  223.417       4.0473
-298.341  227.735       4.0473
-298.341  232.053       4.0473
-298.341  236.372       4.0473
-298.341  240.690       4.0473
-298.341  245.009       4.0473
-298.341  249.327       4.0473
-298.341  253.645       4.0473
-298.341  257.964       4.0473
-298.341  262.282       4.0473
-298.341  266.601       4.0473
-298.341  270.919       4.0473
-298.341  275.238       4.0473
-295.085 -152.286       4.0473
-295.085 -147.968       4.0473
-295.085 -143.649       4.0473
-295.085 -139.331       4.0473
-295.085 -135.012       4.0473
-295.085 -130.694       4.0473
-295.085 -126.375       4.0473
-295.085 -122.057       4.0473
-295.085 -117.739       3.6341
-295.085 -113.420       2.9791
-295.085 -109.102       2.2614
-295.085 -104.783       1.7648
-295.085 -100.465       1.5145
-295.085  -96.147       1.4349
-295.085  -91.828       1.9812
-295.085  -87.510       1.6692
-295.085  -83.191       1.4058
-295.085  -78.873       1.3139
-295.085  -74.554       1.2785
-295.085  -70.236       1.4058
-295.085  -65.918       1.5496
-295.085  -61.599       1.2560
-295.085  -57.281       1.2901
-295.085  -52.962       1.7913
-295.085  -48.644       1.8482
-295.085  -44.326       1.9812
-295.085  -40.007       2.8076
-295.085  -35.689       4.0473
-295.085  -31.370       4.0473
-295.085  -27.052       4.0473
-295.085  -22.733       4.0473
-295.085  -18.415       4.0473
-295.085  -14.097       4.0473
-295.085   -9.778       4.0473
-295.085   -5.460       4.0473
-295.085   -1.141       4.0473
-295.085    3.177       4.0473
-295.085    7.496       4.0473
-295.085   11.814       4.0473
-295.085   16.132       4.0473
-295.085   20.451       4.0473
-295.085   24.769       4.0473
-295.085   29.088       4.0473
-295.085   33.406       4.0473
-295.085   37.724       4.0473
-295.085   42.043       4.0473
-295.085   46.361       3.6341
-295.085   50.680       4.0473
-295.085   54.998       3.2209
-295.085   59.317       1.7151
-295.085   63.635       1.4814
-295.085   67.953       1.6266
-295.085   72.272       1.9812
-295.085   76.590       2.4740
-295.085   80.909       2.4740
-295.085   85.227       1.9812
-295.085   89.546       1.7151
-295.085   93.864       1.6917
-295.085   98.182       1.2451
-295.085  102.501       0.9319
-295.085  106.819       0.8265
-295.085  111.138       0.7323
-295.085  115.456       0.4213
-295.085  119.774       0.1504
-295.085  124.093       0.1539
-295.085  128.411       0.6085
-295.085  132.730       1.2343
-295.085  137.048       1.6476
-295.085  141.367       1.4058
-295.085  145.685       1.4349
-295.085  150.003       1.1455
-295.085  154.322       0.7277
-295.085  158.640       0.8211
-295.085  162.959       0.9384
-295.085  167.277       1.1641
-295.085  171.595       0.8539
-295.085  175.914       0.8710
-295.085  180.232       0.7462
-295.085  184.551       0.7556
-295.085  188.869       0.7010
-295.085  193.188       0.5585
-295.085  197.506       0.9856
-295.085  201.824       1.3139
-295.085  206.143       1.3388
-295.085  210.461       1.9450
-295.085  214.780       4.0473
-295.085  219.098       4.0473
-295.085  223.417       4.0473
-295.085  227.735       4.0473
-295.085  232.053       4.0473
-295.085  236.372       4.0473
-295.085  240.690       4.0473
-295.085  245.009       4.0473
-295.085  249.327       4.0473
-295.085  253.645       4.0473
-295.085  257.964       4.0473
-295.085  262.282       4.0473
-295.085  266.601       4.0473
-295.085  270.919       4.0473
-295.085  275.238       4.0473
-291.829 -152.286       4.0473
-291.829 -147.968       4.0473
-291.829 -143.649       4.0473
-291.829 -139.331       4.0473
-291.829 -135.012       4.0473
-291.829 -130.694       4.0473
-291.829 -126.375       4.0473
-291.829 -122.057       4.0473
-291.829 -117.739       2.9791
-291.829 -113.420       4.0473
-291.829 -109.102       2.5659
-291.829 -104.783       2.0197
-291.829 -100.465       1.5680
-291.829  -96.147       1.3019
-291.829  -91.828       1.6917
-291.829  -87.510       1.9450
-291.829  -83.191       1.3918
-291.829  -78.873       1.2672
-291.829  -74.554       1.5318
-291.829  -70.236       1.4977
-291.829  -65.918       1.7151
-291.829  -61.599       1.8482
-291.829  -57.281       1.6917
-291.829  -52.962       1.8191
-291.829  -48.644       1.6266
-291.829  -44.326       2.9791
-291.829  -40.007       3.2209
-291.829  -35.689       4.0473
-291.829  -31.370       4.0473
-291.829  -27.052       4.0473
-291.829  -22.733       4.0473
-291.829  -18.415       4.0473
-291.829  -14.097       4.0473
-291.829   -9.778       4.0473
-291.829   -5.460       4.0473
-291.829   -1.141       4.0473
-291.829    3.177       4.0473
-291.829    7.496       4.0473
-291.829   11.814       4.0473
-291.829   16.132       4.0473
-291.829   20.451       4.0473
-291.829   24.769       4.0473
-291.829   29.088       4.0473
-291.829   33.406       4.0473
-291.829   37.724       3.6341
-291.829   42.043       3.6341
-291.829   46.361       4.0473
-291.829   50.680       3.2209
-291.829   54.998       4.0473
-291.829   59.317       2.0197
-291.829   63.635       1.7395
-291.829   67.953       1.6917
-291.829   72.272       2.3242
-291.829   76.590       3.2209
-291.829   80.909       3.2209
-291.829   85.227       3.2209
-291.829   89.546       1.9450
-291.829   93.864       1.4202
-291.829   98.182       1.4814
-291.829  102.501       1.3781
-291.829  106.819       1.5869
-291.829  111.138       1.2343
-291.829  115.456       0.7187
-291.829  119.774       0.4607
-291.829  124.093       0.2498
-291.829  128.411       0.3213
-291.829  132.730       0.6838
-291.829  137.048       1.1737
-291.829  141.367       1.6476
-291.829  145.685       1.6917
-291.829  150.003       1.5145
-291.829  154.322       0.7010
-291.829  158.640       0.8653
-291.829  162.959       0.9319
-291.829  167.277       1.2343
-291.829  171.595       1.0070
-291.829  175.914       0.8373
-291.829  180.232       0.7800
-291.829  184.551       0.8211
-291.829  188.869       0.8373
-291.829  193.188       0.5654
-291.829  197.506       0.7054
-291.829  201.824       1.1737
-291.829  206.143       1.7395
-291.829  210.461       2.0197
-291.829  214.780       4.0473
-291.829  219.098       4.0473
-291.829  223.417       4.0473
-291.829  227.735       4.0473
-291.829  232.053       4.0473
-291.829  236.372       4.0473
-291.829  240.690       4.0473
-291.829  245.009       4.0473
-291.829  249.327       4.0473
-291.829  253.645       4.0473
-291.829  257.964       4.0473
-291.829  262.282       4.0473
-291.829  266.601       4.0473
-291.829  270.919       4.0473
-291.829  275.238       4.0473
-288.574 -152.286       4.0473
-288.574 -147.968       4.0473
-288.574 -143.649       4.0473
-288.574 -139.331       4.0473
-288.574 -135.012       4.0473
-288.574 -130.694       4.0473
-288.574 -126.375       3.2209
-288.574 -122.057       4.0473
-288.574 -117.739       3.6341
-288.574 -113.420       3.6341
-288.574 -109.102       2.2046
-288.574 -104.783       1.8191
-288.574 -100.465       2.0608
-288.574  -96.147       1.5680
-288.574  -91.828       1.8191
-288.574  -87.510       2.0197
-288.574  -83.191       1.5145
-288.574  -78.873       1.5496
-288.574  -74.554       1.7151
-288.574  -70.236       1.6476
-288.574  -65.918       1.4349
-288.574  -61.599       1.4814
-288.574  -57.281       1.7913
-288.574  -52.962       1.9450
-288.574  -48.644       2.3242
-288.574  -44.326       2.9791
-288.574  -40.007       2.8076
-288.574  -35.689       3.6341
-288.574  -31.370       4.0473
-288.574  -27.052       4.0473
-288.574  -22.733       4.0473
-288.574  -18.415       4.0473
-288.574  -14.097       4.0473
-288.574   -9.778       4.0473
-288.574   -5.460       4.0473
-288.574   -1.141       4.0473
-288.574    3.177       4.0473
-288.574    7.496       4.0473
-288.574   11.814       4.0473
-288.574   16.132       4.0473
-288.574   20.451       4.0473
-288.574   24.769       4.0473
-288.574   29.088       4.0473
-288.574   33.406       3.6341
-288.574   37.724       2.5659
-288.574   42.043       2.8076
-288.574   46.361       2.6746
-288.574   50.680       2.6746
-288.574   54.998       2.8076
-288.574   59.317       2.2614
-288.574   63.635       2.4740
-288.574   67.953       2.8076
-288.574   72.272       2.5659
-288.574   76.590       3.6341
-288.574   80.909       3.2209
-288.574   85.227       2.5659
-288.574   89.546       2.2614
-288.574   93.864       1.5145
-288.574   98.182       1.4349
-288.574  102.501       1.4500
-288.574  106.819       1.4349
-288.574  111.138       1.3918
-288.574  115.456       1.0368
-288.574  119.774       0.8319
-288.574  124.093       0.3895
-288.574  128.411       0.3283
-288.574  132.730       0.4607
-288.574  137.048       1.0070
-288.574  141.367       1.1547
-288.574  145.685       1.6692
-288.574  150.003       2.2046
-288.574  154.322       1.2238
-288.574  158.640       1.1455
-288.574  162.959       1.0143
-288.574  167.277       1.1099
-288.574  171.595       1.3516
-288.574  175.914       1.3388
-288.574  180.232       0.9007
-288.574  184.551       0.8653
-288.574  188.869       1.0602
-288.574  193.188       0.9130
-288.574  197.506       0.5723
-288.574  201.824       0.8769
-288.574  206.143       1.6266
-288.574  210.461       2.8076
-288.574  214.780       4.0473
-288.574  219.098       4.0473
-288.574  223.417       4.0473
-288.574  227.735       4.0473
-288.574  232.053       4.0473
-288.574  236.372       4.0473
-288.574  240.690       4.0473
-288.574  245.009       4.0473
-288.574  249.327       4.0473
-288.574  253.645       4.0473
-288.574  257.964       4.0473
-288.574  262.282       4.0473
-288.574  266.601       4.0473
-288.574  270.919       4.0473
-288.574  275.238       4.0473
-285.318 -152.286       4.0473
-285.318 -147.968       4.0473
-285.318 -143.649       4.0473
-285.318 -139.331       4.0473
-285.318 -135.012       4.0473
-285.318 -130.694       3.2209
-285.318 -126.375       2.2614
-285.318 -122.057       2.3944
-285.318 -117.739       2.4740
-285.318 -113.420       3.6341
-285.318 -109.102       2.1527
-285.318 -104.783       2.6746
-285.318 -100.465       2.4740
-285.318  -96.147       1.9450
-285.318  -91.828       2.1050
-285.318  -87.510       1.9450
-285.318  -83.191       1.3516
-285.318  -78.873       1.5318
-285.318  -74.554       1.9450
-285.318  -70.236       1.7648
-285.318  -65.918       1.5496
-285.318  -61.599       1.9812
-285.318  -57.281       1.9110
-285.318  -52.962       1.8787
-285.318  -48.644       2.2614
-285.318  -44.326       4.0473
-285.318  -40.007       3.6341
-285.318  -35.689       3.6341
-285.318  -31.370       4.0473
-285.318  -27.052       4.0473
-285.318  -22.733       4.0473
-285.318  -18.415       4.0473
-285.318  -14.097       4.0473
-285.318   -9.778       4.0473
-285.318   -5.460       4.0473
-285.318   -1.141       4.0473
-285.318    3.177       4.0473
-285.318    7.496       4.0473
-285.318   11.814       4.0473
-285.318   16.132       4.0473
-285.318   20.451       4.0473
-285.318   24.769       4.0473
-285.318   29.088       4.0473
-285.318   33.406       3.2209
-285.318   37.724       1.9450
-285.318   42.043       2.3242
-285.318   46.361       2.8076
-285.318   50.680       2.3944
-285.318   54.998       2.4740
-285.318   59.317       1.9812
-285.318   63.635       2.3242
-285.318   67.953       2.4740
-285.318   72.272       2.3944
-285.318   76.590       2.8076
-285.318   80.909       4.0473
-285.318   85.227       4.0473
-285.318   89.546       4.0473
-285.318   93.864       2.6746
-285.318   98.182       1.6064
-285.318  102.501       1.5869
-285.318  106.819       1.5145
-285.318  111.138       1.6064
-285.318  115.456       1.4349
-285.318  119.774       1.2343
-285.318  124.093       0.6430
-285.318  128.411       0.7462
-285.318  132.730       0.4695
-285.318  137.048       0.5723
-285.318  141.367       1.0763
-285.318  145.685       1.4058
-285.318  150.003       1.6064
-285.318  154.322       1.7913
-285.318  158.640       1.4500
-285.318  162.959       1.1455
-285.318  167.277       1.0928
-285.318  171.595       1.4500
-285.318  175.914       1.8482
-285.318  180.232       1.2451
-285.318  184.551       0.8947
-285.318  188.869       1.1013
-285.318  193.188       1.1364
-285.318  197.506       0.8265
-285.318  201.824       0.7951
-285.318  206.143       1.1932
-285.318  210.461       2.2046
-285.318  214.780       4.0473
-285.318  219.098       4.0473
-285.318  223.417       4.0473
-285.318  227.735       4.0473
-285.318  232.053       4.0473
-285.318  236.372       4.0473
-285.318  240.690       4.0473
-285.318  245.009       4.0473
-285.318  249.327       4.0473
-285.318  253.645       4.0473
-285.318  257.964       4.0473
-285.318  262.282       4.0473
-285.318  266.601       4.0473
-285.318  270.919       4.0473
-285.318  275.238       4.0473
-282.063 -152.286       4.0473
-282.063 -147.968       4.0473
-282.063 -143.649       4.0473
-282.063 -139.331       4.0473
-282.063 -135.012       3.6341
-282.063 -130.694       2.9791
-282.063 -126.375       3.2209
-282.063 -122.057       3.2209
-282.063 -117.739       1.9812
-282.063 -113.420       2.2614
-282.063 -109.102       2.1050
-282.063 -104.783       2.4740
-282.063 -100.465       2.1050
-282.063  -96.147       2.0608
-282.063  -91.828       2.2046
-282.063  -87.510       1.8787
-282.063  -83.191       1.6476
-282.063  -78.873       1.6692
-282.063  -74.554       1.8482
-282.063  -70.236       1.5496
-282.063  -65.918       1.3781
-282.063  -61.599       2.1050
-282.063  -57.281       1.7913
-282.063  -52.962       1.8191
-282.063  -48.644       2.9791
-282.063  -44.326       3.6341
-282.063  -40.007       3.6341
-282.063  -35.689       2.9791
-282.063  -31.370       4.0473
-282.063  -27.052       4.0473
-282.063  -22.733       4.0473
-282.063  -18.415       4.0473
-282.063  -14.097       4.0473
-282.063   -9.778       4.0473
-282.063   -5.460       4.0473
-282.063   -1.141       4.0473
-282.063    3.177       4.0473
-282.063    7.496       4.0473
-282.063   11.814       4.0473
-282.063   16.132       4.0473
-282.063   20.451       4.0473
-282.063   24.769       4.0473
-282.063   29.088       2.9791
-282.063   33.406       2.0608
-282.063   37.724       1.5496
-282.063   42.043       1.9450
-282.063   46.361       2.2046
-282.063   50.680       2.2614
-282.063   54.998       1.8191
-282.063   59.317       1.8787
-282.063   63.635       2.2614
-282.063   67.953       2.2046
-282.063   72.272       2.1050
-282.063   76.590       2.6746
-282.063   80.909       2.9791
-282.063   85.227       4.0473
-282.063   89.546       3.6341
-282.063   93.864       2.8076
-282.063   98.182       1.7913
-282.063  102.501       1.6064
-282.063  106.819       1.3647
-282.063  111.138       1.6917
-282.063  115.456       2.1527
-282.063  119.774       1.7648
-282.063  124.093       0.9856
-282.063  128.411       0.8769
-282.063  132.730       0.7653
-282.063  137.048       0.5449
-282.063  141.367       0.7415
-282.063  145.685       0.8653
-282.063  150.003       0.9856
-282.063  154.322       1.6266
-282.063  158.640       2.1527
-282.063  162.959       1.5869
-282.063  167.277       1.2560
-282.063  171.595       1.4500
-282.063  175.914       1.9812
-282.063  180.232       1.5869
-282.063  184.551       1.3139
-282.063  188.869       0.9856
-282.063  193.188       1.0143
-282.063  197.506       0.7277
-282.063  201.824       0.7323
-282.063  206.143       1.0292
-282.063  210.461       1.9812
-282.063  214.780       4.0473
-282.063  219.098       4.0473
-282.063  223.417       4.0473
-282.063  227.735       4.0473
-282.063  232.053       4.0473
-282.063  236.372       4.0473
-282.063  240.690       4.0473
-282.063  245.009       4.0473
-282.063  249.327       4.0473
-282.063  253.645       4.0473
-282.063  257.964       4.0473
-282.063  262.282       4.0473
-282.063  266.601       4.0473
-282.063  270.919       4.0473
-282.063  275.238       4.0473
-278.808 -152.286       4.0473
-278.808 -147.968       4.0473
-278.808 -143.649       4.0473
-278.808 -139.331       4.0473
-278.808 -135.012       3.2209
-278.808 -130.694       2.8076
-278.808 -126.375       3.6341
-278.808 -122.057       2.3242
-278.808 -117.739       1.8787
-278.808 -113.420       1.8482
-278.808 -109.102       2.2046
-278.808 -104.783       2.3944
-278.808 -100.465       2.0197
-278.808  -96.147       1.8482
-278.808  -91.828       1.7151
-278.808  -87.510       1.4202
-278.808  -83.191       1.2672
-278.808  -78.873       1.4349
-278.808  -74.554       1.6692
-278.808  -70.236       1.3019
-278.808  -65.918       1.3262
-278.808  -61.599       1.9450
-278.808  -57.281       1.6266
-278.808  -52.962       2.0608
-278.808  -48.644       2.5659
-278.808  -44.326       2.6746
-278.808  -40.007       2.9791
-278.808  -35.689       4.0473
-278.808  -31.370       4.0473
-278.808  -27.052       4.0473
-278.808  -22.733       4.0473
-278.808  -18.415       4.0473
-278.808  -14.097       4.0473
-278.808   -9.778       4.0473
-278.808   -5.460       4.0473
-278.808   -1.141       4.0473
-278.808    3.177       4.0473
-278.808    7.496       4.0473
-278.808   11.814       4.0473
-278.808   16.132       4.0473
-278.808   20.451       4.0473
-278.808   24.769       4.0473
-278.808   29.088       2.6746
-278.808   33.406       1.6476
-278.808   37.724       1.5496
-278.808   42.043       1.5680
-278.808   46.361       2.0197
-278.808   50.680       1.6266
-278.808   54.998       1.8482
-278.808   59.317       2.0608
-278.808   63.635       2.1527
-278.808   67.953       2.1050
-278.808   72.272       2.1050
-278.808   76.590       1.8787
-278.808   80.909       2.3242
-278.808   85.227       2.3242
-278.808   89.546       2.3944
-278.808   93.864       2.6746
-278.808   98.182       1.8787
-278.808  102.501       1.5680
-278.808  106.819       1.6692
-278.808  111.138       1.6476
-278.808  115.456       2.0197
-278.808  119.774       2.1050
-278.808  124.093       1.4058
-278.808  128.411       1.0292
-278.808  132.730       1.1013
-278.808  137.048       1.0928
-278.808  141.367       0.9449
-278.808  145.685       0.9007
-278.808  150.003       0.9384
-278.808  154.322       1.2238
-278.808  158.640       2.1527
-278.808  162.959       1.6917
-278.808  167.277       1.5145
-278.808  171.595       1.6917
-278.808  175.914       1.7913
-278.808  180.232       1.8787
-278.808  184.551       1.6476
-278.808  188.869       1.2672
-278.808  193.188       1.1834
-278.808  197.506       1.0070
-278.808  201.824       1.0368
-278.808  206.143       1.3647
-278.808  210.461       1.8787
-278.808  214.780       3.6341
-278.808  219.098       4.0473
-278.808  223.417       4.0473
-278.808  227.735       4.0473
-278.808  232.053       4.0473
-278.808  236.372       4.0473
-278.808  240.690       4.0473
-278.808  245.009       4.0473
-278.808  249.327       4.0473
-278.808  253.645       4.0473
-278.808  257.964       4.0473
-278.808  262.282       4.0473
-278.808  266.601       4.0473
-278.808  270.919       4.0473
-278.808  275.238       4.0473
-275.552 -152.286       4.0473
-275.552 -147.968       4.0473
-275.552 -143.649       4.0473
-275.552 -139.331       3.2209
-275.552 -135.012       2.2046
-275.552 -130.694       2.9791
-275.552 -126.375       3.2209
-275.552 -122.057       2.1050
-275.552 -117.739       1.9812
-275.552 -113.420       1.9450
-275.552 -109.102       1.6917
-275.552 -104.783       2.0608
-275.552 -100.465       1.8482
-275.552  -96.147       1.7151
-275.552  -91.828       1.6266
-275.552  -87.510       1.3781
-275.552  -83.191       1.2032
-275.552  -78.873       1.0763
-275.552  -74.554       1.2672
-275.552  -70.236       1.5680
-275.552  -65.918       1.3262
-275.552  -61.599       1.7395
-275.552  -57.281       1.8787
-275.552  -52.962       3.2209
-275.552  -48.644       3.6341
-275.552  -44.326       4.0473
-275.552  -40.007       3.6341
-275.552  -35.689       4.0473
-275.552  -31.370       4.0473
-275.552  -27.052       4.0473
-275.552  -22.733       4.0473
-275.552  -18.415       4.0473
-275.552  -14.097       4.0473
-275.552   -9.778       4.0473
-275.552   -5.460       4.0473
-275.552   -1.141       4.0473
-275.552    3.177       4.0473
-275.552    7.496       4.0473
-275.552   11.814       4.0473
-275.552   16.132       4.0473
-275.552   20.451       4.0473
-275.552   24.769       3.6341
-275.552   29.088       2.2614
-275.552   33.406       1.7913
-275.552   37.724       1.6692
-275.552   42.043       1.6064
-275.552   46.361       1.5680
-275.552   50.680       1.9450
-275.552   54.998       2.1527
-275.552   59.317       2.2046
-275.552   63.635       2.4740
-275.552   67.953       2.3944
-275.552   72.272       2.0197
-275.552   76.590       1.7395
-275.552   80.909       1.9812
-275.552   85.227       1.8482
-275.552   89.546       2.3242
-275.552   93.864       2.1527
-275.552   98.182       2.2046
-275.552  102.501       1.4977
-275.552  106.819       1.8787
-275.552  111.138       1.8787
-275.552  115.456       2.2614
-275.552  119.774       2.1050
-275.552  124.093       1.9450
-275.552  128.411       1.4058
-275.552  132.730       1.4500
-275.552  137.048       1.3019
-275.552  141.367       1.3781
-275.552  145.685       0.8106
-275.552  150.003       0.8053
-275.552  154.322       0.9130
-275.552  158.640       1.1455
-275.552  162.959       1.3139
-275.552  167.277       1.3388
-275.552  171.595       1.3918
-275.552  175.914       1.7395
-275.552  180.232       2.2614
-275.552  184.551       1.7395
-275.552  188.869       0.9856
-275.552  193.188       1.3262
-275.552  197.506       1.2134
-275.552  201.824       1.1834
-275.552  206.143       1.2672
-275.552  210.461       1.6917
-275.552  214.780       3.6341
-275.552  219.098       4.0473
-275.552  223.417       4.0473
-275.552  227.735       4.0473
-275.552  232.053       4.0473
-275.552  236.372       4.0473
-275.552  240.690       4.0473
-275.552  245.009       4.0473
-275.552  249.327       4.0473
-275.552  253.645       4.0473
-275.552  257.964       4.0473
-275.552  262.282       4.0473
-275.552  266.601       4.0473
-275.552  270.919       4.0473
-275.552  275.238       4.0473
-272.296 -152.286       4.0473
-272.296 -147.968       4.0473
-272.296 -143.649       4.0473
-272.296 -139.331       3.2209
-272.296 -135.012       1.8191
-272.296 -130.694       2.4740
-272.296 -126.375       2.0608
-272.296 -122.057       2.0608
-272.296 -117.739       2.3944
-272.296 -113.420       2.1050
-272.296 -109.102       2.3944
-272.296 -104.783       2.4740
-272.296 -100.465       1.8482
-272.296  -96.147       1.3388
-272.296  -91.828       1.3262
-272.296  -87.510       1.1737
-272.296  -83.191       1.1932
-272.296  -78.873       1.1099
-272.296  -74.554       1.0928
-272.296  -70.236       1.6064
-272.296  -65.918       1.4349
-272.296  -61.599       1.6476
-272.296  -57.281       1.9450
-272.296  -52.962       3.2209
-272.296  -48.644       4.0473
-272.296  -44.326       4.0473
-272.296  -40.007       4.0473
-272.296  -35.689       4.0473
-272.296  -31.370       4.0473
-272.296  -27.052       4.0473
-272.296  -22.733       4.0473
-272.296  -18.415       4.0473
-272.296  -14.097       4.0473
-272.296   -9.778       4.0473
-272.296   -5.460       4.0473
-272.296   -1.141       4.0473
-272.296    3.177       4.0473
-272.296    7.496       4.0473
-272.296   11.814       4.0473
-272.296   16.132       4.0473
-272.296   20.451       4.0473
-272.296   24.769       2.9791
-272.296   29.088       2.4740
-272.296   33.406       1.8191
-272.296   37.724       1.8787
-272.296   42.043       1.4655
-272.296   46.361       1.7151
-272.296   50.680       1.8787
-272.296   54.998       2.0608
-272.296   59.317       2.0197
-272.296   63.635       3.2209
-272.296   67.953       3.6341
-272.296   72.272       1.7913
-272.296   76.590       1.6064
-272.296   80.909       1.8482
-272.296   85.227       1.9450
-272.296   89.546       2.5659
-272.296   93.864       2.2046
-272.296   98.182       1.4500
-272.296  102.501       1.7648
-272.296  106.819       1.7913
-272.296  111.138       1.6917
-272.296  115.456       2.3242
-272.296  119.774       1.9450
-272.296  124.093       2.8076
-272.296  128.411       1.7395
-272.296  132.730       1.3262
-272.296  137.048       1.2238
-272.296  141.367       1.9450
-272.296  145.685       1.2134
-272.296  150.003       0.9998
-272.296  154.322       1.0523
-272.296  158.640       0.7187
-272.296  162.959       0.9256
-272.296  167.277       1.0928
-272.296  171.595       1.2560
-272.296  175.914       1.7913
-272.296  180.232       2.3242
-272.296  184.551       2.0608
-272.296  188.869       1.0368
-272.296  193.188       1.2238
-272.296  197.506       1.1274
-272.296  201.824       1.0292
-272.296  206.143       1.1834
-272.296  210.461       1.4655
-272.296  214.780       2.3944
-272.296  219.098       2.9791
-272.296  223.417       4.0473
-272.296  227.735       4.0473
-272.296  232.053       4.0473
-272.296  236.372       4.0473
-272.296  240.690       4.0473
-272.296  245.009       4.0473
-272.296  249.327       4.0473
-272.296  253.645       4.0473
-272.296  257.964       4.0473
-272.296  262.282       4.0473
-272.296  266.601       4.0473
-272.296  270.919       4.0473
-272.296  275.238       4.0473
-269.041 -152.286       4.0473
-269.041 -147.968       4.0473
-269.041 -143.649       4.0473
-269.041 -139.331       3.6341
-269.041 -135.012       2.1050
-269.041 -130.694       2.8076
-269.041 -126.375       2.4740
-269.041 -122.057       1.9812
-269.041 -117.739       1.7913
-269.041 -113.420       2.1050
-269.041 -109.102       2.8076
-269.041 -104.783       2.8076
-269.041 -100.465       1.4058
-269.041  -96.147       1.2785
-269.041  -91.828       1.3516
-269.041  -87.510       1.0763
-269.041  -83.191       1.0217
-269.041  -78.873       1.2901
-269.041  -74.554       1.4202
-269.041  -70.236       1.2238
-269.041  -65.918       1.4977
-269.041  -61.599       1.7395
-269.041  -57.281       1.8787
-269.041  -52.962       2.8076
-269.041  -48.644       4.0473
-269.041  -44.326       4.0473
-269.041  -40.007       4.0473
-269.041  -35.689       4.0473
-269.041  -31.370       4.0473
-269.041  -27.052       4.0473
-269.041  -22.733       4.0473
-269.041  -18.415       4.0473
-269.041  -14.097       4.0473
-269.041   -9.778       4.0473
-269.041   -5.460       4.0473
-269.041   -1.141       4.0473
-269.041    3.177       4.0473
-269.041    7.496       4.0473
-269.041   11.814       4.0473
-269.041   16.132       4.0473
-269.041   20.451       2.8076
-269.041   24.769       2.6746
-269.041   29.088       1.9812
-269.041   33.406       2.1050
-269.041   37.724       1.9110
-269.041   42.043       1.7151
-269.041   46.361       1.4655
-269.041   50.680       1.6266
-269.041   54.998       1.9110
-269.041   59.317       2.3944
-269.041   63.635       4.0473
-269.041   67.953       4.0473
-269.041   72.272       2.2046
-269.041   76.590       1.7395
-269.041   80.909       2.3242
-269.041   85.227       1.7648
-269.041   89.546       2.4740
-269.041   93.864       2.1527
-269.041   98.182       1.6917
-269.041  102.501       1.6266
-269.041  106.819       1.8191
-269.041  111.138       1.6064
-269.041  115.456       2.1050
-269.041  119.774       2.2614
-269.041  124.093       2.9791
-269.041  128.411       2.2046
-269.041  132.730       1.6266
-269.041  137.048       1.5318
-269.041  141.367       2.3944
-269.041  145.685       1.9450
-269.041  150.003       1.4500
-269.041  154.322       1.4058
-269.041  158.640       1.0292
-269.041  162.959       0.9068
-269.041  167.277       1.0070
-269.041  171.595       1.3388
-269.041  175.914       1.4500
-269.041  180.232       2.1050
-269.041  184.551       1.9450
-269.041  188.869       1.4500
-269.041  193.188       1.3139
-269.041  197.506       1.3139
-269.041  201.824       1.1455
-269.041  206.143       1.0763
-269.041  210.461       1.3781
-269.041  214.780       1.5145
-269.041  219.098       2.0197
-269.041  223.417       3.6341
-269.041  227.735       4.0473
-269.041  232.053       4.0473
-269.041  236.372       4.0473
-269.041  240.690       4.0473
-269.041  245.009       4.0473
-269.041  249.327       4.0473
-269.041  253.645       4.0473
-269.041  257.964       4.0473
-269.041  262.282       4.0473
-269.041  266.601       4.0473
-269.041  270.919       4.0473
-269.041  275.238       4.0473
-265.785 -152.286       4.0473
-265.785 -147.968       4.0473
-265.785 -143.649       3.2209
-265.785 -139.331       4.0473
-265.785 -135.012       2.5659
-265.785 -130.694       2.2046
-265.785 -126.375       2.8076
-265.785 -122.057       1.8482
-265.785 -117.739       1.3918
-265.785 -113.420       2.0197
-265.785 -109.102       2.4740
-265.785 -104.783       1.8191
-265.785 -100.465       1.6064
-265.785  -96.147       1.3262
-265.785  -91.828       1.2785
-265.785  -87.510       1.1455
-265.785  -83.191       1.3139
-265.785  -78.873       1.6064
-265.785  -74.554       1.6266
-265.785  -70.236       1.1932
-265.785  -65.918       1.2560
-265.785  -61.599       1.5496
-265.785  -57.281       2.1527
-265.785  -52.962       4.0473
-265.785  -48.644       4.0473
-265.785  -44.326       4.0473
-265.785  -40.007       4.0473
-265.785  -35.689       4.0473
-265.785  -31.370       4.0473
-265.785  -27.052       4.0473
-265.785  -22.733       4.0473
-265.785  -18.415       4.0473
-265.785  -14.097       4.0473
-265.785   -9.778       4.0473
-265.785   -5.460       4.0473
-265.785   -1.141       4.0473
-265.785    3.177       4.0473
-265.785    7.496       4.0473
-265.785   11.814       4.0473
-265.785   16.132       4.0473
-265.785   20.451       2.5659
-265.785   24.769       2.1527
-265.785   29.088       1.5318
-265.785   33.406       1.5496
-265.785   37.724       1.7648
-265.785   42.043       1.6692
-265.785   46.361       1.7395
-265.785   50.680       1.8787
-265.785   54.998       1.4814
-265.785   59.317       2.2614
-265.785   63.635       2.6746
-265.785   67.953       2.5659
-265.785   72.272       3.2209
-265.785   76.590       2.2046
-265.785   80.909       1.7648
-265.785   85.227       1.5496
-265.785   89.546       1.3781
-265.785   93.864       1.6476
-265.785   98.182       1.5496
-265.785  102.501       1.5496
-265.785  106.819       1.7151
-265.785  111.138       1.3647
-265.785  115.456       1.6064
-265.785  119.774       2.1050
-265.785  124.093       2.3944
-265.785  128.411       2.3242
-265.785  132.730       1.8482
-265.785  137.048       1.7151
-265.785  141.367       2.5659
-265.785  145.685       2.0608
-265.785  150.003       2.1527
-265.785  154.322       1.7648
-265.785  158.640       1.1274
-265.785  162.959       1.3019
-265.785  167.277       0.7556
-265.785  171.595       1.0292
-265.785  175.914       0.9998
-265.785  180.232       1.1186
-265.785  184.551       1.3139
-265.785  188.869       1.2785
-265.785  193.188       1.2343
-265.785  197.506       1.4202
-265.785  201.824       1.3139
-265.785  206.143       1.2785
-265.785  210.461       1.2451
-265.785  214.780       1.2901
-265.785  219.098       1.6692
-265.785  223.417       2.9791
-265.785  227.735       4.0473
-265.785  232.053       4.0473
-265.785  236.372       4.0473
-265.785  240.690       4.0473
-265.785  245.009       4.0473
-265.785  249.327       4.0473
-265.785  253.645       4.0473
-265.785  257.964       4.0473
-265.785  262.282       4.0473
-265.785  266.601       4.0473
-265.785  270.919       4.0473
-265.785  275.238       4.0473
-262.530 -152.286       4.0473
-262.530 -147.968       4.0473
-262.530 -143.649       2.9791
-262.530 -139.331       3.2209
-262.530 -135.012       3.6341
-262.530 -130.694       2.9791
-262.530 -126.375       2.2046
-262.530 -122.057       1.5869
-262.530 -117.739       1.6692
-262.530 -113.420       2.4740
-262.530 -109.102       2.4740
-262.530 -104.783       2.1050
-262.530 -100.465       1.6476
-262.530  -96.147       1.5318
-262.530  -91.828       1.7395
-262.530  -87.510       1.1737
-262.530  -83.191       1.3262
-262.530  -78.873       1.6064
-262.530  -74.554       1.3262
-262.530  -70.236       1.1013
-262.530  -65.918       1.3516
-262.530  -61.599       1.7648
-262.530  -57.281       2.2614
-262.530  -52.962       3.6341
-262.530  -48.644       3.6341
-262.530  -44.326       3.6341
-262.530  -40.007       4.0473
-262.530  -35.689       4.0473
-262.530  -31.370       4.0473
-262.530  -27.052       4.0473
-262.530  -22.733       4.0473
-262.530  -18.415       4.0473
-262.530  -14.097       4.0473
-262.530   -9.778       4.0473
-262.530   -5.460       4.0473
-262.530   -1.141       4.0473
-262.530    3.177       4.0473
-262.530    7.496       4.0473
-262.530   11.814       4.0473
-262.530   16.132       4.0473
-262.530   20.451       3.6341
-262.530   24.769       2.9791
-262.530   29.088       1.8482
-262.530   33.406       1.9812
-262.530   37.724       2.0608
-262.530   42.043       2.3944
-262.530   46.361       1.7395
-262.530   50.680       1.7151
-262.530   54.998       1.6064
-262.530   59.317       1.9812
-262.530   63.635       1.9450
-262.530   67.953       2.2046
-262.530   72.272       2.9791
-262.530   76.590       2.2614
-262.530   80.909       1.6917
-262.530   85.227       1.3139
-262.530   89.546       1.3139
-262.530   93.864       1.4202
-262.530   98.182       1.5496
-262.530  102.501       1.5496
-262.530  106.819       1.6692
-262.530  111.138       1.6266
-262.530  115.456       1.4058
-262.530  119.774       1.8482
-262.530  124.093       2.2614
-262.530  128.411       2.3242
-262.530  132.730       2.3242
-262.530  137.048       1.9110
-262.530  141.367       2.1527
-262.530  145.685       2.1050
-262.530  150.003       2.6746
-262.530  154.322       2.3242
-262.530  158.640       2.2046
-262.530  162.959       1.5869
-262.530  167.277       0.8319
-262.530  171.595       0.7604
-262.530  175.914       0.9384
-262.530  180.232       0.9319
-262.530  184.551       0.9007
-262.530  188.869       0.7415
-262.530  193.188       1.1737
-262.530  197.506       1.2560
-262.530  201.824       1.4655
-262.530  206.143       1.0845
-262.530  210.461       1.1547
-262.530  214.780       1.1274
-262.530  219.098       1.3516
-262.530  223.417       2.1050
-262.530  227.735       4.0473
-262.530  232.053       4.0473
-262.530  236.372       4.0473
-262.530  240.690       4.0473
-262.530  245.009       4.0473
-262.530  249.327       4.0473
-262.530  253.645       4.0473
-262.530  257.964       4.0473
-262.530  262.282       4.0473
-262.530  266.601       4.0473
-262.530  270.919       4.0473
-262.530  275.238       4.0473
-259.274 -152.286       4.0473
-259.274 -147.968       3.6341
-259.274 -143.649       2.9791
-259.274 -139.331       2.1050
-259.274 -135.012       3.2209
-259.274 -130.694       2.2046
-259.274 -126.375       2.1527
-259.274 -122.057       1.9450
-259.274 -117.739       1.9812
-259.274 -113.420       2.2614
-259.274 -109.102       1.6917
-259.274 -104.783       1.6476
-259.274 -100.465       1.3647
-259.274  -96.147       1.3781
-259.274  -91.828       1.3388
-259.274  -87.510       1.3019
-259.274  -83.191       1.4349
-259.274  -78.873       1.5318
-259.274  -74.554       1.3516
-259.274  -70.236       1.2451
-259.274  -65.918       1.9812
-259.274  -61.599       2.8076
-259.274  -57.281       2.9791
-259.274  -52.962       3.6341
-259.274  -48.644       4.0473
-259.274  -44.326       2.8076
-259.274  -40.007       4.0473
-259.274  -35.689       4.0473
-259.274  -31.370       4.0473
-259.274  -27.052       4.0473
-259.274  -22.733       4.0473
-259.274  -18.415       4.0473
-259.274  -14.097       4.0473
-259.274   -9.778       4.0473
-259.274   -5.460       4.0473
-259.274   -1.141       4.0473
-259.274    3.177       4.0473
-259.274    7.496       4.0473
-259.274   11.814       4.0473
-259.274   16.132       4.0473
-259.274   20.451       4.0473
-259.274   24.769       3.6341
-259.274   29.088       2.6746
-259.274   33.406       2.1527
-259.274   37.724       2.4740
-259.274   42.043       2.4740
-259.274   46.361       2.2614
-259.274   50.680       1.8482
-259.274   54.998       1.4655
-259.274   59.317       1.3388
-259.274   63.635       1.6064
-259.274   67.953       2.1050
-259.274   72.272       2.3242
-259.274   76.590       2.3944
-259.274   80.909       1.5496
-259.274   85.227       1.3388
-259.274   89.546       1.2451
-259.274   93.864       1.2672
-259.274   98.182       1.4655
-259.274  102.501       1.8482
-259.274  106.819       1.7395
-259.274  111.138       1.5318
-259.274  115.456       1.5680
-259.274  119.774       2.1527
-259.274  124.093       1.7913
-259.274  128.411       1.7395
-259.274  132.730       2.4740
-259.274  137.048       2.3242
-259.274  141.367       2.2614
-259.274  145.685       1.9812
-259.274  150.003       2.9791
-259.274  154.322       3.2209
-259.274  158.640       2.8076
-259.274  162.959       1.5680
-259.274  167.277       1.0602
-259.274  171.595       0.9384
-259.274  175.914       0.9998
-259.274  180.232       0.6672
-259.274  184.551       0.6469
-259.274  188.869       0.5829
-259.274  193.188       0.7369
-259.274  197.506       1.0763
-259.274  201.824       1.1834
-259.274  206.143       1.1274
-259.274  210.461       1.1834
-259.274  214.780       1.1834
-259.274  219.098       1.1932
-259.274  223.417       2.2614
-259.274  227.735       4.0473
-259.274  232.053       4.0473
-259.274  236.372       4.0473
-259.274  240.690       4.0473
-259.274  245.009       4.0473
-259.274  249.327       4.0473
-259.274  253.645       4.0473
-259.274  257.964       4.0473
-259.274  262.282       4.0473
-259.274  266.601       4.0473
-259.274  270.919       4.0473
-259.274  275.238       4.0473
-256.019 -152.286       4.0473
-256.019 -147.968       2.8076
-256.019 -143.649       2.8076
-256.019 -139.331       2.0608
-256.019 -135.012       2.8076
-256.019 -130.694       2.3944
-256.019 -126.375       2.3944
-256.019 -122.057       1.8191
-256.019 -117.739       2.0608
-256.019 -113.420       1.3139
-256.019 -109.102       1.4349
-256.019 -104.783       1.0763
-256.019 -100.465       1.3647
-256.019  -96.147       1.3139
-256.019  -91.828       1.2343
-256.019  -87.510       1.2560
-256.019  -83.191       1.4349
-256.019  -78.873       1.7395
-256.019  -74.554       1.8191
-256.019  -70.236       1.3918
-256.019  -65.918       2.2046
-256.019  -61.599       2.9791
-256.019  -57.281       4.0473
-256.019  -52.962       3.2209
-256.019  -48.644       2.6746
-256.019  -44.326       2.3944
-256.019  -40.007       3.2209
-256.019  -35.689       4.0473
-256.019  -31.370       4.0473
-256.019  -27.052       4.0473
-256.019  -22.733       4.0473
-256.019  -18.415       4.0473
-256.019  -14.097       4.0473
-256.019   -9.778       4.0473
-256.019   -5.460       4.0473
-256.019   -1.141       4.0473
-256.019    3.177       4.0473
-256.019    7.496       4.0473
-256.019   11.814       4.0473
-256.019   16.132       3.6341
-256.019   20.451       3.6341
-256.019   24.769       3.6341
-256.019   29.088       2.9791
-256.019   33.406       2.3242
-256.019   37.724       2.5659
-256.019   42.043       2.3944
-256.019   46.361       2.6746
-256.019   50.680       1.6692
-256.019   54.998       1.7395
-256.019   59.317       1.4202
-256.019   63.635       1.7913
-256.019   67.953       1.6266
-256.019   72.272       1.7648
-256.019   76.590       2.3242
-256.019   80.909       1.6692
-256.019   85.227       1.3516
-256.019   89.546       1.4655
-256.019   93.864       1.2901
-256.019   98.182       1.5496
-256.019  102.501       1.9450
-256.019  106.819       2.3242
-256.019  111.138       1.5869
-256.019  115.456       1.8787
-256.019  119.774       2.5659
-256.019  124.093       1.8482
-256.019  128.411       1.6476
-256.019  132.730       2.1527
-256.019  137.048       2.8076
-256.019  141.367       2.1050
-256.019  145.685       1.9450
-256.019  150.003       2.2614
-256.019  154.322       2.6746
-256.019  158.640       3.2209
-256.019  162.959       2.0197
-256.019  167.277       1.2785
-256.019  171.595       1.3918
-256.019  175.914       1.0523
-256.019  180.232       0.6672
-256.019  184.551       0.4464
-256.019  188.869       0.3999
-256.019  193.188       0.7701
-256.019  197.506       1.1737
-256.019  201.824       0.8710
-256.019  206.143       1.0292
-256.019  210.461       0.9998
-256.019  214.780       1.0217
-256.019  219.098       1.1737
-256.019  223.417       2.3242
-256.019  227.735       3.6341
-256.019  232.053       4.0473
-256.019  236.372       4.0473
-256.019  240.690       4.0473
-256.019  245.009       4.0473
-256.019  249.327       4.0473
-256.019  253.645       4.0473
-256.019  257.964       4.0473
-256.019  262.282       4.0473
-256.019  266.601       4.0473
-256.019  270.919       4.0473
-256.019  275.238       4.0473
-252.763 -152.286       4.0473
-252.763 -147.968       2.9791
-252.763 -143.649       3.6341
-252.763 -139.331       2.0608
-252.763 -135.012       2.1527
-252.763 -130.694       2.2614
-252.763 -126.375       2.0608
-252.763 -122.057       1.5145
-252.763 -117.739       1.6476
-252.763 -113.420       1.2451
-252.763 -109.102       1.4814
-252.763 -104.783       1.0763
-252.763 -100.465       1.3516
-252.763  -96.147       1.4814
-252.763  -91.828       1.2343
-252.763  -87.510       1.5145
-252.763  -83.191       1.4058
-252.763  -78.873       1.6266
-252.763  -74.554       1.6476
-252.763  -70.236       1.3516
-252.763  -65.918       1.5869
-252.763  -61.599       2.3242
-252.763  -57.281       2.8076
-252.763  -52.962       2.8076
-252.763  -48.644       2.3944
-252.763  -44.326       2.2614
-252.763  -40.007       4.0473
-252.763  -35.689       4.0473
-252.763  -31.370       4.0473
-252.763  -27.052       4.0473
-252.763  -22.733       4.0473
-252.763  -18.415       4.0473
-252.763  -14.097       4.0473
-252.763   -9.778       4.0473
-252.763   -5.460       4.0473
-252.763   -1.141       4.0473
-252.763    3.177       4.0473
-252.763    7.496       4.0473
-252.763   11.814       4.0473
-252.763   16.132       2.5659
-252.763   20.451       2.8076
-252.763   24.769       4.0473
-252.763   29.088       2.9791
-252.763   33.406       2.2614
-252.763   37.724       2.0197
-252.763   42.043       2.1527
-252.763   46.361       1.9110
-252.763   50.680       1.9110
-252.763   54.998       1.8191
-252.763   59.317       1.8482
-252.763   63.635       1.6917
-252.763   67.953       1.4814
-252.763   72.272       1.5869
-252.763   76.590       2.0197
-252.763   80.909       1.4977
-252.763   85.227       1.7395
-252.763   89.546       1.7151
-252.763   93.864       1.5869
-252.763   98.182       2.1050
-252.763  102.501       1.6917
-252.763  106.819       2.1050
-252.763  111.138       1.7913
-252.763  115.456       2.0197
-252.763  119.774       2.0197
-252.763  124.093       1.9110
-252.763  128.411       1.5680
-252.763  132.730       1.9450
-252.763  137.048       3.2209
-252.763  141.367       2.9791
-252.763  145.685       1.8482
-252.763  150.003       1.9110
-252.763  154.322       2.0197
-252.763  158.640       2.9791
-252.763  162.959       3.6341
-252.763  167.277       1.4977
-252.763  171.595       1.4349
-252.763  175.914       0.9007
-252.763  180.232       0.8106
-252.763  184.551       0.5901
-252.763  188.869       0.4296
-252.763  193.188       0.5219
-252.763  197.506       0.7653
-252.763  201.824       0.7509
-252.763  206.143       0.8265
-252.763  210.461       0.8211
-252.763  214.780       1.0368
-252.763  219.098       1.4202
-252.763  223.417       1.5680
-252.763  227.735       3.6341
-252.763  232.053       4.0473
-252.763  236.372       4.0473
-252.763  240.690       4.0473
-252.763  245.009       4.0473
-252.763  249.327       4.0473
-252.763  253.645       4.0473
-252.763  257.964       4.0473
-252.763  262.282       4.0473
-252.763  266.601       4.0473
-252.763  270.919       4.0473
-252.763  275.238       4.0473
-249.508 -152.286       2.9791
-249.508 -147.968       2.6746
-249.508 -143.649       3.2209
-249.508 -139.331       1.7395
-249.508 -135.012       2.1527
-249.508 -130.694       2.2614
-249.508 -126.375       2.3242
-249.508 -122.057       1.8191
-249.508 -117.739       1.5869
-249.508 -113.420       1.5318
-249.508 -109.102       1.4349
-249.508 -104.783       1.3019
-249.508 -100.465       1.2901
-249.508  -96.147       1.2560
-249.508  -91.828       1.2672
-249.508  -87.510       1.5318
-249.508  -83.191       1.5869
-249.508  -78.873       1.6064
-249.508  -74.554       1.5869
-249.508  -70.236       1.5680
-249.508  -65.918       1.5496
-249.508  -61.599       1.8191
-249.508  -57.281       2.1527
-249.508  -52.962       2.3944
-249.508  -48.644       2.8076
-249.508  -44.326       4.0473
-249.508  -40.007       4.0473
-249.508  -35.689       4.0473
-249.508  -31.370       4.0473
-249.508  -27.052       4.0473
-249.508  -22.733       4.0473
-249.508  -18.415       4.0473
-249.508  -14.097       4.0473
-249.508   -9.778       4.0473
-249.508   -5.460       4.0473
-249.508   -1.141       4.0473
-249.508    3.177       4.0473
-249.508    7.496       4.0473
-249.508   11.814       4.0473
-249.508   16.132       2.2614
-249.508   20.451       2.5659
-249.508   24.769       2.3944
-249.508   29.088       1.8787
-249.508   33.406       1.5680
-249.508   37.724       1.9450
-249.508   42.043       1.8787
-249.508   46.361       1.9110
-249.508   50.680       1.9812
-249.508   54.998       1.6476
-249.508   59.317       1.7151
-249.508   63.635       1.6266
-249.508   67.953       1.2785
-249.508   72.272       1.6476
-249.508   76.590       1.9812
-249.508   80.909       1.8787
-249.508   85.227       2.2614
-249.508   89.546       1.9450
-249.508   93.864       1.9812
-249.508   98.182       2.2046
-249.508  102.501       1.9812
-249.508  106.819       1.7648
-249.508  111.138       1.7395
-249.508  115.456       2.0197
-249.508  119.774       2.0197
-249.508  124.093       2.0197
-249.508  128.411       2.2046
-249.508  132.730       2.2614
-249.508  137.048       2.1050
-249.508  141.367       2.5659
-249.508  145.685       2.5659
-249.508  150.003       2.3242
-249.508  154.322       1.8191
-249.508  158.640       2.5659
-249.508  162.959       3.6341
-249.508  167.277       2.2046
-249.508  171.595       1.5680
-249.508  175.914       1.0763
-249.508  180.232       0.6796
-249.508  184.551       0.6274
-249.508  188.869       0.3870
-249.508  193.188       0.4998
-249.508  197.506       0.5416
-249.508  201.824       0.5550
-249.508  206.143       0.9130
-249.508  210.461       0.8539
-249.508  214.780       1.0368
-249.508  219.098       1.3388
-249.508  223.417       1.4058
-249.508  227.735       2.5659
-249.508  232.053       4.0473
-249.508  236.372       4.0473
-249.508  240.690       4.0473
-249.508  245.009       4.0473
-249.508  249.327       4.0473
-249.508  253.645       4.0473
-249.508  257.964       4.0473
-249.508  262.282       4.0473
-249.508  266.601       4.0473
-249.508  270.919       4.0473
-249.508  275.238       4.0473
-246.252 -152.286       2.3944
-246.252 -147.968       2.4740
-246.252 -143.649       2.3242
-246.252 -139.331       1.6476
-246.252 -135.012       2.3944
-246.252 -130.694       3.6341
-246.252 -126.375       3.2209
-246.252 -122.057       2.6746
-246.252 -117.739       1.6917
-246.252 -113.420       1.3781
-246.252 -109.102       1.2032
-246.252 -104.783       1.2672
-246.252 -100.465       1.5145
-246.252  -96.147       1.5496
-246.252  -91.828       1.5869
-246.252  -87.510       1.3262
-246.252  -83.191       1.5145
-246.252  -78.873       1.6692
-246.252  -74.554       1.6266
-246.252  -70.236       1.8787
-246.252  -65.918       1.4977
-246.252  -61.599       1.5318
-246.252  -57.281       1.9450
-246.252  -52.962       2.6746
-246.252  -48.644       3.6341
-246.252  -44.326       3.2209
-246.252  -40.007       4.0473
-246.252  -35.689       4.0473
-246.252  -31.370       4.0473
-246.252  -27.052       4.0473
-246.252  -22.733       4.0473
-246.252  -18.415       4.0473
-246.252  -14.097       4.0473
-246.252   -9.778       4.0473
-246.252   -5.460       4.0473
-246.252   -1.141       4.0473
-246.252    3.177       4.0473
-246.252    7.496       4.0473
-246.252   11.814       2.3944
-246.252   16.132       1.9110
-246.252   20.451       2.1527
-246.252   24.769       2.6746
-246.252   29.088       1.8482
-246.252   33.406       1.6064
-246.252   37.724       1.9450
-246.252   42.043       2.3944
-246.252   46.361       2.3944
-246.252   50.680       2.2046
-246.252   54.998       1.7913
-246.252   59.317       2.0197
-246.252   63.635       1.9812
-246.252   67.953       1.5496
-246.252   72.272       1.5680
-246.252   76.590       1.4500
-246.252   80.909       1.9110
-246.252   85.227       2.3242
-246.252   89.546       1.9110
-246.252   93.864       2.1050
-246.252   98.182       2.2614
-246.252  102.501       2.1527
-246.252  106.819       2.2046
-246.252  111.138       1.5496
-246.252  115.456       2.1050
-246.252  119.774       1.6064
-246.252  124.093       2.1527
-246.252  128.411       2.0197
-246.252  132.730       1.8191
-246.252  137.048       2.2046
-246.252  141.367       2.1527
-246.252  145.685       2.5659
-246.252  150.003       2.3944
-246.252  154.322       2.1527
-246.252  158.640       2.2046
-246.252  162.959       1.9110
-246.252  167.277       3.6341
-246.252  171.595       1.9450
-246.252  175.914       1.6266
-246.252  180.232       0.9192
-246.252  184.551       0.6274
-246.252  188.869       0.4464
-246.252  193.188       0.3947
-246.252  197.506       0.3870
-246.252  201.824       0.2791
-246.252  206.143       0.7701
-246.252  210.461       0.7369
-246.252  214.780       1.0217
-246.252  219.098       1.1737
-246.252  223.417       1.4349
-246.252  227.735       2.0197
-246.252  232.053       4.0473
-246.252  236.372       4.0473
-246.252  240.690       4.0473
-246.252  245.009       4.0473
-246.252  249.327       4.0473
-246.252  253.645       4.0473
-246.252  257.964       4.0473
-246.252  262.282       4.0473
-246.252  266.601       4.0473
-246.252  270.919       4.0473
-246.252  275.238       4.0473
-242.997 -152.286       2.2614
-242.997 -147.968       2.3242
-242.997 -143.649       1.6476
-242.997 -139.331       2.0608
-242.997 -135.012       1.9812
-242.997 -130.694       2.9791
-242.997 -126.375       4.0473
-242.997 -122.057       2.6746
-242.997 -117.739       1.6917
-242.997 -113.420       1.5318
-242.997 -109.102       1.6064
-242.997 -104.783       1.5869
-242.997 -100.465       1.6476
-242.997  -96.147       1.9450
-242.997  -91.828       1.3781
-242.997  -87.510       1.2134
-242.997  -83.191       1.4977
-242.997  -78.873       1.6064
-242.997  -74.554       2.4740
-242.997  -70.236       1.8191
-242.997  -65.918       1.5869
-242.997  -61.599       1.4058
-242.997  -57.281       2.1050
-242.997  -52.962       2.8076
-242.997  -48.644       4.0473
-242.997  -44.326       4.0473
-242.997  -40.007       4.0473
-242.997  -35.689       4.0473
-242.997  -31.370       4.0473
-242.997  -27.052       4.0473
-242.997  -22.733       4.0473
-242.997  -18.415       4.0473
-242.997  -14.097       4.0473
-242.997   -9.778       4.0473
-242.997   -5.460       4.0473
-242.997   -1.141       4.0473
-242.997    3.177       4.0473
-242.997    7.496       4.0473
-242.997   11.814       3.2209
-242.997   16.132       1.7395
-242.997   20.451       1.6917
-242.997   24.769       2.3242
-242.997   29.088       2.2046
-242.997   33.406       2.1527
-242.997   37.724       2.5659
-242.997   42.043       2.8076
-242.997   46.361       2.2046
-242.997   50.680       1.4349
-242.997   54.998       1.2901
-242.997   59.317       1.6692
-242.997   63.635       2.0197
-242.997   67.953       1.7395
-242.997   72.272       1.6692
-242.997   76.590       1.6692
-242.997   80.909       2.2614
-242.997   85.227       2.9791
-242.997   89.546       2.8076
-242.997   93.864       1.9812
-242.997   98.182       2.0608
-242.997  102.501       1.9450
-242.997  106.819       1.8787
-242.997  111.138       1.9812
-242.997  115.456       2.2614
-242.997  119.774       1.7913
-242.997  124.093       1.9812
-242.997  128.411       1.5680
-242.997  132.730       1.8191
-242.997  137.048       1.9450
-242.997  141.367       2.0197
-242.997  145.685       2.3944
-242.997  150.003       2.4740
-242.997  154.322       2.2046
-242.997  158.640       2.1050
-242.997  162.959       1.8787
-242.997  167.277       4.0473
-242.997  171.595       2.2614
-242.997  175.914       1.7648
-242.997  180.232       1.0682
-242.997  184.551       0.7800
-242.997  188.869       0.5688
-242.997  193.188       0.3520
-242.997  197.506       0.5794
-242.997  201.824       0.4159
-242.997  206.143       0.6198
-242.997  210.461       0.5123
-242.997  214.780       0.7653
-242.997  219.098       0.9192
-242.997  223.417       1.5318
-242.997  227.735       1.9450
-242.997  232.053       3.6341
-242.997  236.372       4.0473
-242.997  240.690       4.0473
-242.997  245.009       4.0473
-242.997  249.327       4.0473
-242.997  253.645       4.0473
-242.997  257.964       4.0473
-242.997  262.282       4.0473
-242.997  266.601       4.0473
-242.997  270.919       4.0473
-242.997  275.238       4.0473
-239.742 -152.286       2.9791
-239.742 -147.968       2.3242
-239.742 -143.649       1.6064
-239.742 -139.331       2.2046
-239.742 -135.012       2.2614
-239.742 -130.694       2.9791
-239.742 -126.375       3.6341
-239.742 -122.057       2.2614
-239.742 -117.739       1.5680
-239.742 -113.420       1.7913
-239.742 -109.102       1.7151
-239.742 -104.783       1.9450
-239.742 -100.465       1.3918
-239.742  -96.147       1.6917
-239.742  -91.828       1.4814
-239.742  -87.510       1.3019
-239.742  -83.191       1.6064
-239.742  -78.873       1.4202
-239.742  -74.554       1.7395
-239.742  -70.236       1.8787
-239.742  -65.918       1.7151
-239.742  -61.599       2.0197
-239.742  -57.281       2.1527
-239.742  -52.962       2.9791
-239.742  -48.644       3.6341
-239.742  -44.326       4.0473
-239.742  -40.007       4.0473
-239.742  -35.689       4.0473
-239.742  -31.370       4.0473
-239.742  -27.052       4.0473
-239.742  -22.733       4.0473
-239.742  -18.415       3.2209
-239.742  -14.097       3.6341
-239.742   -9.778       4.0473
-239.742   -5.460       4.0473
-239.742   -1.141       4.0473
-239.742    3.177       4.0473
-239.742    7.496       4.0473
-239.742   11.814       3.6341
-239.742   16.132       2.2046
-239.742   20.451       2.2046
-239.742   24.769       2.8076
-239.742   29.088       2.5659
-239.742   33.406       2.2614
-239.742   37.724       2.5659
-239.742   42.043       2.2614
-239.742   46.361       1.6917
-239.742   50.680       1.3516
-239.742   54.998       1.1737
-239.742   59.317       1.8191
-239.742   63.635       1.7151
-239.742   67.953       1.8482
-239.742   72.272       1.6064
-239.742   76.590       1.4500
-239.742   80.909       2.6746
-239.742   85.227       3.6341
-239.742   89.546       4.0473
-239.742   93.864       2.1527
-239.742   98.182       1.9812
-239.742  102.501       2.1527
-239.742  106.819       1.7395
-239.742  111.138       1.9812
-239.742  115.456       2.2614
-239.742  119.774       1.9812
-239.742  124.093       1.7151
-239.742  128.411       1.5680
-239.742  132.730       1.6917
-239.742  137.048       1.9450
-239.742  141.367       2.1527
-239.742  145.685       1.9812
-239.742  150.003       2.2614
-239.742  154.322       2.5659
-239.742  158.640       2.1527
-239.742  162.959       2.2046
-239.742  167.277       2.1527
-239.742  171.595       1.8787
-239.742  175.914       1.9450
-239.742  180.232       1.3918
-239.742  184.551       1.0445
-239.742  188.869       0.6754
-239.742  193.188       0.5483
-239.742  197.506       0.6967
-239.742  201.824       0.5155
-239.742  206.143       0.3593
-239.742  210.461       0.3921
-239.742  214.780       0.4905
-239.742  219.098       0.6631
-239.742  223.417       0.8887
-239.742  227.735       1.5869
-239.742  232.053       2.8076
-239.742  236.372       4.0473
-239.742  240.690       4.0473
-239.742  245.009       4.0473
-239.742  249.327       4.0473
-239.742  253.645       4.0473
-239.742  257.964       4.0473
-239.742  262.282       4.0473
-239.742  266.601       4.0473
-239.742  270.919       4.0473
-239.742  275.238       4.0473
-236.486 -152.286       2.6746
-236.486 -147.968       2.8076
-236.486 -143.649       1.9812
-236.486 -139.331       2.4740
-236.486 -135.012       3.6341
-236.486 -130.694       4.0473
-236.486 -126.375       4.0473
-236.486 -122.057       3.6341
-236.486 -117.739       1.8482
-236.486 -113.420       1.6476
-236.486 -109.102       1.7648
-236.486 -104.783       1.7648
-236.486 -100.465       1.9450
-236.486  -96.147       1.6692
-236.486  -91.828       1.4814
-236.486  -87.510       1.6917
-236.486  -83.191       1.7648
-236.486  -78.873       1.6064
-236.486  -74.554       1.6266
-236.486  -70.236       1.3918
-236.486  -65.918       1.7151
-236.486  -61.599       2.2046
-236.486  -57.281       2.8076
-236.486  -52.962       2.8076
-236.486  -48.644       4.0473
-236.486  -44.326       4.0473
-236.486  -40.007       4.0473
-236.486  -35.689       3.6341
-236.486  -31.370       3.6341
-236.486  -27.052       2.5659
-236.486  -22.733       4.0473
-236.486  -18.415       3.6341
-236.486  -14.097       3.2209
-236.486   -9.778       4.0473
-236.486   -5.460       4.0473
-236.486   -1.141       4.0473
-236.486    3.177       4.0473
-236.486    7.496       4.0473
-236.486   11.814       4.0473
-236.486   16.132       4.0473
-236.486   20.451       2.8076
-236.486   24.769       3.2209
-236.486   29.088       2.9791
-236.486   33.406       2.4740
-236.486   37.724       2.2046
-236.486   42.043       2.0197
-236.486   46.361       1.6476
-236.486   50.680       1.7151
-236.486   54.998       1.7395
-236.486   59.317       1.8191
-236.486   63.635       2.1050
-236.486   67.953       2.2046
-236.486   72.272       2.1050
-236.486   76.590       2.2614
-236.486   80.909       2.3242
-236.486   85.227       3.6341
-236.486   89.546       3.6341
-236.486   93.864       3.2209
-236.486   98.182       2.9791
-236.486  102.501       2.8076
-236.486  106.819       2.2614
-236.486  111.138       2.1050
-236.486  115.456       1.8482
-236.486  119.774       2.1050
-236.486  124.093       1.7395
-236.486  128.411       1.3647
-236.486  132.730       1.4814
-236.486  137.048       1.6476
-236.486  141.367       2.3944
-236.486  145.685       2.9791
-236.486  150.003       2.0608
-236.486  154.322       1.7151
-236.486  158.640       1.7395
-236.486  162.959       1.9450
-236.486  167.277       1.5680
-236.486  171.595       1.7151
-236.486  175.914       1.7913
-236.486  180.232       1.6266
-236.486  184.551       1.3262
-236.486  188.869       0.8265
-236.486  193.188       0.6011
-236.486  197.506       0.6011
-236.486  201.824       0.4998
-236.486  206.143       0.3618
-236.486  210.461       0.2643
-236.486  214.780       0.3618
-236.486  219.098       0.3921
-236.486  223.417       0.5758
-236.486  227.735       0.8947
-236.486  232.053       2.2046
-236.486  236.372       4.0473
-236.486  240.690       4.0473
-236.486  245.009       4.0473
-236.486  249.327       4.0473
-236.486  253.645       4.0473
-236.486  257.964       4.0473
-236.486  262.282       4.0473
-236.486  266.601       4.0473
-236.486  270.919       4.0473
-236.486  275.238       4.0473
-233.231 -152.286       4.0473
-233.231 -147.968       3.2209
-233.231 -143.649       2.1527
-233.231 -139.331       2.9791
-233.231 -135.012       3.6341
-233.231 -130.694       4.0473
-233.231 -126.375       4.0473
-233.231 -122.057       3.2209
-233.231 -117.739       1.6266
-233.231 -113.420       1.6266
-233.231 -109.102       1.7648
-233.231 -104.783       1.7151
-233.231 -100.465       1.7648
-233.231  -96.147       1.6064
-233.231  -91.828       1.3647
-233.231  -87.510       1.8191
-233.231  -83.191       1.6917
-233.231  -78.873       1.5680
-233.231  -74.554       1.8191
-233.231  -70.236       1.3388
-233.231  -65.918       1.6692
-233.231  -61.599       2.0608
-233.231  -57.281       3.6341
-233.231  -52.962       2.9791
-233.231  -48.644       3.6341
-233.231  -44.326       4.0473
-233.231  -40.007       4.0473
-233.231  -35.689       4.0473
-233.231  -31.370       2.3242
-233.231  -27.052       2.3944
-233.231  -22.733       2.5659
-233.231  -18.415       2.9791
-233.231  -14.097       2.8076
-233.231   -9.778       4.0473
-233.231   -5.460       4.0473
-233.231   -1.141       3.6341
-233.231    3.177       3.2209
-233.231    7.496       3.6341
-233.231   11.814       4.0473
-233.231   16.132       4.0473
-233.231   20.451       4.0473
-233.231   24.769       4.0473
-233.231   29.088       3.6341
-233.231   33.406       2.9791
-233.231   37.724       2.8076
-233.231   42.043       2.1527
-233.231   46.361       1.9110
-233.231   50.680       1.7913
-233.231   54.998       2.4740
-233.231   59.317       2.1050
-233.231   63.635       2.2046
-233.231   67.953       2.5659
-233.231   72.272       2.0197
-233.231   76.590       3.6341
-233.231   80.909       2.4740
-233.231   85.227       2.5659
-233.231   89.546       2.9791
-233.231   93.864       4.0473
-233.231   98.182       2.9791
-233.231  102.501       2.5659
-233.231  106.819       2.6746
-233.231  111.138       2.2614
-233.231  115.456       2.4740
-233.231  119.774       2.3944
-233.231  124.093       1.7648
-233.231  128.411       1.6692
-233.231  132.730       1.4058
-233.231  137.048       1.6266
-233.231  141.367       2.4740
-233.231  145.685       4.0473
-233.231  150.003       2.1527
-233.231  154.322       1.7913
-233.231  158.640       1.9110
-233.231  162.959       2.2046
-233.231  167.277       1.9110
-233.231  171.595       1.4058
-233.231  175.914       1.5680
-233.231  180.232       1.8787
-233.231  184.551       1.6476
-233.231  188.869       1.3647
-233.231  193.188       0.9130
-233.231  197.506       0.6924
-233.231  201.824       0.6274
-233.231  206.143       0.6160
-233.231  210.461       0.3448
-233.231  214.780       0.3768
-233.231  219.098       0.5383
-233.231  223.417       0.6631
-233.231  227.735       0.6590
-233.231  232.053       1.2343
-233.231  236.372       2.9791
-233.231  240.690       4.0473
-233.231  245.009       4.0473
-233.231  249.327       4.0473
-233.231  253.645       4.0473
-233.231  257.964       4.0473
-233.231  262.282       4.0473
-233.231  266.601       4.0473
-233.231  270.919       4.0473
-233.231  275.238       4.0473
-229.975 -152.286       3.2209
-229.975 -147.968       2.9791
-229.975 -143.649       2.8076
-229.975 -139.331       3.6341
-229.975 -135.012       4.0473
-229.975 -130.694       4.0473
-229.975 -126.375       4.0473
-229.975 -122.057       2.8076
-229.975 -117.739       1.9110
-229.975 -113.420       2.1050
-229.975 -109.102       1.9110
-229.975 -104.783       1.5869
-229.975 -100.465       1.6266
-229.975  -96.147       1.6064
-229.975  -91.828       1.3918
-229.975  -87.510       1.6692
-229.975  -83.191       1.8191
-229.975  -78.873       1.7395
-229.975  -74.554       1.3781
-229.975  -70.236       1.4655
-229.975  -65.918       1.3019
-229.975  -61.599       1.7151
-229.975  -57.281       2.5659
-229.975  -52.962       2.8076
-229.975  -48.644       4.0473
-229.975  -44.326       3.6341
-229.975  -40.007       3.2209
-229.975  -35.689       2.9791
-229.975  -31.370       2.8076
-229.975  -27.052       3.6341
-229.975  -22.733       4.0473
-229.975  -18.415       2.9791
-229.975  -14.097       2.4740
-229.975   -9.778       3.6341
-229.975   -5.460       3.6341
-229.975   -1.141       2.8076
-229.975    3.177       2.9791
-229.975    7.496       3.6341
-229.975   11.814       4.0473
-229.975   16.132       4.0473
-229.975   20.451       4.0473
-229.975   24.769       4.0473
-229.975   29.088       3.6341
-229.975   33.406       2.9791
-229.975   37.724       2.6746
-229.975   42.043       2.3242
-229.975   46.361       2.3944
-229.975   50.680       2.1050
-229.975   54.998       2.2046
-229.975   59.317       2.5659
-229.975   63.635       2.8076
-229.975   67.953       2.5659
-229.975   72.272       2.9791
-229.975   76.590       2.9791
-229.975   80.909       1.9812
-229.975   85.227       2.3242
-229.975   89.546       3.2209
-229.975   93.864       3.6341
-229.975   98.182       2.8076
-229.975  102.501       2.3944
-229.975  106.819       2.0608
-229.975  111.138       2.3242
-229.975  115.456       2.1527
-229.975  119.774       2.9791
-229.975  124.093       2.4740
-229.975  128.411       1.8787
-229.975  132.730       2.1527
-229.975  137.048       1.9110
-229.975  141.367       2.9791
-229.975  145.685       2.8076
-229.975  150.003       2.0608
-229.975  154.322       1.7151
-229.975  158.640       2.1527
-229.975  162.959       2.4740
-229.975  167.277       2.8076
-229.975  171.595       1.3139
-229.975  175.914       1.7395
-229.975  180.232       1.9450
-229.975  184.551       2.0608
-229.975  188.869       1.8191
-229.975  193.188       1.4814
-229.975  197.506       0.8158
-229.975  201.824       0.8653
-229.975  206.143       0.7462
-229.975  210.461       0.5517
-229.975  214.780       0.4159
-229.975  219.098       0.6631
-229.975  223.417       0.9192
-229.975  227.735       0.9192
-229.975  232.053       1.1641
-229.975  236.372       2.1527
-229.975  240.690       2.3944
-229.975  245.009       4.0473
-229.975  249.327       4.0473
-229.975  253.645       4.0473
-229.975  257.964       4.0473
-229.975  262.282       4.0473
-229.975  266.601       4.0473
-229.975  270.919       4.0473
-229.975  275.238       4.0473
-226.719 -152.286       4.0473
-226.719 -147.968       3.2209
-226.719 -143.649       3.6341
-226.719 -139.331       4.0473
-226.719 -135.012       4.0473
-226.719 -130.694       4.0473
-226.719 -126.375       2.5659
-226.719 -122.057       2.9791
-226.719 -117.739       2.1050
-226.719 -113.420       1.7913
-226.719 -109.102       1.5680
-226.719 -104.783       1.5318
-226.719 -100.465       1.5496
-226.719  -96.147       1.6064
-226.719  -91.828       1.6917
-226.719  -87.510       2.1527
-226.719  -83.191       1.7395
-226.719  -78.873       1.7913
-226.719  -74.554       1.4977
-226.719  -70.236       1.3918
-226.719  -65.918       1.6917
-226.719  -61.599       1.9812
-226.719  -57.281       2.2614
-226.719  -52.962       2.3944
-226.719  -48.644       2.8076
-226.719  -44.326       2.3944
-226.719  -40.007       2.6746
-226.719  -35.689       2.5659
-226.719  -31.370       2.9791
-226.719  -27.052       4.0473
-226.719  -22.733       4.0473
-226.719  -18.415       2.4740
-226.719  -14.097       2.6746
-226.719   -9.778       3.6341
-226.719   -5.460       4.0473
-226.719   -1.141       3.6341
-226.719    3.177       2.9791
-226.719    7.496       2.6746
-226.719   11.814       2.3242
-226.719   16.132       2.3242
-226.719   20.451       2.8076
-226.719   24.769       4.0473
-226.719   29.088       3.6341
-226.719   33.406       2.3242
-226.719   37.724       2.0197
-226.719   42.043       2.0608
-226.719   46.361       2.3944
-226.719   50.680       2.8076
-226.719   54.998       2.2046
-226.719   59.317       2.2614
-226.719   63.635       2.4740
-226.719   67.953       3.2209
-226.719   72.272       2.9791
-226.719   76.590       2.6746
-226.719   80.909       3.6341
-226.719   85.227       2.0608
-226.719   89.546       2.6746
-226.719   93.864       3.6341
-226.719   98.182       2.3944
-226.719  102.501       2.8076
-226.719  106.819       1.9812
-226.719  111.138       2.2046
-226.719  115.456       2.0608
-226.719  119.774       2.4740
-226.719  124.093       2.6746
-226.719  128.411       2.1527
-226.719  132.730       2.5659
-226.719  137.048       2.4740
-226.719  141.367       3.6341
-226.719  145.685       4.0473
-226.719  150.003       2.2614
-226.719  154.322       2.2046
-226.719  158.640       2.1050
-226.719  162.959       2.0197
-226.719  167.277       2.4740
-226.719  171.595       1.7913
-226.719  175.914       1.7913
-226.719  180.232       2.2046
-226.719  184.551       2.4740
-226.719  188.869       2.8076
-226.719  193.188       1.5680
-226.719  197.506       1.1641
-226.719  201.824       1.0928
-226.719  206.143       0.8710
-226.719  210.461       0.5865
-226.719  214.780       0.5187
-226.719  219.098       0.7187
-226.719  223.417       0.9007
-226.719  227.735       1.3262
-226.719  232.053       1.7395
-226.719  236.372       1.5318
-226.719  240.690       2.2046
-226.719  245.009       4.0473
-226.719  249.327       4.0473
-226.719  253.645       4.0473
-226.719  257.964       4.0473
-226.719  262.282       4.0473
-226.719  266.601       4.0473
-226.719  270.919       4.0473
-226.719  275.238       4.0473
-223.464 -152.286       4.0473
-223.464 -147.968       4.0473
-223.464 -143.649       4.0473
-223.464 -139.331       4.0473
-223.464 -135.012       4.0473
-223.464 -130.694       4.0473
-223.464 -126.375       2.8076
-223.464 -122.057       2.9791
-223.464 -117.739       2.1050
-223.464 -113.420       1.5318
-223.464 -109.102       1.6476
-223.464 -104.783       1.8482
-223.464 -100.465       1.4655
-223.464  -96.147       1.7648
-223.464  -91.828       1.8482
-223.464  -87.510       1.4814
-223.464  -83.191       1.6064
-223.464  -78.873       1.6692
-223.464  -74.554       1.3139
-223.464  -70.236       1.4202
-223.464  -65.918       2.0197
-223.464  -61.599       1.8191
-223.464  -57.281       2.8076
-223.464  -52.962       2.8076
-223.464  -48.644       4.0473
-223.464  -44.326       2.5659
-223.464  -40.007       2.6746
-223.464  -35.689       2.4740
-223.464  -31.370       4.0473
-223.464  -27.052       3.6341
-223.464  -22.733       3.6341
-223.464  -18.415       3.2209
-223.464  -14.097       2.8076
-223.464   -9.778       4.0473
-223.464   -5.460       4.0473
-223.464   -1.141       4.0473
-223.464    3.177       2.3944
-223.464    7.496       2.5659
-223.464   11.814       2.2614
-223.464   16.132       2.3242
-223.464   20.451       2.3242
-223.464   24.769       4.0473
-223.464   29.088       2.5659
-223.464   33.406       2.4740
-223.464   37.724       2.3944
-223.464   42.043       2.1527
-223.464   46.361       3.2209
-223.464   50.680       2.9791
-223.464   54.998       2.1050
-223.464   59.317       2.4740
-223.464   63.635       3.6341
-223.464   67.953       3.6341
-223.464   72.272       4.0473
-223.464   76.590       3.2209
-223.464   80.909       3.6341
-223.464   85.227       2.3944
-223.464   89.546       2.6746
-223.464   93.864       3.2209
-223.464   98.182       2.1050
-223.464  102.501       2.8076
-223.464  106.819       2.3944
-223.464  111.138       2.3944
-223.464  115.456       2.0608
-223.464  119.774       2.5659
-223.464  124.093       2.4740
-223.464  128.411       2.6746
-223.464  132.730       3.2209
-223.464  137.048       2.8076
-223.464  141.367       4.0473
-223.464  145.685       3.6341
-223.464  150.003       2.3944
-223.464  154.322       1.8191
-223.464  158.640       1.8482
-223.464  162.959       1.9450
-223.464  167.277       2.2046
-223.464  171.595       2.2046
-223.464  175.914       1.8191
-223.464  180.232       2.2046
-223.464  184.551       2.5659
-223.464  188.869       3.6341
-223.464  193.188       1.9450
-223.464  197.506       1.4500
-223.464  201.824       1.1364
-223.464  206.143       1.0143
-223.464  210.461       0.6351
-223.464  214.780       0.4814
-223.464  219.098       0.5187
-223.464  223.417       0.7750
-223.464  227.735       1.1274
-223.464  232.053       1.7648
-223.464  236.372       2.9791
-223.464  240.690       3.6341
-223.464  245.009       4.0473
-223.464  249.327       4.0473
-223.464  253.645       4.0473
-223.464  257.964       4.0473
-223.464  262.282       4.0473
-223.464  266.601       4.0473
-223.464  270.919       4.0473
-223.464  275.238       4.0473
-220.208 -152.286       4.0473
-220.208 -147.968       4.0473
-220.208 -143.649       4.0473
-220.208 -139.331       4.0473
-220.208 -135.012       4.0473
-220.208 -130.694       4.0473
-220.208 -126.375       3.2209
-220.208 -122.057       2.9791
-220.208 -117.739       2.1050
-220.208 -113.420       1.6692
-220.208 -109.102       1.4977
-220.208 -104.783       1.9110
-220.208 -100.465       1.6064
-220.208  -96.147       1.6266
-220.208  -91.828       1.7913
-220.208  -87.510       1.6266
-220.208  -83.191       1.4814
-220.208  -78.873       1.4814
-220.208  -74.554       1.4977
-220.208  -70.236       1.3139
-220.208  -65.918       1.8482
-220.208  -61.599       2.1050
-220.208  -57.281       2.6746
-220.208  -52.962       2.1050
-220.208  -48.644       2.5659
-220.208  -44.326       2.4740
-220.208  -40.007       2.4740
-220.208  -35.689       3.2209
-220.208  -31.370       2.6746
-220.208  -27.052       4.0473
-220.208  -22.733       2.9791
-220.208  -18.415       2.9791
-220.208  -14.097       3.2209
-220.208   -9.778       2.9791
-220.208   -5.460       3.6341
-220.208   -1.141       3.6341
-220.208    3.177       2.8076
-220.208    7.496       2.2614
-220.208   11.814       2.1050
-220.208   16.132       2.3242
-220.208   20.451       2.9791
-220.208   24.769       4.0473
-220.208   29.088       2.9791
-220.208   33.406       2.2614
-220.208   37.724       3.6341
-220.208   42.043       4.0473
-220.208   46.361       4.0473
-220.208   50.680       4.0473
-220.208   54.998       2.8076
-220.208   59.317       4.0473
-220.208   63.635       3.2209
-220.208   67.953       3.6341
-220.208   72.272       3.2209
-220.208   76.590       4.0473
-220.208   80.909       3.6341
-220.208   85.227       4.0473
-220.208   89.546       4.0473
-220.208   93.864       3.6341
-220.208   98.182       2.2046
-220.208  102.501       2.8076
-220.208  106.819       2.9791
-220.208  111.138       2.6746
-220.208  115.456       2.5659
-220.208  119.774       1.9450
-220.208  124.093       1.9450
-220.208  128.411       2.9791
-220.208  132.730       3.6341
-220.208  137.048       3.6341
-220.208  141.367       4.0473
-220.208  145.685       4.0473
-220.208  150.003       2.6746
-220.208  154.322       1.8787
-220.208  158.640       2.3242
-220.208  162.959       2.2614
-220.208  167.277       1.7913
-220.208  171.595       2.0608
-220.208  175.914       2.1050
-220.208  180.232       2.2046
-220.208  184.551       2.8076
-220.208  188.869       3.2209
-220.208  193.188       2.3944
-220.208  197.506       2.5659
-220.208  201.824       1.7395
-220.208  206.143       0.9384
-220.208  210.461       0.3921
-220.208  214.780       0.4296
-220.208  219.098       0.3190
-220.208  223.417       0.5123
-220.208  227.735       0.7509
-220.208  232.053       1.3388
-220.208  236.372       2.5659
-220.208  240.690       4.0473
-220.208  245.009       4.0473
-220.208  249.327       4.0473
-220.208  253.645       4.0473
-220.208  257.964       4.0473
-220.208  262.282       4.0473
-220.208  266.601       4.0473
-220.208  270.919       4.0473
-220.208  275.238       4.0473
-216.953 -152.286       4.0473
-216.953 -147.968       4.0473
-216.953 -143.649       4.0473
-216.953 -139.331       4.0473
-216.953 -135.012       4.0473
-216.953 -130.694       4.0473
-216.953 -126.375       4.0473
-216.953 -122.057       2.9791
-216.953 -117.739       2.2046
-216.953 -113.420       1.7395
-216.953 -109.102       1.7151
-216.953 -104.783       1.9450
-216.953 -100.465       1.6064
-216.953  -96.147       1.7913
-216.953  -91.828       2.0197
-216.953  -87.510       2.4740
-216.953  -83.191       1.6476
-216.953  -78.873       1.5869
-216.953  -74.554       1.6064
-216.953  -70.236       1.3139
-216.953  -65.918       1.6692
-216.953  -61.599       2.0197
-216.953  -57.281       2.2614
-216.953  -52.962       1.7151
-216.953  -48.644       1.9812
-216.953  -44.326       2.8076
-216.953  -40.007       2.1050
-216.953  -35.689       2.8076
-216.953  -31.370       2.9791
-216.953  -27.052       2.8076
-216.953  -22.733       2.9791
-216.953  -18.415       2.3242
-216.953  -14.097       2.4740
-216.953   -9.778       2.3944
-216.953   -5.460       3.6341
-216.953   -1.141       2.9791
-216.953    3.177       2.4740
-216.953    7.496       2.0608
-216.953   11.814       2.5659
-216.953   16.132       2.2614
-216.953   20.451       3.2209
-216.953   24.769       4.0473
-216.953   29.088       2.8076
-216.953   33.406       2.6746
-216.953   37.724       3.6341
-216.953   42.043       4.0473
-216.953   46.361       4.0473
-216.953   50.680       4.0473
-216.953   54.998       4.0473
-216.953   59.317       4.0473
-216.953   63.635       4.0473
-216.953   67.953       4.0473
-216.953   72.272       3.2209
-216.953   76.590       3.6341
-216.953   80.909       4.0473
-216.953   85.227       3.2209
-216.953   89.546       4.0473
-216.953   93.864       4.0473
-216.953   98.182       3.6341
-216.953  102.501       3.6341
-216.953  106.819       2.6746
-216.953  111.138       2.3944
-216.953  115.456       1.9110
-216.953  119.774       2.0197
-216.953  124.093       2.6746
-216.953  128.411       2.8076
-216.953  132.730       3.6341
-216.953  137.048       3.2209
-216.953  141.367       3.6341
-216.953  145.685       3.6341
-216.953  150.003       3.6341
-216.953  154.322       1.8191
-216.953  158.640       1.5680
-216.953  162.959       2.4740
-216.953  167.277       1.9450
-216.953  171.595       1.7648
-216.953  175.914       2.0197
-216.953  180.232       1.7395
-216.953  184.551       1.9812
-216.953  188.869       3.6341
-216.953  193.188       4.0473
-216.953  197.506       4.0473
-216.953  201.824       1.5680
-216.953  206.143       0.9192
-216.953  210.461       0.3283
-216.953  214.780       0.3424
-216.953  219.098       0.2278
-216.953  223.417       0.0758
-216.953  227.735       0.2397
-216.953  232.053       0.7701
-216.953  236.372       2.3242
-216.953  240.690       4.0473
-216.953  245.009       2.9791
-216.953  249.327       3.2209
-216.953  253.645       4.0473
-216.953  257.964       4.0473
-216.953  262.282       4.0473
-216.953  266.601       4.0473
-216.953  270.919       4.0473
-216.953  275.238       4.0473
-213.697 -152.286       4.0473
-213.697 -147.968       4.0473
-213.697 -143.649       4.0473
-213.697 -139.331       4.0473
-213.697 -135.012       4.0473
-213.697 -130.694       4.0473
-213.697 -126.375       4.0473
-213.697 -122.057       2.8076
-213.697 -117.739       2.0197
-213.697 -113.420       1.8191
-213.697 -109.102       1.7395
-213.697 -104.783       2.1527
-213.697 -100.465       1.7913
-213.697  -96.147       2.2046
-213.697  -91.828       2.2046
-213.697  -87.510       2.8076
-213.697  -83.191       1.7151
-213.697  -78.873       1.3139
-213.697  -74.554       1.2343
-213.697  -70.236       1.4202
-213.697  -65.918       1.5869
-213.697  -61.599       1.9110
-213.697  -57.281       2.0197
-213.697  -52.962       1.8191
-213.697  -48.644       2.1527
-213.697  -44.326       2.5659
-213.697  -40.007       2.2614
-213.697  -35.689       3.6341
-213.697  -31.370       4.0473
-213.697  -27.052       3.6341
-213.697  -22.733       2.8076
-213.697  -18.415       2.5659
-213.697  -14.097       2.2614
-213.697   -9.778       2.5659
-213.697   -5.460       2.3944
-213.697   -1.141       2.8076
-213.697    3.177       2.4740
-213.697    7.496       3.6341
-213.697   11.814       2.6746
-213.697   16.132       2.9791
-213.697   20.451       2.9791
-213.697   24.769       4.0473
-213.697   29.088       3.6341
-213.697   33.406       4.0473
-213.697   37.724       3.6341
-213.697   42.043       4.0473
-213.697   46.361       4.0473
-213.697   50.680       4.0473
-213.697   54.998       4.0473
-213.697   59.317       4.0473
-213.697   63.635       4.0473
-213.697   67.953       4.0473
-213.697   72.272       2.9791
-213.697   76.590       2.8076
-213.697   80.909       4.0473
-213.697   85.227       4.0473
-213.697   89.546       4.0473
-213.697   93.864       4.0473
-213.697   98.182       3.6341
-213.697  102.501       3.6341
-213.697  106.819       2.3242
-213.697  111.138       1.8482
-213.697  115.456       1.8787
-213.697  119.774       1.8482
-213.697  124.093       2.2046
-213.697  128.411       2.5659
-213.697  132.730       2.9791
-213.697  137.048       2.5659
-213.697  141.367       4.0473
-213.697  145.685       2.8076
-213.697  150.003       3.2209
-213.697  154.322       2.2046
-213.697  158.640       1.6476
-213.697  162.959       1.9110
-213.697  167.277       1.5318
-213.697  171.595       1.5869
-213.697  175.914       1.6266
-213.697  180.232       1.4500
-213.697  184.551       1.5318
-213.697  188.869       2.5659
-213.697  193.188       2.6746
-213.697  197.506       1.7913
-213.697  201.824       1.2238
-213.697  206.143       0.7142
-213.697  210.461       0.3742
-213.697  214.780       0.2727
-213.697  219.098       0.2200
-213.697  223.417      -0.0000
-213.697  227.735       0.1350
-213.697  232.053       0.4213
-213.697  236.372       1.5496
-213.697  240.690       2.5659
-213.697  245.009       3.2209
-213.697  249.327       1.8482
-213.697  253.645       2.6746
-213.697  257.964       4.0473
-213.697  262.282       4.0473
-213.697  266.601       4.0473
-213.697  270.919       4.0473
-213.697  275.238       4.0473
-210.442 -152.286       4.0473
-210.442 -147.968       4.0473
-210.442 -143.649       4.0473
-210.442 -139.331       4.0473
-210.442 -135.012       4.0473
-210.442 -130.694       4.0473
-210.442 -126.375       4.0473
-210.442 -122.057       3.2209
-210.442 -117.739       2.3242
-210.442 -113.420       2.3242
-210.442 -109.102       2.5659
-210.442 -104.783       2.9791
-210.442 -100.465       2.2046
-210.442  -96.147       2.3242
-210.442  -91.828       2.5659
-210.442  -87.510       1.9812
-210.442  -83.191       1.6476
-210.442  -78.873       1.6064
-210.442  -74.554       1.5869
-210.442  -70.236       2.2614
-210.442  -65.918       2.0608
-210.442  -61.599       2.0608
-210.442  -57.281       2.2614
-210.442  -52.962       2.3242
-210.442  -48.644       2.2614
-210.442  -44.326       2.4740
-210.442  -40.007       4.0473
-210.442  -35.689       4.0473
-210.442  -31.370       4.0473
-210.442  -27.052       4.0473
-210.442  -22.733       4.0473
-210.442  -18.415       2.9791
-210.442  -14.097       3.6341
-210.442   -9.778       2.5659
-210.442   -5.460       2.5659
-210.442   -1.141       2.9791
-210.442    3.177       4.0473
-210.442    7.496       3.6341
-210.442   11.814       3.6341
-210.442   16.132       2.4740
-210.442   20.451       3.2209
-210.442   24.769       4.0473
-210.442   29.088       4.0473
-210.442   33.406       4.0473
-210.442   37.724       4.0473
-210.442   42.043       4.0473
-210.442   46.361       4.0473
-210.442   50.680       4.0473
-210.442   54.998       4.0473
-210.442   59.317       4.0473
-210.442   63.635       4.0473
-210.442   67.953       4.0473
-210.442   72.272       4.0473
-210.442   76.590       2.8076
-210.442   80.909       2.8076
-210.442   85.227       4.0473
-210.442   89.546       4.0473
-210.442   93.864       2.8076
-210.442   98.182       2.3944
-210.442  102.501       3.6341
-210.442  106.819       2.3242
-210.442  111.138       1.8191
-210.442  115.456       2.2614
-210.442  119.774       2.1050
-210.442  124.093       1.9450
-210.442  128.411       1.8787
-210.442  132.730       2.2614
-210.442  137.048       2.2614
-210.442  141.367       2.4740
-210.442  145.685       3.2209
-210.442  150.003       3.6341
-210.442  154.322       2.1050
-210.442  158.640       1.5680
-210.442  162.959       2.0197
-210.442  167.277       1.2785
-210.442  171.595       1.3262
-210.442  175.914       1.7395
-210.442  180.232       1.6692
-210.442  184.551       1.4349
-210.442  188.869       1.4977
-210.442  193.188       1.2032
-210.442  197.506       0.9998
-210.442  201.824       0.8319
-210.442  206.143       0.5794
-210.442  210.461       0.5317
-210.442  214.780       0.4079
-210.442  219.098       0.2943
-210.442  223.417       0.1452
-210.442  227.735       0.3099
-210.442  232.053       0.4905
-210.442  236.372       0.7232
-210.442  240.690       1.2343
-210.442  245.009       2.3242
-210.442  249.327       1.4655
-210.442  253.645       2.1527
-210.442  257.964       4.0473
-210.442  262.282       4.0473
-210.442  266.601       4.0473
-210.442  270.919       4.0473
-210.442  275.238       4.0473
-207.186 -152.286       4.0473
-207.186 -147.968       4.0473
-207.186 -143.649       4.0473
-207.186 -139.331       4.0473
-207.186 -135.012       4.0473
-207.186 -130.694       4.0473
-207.186 -126.375       3.6341
-207.186 -122.057       2.6746
-207.186 -117.739       2.9791
-207.186 -113.420       2.9791
-207.186 -109.102       3.6341
-207.186 -104.783       4.0473
-207.186 -100.465       3.6341
-207.186  -96.147       2.2046
-207.186  -91.828       2.3242
-207.186  -87.510       1.7913
-207.186  -83.191       1.5869
-207.186  -78.873       1.6064
-207.186  -74.554       1.9812
-207.186  -70.236       2.8076
-207.186  -65.918       2.2614
-207.186  -61.599       3.2209
-207.186  -57.281       4.0473
-207.186  -52.962       2.8076
-207.186  -48.644       3.2209
-207.186  -44.326       3.6341
-207.186  -40.007       4.0473
-207.186  -35.689       4.0473
-207.186  -31.370       4.0473
-207.186  -27.052       4.0473
-207.186  -22.733       4.0473
-207.186  -18.415       4.0473
-207.186  -14.097       3.2209
-207.186   -9.778       2.6746
-207.186   -5.460       2.3242
-207.186   -1.141       3.2209
-207.186    3.177       4.0473
-207.186    7.496       4.0473
-207.186   11.814       3.6341
-207.186   16.132       2.6746
-207.186   20.451       4.0473
-207.186   24.769       4.0473
-207.186   29.088       4.0473
-207.186   33.406       4.0473
-207.186   37.724       4.0473
-207.186   42.043       4.0473
-207.186   46.361       4.0473
-207.186   50.680       4.0473
-207.186   54.998       4.0473
-207.186   59.317       4.0473
-207.186   63.635       4.0473
-207.186   67.953       4.0473
-207.186   72.272       3.6341
-207.186   76.590       2.9791
-207.186   80.909       2.5659
-207.186   85.227       4.0473
-207.186   89.546       3.6341
-207.186   93.864       2.5659
-207.186   98.182       2.0197
-207.186  102.501       2.5659
-207.186  106.819       2.3944
-207.186  111.138       2.9791
-207.186  115.456       2.6746
-207.186  119.774       2.6746
-207.186  124.093       2.5659
-207.186  128.411       2.1527
-207.186  132.730       2.2614
-207.186  137.048       2.0608
-207.186  141.367       2.6746
-207.186  145.685       3.6341
-207.186  150.003       2.6746
-207.186  154.322       2.4740
-207.186  158.640       1.7151
-207.186  162.959       1.7913
-207.186  167.277       1.4500
-207.186  171.595       1.3781
-207.186  175.914       1.5680
-207.186  180.232       1.2134
-207.186  184.551       1.2785
-207.186  188.869       1.3388
-207.186  193.188       0.5829
-207.186  197.506       0.3999
-207.186  201.824       0.3717
-207.186  206.143       0.2856
-207.186  210.461       0.3947
-207.186  214.780       0.3818
-207.186  219.098       0.2397
-207.186  223.417       0.1915
-207.186  227.735       0.5654
-207.186  232.053       0.8319
-207.186  236.372       0.5865
-207.186  240.690       0.7323
-207.186  245.009       1.2901
-207.186  249.327       1.7648
-207.186  253.645       1.8191
-207.186  257.964       3.6341
-207.186  262.282       4.0473
-207.186  266.601       4.0473
-207.186  270.919       4.0473
-207.186  275.238       4.0473
-203.931 -152.286       4.0473
-203.931 -147.968       4.0473
-203.931 -143.649       4.0473
-203.931 -139.331       4.0473
-203.931 -135.012       4.0473
-203.931 -130.694       4.0473
-203.931 -126.375       3.6341
-203.931 -122.057       3.2209
-203.931 -117.739       3.6341
-203.931 -113.420       4.0473
-203.931 -109.102       4.0473
-203.931 -104.783       3.6341
-203.931 -100.465       2.8076
-203.931  -96.147       2.4740
-203.931  -91.828       2.3242
-203.931  -87.510       1.9450
-203.931  -83.191       1.6917
-203.931  -78.873       1.9812
-203.931  -74.554       1.6692
-203.931  -70.236       2.1050
-203.931  -65.918       2.3242
-203.931  -61.599       2.5659
-203.931  -57.281       2.9791
-203.931  -52.962       3.2209
-203.931  -48.644       3.6341
-203.931  -44.326       4.0473
-203.931  -40.007       4.0473
-203.931  -35.689       4.0473
-203.931  -31.370       4.0473
-203.931  -27.052       4.0473
-203.931  -22.733       4.0473
-203.931  -18.415       4.0473
-203.931  -14.097       4.0473
-203.931   -9.778       2.4740
-203.931   -5.460       3.2209
-203.931   -1.141       3.2209
-203.931    3.177       4.0473
-203.931    7.496       4.0473
-203.931   11.814       3.2209
-203.931   16.132       3.6341
-203.931   20.451       4.0473
-203.931   24.769       4.0473
-203.931   29.088       4.0473
-203.931   33.406       4.0473
-203.931   37.724       4.0473
-203.931   42.043       4.0473
-203.931   46.361       4.0473
-203.931   50.680       4.0473
-203.931   54.998       4.0473
-203.931   59.317       4.0473
-203.931   63.635       4.0473
-203.931   67.953       4.0473
-203.931   72.272       2.9791
-203.931   76.590       3.2209
-203.931   80.909       2.6746
-203.931   85.227       2.2614
-203.931   89.546       2.4740
-203.931   93.864       2.3242
-203.931   98.182       2.1050
-203.931  102.501       2.0197
-203.931  106.819       2.4740
-203.931  111.138       2.9791
-203.931  115.456       3.6341
-203.931  119.774       2.9791
-203.931  124.093       4.0473
-203.931  128.411       2.4740
-203.931  132.730       2.3944
-203.931  137.048       1.9812
-203.931  141.367       2.9791
-203.931  145.685       2.9791
-203.931  150.003       3.6341
-203.931  154.322       2.6746
-203.931  158.640       2.1050
-203.931  162.959       1.8482
-203.931  167.277       1.5869
-203.931  171.595       1.3019
-203.931  175.914       1.4500
-203.931  180.232       1.1547
-203.931  184.551       1.2238
-203.931  188.869       0.6198
-203.931  193.188       0.4213
-203.931  197.506       0.3099
-203.931  201.824       0.2706
-203.931  206.143       0.2581
-203.931  210.461       0.6430
-203.931  214.780       0.6274
-203.931  219.098       0.4435
-203.931  223.417       0.5517
-203.931  227.735       0.7187
-203.931  232.053       1.0523
-203.931  236.372       0.9007
-203.931  240.690       0.6509
-203.931  245.009       0.6351
-203.931  249.327       1.7151
-203.931  253.645       1.9812
-203.931  257.964       2.3242
-203.931  262.282       4.0473
-203.931  266.601       4.0473
-203.931  270.919       4.0473
-203.931  275.238       4.0473
-200.675 -152.286       4.0473
-200.675 -147.968       4.0473
-200.675 -143.649       4.0473
-200.675 -139.331       4.0473
-200.675 -135.012       4.0473
-200.675 -130.694       4.0473
-200.675 -126.375       4.0473
-200.675 -122.057       4.0473
-200.675 -117.739       4.0473
-200.675 -113.420       4.0473
-200.675 -109.102       4.0473
-200.675 -104.783       2.8076
-200.675 -100.465       1.9812
-200.675  -96.147       2.2614
-200.675  -91.828       2.0608
-200.675  -87.510       1.7913
-200.675  -83.191       2.1527
-200.675  -78.873       1.8482
-200.675  -74.554       1.9812
-200.675  -70.236       1.9110
-200.675  -65.918       1.9110
-200.675  -61.599       2.0608
-200.675  -57.281       2.6746
-200.675  -52.962       2.5659
-200.675  -48.644       2.5659
-200.675  -44.326       3.6341
-200.675  -40.007       4.0473
-200.675  -35.689       4.0473
-200.675  -31.370       4.0473
-200.675  -27.052       4.0473
-200.675  -22.733       4.0473
-200.675  -18.415       4.0473
-200.675  -14.097       4.0473
-200.675   -9.778       3.6341
-200.675   -5.460       3.2209
-200.675   -1.141       4.0473
-200.675    3.177       4.0473
-200.675    7.496       4.0473
-200.675   11.814       4.0473
-200.675   16.132       4.0473
-200.675   20.451       4.0473
-200.675   24.769       4.0473
-200.675   29.088       4.0473
-200.675   33.406       4.0473
-200.675   37.724       4.0473
-200.675   42.043       4.0473
-200.675   46.361       4.0473
-200.675   50.680       4.0473
-200.675   54.998       4.0473
-200.675   59.317       4.0473
-200.675   63.635       4.0473
-200.675   67.953       2.9791
-200.675   72.272       3.6341
-200.675   76.590       2.9791
-200.675   80.909       2.4740
-200.675   85.227       2.3242
-200.675   89.546       2.9791
-200.675   93.864       2.0608
-200.675   98.182       1.7913
-200.675  102.501       1.8787
-200.675  106.819       2.5659
-200.675  111.138       2.3944
-200.675  115.456       3.2209
-200.675  119.774       3.2209
-200.675  124.093       3.6341
-200.675  128.411       4.0473
-200.675  132.730       3.2209
-200.675  137.048       2.2614
-200.675  141.367       4.0473
-200.675  145.685       4.0473
-200.675  150.003       4.0473
-200.675  154.322       3.6341
-200.675  158.640       2.4740
-200.675  162.959       2.3242
-200.675  167.277       2.1527
-200.675  171.595       1.6266
-200.675  175.914       1.5318
-200.675  180.232       1.3019
-200.675  184.551       0.9786
-200.675  188.869       0.5654
-200.675  193.188       0.4379
-200.675  197.506       0.4754
-200.675  201.824       0.5619
-200.675  206.143       1.1834
-200.675  210.461       1.5496
-200.675  214.780       1.1834
-200.675  219.098       0.8158
-200.675  223.417       0.6351
-200.675  227.735       0.9786
-200.675  232.053       1.3388
-200.675  236.372       1.4655
-200.675  240.690       0.8428
-200.675  245.009       0.6550
-200.675  249.327       1.0523
-200.675  253.645       1.8787
-200.675  257.964       2.8076
-200.675  262.282       4.0473
-200.675  266.601       4.0473
-200.675  270.919       4.0473
-200.675  275.238       4.0473
-197.420 -152.286       4.0473
-197.420 -147.968       4.0473
-197.420 -143.649       4.0473
-197.420 -139.331       4.0473
-197.420 -135.012       4.0473
-197.420 -130.694       4.0473
-197.420 -126.375       4.0473
-197.420 -122.057       4.0473
-197.420 -117.739       4.0473
-197.420 -113.420       4.0473
-197.420 -109.102       4.0473
-197.420 -104.783       2.4740
-197.420 -100.465       2.3242
-197.420  -96.147       1.7913
-197.420  -91.828       1.8191
-197.420  -87.510       2.1050
-197.420  -83.191       1.7913
-197.420  -78.873       1.8787
-197.420  -74.554       2.0608
-197.420  -70.236       1.6917
-197.420  -65.918       1.5869
-197.420  -61.599       1.6692
-197.420  -57.281       2.3944
-197.420  -52.962       2.3944
-197.420  -48.644       3.2209
-197.420  -44.326       2.8076
-197.420  -40.007       4.0473
-197.420  -35.689       4.0473
-197.420  -31.370       4.0473
-197.420  -27.052       4.0473
-197.420  -22.733       4.0473
-197.420  -18.415       4.0473
-197.420  -14.097       4.0473
-197.420   -9.778       4.0473
-197.420   -5.460       4.0473
-197.420   -1.141       4.0473
-197.420    3.177       4.0473
-197.420    7.496       4.0473
-197.420   11.814       4.0473
-197.420   16.132       4.0473
-197.420   20.451       4.0473
-197.420   24.769       4.0473
-197.420   29.088       4.0473
-197.420   33.406       4.0473
-197.420   37.724       4.0473
-197.420   42.043       4.0473
-197.420   46.361       4.0473
-197.420   50.680       4.0473
-197.420   54.998       4.0473
-197.420   59.317       4.0473
-197.420   63.635       4.0473
-197.420   67.953       4.0473
-197.420   72.272       2.3944
-197.420   76.590       2.0608
-197.420   80.909       1.8482
-197.420   85.227       1.7913
-197.420   89.546       2.4740
-197.420   93.864       2.2614
-197.420   98.182       2.0197
-197.420  102.501       1.9110
-197.420  106.819       3.6341
-197.420  111.138       2.8076
-197.420  115.456       2.3242
-197.420  119.774       2.5659
-197.420  124.093       2.8076
-197.420  128.411       3.6341
-197.420  132.730       3.6341
-197.420  137.048       2.9791
-197.420  141.367       4.0473
-197.420  145.685       4.0473
-197.420  150.003       4.0473
-197.420  154.322       4.0473
-197.420  158.640       2.4740
-197.420  162.959       2.9791
-197.420  167.277       2.5659
-197.420  171.595       2.3242
-197.420  175.914       1.4977
-197.420  180.232       1.2785
-197.420  184.551       0.9786
-197.420  188.869       0.6085
-197.420  193.188       0.3306
-197.420  197.506       0.6838
-197.420  201.824       1.4977
-197.420  206.143       2.4740
-197.420  210.461       2.2614
-197.420  214.780       1.3781
-197.420  219.098       0.9649
-197.420  223.417       0.9384
-197.420  227.735       1.2343
-197.420  232.053       1.2032
-197.420  236.372       1.2134
-197.420  240.690       1.6692
-197.420  245.009       0.9926
-197.420  249.327       0.7369
-197.420  253.645       1.2343
-197.420  257.964       2.3944
-197.420  262.282       2.8076
-197.420  266.601       4.0473
-197.420  270.919       4.0473
-197.420  275.238       4.0473
-194.165 -152.286       4.0473
-194.165 -147.968       4.0473
-194.165 -143.649       4.0473
-194.165 -139.331       4.0473
-194.165 -135.012       4.0473
-194.165 -130.694       3.6341
-194.165 -126.375       1.9812
-194.165 -122.057       3.6341
-194.165 -117.739       4.0473
-194.165 -113.420       4.0473
-194.165 -109.102       4.0473
-194.165 -104.783       2.4740
-194.165 -100.465       1.9812
-194.165  -96.147       1.9110
-194.165  -91.828       2.0608
-194.165  -87.510       2.5659
-194.165  -83.191       2.5659
-194.165  -78.873       2.1527
-194.165  -74.554       1.6476
-194.165  -70.236       1.3647
-194.165  -65.918       1.5318
-194.165  -61.599       2.0197
-194.165  -57.281       1.8482
-194.165  -52.962       2.3944
-194.165  -48.644       2.2046
-194.165  -44.326       2.4740
-194.165  -40.007       2.9791
-194.165  -35.689       4.0473
-194.165  -31.370       4.0473
-194.165  -27.052       4.0473
-194.165  -22.733       4.0473
-194.165  -18.415       4.0473
-194.165  -14.097       4.0473
-194.165   -9.778       4.0473
-194.165   -5.460       4.0473
-194.165   -1.141       4.0473
-194.165    3.177       4.0473
-194.165    7.496       4.0473
-194.165   11.814       4.0473
-194.165   16.132       4.0473
-194.165   20.451       4.0473
-194.165   24.769       4.0473
-194.165   29.088       4.0473
-194.165   33.406       4.0473
-194.165   37.724       4.0473
-194.165   42.043       4.0473
-194.165   46.361       4.0473
-194.165   50.680       4.0473
-194.165   54.998       4.0473
-194.165   59.317       4.0473
-194.165   63.635       2.9791
-194.165   67.953       1.9110
-194.165   72.272       2.4740
-194.165   76.590       1.8787
-194.165   80.909       1.3918
-194.165   85.227       1.5496
-194.165   89.546       2.2614
-194.165   93.864       3.2209
-194.165   98.182       2.4740
-194.165  102.501       2.9791
-194.165  106.819       3.6341
-194.165  111.138       2.3242
-194.165  115.456       2.3242
-194.165  119.774       2.1050
-194.165  124.093       2.2046
-194.165  128.411       2.8076
-194.165  132.730       2.8076
-194.165  137.048       3.6341
-194.165  141.367       4.0473
-194.165  145.685       4.0473
-194.165  150.003       4.0473
-194.165  154.322       4.0473
-194.165  158.640       2.5659
-194.165  162.959       2.5659
-194.165  167.277       2.0197
-194.165  171.595       2.1527
-194.165  175.914       1.6064
-194.165  180.232       1.2032
-194.165  184.551       0.6469
-194.165  188.869       0.5865
-194.165  193.188       0.7323
-194.165  197.506       1.3019
-194.165  201.824       2.5659
-194.165  206.143       2.2614
-194.165  210.461       2.0197
-194.165  214.780       1.6917
-194.165  219.098       1.4058
-194.165  223.417       1.2672
-194.165  227.735       1.0445
-194.165  232.053       1.3516
-194.165  236.372       1.4202
-194.165  240.690       1.3388
-194.165  245.009       1.3388
-194.165  249.327       0.9449
-194.165  253.645       0.8319
-194.165  257.964       1.3262
-194.165  262.282       2.5659
-194.165  266.601       4.0473
-194.165  270.919       4.0473
-194.165  275.238       4.0473
-190.909 -152.286       4.0473
-190.909 -147.968       4.0473
-190.909 -143.649       4.0473
-190.909 -139.331       4.0473
-190.909 -135.012       3.2209
-190.909 -130.694       2.3242
-190.909 -126.375       1.9110
-190.909 -122.057       2.8076
-190.909 -117.739       3.2209
-190.909 -113.420       3.6341
-190.909 -109.102       2.8076
-190.909 -104.783       2.3242
-190.909 -100.465       2.1050
-190.909  -96.147       1.6692
-190.909  -91.828       2.3944
-190.909  -87.510       3.2209
-190.909  -83.191       2.8076
-190.909  -78.873       2.2614
-190.909  -74.554       1.7151
-190.909  -70.236       1.6064
-190.909  -65.918       1.7395
-190.909  -61.599       1.7648
-190.909  -57.281       1.7151
-190.909  -52.962       1.9812
-190.909  -48.644       2.0197
-190.909  -44.326       2.5659
-190.909  -40.007       2.4740
-190.909  -35.689       4.0473
-190.909  -31.370       4.0473
-190.909  -27.052       4.0473
-190.909  -22.733       4.0473
-190.909  -18.415       4.0473
-190.909  -14.097       4.0473
-190.909   -9.778       4.0473
-190.909   -5.460       4.0473
-190.909   -1.141       4.0473
-190.909    3.177       4.0473
-190.909    7.496       4.0473
-190.909   11.814       4.0473
-190.909   16.132       4.0473
-190.909   20.451       4.0473
-190.909   24.769       4.0473
-190.909   29.088       4.0473
-190.909   33.406       4.0473
-190.909   37.724       4.0473
-190.909   42.043       4.0473
-190.909   46.361       4.0473
-190.909   50.680       4.0473
-190.909   54.998       4.0473
-190.909   59.317       4.0473
-190.909   63.635       2.9791
-190.909   67.953       2.4740
-190.909   72.272       2.1050
-190.909   76.590       2.0197
-190.909   80.909       1.4202
-190.909   85.227       1.7395
-190.909   89.546       1.9812
-190.909   93.864       3.2209
-190.909   98.182       4.0473
-190.909  102.501       2.9791
-190.909  106.819       4.0473
-190.909  111.138       2.3944
-190.909  115.456       2.9791
-190.909  119.774       2.1050
-190.909  124.093       2.0197
-190.909  128.411       2.9791
-190.909  132.730       2.3242
-190.909  137.048       4.0473
-190.909  141.367       4.0473
-190.909  145.685       4.0473
-190.909  150.003       4.0473
-190.909  154.322       3.6341
-190.909  158.640       3.2209
-190.909  162.959       2.5659
-190.909  167.277       1.9110
-190.909  171.595       2.1527
-190.909  175.914       1.8482
-190.909  180.232       1.0602
-190.909  184.551       0.5350
-190.909  188.869       0.7800
-190.909  193.188       1.3019
-190.909  197.506       1.4655
-190.909  201.824       2.2614
-190.909  206.143       2.9791
-190.909  210.461       1.8787
-190.909  214.780       1.7395
-190.909  219.098       1.5318
-190.909  223.417       1.0602
-190.909  227.735       0.9515
-190.909  232.053       1.3647
-190.909  236.372       1.2901
-190.909  240.690       1.4655
-190.909  245.009       1.2343
-190.909  249.327       1.0845
-190.909  253.645       0.8053
-190.909  257.964       0.8947
-190.909  262.282       1.5145
-190.909  266.601       4.0473
-190.909  270.919       4.0473
-190.909  275.238       4.0473
-187.654 -152.286       4.0473
-187.654 -147.968       4.0473
-187.654 -143.649       4.0473
-187.654 -139.331       4.0473
-187.654 -135.012       3.6341
-187.654 -130.694       2.6746
-187.654 -126.375       1.6917
-187.654 -122.057       2.1050
-187.654 -117.739       2.3944
-187.654 -113.420       2.3944
-187.654 -109.102       2.0608
-187.654 -104.783       2.0608
-187.654 -100.465       2.2614
-187.654  -96.147       1.7151
-187.654  -91.828       1.8191
-187.654  -87.510       2.8076
-187.654  -83.191       2.1050
-187.654  -78.873       2.3242
-187.654  -74.554       2.0608
-187.654  -70.236       1.9110
-187.654  -65.918       2.4740
-187.654  -61.599       2.1527
-187.654  -57.281       2.0197
-187.654  -52.962       1.8482
-187.654  -48.644       1.7648
-187.654  -44.326       2.1527
-187.654  -40.007       2.6746
-187.654  -35.689       4.0473
-187.654  -31.370       4.0473
-187.654  -27.052       4.0473
-187.654  -22.733       4.0473
-187.654  -18.415       4.0473
-187.654  -14.097       4.0473
-187.654   -9.778       4.0473
-187.654   -5.460       4.0473
-187.654   -1.141       4.0473
-187.654    3.177       4.0473
-187.654    7.496       4.0473
-187.654   11.814       4.0473
-187.654   16.132       4.0473
-187.654   20.451       4.0473
-187.654   24.769       4.0473
-187.654   29.088       4.0473
-187.654   33.406       4.0473
-187.654   37.724       4.0473
-187.654   42.043       4.0473
-187.654   46.361       4.0473
-187.654   50.680       4.0473
-187.654   54.998       4.0473
-187.654   59.317       4.0473
-187.654   63.635       4.0473
-187.654   67.953       3.2209
-187.654   72.272       2.6746
-187.654   76.590       2.2046
-187.654   80.909       2.2046
-187.654   85.227       1.8482
-187.654   89.546       2.1527
-187.654   93.864       2.4740
-187.654   98.182       3.6341
-187.654  102.501       2.3944
-187.654  106.819       4.0473
-187.654  111.138       1.9450
-187.654  115.456       2.2046
-187.654  119.774       1.9110
-187.654  124.093       1.8191
-187.654  128.411       2.2614
-187.654  132.730       2.6746
-187.654  137.048       3.2209
-187.654  141.367       4.0473
-187.654  145.685       4.0473
-187.654  150.003       4.0473
-187.654  154.322       4.0473
-187.654  158.640       3.6341
-187.654  162.959       3.2209
-187.654  167.277       2.2614
-187.654  171.595       1.9450
-187.654  175.914       2.0608
-187.654  180.232       0.8947
-187.654  184.551       0.2581
-187.654  188.869       0.6672
-187.654  193.188       1.3388
-187.654  197.506       1.4977
-187.654  201.824       2.3242
-187.654  206.143       2.6746
-187.654  210.461       1.7913
-187.654  214.780       1.5680
-187.654  219.098       1.6476
-187.654  223.417       0.9856
-187.654  227.735       0.9449
-187.654  232.053       1.9812
-187.654  236.372       1.9110
-187.654  240.690       1.4655
-187.654  245.009       1.4349
-187.654  249.327       1.3918
-187.654  253.645       0.8596
-187.654  257.964       0.7900
-187.654  262.282       1.2785
-187.654  266.601       2.9791
-187.654  270.919       4.0473
-187.654  275.238       4.0473
-184.398 -152.286       4.0473
-184.398 -147.968       4.0473
-184.398 -143.649       4.0473
-184.398 -139.331       4.0473
-184.398 -135.012       4.0473
-184.398 -130.694       2.6746
-184.398 -126.375       1.7151
-184.398 -122.057       1.9110
-184.398 -117.739       1.6692
-184.398 -113.420       1.7913
-184.398 -109.102       1.4655
-184.398 -104.783       1.6692
-184.398 -100.465       1.8482
-184.398  -96.147       1.3388
-184.398  -91.828       1.8191
-184.398  -87.510       2.0197
-184.398  -83.191       2.2046
-184.398  -78.873       2.6746
-184.398  -74.554       2.3242
-184.398  -70.236       1.8191
-184.398  -65.918       1.9812
-184.398  -61.599       2.4740
-184.398  -57.281       2.4740
-184.398  -52.962       2.1050
-184.398  -48.644       2.5659
-184.398  -44.326       2.1527
-184.398  -40.007       2.4740
-184.398  -35.689       3.6341
-184.398  -31.370       4.0473
-184.398  -27.052       4.0473
-184.398  -22.733       4.0473
-184.398  -18.415       4.0473
-184.398  -14.097       4.0473
-184.398   -9.778       4.0473
-184.398   -5.460       4.0473
-184.398   -1.141       4.0473
-184.398    3.177       4.0473
-184.398    7.496       4.0473
-184.398   11.814       4.0473
-184.398   16.132       4.0473
-184.398   20.451       4.0473
-184.398   24.769       4.0473
-184.398   29.088       4.0473
-184.398   33.406       4.0473
-184.398   37.724       4.0473
-184.398   42.043       4.0473
-184.398   46.361       4.0473
-184.398   50.680       4.0473
-184.398   54.998       4.0473
-184.398   59.317       4.0473
-184.398   63.635       4.0473
-184.398   67.953       3.6341
-184.398   72.272       2.6746
-184.398   76.590       3.2209
-184.398   80.909       2.6746
-184.398   85.227       2.9791
-184.398   89.546       3.2209
-184.398   93.864       2.2046
-184.398   98.182       2.3944
-184.398  102.501       2.3242
-184.398  106.819       2.8076
-184.398  111.138       2.6746
-184.398  115.456       2.0608
-184.398  119.774       2.0608
-184.398  124.093       1.9450
-184.398  128.411       2.0197
-184.398  132.730       4.0473
-184.398  137.048       3.6341
-184.398  141.367       4.0473
-184.398  145.685       4.0473
-184.398  150.003       4.0473
-184.398  154.322       4.0473
-184.398  158.640       4.0473
-184.398  162.959       4.0473
-184.398  167.277       2.6746
-184.398  171.595       2.1527
-184.398  175.914       1.7151
-184.398  180.232       0.6122
-184.398  184.551       0.3593
-184.398  188.869       0.6754
-184.398  193.188       1.3019
-184.398  197.506       1.5318
-184.398  201.824       1.9812
-184.398  206.143       2.2046
-184.398  210.461       1.8482
-184.398  214.780       1.7151
-184.398  219.098       1.6917
-184.398  223.417       1.1641
-184.398  227.735       1.0445
-184.398  232.053       1.4655
-184.398  236.372       1.9450
-184.398  240.690       1.8191
-184.398  245.009       1.5318
-184.398  249.327       1.7151
-184.398  253.645       1.3918
-184.398  257.964       1.0368
-184.398  262.282       1.4349
-184.398  266.601       2.8076
-184.398  270.919       4.0473
-184.398  275.238       4.0473
-181.143 -152.286       4.0473
-181.143 -147.968       4.0473
-181.143 -143.649       4.0473
-181.143 -139.331       4.0473
-181.143 -135.012       4.0473
-181.143 -130.694       4.0473
-181.143 -126.375       2.4740
-181.143 -122.057       2.2614
-181.143 -117.739       1.6692
-181.143 -113.420       1.6064
-181.143 -109.102       1.3139
-181.143 -104.783       1.1737
-181.143 -100.465       1.5496
-181.143  -96.147       1.3262
-181.143  -91.828       1.9450
-181.143  -87.510       1.9110
-181.143  -83.191       2.3242
-181.143  -78.873       3.2209
-181.143  -74.554       2.2046
-181.143  -70.236       2.1527
-181.143  -65.918       2.5659
-181.143  -61.599       2.9791
-181.143  -57.281       2.8076
-181.143  -52.962       2.8076
-181.143  -48.644       3.6341
-181.143  -44.326       4.0473
-181.143  -40.007       2.5659
-181.143  -35.689       2.6746
-181.143  -31.370       4.0473
-181.143  -27.052       4.0473
-181.143  -22.733       4.0473
-181.143  -18.415       4.0473
-181.143  -14.097       4.0473
-181.143   -9.778       4.0473
-181.143   -5.460       4.0473
-181.143   -1.141       4.0473
-181.143    3.177       4.0473
-181.143    7.496       4.0473
-181.143   11.814       4.0473
-181.143   16.132       4.0473
-181.143   20.451       4.0473
-181.143   24.769       4.0473
-181.143   29.088       4.0473
-181.143   33.406       4.0473
-181.143   37.724       4.0473
-181.143   42.043       4.0473
-181.143   46.361       4.0473
-181.143   50.680       4.0473
-181.143   54.998       4.0473
-181.143   59.317       4.0473
-181.143   63.635       4.0473
-181.143   67.953       3.2209
-181.143   72.272       2.9791
-181.143   76.590       4.0473
-181.143   80.909       3.6341
-181.143   85.227       4.0473
-181.143   89.546       2.8076
-181.143   93.864       2.2614
-181.143   98.182       2.3944
-181.143  102.501       2.1050
-181.143  106.819       2.6746
-181.143  111.138       2.8076
-181.143  115.456       1.9812
-181.143  119.774       2.3944
-181.143  124.093       2.0608
-181.143  128.411       2.4740
-181.143  132.730       3.2209
-181.143  137.048       2.9791
-181.143  141.367       3.2209
-181.143  145.685       4.0473
-181.143  150.003       4.0473
-181.143  154.322       4.0473
-181.143  158.640       4.0473
-181.143  162.959       2.9791
-181.143  167.277       2.8076
-181.143  171.595       2.0197
-181.143  175.914       1.3918
-181.143  180.232       0.6469
-181.143  184.551       0.6509
-181.143  188.869       0.9649
-181.143  193.188       1.3647
-181.143  197.506       1.4349
-181.143  201.824       2.3242
-181.143  206.143       1.9812
-181.143  210.461       2.3242
-181.143  214.780       2.4740
-181.143  219.098       2.0197
-181.143  223.417       1.3139
-181.143  227.735       0.9515
-181.143  232.053       1.3262
-181.143  236.372       1.6917
-181.143  240.690       1.3388
-181.143  245.009       1.3647
-181.143  249.327       1.7648
-181.143  253.645       1.6692
-181.143  257.964       1.2560
-181.143  262.282       1.3388
-181.143  266.601       2.1050
-181.143  270.919       3.6341
-181.143  275.238       4.0473
-177.887 -152.286       4.0473
-177.887 -147.968       4.0473
-177.887 -143.649       4.0473
-177.887 -139.331       4.0473
-177.887 -135.012       4.0473
-177.887 -130.694       4.0473
-177.887 -126.375       4.0473
-177.887 -122.057       3.6341
-177.887 -117.739       2.6746
-177.887 -113.420       1.6476
-177.887 -109.102       1.4814
-177.887 -104.783       1.6064
-177.887 -100.465       1.3262
-177.887  -96.147       1.1834
-177.887  -91.828       1.4655
-177.887  -87.510       1.8482
-177.887  -83.191       2.9791
-177.887  -78.873       2.8076
-177.887  -74.554       2.3944
-177.887  -70.236       2.3242
-177.887  -65.918       3.6341
-177.887  -61.599       4.0473
-177.887  -57.281       3.2209
-177.887  -52.962       2.4740
-177.887  -48.644       2.9791
-177.887  -44.326       2.6746
-177.887  -40.007       2.5659
-177.887  -35.689       2.1527
-177.887  -31.370       3.6341
-177.887  -27.052       4.0473
-177.887  -22.733       4.0473
-177.887  -18.415       4.0473
-177.887  -14.097       4.0473
-177.887   -9.778       4.0473
-177.887   -5.460       4.0473
-177.887   -1.141       4.0473
-177.887    3.177       4.0473
-177.887    7.496       4.0473
-177.887   11.814       4.0473
-177.887   16.132       4.0473
-177.887   20.451       4.0473
-177.887   24.769       4.0473
-177.887   29.088       4.0473
-177.887   33.406       4.0473
-177.887   37.724       4.0473
-177.887   42.043       4.0473
-177.887   46.361       4.0473
-177.887   50.680       4.0473
-177.887   54.998       4.0473
-177.887   59.317       4.0473
-177.887   63.635       4.0473
-177.887   67.953       4.0473
-177.887   72.272       3.6341
-177.887   76.590       4.0473
-177.887   80.909       4.0473
-177.887   85.227       4.0473
-177.887   89.546       4.0473
-177.887   93.864       3.6341
-177.887   98.182       2.1527
-177.887  102.501       2.5659
-177.887  106.819       3.6341
-177.887  111.138       2.5659
-177.887  115.456       2.0197
-177.887  119.774       2.3242
-177.887  124.093       2.3242
-177.887  128.411       2.9791
-177.887  132.730       4.0473
-177.887  137.048       2.4740
-177.887  141.367       2.8076
-177.887  145.685       4.0473
-177.887  150.003       4.0473
-177.887  154.322       4.0473
-177.887  158.640       4.0473
-177.887  162.959       3.2209
-177.887  167.277       2.3242
-177.887  171.595       2.9791
-177.887  175.914       1.3918
-177.887  180.232       0.6430
-177.887  184.551       0.8827
-177.887  188.869       1.1099
-177.887  193.188       1.3647
-177.887  197.506       1.2901
-177.887  201.824       1.9110
-177.887  206.143       3.2209
-177.887  210.461       2.5659
-177.887  214.780       1.6064
-177.887  219.098       1.7151
-177.887  223.417       1.2560
-177.887  227.735       1.1186
-177.887  232.053       1.3781
-177.887  236.372       2.0197
-177.887  240.690       1.4655
-177.887  245.009       1.4977
-177.887  249.327       1.4814
-177.887  253.645       1.8787
-177.887  257.964       1.4977
-177.887  262.282       1.5145
-177.887  266.601       1.9110
-177.887  270.919       2.9791
-177.887  275.238       4.0473
-174.631 -152.286       4.0473
-174.631 -147.968       4.0473
-174.631 -143.649       4.0473
-174.631 -139.331       4.0473
-174.631 -135.012       4.0473
-174.631 -130.694       4.0473
-174.631 -126.375       4.0473
-174.631 -122.057       4.0473
-174.631 -117.739       2.4740
-174.631 -113.420       1.8482
-174.631 -109.102       1.7151
-174.631 -104.783       1.5145
-174.631 -100.465       1.3918
-174.631  -96.147       1.0928
-174.631  -91.828       1.4500
-174.631  -87.510       2.0608
-174.631  -83.191       2.6746
-174.631  -78.873       3.2209
-174.631  -74.554       2.3242
-174.631  -70.236       2.9791
-174.631  -65.918       4.0473
-174.631  -61.599       4.0473
-174.631  -57.281       2.8076
-174.631  -52.962       2.9791
-174.631  -48.644       2.8076
-174.631  -44.326       2.3944
-174.631  -40.007       2.2614
-174.631  -35.689       2.3242
-174.631  -31.370       2.3242
-174.631  -27.052       4.0473
-174.631  -22.733       4.0473
-174.631  -18.415       4.0473
-174.631  -14.097       4.0473
-174.631   -9.778       4.0473
-174.631   -5.460       4.0473
-174.631   -1.141       4.0473
-174.631    3.177       4.0473
-174.631    7.496       4.0473
-174.631   11.814       4.0473
-174.631   16.132       4.0473
-174.631   20.451       4.0473
-174.631   24.769       4.0473
-174.631   29.088       4.0473
-174.631   33.406       4.0473
-174.631   37.724       4.0473
-174.631   42.043       4.0473
-174.631   46.361       4.0473
-174.631   50.680       4.0473
-174.631   54.998       4.0473
-174.631   59.317       4.0473
-174.631   63.635       4.0473
-174.631   67.953       4.0473
-174.631   72.272       4.0473
-174.631   76.590       4.0473
-174.631   80.909       4.0473
-174.631   85.227       4.0473
-174.631   89.546       3.6341
-174.631   93.864       2.6746
-174.631   98.182       2.8076
-174.631  102.501       2.4740
-174.631  106.819       2.5659
-174.631  111.138       2.8076
-174.631  115.456       2.5659
-174.631  119.774       2.6746
-174.631  124.093       3.2209
-174.631  128.411       4.0473
-174.631  132.730       3.6341
-174.631  137.048       2.5659
-174.631  141.367       2.8076
-174.631  145.685       4.0473
-174.631  150.003       4.0473
-174.631  154.322       4.0473
-174.631  158.640       4.0473
-174.631  162.959       4.0473
-174.631  167.277       3.6341
-174.631  171.595       2.2614
-174.631  175.914       1.5869
-174.631  180.232       0.9449
-174.631  184.551       1.2343
-174.631  188.869       1.6692
-174.631  193.188       1.6266
-174.631  197.506       1.8191
-174.631  201.824       2.2046
-174.631  206.143       2.3944
-174.631  210.461       1.9812
-174.631  214.780       1.1932
-174.631  219.098       1.2901
-174.631  223.417       1.3781
-174.631  227.735       1.3781
-174.631  232.053       1.4655
-174.631  236.372       2.5659
-174.631  240.690       1.5318
-174.631  245.009       1.6917
-174.631  249.327       1.5145
-174.631  253.645       2.1527
-174.631  257.964       1.4977
-174.631  262.282       1.7648
-174.631  266.601       2.0197
-174.631  270.919       2.9791
-174.631  275.238       4.0473
-171.376 -152.286       4.0473
-171.376 -147.968       4.0473
-171.376 -143.649       4.0473
-171.376 -139.331       4.0473
-171.376 -135.012       4.0473
-171.376 -130.694       4.0473
-171.376 -126.375       4.0473
-171.376 -122.057       4.0473
-171.376 -117.739       2.9791
-171.376 -113.420       2.0197
-171.376 -109.102       1.9450
-171.376 -104.783       1.3918
-171.376 -100.465       1.3781
-171.376  -96.147       1.3647
-171.376  -91.828       1.6917
-171.376  -87.510       1.9110
-171.376  -83.191       2.2614
-171.376  -78.873       2.3242
-171.376  -74.554       2.9791
-171.376  -70.236       3.2209
-171.376  -65.918       4.0473
-171.376  -61.599       4.0473
-171.376  -57.281       2.5659
-171.376  -52.962       2.0608
-171.376  -48.644       2.3242
-171.376  -44.326       2.3944
-171.376  -40.007       2.3242
-171.376  -35.689       2.2046
-171.376  -31.370       2.8076
-171.376  -27.052       4.0473
-171.376  -22.733       4.0473
-171.376  -18.415       4.0473
-171.376  -14.097       4.0473
-171.376   -9.778       4.0473
-171.376   -5.460       4.0473
-171.376   -1.141       4.0473
-171.376    3.177       4.0473
-171.376    7.496       4.0473
-171.376   11.814       4.0473
-171.376   16.132       4.0473
-171.376   20.451       4.0473
-171.376   24.769       4.0473
-171.376   29.088       4.0473
-171.376   33.406       4.0473
-171.376   37.724       4.0473
-171.376   42.043       4.0473
-171.376   46.361       4.0473
-171.376   50.680       4.0473
-171.376   54.998       4.0473
-171.376   59.317       4.0473
-171.376   63.635       4.0473
-171.376   67.953       4.0473
-171.376   72.272       4.0473
-171.376   76.590       4.0473
-171.376   80.909       4.0473
-171.376   85.227       4.0473
-171.376   89.546       4.0473
-171.376   93.864       3.6341
-171.376   98.182       3.6341
-171.376  102.501       4.0473
-171.376  106.819       3.2209
-171.376  111.138       4.0473
-171.376  115.456       2.8076
-171.376  119.774       2.9791
-171.376  124.093       3.2209
-171.376  128.411       4.0473
-171.376  132.730       4.0473
-171.376  137.048       2.6746
-171.376  141.367       2.2046
-171.376  145.685       4.0473
-171.376  150.003       4.0473
-171.376  154.322       4.0473
-171.376  158.640       4.0473
-171.376  162.959       4.0473
-171.376  167.277       4.0473
-171.376  171.595       1.9450
-171.376  175.914       2.3944
-171.376  180.232       1.7648
-171.376  184.551       1.7151
-171.376  188.869       2.0608
-171.376  193.188       1.9812
-171.376  197.506       2.2046
-171.376  201.824       1.8787
-171.376  206.143       2.0608
-171.376  210.461       1.9812
-171.376  214.780       1.2560
-171.376  219.098       1.1834
-171.376  223.417       0.9786
-171.376  227.735       1.2032
-171.376  232.053       1.6917
-171.376  236.372       2.4740
-171.376  240.690       2.1050
-171.376  245.009       2.0197
-171.376  249.327       1.8482
-171.376  253.645       2.1050
-171.376  257.964       1.3781
-171.376  262.282       1.3781
-171.376  266.601       1.9812
-171.376  270.919       3.6341
-171.376  275.238       4.0473
-168.120 -152.286       4.0473
-168.120 -147.968       4.0473
-168.120 -143.649       4.0473
-168.120 -139.331       4.0473
-168.120 -135.012       4.0473
-168.120 -130.694       4.0473
-168.120 -126.375       4.0473
-168.120 -122.057       4.0473
-168.120 -117.739       3.6341
-168.120 -113.420       2.6746
-168.120 -109.102       2.3944
-168.120 -104.783       2.2046
-168.120 -100.465       1.4814
-168.120  -96.147       1.5680
-168.120  -91.828       1.2451
-168.120  -87.510       1.6476
-168.120  -83.191       2.0608
-168.120  -78.873       2.5659
-168.120  -74.554       2.8076
-168.120  -70.236       4.0473
-168.120  -65.918       4.0473
-168.120  -61.599       2.4740
-168.120  -57.281       2.5659
-168.120  -52.962       2.1050
-168.120  -48.644       1.7151
-168.120  -44.326       2.4740
-168.120  -40.007       2.5659
-168.120  -35.689       4.0473
-168.120  -31.370       2.8076
-168.120  -27.052       4.0473
-168.120  -22.733       4.0473
-168.120  -18.415       4.0473
-168.120  -14.097       4.0473
-168.120   -9.778       4.0473
-168.120   -5.460       4.0473
-168.120   -1.141       4.0473
-168.120    3.177       4.0473
-168.120    7.496       4.0473
-168.120   11.814       4.0473
-168.120   16.132       4.0473
-168.120   20.451       4.0473
-168.120   24.769       4.0473
-168.120   29.088       4.0473
-168.120   33.406       4.0473
-168.120   37.724       4.0473
-168.120   42.043       4.0473
-168.120   46.361       4.0473
-168.120   50.680       4.0473
-168.120   54.998       4.0473
-168.120   59.317       4.0473
-168.120   63.635       4.0473
-168.120   67.953       4.0473
-168.120   72.272       4.0473
-168.120   76.590       4.0473
-168.120   80.909       4.0473
-168.120   85.227       4.0473
-168.120   89.546       4.0473
-168.120   93.864       2.8076
-168.120   98.182       4.0473
-168.120  102.501       4.0473
-168.120  106.819       4.0473
-168.120  111.138       4.0473
-168.120  115.456       3.6341
-168.120  119.774       4.0473
-168.120  124.093       4.0473
-168.120  128.411       4.0473
-168.120  132.730       4.0473
-168.120  137.048       3.2209
-168.120  141.367       2.5659
-168.120  145.685       2.8076
-168.120  150.003       4.0473
-168.120  154.322       4.0473
-168.120  158.640       4.0473
-168.120  162.959       4.0473
-168.120  167.277       4.0473
-168.120  171.595       2.3242
-168.120  175.914       2.9791
-168.120  180.232       3.6341
-168.120  184.551       2.2614
-168.120  188.869       2.2046
-168.120  193.188       2.1527
-168.120  197.506       2.6746
-168.120  201.824       2.0197
-168.120  206.143       2.5659
-168.120  210.461       1.9450
-168.120  214.780       1.4500
-168.120  219.098       0.9130
-168.120  223.417       1.0368
-168.120  227.735       1.2785
-168.120  232.053       1.8482
-168.120  236.372       1.9450
-168.120  240.690       2.6746
-168.120  245.009       1.9110
-168.120  249.327       1.7913
-168.120  253.645       2.8076
-168.120  257.964       1.5869
-168.120  262.282       1.6064
-168.120  266.601       1.9450
-168.120  270.919       3.6341
-168.120  275.238       4.0473
-164.865 -152.286       4.0473
-164.865 -147.968       4.0473
-164.865 -143.649       4.0473
-164.865 -139.331       4.0473
-164.865 -135.012       4.0473
-164.865 -130.694       4.0473
-164.865 -126.375       4.0473
-164.865 -122.057       4.0473
-164.865 -117.739       4.0473
-164.865 -113.420       2.9791
-164.865 -109.102       2.6746
-164.865 -104.783       2.9791
-164.865 -100.465       1.6692
-164.865  -96.147       1.7648
-164.865  -91.828       1.6064
-164.865  -87.510       1.6266
-164.865  -83.191       2.0197
-164.865  -78.873       3.2209
-164.865  -74.554       2.3944
-164.865  -70.236       3.6341
-164.865  -65.918       3.2209
-164.865  -61.599       1.9812
-164.865  -57.281       2.1050
-164.865  -52.962       1.7648
-164.865  -48.644       2.0608
-164.865  -44.326       2.8076
-164.865  -40.007       3.6341
-164.865  -35.689       2.9791
-164.865  -31.370       2.6746
-164.865  -27.052       3.6341
-164.865  -22.733       4.0473
-164.865  -18.415       4.0473
-164.865  -14.097       4.0473
-164.865   -9.778       4.0473
-164.865   -5.460       4.0473
-164.865   -1.141       4.0473
-164.865    3.177       4.0473
-164.865    7.496       4.0473
-164.865   11.814       4.0473
-164.865   16.132       4.0473
-164.865   20.451       4.0473
-164.865   24.769       4.0473
-164.865   29.088       4.0473
-164.865   33.406       4.0473
-164.865   37.724       4.0473
-164.865   42.043       4.0473
-164.865   46.361       4.0473
-164.865   50.680       4.0473
-164.865   54.998       4.0473
-164.865   59.317       4.0473
-164.865   63.635       4.0473
-164.865   67.953       4.0473
-164.865   72.272       4.0473
-164.865   76.590       4.0473
-164.865   80.909       4.0473
-164.865   85.227       4.0473
-164.865   89.546       4.0473
-164.865   93.864       4.0473
-164.865   98.182       4.0473
-164.865  102.501       4.0473
-164.865  106.819       4.0473
-164.865  111.138       4.0473
-164.865  115.456       4.0473
-164.865  119.774       4.0473
-164.865  124.093       4.0473
-164.865  128.411       4.0473
-164.865  132.730       4.0473
-164.865  137.048       4.0473
-164.865  141.367       2.9791
-164.865  145.685       1.8787
-164.865  150.003       2.8076
-164.865  154.322       4.0473
-164.865  158.640       4.0473
-164.865  162.959       4.0473
-164.865  167.277       4.0473
-164.865  171.595       3.6341
-164.865  175.914       4.0473
-164.865  180.232       3.6341
-164.865  184.551       2.9791
-164.865  188.869       2.3944
-164.865  193.188       3.6341
-164.865  197.506       3.6341
-164.865  201.824       3.2209
-164.865  206.143       2.3944
-164.865  210.461       1.7913
-164.865  214.780       1.6266
-164.865  219.098       1.2343
-164.865  223.417       1.2134
-164.865  227.735       1.2672
-164.865  232.053       1.8191
-164.865  236.372       2.5659
-164.865  240.690       2.2046
-164.865  245.009       1.6917
-164.865  249.327       2.6746
-164.865  253.645       2.6746
-164.865  257.964       1.6476
-164.865  262.282       1.7395
-164.865  266.601       1.9450
-164.865  270.919       3.6341
-164.865  275.238       4.0473
-161.609 -152.286       4.0473
-161.609 -147.968       4.0473
-161.609 -143.649       4.0473
-161.609 -139.331       4.0473
-161.609 -135.012       4.0473
-161.609 -130.694       4.0473
-161.609 -126.375       4.0473
-161.609 -122.057       4.0473
-161.609 -117.739       4.0473
-161.609 -113.420       2.9791
-161.609 -109.102       2.8076
-161.609 -104.783       2.8076
-161.609 -100.465       2.1527
-161.609  -96.147       2.2614
-161.609  -91.828       1.7395
-161.609  -87.510       1.5869
-161.609  -83.191       1.3918
-161.609  -78.873       2.8076
-161.609  -74.554       4.0473
-161.609  -70.236       2.9791
-161.609  -65.918       2.6746
-161.609  -61.599       1.7151
-161.609  -57.281       1.7648
-161.609  -52.962       2.0608
-161.609  -48.644       2.1050
-161.609  -44.326       2.5659
-161.609  -40.007       2.9791
-161.609  -35.689       2.3242
-161.609  -31.370       3.6341
-161.609  -27.052       4.0473
-161.609  -22.733       4.0473
-161.609  -18.415       4.0473
-161.609  -14.097       4.0473
-161.609   -9.778       4.0473
-161.609   -5.460       4.0473
-161.609   -1.141       4.0473
-161.609    3.177       4.0473
-161.609    7.496       4.0473
-161.609   11.814       4.0473
-161.609   16.132       4.0473
-161.609   20.451       4.0473
-161.609   24.769       4.0473
-161.609   29.088       4.0473
-161.609   33.406       4.0473
-161.609   37.724       4.0473
-161.609   42.043       4.0473
-161.609   46.361       4.0473
-161.609   50.680       4.0473
-161.609   54.998       4.0473
-161.609   59.317       4.0473
-161.609   63.635       4.0473
-161.609   67.953       4.0473
-161.609   72.272       4.0473
-161.609   76.590       4.0473
-161.609   80.909       4.0473
-161.609   85.227       4.0473
-161.609   89.546       4.0473
-161.609   93.864       4.0473
-161.609   98.182       4.0473
-161.609  102.501       4.0473
-161.609  106.819       4.0473
-161.609  111.138       4.0473
-161.609  115.456       4.0473
-161.609  119.774       4.0473
-161.609  124.093       4.0473
-161.609  128.411       4.0473
-161.609  132.730       4.0473
-161.609  137.048       4.0473
-161.609  141.367       2.9791
-161.609  145.685       2.1050
-161.609  150.003       2.8076
-161.609  154.322       4.0473
-161.609  158.640       4.0473
-161.609  162.959       4.0473
-161.609  167.277       4.0473
-161.609  171.595       4.0473
-161.609  175.914       4.0473
-161.609  180.232       4.0473
-161.609  184.551       4.0473
-161.609  188.869       3.6341
-161.609  193.188       3.2209
-161.609  197.506       3.6341
-161.609  201.824       3.2209
-161.609  206.143       2.1527
-161.609  210.461       1.5869
-161.609  214.780       1.6476
-161.609  219.098       1.4977
-161.609  223.417       1.2785
-161.609  227.735       1.1932
-161.609  232.053       2.2046
-161.609  236.372       3.2209
-161.609  240.690       2.8076
-161.609  245.009       1.9812
-161.609  249.327       1.7395
-161.609  253.645       2.6746
-161.609  257.964       1.6064
-161.609  262.282       1.8191
-161.609  266.601       2.1527
-161.609  270.919       3.6341
-161.609  275.238       4.0473
-158.354 -152.286       4.0473
-158.354 -147.968       4.0473
-158.354 -143.649       4.0473
-158.354 -139.331       4.0473
-158.354 -135.012       4.0473
-158.354 -130.694       4.0473
-158.354 -126.375       4.0473
-158.354 -122.057       4.0473
-158.354 -117.739       4.0473
-158.354 -113.420       2.8076
-158.354 -109.102       2.9791
-158.354 -104.783       3.2209
-158.354 -100.465       4.0473
-158.354  -96.147       4.0473
-158.354  -91.828       2.3242
-158.354  -87.510       1.3388
-158.354  -83.191       1.7395
-158.354  -78.873       2.9791
-158.354  -74.554       2.5659
-158.354  -70.236       2.3242
-158.354  -65.918       2.3944
-158.354  -61.599       1.7395
-158.354  -57.281       1.6266
-158.354  -52.962       1.6917
-158.354  -48.644       1.8482
-158.354  -44.326       1.7913
-158.354  -40.007       2.0197
-158.354  -35.689       2.2614
-158.354  -31.370       4.0473
-158.354  -27.052       4.0473
-158.354  -22.733       4.0473
-158.354  -18.415       4.0473
-158.354  -14.097       4.0473
-158.354   -9.778       4.0473
-158.354   -5.460       4.0473
-158.354   -1.141       4.0473
-158.354    3.177       4.0473
-158.354    7.496       4.0473
-158.354   11.814       4.0473
-158.354   16.132       4.0473
-158.354   20.451       4.0473
-158.354   24.769       4.0473
-158.354   29.088       4.0473
-158.354   33.406       4.0473
-158.354   37.724       4.0473
-158.354   42.043       4.0473
-158.354   46.361       4.0473
-158.354   50.680       4.0473
-158.354   54.998       4.0473
-158.354   59.317       4.0473
-158.354   63.635       4.0473
-158.354   67.953       4.0473
-158.354   72.272       4.0473
-158.354   76.590       4.0473
-158.354   80.909       4.0473
-158.354   85.227       4.0473
-158.354   89.546       4.0473
-158.354   93.864       4.0473
-158.354   98.182       4.0473
-158.354  102.501       4.0473
-158.354  106.819       4.0473
-158.354  111.138       4.0473
-158.354  115.456       4.0473
-158.354  119.774       4.0473
-158.354  124.093       4.0473
-158.354  128.411       4.0473
-158.354  132.730       4.0473
-158.354  137.048       4.0473
-158.354  141.367       2.6746
-158.354  145.685       1.9110
-158.354  150.003       2.4740
-158.354  154.322       4.0473
-158.354  158.640       4.0473
-158.354  162.959       4.0473
-158.354  167.277       4.0473
-158.354  171.595       3.2209
-158.354  175.914       4.0473
-158.354  180.232       4.0473
-158.354  184.551       3.6341
-158.354  188.869       3.6341
-158.354  193.188       2.9791
-158.354  197.506       2.9791
-158.354  201.824       2.5659
-158.354  206.143       1.7913
-158.354  210.461       1.4500
-158.354  214.780       1.4202
-158.354  219.098       1.6917
-158.354  223.417       1.3019
-158.354  227.735       1.1274
-158.354  232.053       1.9450
-158.354  236.372       3.2209
-158.354  240.690       4.0473
-158.354  245.009       2.0608
-158.354  249.327       1.8482
-158.354  253.645       2.2046
-158.354  257.964       1.4814
-158.354  262.282       1.5496
-158.354  266.601       3.2209
-158.354  270.919       4.0473
-158.354  275.238       4.0473
-155.099 -152.286       4.0473
-155.099 -147.968       4.0473
-155.099 -143.649       4.0473
-155.099 -139.331       4.0473
-155.099 -135.012       4.0473
-155.099 -130.694       4.0473
-155.099 -126.375       4.0473
-155.099 -122.057       4.0473
-155.099 -117.739       4.0473
-155.099 -113.420       3.6341
-155.099 -109.102       4.0473
-155.099 -104.783       4.0473
-155.099 -100.465       4.0473
-155.099  -96.147       4.0473
-155.099  -91.828       2.5659
-155.099  -87.510       2.1050
-155.099  -83.191       1.6064
-155.099  -78.873       1.7151
-155.099  -74.554       2.2046
-155.099  -70.236       2.2614
-155.099  -65.918       2.3242
-155.099  -61.599       2.3944
-155.099  -57.281       1.8787
-155.099  -52.962       1.7913
-155.099  -48.644       2.1527
-155.099  -44.326       1.9450
-155.099  -40.007       2.2046
-155.099  -35.689       2.3944
-155.099  -31.370       4.0473
-155.099  -27.052       4.0473
-155.099  -22.733       4.0473
-155.099  -18.415       4.0473
-155.099  -14.097       4.0473
-155.099   -9.778       4.0473
-155.099   -5.460       4.0473
-155.099   -1.141       4.0473
-155.099    3.177       4.0473
-155.099    7.496       4.0473
-155.099   11.814       4.0473
-155.099   16.132       4.0473
-155.099   20.451       4.0473
-155.099   24.769       4.0473
-155.099   29.088       4.0473
-155.099   33.406       4.0473
-155.099   37.724       4.0473
-155.099   42.043       4.0473
-155.099   46.361       4.0473
-155.099   50.680       4.0473
-155.099   54.998       4.0473
-155.099   59.317       4.0473
-155.099   63.635       4.0473
-155.099   67.953       4.0473
-155.099   72.272       4.0473
-155.099   76.590       4.0473
-155.099   80.909       4.0473
-155.099   85.227       4.0473
-155.099   89.546       4.0473
-155.099   93.864       4.0473
-155.099   98.182       4.0473
-155.099  102.501       4.0473
-155.099  106.819       4.0473
-155.099  111.138       4.0473
-155.099  115.456       4.0473
-155.099  119.774       4.0473
-155.099  124.093       4.0473
-155.099  128.411       4.0473
-155.099  132.730       4.0473
-155.099  137.048       4.0473
-155.099  141.367       3.2209
-155.099  145.685       2.2046
-155.099  150.003       2.6746
-155.099  154.322       4.0473
-155.099  158.640       3.2209
-155.099  162.959       4.0473
-155.099  167.277       4.0473
-155.099  171.595       3.2209
-155.099  175.914       3.6341
-155.099  180.232       2.8076
-155.099  184.551       2.1050
-155.099  188.869       3.2209
-155.099  193.188       3.6341
-155.099  197.506       2.8076
-155.099  201.824       2.4740
-155.099  206.143       1.7648
-155.099  210.461       1.4655
-155.099  214.780       1.3139
-155.099  219.098       1.2672
-155.099  223.417       1.3781
-155.099  227.735       1.1641
-155.099  232.053       1.9110
-155.099  236.372       2.5659
-155.099  240.690       2.9791
-155.099  245.009       2.1527
-155.099  249.327       1.9110
-155.099  253.645       1.7648
-155.099  257.964       1.5145
-155.099  262.282       1.6064
-155.099  266.601       2.8076
-155.099  270.919       4.0473
-155.099  275.238       4.0473
-151.843 -152.286       4.0473
-151.843 -147.968       4.0473
-151.843 -143.649       4.0473
-151.843 -139.331       4.0473
-151.843 -135.012       4.0473
-151.843 -130.694       4.0473
-151.843 -126.375       4.0473
-151.843 -122.057       4.0473
-151.843 -117.739       4.0473
-151.843 -113.420       4.0473
-151.843 -109.102       4.0473
-151.843 -104.783       4.0473
-151.843 -100.465       4.0473
-151.843  -96.147       4.0473
-151.843  -91.828       4.0473
-151.843  -87.510       3.2209
-151.843  -83.191       1.9110
-151.843  -78.873       1.6692
-151.843  -74.554       2.3242
-151.843  -70.236       2.0608
-151.843  -65.918       2.1050
-151.843  -61.599       2.2614
-151.843  -57.281       1.8482
-151.843  -52.962       2.0197
-151.843  -48.644       2.1050
-151.843  -44.326       2.9791
-151.843  -40.007       2.8076
-151.843  -35.689       3.2209
-151.843  -31.370       3.6341
-151.843  -27.052       4.0473
-151.843  -22.733       4.0473
-151.843  -18.415       4.0473
-151.843  -14.097       4.0473
-151.843   -9.778       4.0473
-151.843   -5.460       4.0473
-151.843   -1.141       4.0473
-151.843    3.177       4.0473
-151.843    7.496       4.0473
-151.843   11.814       4.0473
-151.843   16.132       4.0473
-151.843   20.451       4.0473
-151.843   24.769       4.0473
-151.843   29.088       4.0473
-151.843   33.406       4.0473
-151.843   37.724       4.0473
-151.843   42.043       4.0473
-151.843   46.361       4.0473
-151.843   50.680       4.0473
-151.843   54.998       4.0473
-151.843   59.317       4.0473
-151.843   63.635       4.0473
-151.843   67.953       4.0473
-151.843   72.272       4.0473
-151.843   76.590       4.0473
-151.843   80.909       4.0473
-151.843   85.227       4.0473
-151.843   89.546       4.0473
-151.843   93.864       4.0473
-151.843   98.182       4.0473
-151.843  102.501       4.0473
-151.843  106.819       4.0473
-151.843  111.138       4.0473
-151.843  115.456       4.0473
-151.843  119.774       4.0473
-151.843  124.093       4.0473
-151.843  128.411       4.0473
-151.843  132.730       4.0473
-151.843  137.048       4.0473
-151.843  141.367       4.0473
-151.843  145.685       2.9791
-151.843  150.003       2.6746
-151.843  154.322       2.4740
-151.843  158.640       3.6341
-151.843  162.959       4.0473
-151.843  167.277       3.2209
-151.843  171.595       3.6341
-151.843  175.914       2.8076
-151.843  180.232       2.9791
-151.843  184.551       2.5659
-151.843  188.869       3.6341
-151.843  193.188       3.6341
-151.843  197.506       2.9791
-151.843  201.824       2.2614
-151.843  206.143       1.6692
-151.843  210.461       1.3262
-151.843  214.780       1.3516
-151.843  219.098       1.4500
-151.843  223.417       1.5318
-151.843  227.735       1.2134
-151.843  232.053       1.6692
-151.843  236.372       1.8191
-151.843  240.690       3.6341
-151.843  245.009       2.2614
-151.843  249.327       2.0608
-151.843  253.645       1.9450
-151.843  257.964       1.8482
-151.843  262.282       1.5680
-151.843  266.601       2.1050
-151.843  270.919       4.0473
-151.843  275.238       4.0473
-148.588 -152.286       4.0473
-148.588 -147.968       4.0473
-148.588 -143.649       4.0473
-148.588 -139.331       4.0473
-148.588 -135.012       4.0473
-148.588 -130.694       4.0473
-148.588 -126.375       4.0473
-148.588 -122.057       4.0473
-148.588 -117.739       4.0473
-148.588 -113.420       4.0473
-148.588 -109.102       4.0473
-148.588 -104.783       4.0473
-148.588 -100.465       4.0473
-148.588  -96.147       4.0473
-148.588  -91.828       4.0473
-148.588  -87.510       4.0473
-148.588  -83.191       2.1527
-148.588  -78.873       1.8191
-148.588  -74.554       2.2614
-148.588  -70.236       2.1527
-148.588  -65.918       2.1527
-148.588  -61.599       1.9812
-148.588  -57.281       1.8787
-148.588  -52.962       2.1050
-148.588  -48.644       2.4740
-148.588  -44.326       3.2209
-148.588  -40.007       4.0473
-148.588  -35.689       3.6341
-148.588  -31.370       4.0473
-148.588  -27.052       4.0473
-148.588  -22.733       4.0473
-148.588  -18.415       4.0473
-148.588  -14.097       4.0473
-148.588   -9.778       4.0473
-148.588   -5.460       4.0473
-148.588   -1.141       4.0473
-148.588    3.177       4.0473
-148.588    7.496       4.0473
-148.588   11.814       4.0473
-148.588   16.132       4.0473
-148.588   20.451       4.0473
-148.588   24.769       4.0473
-148.588   29.088       4.0473
-148.588   33.406       4.0473
-148.588   37.724       4.0473
-148.588   42.043       4.0473
-148.588   46.361       4.0473
-148.588   50.680       4.0473
-148.588   54.998       4.0473
-148.588   59.317       4.0473
-148.588   63.635       4.0473
-148.588   67.953       4.0473
-148.588   72.272       4.0473
-148.588   76.590       4.0473
-148.588   80.909       4.0473
-148.588   85.227       4.0473
-148.588   89.546       4.0473
-148.588   93.864       4.0473
-148.588   98.182       4.0473
-148.588  102.501       4.0473
-148.588  106.819       4.0473
-148.588  111.138       4.0473
-148.588  115.456       4.0473
-148.588  119.774       4.0473
-148.588  124.093       4.0473
-148.588  128.411       4.0473
-148.588  132.730       4.0473
-148.588  137.048       4.0473
-148.588  141.367       4.0473
-148.588  145.685       4.0473
-148.588  150.003       3.6341
-148.588  154.322       2.0197
-148.588  158.640       2.3944
-148.588  162.959       3.6341
-148.588  167.277       3.2209
-148.588  171.595       2.3944
-148.588  175.914       2.8076
-148.588  180.232       2.8076
-148.588  184.551       3.2209
-148.588  188.869       3.6341
-148.588  193.188       4.0473
-148.588  197.506       2.5659
-148.588  201.824       2.5659
-148.588  206.143       2.0197
-148.588  210.461       1.4655
-148.588  214.780       1.0682
-148.588  219.098       1.1834
-148.588  223.417       1.2785
-148.588  227.735       1.2672
-148.588  232.053       1.4349
-148.588  236.372       1.9450
-148.588  240.690       2.3944
-148.588  245.009       2.5659
-148.588  249.327       2.0197
-148.588  253.645       1.9450
-148.588  257.964       1.9110
-148.588  262.282       1.9110
-148.588  266.601       1.6476
-148.588  270.919       4.0473
-148.588  275.238       4.0473
-145.332 -152.286       4.0473
-145.332 -147.968       4.0473
-145.332 -143.649       4.0473
-145.332 -139.331       4.0473
-145.332 -135.012       4.0473
-145.332 -130.694       4.0473
-145.332 -126.375       4.0473
-145.332 -122.057       4.0473
-145.332 -117.739       4.0473
-145.332 -113.420       4.0473
-145.332 -109.102       4.0473
-145.332 -104.783       4.0473
-145.332 -100.465       4.0473
-145.332  -96.147       4.0473
-145.332  -91.828       4.0473
-145.332  -87.510       3.2209
-145.332  -83.191       2.2046
-145.332  -78.873       1.4814
-145.332  -74.554       1.4349
-145.332  -70.236       1.6692
-145.332  -65.918       2.0197
-145.332  -61.599       2.1527
-145.332  -57.281       2.3944
-145.332  -52.962       2.3242
-145.332  -48.644       2.6746
-145.332  -44.326       4.0473
-145.332  -40.007       4.0473
-145.332  -35.689       4.0473
-145.332  -31.370       4.0473
-145.332  -27.052       4.0473
-145.332  -22.733       4.0473
-145.332  -18.415       4.0473
-145.332  -14.097       4.0473
-145.332   -9.778       4.0473
-145.332   -5.460       4.0473
-145.332   -1.141       4.0473
-145.332    3.177       4.0473
-145.332    7.496       4.0473
-145.332   11.814       4.0473
-145.332   16.132       4.0473
-145.332   20.451       4.0473
-145.332   24.769       4.0473
-145.332   29.088       4.0473
-145.332   33.406       4.0473
-145.332   37.724       4.0473
-145.332   42.043       4.0473
-145.332   46.361       4.0473
-145.332   50.680       4.0473
-145.332   54.998       4.0473
-145.332   59.317       4.0473
-145.332   63.635       4.0473
-145.332   67.953       4.0473
-145.332   72.272       4.0473
-145.332   76.590       4.0473
-145.332   80.909       4.0473
-145.332   85.227       4.0473
-145.332   89.546       4.0473
-145.332   93.864       4.0473
-145.332   98.182       4.0473
-145.332  102.501       4.0473
-145.332  106.819       4.0473
-145.332  111.138       4.0473
-145.332  115.456       4.0473
-145.332  119.774       4.0473
-145.332  124.093       4.0473
-145.332  128.411       4.0473
-145.332  132.730       4.0473
-145.332  137.048       4.0473
-145.332  141.367       4.0473
-145.332  145.685       4.0473
-145.332  150.003       3.2209
-145.332  154.322       2.1527
-145.332  158.640       2.3242
-145.332  162.959       2.5659
-145.332  167.277       2.3242
-145.332  171.595       2.5659
-145.332  175.914       2.4740
-145.332  180.232       2.6746
-145.332  184.551       2.6746
-145.332  188.869       2.8076
-145.332  193.188       2.9791
-145.332  197.506       2.0608
-145.332  201.824       1.9812
-145.332  206.143       2.2614
-145.332  210.461       1.8482
-145.332  214.780       1.6064
-145.332  219.098       1.1099
-145.332  223.417       1.4977
-145.332  227.735       1.3781
-145.332  232.053       1.7648
-145.332  236.372       2.2614
-145.332  240.690       3.2209
-145.332  245.009       2.6746
-145.332  249.327       1.9450
-145.332  253.645       2.6746
-145.332  257.964       2.2614
-145.332  262.282       1.3918
-145.332  266.601       1.3388
-145.332  270.919       2.3944
-145.332  275.238       4.0473
-142.077 -152.286       4.0473
-142.077 -147.968       4.0473
-142.077 -143.649       4.0473
-142.077 -139.331       4.0473
-142.077 -135.012       4.0473
-142.077 -130.694       4.0473
-142.077 -126.375       4.0473
-142.077 -122.057       4.0473
-142.077 -117.739       4.0473
-142.077 -113.420       4.0473
-142.077 -109.102       4.0473
-142.077 -104.783       4.0473
-142.077 -100.465       4.0473
-142.077  -96.147       4.0473
-142.077  -91.828       4.0473
-142.077  -87.510       2.8076
-142.077  -83.191       1.7648
-142.077  -78.873       1.2451
-142.077  -74.554       1.1834
-142.077  -70.236       1.4977
-142.077  -65.918       1.6476
-142.077  -61.599       2.4740
-142.077  -57.281       2.6746
-142.077  -52.962       2.4740
-142.077  -48.644       2.9791
-142.077  -44.326       4.0473
-142.077  -40.007       4.0473
-142.077  -35.689       4.0473
-142.077  -31.370       4.0473
-142.077  -27.052       4.0473
-142.077  -22.733       4.0473
-142.077  -18.415       4.0473
-142.077  -14.097       4.0473
-142.077   -9.778       4.0473
-142.077   -5.460       4.0473
-142.077   -1.141       4.0473
-142.077    3.177       4.0473
-142.077    7.496       4.0473
-142.077   11.814       4.0473
-142.077   16.132       4.0473
-142.077   20.451       4.0473
-142.077   24.769       4.0473
-142.077   29.088       4.0473
-142.077   33.406       4.0473
-142.077   37.724       4.0473
-142.077   42.043       4.0473
-142.077   46.361       4.0473
-142.077   50.680       4.0473
-142.077   54.998       4.0473
-142.077   59.317       4.0473
-142.077   63.635       4.0473
-142.077   67.953       4.0473
-142.077   72.272       4.0473
-142.077   76.590       4.0473
-142.077   80.909       4.0473
-142.077   85.227       4.0473
-142.077   89.546       4.0473
-142.077   93.864       4.0473
-142.077   98.182       4.0473
-142.077  102.501       4.0473
-142.077  106.819       4.0473
-142.077  111.138       4.0473
-142.077  115.456       4.0473
-142.077  119.774       4.0473
-142.077  124.093       4.0473
-142.077  128.411       4.0473
-142.077  132.730       4.0473
-142.077  137.048       4.0473
-142.077  141.367       4.0473
-142.077  145.685       4.0473
-142.077  150.003       4.0473
-142.077  154.322       4.0473
-142.077  158.640       2.6746
-142.077  162.959       2.5659
-142.077  167.277       2.3944
-142.077  171.595       2.3242
-142.077  175.914       3.6341
-142.077  180.232       3.6341
-142.077  184.551       2.3944
-142.077  188.869       2.2614
-142.077  193.188       2.2046
-142.077  197.506       1.7395
-142.077  201.824       2.0608
-142.077  206.143       2.2046
-142.077  210.461       2.0608
-142.077  214.780       1.9110
-142.077  219.098       1.5496
-142.077  223.417       1.1364
-142.077  227.735       1.6692
-142.077  232.053       1.7648
-142.077  236.372       2.4740
-142.077  240.690       3.6341
-142.077  245.009       2.6746
-142.077  249.327       1.9812
-142.077  253.645       1.8787
-142.077  257.964       1.9110
-142.077  262.282       1.2672
-142.077  266.601       1.2672
-142.077  270.919       1.9812
-142.077  275.238       4.0473
-138.821 -152.286       4.0473
-138.821 -147.968       4.0473
-138.821 -143.649       4.0473
-138.821 -139.331       4.0473
-138.821 -135.012       4.0473
-138.821 -130.694       4.0473
-138.821 -126.375       4.0473
-138.821 -122.057       4.0473
-138.821 -117.739       4.0473
-138.821 -113.420       4.0473
-138.821 -109.102       4.0473
-138.821 -104.783       4.0473
-138.821 -100.465       4.0473
-138.821  -96.147       4.0473
-138.821  -91.828       4.0473
-138.821  -87.510       4.0473
-138.821  -83.191       1.9450
-138.821  -78.873       1.5869
-138.821  -74.554       1.1186
-138.821  -70.236       1.1547
-138.821  -65.918       1.5869
-138.821  -61.599       2.1527
-138.821  -57.281       2.5659
-138.821  -52.962       2.8076
-138.821  -48.644       3.6341
-138.821  -44.326       4.0473
-138.821  -40.007       4.0473
-138.821  -35.689       4.0473
-138.821  -31.370       4.0473
-138.821  -27.052       4.0473
-138.821  -22.733       4.0473
-138.821  -18.415       4.0473
-138.821  -14.097       4.0473
-138.821   -9.778       4.0473
-138.821   -5.460       4.0473
-138.821   -1.141       4.0473
-138.821    3.177       4.0473
-138.821    7.496       4.0473
-138.821   11.814       4.0473
-138.821   16.132       4.0473
-138.821   20.451       4.0473
-138.821   24.769       4.0473
-138.821   29.088       4.0473
-138.821   33.406       4.0473
-138.821   37.724       4.0473
-138.821   42.043       4.0473
-138.821   46.361       4.0473
-138.821   50.680       4.0473
-138.821   54.998       4.0473
-138.821   59.317       4.0473
-138.821   63.635       4.0473
-138.821   67.953       4.0473
-138.821   72.272       4.0473
-138.821   76.590       4.0473
-138.821   80.909       4.0473
-138.821   85.227       4.0473
-138.821   89.546       4.0473
-138.821   93.864       4.0473
-138.821   98.182       4.0473
-138.821  102.501       4.0473
-138.821  106.819       4.0473
-138.821  111.138       4.0473
-138.821  115.456       4.0473
-138.821  119.774       4.0473
-138.821  124.093       4.0473
-138.821  128.411       4.0473
-138.821  132.730       4.0473
-138.821  137.048       4.0473
-138.821  141.367       4.0473
-138.821  145.685       4.0473
-138.821  150.003       4.0473
-138.821  154.322       4.0473
-138.821  158.640       2.9791
-138.821  162.959       3.6341
-138.821  167.277       2.4740
-138.821  171.595       2.5659
-138.821  175.914       3.2209
-138.821  180.232       2.5659
-138.821  184.551       2.3944
-138.821  188.869       2.5659
-138.821  193.188       1.9450
-138.821  197.506       1.5869
-138.821  201.824       2.1527
-138.821  206.143       2.0197
-138.821  210.461       2.2046
-138.821  214.780       2.5659
-138.821  219.098       1.4655
-138.821  223.417       1.3388
-138.821  227.735       1.6692
-138.821  232.053       1.8787
-138.821  236.372       2.6746
-138.821  240.690       2.6746
-138.821  245.009       2.4740
-138.821  249.327       1.6917
-138.821  253.645       1.6476
-138.821  257.964       1.6917
-138.821  262.282       1.2901
-138.821  266.601       1.5869
-138.821  270.919       1.7151
-138.821  275.238       3.6341
-135.566 -152.286       4.0473
-135.566 -147.968       4.0473
-135.566 -143.649       4.0473
-135.566 -139.331       4.0473
-135.566 -135.012       4.0473
-135.566 -130.694       4.0473
-135.566 -126.375       4.0473
-135.566 -122.057       4.0473
-135.566 -117.739       4.0473
-135.566 -113.420       4.0473
-135.566 -109.102       4.0473
-135.566 -104.783       4.0473
-135.566 -100.465       4.0473
-135.566  -96.147       4.0473
-135.566  -91.828       4.0473
-135.566  -87.510       2.9791
-135.566  -83.191       2.3242
-135.566  -78.873       1.3918
-135.566  -74.554       1.1274
-135.566  -70.236       1.1641
-135.566  -65.918       1.1641
-135.566  -61.599       1.6476
-135.566  -57.281       2.0197
-135.566  -52.962       3.2209
-135.566  -48.644       4.0473
-135.566  -44.326       4.0473
-135.566  -40.007       4.0473
-135.566  -35.689       4.0473
-135.566  -31.370       4.0473
-135.566  -27.052       4.0473
-135.566  -22.733       4.0473
-135.566  -18.415       4.0473
-135.566  -14.097       4.0473
-135.566   -9.778       4.0473
-135.566   -5.460       4.0473
-135.566   -1.141       4.0473
-135.566    3.177       4.0473
-135.566    7.496       4.0473
-135.566   11.814       4.0473
-135.566   16.132       4.0473
-135.566   20.451       4.0473
-135.566   24.769       4.0473
-135.566   29.088       4.0473
-135.566   33.406       4.0473
-135.566   37.724       4.0473
-135.566   42.043       4.0473
-135.566   46.361       4.0473
-135.566   50.680       4.0473
-135.566   54.998       4.0473
-135.566   59.317       4.0473
-135.566   63.635       4.0473
-135.566   67.953       4.0473
-135.566   72.272       4.0473
-135.566   76.590       4.0473
-135.566   80.909       4.0473
-135.566   85.227       4.0473
-135.566   89.546       4.0473
-135.566   93.864       4.0473
-135.566   98.182       4.0473
-135.566  102.501       4.0473
-135.566  106.819       4.0473
-135.566  111.138       4.0473
-135.566  115.456       4.0473
-135.566  119.774       4.0473
-135.566  124.093       4.0473
-135.566  128.411       4.0473
-135.566  132.730       4.0473
-135.566  137.048       4.0473
-135.566  141.367       4.0473
-135.566  145.685       4.0473
-135.566  150.003       4.0473
-135.566  154.322       4.0473
-135.566  158.640       3.6341
-135.566  162.959       3.2209
-135.566  167.277       4.0473
-135.566  171.595       3.6341
-135.566  175.914       3.6341
-135.566  180.232       2.8076
-135.566  184.551       2.4740
-135.566  188.869       2.5659
-135.566  193.188       1.9450
-135.566  197.506       1.6064
-135.566  201.824       1.9110
-135.566  206.143       2.0608
-135.566  210.461       1.7913
-135.566  214.780       1.9110
-135.566  219.098       2.1527
-135.566  223.417       1.5496
-135.566  227.735       1.4349
-135.566  232.053       1.8787
-135.566  236.372       2.4740
-135.566  240.690       2.3242
-135.566  245.009       2.2046
-135.566  249.327       1.5869
-135.566  253.645       1.0445
-135.566  257.964       1.4977
-135.566  262.282       1.2672
-135.566  266.601       1.1547
-135.566  270.919       1.5869
-135.566  275.238       2.5659
-132.310 -152.286       4.0473
-132.310 -147.968       4.0473
-132.310 -143.649       4.0473
-132.310 -139.331       4.0473
-132.310 -135.012       4.0473
-132.310 -130.694       4.0473
-132.310 -126.375       4.0473
-132.310 -122.057       4.0473
-132.310 -117.739       4.0473
-132.310 -113.420       4.0473
-132.310 -109.102       4.0473
-132.310 -104.783       4.0473
-132.310 -100.465       4.0473
-132.310  -96.147       4.0473
-132.310  -91.828       4.0473
-132.310  -87.510       4.0473
-132.310  -83.191       2.4740
-132.310  -78.873       1.7648
-132.310  -74.554       1.1932
-132.310  -70.236       1.1099
-132.310  -65.918       1.2785
-132.310  -61.599       1.2343
-132.310  -57.281       1.8191
-132.310  -52.962       4.0473
-132.310  -48.644       4.0473
-132.310  -44.326       4.0473
-132.310  -40.007       4.0473
-132.310  -35.689       4.0473
-132.310  -31.370       4.0473
-132.310  -27.052       4.0473
-132.310  -22.733       4.0473
-132.310  -18.415       4.0473
-132.310  -14.097       4.0473
-132.310   -9.778       4.0473
-132.310   -5.460       4.0473
-132.310   -1.141       4.0473
-132.310    3.177       4.0473
-132.310    7.496       4.0473
-132.310   11.814       4.0473
-132.310   16.132       4.0473
-132.310   20.451       4.0473
-132.310   24.769       4.0473
-132.310   29.088       4.0473
-132.310   33.406       4.0473
-132.310   37.724       4.0473
-132.310   42.043       4.0473
-132.310   46.361       4.0473
-132.310   50.680       4.0473
-132.310   54.998       4.0473
-132.310   59.317       4.0473
-132.310   63.635       4.0473
-132.310   67.953       4.0473
-132.310   72.272       4.0473
-132.310   76.590       4.0473
-132.310   80.909       4.0473
-132.310   85.227       4.0473
-132.310   89.546       4.0473
-132.310   93.864       4.0473
-132.310   98.182       4.0473
-132.310  102.501       4.0473
-132.310  106.819       4.0473
-132.310  111.138       4.0473
-132.310  115.456       4.0473
-132.310  119.774       4.0473
-132.310  124.093       4.0473
-132.310  128.411       4.0473
-132.310  132.730       4.0473
-132.310  137.048       4.0473
-132.310  141.367       4.0473
-132.310  145.685       4.0473
-132.310  150.003       4.0473
-132.310  154.322       4.0473
-132.310  158.640       4.0473
-132.310  162.959       4.0473
-132.310  167.277       4.0473
-132.310  171.595       4.0473
-132.310  175.914       4.0473
-132.310  180.232       3.6341
-132.310  184.551       2.8076
-132.310  188.869       3.2209
-132.310  193.188       2.5659
-132.310  197.506       1.4058
-132.310  201.824       1.3388
-132.310  206.143       1.6692
-132.310  210.461       1.8191
-132.310  214.780       2.0608
-132.310  219.098       2.0608
-132.310  223.417       1.9110
-132.310  227.735       1.4977
-132.310  232.053       1.9812
-132.310  236.372       2.6746
-132.310  240.690       2.2614
-132.310  245.009       2.0608
-132.310  249.327       1.3262
-132.310  253.645       1.4977
-132.310  257.964       1.3139
-132.310  262.282       1.0928
-132.310  266.601       1.1547
-132.310  270.919       1.6266
-132.310  275.238       2.3242
-129.055 -152.286       4.0473
-129.055 -147.968       4.0473
-129.055 -143.649       4.0473
-129.055 -139.331       4.0473
-129.055 -135.012       4.0473
-129.055 -130.694       4.0473
-129.055 -126.375       4.0473
-129.055 -122.057       4.0473
-129.055 -117.739       4.0473
-129.055 -113.420       4.0473
-129.055 -109.102       4.0473
-129.055 -104.783       4.0473
-129.055 -100.465       4.0473
-129.055  -96.147       4.0473
-129.055  -91.828       4.0473
-129.055  -87.510       4.0473
-129.055  -83.191       2.9791
-129.055  -78.873       1.9812
-129.055  -74.554       1.3388
-129.055  -70.236       0.9581
-129.055  -65.918       1.0682
-129.055  -61.599       1.2451
-129.055  -57.281       2.1050
-129.055  -52.962       4.0473
-129.055  -48.644       4.0473
-129.055  -44.326       4.0473
-129.055  -40.007       4.0473
-129.055  -35.689       4.0473
-129.055  -31.370       4.0473
-129.055  -27.052       4.0473
-129.055  -22.733       4.0473
-129.055  -18.415       4.0473
-129.055  -14.097       4.0473
-129.055   -9.778       4.0473
-129.055   -5.460       4.0473
-129.055   -1.141       4.0473
-129.055    3.177       4.0473
-129.055    7.496       4.0473
-129.055   11.814       4.0473
-129.055   16.132       4.0473
-129.055   20.451       4.0473
-129.055   24.769       4.0473
-129.055   29.088       4.0473
-129.055   33.406       4.0473
-129.055   37.724       4.0473
-129.055   42.043       4.0473
-129.055   46.361       4.0473
-129.055   50.680       4.0473
-129.055   54.998       4.0473
-129.055   59.317       4.0473
-129.055   63.635       4.0473
-129.055   67.953       4.0473
-129.055   72.272       4.0473
-129.055   76.590       4.0473
-129.055   80.909       4.0473
-129.055   85.227       4.0473
-129.055   89.546       4.0473
-129.055   93.864       4.0473
-129.055   98.182       4.0473
-129.055  102.501       4.0473
-129.055  106.819       4.0473
-129.055  111.138       4.0473
-129.055  115.456       4.0473
-129.055  119.774       4.0473
-129.055  124.093       4.0473
-129.055  128.411       4.0473
-129.055  132.730       4.0473
-129.055  137.048       4.0473
-129.055  141.367       4.0473
-129.055  145.685       4.0473
-129.055  150.003       4.0473
-129.055  154.322       4.0473
-129.055  158.640       4.0473
-129.055  162.959       4.0473
-129.055  167.277       4.0473
-129.055  171.595       4.0473
-129.055  175.914       4.0473
-129.055  180.232       4.0473
-129.055  184.551       4.0473
-129.055  188.869       4.0473
-129.055  193.188       3.6341
-129.055  197.506       2.2046
-129.055  201.824       1.7913
-129.055  206.143       1.5680
-129.055  210.461       1.4814
-129.055  214.780       2.3242
-129.055  219.098       2.3944
-129.055  223.417       2.0608
-129.055  227.735       1.5496
-129.055  232.053       1.6064
-129.055  236.372       1.9812
-129.055  240.690       2.2046
-129.055  245.009       2.3944
-129.055  249.327       1.4655
-129.055  253.645       1.5145
-129.055  257.964       1.5145
-129.055  262.282       1.3918
-129.055  266.601       1.3019
-129.055  270.919       2.0197
-129.055  275.238       2.9791
-125.799 -152.286       4.0473
-125.799 -147.968       4.0473
-125.799 -143.649       4.0473
-125.799 -139.331       4.0473
-125.799 -135.012       4.0473
-125.799 -130.694       4.0473
-125.799 -126.375       4.0473
-125.799 -122.057       4.0473
-125.799 -117.739       4.0473
-125.799 -113.420       4.0473
-125.799 -109.102       4.0473
-125.799 -104.783       4.0473
-125.799 -100.465       4.0473
-125.799  -96.147       4.0473
-125.799  -91.828       4.0473
-125.799  -87.510       4.0473
-125.799  -83.191       4.0473
-125.799  -78.873       1.8482
-125.799  -74.554       1.3781
-125.799  -70.236       1.2134
-125.799  -65.918       1.1186
-125.799  -61.599       1.3647
-125.799  -57.281       1.9110
-125.799  -52.962       3.6341
-125.799  -48.644       4.0473
-125.799  -44.326       4.0473
-125.799  -40.007       4.0473
-125.799  -35.689       4.0473
-125.799  -31.370       4.0473
-125.799  -27.052       4.0473
-125.799  -22.733       4.0473
-125.799  -18.415       4.0473
-125.799  -14.097       4.0473
-125.799   -9.778       4.0473
-125.799   -5.460       4.0473
-125.799   -1.141       4.0473
-125.799    3.177       4.0473
-125.799    7.496       4.0473
-125.799   11.814       4.0473
-125.799   16.132       4.0473
-125.799   20.451       4.0473
-125.799   24.769       4.0473
-125.799   29.088       4.0473
-125.799   33.406       4.0473
-125.799   37.724       4.0473
-125.799   42.043       4.0473
-125.799   46.361       4.0473
-125.799   50.680       4.0473
-125.799   54.998       4.0473
-125.799   59.317       4.0473
-125.799   63.635       4.0473
-125.799   67.953       4.0473
-125.799   72.272       4.0473
-125.799   76.590       4.0473
-125.799   80.909       4.0473
-125.799   85.227       4.0473
-125.799   89.546       4.0473
-125.799   93.864       4.0473
-125.799   98.182       4.0473
-125.799  102.501       4.0473
-125.799  106.819       4.0473
-125.799  111.138       4.0473
-125.799  115.456       4.0473
-125.799  119.774       4.0473
-125.799  124.093       4.0473
-125.799  128.411       4.0473
-125.799  132.730       4.0473
-125.799  137.048       4.0473
-125.799  141.367       4.0473
-125.799  145.685       4.0473
-125.799  150.003       4.0473
-125.799  154.322       4.0473
-125.799  158.640       4.0473
-125.799  162.959       4.0473
-125.799  167.277       4.0473
-125.799  171.595       4.0473
-125.799  175.914       4.0473
-125.799  180.232       4.0473
-125.799  184.551       3.6341
-125.799  188.869       4.0473
-125.799  193.188       3.2209
-125.799  197.506       2.0197
-125.799  201.824       1.8482
-125.799  206.143       1.6692
-125.799  210.461       1.6917
-125.799  214.780       1.8787
-125.799  219.098       2.3944
-125.799  223.417       2.1050
-125.799  227.735       1.5318
-125.799  232.053       1.4655
-125.799  236.372       1.7648
-125.799  240.690       2.0608
-125.799  245.009       2.2614
-125.799  249.327       1.7648
-125.799  253.645       1.4202
-125.799  257.964       1.6476
-125.799  262.282       1.5496
-125.799  266.601       1.1547
-125.799  270.919       2.1527
-125.799  275.238       4.0473
-122.543 -152.286       4.0473
-122.543 -147.968       4.0473
-122.543 -143.649       4.0473
-122.543 -139.331       4.0473
-122.543 -135.012       4.0473
-122.543 -130.694       4.0473
-122.543 -126.375       4.0473
-122.543 -122.057       4.0473
-122.543 -117.739       4.0473
-122.543 -113.420       4.0473
-122.543 -109.102       4.0473
-122.543 -104.783       4.0473
-122.543 -100.465       4.0473
-122.543  -96.147       4.0473
-122.543  -91.828       4.0473
-122.543  -87.510       4.0473
-122.543  -83.191       4.0473
-122.543  -78.873       1.8787
-122.543  -74.554       1.6064
-122.543  -70.236       1.8787
-122.543  -65.918       1.5496
-122.543  -61.599       1.4655
-122.543  -57.281       1.6917
-122.543  -52.962       2.3242
-122.543  -48.644       4.0473
-122.543  -44.326       4.0473
-122.543  -40.007       4.0473
-122.543  -35.689       4.0473
-122.543  -31.370       4.0473
-122.543  -27.052       4.0473
-122.543  -22.733       4.0473
-122.543  -18.415       4.0473
-122.543  -14.097       4.0473
-122.543   -9.778       4.0473
-122.543   -5.460       4.0473
-122.543   -1.141       4.0473
-122.543    3.177       4.0473
-122.543    7.496       4.0473
-122.543   11.814       4.0473
-122.543   16.132       4.0473
-122.543   20.451       4.0473
-122.543   24.769       4.0473
-122.543   29.088       4.0473
-122.543   33.406       4.0473
-122.543   37.724       4.0473
-122.543   42.043       4.0473
-122.543   46.361       4.0473
-122.543   50.680       4.0473
-122.543   54.998       4.0473
-122.543   59.317       4.0473
-122.543   63.635       4.0473
-122.543   67.953       4.0473
-122.543   72.272       4.0473
-122.543   76.590       4.0473
-122.543   80.909       4.0473
-122.543   85.227       4.0473
-122.543   89.546       4.0473
-122.543   93.864       4.0473
-122.543   98.182       4.0473
-122.543  102.501       4.0473
-122.543  106.819       4.0473
-122.543  111.138       4.0473
-122.543  115.456       4.0473
-122.543  119.774       4.0473
-122.543  124.093       4.0473
-122.543  128.411       4.0473
-122.543  132.730       4.0473
-122.543  137.048       4.0473
-122.543  141.367       4.0473
-122.543  145.685       4.0473
-122.543  150.003       4.0473
-122.543  154.322       4.0473
-122.543  158.640       4.0473
-122.543  162.959       4.0473
-122.543  167.277       4.0473
-122.543  171.595       4.0473
-122.543  175.914       4.0473
-122.543  180.232       3.2209
-122.543  184.551       2.3242
-122.543  188.869       2.6746
-122.543  193.188       2.3944
-122.543  197.506       2.0197
-122.543  201.824       1.6917
-122.543  206.143       2.0608
-122.543  210.461       2.2614
-122.543  214.780       4.0473
-122.543  219.098       2.8076
-122.543  223.417       3.2209
-122.543  227.735       1.6064
-122.543  232.053       1.5680
-122.543  236.372       1.8191
-122.543  240.690       2.4740
-122.543  245.009       2.0197
-122.543  249.327       1.4977
-122.543  253.645       1.5318
-122.543  257.964       1.5869
-122.543  262.282       1.5145
-122.543  266.601       1.5318
-122.543  270.919       2.9791
-122.543  275.238       3.6341
-119.288 -152.286       4.0473
-119.288 -147.968       4.0473
-119.288 -143.649       4.0473
-119.288 -139.331       4.0473
-119.288 -135.012       4.0473
-119.288 -130.694       4.0473
-119.288 -126.375       4.0473
-119.288 -122.057       4.0473
-119.288 -117.739       4.0473
-119.288 -113.420       4.0473
-119.288 -109.102       4.0473
-119.288 -104.783       4.0473
-119.288 -100.465       4.0473
-119.288  -96.147       4.0473
-119.288  -91.828       4.0473
-119.288  -87.510       4.0473
-119.288  -83.191       4.0473
-119.288  -78.873       2.1050
-119.288  -74.554       1.5680
-119.288  -70.236       1.3516
-119.288  -65.918       1.7648
-119.288  -61.599       1.7648
-119.288  -57.281       1.6917
-119.288  -52.962       1.5869
-119.288  -48.644       2.6746
-119.288  -44.326       4.0473
-119.288  -40.007       4.0473
-119.288  -35.689       4.0473
-119.288  -31.370       4.0473
-119.288  -27.052       4.0473
-119.288  -22.733       4.0473
-119.288  -18.415       4.0473
-119.288  -14.097       4.0473
-119.288   -9.778       4.0473
-119.288   -5.460       4.0473
-119.288   -1.141       4.0473
-119.288    3.177       4.0473
-119.288    7.496       4.0473
-119.288   11.814       4.0473
-119.288   16.132       4.0473
-119.288   20.451       4.0473
-119.288   24.769       4.0473
-119.288   29.088       4.0473
-119.288   33.406       4.0473
-119.288   37.724       4.0473
-119.288   42.043       4.0473
-119.288   46.361       4.0473
-119.288   50.680       4.0473
-119.288   54.998       4.0473
-119.288   59.317       4.0473
-119.288   63.635       4.0473
-119.288   67.953       4.0473
-119.288   72.272       4.0473
-119.288   76.590       4.0473
-119.288   80.909       4.0473
-119.288   85.227       4.0473
-119.288   89.546       4.0473
-119.288   93.864       4.0473
-119.288   98.182       4.0473
-119.288  102.501       4.0473
-119.288  106.819       4.0473
-119.288  111.138       4.0473
-119.288  115.456       4.0473
-119.288  119.774       4.0473
-119.288  124.093       4.0473
-119.288  128.411       4.0473
-119.288  132.730       4.0473
-119.288  137.048       4.0473
-119.288  141.367       4.0473
-119.288  145.685       4.0473
-119.288  150.003       4.0473
-119.288  154.322       4.0473
-119.288  158.640       4.0473
-119.288  162.959       4.0473
-119.288  167.277       4.0473
-119.288  171.595       4.0473
-119.288  175.914       4.0473
-119.288  180.232       3.6341
-119.288  184.551       2.2614
-119.288  188.869       2.3944
-119.288  193.188       2.0608
-119.288  197.506       1.8787
-119.288  201.824       2.1050
-119.288  206.143       2.0608
-119.288  210.461       3.2209
-119.288  214.780       3.6341
-119.288  219.098       2.9791
-119.288  223.417       3.6341
-119.288  227.735       2.2614
-119.288  232.053       2.1050
-119.288  236.372       2.0197
-119.288  240.690       2.1527
-119.288  245.009       2.2046
-119.288  249.327       1.4977
-119.288  253.645       1.1013
-119.288  257.964       1.2238
-119.288  262.282       1.2901
-119.288  266.601       1.8191
-119.288  270.919       2.9791
-119.288  275.238       2.9791
-116.033 -152.286       4.0473
-116.033 -147.968       4.0473
-116.033 -143.649       4.0473
-116.033 -139.331       4.0473
-116.033 -135.012       4.0473
-116.033 -130.694       4.0473
-116.033 -126.375       4.0473
-116.033 -122.057       4.0473
-116.033 -117.739       4.0473
-116.033 -113.420       4.0473
-116.033 -109.102       4.0473
-116.033 -104.783       4.0473
-116.033 -100.465       4.0473
-116.033  -96.147       4.0473
-116.033  -91.828       4.0473
-116.033  -87.510       4.0473
-116.033  -83.191       4.0473
-116.033  -78.873       2.3242
-116.033  -74.554       1.5318
-116.033  -70.236       1.4349
-116.033  -65.918       1.5869
-116.033  -61.599       1.9812
-116.033  -57.281       1.8787
-116.033  -52.962       2.0197
-116.033  -48.644       2.5659
-116.033  -44.326       4.0473
-116.033  -40.007       4.0473
-116.033  -35.689       4.0473
-116.033  -31.370       4.0473
-116.033  -27.052       4.0473
-116.033  -22.733       4.0473
-116.033  -18.415       4.0473
-116.033  -14.097       4.0473
-116.033   -9.778       4.0473
-116.033   -5.460       4.0473
-116.033   -1.141       4.0473
-116.033    3.177       4.0473
-116.033    7.496       4.0473
-116.033   11.814       4.0473
-116.033   16.132       4.0473
-116.033   20.451       4.0473
-116.033   24.769       4.0473
-116.033   29.088       4.0473
-116.033   33.406       4.0473
-116.033   37.724       4.0473
-116.033   42.043       4.0473
-116.033   46.361       4.0473
-116.033   50.680       4.0473
-116.033   54.998       4.0473
-116.033   59.317       4.0473
-116.033   63.635       4.0473
-116.033   67.953       4.0473
-116.033   72.272       4.0473
-116.033   76.590       4.0473
-116.033   80.909       4.0473
-116.033   85.227       4.0473
-116.033   89.546       4.0473
-116.033   93.864       4.0473
-116.033   98.182       4.0473
-116.033  102.501       4.0473
-116.033  106.819       4.0473
-116.033  111.138       4.0473
-116.033  115.456       4.0473
-116.033  119.774       4.0473
-116.033  124.093       4.0473
-116.033  128.411       4.0473
-116.033  132.730       4.0473
-116.033  137.048       4.0473
-116.033  141.367       4.0473
-116.033  145.685       4.0473
-116.033  150.003       4.0473
-116.033  154.322       4.0473
-116.033  158.640       4.0473
-116.033  162.959       4.0473
-116.033  167.277       4.0473
-116.033  171.595       4.0473
-116.033  175.914       4.0473
-116.033  180.232       2.5659
-116.033  184.551       2.2046
-116.033  188.869       2.5659
-116.033  193.188       2.3242
-116.033  197.506       2.9791
-116.033  201.824       2.8076
-116.033  206.143       3.2209
-116.033  210.461       4.0473
-116.033  214.780       2.6746
-116.033  219.098       3.6341
-116.033  223.417       4.0473
-116.033  227.735       4.0473
-116.033  232.053       2.3944
-116.033  236.372       1.8787
-116.033  240.690       2.4740
-116.033  245.009       2.2614
-116.033  249.327       1.6917
-116.033  253.645       1.3019
-116.033  257.964       1.1455
-116.033  262.282       2.0197
-116.033  266.601       1.9110
-116.033  270.919       4.0473
-116.033  275.238       3.6341
-112.777 -152.286       4.0473
-112.777 -147.968       4.0473
-112.777 -143.649       4.0473
-112.777 -139.331       4.0473
-112.777 -135.012       4.0473
-112.777 -130.694       4.0473
-112.777 -126.375       4.0473
-112.777 -122.057       4.0473
-112.777 -117.739       4.0473
-112.777 -113.420       4.0473
-112.777 -109.102       4.0473
-112.777 -104.783       4.0473
-112.777 -100.465       4.0473
-112.777  -96.147       4.0473
-112.777  -91.828       4.0473
-112.777  -87.510       4.0473
-112.777  -83.191       4.0473
-112.777  -78.873       2.6746
-112.777  -74.554       2.1527
-112.777  -70.236       1.4058
-112.777  -65.918       1.4655
-112.777  -61.599       1.6266
-112.777  -57.281       1.6266
-112.777  -52.962       2.2046
-112.777  -48.644       2.2614
-112.777  -44.326       3.2209
-112.777  -40.007       4.0473
-112.777  -35.689       4.0473
-112.777  -31.370       4.0473
-112.777  -27.052       4.0473
-112.777  -22.733       4.0473
-112.777  -18.415       4.0473
-112.777  -14.097       4.0473
-112.777   -9.778       4.0473
-112.777   -5.460       4.0473
-112.777   -1.141       4.0473
-112.777    3.177       4.0473
-112.777    7.496       4.0473
-112.777   11.814       4.0473
-112.777   16.132       4.0473
-112.777   20.451       4.0473
-112.777   24.769       4.0473
-112.777   29.088       4.0473
-112.777   33.406       4.0473
-112.777   37.724       4.0473
-112.777   42.043       4.0473
-112.777   46.361       4.0473
-112.777   50.680       4.0473
-112.777   54.998       4.0473
-112.777   59.317       4.0473
-112.777   63.635       4.0473
-112.777   67.953       4.0473
-112.777   72.272       4.0473
-112.777   76.590       4.0473
-112.777   80.909       4.0473
-112.777   85.227       4.0473
-112.777   89.546       4.0473
-112.777   93.864       4.0473
-112.777   98.182       4.0473
-112.777  102.501       4.0473
-112.777  106.819       4.0473
-112.777  111.138       4.0473
-112.777  115.456       4.0473
-112.777  119.774       4.0473
-112.777  124.093       4.0473
-112.777  128.411       4.0473
-112.777  132.730       4.0473
-112.777  137.048       4.0473
-112.777  141.367       4.0473
-112.777  145.685       4.0473
-112.777  150.003       4.0473
-112.777  154.322       4.0473
-112.777  158.640       4.0473
-112.777  162.959       4.0473
-112.777  167.277       4.0473
-112.777  171.595       4.0473
-112.777  175.914       4.0473
-112.777  180.232       3.2209
-112.777  184.551       3.6341
-112.777  188.869       2.2614
-112.777  193.188       2.5659
-112.777  197.506       2.6746
-112.777  201.824       4.0473
-112.777  206.143       3.2209
-112.777  210.461       3.2209
-112.777  214.780       3.2209
-112.777  219.098       2.5659
-112.777  223.417       4.0473
-112.777  227.735       3.2209
-112.777  232.053       2.6746
-112.777  236.372       2.6746
-112.777  240.690       2.6746
-112.777  245.009       2.8076
-112.777  249.327       1.8787
-112.777  253.645       1.8482
-112.777  257.964       1.3262
-112.777  262.282       1.8482
-112.777  266.601       2.8076
-112.777  270.919       4.0473
-112.777  275.238       4.0473
-109.522 -152.286       4.0473
-109.522 -147.968       4.0473
-109.522 -143.649       4.0473
-109.522 -139.331       4.0473
-109.522 -135.012       4.0473
-109.522 -130.694       4.0473
-109.522 -126.375       4.0473
-109.522 -122.057       4.0473
-109.522 -117.739       4.0473
-109.522 -113.420       4.0473
-109.522 -109.102       4.0473
-109.522 -104.783       4.0473
-109.522 -100.465       4.0473
-109.522  -96.147       4.0473
-109.522  -91.828       4.0473
-109.522  -87.510       4.0473
-109.522  -83.191       4.0473
-109.522  -78.873       3.2209
-109.522  -74.554       2.3242
-109.522  -70.236       2.3242
-109.522  -65.918       2.9791
-109.522  -61.599       2.1527
-109.522  -57.281       1.9812
-109.522  -52.962       2.3944
-109.522  -48.644       1.9812
-109.522  -44.326       3.2209
-109.522  -40.007       4.0473
-109.522  -35.689       4.0473
-109.522  -31.370       4.0473
-109.522  -27.052       4.0473
-109.522  -22.733       4.0473
-109.522  -18.415       4.0473
-109.522  -14.097       4.0473
-109.522   -9.778       4.0473
-109.522   -5.460       4.0473
-109.522   -1.141       4.0473
-109.522    3.177       4.0473
-109.522    7.496       4.0473
-109.522   11.814       4.0473
-109.522   16.132       4.0473
-109.522   20.451       4.0473
-109.522   24.769       4.0473
-109.522   29.088       4.0473
-109.522   33.406       4.0473
-109.522   37.724       4.0473
-109.522   42.043       4.0473
-109.522   46.361       4.0473
-109.522   50.680       4.0473
-109.522   54.998       4.0473
-109.522   59.317       4.0473
-109.522   63.635       4.0473
-109.522   67.953       4.0473
-109.522   72.272       4.0473
-109.522   76.590       4.0473
-109.522   80.909       4.0473
-109.522   85.227       4.0473
-109.522   89.546       4.0473
-109.522   93.864       4.0473
-109.522   98.182       4.0473
-109.522  102.501       4.0473
-109.522  106.819       4.0473
-109.522  111.138       4.0473
-109.522  115.456       4.0473
-109.522  119.774       4.0473
-109.522  124.093       4.0473
-109.522  128.411       4.0473
-109.522  132.730       4.0473
-109.522  137.048       4.0473
-109.522  141.367       4.0473
-109.522  145.685       4.0473
-109.522  150.003       4.0473
-109.522  154.322       4.0473
-109.522  158.640       4.0473
-109.522  162.959       4.0473
-109.522  167.277       4.0473
-109.522  171.595       4.0473
-109.522  175.914       3.6341
-109.522  180.232       3.2209
-109.522  184.551       3.2209
-109.522  188.869       2.3944
-109.522  193.188       2.5659
-109.522  197.506       3.2209
-109.522  201.824       3.6341
-109.522  206.143       3.6341
-109.522  210.461       4.0473
-109.522  214.780       4.0473
-109.522  219.098       4.0473
-109.522  223.417       4.0473
-109.522  227.735       4.0473
-109.522  232.053       4.0473
-109.522  236.372       4.0473
-109.522  240.690       4.0473
-109.522  245.009       3.6341
-109.522  249.327       2.3242
-109.522  253.645       1.7648
-109.522  257.964       2.2614
-109.522  262.282       1.9812
-109.522  266.601       2.4740
-109.522  270.919       4.0473
-109.522  275.238       4.0473
-106.266 -152.286       4.0473
-106.266 -147.968       4.0473
-106.266 -143.649       4.0473
-106.266 -139.331       4.0473
-106.266 -135.012       4.0473
-106.266 -130.694       4.0473
-106.266 -126.375       4.0473
-106.266 -122.057       4.0473
-106.266 -117.739       4.0473
-106.266 -113.420       4.0473
-106.266 -109.102       4.0473
-106.266 -104.783       4.0473
-106.266 -100.465       4.0473
-106.266  -96.147       4.0473
-106.266  -91.828       4.0473
-106.266  -87.510       4.0473
-106.266  -83.191       4.0473
-106.266  -78.873       4.0473
-106.266  -74.554       2.9791
-106.266  -70.236       3.2209
-106.266  -65.918       2.2046
-106.266  -61.599       1.8787
-106.266  -57.281       1.9110
-106.266  -52.962       2.0197
-106.266  -48.644       2.6746
-106.266  -44.326       3.6341
-106.266  -40.007       4.0473
-106.266  -35.689       4.0473
-106.266  -31.370       4.0473
-106.266  -27.052       4.0473
-106.266  -22.733       4.0473
-106.266  -18.415       4.0473
-106.266  -14.097       4.0473
-106.266   -9.778       4.0473
-106.266   -5.460       4.0473
-106.266   -1.141       4.0473
-106.266    3.177       4.0473
-106.266    7.496       4.0473
-106.266   11.814       4.0473
-106.266   16.132       4.0473
-106.266   20.451       4.0473
-106.266   24.769       4.0473
-106.266   29.088       4.0473
-106.266   33.406       4.0473
-106.266   37.724       4.0473
-106.266   42.043       4.0473
-106.266   46.361       4.0473
-106.266   50.680       4.0473
-106.266   54.998       4.0473
-106.266   59.317       4.0473
-106.266   63.635       4.0473
-106.266   67.953       4.0473
-106.266   72.272       4.0473
-106.266   76.590       4.0473
-106.266   80.909       4.0473
-106.266   85.227       4.0473
-106.266   89.546       4.0473
-106.266   93.864       4.0473
-106.266   98.182       4.0473
-106.266  102.501       4.0473
-106.266  106.819       4.0473
-106.266  111.138       4.0473
-106.266  115.456       4.0473
-106.266  119.774       4.0473
-106.266  124.093       4.0473
-106.266  128.411       4.0473
-106.266  132.730       4.0473
-106.266  137.048       4.0473
-106.266  141.367       4.0473
-106.266  145.685       4.0473
-106.266  150.003       4.0473
-106.266  154.322       4.0473
-106.266  158.640       4.0473
-106.266  162.959       4.0473
-106.266  167.277       4.0473
-106.266  171.595       3.2209
-106.266  175.914       3.2209
-106.266  180.232       3.2209
-106.266  184.551       2.5659
-106.266  188.869       2.1527
-106.266  193.188       2.2614
-106.266  197.506       2.9791
-106.266  201.824       4.0473
-106.266  206.143       4.0473
-106.266  210.461       4.0473
-106.266  214.780       4.0473
-106.266  219.098       4.0473
-106.266  223.417       4.0473
-106.266  227.735       4.0473
-106.266  232.053       4.0473
-106.266  236.372       4.0473
-106.266  240.690       4.0473
-106.266  245.009       4.0473
-106.266  249.327       2.2614
-106.266  253.645       2.0608
-106.266  257.964       2.2046
-106.266  262.282       2.3242
-106.266  266.601       2.8076
-106.266  270.919       4.0473
-106.266  275.238       4.0473
-103.011 -152.286       4.0473
-103.011 -147.968       4.0473
-103.011 -143.649       4.0473
-103.011 -139.331       4.0473
-103.011 -135.012       4.0473
-103.011 -130.694       4.0473
-103.011 -126.375       4.0473
-103.011 -122.057       4.0473
-103.011 -117.739       4.0473
-103.011 -113.420       4.0473
-103.011 -109.102       4.0473
-103.011 -104.783       4.0473
-103.011 -100.465       4.0473
-103.011  -96.147       4.0473
-103.011  -91.828       4.0473
-103.011  -87.510       4.0473
-103.011  -83.191       4.0473
-103.011  -78.873       4.0473
-103.011  -74.554       4.0473
-103.011  -70.236       3.6341
-103.011  -65.918       2.3242
-103.011  -61.599       1.6064
-103.011  -57.281       1.9450
-103.011  -52.962       2.2046
-103.011  -48.644       3.2209
-103.011  -44.326       3.6341
-103.011  -40.007       4.0473
-103.011  -35.689       4.0473
-103.011  -31.370       4.0473
-103.011  -27.052       4.0473
-103.011  -22.733       4.0473
-103.011  -18.415       4.0473
-103.011  -14.097       4.0473
-103.011   -9.778       4.0473
-103.011   -5.460       4.0473
-103.011   -1.141       4.0473
-103.011    3.177       4.0473
-103.011    7.496       4.0473
-103.011   11.814       4.0473
-103.011   16.132       4.0473
-103.011   20.451       4.0473
-103.011   24.769       4.0473
-103.011   29.088       4.0473
-103.011   33.406       4.0473
-103.011   37.724       4.0473
-103.011   42.043       4.0473
-103.011   46.361       4.0473
-103.011   50.680       4.0473
-103.011   54.998       4.0473
-103.011   59.317       4.0473
-103.011   63.635       4.0473
-103.011   67.953       4.0473
-103.011   72.272       4.0473
-103.011   76.590       4.0473
-103.011   80.909       4.0473
-103.011   85.227       4.0473
-103.011   89.546       4.0473
-103.011   93.864       4.0473
-103.011   98.182       4.0473
-103.011  102.501       4.0473
-103.011  106.819       4.0473
-103.011  111.138       4.0473
-103.011  115.456       4.0473
-103.011  119.774       4.0473
-103.011  124.093       4.0473
-103.011  128.411       4.0473
-103.011  132.730       4.0473
-103.011  137.048       4.0473
-103.011  141.367       4.0473
-103.011  145.685       4.0473
-103.011  150.003       4.0473
-103.011  154.322       4.0473
-103.011  158.640       4.0473
-103.011  162.959       4.0473
-103.011  167.277       4.0473
-103.011  171.595       3.6341
-103.011  175.914       2.8076
-103.011  180.232       2.9791
-103.011  184.551       2.3944
-103.011  188.869       2.5659
-103.011  193.188       2.6746
-103.011  197.506       4.0473
-103.011  201.824       4.0473
-103.011  206.143       4.0473
-103.011  210.461       4.0473
-103.011  214.780       4.0473
-103.011  219.098       4.0473
-103.011  223.417       4.0473
-103.011  227.735       4.0473
-103.011  232.053       4.0473
-103.011  236.372       4.0473
-103.011  240.690       4.0473
-103.011  245.009       3.6341
-103.011  249.327       2.9791
-103.011  253.645       2.1050
-103.011  257.964       2.3242
-103.011  262.282       2.6746
-103.011  266.601       4.0473
-103.011  270.919       4.0473
-103.011  275.238       4.0473
 -99.755 -152.286       4.0473
 -99.755 -147.968       4.0473
 -99.755 -143.649       4.0473
 -99.755 -139.331       4.0473
 -99.755 -135.012       4.0473
 -99.755 -130.694       4.0473
 -99.755 -126.375       4.0473
 -99.755 -122.057       4.0473
 -99.755 -117.739       4.0473
 -99.755 -113.420       4.0473
 -99.755 -109.102       4.0473
 -99.755 -104.783       4.0473
 -99.755 -100.465       4.0473
 -99.755  -96.147       4.0473
 -99.755  -91.828       4.0473
 -99.755  -87.510       4.0473
 -99.755  -83.191       4.0473
 -99.755  -78.873       4.0473
 -99.755  -74.554       4.0473
 -99.755  -70.236       4.0473
 -99.755  -65.918       2.8076
 -99.755  -61.599       1.7913
 -99.755  -57.281       2.0608
 -99.755  -52.962       2.0608
 -99.755  -48.644       2.5659
 -99.755  -44.326       4.0473
 -99.755  -40.007       4.0473
 -99.755  -35.689       4.0473
 -99.755  -31.370       4.0473
 -99.755  -27.052       4.0473
 -99.755  -22.733       4.0473
 -99.755  -18.415       4.0473
 -99.755  -14.097       4.0473
 -99.755   -9.778       4.0473
 -99.755   -5.460       4.0473
 -99.755   -1.141       4.0473
 -99.755    3.177       4.0473
 -99.755    7.496       4.0473
 -99.755   11.814       4.0473
 -99.755   16.132       4.0473
 -99.755   20.451       4.0473
 -99.755   24.769       4.0473
 -99.755   29.088       4.0473
 -99.755   33.406       4.0473
 -99.755   37.724       4.0473
 -99.755   42.043       4.0473
 -99.755   46.361       4.0473
 -99.755   50.680       4.0473
 -99.755   54.998       4.0473
 -99.755   59.317       4.0473
 -99.755   63.635       4.0473
 -99.755   67.953       4.0473
 -99.755   72.272       4.0473
 -99.755   76.590       4.0473
 -99.755   80.909       4.0473
 -99.755   85.227       4.0473
 -99.755   89.546       4.0473
 -99.755   93.864       4.0473
 -99.755   98.182       4.0473
 -99.755  102.501       4.0473
 -99.755  106.819       4.0473
 -99.755  111.138       4.0473
 -99.755  115.456       4.0473
 -99.755  119.774       4.0473
 -99.755  124.093       4.0473
 -99.755  128.411       4.0473
 -99.755  132.730       4.0473
 -99.755  137.048       4.0473
 -99.755  141.367       4.0473
 -99.755  145.685       4.0473
 -99.755  150.003       4.0473
 -99.755  154.322       4.0473
 -99.755  158.640       4.0473
 -99.755  162.959       4.0473
 -99.755  167.277       4.0473
 -99.755  171.595       4.0473
 -99.755  175.914       3.6341
 -99.755  180.232       3.2209
 -99.755  184.551       3.2209
 -99.755  188.869       2.2614
 -99.755  193.188       2.8076
 -99.755  197.506       2.8076
 -99.755  201.824       4.0473
 -99.755  206.143       4.0473
 -99.755  210.461       4.0473
 -99.755  214.780       4.0473
 -99.755  219.098       4.0473
 -99.755  223.417       4.0473
 -99.755  227.735       4.0473
 -99.755  232.053       4.0473
 -99.755  236.372       4.0473
 -99.755  240.690       4.0473
 -99.755  245.009       4.0473
 -99.755  249.327       2.5659
 -99.755  253.645       2.5659
 -99.755  257.964       2.4740
 -99.755  262.282       4.0473
 -99.755  266.601       4.0473
 -99.755  270.919       4.0473
 -99.755  275.238       4.0473
 -96.500 -152.286       4.0473
 -96.500 -147.968       4.0473
 -96.500 -143.649       4.0473
 -96.500 -139.331       4.0473
 -96.500 -135.012       4.0473
 -96.500 -130.694       4.0473
 -96.500 -126.375       4.0473
 -96.500 -122.057       4.0473
 -96.500 -117.739       4.0473
 -96.500 -113.420       4.0473
 -96.500 -109.102       4.0473
 -96.500 -104.783       4.0473
 -96.500 -100.465       4.0473
 -96.500  -96.147       4.0473
 -96.500  -91.828       4.0473
 -96.500  -87.510       4.0473
 -96.500  -83.191       4.0473
 -96.500  -78.873       4.0473
 -96.500  -74.554       4.0473
 -96.500  -70.236       4.0473
 -96.500  -65.918       3.2209
 -96.500  -61.599       1.7395
 -96.500  -57.281       1.6692
 -96.500  -52.962       2.9791
 -96.500  -48.644       2.9791
 -96.500  -44.326       4.0473
 -96.500  -40.007       4.0473
 -96.500  -35.689       4.0473
 -96.500  -31.370       4.0473
 -96.500  -27.052       4.0473
 -96.500  -22.733       4.0473
 -96.500  -18.415       4.0473
 -96.500  -14.097       4.0473
 -96.500   -9.778       4.0473
 -96.500   -5.460       4.0473
 -96.500   -1.141       4.0473
 -96.500    3.177       4.0473
 -96.500    7.496       4.0473
 -96.500   11.814       4.0473
 -96.500   16.132       4.0473
 -96.500   20.451       4.0473
 -96.500   24.769       4.0473
 -96.500   29.088       4.0473
 -96.500   33.406       4.0473
 -96.500   37.724       4.0473
 -96.500   42.043       4.0473
 -96.500   46.361       4.0473
 -96.500   50.680       4.0473
 -96.500   54.998       4.0473
 -96.500   59.317       4.0473
 -96.500   63.635       4.0473
 -96.500   67.953       4.0473
 -96.500   72.272       4.0473
 -96.500   76.590       4.0473
 -96.500   80.909       4.0473
 -96.500   85.227       4.0473
 -96.500   89.546       4.0473
 -96.500   93.864       4.0473
 -96.500   98.182       4.0473
 -96.500  102.501       4.0473
 -96.500  106.819       4.0473
 -96.500  111.138       4.0473
 -96.500  115.456       4.0473
 -96.500  119.774       4.0473
 -96.500  124.093       4.0473
 -96.500  128.411       4.0473
 -96.500  132.730       4.0473
 -96.500  137.048       4.0473
 -96.500  141.367       4.0473
 -96.500  145.685       4.0473
 -96.500  150.003       4.0473
 -96.500  154.322       4.0473
 -96.500  158.640       4.0473
 -96.500  162.959       4.0473
 -96.500  167.277       3.6341
 -96.500  171.595       3.6341
 -96.500  175.914       2.8076
 -96.500  180.232       4.0473
 -96.500  184.551       3.2209
 -96.500  188.869       2.9791
 -96.500  193.188       2.3944
 -96.500  197.506       3.6341
 -96.500  201.824       4.0473
 -96.500  206.143       4.0473
 -96.500  210.461       4.0473
 -96.500  214.780       4.0473
 -96.500  219.098       4.0473
 -96.500  223.417       4.0473
 -96.500  227.735       4.0473
 -96.500  232.053       4.0473
 -96.500  236.372       4.0473
 -96.500  240.690       4.0473
 -96.500  245.009       4.0473
 -96.500  249.327       4.0473
 -96.500  253.645       2.8076
 -96.500  257.964       2.8076
 -96.500  262.282       3.2209
 -96.500  266.601       4.0473
 -96.500  270.919       4.0473
 -96.500  275.238       4.0473
 -93.244 -152.286       4.0473
 -93.244 -147.968       4.0473
 -93.244 -143.649       4.0473
 -93.244 -139.331       4.0473
 -93.244 -135.012       4.0473
 -93.244 -130.694       4.0473
 -93.244 -126.375       4.0473
 -93.244 -122.057       4.0473
 -93.244 -117.739       4.0473
 -93.244 -113.420       4.0473
 -93.244 -109.102       4.0473
 -93.244 -104.783       4.0473
 -93.244 -100.465       4.0473
 -93.244  -96.147       4.0473
 -93.244  -91.828       4.0473
 -93.244  -87.510       4.0473
 -93.244  -83.191       4.0473
 -93.244  -78.873       4.0473
 -93.244  -74.554       4.0473
 -93.244  -70.236       4.0473
 -93.244  -65.918       4.0473
 -93.244  -61.599       2.6746
 -93.244  -57.281       2.0197
 -93.244  -52.962       2.2046
 -93.244  -48.644       2.6746
 -93.244  -44.326       4.0473
 -93.244  -40.007       4.0473
 -93.244  -35.689       4.0473
 -93.244  -31.370       4.0473
 -93.244  -27.052       4.0473
 -93.244  -22.733       4.0473
 -93.244  -18.415       4.0473
 -93.244  -14.097       4.0473
 -93.244   -9.778       4.0473
 -93.244   -5.460       4.0473
 -93.244   -1.141       4.0473
 -93.244    3.177       4.0473
 -93.244    7.496       4.0473
 -93.244   11.814       4.0473
 -93.244   16.132       4.0473
 -93.244   20.451       4.0473
 -93.244   24.769       4.0473
 -93.244   29.088       4.0473
 -93.244   33.406       4.0473
 -93.244   37.724       4.0473
 -93.244   42.043       4.0473
 -93.244   46.361       4.0473
 -93.244   50.680       4.0473
 -93.244   54.998       4.0473
 -93.244   59.317       4.0473
 -93.244   63.635       4.0473
 -93.244   67.953       4.0473
 -93.244   72.272       4.0473
 -93.244   76.590       4.0473
 -93.244   80.909       4.0473
 -93.244   85.227       4.0473
 -93.244   89.546       4.0473
 -93.244   93.864       4.0473
 -93.244   98.182       4.0473
 -93.244  102.501       4.0473
 -93.244  106.819       4.0473
 -93.244  111.138       4.0473
 -93.244  115.456       4.0473
 -93.244  119.774       4.0473
 -93.244  124.093       4.0473
 -93.244  128.411       4.0473
 -93.244  132.730       4.0473
 -93.244  137.048       4.0473
 -93.244  141.367       4.0473
 -93.244  145.685       4.0473
 -93.244  150.003       4.0473
 -93.244  154.322       4.0473
 -93.244  158.640       4.0473
 -93.244  162.959       4.0473
 -93.244  167.277       4.0473
 -93.244  171.595       2.8076
 -93.244  175.914       2.8076
 -93.244  180.232       3.6341
 -93.244  184.551       2.5659
 -93.244  188.869       2.5659
 -93.244  193.188       3.2209
 -93.244  197.506       2.6746
 -93.244  201.824       4.0473
 -93.244  206.143       4.0473
 -93.244  210.461       4.0473
 -93.244  214.780       4.0473
 -93.244  219.098       4.0473
 -93.244  223.417       4.0473
 -93.244  227.735       4.0473
 -93.244  232.053       4.0473
 -93.244  236.372       4.0473
 -93.244  240.690       4.0473
 -93.244  245.009       4.0473
 -93.244  249.327       4.0473
 -93.244  253.645       2.9791
 -93.244  257.964       3.6341
 -93.244  262.282       3.6341
 -93.244  266.601       4.0473
 -93.244  270.919       4.0473
 -93.244  275.238       4.0473
 -89.988 -152.286       4.0473
 -89.988 -147.968       4.0473
 -89.988 -143.649       4.0473
 -89.988 -139.331       4.0473
 -89.988 -135.012       4.0473
 -89.988 -130.694       4.0473
 -89.988 -126.375       4.0473
 -89.988 -122.057       4.0473
 -89.988 -117.739       4.0473
 -89.988 -113.420       4.0473
 -89.988 -109.102       4.0473
 -89.988 -104.783       4.0473
 -89.988 -100.465       4.0473
 -89.988  -96.147       4.0473
 -89.988  -91.828       4.0473
 -89.988  -87.510       4.0473
 -89.988  -83.191       4.0473
 -89.988  -78.873       4.0473
 -89.988  -74.554       4.0473
 -89.988  -70.236       4.0473
 -89.988  -65.918       4.0473
 -89.988  -61.599       3.2209
 -89.988  -57.281       2.8076
 -89.988  -52.962       2.2046
 -89.988  -48.644       2.2046
 -89.988  -44.326       2.5659
 -89.988  -40.007       4.0473
 -89.988  -35.689       4.0473
 -89.988  -31.370       4.0473
 -89.988  -27.052       4.0473
 -89.988  -22.733       4.0473
 -89.988  -18.415       4.0473
 -89.988  -14.097       4.0473
 -89.988   -9.778       4.0473
 -89.988   -5.460       4.0473
 -89.988   -1.141       4.0473
 -89.988    3.177       4.0473
 -89.988    7.496       4.0473
 -89.988   11.814       4.0473
 -89.988   16.132       4.0473
 -89.988   20.451       4.0473
 -89.988   24.769       4.0473
 -89.988   29.088       4.0473
 -89.988   33.406       4.0473
 -89.988   37.724       4.0473
 -89.988   42.043       4.0473
 -89.988   46.361       4.0473
 -89.988   50.680       4.0473
 -89.988   54.998       4.0473
 -89.988   59.317       4.0473
 -89.988   63.635       4.0473
 -89.988   67.953       4.0473
 -89.988   72.272       4.0473
 -89.988   76.590       4.0473
 -89.988   80.909       4.0473
 -89.988   85.227       4.0473
 -89.988   89.546       4.0473
 -89.988   93.864       4.0473
 -89.988   98.182       4.0473
 -89.988  102.501       4.0473
 -89.988  106.819       4.0473
 -89.988  111.138       4.0473
 -89.988  115.456       4.0473
 -89.988  119.774       4.0473
 -89.988  124.093       4.0473
 -89.988  128.411       4.0473
 -89.988  132.730       4.0473
 -89.988  137.048       4.0473
 -89.988  141.367       4.0473
 -89.988  145.685       4.0473
 -89.988  150.003       4.0473
 -89.988  154.322       4.0473
 -89.988  158.640       4.0473
 -89.988  162.959       4.0473
 -89.988  167.277       4.0473
 -89.988  171.595       2.9791
 -89.988  175.914       2.9791
 -89.988  180.232       2.5659
 -89.988  184.551       2.1527
 -89.988  188.869       2.3242
 -89.988  193.188       4.0473
 -89.988  197.506       3.6341
 -89.988  201.824       4.0473
 -89.988  206.143       4.0473
 -89.988  210.461       4.0473
 -89.988  214.780       4.0473
 -89.988  219.098       4.0473
 -89.988  223.417       4.0473
 -89.988  227.735       4.0473
 -89.988  232.053       4.0473
 -89.988  236.372       4.0473
 -89.988  240.690       4.0473
 -89.988  245.009       4.0473
 -89.988  249.327       4.0473
 -89.988  253.645       3.6341
 -89.988  257.964       3.6341
 -89.988  262.282       4.0473
 -89.988  266.601       4.0473
 -89.988  270.919       4.0473
 -89.988  275.238       4.0473
 -86.733 -152.286       4.0473
 -86.733 -147.968       4.0473
 -86.733 -143.649       4.0473
 -86.733 -139.331       4.0473
 -86.733 -135.012       4.0473
 -86.733 -130.694       4.0473
 -86.733 -126.375       4.0473
 -86.733 -122.057       4.0473
 -86.733 -117.739       4.0473
 -86.733 -113.420       4.0473
 -86.733 -109.102       4.0473
 -86.733 -104.783       4.0473
 -86.733 -100.465       4.0473
 -86.733  -96.147       4.0473
 -86.733  -91.828       4.0473
 -86.733  -87.510       4.0473
 -86.733  -83.191       4.0473
 -86.733  -78.873       4.0473
 -86.733  -74.554       4.0473
 -86.733  -70.236       4.0473
 -86.733  -65.918       4.0473
 -86.733  -61.599       4.0473
 -86.733  -57.281       4.0473
 -86.733  -52.962       2.3944
 -86.733  -48.644       1.9450
 -86.733  -44.326       1.7913
 -86.733  -40.007       2.4740
 -86.733  -35.689       4.0473
 -86.733  -31.370       4.0473
 -86.733  -27.052       4.0473
 -86.733  -22.733       4.0473
 -86.733  -18.415       4.0473
 -86.733  -14.097       4.0473
 -86.733   -9.778       4.0473
 -86.733   -5.460       4.0473
 -86.733   -1.141       4.0473
 -86.733    3.177       4.0473
 -86.733    7.496       4.0473
 -86.733   11.814       4.0473
 -86.733   16.132       4.0473
 -86.733   20.451       4.0473
 -86.733   24.769       4.0473
 -86.733   29.088       4.0473
 -86.733   33.406       4.0473
 -86.733   37.724       4.0473
 -86.733   42.043       4.0473
 -86.733   46.361       4.0473
 -86.733   50.680       4.0473
 -86.733   54.998       4.0473
 -86.733   59.317       4.0473
 -86.733   63.635       4.0473
 -86.733   67.953       4.0473
 -86.733   72.272       4.0473
 -86.733   76.590       4.0473
 -86.733   80.909       4.0473
 -86.733   85.227       4.0473
 -86.733   89.546       4.0473
 -86.733   93.864       4.0473
 -86.733   98.182       4.0473
 -86.733  102.501       4.0473
 -86.733  106.819       4.0473
 -86.733  111.138       4.0473
 -86.733  115.456       4.0473
 -86.733  119.774       4.0473
 -86.733  124.093       4.0473
 -86.733  128.411       4.0473
 -86.733  132.730       4.0473
 -86.733  137.048       4.0473
 -86.733  141.367       4.0473
 -86.733  145.685       4.0473
 -86.733  150.003       4.0473
 -86.733  154.322       4.0473
 -86.733  158.640       4.0473
 -86.733  162.959       4.0473
 -86.733  167.277       4.0473
 -86.733  171.595       2.8076
 -86.733  175.914       2.5659
 -86.733  180.232       2.3242
 -86.733  184.551       2.5659
 -86.733  188.869       2.4740
 -86.733  193.188       4.0473
 -86.733  197.506       4.0473
 -86.733  201.824       4.0473
 -86.733  206.143       4.0473
 -86.733  210.461       4.0473
 -86.733  214.780       4.0473
 -86.733  219.098       4.0473
 -86.733  223.417       4.0473
 -86.733  227.735       4.0473
 -86.733  232.053       4.0473
 -86.733  236.372       4.0473
 -86.733  240.690       4.0473
 -86.733  245.009       4.0473
 -86.733  249.327       4.0473
 -86.733  253.645       4.0473
 -86.733  257.964       4.0473
 -86.733  262.282       4.0473
 -86.733  266.601       4.0473
 -86.733  270.919       4.0473
 -86.733  275.238       4.0473
 -83.478 -152.286       4.0473
 -83.478 -147.968       4.0473
 -83.478 -143.649       4.0473
 -83.478 -139.331       4.0473
 -83.478 -135.012       4.0473
 -83.478 -130.694       4.0473
 -83.478 -126.375       4.0473
 -83.478 -122.057       4.0473
 -83.478 -117.739       4.0473
 -83.478 -113.420       4.0473
 -83.478 -109.102       4.0473
 -83.478 -104.783       4.0473
 -83.478 -100.465       4.0473
 -83.478  -96.147       4.0473
 -83.478  -91.828       4.0473
 -83.478  -87.510       4.0473
 -83.478  -83.191       4.0473
 -83.478  -78.873       4.0473
 -83.478  -74.554       4.0473
 -83.478  -70.236       4.0473
 -83.478  -65.918       4.0473
 -83.478  -61.599       4.0473
 -83.478  -57.281       4.0473
 -83.478  -52.962       2.6746
 -83.478  -48.644       1.9812
 -83.478  -44.326       1.8191
 -83.478  -40.007       2.1050
 -83.478  -35.689       2.6746
 -83.478  -31.370       4.0473
 -83.478  -27.052       4.0473
 -83.478  -22.733       4.0473
 -83.478  -18.415       4.0473
 -83.478  -14.097       4.0473
 -83.478   -9.778       4.0473
 -83.478   -5.460       4.0473
 -83.478   -1.141       4.0473
 -83.478    3.177       4.0473
 -83.478    7.496       4.0473
 -83.478   11.814       4.0473
 -83.478   16.132       4.0473
 -83.478   20.451       4.0473
 -83.478   24.769       4.0473
 -83.478   29.088       4.0473
 -83.478   33.406       4.0473
 -83.478   37.724       4.0473
 -83.478   42.043       4.0473
 -83.478   46.361       4.0473
 -83.478   50.680       4.0473
 -83.478   54.998       4.0473
 -83.478   59.317       4.0473
 -83.478   63.635       4.0473
 -83.478   67.953       4.0473
 -83.478   72.272       4.0473
 -83.478   76.590       4.0473
 -83.478   80.909       4.0473
 -83.478   85.227       4.0473
 -83.478   89.546       4.0473
 -83.478   93.864       4.0473
 -83.478   98.182       4.0473
 -83.478  102.501       4.0473
 -83.478  106.819       4.0473
 -83.478  111.138       4.0473
 -83.478  115.456       4.0473
 -83.478  119.774       4.0473
 -83.478  124.093       4.0473
 -83.478  128.411       4.0473
 -83.478  132.730       4.0473
 -83.478  137.048       4.0473
 -83.478  141.367       4.0473
 -83.478  145.685       4.0473
 -83.478  150.003       4.0473
 -83.478  154.322       4.0473
 -83.478  158.640       4.0473
 -83.478  162.959       4.0473
 -83.478  167.277       4.0473
 -83.478  171.595       2.8076
 -83.478  175.914       2.4740
 -83.478  180.232       2.0197
 -83.478  184.551       2.3242
 -83.478  188.869       3.2209
 -83.478  193.188       4.0473
 -83.478  197.506       4.0473
 -83.478  201.824       4.0473
 -83.478  206.143       4.0473
 -83.478  210.461       4.0473
 -83.478  214.780       4.0473
 -83.478  219.098       4.0473
 -83.478  223.417       4.0473
 -83.478  227.735       4.0473
 -83.478  232.053       4.0473
 -83.478  236.372       4.0473
 -83.478  240.690       4.0473
 -83.478  245.009       4.0473
 -83.478  249.327       4.0473
 -83.478  253.645       4.0473
 -83.478  257.964       4.0473
 -83.478  262.282       4.0473
 -83.478  266.601       4.0473
 -83.478  270.919       4.0473
 -83.478  275.238       4.0473
 -80.222 -152.286       4.0473
 -80.222 -147.968       4.0473
 -80.222 -143.649       4.0473
 -80.222 -139.331       4.0473
 -80.222 -135.012       4.0473
 -80.222 -130.694       4.0473
 -80.222 -126.375       4.0473
 -80.222 -122.057       4.0473
 -80.222 -117.739       4.0473
 -80.222 -113.420       4.0473
 -80.222 -109.102       4.0473
 -80.222 -104.783       4.0473
 -80.222 -100.465       4.0473
 -80.222  -96.147       4.0473
 -80.222  -91.828       4.0473
 -80.222  -87.510       4.0473
 -80.222  -83.191       4.0473
 -80.222  -78.873       4.0473
 -80.222  -74.554       4.0473
 -80.222  -70.236       4.0473
 -80.222  -65.918       4.0473
 -80.222  -61.599       4.0473
 -80.222  -57.281       2.6746
 -80.222  -52.962       2.6746
 -80.222  -48.644       2.1527
 -80.222  -44.326       1.8482
 -80.222  -40.007       1.4814
 -80.222  -35.689       2.3944
 -80.222  -31.370       2.9791
 -80.222  -27.052       3.6341
 -80.222  -22.733       4.0473
 -80.222  -18.415       4.0473
 -80.222  -14.097       4.0473
 -80.222   -9.778       4.0473
 -80.222   -5.460       4.0473
 -80.222   -1.141       4.0473
 -80.222    3.177       4.0473
 -80.222    7.496       4.0473
 -80.222   11.814       4.0473
 -80.222   16.132       4.0473
 -80.222   20.451       4.0473
 -80.222   24.769       4.0473
 -80.222   29.088       4.0473
 -80.222   33.406       4.0473
 -80.222   37.724       4.0473
 -80.222   42.043       4.0473
 -80.222   46.361       4.0473
 -80.222   50.680       4.0473
 -80.222   54.998       4.0473
 -80.222   59.317       4.0473
 -80.222   63.635       4.0473
 -80.222   67.953       4.0473
 -80.222   72.272       4.0473
 -80.222   76.590       4.0473
 -80.222   80.909       4.0473
 -80.222   85.227       4.0473
 -80.222   89.546       4.0473
 -80.222   93.864       4.0473
 -80.222   98.182       4.0473
 -80.222  102.501       4.0473
 -80.222  106.819       4.0473
 -80.222  111.138       4.0473
 -80.222  115.456       4.0473
 -80.222  119.774       4.0473
 -80.222  124.093       4.0473
 -80.222  128.411       4.0473
 -80.222  132.730       4.0473
 -80.222  137.048       4.0473
 -80.222  141.367       4.0473
 -80.222  145.685       4.0473
 -80.222  150.003       4.0473
 -80.222  154.322       4.0473
 -80.222  158.640       4.0473
 -80.222  162.959       4.0473
 -80.222  167.277       4.0473
 -80.222  171.595       3.6341
 -80.222  175.914       2.6746
 -80.222  180.232       2.2614
 -80.222  184.551       2.4740
 -80.222  188.869       3.2209
 -80.222  193.188       4.0473
 -80.222  197.506       4.0473
 -80.222  201.824       4.0473
 -80.222  206.143       4.0473
 -80.222  210.461       4.0473
 -80.222  214.780       4.0473
 -80.222  219.098       4.0473
 -80.222  223.417       4.0473
 -80.222  227.735       4.0473
 -80.222  232.053       4.0473
 -80.222  236.372       4.0473
 -80.222  240.690       4.0473
 -80.222  245.009       4.0473
 -80.222  249.327       4.0473
 -80.222  253.645       4.0473
 -80.222  257.964       4.0473
 -80.222  262.282       4.0473
 -80.222  266.601       4.0473
 -80.222  270.919       4.0473
 -80.222  275.238       4.0473
 -76.966 -152.286       4.0473
 -76.966 -147.968       4.0473
 -76.966 -143.649       4.0473
 -76.966 -139.331       4.0473
 -76.966 -135.012       4.0473
 -76.966 -130.694       4.0473
 -76.966 -126.375       4.0473
 -76.966 -122.057       4.0473
 -76.966 -117.739       4.0473
 -76.966 -113.420       4.0473
 -76.966 -109.102       4.0473
 -76.966 -104.783       4.0473
 -76.966 -100.465       4.0473
 -76.966  -96.147       4.0473
 -76.966  -91.828       4.0473
 -76.966  -87.510       4.0473
 -76.966  -83.191       4.0473
 -76.966  -78.873       4.0473
 -76.966  -74.554       4.0473
 -76.966  -70.236       4.0473
 -76.966  -65.918       4.0473
 -76.966  -61.599       4.0473
 -76.966  -57.281       4.0473
 -76.966  -52.962       2.4740
 -76.966  -48.644       2.3242
 -76.966  -44.326       2.1527
 -76.966  -40.007       2.1050
 -76.966  -35.689       2.5659
 -76.966  -31.370       2.4740
 -76.966  -27.052       4.0473
 -76.966  -22.733       4.0473
 -76.966  -18.415       4.0473
 -76.966  -14.097       4.0473
 -76.966   -9.778       4.0473
 -76.966   -5.460       4.0473
 -76.966   -1.141       4.0473
 -76.966    3.177       4.0473
 -76.966    7.496       4.0473
 -76.966   11.814       4.0473
 -76.966   16.132       4.0473
 -76.966   20.451       4.0473
 -76.966   24.769       4.0473
 -76.966   29.088       4.0473
 -76.966   33.406       4.0473
 -76.966   37.724       4.0473
 -76.966   42.043       4.0473
 -76.966   46.361       4.0473
 -76.966   50.680       4.0473
 -76.966   54.998       4.0473
 -76.966   59.317       4.0473
 -76.966   63.635       4.0473
 -76.966   67.953       4.0473
 -76.966   72.272       4.0473
 -76.966   76.590       4.0473
 -76.966   80.909       4.0473
 -76.966   85.227       4.0473
 -76.966   89.546       4.0473
 -76.966   93.864       4.0473
 -76.966   98.182       4.0473
 -76.966  102.501       4.0473
 -76.966  106.819       4.0473
 -76.966  111.138       4.0473
 -76.966  115.456       4.0473
 -76.966  119.774       4.0473
 -76.966  124.093       4.0473
 -76.966  128.411       4.0473
 -76.966  132.730       4.0473
 -76.966  137.048       4.0473
 -76.966  141.367       4.0473
 -76.966  145.685       4.0473
 -76.966  150.003       4.0473
 -76.966  154.322       4.0473
 -76.966  158.640       4.0473
 -76.966  162.959       4.0473
 -76.966  167.277       4.0473
 -76.966  171.595       4.0473
 -76.966  175.914       3.6341
 -76.966  180.232       2.2046
 -76.966  184.551       2.9791
 -76.966  188.869       3.2209
 -76.966  193.188       4.0473
 -76.966  197.506       4.0473
 -76.966  201.824       4.0473
 -76.966  206.143       4.0473
 -76.966  210.461       4.0473
 -76.966  214.780       4.0473
 -76.966  219.098       4.0473
 -76.966  223.417       4.0473
 -76.966  227.735       4.0473
 -76.966  232.053       4.0473
 -76.966  236.372       4.0473
 -76.966  240.690       4.0473
 -76.966  245.009       4.0473
 -76.966  249.327       4.0473
 -76.966  253.645       4.0473
 -76.966  257.964       4.0473
 -76.966  262.282       4.0473
 -76.966  266.601       4.0473
 -76.966  270.919       4.0473
 -76.966  275.238       4.0473
 -73.711 -152.286       4.0473
 -73.711 -147.968       4.0473
 -73.711 -143.649       4.0473
 -73.711 -139.331       4.0473
 -73.711 -135.012       4.0473
 -73.711 -130.694       4.0473
 -73.711 -126.375       4.0473
 -73.711 -122.057       4.0473
 -73.711 -117.739       4.0473
 -73.711 -113.420       4.0473
 -73.711 -109.102       4.0473
 -73.711 -104.783       4.0473
 -73.711 -100.465       4.0473
 -73.711  -96.147       4.0473
 -73.711  -91.828       4.0473
 -73.711  -87.510       4.0473
 -73.711  -83.191       4.0473
 -73.711  -78.873       4.0473
 -73.711  -74.554       4.0473
 -73.711  -70.236       4.0473
 -73.711  -65.918       4.0473
 -73.711  -61.599       4.0473
 -73.711  -57.281       4.0473
 -73.711  -52.962       2.9791
 -73.711  -48.644       2.2046
 -73.711  -44.326       2.1527
 -73.711  -40.007       1.9110
 -73.711  -35.689       2.9791
 -73.711  -31.370       3.6341
 -73.711  -27.052       4.0473
 -73.711  -22.733       4.0473
 -73.711  -18.415       4.0473
 -73.711  -14.097       4.0473
 -73.711   -9.778       4.0473
 -73.711   -5.460       4.0473
 -73.711   -1.141       4.0473
 -73.711    3.177       4.0473
 -73.711    7.496       4.0473
 -73.711   11.814       4.0473
 -73.711   16.132       4.0473
 -73.711   20.451       4.0473
 -73.711   24.769       4.0473
 -73.711   29.088       4.0473
 -73.711   33.406       4.0473
 -73.711   37.724       4.0473
 -73.711   42.043       4.0473
 -73.711   46.361       4.0473
 -73.711   50.680       4.0473
 -73.711   54.998       4.0473
 -73.711   59.317       4.0473
 -73.711   63.635       4.0473
 -73.711   67.953       4.0473
 -73.711   72.272       4.0473
 -73.711   76.590       4.0473
 -73.711   80.909       4.0473
 -73.711   85.227       4.0473
 -73.711   89.546       4.0473
 -73.711   93.864       4.0473
 -73.711   98.182       4.0473
 -73.711  102.501       4.0473
 -73.711  106.819       4.0473
 -73.711  111.138       4.0473
 -73.711  115.456       4.0473
 -73.711  119.774       4.0473
 -73.711  124.093       4.0473
 -73.711  128.411       4.0473
 -73.711  132.730       4.0473
 -73.711  137.048       4.0473
 -73.711  141.367       4.0473
 -73.711  145.685       4.0473
 -73.711  150.003       4.0473
 -73.711  154.322       4.0473
 -73.711  158.640       4.0473
 -73.711  162.959       4.0473
 -73.711  167.277       4.0473
 -73.711  171.595       4.0473
 -73.711  175.914       4.0473
 -73.711  180.232       4.0473
 -73.711  184.551       3.6341
 -73.711  188.869       4.0473
 -73.711  193.188       4.0473
 -73.711  197.506       4.0473
 -73.711  201.824       4.0473
 -73.711  206.143       4.0473
 -73.711  210.461       4.0473
 -73.711  214.780       4.0473
 -73.711  219.098       4.0473
 -73.711  223.417       4.0473
 -73.711  227.735       4.0473
 -73.711  232.053       4.0473
 -73.711  236.372       4.0473
 -73.711  240.690       4.0473
 -73.711  245.009       4.0473
 -73.711  249.327       4.0473
 -73.711  253.645       4.0473
 -73.711  257.964       4.0473
 -73.711  262.282       4.0473
 -73.711  266.601       4.0473
 -73.711  270.919       4.0473
 -73.711  275.238       4.0473
 -70.456 -152.286       4.0473
 -70.456 -147.968       4.0473
 -70.456 -143.649       4.0473
 -70.456 -139.331       4.0473
 -70.456 -135.012       4.0473
 -70.456 -130.694       4.0473
 -70.456 -126.375       4.0473
 -70.456 -122.057       4.0473
 -70.456 -117.739       4.0473
 -70.456 -113.420       4.0473
 -70.456 -109.102       4.0473
 -70.456 -104.783       4.0473
 -70.456 -100.465       4.0473
 -70.456  -96.147       4.0473
 -70.456  -91.828       4.0473
 -70.456  -87.510       4.0473
 -70.456  -83.191       4.0473
 -70.456  -78.873       4.0473
 -70.456  -74.554       4.0473
 -70.456  -70.236       4.0473
 -70.456  -65.918       4.0473
 -70.456  -61.599       4.0473
 -70.456  -57.281       4.0473
 -70.456  -52.962       4.0473
 -70.456  -48.644       3.6341
 -70.456  -44.326       2.5659
 -70.456  -40.007       2.2614
 -70.456  -35.689       2.9791
 -70.456  -31.370       3.2209
 -70.456  -27.052       4.0473
 -70.456  -22.733       4.0473
 -70.456  -18.415       4.0473
 -70.456  -14.097       4.0473
 -70.456   -9.778       4.0473
 -70.456   -5.460       4.0473
 -70.456   -1.141       4.0473
 -70.456    3.177       4.0473
 -70.456    7.496       4.0473
 -70.456   11.814       4.0473
 -70.456   16.132       4.0473
 -70.456   20.451       4.0473
 -70.456   24.769       4.0473
 -70.456   29.088       4.0473
 -70.456   33.406       4.0473
 -70.456   37.724       4.0473
 -70.456   42.043       4.0473
 -70.456   46.361       4.0473
 -70.456   50.680       4.0473
 -70.456   54.998       4.0473
 -70.456   59.317       4.0473
 -70.456   63.635       4.0473
 -70.456   67.953       4.0473
 -70.456   72.272       4.0473
 -70.456   76.590       4.0473
 -70.456   80.909       4.0473
 -70.456   85.227       4.0473
 -70.456   89.546       4.0473
 -70.456   93.864       4.0473
 -70.456   98.182       4.0473
 -70.456  102.501       4.0473
 -70.456  106.819       4.0473
 -70.456  111.138       4.0473
 -70.456  115.456       4.0473
 -70.456  119.774       4.0473
 -70.456  124.093       4.0473
 -70.456  128.411       4.0473
 -70.456  132.730       4.0473
 -70.456  137.048       4.0473
 -70.456  141.367       4.0473
 -70.456  145.685       4.0473
 -70.456  150.003       4.0473
 -70.456  154.322       4.0473
 -70.456  158.640       4.0473
 -70.456  162.959       4.0473
 -70.456  167.277       4.0473
 -70.456  171.595       4.0473
 -70.456  175.914       4.0473
 -70.456  180.232       4.0473
 -70.456  184.551       4.0473
 -70.456  188.869       4.0473
 -70.456  193.188       4.0473
 -70.456  197.506       4.0473
 -70.456  201.824       4.0473
 -70.456  206.143       4.0473
 -70.456  210.461       4.0473
 -70.456  214.780       4.0473
 -70.456  219.098       4.0473
 -70.456  223.417       4.0473
 -70.456  227.735       4.0473
 -70.456  232.053       4.0473
 -70.456  236.372       4.0473
 -70.456  240.690       4.0473
 -70.456  245.009       4.0473
 -70.456  249.327       4.0473
 -70.456  253.645       4.0473
 -70.456  257.964       4.0473
 -70.456  262.282       4.0473
 -70.456  266.601       4.0473
 -70.456  270.919       4.0473
 -70.456  275.238       4.0473
 -67.200 -152.286       4.0473
 -67.200 -147.968       4.0473
 -67.200 -143.649       4.0473
 -67.200 -139.331       4.0473
 -67.200 -135.012       4.0473
 -67.200 -130.694       4.0473
 -67.200 -126.375       4.0473
 -67.200 -122.057       4.0473
 -67.200 -117.739       4.0473
 -67.200 -113.420       4.0473
 -67.200 -109.102       4.0473
 -67.200 -104.783       4.0473
 -67.200 -100.465       4.0473
 -67.200  -96.147       4.0473
 -67.200  -91.828       4.0473
 -67.200  -87.510       4.0473
 -67.200  -83.191       4.0473
 -67.200  -78.873       4.0473
 -67.200  -74.554       4.0473
 -67.200  -70.236       4.0473
 -67.200  -65.918       4.0473
 -67.200  -61.599       4.0473
 -67.200  -57.281       4.0473
 -67.200  -52.962       4.0473
 -67.200  -48.644       4.0473
 -67.200  -44.326       4.0473
 -67.200  -40.007       2.3242
 -67.200  -35.689       2.1527
 -67.200  -31.370       3.2209
 -67.200  -27.052       4.0473
 -67.200  -22.733       4.0473
 -67.200  -18.415       4.0473
 -67.200  -14.097       4.0473
 -67.200   -9.778       4.0473
 -67.200   -5.460       4.0473
 -67.200   -1.141       4.0473
 -67.200    3.177       4.0473
 -67.200    7.496       4.0473
 -67.200   11.814       4.0473
 -67.200   16.132       4.0473
 -67.200   20.451       4.0473
 -67.200   24.769       4.0473
 -67.200   29.088       4.0473
 -67.200   33.406       4.0473
 -67.200   37.724       4.0473
 -67.200   42.043       4.0473
 -67.200   46.361       4.0473
 -67.200   50.680       4.0473
 -67.200   54.998       4.0473
 -67.200   59.317       4.0473
 -67.200   63.635       4.0473
 -67.200   67.953       4.0473
 -67.200   72.272       4.0473
 -67.200   76.590       4.0473
 -67.200   80.909       4.0473
 -67.200   85.227       4.0473
 -67.200   89.546       4.0473
 -67.200   93.864       4.0473
 -67.200   98.182       4.0473
 -67.200  102.501       4.0473
 -67.200  106.819       4.0473
 -67.200  111.138       4.0473
 -67.200  115.456       4.0473
 -67.200  119.774       4.0473
 -67.200  124.093       4.0473
 -67.200  128.411       4.0473
 -67.200  132.730       4.0473
 -67.200  137.048       4.0473
 -67.200  141.367       4.0473
 -67.200  145.685       4.0473
 -67.200  150.003       4.0473
 -67.200  154.322       4.0473
 -67.200  158.640       4.0473
 -67.200  162.959       4.0473
 -67.200  167.277       4.0473
 -67.200  171.595       4.0473
 -67.200  175.914       4.0473
 -67.200  180.232       4.0473
 -67.200  184.551       4.0473
 -67.200  188.869       4.0473
 -67.200  193.188       4.0473
 -67.200  197.506       4.0473
 -67.200  201.824       4.0473
 -67.200  206.143       4.0473
 -67.200  210.461       4.0473
 -67.200  214.780       4.0473
 -67.200  219.098       4.0473
 -67.200  223.417       4.0473
 -67.200  227.735       4.0473
 -67.200  232.053       4.0473
 -67.200  236.372       4.0473
 -67.200  240.690       4.0473
 -67.200  245.009       4.0473
 -67.200  249.327       4.0473
 -67.200  253.645       4.0473
 -67.200  257.964       4.0473
 -67.200  262.282       4.0473
 -67.200  266.601       4.0473
 -67.200  270.919       4.0473
 -67.200  275.238       4.0473
 -63.945 -152.286       4.0473
 -63.945 -147.968       4.0473
 -63.945 -143.649       4.0473
 -63.945 -139.331       4.0473
 -63.945 -135.012       4.0473
 -63.945 -130.694       4.0473
 -63.945 -126.375       4.0473
 -63.945 -122.057       4.0473
 -63.945 -117.739       4.0473
 -63.945 -113.420       4.0473
 -63.945 -109.102       4.0473
 -63.945 -104.783       4.0473
 -63.945 -100.465       4.0473
 -63.945  -96.147       4.0473
 -63.945  -91.828       4.0473
 -63.945  -87.510       4.0473
 -63.945  -83.191       4.0473
 -63.945  -78.873       4.0473
 -63.945  -74.554       4.0473
 -63.945  -70.236       4.0473
 -63.945  -65.918       4.0473
 -63.945  -61.599       4.0473
 -63.945  -57.281       4.0473
 -63.945  -52.962       4.0473
 -63.945  -48.644       4.0473
 -63.945  -44.326       4.0473
 -63.945  -40.007       3.6341
 -63.945  -35.689       2.6746
 -63.945  -31.370       3.6341
 -63.945  -27.052       4.0473
 -63.945  -22.733       4.0473
 -63.945  -18.415       4.0473
 -63.945  -14.097       4.0473
 -63.945   -9.778       4.0473
 -63.945   -5.460       4.0473
 -63.945   -1.141       4.0473
 -63.945    3.177       4.0473
 -63.945    7.496       4.0473
 -63.945   11.814       4.0473
 -63.945   16.132       4.0473
 -63.945   20.451       4.0473
 -63.945   24.769       4.0473
 -63.945   29.088       4.0473
 -63.945   33.406       4.0473
 -63.945   37.724       4.0473
 -63.945   42.043       4.0473
 -63.945   46.361       4.0473
 -63.945   50.680       4.0473
 -63.945   54.998       4.0473
 -63.945   59.317       4.0473
 -63.945   63.635       4.0473
 -63.945   67.953       4.0473
 -63.945   72.272       4.0473
 -63.945   76.590       4.0473
 -63.945   80.909       4.0473
 -63.945   85.227       4.0473
 -63.945   89.546       4.0473
 -63.945   93.864       4.0473
 -63.945   98.182       4.0473
 -63.945  102.501       4.0473
 -63.945  106.819       4.0473
 -63.945  111.138       4.0473
 -63.945  115.456       4.0473
 -63.945  119.774       4.0473
 -63.945  124.093       4.0473
 -63.945  128.411       4.0473
 -63.945  132.730       4.0473
 -63.945  137.048       4.0473
 -63.945  141.367       4.0473
 -63.945  145.685       4.0473
 -63.945  150.003       4.0473
 -63.945  154.322       4.0473
 -63.945  158.640       4.0473
 -63.945  162.959       4.0473
 -63.945  167.277       4.0473
 -63.945  171.595       4.0473
 -63.945  175.914       4.0473
 -63.945  180.232       4.0473
 -63.945  184.551       4.0473
 -63.945  188.869       4.0473
 -63.945  193.188       4.0473
 -63.945  197.506       4.0473
 -63.945  201.824       4.0473
 -63.945  206.143       4.0473
 -63.945  210.461       4.0473
 -63.945  214.780       4.0473
 -63.945  219.098       4.0473
 -63.945  223.417       4.0473
 -63.945  227.735       4.0473
 -63.945  232.053       4.0473
 -63.945  236.372       4.0473
 -63.945  240.690       4.0473
 -63.945  245.009       4.0473
 -63.945  249.327       4.0473
 -63.945  253.645       4.0473
 -63.945  257.964       4.0473
 -63.945  262.282       4.0473
 -63.945  266.601       4.0473
 -63.945  270.919       4.0473
 -63.945  275.238       4.0473
