-391.850 -167.973       3.9450
-391.850 -163.537       3.9450
-391.850 -159.101       3.9450
-391.850 -154.665       3.9450
-391.850 -150.229       3.9450
-391.850 -145.793       3.9450
-391.850 -141.357       3.9450
-391.850 -136.921       3.9450
-391.850 -132.485       3.9450
-391.850 -128.049       3.9450
-391.850 -123.613       3.9450
-391.850 -119.177       3.9450
-391.850 -114.741       3.9450
-391.850 -110.306       3.9450
-391.850 -105.870       3.9450
-391.850 -101.434       3.9450
-391.850  -96.998       3.9450
-391.850  -92.562       3.9450
-391.850  -88.126       3.9450
-391.850  -83.690       3.9450
-391.850  -79.254       3.9450
-391.850  -74.818       3.9450
-391.850  -70.382       3.9450
-391.850  -65.946       3.9450
-391.850  -61.510       3.9450
-391.850  -57.074       3.9450
-391.850  -52.638       3.9450
-391.850  -48.202       3.9450
-391.850  -43.766       3.9450
-391.850  -39.330       3.9450
-391.850  -34.894       3.9450
-391.850  -30.458       3.9450
-391.850  -26.022       3.9450
-391.850  -21.586       3.9450
-391.850  -17.150       3.9450
-391.850  -12.714       3.9450
-391.850   -8.278       3.9450
-391.850   -3.842       3.9450
-391.850    0.593       3.9450
-391.850    5.029       3.9450
-391.850    9.465       3.9450
-391.850   13.901       3.9450
-391.850   18.337       3.9450
-391.850   22.773       3.5318
-391.850   27.209       2.5723
-391.850   31.645       2.3717
-391.850   36.081       2.5723
-391.850   40.517       2.4636
-391.850   44.953       2.5723
-391.850   49.389       1.8428
-391.850   53.825       1.2895
-391.850   58.261       1.9174
-391.850   62.697       2.0027
-391.850   67.133       2.5723
-391.850   71.569       3.5318
-391.850   76.005       3.9450
-391.850   80.441       3.9450
-391.850   84.877       3.9450
-391.850   89.313       3.9450
-391.850   93.749       3.9450
-391.850   98.185       3.9450
-391.850  102.621       3.9450
-391.850  107.057       3.9450
-391.850  111.492       3.9450
-391.850  115.928       3.9450
-391.850  120.364       3.9450
-391.850  124.800       3.9450
-391.850  129.236       3.9450
-391.850  133.672       3.9450
-391.850  138.108       3.9450
-391.850  142.544       3.9450
-391.850  146.980       3.9450
-391.850  151.416       3.9450
-391.850  155.852       3.9450
-391.850  160.288       3.9450
-391.850  164.724       3.9450
-391.850  169.160       3.9450
-391.850  173.596       3.9450
-391.850  178.032       3.9450
-391.850  182.468       3.9450
-391.850  186.904       3.9450
-391.850  191.340       3.9450
-391.850  195.776       3.9450
-391.850  200.212       3.9450
-391.850  204.648       3.9450
-391.850  209.084       3.9450
-391.850  213.520       3.9450
-391.850  217.956       3.9450
-391.850  222.391       3.9450
-391.850  226.827       3.9450
-391.850  231.263       3.9450
-391.850  235.699       3.9450
-391.850  240.135       3.9450
-391.850  244.571       3.9450
-391.850  249.007       3.9450
-391.850  253.443       3.9450
-391.850  257.879       3.9450
-391.850  262.315       3.9450
-391.850  266.751       3.9450
-391.850  271.187       3.9450
-386.864 -167.973       3.9450
-386.864 -163.537       3.9450
-386.864 -159.101       3.9450
-386.864 -154.665       3.9450
-386.864 -150.229       3.9450
-386.864 -145.793       3.9450
-386.864 -141.357       3.9450
-386.864 -136.921       3.9450
-386.864 -132.485       3.9450
-386.864 -128.049       3.9450
-386.864 -123.613       3.9450
-386.864 -119.177       3.9450
-386.864 -114.741       3.9450
-386.864 -110.306       3.9450
-386.864 -105.870       3.9450
-386.864 -101.434       3.9450
-386.864  -96.998       3.9450
-386.864  -92.562       3.9450
-386.864  -88.126       3.9450
-386.864  -83.690       3.9450
-386.864  -79.254       3.9450
-386.864  -74.818       3.9450
-386.864  -70.382       3.9450
-386.864  -65.946       3.9450
-386.864  -61.510       3.9450
-386.864  -57.074       3.9450
-386.864  -52.638       3.9450
-386.864  -48.202       3.9450
-386.864  -43.766       3.9450
-386.864  -39.330       3.9450
-386.864  -34.894       3.9450
-386.864  -30.458       3.9450
-386.864  -26.022       3.1186
-386.864  -21.586       2.7054
-386.864  -17.150       2.5723
-386.864  -12.714       2.7054
-386.864   -8.278       2.4636
-386.864   -3.842       2.4636
-386.864    0.593       2.5723
-386.864    5.029       2.2219
-386.864    9.465       2.2219
-386.864   13.901       1.5453
-386.864   18.337       1.2365
-386.864   22.773       1.0524
-386.864   27.209       1.1428
-386.864   31.645       1.0251
-386.864   36.081       0.5773
-386.864   40.517       0.5567
-386.864   44.953       0.6678
-386.864   49.389       0.6827
-386.864   53.825       0.6928
-386.864   58.261       0.8833
-386.864   62.697       0.9422
-386.864   67.133       1.3791
-386.864   71.569       1.6128
-386.864   76.005       3.9450
-386.864   80.441       3.9450
-386.864   84.877       3.9450
-386.864   89.313       3.9450
-386.864   93.749       3.9450
-386.864   98.185       3.9450
-386.864  102.621       3.9450
-386.864  107.057       3.9450
-386.864  111.492       3.9450
-386.864  115.928       3.9450
-386.864  120.364       3.9450
-386.864  124.800       3.9450
-386.864  129.236       3.9450
-386.864  133.672       3.9450
-386.864  138.108       3.9450
-386.864  142.544       3.9450
-386.864  146.980       3.9450
-386.864  151.416       3.9450
-386.864  155.852       3.9450
-386.864  160.288       3.9450
-386.864  164.724       3.9450
-386.864  169.160       3.9450
-386.864  173.596       3.9450
-386.864  178.032       3.9450
-386.864  182.468       3.9450
-386.864  186.904       3.9450
-386.864  191.340       3.9450
-386.864  195.776       3.9450
-386.864  200.212       3.9450
-386.864  204.648       3.9450
-386.864  209.084       3.9450
-386.864  213.520       3.9450
-386.864  217.956       3.9450
-386.864  222.391       3.9450
-386.864  226.827       3.9450
-386.864  231.263       3.9450
-386.864  235.699       3.9450
-386.864  240.135       3.9450
-386.864  244.571       3.9450
-386.864  249.007       3.9450
-386.864  253.443       3.9450
-386.864  257.879       3.9450
-386.864  262.315       3.9450
-386.864  266.751       3.9450
-386.864  271.187       3.9450
-381.878 -167.973       3.9450
-381.878 -163.537       3.9450
-381.878 -159.101       3.9450
-381.878 -154.665       3.9450
-381.878 -150.229       3.9450
-381.878 -145.793       3.9450
-381.878 -141.357       3.9450
-381.878 -136.921       3.9450
-381.878 -132.485       3.9450
-381.878 -128.049       3.9450
-381.878 -123.613       3.9450
-381.878 -119.177       3.9450
-381.878 -114.741       3.9450
-381.878 -110.306       3.9450
-381.878 -105.870       3.9450
-381.878 -101.434       3.9450
-381.878  -96.998       3.9450
-381.878  -92.562       3.9450
-381.878  -88.126       3.9450
-381.878  -83.690       3.9450
-381.878  -79.254       3.9450
-381.878  -74.818       3.9450
-381.878  -70.382       3.9450
-381.878  -65.946       3.9450
-381.878  -61.510       3.9450
-381.878  -57.074       3.9450
-381.878  -52.638       3.9450
-381.878  -48.202       3.9450
-381.878  -43.766       3.9450
-381.878  -39.330       3.9450
-381.878  -34.894       3.9450
-381.878  -30.458       2.1023
-381.878  -26.022       1.2895
-381.878  -21.586       0.8975
-381.878  -17.150       1.0341
-381.878  -12.714       1.3632
-381.878   -8.278       1.0524
-381.878   -3.842       0.9579
-381.878    0.593       1.2365
-381.878    5.029       1.5453
-381.878    9.465       1.0714
-381.878   13.901       0.5773
-381.878   18.337       0.3527
-381.878   22.773       0.3245
-381.878   27.209       0.4666
-381.878   31.645       0.4988
-381.878   36.081       0.2522
-381.878   40.517       0.5251
-381.878   44.953       0.5368
-381.878   49.389       0.6164
-381.878   53.825       0.6392
-381.878   58.261       1.0163
-381.878   62.697       1.5895
-381.878   67.133       2.2219
-381.878   71.569       3.9450
-381.878   76.005       3.9450
-381.878   80.441       3.9450
-381.878   84.877       3.9450
-381.878   89.313       3.9450
-381.878   93.749       3.9450
-381.878   98.185       3.9450
-381.878  102.621       3.9450
-381.878  107.057       3.9450
-381.878  111.492       3.9450
-381.878  115.928       3.9450
-381.878  120.364       3.9450
-381.878  124.800       3.9450
-381.878  129.236       3.9450
-381.878  133.672       3.9450
-381.878  138.108       3.9450
-381.878  142.544       3.9450
-381.878  146.980       3.9450
-381.878  151.416       3.9450
-381.878  155.852       3.9450
-381.878  160.288       3.9450
-381.878  164.724       3.9450
-381.878  169.160       3.9450
-381.878  173.596       3.9450
-381.878  178.032       3.9450
-381.878  182.468       3.9450
-381.878  186.904       3.9450
-381.878  191.340       3.9450
-381.878  195.776       3.9450
-381.878  200.212       3.9450
-381.878  204.648       3.9450
-381.878  209.084       3.9450
-381.878  213.520       3.9450
-381.878  217.956       3.9450
-381.878  222.391       3.9450
-381.878  226.827       3.9450
-381.878  231.263       3.9450
-381.878  235.699       3.9450
-381.878  240.135       3.9450
-381.878  244.571       3.9450
-381.878  249.007       3.9450
-381.878  253.443       3.9450
-381.878  257.879       3.9450
-381.878  262.315       3.9450
-381.878  266.751       3.9450
-381.878  271.187       3.9450
-376.892 -167.973       3.9450
-376.892 -163.537       3.9450
-376.892 -159.101       3.9450
-376.892 -154.665       3.9450
-376.892 -150.229       3.9450
-376.892 -145.793       3.9450
-376.892 -141.357       3.9450
-376.892 -136.921       3.9450
-376.892 -132.485       3.9450
-376.892 -128.049       3.9450
-376.892 -123.613       3.9450
-376.892 -119.177       3.9450
-376.892 -114.741       3.9450
-376.892 -110.306       3.9450
-376.892 -105.870       3.9450
-376.892 -101.434       3.9450
-376.892  -96.998       3.9450
-376.892  -92.562       3.9450
-376.892  -88.126       3.9450
-376.892  -83.690       3.9450
-376.892  -79.254       3.9450
-376.892  -74.818       3.9450
-376.892  -70.382       3.9450
-376.892  -65.946       3.9450
-376.892  -61.510       3.9450
-376.892  -57.074       3.9450
-376.892  -52.638       3.9450
-376.892  -48.202       3.9450
-376.892  -43.766       3.9450
-376.892  -39.330       2.7054
-376.892  -34.894       1.6372
-376.892  -30.458       1.0524
-376.892  -26.022       0.6031
-376.892  -21.586       0.3822
-376.892  -17.150       0.6075
-376.892  -12.714       0.7573
-376.892   -8.278       0.5816
-376.892   -3.842       0.5608
-376.892    0.593       0.7864
-376.892    5.029       1.0251
-376.892    9.465       1.0909
-376.892   13.901       0.6581
-376.892   18.337       0.5901
-376.892   22.773       0.3975
-376.892   27.209       0.2167
-376.892   31.645       0.4562
-376.892   36.081       0.5213
-376.892   40.517       0.7630
-376.892   44.953       0.7135
-376.892   49.389       0.6392
-376.892   53.825       0.7350
-376.892   58.261       0.8361
-376.892   62.697       1.5670
-376.892   67.133       1.5244
-376.892   71.569       1.9585
-376.892   76.005       3.5318
-376.892   80.441       3.9450
-376.892   84.877       3.9450
-376.892   89.313       3.9450
-376.892   93.749       3.9450
-376.892   98.185       3.9450
-376.892  102.621       3.9450
-376.892  107.057       3.9450
-376.892  111.492       3.9450
-376.892  115.928       3.9450
-376.892  120.364       3.9450
-376.892  124.800       3.9450
-376.892  129.236       3.9450
-376.892  133.672       3.9450
-376.892  138.108       3.9450
-376.892  142.544       3.9450
-376.892  146.980       3.9450
-376.892  151.416       3.9450
-376.892  155.852       3.9450
-376.892  160.288       3.9450
-376.892  164.724       3.9450
-376.892  169.160       3.9450
-376.892  173.596       3.9450
-376.892  178.032       3.9450
-376.892  182.468       3.9450
-376.892  186.904       3.9450
-376.892  191.340       3.9450
-376.892  195.776       3.9450
-376.892  200.212       3.9450
-376.892  204.648       3.9450
-376.892  209.084       3.9450
-376.892  213.520       3.9450
-376.892  217.956       3.9450
-376.892  222.391       3.9450
-376.892  226.827       3.9450
-376.892  231.263       3.9450
-376.892  235.699       3.9450
-376.892  240.135       3.9450
-376.892  244.571       3.9450
-376.892  249.007       3.9450
-376.892  253.443       3.9450
-376.892  257.879       3.9450
-376.892  262.315       3.9450
-376.892  266.751       3.9450
-376.892  271.187       3.9450
-371.906 -167.973       3.9450
-371.906 -163.537       3.9450
-371.906 -159.101       3.9450
-371.906 -154.665       3.9450
-371.906 -150.229       3.9450
-371.906 -145.793       3.9450
-371.906 -141.357       3.9450
-371.906 -136.921       3.9450
-371.906 -132.485       3.9450
-371.906 -128.049       3.9450
-371.906 -123.613       3.9450
-371.906 -119.177       3.9450
-371.906 -114.741       3.9450
-371.906 -110.306       3.9450
-371.906 -105.870       3.9450
-371.906 -101.434       3.9450
-371.906  -96.998       3.9450
-371.906  -92.562       3.9450
-371.906  -88.126       3.9450
-371.906  -83.690       3.9450
-371.906  -79.254       3.9450
-371.906  -74.818       3.9450
-371.906  -70.382       3.9450
-371.906  -65.946       3.9450
-371.906  -61.510       3.9450
-371.906  -57.074       3.9450
-371.906  -52.638       3.9450
-371.906  -48.202       3.5318
-371.906  -43.766       2.4636
-371.906  -39.330       1.3632
-371.906  -34.894       0.9269
-371.906  -30.458       0.6486
-371.906  -26.022       0.6827
-371.906  -21.586       0.6392
-371.906  -17.150       0.6928
-371.906  -12.714       0.8297
-371.906   -8.278       0.7517
-371.906   -3.842       0.7188
-371.906    0.593       0.7630
-371.906    5.029       1.0163
-371.906    9.465       0.8694
-371.906   13.901       0.4426
-371.906   18.337       0.1726
-371.906   22.773       0.2950
-371.906   27.209       0.4006
-371.906   31.645       0.5213
-371.906   36.081       0.5944
-371.906   40.517       0.7864
-371.906   44.953       1.1996
-371.906   49.389       1.1878
-371.906   53.825       1.3179
-371.906   58.261       1.4846
-371.906   62.697       1.3477
-371.906   67.133       1.1537
-371.906   71.569       1.2365
-371.906   76.005       1.6128
-371.906   80.441       2.5723
-371.906   84.877       3.5318
-371.906   89.313       3.9450
-371.906   93.749       3.9450
-371.906   98.185       3.9450
-371.906  102.621       3.9450
-371.906  107.057       3.9450
-371.906  111.492       3.9450
-371.906  115.928       3.9450
-371.906  120.364       3.9450
-371.906  124.800       3.9450
-371.906  129.236       3.9450
-371.906  133.672       3.9450
-371.906  138.108       3.9450
-371.906  142.544       3.9450
-371.906  146.980       3.9450
-371.906  151.416       3.9450
-371.906  155.852       3.9450
-371.906  160.288       3.9450
-371.906  164.724       3.9450
-371.906  169.160       3.9450
-371.906  173.596       3.9450
-371.906  178.032       3.9450
-371.906  182.468       3.9450
-371.906  186.904       3.9450
-371.906  191.340       3.9450
-371.906  195.776       3.9450
-371.906  200.212       3.9450
-371.906  204.648       3.9450
-371.906  209.084       3.9450
-371.906  213.520       3.9450
-371.906  217.956       3.9450
-371.906  222.391       3.9450
-371.906  226.827       3.9450
-371.906  231.263       3.9450
-371.906  235.699       3.9450
-371.906  240.135       3.9450
-371.906  244.571       3.9450
-371.906  249.007       3.9450
-371.906  253.443       3.9450
-371.906  257.879       3.9450
-371.906  262.315       3.9450
-371.906  266.751       3.9450
-371.906  271.187       3.9450
-366.920 -167.973       3.9450
-366.920 -163.537       3.9450
-366.920 -159.101       3.9450
-366.920 -154.665       3.9450
-366.920 -150.229       3.9450
-366.920 -145.793       3.9450
-366.920 -141.357       3.9450
-366.920 -136.921       3.9450
-366.920 -132.485       3.9450
-366.920 -128.049       3.9450
-366.920 -123.613       3.9450
-366.920 -119.177       3.9450
-366.920 -114.741       3.9450
-366.920 -110.306       3.9450
-366.920 -105.870       3.9450
-366.920 -101.434       3.9450
-366.920  -96.998       3.9450
-366.920  -92.562       3.9450
-366.920  -88.126       3.9450
-366.920  -83.690       3.9450
-366.920  -79.254       3.9450
-366.920  -74.818       3.9450
-366.920  -70.382       3.9450
-366.920  -65.946       3.1186
-366.920  -61.510       2.5723
-366.920  -57.074       2.1023
-366.920  -52.638       2.2219
-366.920  -48.202       1.7765
-366.920  -43.766       0.9906
-366.920  -39.330       0.4596
-366.920  -34.894       0.5901
-366.920  -30.458       0.7573
-366.920  -26.022       0.8297
-366.920  -21.586       0.8297
-366.920  -17.150       0.9906
-366.920  -12.714       0.8559
-366.920   -8.278       1.0811
-366.920   -3.842       1.0251
-366.920    0.593       0.8833
-366.920    5.029       0.9269
-366.920    9.465       0.7805
-366.920   13.901       0.5175
-366.920   18.337       0.2898
-366.920   22.773       0.6392
-366.920   27.209       1.1321
-366.920   31.645       0.8763
-366.920   36.081       0.8426
-366.920   40.517       0.8361
-366.920   44.953       1.5453
-366.920   49.389       3.1186
-366.920   53.825       3.9450
-366.920   58.261       2.4636
-366.920   62.697       1.9174
-366.920   67.133       1.2895
-366.920   71.569       1.4846
-366.920   76.005       2.0027
-366.920   80.441       2.2921
-366.920   84.877       3.1186
-366.920   89.313       3.9450
-366.920   93.749       3.9450
-366.920   98.185       3.9450
-366.920  102.621       3.9450
-366.920  107.057       3.9450
-366.920  111.492       3.9450
-366.920  115.928       3.9450
-366.920  120.364       3.9450
-366.920  124.800       3.9450
-366.920  129.236       3.9450
-366.920  133.672       3.9450
-366.920  138.108       3.9450
-366.920  142.544       3.9450
-366.920  146.980       3.9450
-366.920  151.416       3.9450
-366.920  155.852       3.9450
-366.920  160.288       3.9450
-366.920  164.724       3.9450
-366.920  169.160       3.9450
-366.920  173.596       3.9450
-366.920  178.032       3.9450
-366.920  182.468       3.9450
-366.920  186.904       3.9450
-366.920  191.340       3.9450
-366.920  195.776       3.9450
-366.920  200.212       3.9450
-366.920  204.648       3.9450
-366.920  209.084       3.9450
-366.920  213.520       3.9450
-366.920  217.956       3.9450
-366.920  222.391       3.9450
-366.920  226.827       3.9450
-366.920  231.263       3.9450
-366.920  235.699       3.9450
-366.920  240.135       3.9450
-366.920  244.571       3.9450
-366.920  249.007       3.9450
-366.920  253.443       3.9450
-366.920  257.879       3.9450
-366.920  262.315       3.9450
-366.920  266.751       3.9450
-366.920  271.187       3.9450
-361.934 -167.973       3.9450
-361.934 -163.537       3.9450
-361.934 -159.101       3.9450
-361.934 -154.665       3.9450
-361.934 -150.229       3.9450
-361.934 -145.793       3.9450
-361.934 -141.357       3.9450
-361.934 -136.921       3.9450
-361.934 -132.485       3.9450
-361.934 -128.049       3.9450
-361.934 -123.613       3.9450
-361.934 -119.177       3.9450
-361.934 -114.741       3.9450
-361.934 -110.306       3.9450
-361.934 -105.870       3.9450
-361.934 -101.434       3.9450
-361.934  -96.998       3.9450
-361.934  -92.562       3.9450
-361.934  -88.126       3.9450
-361.934  -83.690       3.9450
-361.934  -79.254       3.9450
-361.934  -74.818       3.9450
-361.934  -70.382       3.9450
-361.934  -65.946       1.9585
-361.934  -61.510       0.9047
-361.934  -57.074       0.8626
-361.934  -52.638       0.8233
-361.934  -48.202       1.0163
-361.934  -43.766       0.6254
-361.934  -39.330       0.2898
-361.934  -34.894       0.6254
-361.934  -30.458       0.9047
-361.934  -26.022       0.8626
-361.934  -21.586       0.8626
-361.934  -17.150       0.9500
-361.934  -12.714       1.0714
-361.934   -8.278       1.1009
-361.934   -3.842       0.9345
-361.934    0.593       0.9906
-361.934    5.029       0.9500
-361.934    9.465       1.0524
-361.934   13.901       0.9047
-361.934   18.337       0.9906
-361.934   22.773       1.2895
-361.934   27.209       2.1591
-361.934   31.645       2.0504
-361.934   36.081       1.9585
-361.934   40.517       1.9585
-361.934   44.953       1.9174
-361.934   49.389       3.9450
-361.934   53.825       3.9450
-361.934   58.261       3.9450
-361.934   62.697       3.9450
-361.934   67.133       3.5318
-361.934   71.569       3.9450
-361.934   76.005       3.9450
-361.934   80.441       3.9450
-361.934   84.877       3.9450
-361.934   89.313       3.9450
-361.934   93.749       3.9450
-361.934   98.185       3.9450
-361.934  102.621       3.9450
-361.934  107.057       3.9450
-361.934  111.492       3.9450
-361.934  115.928       3.9450
-361.934  120.364       3.9450
-361.934  124.800       3.9450
-361.934  129.236       3.9450
-361.934  133.672       3.9450
-361.934  138.108       3.9450
-361.934  142.544       3.9450
-361.934  146.980       3.9450
-361.934  151.416       3.9450
-361.934  155.852       3.9450
-361.934  160.288       3.9450
-361.934  164.724       3.9450
-361.934  169.160       3.9450
-361.934  173.596       3.9450
-361.934  178.032       3.9450
-361.934  182.468       3.9450
-361.934  186.904       3.9450
-361.934  191.340       3.9450
-361.934  195.776       3.9450
-361.934  200.212       3.9450
-361.934  204.648       3.9450
-361.934  209.084       3.9450
-361.934  213.520       3.9450
-361.934  217.956       3.9450
-361.934  222.391       3.9450
-361.934  226.827       3.9450
-361.934  231.263       3.9450
-361.934  235.699       3.9450
-361.934  240.135       3.9450
-361.934  244.571       3.9450
-361.934  249.007       3.9450
-361.934  253.443       3.9450
-361.934  257.879       3.9450
-361.934  262.315       3.9450
-361.934  266.751       3.9450
-361.934  271.187       3.9450
-356.948 -167.973       3.9450
-356.948 -163.537       3.9450
-356.948 -159.101       3.9450
-356.948 -154.665       3.9450
-356.948 -150.229       3.9450
-356.948 -145.793       3.9450
-356.948 -141.357       3.9450
-356.948 -136.921       3.9450
-356.948 -132.485       3.9450
-356.948 -128.049       3.9450
-356.948 -123.613       3.9450
-356.948 -119.177       3.9450
-356.948 -114.741       3.9450
-356.948 -110.306       3.9450
-356.948 -105.870       3.9450
-356.948 -101.434       3.9450
-356.948  -96.998       3.9450
-356.948  -92.562       3.9450
-356.948  -88.126       3.9450
-356.948  -83.690       3.9450
-356.948  -79.254       3.5318
-356.948  -74.818       3.1186
-356.948  -70.382       3.5318
-356.948  -65.946       1.2493
-356.948  -61.510       0.7188
-356.948  -57.074       0.5690
-356.948  -52.638       0.5690
-356.948  -48.202       0.8426
-356.948  -43.766       0.9120
-356.948  -39.330       0.6486
-356.948  -34.894       0.5062
-356.948  -30.458       0.7517
-356.948  -26.022       0.9194
-356.948  -21.586       1.2365
-356.948  -17.150       1.2117
-356.948  -12.714       1.2624
-356.948   -8.278       1.0432
-356.948   -3.842       1.1111
-356.948    0.593       1.2117
-356.948    5.029       1.3036
-356.948    9.465       1.5895
-356.948   13.901       1.9585
-356.948   18.337       1.3791
-356.948   22.773       1.1428
-356.948   27.209       1.5895
-356.948   31.645       2.3717
-356.948   36.081       2.7054
-356.948   40.517       2.1591
-356.948   44.953       3.1186
-356.948   49.389       3.5318
-356.948   53.825       3.9450
-356.948   58.261       3.9450
-356.948   62.697       3.9450
-356.948   67.133       3.9450
-356.948   71.569       3.9450
-356.948   76.005       3.9450
-356.948   80.441       3.9450
-356.948   84.877       3.9450
-356.948   89.313       3.9450
-356.948   93.749       3.9450
-356.948   98.185       3.9450
-356.948  102.621       3.9450
-356.948  107.057       3.9450
-356.948  111.492       3.9450
-356.948  115.928       3.9450
-356.948  120.364       3.9450
-356.948  124.800       3.9450
-356.948  129.236       3.9450
-356.948  133.672       3.9450
-356.948  138.108       3.9450
-356.948  142.544       3.9450
-356.948  146.980       3.9450
-356.948  151.416       3.9450
-356.948  155.852       3.9450
-356.948  160.288       3.9450
-356.948  164.724       3.9450
-356.948  169.160       3.9450
-356.948  173.596       3.9450
-356.948  178.032       3.9450
-356.948  182.468       3.9450
-356.948  186.904       3.9450
-356.948  191.340       3.9450
-356.948  195.776       3.9450
-356.948  200.212       3.9450
-356.948  204.648       3.9450
-356.948  209.084       3.9450
-356.948  213.520       3.9450
-356.948  217.956       3.9450
-356.948  222.391       3.9450
-356.948  226.827       3.9450
-356.948  231.263       3.9450
-356.948  235.699       3.9450
-356.948  240.135       3.9450
-356.948  244.571       3.9450
-356.948  249.007       3.9450
-356.948  253.443       3.9450
-356.948  257.879       3.9450
-356.948  262.315       3.9450
-356.948  266.751       3.9450
-356.948  271.187       3.9450
-351.962 -167.973       3.9450
-351.962 -163.537       3.9450
-351.962 -159.101       3.9450
-351.962 -154.665       3.9450
-351.962 -150.229       3.9450
-351.962 -145.793       3.9450
-351.962 -141.357       3.9450
-351.962 -136.921       3.9450
-351.962 -132.485       3.9450
-351.962 -128.049       3.9450
-351.962 -123.613       3.9450
-351.962 -119.177       3.9450
-351.962 -114.741       3.9450
-351.962 -110.306       3.9450
-351.962 -105.870       3.9450
-351.962 -101.434       3.9450
-351.962  -96.998       3.9450
-351.962  -92.562       3.9450
-351.962  -88.126       3.5318
-351.962  -83.690       3.5318
-351.962  -79.254       2.3717
-351.962  -74.818       1.5041
-351.962  -70.382       1.3632
-351.962  -65.946       0.9500
-351.962  -61.510       0.8833
-351.962  -57.074       0.8426
-351.962  -52.638       0.7461
-351.962  -48.202       0.9269
-351.962  -43.766       0.9906
-351.962  -39.330       0.9047
-351.962  -34.894       0.7688
-351.962  -30.458       0.9579
-351.962  -26.022       1.6626
-351.962  -21.586       1.6891
-351.962  -17.150       2.2219
-351.962  -12.714       1.5670
-351.962   -8.278       1.9585
-351.962   -3.842       2.3717
-351.962    0.593       1.8789
-351.962    5.029       2.1591
-351.962    9.465       3.5318
-351.962   13.901       2.3717
-351.962   18.337       2.0504
-351.962   22.773       1.5244
-351.962   27.209       1.6891
-351.962   31.645       1.7168
-351.962   36.081       1.8087
-351.962   40.517       2.5723
-351.962   44.953       3.9450
-351.962   49.389       3.9450
-351.962   53.825       3.9450
-351.962   58.261       3.9450
-351.962   62.697       3.9450
-351.962   67.133       3.9450
-351.962   71.569       3.9450
-351.962   76.005       3.9450
-351.962   80.441       3.9450
-351.962   84.877       3.9450
-351.962   89.313       3.9450
-351.962   93.749       3.9450
-351.962   98.185       3.9450
-351.962  102.621       3.9450
-351.962  107.057       3.9450
-351.962  111.492       3.9450
-351.962  115.928       3.9450
-351.962  120.364       3.9450
-351.962  124.800       3.9450
-351.962  129.236       3.9450
-351.962  133.672       3.9450
-351.962  138.108       3.9450
-351.962  142.544       3.9450
-351.962  146.980       3.9450
-351.962  151.416       3.9450
-351.962  155.852       3.9450
-351.962  160.288       3.9450
-351.962  164.724       3.9450
-351.962  169.160       3.9450
-351.962  173.596       3.9450
-351.962  178.032       3.9450
-351.962  182.468       3.9450
-351.962  186.904       3.9450
-351.962  191.340       3.9450
-351.962  195.776       3.9450
-351.962  200.212       3.9450
-351.962  204.648       3.9450
-351.962  209.084       3.9450
-351.962  213.520       3.9450
-351.962  217.956       3.9450
-351.962  222.391       3.9450
-351.962  226.827       3.9450
-351.962  231.263       3.9450
-351.962  235.699       3.9450
-351.962  240.135       3.9450
-351.962  244.571       3.9450
-351.962  249.007       3.9450
-351.962  253.443       3.9450
-351.962  257.879       3.9450
-351.962  262.315       3.9450
-351.962  266.751       3.9450
-351.962  271.187       3.9450
-346.976 -167.973       3.9450
-346.976 -163.537       3.9450
-346.976 -159.101       3.9450
-346.976 -154.665       3.9450
-346.976 -150.229       3.9450
-346.976 -145.793       3.9450
-346.976 -141.357       3.9450
-346.976 -136.921       3.9450
-346.976 -132.485       3.9450
-346.976 -128.049       3.9450
-346.976 -123.613       3.9450
-346.976 -119.177       3.9450
-346.976 -114.741       3.9450
-346.976 -110.306       3.9450
-346.976 -105.870       3.9450
-346.976 -101.434       3.9450
-346.976  -96.998       3.9450
-346.976  -92.562       3.9450
-346.976  -88.126       2.8769
-346.976  -83.690       2.0504
-346.976  -79.254       1.9585
-346.976  -74.818       1.3955
-346.976  -70.382       0.9906
-346.976  -65.946       0.9906
-346.976  -61.510       0.8903
-346.976  -57.074       0.9194
-346.976  -52.638       0.8045
-346.976  -48.202       0.7630
-346.976  -43.766       1.1215
-346.976  -39.330       1.2365
-346.976  -34.894       1.1009
-346.976  -30.458       1.2624
-346.976  -26.022       2.1023
-346.976  -21.586       2.4636
-346.976  -17.150       1.9585
-346.976  -12.714       1.5453
-346.976   -8.278       2.4636
-346.976   -3.842       2.4636
-346.976    0.593       3.1186
-346.976    5.029       3.9450
-346.976    9.465       3.9450
-346.976   13.901       3.9450
-346.976   18.337       3.1186
-346.976   22.773       2.8769
-346.976   27.209       2.7054
-346.976   31.645       1.5453
-346.976   36.081       1.5453
-346.976   40.517       2.1023
-346.976   44.953       2.8769
-346.976   49.389       2.8769
-346.976   53.825       3.9450
-346.976   58.261       3.9450
-346.976   62.697       3.9450
-346.976   67.133       3.9450
-346.976   71.569       3.9450
-346.976   76.005       3.9450
-346.976   80.441       3.9450
-346.976   84.877       3.9450
-346.976   89.313       3.9450
-346.976   93.749       3.9450
-346.976   98.185       3.9450
-346.976  102.621       3.9450
-346.976  107.057       3.9450
-346.976  111.492       3.9450
-346.976  115.928       3.9450
-346.976  120.364       3.9450
-346.976  124.800       3.9450
-346.976  129.236       3.9450
-346.976  133.672       3.9450
-346.976  138.108       3.9450
-346.976  142.544       3.9450
-346.976  146.980       3.9450
-346.976  151.416       3.9450
-346.976  155.852       3.9450
-346.976  160.288       3.9450
-346.976  164.724       3.9450
-346.976  169.160       3.9450
-346.976  173.596       3.9450
-346.976  178.032       3.9450
-346.976  182.468       3.9450
-346.976  186.904       3.9450
-346.976  191.340       3.9450
-346.976  195.776       3.9450
-346.976  200.212       3.9450
-346.976  204.648       3.9450
-346.976  209.084       3.9450
-346.976  213.520       3.9450
-346.976  217.956       3.9450
-346.976  222.391       3.9450
-346.976  226.827       3.9450
-346.976  231.263       3.9450
-346.976  235.699       3.9450
-346.976  240.135       3.9450
-346.976  244.571       3.9450
-346.976  249.007       3.9450
-346.976  253.443       3.9450
-346.976  257.879       3.9450
-346.976  262.315       3.9450
-346.976  266.751       3.9450
-346.976  271.187       3.9450
-341.990 -167.973       3.9450
-341.990 -163.537       3.9450
-341.990 -159.101       3.9450
-341.990 -154.665       3.9450
-341.990 -150.229       3.9450
-341.990 -145.793       3.9450
-341.990 -141.357       3.9450
-341.990 -136.921       3.9450
-341.990 -132.485       3.9450
-341.990 -128.049       3.9450
-341.990 -123.613       3.9450
-341.990 -119.177       3.9450
-341.990 -114.741       3.9450
-341.990 -110.306       3.9450
-341.990 -105.870       3.9450
-341.990 -101.434       3.9450
-341.990  -96.998       2.5723
-341.990  -92.562       2.3717
-341.990  -88.126       2.2219
-341.990  -83.690       1.5453
-341.990  -79.254       1.4473
-341.990  -74.818       0.8763
-341.990  -70.382       0.6031
-341.990  -65.946       0.8233
-341.990  -61.510       0.9659
-341.990  -57.074       0.9269
-341.990  -52.638       0.8763
-341.990  -48.202       1.3791
-341.990  -43.766       1.6128
-341.990  -39.330       1.4295
-341.990  -34.894       1.4123
-341.990  -30.458       1.3791
-341.990  -26.022       1.7765
-341.990  -21.586       2.0027
-341.990  -17.150       2.7054
-341.990  -12.714       2.7054
-341.990   -8.278       3.9450
-341.990   -3.842       3.9450
-341.990    0.593       3.9450
-341.990    5.029       3.9450
-341.990    9.465       3.9450
-341.990   13.901       3.9450
-341.990   18.337       3.9450
-341.990   22.773       3.9450
-341.990   27.209       2.8769
-341.990   31.645       2.0504
-341.990   36.081       2.8769
-341.990   40.517       2.7054
-341.990   44.953       2.2219
-341.990   49.389       2.8769
-341.990   53.825       3.9450
-341.990   58.261       3.9450
-341.990   62.697       3.9450
-341.990   67.133       3.9450
-341.990   71.569       3.9450
-341.990   76.005       3.9450
-341.990   80.441       3.9450
-341.990   84.877       3.9450
-341.990   89.313       3.9450
-341.990   93.749       3.9450
-341.990   98.185       3.9450
-341.990  102.621       3.9450
-341.990  107.057       3.9450
-341.990  111.492       3.9450
-341.990  115.928       3.9450
-341.990  120.364       3.9450
-341.990  124.800       3.9450
-341.990  129.236       3.9450
-341.990  133.672       3.9450
-341.990  138.108       3.9450
-341.990  142.544       3.9450
-341.990  146.980       3.9450
-341.990  151.416       3.9450
-341.990  155.852       3.9450
-341.990  160.288       3.9450
-341.990  164.724       3.9450
-341.990  169.160       3.9450
-341.990  173.596       3.9450
-341.990  178.032       3.9450
-341.990  182.468       3.9450
-341.990  186.904       3.9450
-341.990  191.340       3.9450
-341.990  195.776       3.9450
-341.990  200.212       3.9450
-341.990  204.648       3.9450
-341.990  209.084       3.9450
-341.990  213.520       3.9450
-341.990  217.956       3.9450
-341.990  222.391       3.9450
-341.990  226.827       3.9450
-341.990  231.263       3.9450
-341.990  235.699       3.9450
-341.990  240.135       3.9450
-341.990  244.571       3.9450
-341.990  249.007       3.9450
-341.990  253.443       3.9450
-341.990  257.879       3.9450
-341.990  262.315       3.9450
-341.990  266.751       3.9450
-341.990  271.187       3.9450
-337.004 -167.973       3.9450
-337.004 -163.537       3.9450
-337.004 -159.101       3.9450
-337.004 -154.665       3.9450
-337.004 -150.229       3.9450
-337.004 -145.793       3.9450
-337.004 -141.357       3.9450
-337.004 -136.921       3.9450
-337.004 -132.485       3.9450
-337.004 -128.049       3.9450
-337.004 -123.613       3.9450
-337.004 -119.177       3.9450
-337.004 -114.741       3.9450
-337.004 -110.306       3.9450
-337.004 -105.870       3.9450
-337.004 -101.434       2.7054
-337.004  -96.998       2.2219
-337.004  -92.562       2.0027
-337.004  -88.126       1.7168
-337.004  -83.690       1.1762
-337.004  -79.254       0.7805
-337.004  -74.818       0.7083
-337.004  -70.382       0.8763
-337.004  -65.946       0.8045
-337.004  -61.510       0.7688
-337.004  -57.074       0.8833
-337.004  -52.638       1.0076
-337.004  -48.202       2.1591
-337.004  -43.766       1.6372
-337.004  -39.330       1.5041
-337.004  -34.894       1.0811
-337.004  -30.458       1.5244
-337.004  -26.022       1.9174
-337.004  -21.586       2.5723
-337.004  -17.150       3.5318
-337.004  -12.714       3.9450
-337.004   -8.278       3.9450
-337.004   -3.842       3.9450
-337.004    0.593       3.9450
-337.004    5.029       3.9450
-337.004    9.465       3.9450
-337.004   13.901       3.9450
-337.004   18.337       3.9450
-337.004   22.773       3.9450
-337.004   27.209       2.4636
-337.004   31.645       2.4636
-337.004   36.081       3.5318
-337.004   40.517       2.1023
-337.004   44.953       2.4636
-337.004   49.389       3.5318
-337.004   53.825       3.9450
-337.004   58.261       3.9450
-337.004   62.697       3.9450
-337.004   67.133       3.9450
-337.004   71.569       3.9450
-337.004   76.005       3.9450
-337.004   80.441       3.9450
-337.004   84.877       3.9450
-337.004   89.313       3.9450
-337.004   93.749       3.9450
-337.004   98.185       3.9450
-337.004  102.621       3.9450
-337.004  107.057       3.9450
-337.004  111.492       3.9450
-337.004  115.928       3.9450
-337.004  120.364       3.9450
-337.004  124.800       3.9450
-337.004  129.236       3.9450
-337.004  133.672       3.9450
-337.004  138.108       3.9450
-337.004  142.544       3.9450
-337.004  146.980       3.9450
-337.004  151.416       3.9450
-337.004  155.852       3.9450
-337.004  160.288       3.9450
-337.004  164.724       3.9450
-337.004  169.160       3.9450
-337.004  173.596       3.9450
-337.004  178.032       3.9450
-337.004  182.468       3.9450
-337.004  186.904       3.9450
-337.004  191.340       3.9450
-337.004  195.776       3.9450
-337.004  200.212       3.9450
-337.004  204.648       3.9450
-337.004  209.084       3.9450
-337.004  213.520       3.9450
-337.004  217.956       3.9450
-337.004  222.391       3.9450
-337.004  226.827       3.9450
-337.004  231.263       3.9450
-337.004  235.699       3.9450
-337.004  240.135       3.9450
-337.004  244.571       3.9450
-337.004  249.007       3.9450
-337.004  253.443       3.9450
-337.004  257.879       3.9450
-337.004  262.315       3.9450
-337.004  266.751       3.9450
-337.004  271.187       3.9450
-332.018 -167.973       3.9450
-332.018 -163.537       3.9450
-332.018 -159.101       3.9450
-332.018 -154.665       3.9450
-332.018 -150.229       3.9450
-332.018 -145.793       3.9450
-332.018 -141.357       3.9450
-332.018 -136.921       3.9450
-332.018 -132.485       3.9450
-332.018 -128.049       3.9450
-332.018 -123.613       3.9450
-332.018 -119.177       3.9450
-332.018 -114.741       3.9450
-332.018 -110.306       3.9450
-332.018 -105.870       3.9450
-332.018 -101.434       2.8769
-332.018  -96.998       1.6128
-332.018  -92.562       1.7765
-332.018  -88.126       1.0163
-332.018  -83.690       0.6827
-332.018  -79.254       0.6254
-332.018  -74.818       0.9659
-332.018  -70.382       0.8626
-332.018  -65.946       0.8559
-332.018  -61.510       1.0076
-332.018  -57.074       0.7350
-332.018  -52.638       1.3326
-332.018  -48.202       1.6891
-332.018  -43.766       1.6372
-332.018  -39.330       1.9585
-332.018  -34.894       1.4473
-332.018  -30.458       2.8769
-332.018  -26.022       2.8769
-332.018  -21.586       3.5318
-332.018  -17.150       3.9450
-332.018  -12.714       3.9450
-332.018   -8.278       3.9450
-332.018   -3.842       3.9450
-332.018    0.593       3.9450
-332.018    5.029       3.9450
-332.018    9.465       3.9450
-332.018   13.901       3.9450
-332.018   18.337       3.9450
-332.018   22.773       3.9450
-332.018   27.209       3.9450
-332.018   31.645       3.9450
-332.018   36.081       3.1186
-332.018   40.517       2.3717
-332.018   44.953       1.8428
-332.018   49.389       1.6128
-332.018   53.825       2.1591
-332.018   58.261       3.5318
-332.018   62.697       3.9450
-332.018   67.133       3.9450
-332.018   71.569       3.9450
-332.018   76.005       3.9450
-332.018   80.441       3.9450
-332.018   84.877       3.9450
-332.018   89.313       3.9450
-332.018   93.749       3.9450
-332.018   98.185       3.9450
-332.018  102.621       3.9450
-332.018  107.057       3.9450
-332.018  111.492       3.9450
-332.018  115.928       3.9450
-332.018  120.364       3.9450
-332.018  124.800       3.9450
-332.018  129.236       3.9450
-332.018  133.672       3.9450
-332.018  138.108       3.9450
-332.018  142.544       3.9450
-332.018  146.980       3.9450
-332.018  151.416       3.9450
-332.018  155.852       3.9450
-332.018  160.288       3.9450
-332.018  164.724       3.9450
-332.018  169.160       3.9450
-332.018  173.596       3.9450
-332.018  178.032       3.9450
-332.018  182.468       3.9450
-332.018  186.904       3.9450
-332.018  191.340       3.9450
-332.018  195.776       3.9450
-332.018  200.212       3.9450
-332.018  204.648       3.9450
-332.018  209.084       3.9450
-332.018  213.520       3.9450
-332.018  217.956       3.9450
-332.018  222.391       3.9450
-332.018  226.827       3.9450
-332.018  231.263       3.9450
-332.018  235.699       3.9450
-332.018  240.135       3.9450
-332.018  244.571       3.9450
-332.018  249.007       3.9450
-332.018  253.443       3.9450
-332.018  257.879       3.9450
-332.018  262.315       3.9450
-332.018  266.751       3.9450
-332.018  271.187       3.9450
-327.032 -167.973       3.9450
-327.032 -163.537       3.9450
-327.032 -159.101       3.9450
-327.032 -154.665       3.9450
-327.032 -150.229       3.9450
-327.032 -145.793       3.9450
-327.032 -141.357       3.9450
-327.032 -136.921       3.9450
-327.032 -132.485       3.9450
-327.032 -128.049       3.9450
-327.032 -123.613       3.9450
-327.032 -119.177       3.9450
-327.032 -114.741       3.9450
-327.032 -110.306       2.2219
-327.032 -105.870       1.9585
-327.032 -101.434       1.2758
-327.032  -96.998       1.1878
-327.032  -92.562       1.0909
-327.032  -88.126       0.9740
-327.032  -83.690       0.7984
-327.032  -79.254       0.9659
-327.032  -74.818       0.9740
-327.032  -70.382       1.0432
-327.032  -65.946       1.1649
-327.032  -61.510       1.0618
-327.032  -57.074       1.6626
-327.032  -52.638       2.4636
-327.032  -48.202       2.1591
-327.032  -43.766       2.5723
-327.032  -39.330       2.7054
-327.032  -34.894       2.4636
-327.032  -30.458       3.9450
-327.032  -26.022       3.9450
-327.032  -21.586       3.9450
-327.032  -17.150       3.9450
-327.032  -12.714       3.9450
-327.032   -8.278       3.9450
-327.032   -3.842       3.9450
-327.032    0.593       3.9450
-327.032    5.029       3.9450
-327.032    9.465       3.9450
-327.032   13.901       3.9450
-327.032   18.337       3.9450
-327.032   22.773       3.9450
-327.032   27.209       2.7054
-327.032   31.645       2.2219
-327.032   36.081       2.2921
-327.032   40.517       2.1023
-327.032   44.953       1.9585
-327.032   49.389       2.1591
-327.032   53.825       3.1186
-327.032   58.261       3.9450
-327.032   62.697       3.9450
-327.032   67.133       3.9450
-327.032   71.569       3.9450
-327.032   76.005       3.9450
-327.032   80.441       3.9450
-327.032   84.877       3.9450
-327.032   89.313       3.9450
-327.032   93.749       3.9450
-327.032   98.185       3.9450
-327.032  102.621       3.9450
-327.032  107.057       3.9450
-327.032  111.492       3.9450
-327.032  115.928       3.9450
-327.032  120.364       3.9450
-327.032  124.800       3.9450
-327.032  129.236       3.9450
-327.032  133.672       3.9450
-327.032  138.108       3.9450
-327.032  142.544       3.9450
-327.032  146.980       3.9450
-327.032  151.416       3.9450
-327.032  155.852       3.9450
-327.032  160.288       3.9450
-327.032  164.724       3.9450
-327.032  169.160       3.9450
-327.032  173.596       3.9450
-327.032  178.032       3.9450
-327.032  182.468       3.9450
-327.032  186.904       3.9450
-327.032  191.340       3.9450
-327.032  195.776       3.9450
-327.032  200.212       3.9450
-327.032  204.648       3.9450
-327.032  209.084       3.9450
-327.032  213.520       3.9450
-327.032  217.956       3.9450
-327.032  222.391       3.9450
-327.032  226.827       3.9450
-327.032  231.263       3.9450
-327.032  235.699       3.9450
-327.032  240.135       3.9450
-327.032  244.571       3.9450
-327.032  249.007       3.9450
-327.032  253.443       3.9450
-327.032  257.879       3.9450
-327.032  262.315       3.9450
-327.032  266.751       3.9450
-327.032  271.187       3.9450
-322.046 -167.973       3.9450
-322.046 -163.537       3.9450
-322.046 -159.101       3.9450
-322.046 -154.665       3.9450
-322.046 -150.229       3.9450
-322.046 -145.793       3.9450
-322.046 -141.357       3.9450
-322.046 -136.921       3.9450
-322.046 -132.485       3.9450
-322.046 -128.049       3.9450
-322.046 -123.613       3.9450
-322.046 -119.177       3.9450
-322.046 -114.741       2.5723
-322.046 -110.306       1.7765
-322.046 -105.870       1.1996
-322.046 -101.434       1.0076
-322.046  -96.998       1.1878
-322.046  -92.562       1.3326
-322.046  -88.126       1.0163
-322.046  -83.690       0.8903
-322.046  -79.254       0.9269
-322.046  -74.818       1.0341
-322.046  -70.382       1.0432
-322.046  -65.946       1.2624
-322.046  -61.510       1.8428
-322.046  -57.074       2.7054
-322.046  -52.638       3.1186
-322.046  -48.202       3.9450
-322.046  -43.766       3.9450
-322.046  -39.330       3.9450
-322.046  -34.894       3.9450
-322.046  -30.458       3.9450
-322.046  -26.022       3.9450
-322.046  -21.586       3.9450
-322.046  -17.150       3.9450
-322.046  -12.714       3.9450
-322.046   -8.278       3.9450
-322.046   -3.842       3.9450
-322.046    0.593       3.9450
-322.046    5.029       3.9450
-322.046    9.465       3.9450
-322.046   13.901       3.9450
-322.046   18.337       3.9450
-322.046   22.773       3.9450
-322.046   27.209       3.9450
-322.046   31.645       3.1186
-322.046   36.081       3.5318
-322.046   40.517       2.8769
-322.046   44.953       3.9450
-322.046   49.389       3.9450
-322.046   53.825       3.9450
-322.046   58.261       3.9450
-322.046   62.697       3.9450
-322.046   67.133       3.9450
-322.046   71.569       3.9450
-322.046   76.005       3.9450
-322.046   80.441       3.9450
-322.046   84.877       3.9450
-322.046   89.313       3.9450
-322.046   93.749       3.9450
-322.046   98.185       3.9450
-322.046  102.621       3.9450
-322.046  107.057       3.9450
-322.046  111.492       3.9450
-322.046  115.928       3.9450
-322.046  120.364       3.9450
-322.046  124.800       3.9450
-322.046  129.236       3.9450
-322.046  133.672       3.9450
-322.046  138.108       3.9450
-322.046  142.544       3.9450
-322.046  146.980       3.9450
-322.046  151.416       3.9450
-322.046  155.852       3.9450
-322.046  160.288       3.9450
-322.046  164.724       3.9450
-322.046  169.160       3.9450
-322.046  173.596       3.9450
-322.046  178.032       3.9450
-322.046  182.468       3.9450
-322.046  186.904       3.9450
-322.046  191.340       3.9450
-322.046  195.776       3.9450
-322.046  200.212       3.9450
-322.046  204.648       3.9450
-322.046  209.084       3.9450
-322.046  213.520       3.9450
-322.046  217.956       3.9450
-322.046  222.391       3.9450
-322.046  226.827       3.9450
-322.046  231.263       3.9450
-322.046  235.699       3.9450
-322.046  240.135       3.9450
-322.046  244.571       3.9450
-322.046  249.007       3.9450
-322.046  253.443       3.9450
-322.046  257.879       3.9450
-322.046  262.315       3.9450
-322.046  266.751       3.9450
-322.046  271.187       3.9450
-317.060 -167.973       3.9450
-317.060 -163.537       3.9450
-317.060 -159.101       3.9450
-317.060 -154.665       3.9450
-317.060 -150.229       3.9450
-317.060 -145.793       3.9450
-317.060 -141.357       3.9450
-317.060 -136.921       3.9450
-317.060 -132.485       3.9450
-317.060 -128.049       3.9450
-317.060 -123.613       3.9450
-317.060 -119.177       3.5318
-317.060 -114.741       2.4636
-317.060 -110.306       1.2758
-317.060 -105.870       1.2758
-317.060 -101.434       1.1215
-317.060  -96.998       1.1762
-317.060  -92.562       0.8626
-317.060  -88.126       0.9822
-317.060  -83.690       0.9906
-317.060  -79.254       0.9120
-317.060  -74.818       0.8492
-317.060  -70.382       1.3632
-317.060  -65.946       2.0027
-317.060  -61.510       2.4636
-317.060  -57.074       3.9450
-317.060  -52.638       3.9450
-317.060  -48.202       3.9450
-317.060  -43.766       3.9450
-317.060  -39.330       3.9450
-317.060  -34.894       3.9450
-317.060  -30.458       3.9450
-317.060  -26.022       3.9450
-317.060  -21.586       3.9450
-317.060  -17.150       3.9450
-317.060  -12.714       3.9450
-317.060   -8.278       3.9450
-317.060   -3.842       3.9450
-317.060    0.593       3.9450
-317.060    5.029       3.9450
-317.060    9.465       3.9450
-317.060   13.901       3.9450
-317.060   18.337       3.9450
-317.060   22.773       3.9450
-317.060   27.209       3.9450
-317.060   31.645       3.5318
-317.060   36.081       1.8428
-317.060   40.517       3.1186
-317.060   44.953       2.3717
-317.060   49.389       2.7054
-317.060   53.825       2.7054
-317.060   58.261       3.9450
-317.060   62.697       3.9450
-317.060   67.133       3.9450
-317.060   71.569       3.9450
-317.060   76.005       3.9450
-317.060   80.441       3.9450
-317.060   84.877       3.9450
-317.060   89.313       3.9450
-317.060   93.749       3.9450
-317.060   98.185       3.9450
-317.060  102.621       3.9450
-317.060  107.057       3.9450
-317.060  111.492       3.9450
-317.060  115.928       3.9450
-317.060  120.364       3.9450
-317.060  124.800       3.9450
-317.060  129.236       3.9450
-317.060  133.672       3.9450
-317.060  138.108       3.9450
-317.060  142.544       3.9450
-317.060  146.980       3.9450
-317.060  151.416       3.9450
-317.060  155.852       3.9450
-317.060  160.288       3.9450
-317.060  164.724       3.9450
-317.060  169.160       3.9450
-317.060  173.596       3.9450
-317.060  178.032       3.9450
-317.060  182.468       3.9450
-317.060  186.904       3.9450
-317.060  191.340       3.9450
-317.060  195.776       3.9450
-317.060  200.212       3.9450
-317.060  204.648       3.9450
-317.060  209.084       3.9450
-317.060  213.520       3.9450
-317.060  217.956       3.9450
-317.060  222.391       3.9450
-317.060  226.827       3.9450
-317.060  231.263       3.9450
-317.060  235.699       3.9450
-317.060  240.135       3.9450
-317.060  244.571       3.9450
-317.060  249.007       3.9450
-317.060  253.443       3.9450
-317.060  257.879       3.9450
-317.060  262.315       3.9450
-317.060  266.751       3.9450
-317.060  271.187       3.9450
-312.074 -167.973       3.9450
-312.074 -163.537       3.9450
-312.074 -159.101       3.9450
-312.074 -154.665       3.9450
-312.074 -150.229       3.9450
-312.074 -145.793       3.9450
-312.074 -141.357       3.9450
-312.074 -136.921       3.9450
-312.074 -132.485       3.9450
-312.074 -128.049       3.9450
-312.074 -123.613       1.9585
-312.074 -119.177       1.2240
-312.074 -114.741       0.9822
-312.074 -110.306       0.7573
-312.074 -105.870       1.2117
-312.074 -101.434       1.3179
-312.074  -96.998       0.8975
-312.074  -92.562       0.8297
-312.074  -88.126       0.7805
-312.074  -83.690       1.0341
-312.074  -79.254       1.4657
-312.074  -74.818       1.2365
-312.074  -70.382       1.8087
-312.074  -65.946       3.5318
-312.074  -61.510       3.9450
-312.074  -57.074       3.9450
-312.074  -52.638       3.9450
-312.074  -48.202       3.9450
-312.074  -43.766       3.9450
-312.074  -39.330       3.9450
-312.074  -34.894       3.9450
-312.074  -30.458       3.9450
-312.074  -26.022       3.9450
-312.074  -21.586       3.9450
-312.074  -17.150       3.9450
-312.074  -12.714       3.9450
-312.074   -8.278       3.9450
-312.074   -3.842       3.9450
-312.074    0.593       3.9450
-312.074    5.029       3.9450
-312.074    9.465       3.9450
-312.074   13.901       3.9450
-312.074   18.337       3.9450
-312.074   22.773       3.9450
-312.074   27.209       3.9450
-312.074   31.645       3.5318
-312.074   36.081       2.4636
-312.074   40.517       2.4636
-312.074   44.953       1.7765
-312.074   49.389       1.6891
-312.074   53.825       1.7459
-312.074   58.261       2.2921
-312.074   62.697       3.9450
-312.074   67.133       3.9450
-312.074   71.569       3.9450
-312.074   76.005       3.9450
-312.074   80.441       3.9450
-312.074   84.877       3.9450
-312.074   89.313       3.9450
-312.074   93.749       3.9450
-312.074   98.185       3.9450
-312.074  102.621       3.9450
-312.074  107.057       3.9450
-312.074  111.492       3.9450
-312.074  115.928       3.9450
-312.074  120.364       3.9450
-312.074  124.800       3.9450
-312.074  129.236       3.9450
-312.074  133.672       3.9450
-312.074  138.108       3.9450
-312.074  142.544       3.9450
-312.074  146.980       3.9450
-312.074  151.416       3.9450
-312.074  155.852       3.9450
-312.074  160.288       3.9450
-312.074  164.724       3.9450
-312.074  169.160       3.9450
-312.074  173.596       3.9450
-312.074  178.032       3.9450
-312.074  182.468       3.9450
-312.074  186.904       3.9450
-312.074  191.340       3.9450
-312.074  195.776       3.9450
-312.074  200.212       3.9450
-312.074  204.648       3.9450
-312.074  209.084       3.9450
-312.074  213.520       3.9450
-312.074  217.956       3.9450
-312.074  222.391       3.9450
-312.074  226.827       3.9450
-312.074  231.263       3.9450
-312.074  235.699       3.9450
-312.074  240.135       3.9450
-312.074  244.571       3.9450
-312.074  249.007       3.9450
-312.074  253.443       3.9450
-312.074  257.879       3.9450
-312.074  262.315       3.9450
-312.074  266.751       3.9450
-312.074  271.187       3.9450
-307.088 -167.973       3.9450
-307.088 -163.537       3.9450
-307.088 -159.101       3.9450
-307.088 -154.665       3.9450
-307.088 -150.229       3.9450
-307.088 -145.793       3.9450
-307.088 -141.357       3.9450
-307.088 -136.921       3.9450
-307.088 -132.485       3.9450
-307.088 -128.049       2.5723
-307.088 -123.613       1.0618
-307.088 -119.177       0.6979
-307.088 -114.741       0.6119
-307.088 -110.306       0.8833
-307.088 -105.870       1.4473
-307.088 -101.434       1.4846
-307.088  -96.998       0.8694
-307.088  -92.562       0.6877
-307.088  -88.126       0.7350
-307.088  -83.690       1.7168
-307.088  -79.254       2.7054
-307.088  -74.818       2.8769
-307.088  -70.382       2.7054
-307.088  -65.946       2.2921
-307.088  -61.510       3.9450
-307.088  -57.074       3.9450
-307.088  -52.638       3.9450
-307.088  -48.202       3.9450
-307.088  -43.766       3.9450
-307.088  -39.330       3.9450
-307.088  -34.894       3.9450
-307.088  -30.458       3.9450
-307.088  -26.022       3.9450
-307.088  -21.586       3.9450
-307.088  -17.150       3.9450
-307.088  -12.714       3.9450
-307.088   -8.278       3.9450
-307.088   -3.842       3.9450
-307.088    0.593       3.9450
-307.088    5.029       3.9450
-307.088    9.465       3.9450
-307.088   13.901       3.9450
-307.088   18.337       3.9450
-307.088   22.773       3.9450
-307.088   27.209       2.8769
-307.088   31.645       2.8769
-307.088   36.081       1.8789
-307.088   40.517       2.0027
-307.088   44.953       2.3717
-307.088   49.389       1.7459
-307.088   53.825       1.5453
-307.088   58.261       1.3955
-307.088   62.697       1.6891
-307.088   67.133       1.9174
-307.088   71.569       2.4636
-307.088   76.005       3.9450
-307.088   80.441       3.9450
-307.088   84.877       3.9450
-307.088   89.313       3.9450
-307.088   93.749       3.1186
-307.088   98.185       2.0504
-307.088  102.621       1.9585
-307.088  107.057       3.9450
-307.088  111.492       3.9450
-307.088  115.928       3.9450
-307.088  120.364       3.9450
-307.088  124.800       3.9450
-307.088  129.236       3.9450
-307.088  133.672       3.9450
-307.088  138.108       3.9450
-307.088  142.544       3.9450
-307.088  146.980       3.9450
-307.088  151.416       3.9450
-307.088  155.852       3.9450
-307.088  160.288       3.9450
-307.088  164.724       3.9450
-307.088  169.160       3.9450
-307.088  173.596       3.9450
-307.088  178.032       3.9450
-307.088  182.468       3.9450
-307.088  186.904       3.9450
-307.088  191.340       3.9450
-307.088  195.776       3.9450
-307.088  200.212       3.9450
-307.088  204.648       3.9450
-307.088  209.084       3.9450
-307.088  213.520       3.9450
-307.088  217.956       3.9450
-307.088  222.391       3.9450
-307.088  226.827       3.9450
-307.088  231.263       3.9450
-307.088  235.699       3.9450
-307.088  240.135       3.9450
-307.088  244.571       3.9450
-307.088  249.007       3.9450
-307.088  253.443       3.9450
-307.088  257.879       3.9450
-307.088  262.315       3.9450
-307.088  266.751       3.9450
-307.088  271.187       3.9450
-302.102 -167.973       3.9450
-302.102 -163.537       3.9450
-302.102 -159.101       3.9450
-302.102 -154.665       3.9450
-302.102 -150.229       3.9450
-302.102 -145.793       3.9450
-302.102 -141.357       3.9450
-302.102 -136.921       3.9450
-302.102 -132.485       3.5318
-302.102 -128.049       1.3791
-302.102 -123.613       0.9740
-302.102 -119.177       0.8426
-302.102 -114.741       0.8492
-302.102 -110.306       1.0811
-302.102 -105.870       2.0027
-302.102 -101.434       1.8428
-302.102  -96.998       1.1878
-302.102  -92.562       0.9822
-302.102  -88.126       1.2365
-302.102  -83.690       1.8428
-302.102  -79.254       3.5318
-302.102  -74.818       3.1186
-302.102  -70.382       1.9585
-302.102  -65.946       3.1186
-302.102  -61.510       3.9450
-302.102  -57.074       3.9450
-302.102  -52.638       3.9450
-302.102  -48.202       3.9450
-302.102  -43.766       3.9450
-302.102  -39.330       3.9450
-302.102  -34.894       3.9450
-302.102  -30.458       3.9450
-302.102  -26.022       3.9450
-302.102  -21.586       3.9450
-302.102  -17.150       3.9450
-302.102  -12.714       3.9450
-302.102   -8.278       3.9450
-302.102   -3.842       3.9450
-302.102    0.593       3.9450
-302.102    5.029       3.9450
-302.102    9.465       3.9450
-302.102   13.901       3.9450
-302.102   18.337       3.9450
-302.102   22.773       3.9450
-302.102   27.209       2.1023
-302.102   31.645       2.7054
-302.102   36.081       1.8789
-302.102   40.517       2.1591
-302.102   44.953       3.1186
-302.102   49.389       2.1023
-302.102   53.825       1.5670
-302.102   58.261       1.0618
-302.102   62.697       1.1428
-302.102   67.133       1.1762
-302.102   71.569       1.3791
-302.102   76.005       2.0027
-302.102   80.441       3.1186
-302.102   84.877       3.9450
-302.102   89.313       3.9450
-302.102   93.749       3.9450
-302.102   98.185       1.8087
-302.102  102.621       2.1023
-302.102  107.057       2.0027
-302.102  111.492       3.1186
-302.102  115.928       3.5318
-302.102  120.364       3.9450
-302.102  124.800       3.9450
-302.102  129.236       3.9450
-302.102  133.672       3.9450
-302.102  138.108       3.9450
-302.102  142.544       3.9450
-302.102  146.980       3.9450
-302.102  151.416       3.9450
-302.102  155.852       3.9450
-302.102  160.288       3.9450
-302.102  164.724       3.9450
-302.102  169.160       3.9450
-302.102  173.596       3.9450
-302.102  178.032       3.9450
-302.102  182.468       3.9450
-302.102  186.904       3.9450
-302.102  191.340       3.9450
-302.102  195.776       3.9450
-302.102  200.212       3.9450
-302.102  204.648       3.9450
-302.102  209.084       3.9450
-302.102  213.520       3.9450
-302.102  217.956       3.9450
-302.102  222.391       3.9450
-302.102  226.827       3.9450
-302.102  231.263       3.9450
-302.102  235.699       3.9450
-302.102  240.135       3.9450
-302.102  244.571       3.9450
-302.102  249.007       3.9450
-302.102  253.443       3.9450
-302.102  257.879       3.9450
-302.102  262.315       3.9450
-302.102  266.751       3.9450
-302.102  271.187       3.9450
-297.116 -167.973       3.9450
-297.116 -163.537       3.9450
-297.116 -159.101       3.9450
-297.116 -154.665       3.9450
-297.116 -150.229       3.9450
-297.116 -145.793       3.9450
-297.116 -141.357       3.9450
-297.116 -136.921       3.9450
-297.116 -132.485       2.2921
-297.116 -128.049       1.2365
-297.116 -123.613       1.2240
-297.116 -119.177       1.0076
-297.116 -114.741       1.3326
-297.116 -110.306       1.5041
-297.116 -105.870       2.7054
-297.116 -101.434       2.2219
-297.116  -96.998       1.8428
-297.116  -92.562       2.3717
-297.116  -88.126       3.5318
-297.116  -83.690       3.5318
-297.116  -79.254       3.9450
-297.116  -74.818       2.8769
-297.116  -70.382       2.1023
-297.116  -65.946       2.2921
-297.116  -61.510       3.9450
-297.116  -57.074       3.9450
-297.116  -52.638       3.9450
-297.116  -48.202       3.9450
-297.116  -43.766       3.9450
-297.116  -39.330       3.9450
-297.116  -34.894       3.9450
-297.116  -30.458       3.9450
-297.116  -26.022       3.9450
-297.116  -21.586       3.9450
-297.116  -17.150       3.9450
-297.116  -12.714       3.9450
-297.116   -8.278       3.9450
-297.116   -3.842       3.9450
-297.116    0.593       3.9450
-297.116    5.029       3.9450
-297.116    9.465       3.9450
-297.116   13.901       3.5318
-297.116   18.337       3.1186
-297.116   22.773       2.4636
-297.116   27.209       2.0504
-297.116   31.645       2.4636
-297.116   36.081       3.5318
-297.116   40.517       3.5318
-297.116   44.953       3.5318
-297.116   49.389       1.6128
-297.116   53.825       1.9585
-297.116   58.261       1.6891
-297.116   62.697       1.3632
-297.116   67.133       0.9120
-297.116   71.569       1.0909
-297.116   76.005       1.5895
-297.116   80.441       2.2921
-297.116   84.877       2.3717
-297.116   89.313       3.5318
-297.116   93.749       2.1591
-297.116   98.185       1.3632
-297.116  102.621       1.7459
-297.116  107.057       2.0504
-297.116  111.492       2.4636
-297.116  115.928       2.1591
-297.116  120.364       3.9450
-297.116  124.800       3.9450
-297.116  129.236       3.9450
-297.116  133.672       3.9450
-297.116  138.108       3.9450
-297.116  142.544       3.9450
-297.116  146.980       3.9450
-297.116  151.416       3.9450
-297.116  155.852       3.9450
-297.116  160.288       3.9450
-297.116  164.724       3.9450
-297.116  169.160       3.9450
-297.116  173.596       3.9450
-297.116  178.032       3.9450
-297.116  182.468       3.9450
-297.116  186.904       3.9450
-297.116  191.340       3.9450
-297.116  195.776       3.9450
-297.116  200.212       3.9450
-297.116  204.648       3.9450
-297.116  209.084       3.9450
-297.116  213.520       3.9450
-297.116  217.956       3.9450
-297.116  222.391       3.9450
-297.116  226.827       3.9450
-297.116  231.263       3.9450
-297.116  235.699       3.9450
-297.116  240.135       3.9450
-297.116  244.571       3.9450
-297.116  249.007       3.9450
-297.116  253.443       3.9450
-297.116  257.879       3.9450
-297.116  262.315       3.9450
-297.116  266.751       3.9450
-297.116  271.187       3.9450
-292.130 -167.973       3.9450
-292.130 -163.537       3.9450
-292.130 -159.101       3.9450
-292.130 -154.665       3.9450
-292.130 -150.229       3.9450
-292.130 -145.793       3.9450
-292.130 -141.357       3.9450
-292.130 -136.921       3.9450
-292.130 -132.485       2.4636
-292.130 -128.049       1.5453
-292.130 -123.613       1.1996
-292.130 -119.177       1.3326
-292.130 -114.741       2.0504
-292.130 -110.306       3.5318
-292.130 -105.870       3.9450
-292.130 -101.434       2.3717
-292.130  -96.998       3.9450
-292.130  -92.562       3.9450
-292.130  -88.126       3.9450
-292.130  -83.690       3.9450
-292.130  -79.254       3.9450
-292.130  -74.818       3.9450
-292.130  -70.382       3.9450
-292.130  -65.946       3.9450
-292.130  -61.510       3.9450
-292.130  -57.074       3.9450
-292.130  -52.638       3.9450
-292.130  -48.202       3.9450
-292.130  -43.766       3.9450
-292.130  -39.330       3.9450
-292.130  -34.894       3.9450
-292.130  -30.458       3.9450
-292.130  -26.022       3.9450
-292.130  -21.586       3.9450
-292.130  -17.150       3.9450
-292.130  -12.714       3.9450
-292.130   -8.278       3.9450
-292.130   -3.842       3.9450
-292.130    0.593       3.9450
-292.130    5.029       3.9450
-292.130    9.465       3.5318
-292.130   13.901       3.5318
-292.130   18.337       2.0027
-292.130   22.773       1.9585
-292.130   27.209       2.1023
-292.130   31.645       3.1186
-292.130   36.081       3.5318
-292.130   40.517       3.9450
-292.130   44.953       3.5318
-292.130   49.389       2.1591
-292.130   53.825       1.6891
-292.130   58.261       2.0027
-292.130   62.697       2.0027
-292.130   67.133       1.7168
-292.130   71.569       1.6626
-292.130   76.005       1.9585
-292.130   80.441       2.1591
-292.130   84.877       3.1186
-292.130   89.313       2.4636
-292.130   93.749       1.5670
-292.130   98.185       1.1878
-292.130  102.621       1.8087
-292.130  107.057       3.9450
-292.130  111.492       3.5318
-292.130  115.928       3.9450
-292.130  120.364       3.9450
-292.130  124.800       3.9450
-292.130  129.236       3.9450
-292.130  133.672       3.9450
-292.130  138.108       3.9450
-292.130  142.544       3.9450
-292.130  146.980       3.9450
-292.130  151.416       3.9450
-292.130  155.852       3.9450
-292.130  160.288       3.9450
-292.130  164.724       3.9450
-292.130  169.160       3.9450
-292.130  173.596       3.9450
-292.130  178.032       3.9450
-292.130  182.468       3.9450
-292.130  186.904       3.9450
-292.130  191.340       3.9450
-292.130  195.776       3.9450
-292.130  200.212       3.9450
-292.130  204.648       3.9450
-292.130  209.084       3.9450
-292.130  213.520       3.9450
-292.130  217.956       3.9450
-292.130  222.391       3.9450
-292.130  226.827       3.9450
-292.130  231.263       3.9450
-292.130  235.699       3.9450
-292.130  240.135       3.9450
-292.130  244.571       3.9450
-292.130  249.007       3.9450
-292.130  253.443       3.9450
-292.130  257.879       3.9450
-292.130  262.315       3.9450
-292.130  266.751       3.9450
-292.130  271.187       3.9450
-287.144 -167.973       3.9450
-287.144 -163.537       3.9450
-287.144 -159.101       3.9450
-287.144 -154.665       3.9450
-287.144 -150.229       3.9450
-287.144 -145.793       3.9450
-287.144 -141.357       3.9450
-287.144 -136.921       3.5318
-287.144 -132.485       2.7054
-287.144 -128.049       2.2921
-287.144 -123.613       1.6891
-287.144 -119.177       1.9174
-287.144 -114.741       3.1186
-287.144 -110.306       3.9450
-287.144 -105.870       3.9450
-287.144 -101.434       3.9450
-287.144  -96.998       3.9450
-287.144  -92.562       3.9450
-287.144  -88.126       3.9450
-287.144  -83.690       3.9450
-287.144  -79.254       3.9450
-287.144  -74.818       3.9450
-287.144  -70.382       3.9450
-287.144  -65.946       3.9450
-287.144  -61.510       3.9450
-287.144  -57.074       3.9450
-287.144  -52.638       3.9450
-287.144  -48.202       3.9450
-287.144  -43.766       3.9450
-287.144  -39.330       3.9450
-287.144  -34.894       3.9450
-287.144  -30.458       3.9450
-287.144  -26.022       3.9450
-287.144  -21.586       3.9450
-287.144  -17.150       3.9450
-287.144  -12.714       3.9450
-287.144   -8.278       3.9450
-287.144   -3.842       3.9450
-287.144    0.593       3.9450
-287.144    5.029       3.9450
-287.144    9.465       2.7054
-287.144   13.901       1.9174
-287.144   18.337       1.7459
-287.144   22.773       1.5041
-287.144   27.209       1.7765
-287.144   31.645       3.1186
-287.144   36.081       3.9450
-287.144   40.517       3.9450
-287.144   44.953       3.1186
-287.144   49.389       2.1023
-287.144   53.825       1.9174
-287.144   58.261       2.7054
-287.144   62.697       3.1186
-287.144   67.133       2.5723
-287.144   71.569       2.3717
-287.144   76.005       1.9585
-287.144   80.441       2.8769
-287.144   84.877       3.1186
-287.144   89.313       2.0504
-287.144   93.749       1.6128
-287.144   98.185       1.8789
-287.144  102.621       2.2219
-287.144  107.057       2.8769
-287.144  111.492       3.5318
-287.144  115.928       3.1186
-287.144  120.364       3.9450
-287.144  124.800       3.9450
-287.144  129.236       3.9450
-287.144  133.672       3.9450
-287.144  138.108       3.9450
-287.144  142.544       3.9450
-287.144  146.980       3.9450
-287.144  151.416       3.9450
-287.144  155.852       3.9450
-287.144  160.288       3.9450
-287.144  164.724       3.9450
-287.144  169.160       3.9450
-287.144  173.596       3.9450
-287.144  178.032       3.9450
-287.144  182.468       3.9450
-287.144  186.904       3.9450
-287.144  191.340       3.9450
-287.144  195.776       3.9450
-287.144  200.212       3.9450
-287.144  204.648       3.9450
-287.144  209.084       3.9450
-287.144  213.520       3.9450
-287.144  217.956       3.9450
-287.144  222.391       3.9450
-287.144  226.827       3.9450
-287.144  231.263       3.9450
-287.144  235.699       3.9450
-287.144  240.135       3.9450
-287.144  244.571       3.9450
-287.144  249.007       3.9450
-287.144  253.443       3.9450
-287.144  257.879       3.9450
-287.144  262.315       3.9450
-287.144  266.751       3.9450
-287.144  271.187       3.9450
-282.158 -167.973       3.9450
-282.158 -163.537       3.9450
-282.158 -159.101       3.9450
-282.158 -154.665       3.9450
-282.158 -150.229       3.9450
-282.158 -145.793       3.9450
-282.158 -141.357       3.9450
-282.158 -136.921       2.1023
-282.158 -132.485       2.1023
-282.158 -128.049       1.6372
-282.158 -123.613       2.3717
-282.158 -119.177       3.9450
-282.158 -114.741       3.9450
-282.158 -110.306       3.9450
-282.158 -105.870       3.9450
-282.158 -101.434       3.9450
-282.158  -96.998       3.9450
-282.158  -92.562       3.9450
-282.158  -88.126       3.9450
-282.158  -83.690       3.9450
-282.158  -79.254       3.9450
-282.158  -74.818       3.9450
-282.158  -70.382       3.9450
-282.158  -65.946       3.9450
-282.158  -61.510       3.9450
-282.158  -57.074       3.9450
-282.158  -52.638       3.9450
-282.158  -48.202       3.9450
-282.158  -43.766       3.9450
-282.158  -39.330       3.9450
-282.158  -34.894       3.9450
-282.158  -30.458       3.9450
-282.158  -26.022       3.9450
-282.158  -21.586       3.9450
-282.158  -17.150       3.9450
-282.158  -12.714       3.9450
-282.158   -8.278       3.9450
-282.158   -3.842       3.1186
-282.158    0.593       3.5318
-282.158    5.029       2.8769
-282.158    9.465       1.9174
-282.158   13.901       1.5244
-282.158   18.337       1.2758
-282.158   22.773       1.3955
-282.158   27.209       1.8789
-282.158   31.645       2.1023
-282.158   36.081       2.1591
-282.158   40.517       2.4636
-282.158   44.953       3.9450
-282.158   49.389       2.0504
-282.158   53.825       2.2219
-282.158   58.261       2.5723
-282.158   62.697       2.5723
-282.158   67.133       2.0027
-282.158   71.569       2.2921
-282.158   76.005       2.0504
-282.158   80.441       2.8769
-282.158   84.877       3.9450
-282.158   89.313       3.1186
-282.158   93.749       1.7168
-282.158   98.185       1.6372
-282.158  102.621       1.6891
-282.158  107.057       1.8428
-282.158  111.492       2.1023
-282.158  115.928       2.1591
-282.158  120.364       3.9450
-282.158  124.800       3.9450
-282.158  129.236       3.9450
-282.158  133.672       3.9450
-282.158  138.108       3.9450
-282.158  142.544       3.9450
-282.158  146.980       3.9450
-282.158  151.416       3.9450
-282.158  155.852       3.9450
-282.158  160.288       3.9450
-282.158  164.724       3.9450
-282.158  169.160       3.9450
-282.158  173.596       3.9450
-282.158  178.032       3.9450
-282.158  182.468       3.9450
-282.158  186.904       3.9450
-282.158  191.340       3.9450
-282.158  195.776       3.9450
-282.158  200.212       3.9450
-282.158  204.648       3.9450
-282.158  209.084       3.9450
-282.158  213.520       3.9450
-282.158  217.956       3.9450
-282.158  222.391       3.9450
-282.158  226.827       3.9450
-282.158  231.263       3.9450
-282.158  235.699       3.9450
-282.158  240.135       3.9450
-282.158  244.571       3.9450
-282.158  249.007       3.9450
-282.158  253.443       3.9450
-282.158  257.879       3.9450
-282.158  262.315       3.9450
-282.158  266.751       3.9450
-282.158  271.187       3.9450
-277.172 -167.973       3.9450
-277.172 -163.537       3.9450
-277.172 -159.101       3.9450
-277.172 -154.665       3.9450
-277.172 -150.229       3.9450
-277.172 -145.793       3.9450
-277.172 -141.357       3.9450
-277.172 -136.921       1.8087
-277.172 -132.485       0.9345
-277.172 -128.049       1.4295
-277.172 -123.613       2.2219
-277.172 -119.177       2.8769
-277.172 -114.741       3.9450
-277.172 -110.306       3.9450
-277.172 -105.870       3.9450
-277.172 -101.434       3.9450
-277.172  -96.998       3.9450
-277.172  -92.562       3.9450
-277.172  -88.126       3.9450
-277.172  -83.690       3.9450
-277.172  -79.254       3.9450
-277.172  -74.818       3.9450
-277.172  -70.382       3.9450
-277.172  -65.946       3.9450
-277.172  -61.510       3.9450
-277.172  -57.074       3.9450
-277.172  -52.638       3.9450
-277.172  -48.202       3.9450
-277.172  -43.766       3.9450
-277.172  -39.330       3.9450
-277.172  -34.894       3.9450
-277.172  -30.458       3.9450
-277.172  -26.022       3.9450
-277.172  -21.586       3.9450
-277.172  -17.150       3.9450
-277.172  -12.714       3.9450
-277.172   -8.278       3.9450
-277.172   -3.842       2.5723
-277.172    0.593       2.7054
-277.172    5.029       2.8769
-277.172    9.465       2.2219
-277.172   13.901       1.5453
-277.172   18.337       1.3955
-277.172   22.773       1.2758
-277.172   27.209       1.5041
-277.172   31.645       1.5895
-277.172   36.081       1.4846
-277.172   40.517       1.8087
-277.172   44.953       1.9585
-277.172   49.389       3.1186
-277.172   53.825       3.5318
-277.172   58.261       2.4636
-277.172   62.697       1.8428
-277.172   67.133       2.0504
-277.172   71.569       3.5318
-277.172   76.005       2.0027
-277.172   80.441       2.2219
-277.172   84.877       2.8769
-277.172   89.313       2.3717
-277.172   93.749       1.6372
-277.172   98.185       1.5244
-277.172  102.621       0.9906
-277.172  107.057       1.6128
-277.172  111.492       1.2365
-277.172  115.928       1.6626
-277.172  120.364       2.1591
-277.172  124.800       3.1186
-277.172  129.236       3.9450
-277.172  133.672       3.9450
-277.172  138.108       3.9450
-277.172  142.544       3.9450
-277.172  146.980       3.9450
-277.172  151.416       3.9450
-277.172  155.852       3.9450
-277.172  160.288       3.9450
-277.172  164.724       3.9450
-277.172  169.160       3.9450
-277.172  173.596       3.9450
-277.172  178.032       3.9450
-277.172  182.468       3.9450
-277.172  186.904       3.9450
-277.172  191.340       3.9450
-277.172  195.776       3.9450
-277.172  200.212       3.9450
-277.172  204.648       3.9450
-277.172  209.084       3.9450
-277.172  213.520       3.9450
-277.172  217.956       3.9450
-277.172  222.391       3.9450
-277.172  226.827       3.9450
-277.172  231.263       3.9450
-277.172  235.699       3.9450
-277.172  240.135       3.9450
-277.172  244.571       3.9450
-277.172  249.007       3.9450
-277.172  253.443       3.9450
-277.172  257.879       3.9450
-277.172  262.315       3.9450
-277.172  266.751       3.9450
-277.172  271.187       3.9450
-272.186 -167.973       3.9450
-272.186 -163.537       3.9450
-272.186 -159.101       3.9450
-272.186 -154.665       3.9450
-272.186 -150.229       3.9450
-272.186 -145.793       2.7054
-272.186 -141.357       1.5453
-272.186 -136.921       1.5895
-272.186 -132.485       1.2758
-272.186 -128.049       1.7168
-272.186 -123.613       2.8769
-272.186 -119.177       3.9450
-272.186 -114.741       3.9450
-272.186 -110.306       3.9450
-272.186 -105.870       3.9450
-272.186 -101.434       3.9450
-272.186  -96.998       3.9450
-272.186  -92.562       3.9450
-272.186  -88.126       3.9450
-272.186  -83.690       3.9450
-272.186  -79.254       3.9450
-272.186  -74.818       3.9450
-272.186  -70.382       3.9450
-272.186  -65.946       3.9450
-272.186  -61.510       3.9450
-272.186  -57.074       3.9450
-272.186  -52.638       3.9450
-272.186  -48.202       3.9450
-272.186  -43.766       3.9450
-272.186  -39.330       3.9450
-272.186  -34.894       3.9450
-272.186  -30.458       3.9450
-272.186  -26.022       3.9450
-272.186  -21.586       3.9450
-272.186  -17.150       3.9450
-272.186  -12.714       3.9450
-272.186   -8.278       3.9450
-272.186   -3.842       3.5318
-272.186    0.593       2.4636
-272.186    5.029       2.2921
-272.186    9.465       2.1023
-272.186   13.901       1.4657
-272.186   18.337       1.7459
-272.186   22.773       1.3791
-272.186   27.209       1.2365
-272.186   31.645       1.9585
-272.186   36.081       1.6891
-272.186   40.517       1.7765
-272.186   44.953       1.9174
-272.186   49.389       2.2219
-272.186   53.825       2.4636
-272.186   58.261       2.2921
-272.186   62.697       2.0504
-272.186   67.133       2.5723
-272.186   71.569       3.9450
-272.186   76.005       3.5318
-272.186   80.441       2.8769
-272.186   84.877       2.3717
-272.186   89.313       1.9585
-272.186   93.749       1.5895
-272.186   98.185       1.8087
-272.186  102.621       1.3955
-272.186  107.057       1.3477
-272.186  111.492       0.9500
-272.186  115.928       1.1428
-272.186  120.364       1.7168
-272.186  124.800       2.0504
-272.186  129.236       2.3717
-272.186  133.672       3.9450
-272.186  138.108       3.9450
-272.186  142.544       3.9450
-272.186  146.980       3.9450
-272.186  151.416       3.9450
-272.186  155.852       3.5318
-272.186  160.288       3.9450
-272.186  164.724       3.9450
-272.186  169.160       3.9450
-272.186  173.596       3.9450
-272.186  178.032       3.9450
-272.186  182.468       3.9450
-272.186  186.904       3.9450
-272.186  191.340       3.9450
-272.186  195.776       3.9450
-272.186  200.212       3.9450
-272.186  204.648       3.9450
-272.186  209.084       3.9450
-272.186  213.520       3.9450
-272.186  217.956       3.9450
-272.186  222.391       3.9450
-272.186  226.827       3.9450
-272.186  231.263       3.9450
-272.186  235.699       3.9450
-272.186  240.135       3.9450
-272.186  244.571       3.9450
-272.186  249.007       3.9450
-272.186  253.443       3.9450
-272.186  257.879       3.9450
-272.186  262.315       3.9450
-272.186  266.751       3.9450
-272.186  271.187       3.9450
-267.200 -167.973       3.9450
-267.200 -163.537       3.9450
-267.200 -159.101       3.9450
-267.200 -154.665       3.9450
-267.200 -150.229       3.9450
-267.200 -145.793       2.1023
-267.200 -141.357       1.3791
-267.200 -136.921       1.4295
-267.200 -132.485       2.2921
-267.200 -128.049       2.0027
-267.200 -123.613       3.5318
-267.200 -119.177       3.9450
-267.200 -114.741       3.9450
-267.200 -110.306       3.9450
-267.200 -105.870       3.9450
-267.200 -101.434       3.9450
-267.200  -96.998       3.9450
-267.200  -92.562       3.9450
-267.200  -88.126       3.9450
-267.200  -83.690       3.9450
-267.200  -79.254       3.9450
-267.200  -74.818       3.9450
-267.200  -70.382       3.9450
-267.200  -65.946       3.9450
-267.200  -61.510       3.9450
-267.200  -57.074       3.9450
-267.200  -52.638       3.9450
-267.200  -48.202       3.9450
-267.200  -43.766       3.9450
-267.200  -39.330       3.9450
-267.200  -34.894       3.9450
-267.200  -30.458       3.9450
-267.200  -26.022       3.9450
-267.200  -21.586       3.9450
-267.200  -17.150       3.9450
-267.200  -12.714       3.9450
-267.200   -8.278       3.9450
-267.200   -3.842       3.9450
-267.200    0.593       3.1186
-267.200    5.029       2.0027
-267.200    9.465       1.3477
-267.200   13.901       1.6372
-267.200   18.337       2.1023
-267.200   22.773       2.8769
-267.200   27.209       3.5318
-267.200   31.645       2.7054
-267.200   36.081       2.3717
-267.200   40.517       1.6372
-267.200   44.953       1.6891
-267.200   49.389       1.6626
-267.200   53.825       1.3326
-267.200   58.261       1.6626
-267.200   62.697       1.5244
-267.200   67.133       1.8789
-267.200   71.569       2.3717
-267.200   76.005       3.9450
-267.200   80.441       3.9450
-267.200   84.877       3.5318
-267.200   89.313       1.5670
-267.200   93.749       2.2219
-267.200   98.185       2.2219
-267.200  102.621       1.5244
-267.200  107.057       1.2365
-267.200  111.492       0.8492
-267.200  115.928       0.9269
-267.200  120.364       1.5895
-267.200  124.800       2.1591
-267.200  129.236       2.2921
-267.200  133.672       3.5318
-267.200  138.108       3.9450
-267.200  142.544       3.1186
-267.200  146.980       3.1186
-267.200  151.416       3.5318
-267.200  155.852       2.1591
-267.200  160.288       2.0027
-267.200  164.724       2.4636
-267.200  169.160       3.9450
-267.200  173.596       3.9450
-267.200  178.032       3.9450
-267.200  182.468       3.9450
-267.200  186.904       3.9450
-267.200  191.340       3.9450
-267.200  195.776       3.9450
-267.200  200.212       3.9450
-267.200  204.648       3.9450
-267.200  209.084       3.9450
-267.200  213.520       3.9450
-267.200  217.956       3.9450
-267.200  222.391       3.9450
-267.200  226.827       3.9450
-267.200  231.263       3.9450
-267.200  235.699       3.9450
-267.200  240.135       3.9450
-267.200  244.571       3.9450
-267.200  249.007       3.9450
-267.200  253.443       3.9450
-267.200  257.879       3.9450
-267.200  262.315       3.9450
-267.200  266.751       3.9450
-267.200  271.187       3.9450
-262.214 -167.973       3.9450
-262.214 -163.537       3.9450
-262.214 -159.101       3.9450
-262.214 -154.665       3.5318
-262.214 -150.229       2.3717
-262.214 -145.793       2.1023
-262.214 -141.357       1.9585
-262.214 -136.921       1.6128
-262.214 -132.485       2.5723
-262.214 -128.049       1.7765
-262.214 -123.613       2.7054
-262.214 -119.177       3.9450
-262.214 -114.741       3.9450
-262.214 -110.306       3.9450
-262.214 -105.870       3.9450
-262.214 -101.434       3.9450
-262.214  -96.998       3.9450
-262.214  -92.562       3.9450
-262.214  -88.126       3.9450
-262.214  -83.690       3.9450
-262.214  -79.254       3.9450
-262.214  -74.818       3.9450
-262.214  -70.382       3.9450
-262.214  -65.946       3.9450
-262.214  -61.510       3.9450
-262.214  -57.074       3.9450
-262.214  -52.638       3.9450
-262.214  -48.202       3.9450
-262.214  -43.766       3.9450
-262.214  -39.330       3.9450
-262.214  -34.894       3.9450
-262.214  -30.458       3.9450
-262.214  -26.022       3.9450
-262.214  -21.586       3.9450
-262.214  -17.150       3.9450
-262.214  -12.714       3.9450
-262.214   -8.278       3.9450
-262.214   -3.842       3.9450
-262.214    0.593       3.9450
-262.214    5.029       3.1186
-262.214    9.465       2.5723
-262.214   13.901       2.1023
-262.214   18.337       3.1186
-262.214   22.773       3.9450
-262.214   27.209       3.9450
-262.214   31.645       3.9450
-262.214   36.081       3.9450
-262.214   40.517       2.7054
-262.214   44.953       1.8789
-262.214   49.389       1.5895
-262.214   53.825       1.1996
-262.214   58.261       1.3955
-262.214   62.697       1.4657
-262.214   67.133       1.3632
-262.214   71.569       3.1186
-262.214   76.005       3.1186
-262.214   80.441       3.9450
-262.214   84.877       2.5723
-262.214   89.313       1.6626
-262.214   93.749       2.1591
-262.214   98.185       2.2921
-262.214  102.621       1.8789
-262.214  107.057       1.5670
-262.214  111.492       1.2624
-262.214  115.928       1.3955
-262.214  120.364       1.2895
-262.214  124.800       1.3955
-262.214  129.236       1.3036
-262.214  133.672       1.9174
-262.214  138.108       2.8769
-262.214  142.544       3.1186
-262.214  146.980       2.0504
-262.214  151.416       2.2921
-262.214  155.852       1.9585
-262.214  160.288       1.6891
-262.214  164.724       2.4636
-262.214  169.160       3.5318
-262.214  173.596       3.9450
-262.214  178.032       3.9450
-262.214  182.468       3.9450
-262.214  186.904       3.9450
-262.214  191.340       3.9450
-262.214  195.776       3.9450
-262.214  200.212       3.9450
-262.214  204.648       3.9450
-262.214  209.084       3.9450
-262.214  213.520       3.9450
-262.214  217.956       3.9450
-262.214  222.391       3.9450
-262.214  226.827       3.9450
-262.214  231.263       3.9450
-262.214  235.699       3.9450
-262.214  240.135       3.9450
-262.214  244.571       3.9450
-262.214  249.007       3.9450
-262.214  253.443       3.9450
-262.214  257.879       3.9450
-262.214  262.315       3.9450
-262.214  266.751       3.9450
-262.214  271.187       3.9450
-257.228 -167.973       3.9450
-257.228 -163.537       3.9450
-257.228 -159.101       3.9450
-257.228 -154.665       3.1186
-257.228 -150.229       1.5895
-257.228 -145.793       1.4473
-257.228 -141.357       1.5453
-257.228 -136.921       1.9174
-257.228 -132.485       2.8769
-257.228 -128.049       2.4636
-257.228 -123.613       3.9450
-257.228 -119.177       3.9450
-257.228 -114.741       3.9450
-257.228 -110.306       3.9450
-257.228 -105.870       3.9450
-257.228 -101.434       3.9450
-257.228  -96.998       3.9450
-257.228  -92.562       3.9450
-257.228  -88.126       3.9450
-257.228  -83.690       3.9450
-257.228  -79.254       3.9450
-257.228  -74.818       3.9450
-257.228  -70.382       3.9450
-257.228  -65.946       3.9450
-257.228  -61.510       3.9450
-257.228  -57.074       3.9450
-257.228  -52.638       3.9450
-257.228  -48.202       3.9450
-257.228  -43.766       3.9450
-257.228  -39.330       3.9450
-257.228  -34.894       3.9450
-257.228  -30.458       3.9450
-257.228  -26.022       3.9450
-257.228  -21.586       3.9450
-257.228  -17.150       3.9450
-257.228  -12.714       3.9450
-257.228   -8.278       3.9450
-257.228   -3.842       3.9450
-257.228    0.593       3.9450
-257.228    5.029       3.9450
-257.228    9.465       3.1186
-257.228   13.901       2.7054
-257.228   18.337       3.9450
-257.228   22.773       3.9450
-257.228   27.209       3.9450
-257.228   31.645       3.5318
-257.228   36.081       3.9450
-257.228   40.517       2.0027
-257.228   44.953       1.8087
-257.228   49.389       2.1591
-257.228   53.825       1.6891
-257.228   58.261       1.2493
-257.228   62.697       1.2624
-257.228   67.133       1.7168
-257.228   71.569       1.7765
-257.228   76.005       2.4636
-257.228   80.441       3.5318
-257.228   84.877       3.5318
-257.228   89.313       3.1186
-257.228   93.749       2.0504
-257.228   98.185       1.6626
-257.228  102.621       1.4846
-257.228  107.057       1.9585
-257.228  111.492       2.0027
-257.228  115.928       2.2219
-257.228  120.364       1.7765
-257.228  124.800       1.5041
-257.228  129.236       1.4846
-257.228  133.672       1.4123
-257.228  138.108       1.7765
-257.228  142.544       2.1023
-257.228  146.980       1.8789
-257.228  151.416       1.9174
-257.228  155.852       1.9174
-257.228  160.288       1.9585
-257.228  164.724       2.1591
-257.228  169.160       2.4636
-257.228  173.596       3.5318
-257.228  178.032       3.9450
-257.228  182.468       3.9450
-257.228  186.904       3.9450
-257.228  191.340       3.9450
-257.228  195.776       3.9450
-257.228  200.212       3.9450
-257.228  204.648       3.9450
-257.228  209.084       3.9450
-257.228  213.520       3.9450
-257.228  217.956       3.9450
-257.228  222.391       3.9450
-257.228  226.827       3.9450
-257.228  231.263       3.9450
-257.228  235.699       3.9450
-257.228  240.135       3.9450
-257.228  244.571       3.9450
-257.228  249.007       3.9450
-257.228  253.443       3.9450
-257.228  257.879       3.9450
-257.228  262.315       3.9450
-257.228  266.751       3.9450
-257.228  271.187       3.9450
-252.242 -167.973       3.9450
-252.242 -163.537       3.9450
-252.242 -159.101       3.5318
-252.242 -154.665       2.0027
-252.242 -150.229       1.2365
-252.242 -145.793       1.1878
-252.242 -141.357       1.2240
-252.242 -136.921       1.5244
-252.242 -132.485       2.1023
-252.242 -128.049       2.5723
-252.242 -123.613       3.5318
-252.242 -119.177       3.9450
-252.242 -114.741       3.9450
-252.242 -110.306       3.9450
-252.242 -105.870       3.9450
-252.242 -101.434       3.9450
-252.242  -96.998       3.9450
-252.242  -92.562       3.9450
-252.242  -88.126       3.9450
-252.242  -83.690       3.9450
-252.242  -79.254       3.9450
-252.242  -74.818       3.9450
-252.242  -70.382       3.9450
-252.242  -65.946       3.9450
-252.242  -61.510       3.9450
-252.242  -57.074       3.9450
-252.242  -52.638       3.9450
-252.242  -48.202       3.9450
-252.242  -43.766       3.9450
-252.242  -39.330       3.9450
-252.242  -34.894       3.9450
-252.242  -30.458       3.9450
-252.242  -26.022       3.9450
-252.242  -21.586       3.9450
-252.242  -17.150       3.9450
-252.242  -12.714       3.9450
-252.242   -8.278       3.9450
-252.242   -3.842       3.9450
-252.242    0.593       3.9450
-252.242    5.029       3.9450
-252.242    9.465       3.9450
-252.242   13.901       3.9450
-252.242   18.337       3.9450
-252.242   22.773       3.9450
-252.242   27.209       3.1186
-252.242   31.645       1.9585
-252.242   36.081       1.7459
-252.242   40.517       1.6372
-252.242   44.953       1.3632
-252.242   49.389       1.5244
-252.242   53.825       1.3955
-252.242   58.261       1.3326
-252.242   62.697       1.2240
-252.242   67.133       1.6626
-252.242   71.569       1.6626
-252.242   76.005       2.5723
-252.242   80.441       3.1186
-252.242   84.877       3.9450
-252.242   89.313       2.2921
-252.242   93.749       1.6891
-252.242   98.185       2.0027
-252.242  102.621       1.5041
-252.242  107.057       1.5670
-252.242  111.492       1.5453
-252.242  115.928       2.4636
-252.242  120.364       2.4636
-252.242  124.800       1.6891
-252.242  129.236       1.1649
-252.242  133.672       1.2240
-252.242  138.108       1.4657
-252.242  142.544       1.3179
-252.242  146.980       1.5244
-252.242  151.416       1.4846
-252.242  155.852       1.9585
-252.242  160.288       1.9174
-252.242  164.724       2.1023
-252.242  169.160       1.9174
-252.242  173.596       3.9450
-252.242  178.032       3.9450
-252.242  182.468       3.9450
-252.242  186.904       3.9450
-252.242  191.340       3.9450
-252.242  195.776       3.9450
-252.242  200.212       3.9450
-252.242  204.648       3.9450
-252.242  209.084       3.9450
-252.242  213.520       3.9450
-252.242  217.956       3.9450
-252.242  222.391       3.9450
-252.242  226.827       3.9450
-252.242  231.263       3.9450
-252.242  235.699       3.9450
-252.242  240.135       3.9450
-252.242  244.571       3.9450
-252.242  249.007       3.9450
-252.242  253.443       3.9450
-252.242  257.879       3.9450
-252.242  262.315       3.9450
-252.242  266.751       3.9450
-252.242  271.187       3.9450
-247.256 -167.973       3.9450
-247.256 -163.537       3.9450
-247.256 -159.101       3.5318
-247.256 -154.665       1.7168
-247.256 -150.229       1.4846
-247.256 -145.793       1.2365
-247.256 -141.357       1.1321
-247.256 -136.921       1.1762
-247.256 -132.485       2.0504
-247.256 -128.049       3.9450
-247.256 -123.613       3.9450
-247.256 -119.177       3.9450
-247.256 -114.741       3.9450
-247.256 -110.306       3.9450
-247.256 -105.870       3.9450
-247.256 -101.434       3.9450
-247.256  -96.998       3.9450
-247.256  -92.562       3.9450
-247.256  -88.126       3.9450
-247.256  -83.690       3.9450
-247.256  -79.254       3.9450
-247.256  -74.818       3.9450
-247.256  -70.382       3.9450
-247.256  -65.946       3.9450
-247.256  -61.510       3.9450
-247.256  -57.074       3.9450
-247.256  -52.638       3.9450
-247.256  -48.202       3.9450
-247.256  -43.766       3.9450
-247.256  -39.330       3.9450
-247.256  -34.894       3.9450
-247.256  -30.458       3.9450
-247.256  -26.022       3.9450
-247.256  -21.586       3.9450
-247.256  -17.150       3.9450
-247.256  -12.714       3.9450
-247.256   -8.278       3.9450
-247.256   -3.842       3.9450
-247.256    0.593       3.9450
-247.256    5.029       3.9450
-247.256    9.465       3.9450
-247.256   13.901       3.9450
-247.256   18.337       3.9450
-247.256   22.773       3.5318
-247.256   27.209       2.3717
-247.256   31.645       2.0027
-247.256   36.081       1.7459
-247.256   40.517       1.0432
-247.256   44.953       0.8233
-247.256   49.389       1.1009
-247.256   53.825       1.1428
-247.256   58.261       1.3632
-247.256   62.697       1.5895
-247.256   67.133       2.7054
-247.256   71.569       2.2921
-247.256   76.005       3.5318
-247.256   80.441       2.0504
-247.256   84.877       2.5723
-247.256   89.313       2.0027
-247.256   93.749       1.6128
-247.256   98.185       1.9174
-247.256  102.621       1.9585
-247.256  107.057       1.4657
-247.256  111.492       1.5670
-247.256  115.928       1.8087
-247.256  120.364       1.9585
-247.256  124.800       1.5041
-247.256  129.236       1.6372
-247.256  133.672       0.9194
-247.256  138.108       0.8559
-247.256  142.544       1.0811
-247.256  146.980       1.1537
-247.256  151.416       1.3632
-247.256  155.852       1.9585
-247.256  160.288       1.8087
-247.256  164.724       2.1023
-247.256  169.160       2.2921
-247.256  173.596       3.5318
-247.256  178.032       3.9450
-247.256  182.468       3.9450
-247.256  186.904       3.9450
-247.256  191.340       3.9450
-247.256  195.776       3.9450
-247.256  200.212       3.9450
-247.256  204.648       3.9450
-247.256  209.084       3.9450
-247.256  213.520       3.9450
-247.256  217.956       3.9450
-247.256  222.391       3.9450
-247.256  226.827       3.9450
-247.256  231.263       3.9450
-247.256  235.699       3.9450
-247.256  240.135       3.9450
-247.256  244.571       3.9450
-247.256  249.007       3.9450
-247.256  253.443       3.9450
-247.256  257.879       3.9450
-247.256  262.315       3.9450
-247.256  266.751       3.9450
-247.256  271.187       3.9450
-242.270 -167.973       3.9450
-242.270 -163.537       3.9450
-242.270 -159.101       2.3717
-242.270 -154.665       1.4295
-242.270 -150.229       1.1649
-242.270 -145.793       1.1111
-242.270 -141.357       1.0076
-242.270 -136.921       1.3791
-242.270 -132.485       2.2921
-242.270 -128.049       3.5318
-242.270 -123.613       3.9450
-242.270 -119.177       3.9450
-242.270 -114.741       3.9450
-242.270 -110.306       3.9450
-242.270 -105.870       3.9450
-242.270 -101.434       3.9450
-242.270  -96.998       3.9450
-242.270  -92.562       3.9450
-242.270  -88.126       3.9450
-242.270  -83.690       3.9450
-242.270  -79.254       3.9450
-242.270  -74.818       3.9450
-242.270  -70.382       3.9450
-242.270  -65.946       3.9450
-242.270  -61.510       3.9450
-242.270  -57.074       3.9450
-242.270  -52.638       3.9450
-242.270  -48.202       3.9450
-242.270  -43.766       3.9450
-242.270  -39.330       3.9450
-242.270  -34.894       3.9450
-242.270  -30.458       3.9450
-242.270  -26.022       3.9450
-242.270  -21.586       3.9450
-242.270  -17.150       3.9450
-242.270  -12.714       3.9450
-242.270   -8.278       3.9450
-242.270   -3.842       3.9450
-242.270    0.593       1.8789
-242.270    5.029       2.3717
-242.270    9.465       2.4636
-242.270   13.901       3.9450
-242.270   18.337       3.9450
-242.270   22.773       3.9450
-242.270   27.209       2.8769
-242.270   31.645       2.2921
-242.270   36.081       1.8087
-242.270   40.517       1.1878
-242.270   44.953       0.9422
-242.270   49.389       0.9500
-242.270   53.825       1.2624
-242.270   58.261       1.1649
-242.270   62.697       1.1996
-242.270   67.133       1.5244
-242.270   71.569       2.0027
-242.270   76.005       1.7168
-242.270   80.441       1.6891
-242.270   84.877       1.8428
-242.270   89.313       1.9585
-242.270   93.749       1.6372
-242.270   98.185       1.5670
-242.270  102.621       1.8428
-242.270  107.057       1.5244
-242.270  111.492       1.4295
-242.270  115.928       1.6128
-242.270  120.364       1.3791
-242.270  124.800       1.3326
-242.270  129.236       1.4295
-242.270  133.672       1.1649
-242.270  138.108       1.0251
-242.270  142.544       1.0163
-242.270  146.980       0.9659
-242.270  151.416       1.3179
-242.270  155.852       1.2624
-242.270  160.288       1.6372
-242.270  164.724       2.3717
-242.270  169.160       2.7054
-242.270  173.596       3.1186
-242.270  178.032       3.5318
-242.270  182.468       3.9450
-242.270  186.904       3.9450
-242.270  191.340       3.9450
-242.270  195.776       3.9450
-242.270  200.212       3.9450
-242.270  204.648       3.9450
-242.270  209.084       3.9450
-242.270  213.520       3.9450
-242.270  217.956       3.9450
-242.270  222.391       3.9450
-242.270  226.827       3.9450
-242.270  231.263       3.9450
-242.270  235.699       3.9450
-242.270  240.135       3.9450
-242.270  244.571       3.9450
-242.270  249.007       3.9450
-242.270  253.443       3.9450
-242.270  257.879       3.9450
-242.270  262.315       3.9450
-242.270  266.751       3.9450
-242.270  271.187       3.9450
-237.284 -167.973       3.9450
-237.284 -163.537       3.9450
-237.284 -159.101       3.5318
-237.284 -154.665       1.8428
-237.284 -150.229       1.3179
-237.284 -145.793       1.1215
-237.284 -141.357       1.3791
-237.284 -136.921       1.7765
-237.284 -132.485       3.5318
-237.284 -128.049       3.9450
-237.284 -123.613       3.9450
-237.284 -119.177       3.9450
-237.284 -114.741       3.9450
-237.284 -110.306       3.9450
-237.284 -105.870       3.9450
-237.284 -101.434       3.9450
-237.284  -96.998       3.9450
-237.284  -92.562       3.9450
-237.284  -88.126       3.9450
-237.284  -83.690       3.9450
-237.284  -79.254       3.9450
-237.284  -74.818       3.9450
-237.284  -70.382       3.9450
-237.284  -65.946       3.9450
-237.284  -61.510       3.9450
-237.284  -57.074       3.9450
-237.284  -52.638       3.9450
-237.284  -48.202       3.9450
-237.284  -43.766       3.9450
-237.284  -39.330       3.9450
-237.284  -34.894       3.9450
-237.284  -30.458       3.9450
-237.284  -26.022       3.9450
-237.284  -21.586       3.9450
-237.284  -17.150       3.9450
-237.284  -12.714       3.9450
-237.284   -8.278       3.1186
-237.284   -3.842       1.7765
-237.284    0.593       1.7459
-237.284    5.029       0.8975
-237.284    9.465       1.2758
-237.284   13.901       2.0027
-237.284   18.337       3.5318
-237.284   22.773       3.9450
-237.284   27.209       3.5318
-237.284   31.645       2.2921
-237.284   36.081       2.1591
-237.284   40.517       2.1023
-237.284   44.953       1.0432
-237.284   49.389       1.2493
-237.284   53.825       1.2895
-237.284   58.261       1.0251
-237.284   62.697       0.9500
-237.284   67.133       1.4473
-237.284   71.569       1.8428
-237.284   76.005       1.7459
-237.284   80.441       1.5670
-237.284   84.877       1.8428
-237.284   89.313       2.1591
-237.284   93.749       1.7765
-237.284   98.185       1.5670
-237.284  102.621       1.5244
-237.284  107.057       1.1009
-237.284  111.492       1.1878
-237.284  115.928       1.1009
-237.284  120.364       1.6626
-237.284  124.800       1.4657
-237.284  129.236       1.7765
-237.284  133.672       1.6372
-237.284  138.108       1.5041
-237.284  142.544       1.2895
-237.284  146.980       1.1878
-237.284  151.416       0.9422
-237.284  155.852       1.1321
-237.284  160.288       1.4473
-237.284  164.724       1.6626
-237.284  169.160       1.8087
-237.284  173.596       2.0027
-237.284  178.032       2.3717
-237.284  182.468       3.9450
-237.284  186.904       3.9450
-237.284  191.340       3.9450
-237.284  195.776       3.9450
-237.284  200.212       3.9450
-237.284  204.648       3.9450
-237.284  209.084       3.9450
-237.284  213.520       3.9450
-237.284  217.956       3.9450
-237.284  222.391       3.9450
-237.284  226.827       3.9450
-237.284  231.263       3.9450
-237.284  235.699       3.9450
-237.284  240.135       3.9450
-237.284  244.571       3.9450
-237.284  249.007       3.9450
-237.284  253.443       3.9450
-237.284  257.879       3.9450
-237.284  262.315       3.9450
-237.284  266.751       3.9450
-237.284  271.187       3.9450
-232.298 -167.973       3.9450
-232.298 -163.537       3.9450
-232.298 -159.101       3.5318
-232.298 -154.665       2.0504
-232.298 -150.229       1.6372
-232.298 -145.793       1.2758
-232.298 -141.357       1.2240
-232.298 -136.921       1.9174
-232.298 -132.485       2.7054
-232.298 -128.049       3.9450
-232.298 -123.613       3.9450
-232.298 -119.177       3.9450
-232.298 -114.741       3.9450
-232.298 -110.306       3.9450
-232.298 -105.870       3.9450
-232.298 -101.434       3.9450
-232.298  -96.998       3.9450
-232.298  -92.562       3.9450
-232.298  -88.126       3.9450
-232.298  -83.690       3.9450
-232.298  -79.254       3.9450
-232.298  -74.818       3.9450
-232.298  -70.382       3.9450
-232.298  -65.946       3.9450
-232.298  -61.510       3.9450
-232.298  -57.074       3.9450
-232.298  -52.638       3.9450
-232.298  -48.202       3.9450
-232.298  -43.766       3.9450
-232.298  -39.330       3.9450
-232.298  -34.894       3.9450
-232.298  -30.458       3.9450
-232.298  -26.022       3.9450
-232.298  -21.586       3.9450
-232.298  -17.150       3.9450
-232.298  -12.714       3.9450
-232.298   -8.278       2.7054
-232.298   -3.842       1.5244
-232.298    0.593       1.0163
-232.298    5.029       0.6209
-232.298    9.465       0.7573
-232.298   13.901       1.4657
-232.298   18.337       2.0027
-232.298   22.773       2.8769
-232.298   27.209       3.9450
-232.298   31.645       3.9450
-232.298   36.081       3.9450
-232.298   40.517       3.9450
-232.298   44.953       1.6128
-232.298   49.389       1.7459
-232.298   53.825       1.5895
-232.298   58.261       1.6128
-232.298   62.697       1.9174
-232.298   67.133       1.9174
-232.298   71.569       1.6372
-232.298   76.005       1.9585
-232.298   80.441       2.0027
-232.298   84.877       1.8087
-232.298   89.313       2.3717
-232.298   93.749       1.9585
-232.298   98.185       1.6626
-232.298  102.621       1.8428
-232.298  107.057       1.3326
-232.298  111.492       1.1215
-232.298  115.928       1.1537
-232.298  120.364       1.4473
-232.298  124.800       1.4295
-232.298  129.236       1.5670
-232.298  133.672       1.6891
-232.298  138.108       1.1649
-232.298  142.544       0.9269
-232.298  146.980       1.0076
-232.298  151.416       0.9120
-232.298  155.852       0.9906
-232.298  160.288       1.1111
-232.298  164.724       1.4295
-232.298  169.160       1.5453
-232.298  173.596       2.5723
-232.298  178.032       2.2921
-232.298  182.468       3.1186
-232.298  186.904       3.9450
-232.298  191.340       3.9450
-232.298  195.776       3.9450
-232.298  200.212       3.9450
-232.298  204.648       3.9450
-232.298  209.084       3.9450
-232.298  213.520       3.9450
-232.298  217.956       3.9450
-232.298  222.391       3.9450
-232.298  226.827       3.9450
-232.298  231.263       3.9450
-232.298  235.699       3.9450
-232.298  240.135       3.9450
-232.298  244.571       3.9450
-232.298  249.007       3.9450
-232.298  253.443       3.9450
-232.298  257.879       3.9450
-232.298  262.315       3.9450
-232.298  266.751       3.9450
-232.298  271.187       3.9450
-227.312 -167.973       3.9450
-227.312 -163.537       3.9450
-227.312 -159.101       3.9450
-227.312 -154.665       2.1591
-227.312 -150.229       1.7459
-227.312 -145.793       1.6626
-227.312 -141.357       1.6128
-227.312 -136.921       1.4846
-227.312 -132.485       2.1023
-227.312 -128.049       3.9450
-227.312 -123.613       3.9450
-227.312 -119.177       3.9450
-227.312 -114.741       3.9450
-227.312 -110.306       3.9450
-227.312 -105.870       3.9450
-227.312 -101.434       3.9450
-227.312  -96.998       3.9450
-227.312  -92.562       3.9450
-227.312  -88.126       3.9450
-227.312  -83.690       3.9450
-227.312  -79.254       3.9450
-227.312  -74.818       3.9450
-227.312  -70.382       3.9450
-227.312  -65.946       3.9450
-227.312  -61.510       3.9450
-227.312  -57.074       3.9450
-227.312  -52.638       3.9450
-227.312  -48.202       3.9450
-227.312  -43.766       3.9450
-227.312  -39.330       3.9450
-227.312  -34.894       3.9450
-227.312  -30.458       3.9450
-227.312  -26.022       3.9450
-227.312  -21.586       3.9450
-227.312  -17.150       3.9450
-227.312  -12.714       3.9450
-227.312   -8.278       3.1186
-227.312   -3.842       1.4846
-227.312    0.593       0.8361
-227.312    5.029       0.4426
-227.312    9.465       0.3109
-227.312   13.901       0.5732
-227.312   18.337       1.5453
-227.312   22.773       2.3717
-227.312   27.209       3.9450
-227.312   31.645       3.9450
-227.312   36.081       3.9450
-227.312   40.517       3.9450
-227.312   44.953       2.0504
-227.312   49.389       1.4846
-227.312   53.825       1.2895
-227.312   58.261       1.9174
-227.312   62.697       3.5318
-227.312   67.133       2.0027
-227.312   71.569       1.6891
-227.312   76.005       1.6626
-227.312   80.441       2.1591
-227.312   84.877       3.5318
-227.312   89.313       3.5318
-227.312   93.749       2.5723
-227.312   98.185       2.0504
-227.312  102.621       1.6626
-227.312  107.057       1.2117
-227.312  111.492       0.9990
-227.312  115.928       1.4295
-227.312  120.364       1.3036
-227.312  124.800       1.2493
-227.312  129.236       1.5244
-227.312  133.672       1.4295
-227.312  138.108       1.1878
-227.312  142.544       0.9579
-227.312  146.980       0.9345
-227.312  151.416       0.8426
-227.312  155.852       0.8626
-227.312  160.288       0.9500
-227.312  164.724       1.6372
-227.312  169.160       2.2921
-227.312  173.596       2.7054
-227.312  178.032       3.1186
-227.312  182.468       3.5318
-227.312  186.904       3.9450
-227.312  191.340       3.9450
-227.312  195.776       3.9450
-227.312  200.212       3.9450
-227.312  204.648       3.9450
-227.312  209.084       3.9450
-227.312  213.520       3.9450
-227.312  217.956       3.9450
-227.312  222.391       3.9450
-227.312  226.827       3.9450
-227.312  231.263       3.9450
-227.312  235.699       3.9450
-227.312  240.135       3.9450
-227.312  244.571       3.9450
-227.312  249.007       3.9450
-227.312  253.443       3.9450
-227.312  257.879       3.9450
-227.312  262.315       3.9450
-227.312  266.751       3.9450
-227.312  271.187       3.9450
-222.326 -167.973       3.9450
-222.326 -163.537       3.9450
-222.326 -159.101       3.9450
-222.326 -154.665       1.8789
-222.326 -150.229       1.3326
-222.326 -145.793       1.3036
-222.326 -141.357       1.6372
-222.326 -136.921       2.1023
-222.326 -132.485       3.9450
-222.326 -128.049       3.9450
-222.326 -123.613       3.9450
-222.326 -119.177       3.9450
-222.326 -114.741       3.9450
-222.326 -110.306       3.9450
-222.326 -105.870       3.9450
-222.326 -101.434       3.9450
-222.326  -96.998       3.9450
-222.326  -92.562       3.9450
-222.326  -88.126       3.9450
-222.326  -83.690       3.9450
-222.326  -79.254       3.9450
-222.326  -74.818       3.9450
-222.326  -70.382       3.9450
-222.326  -65.946       3.9450
-222.326  -61.510       3.9450
-222.326  -57.074       3.9450
-222.326  -52.638       3.9450
-222.326  -48.202       3.9450
-222.326  -43.766       3.9450
-222.326  -39.330       3.9450
-222.326  -34.894       3.9450
-222.326  -30.458       3.9450
-222.326  -26.022       3.9450
-222.326  -21.586       3.9450
-222.326  -17.150       3.9450
-222.326  -12.714       3.9450
-222.326   -8.278       3.9450
-222.326   -3.842       1.6128
-222.326    0.593       0.6877
-222.326    5.029       0.4951
-222.326    9.465       0.2190
-222.326   13.901       0.3555
-222.326   18.337       1.0714
-222.326   22.773       1.3955
-222.326   27.209       1.8428
-222.326   31.645       3.5318
-222.326   36.081       3.9450
-222.326   40.517       2.2219
-222.326   44.953       1.8087
-222.326   49.389       1.3955
-222.326   53.825       1.2758
-222.326   58.261       1.6372
-222.326   62.697       2.5723
-222.326   67.133       1.9585
-222.326   71.569       1.7459
-222.326   76.005       1.4846
-222.326   80.441       2.2219
-222.326   84.877       2.5723
-222.326   89.313       2.4636
-222.326   93.749       2.2921
-222.326   98.185       2.0027
-222.326  102.621       1.5895
-222.326  107.057       1.2758
-222.326  111.492       1.1009
-222.326  115.928       1.3179
-222.326  120.364       1.5041
-222.326  124.800       1.3326
-222.326  129.236       1.4846
-222.326  133.672       1.1321
-222.326  138.108       1.0618
-222.326  142.544       0.9990
-222.326  146.980       1.0163
-222.326  151.416       0.7805
-222.326  155.852       0.8045
-222.326  160.288       1.1111
-222.326  164.724       1.7765
-222.326  169.160       3.5318
-222.326  173.596       2.8769
-222.326  178.032       3.9450
-222.326  182.468       3.9450
-222.326  186.904       3.9450
-222.326  191.340       3.9450
-222.326  195.776       3.9450
-222.326  200.212       3.9450
-222.326  204.648       3.9450
-222.326  209.084       3.9450
-222.326  213.520       3.9450
-222.326  217.956       3.9450
-222.326  222.391       3.9450
-222.326  226.827       3.9450
-222.326  231.263       3.9450
-222.326  235.699       3.9450
-222.326  240.135       3.9450
-222.326  244.571       3.9450
-222.326  249.007       3.9450
-222.326  253.443       3.9450
-222.326  257.879       3.9450
-222.326  262.315       3.9450
-222.326  266.751       3.9450
-222.326  271.187       3.9450
-217.340 -167.973       3.9450
-217.340 -163.537       3.9450
-217.340 -159.101       3.9450
-217.340 -154.665       1.8789
-217.340 -150.229       1.6128
-217.340 -145.793       1.6626
-217.340 -141.357       2.2219
-217.340 -136.921       3.5318
-217.340 -132.485       3.9450
-217.340 -128.049       3.9450
-217.340 -123.613       3.9450
-217.340 -119.177       3.9450
-217.340 -114.741       3.9450
-217.340 -110.306       3.9450
-217.340 -105.870       3.9450
-217.340 -101.434       3.9450
-217.340  -96.998       3.9450
-217.340  -92.562       3.9450
-217.340  -88.126       3.9450
-217.340  -83.690       3.9450
-217.340  -79.254       3.9450
-217.340  -74.818       3.9450
-217.340  -70.382       3.9450
-217.340  -65.946       3.9450
-217.340  -61.510       3.9450
-217.340  -57.074       3.9450
-217.340  -52.638       3.9450
-217.340  -48.202       3.9450
-217.340  -43.766       3.9450
-217.340  -39.330       3.9450
-217.340  -34.894       3.9450
-217.340  -30.458       3.9450
-217.340  -26.022       3.9450
-217.340  -21.586       3.9450
-217.340  -17.150       3.9450
-217.340  -12.714       3.9450
-217.340   -8.278       3.5318
-217.340   -3.842       1.6372
-217.340    0.593       0.9740
-217.340    5.029       0.6392
-217.340    9.465       0.4771
-217.340   13.901       0.5175
-217.340   18.337       0.6777
-217.340   22.773       1.3326
-217.340   27.209       1.8087
-217.340   31.645       3.5318
-217.340   36.081       3.9450
-217.340   40.517       2.8769
-217.340   44.953       1.8428
-217.340   49.389       1.5244
-217.340   53.825       1.3477
-217.340   58.261       1.7168
-217.340   62.697       1.8428
-217.340   67.133       2.2219
-217.340   71.569       2.0027
-217.340   76.005       2.0504
-217.340   80.441       1.5895
-217.340   84.877       1.8789
-217.340   89.313       2.1591
-217.340   93.749       2.2921
-217.340   98.185       1.7168
-217.340  102.621       1.8087
-217.340  107.057       1.3326
-217.340  111.492       1.7168
-217.340  115.928       1.5244
-217.340  120.364       1.5041
-217.340  124.800       1.5670
-217.340  129.236       1.5453
-217.340  133.672       1.4657
-217.340  138.108       1.1762
-217.340  142.544       1.0341
-217.340  146.980       1.0524
-217.340  151.416       1.2624
-217.340  155.852       1.0251
-217.340  160.288       1.0714
-217.340  164.724       1.5244
-217.340  169.160       2.2921
-217.340  173.596       3.9450
-217.340  178.032       3.9450
-217.340  182.468       3.9450
-217.340  186.904       3.9450
-217.340  191.340       3.9450
-217.340  195.776       2.2921
-217.340  200.212       2.3717
-217.340  204.648       3.5318
-217.340  209.084       3.9450
-217.340  213.520       3.9450
-217.340  217.956       3.9450
-217.340  222.391       3.9450
-217.340  226.827       3.9450
-217.340  231.263       3.9450
-217.340  235.699       3.9450
-217.340  240.135       3.9450
-217.340  244.571       3.9450
-217.340  249.007       3.9450
-217.340  253.443       3.9450
-217.340  257.879       3.9450
-217.340  262.315       3.9450
-217.340  266.751       3.9450
-217.340  271.187       3.9450
-212.354 -167.973       3.9450
-212.354 -163.537       3.9450
-212.354 -159.101       3.9450
-212.354 -154.665       1.9585
-212.354 -150.229       1.3036
-212.354 -145.793       1.1996
-212.354 -141.357       2.2219
-212.354 -136.921       3.5318
-212.354 -132.485       3.9450
-212.354 -128.049       3.9450
-212.354 -123.613       3.9450
-212.354 -119.177       3.9450
-212.354 -114.741       3.9450
-212.354 -110.306       3.9450
-212.354 -105.870       3.9450
-212.354 -101.434       3.9450
-212.354  -96.998       3.9450
-212.354  -92.562       3.9450
-212.354  -88.126       3.9450
-212.354  -83.690       3.9450
-212.354  -79.254       3.9450
-212.354  -74.818       3.9450
-212.354  -70.382       3.9450
-212.354  -65.946       3.9450
-212.354  -61.510       3.9450
-212.354  -57.074       3.9450
-212.354  -52.638       3.9450
-212.354  -48.202       3.9450
-212.354  -43.766       3.9450
-212.354  -39.330       3.9450
-212.354  -34.894       3.9450
-212.354  -30.458       3.9450
-212.354  -26.022       3.9450
-212.354  -21.586       3.9450
-212.354  -17.150       3.9450
-212.354  -12.714       3.9450
-212.354   -8.278       3.5318
-212.354   -3.842       1.9585
-212.354    0.593       1.2240
-212.354    5.029       0.6979
-212.354    9.465       0.4666
-212.354   13.901       0.3191
-212.354   18.337       0.4327
-212.354   22.773       0.8903
-212.354   27.209       2.0504
-212.354   31.645       2.8769
-212.354   36.081       3.9450
-212.354   40.517       3.9450
-212.354   44.953       1.9174
-212.354   49.389       1.6128
-212.354   53.825       1.2240
-212.354   58.261       1.6372
-212.354   62.697       1.4295
-212.354   67.133       1.8087
-212.354   71.569       1.9174
-212.354   76.005       1.7765
-212.354   80.441       1.5670
-212.354   84.877       1.4295
-212.354   89.313       1.8087
-212.354   93.749       1.5670
-212.354   98.185       1.7765
-212.354  102.621       1.3955
-212.354  107.057       1.4846
-212.354  111.492       2.0504
-212.354  115.928       2.4636
-212.354  120.364       2.0027
-212.354  124.800       2.4636
-212.354  129.236       2.2219
-212.354  133.672       1.9585
-212.354  138.108       1.7168
-212.354  142.544       1.3326
-212.354  146.980       1.3036
-212.354  151.416       1.2895
-212.354  155.852       0.8297
-212.354  160.288       1.5453
-212.354  164.724       1.6626
-212.354  169.160       2.1023
-212.354  173.596       2.7054
-212.354  178.032       3.9450
-212.354  182.468       3.9450
-212.354  186.904       3.9450
-212.354  191.340       3.9450
-212.354  195.776       2.5723
-212.354  200.212       1.8428
-212.354  204.648       3.5318
-212.354  209.084       3.9450
-212.354  213.520       3.9450
-212.354  217.956       3.9450
-212.354  222.391       3.9450
-212.354  226.827       3.9450
-212.354  231.263       3.9450
-212.354  235.699       3.9450
-212.354  240.135       3.9450
-212.354  244.571       3.9450
-212.354  249.007       3.9450
-212.354  253.443       3.9450
-212.354  257.879       3.9450
-212.354  262.315       3.9450
-212.354  266.751       3.9450
-212.354  271.187       3.9450
-207.368 -167.973       3.9450
-207.368 -163.537       3.9450
-207.368 -159.101       3.1186
-207.368 -154.665       1.7168
-207.368 -150.229       1.3179
-207.368 -145.793       1.1215
-207.368 -141.357       1.8789
-207.368 -136.921       3.5318
-207.368 -132.485       3.9450
-207.368 -128.049       3.9450
-207.368 -123.613       3.9450
-207.368 -119.177       3.9450
-207.368 -114.741       3.9450
-207.368 -110.306       3.9450
-207.368 -105.870       3.9450
-207.368 -101.434       3.9450
-207.368  -96.998       3.9450
-207.368  -92.562       3.9450
-207.368  -88.126       3.9450
-207.368  -83.690       3.9450
-207.368  -79.254       3.9450
-207.368  -74.818       3.9450
-207.368  -70.382       3.9450
-207.368  -65.946       3.9450
-207.368  -61.510       3.9450
-207.368  -57.074       3.9450
-207.368  -52.638       3.9450
-207.368  -48.202       3.9450
-207.368  -43.766       3.9450
-207.368  -39.330       3.9450
-207.368  -34.894       3.9450
-207.368  -30.458       3.9450
-207.368  -26.022       3.9450
-207.368  -21.586       3.9450
-207.368  -17.150       3.9450
-207.368  -12.714       3.9450
-207.368   -8.278       3.9450
-207.368   -3.842       3.1186
-207.368    0.593       1.5895
-207.368    5.029       0.9906
-207.368    9.465       0.4164
-207.368   13.901       0.0447
-207.368   18.337       0.1965
-207.368   22.773       0.6346
-207.368   27.209       1.6891
-207.368   31.645       2.1023
-207.368   36.081       3.9450
-207.368   40.517       3.5318
-207.368   44.953       1.8087
-207.368   49.389       1.6891
-207.368   53.825       1.7168
-207.368   58.261       1.8428
-207.368   62.697       1.6372
-207.368   67.133       1.7168
-207.368   71.569       2.1591
-207.368   76.005       1.7459
-207.368   80.441       1.7765
-207.368   84.877       1.7459
-207.368   89.313       1.6626
-207.368   93.749       1.1762
-207.368   98.185       1.0811
-207.368  102.621       1.1111
-207.368  107.057       1.3326
-207.368  111.492       1.9174
-207.368  115.928       2.2921
-207.368  120.364       3.5318
-207.368  124.800       2.0027
-207.368  129.236       1.6128
-207.368  133.672       1.8428
-207.368  138.108       1.8428
-207.368  142.544       1.4123
-207.368  146.980       1.9585
-207.368  151.416       2.2921
-207.368  155.852       1.6128
-207.368  160.288       1.1428
-207.368  164.724       1.2758
-207.368  169.160       1.5670
-207.368  173.596       2.2219
-207.368  178.032       2.5723
-207.368  182.468       3.1186
-207.368  186.904       3.9450
-207.368  191.340       3.5318
-207.368  195.776       2.2219
-207.368  200.212       1.5453
-207.368  204.648       2.8769
-207.368  209.084       3.9450
-207.368  213.520       3.9450
-207.368  217.956       3.9450
-207.368  222.391       3.9450
-207.368  226.827       3.9450
-207.368  231.263       3.9450
-207.368  235.699       3.9450
-207.368  240.135       3.9450
-207.368  244.571       3.9450
-207.368  249.007       3.9450
-207.368  253.443       3.9450
-207.368  257.879       3.9450
-207.368  262.315       3.9450
-207.368  266.751       3.9450
-207.368  271.187       3.9450
-202.382 -167.973       3.9450
-202.382 -163.537       2.8769
-202.382 -159.101       1.9174
-202.382 -154.665       1.5244
-202.382 -150.229       1.6626
-202.382 -145.793       1.4657
-202.382 -141.357       1.8789
-202.382 -136.921       3.5318
-202.382 -132.485       3.9450
-202.382 -128.049       3.9450
-202.382 -123.613       3.9450
-202.382 -119.177       3.9450
-202.382 -114.741       3.9450
-202.382 -110.306       3.9450
-202.382 -105.870       3.9450
-202.382 -101.434       3.9450
-202.382  -96.998       3.9450
-202.382  -92.562       3.9450
-202.382  -88.126       3.9450
-202.382  -83.690       3.9450
-202.382  -79.254       3.9450
-202.382  -74.818       3.9450
-202.382  -70.382       3.9450
-202.382  -65.946       3.9450
-202.382  -61.510       3.9450
-202.382  -57.074       3.9450
-202.382  -52.638       3.9450
-202.382  -48.202       3.9450
-202.382  -43.766       3.9450
-202.382  -39.330       3.9450
-202.382  -34.894       3.9450
-202.382  -30.458       3.9450
-202.382  -26.022       3.9450
-202.382  -21.586       3.9450
-202.382  -17.150       3.9450
-202.382  -12.714       3.9450
-202.382   -8.278       3.9450
-202.382   -3.842       3.9450
-202.382    0.593       2.7054
-202.382    5.029       1.6128
-202.382    9.465       0.6581
-202.382   13.901       0.1081
-202.382   18.337       0.1496
-202.382   22.773       0.5213
-202.382   27.209       1.0251
-202.382   31.645       1.5041
-202.382   36.081       3.9450
-202.382   40.517       3.9450
-202.382   44.953       2.5723
-202.382   49.389       2.2921
-202.382   53.825       2.3717
-202.382   58.261       2.0027
-202.382   62.697       1.4295
-202.382   67.133       1.4473
-202.382   71.569       1.7168
-202.382   76.005       1.5453
-202.382   80.441       1.5244
-202.382   84.877       1.3791
-202.382   89.313       1.5244
-202.382   93.749       1.6372
-202.382   98.185       1.3326
-202.382  102.621       1.2240
-202.382  107.057       1.3326
-202.382  111.492       1.6891
-202.382  115.928       2.5723
-202.382  120.364       2.4636
-202.382  124.800       1.7168
-202.382  129.236       1.5670
-202.382  133.672       1.8428
-202.382  138.108       1.6128
-202.382  142.544       1.7459
-202.382  146.980       2.0027
-202.382  151.416       2.1023
-202.382  155.852       1.8789
-202.382  160.288       1.2493
-202.382  164.724       1.2493
-202.382  169.160       1.1111
-202.382  173.596       1.7765
-202.382  178.032       2.1591
-202.382  182.468       3.9450
-202.382  186.904       2.2219
-202.382  191.340       2.0027
-202.382  195.776       1.5895
-202.382  200.212       1.8428
-202.382  204.648       3.5318
-202.382  209.084       3.9450
-202.382  213.520       3.9450
-202.382  217.956       3.9450
-202.382  222.391       3.9450
-202.382  226.827       3.9450
-202.382  231.263       3.9450
-202.382  235.699       3.9450
-202.382  240.135       3.9450
-202.382  244.571       3.9450
-202.382  249.007       3.9450
-202.382  253.443       3.9450
-202.382  257.879       3.9450
-202.382  262.315       3.9450
-202.382  266.751       3.9450
-202.382  271.187       3.9450
-197.396 -167.973       2.5723
-197.396 -163.537       1.5244
-197.396 -159.101       1.2493
-197.396 -154.665       1.6891
-197.396 -150.229       2.0027
-197.396 -145.793       1.6372
-197.396 -141.357       1.9585
-197.396 -136.921       3.5318
-197.396 -132.485       3.9450
-197.396 -128.049       3.9450
-197.396 -123.613       3.9450
-197.396 -119.177       3.9450
-197.396 -114.741       3.9450
-197.396 -110.306       3.9450
-197.396 -105.870       3.9450
-197.396 -101.434       3.9450
-197.396  -96.998       3.9450
-197.396  -92.562       3.9450
-197.396  -88.126       3.9450
-197.396  -83.690       3.9450
-197.396  -79.254       3.9450
-197.396  -74.818       3.9450
-197.396  -70.382       3.9450
-197.396  -65.946       3.9450
-197.396  -61.510       3.9450
-197.396  -57.074       3.9450
-197.396  -52.638       3.9450
-197.396  -48.202       3.9450
-197.396  -43.766       3.9450
-197.396  -39.330       3.9450
-197.396  -34.894       3.9450
-197.396  -30.458       3.9450
-197.396  -26.022       3.9450
-197.396  -21.586       3.9450
-197.396  -17.150       3.9450
-197.396  -12.714       3.9450
-197.396   -8.278       3.9450
-197.396   -3.842       3.5318
-197.396    0.593       3.1186
-197.396    5.029       3.5318
-197.396    9.465       1.8087
-197.396   13.901       0.3702
-197.396   18.337       0.0639
-197.396   22.773       0.2770
-197.396   27.209       0.7350
-197.396   31.645       0.9659
-197.396   36.081       1.5895
-197.396   40.517       3.1186
-197.396   44.953       3.9450
-197.396   49.389       3.9450
-197.396   53.825       3.9450
-197.396   58.261       1.8789
-197.396   62.697       1.0524
-197.396   67.133       0.9990
-197.396   71.569       1.5041
-197.396   76.005       1.6626
-197.396   80.441       1.2117
-197.396   84.877       1.2758
-197.396   89.313       1.6891
-197.396   93.749       2.4636
-197.396   98.185       2.1023
-197.396  102.621       2.0027
-197.396  107.057       2.0027
-197.396  111.492       2.7054
-197.396  115.928       3.5318
-197.396  120.364       3.9450
-197.396  124.800       1.9174
-197.396  129.236       1.6372
-197.396  133.672       2.2219
-197.396  138.108       2.1591
-197.396  142.544       1.4846
-197.396  146.980       1.5670
-197.396  151.416       1.7765
-197.396  155.852       1.7765
-197.396  160.288       1.2624
-197.396  164.724       1.2895
-197.396  169.160       1.1009
-197.396  173.596       1.5453
-197.396  178.032       1.5244
-197.396  182.468       2.0027
-197.396  186.904       1.5041
-197.396  191.340       1.3326
-197.396  195.776       1.2895
-197.396  200.212       1.6891
-197.396  204.648       2.2921
-197.396  209.084       3.9450
-197.396  213.520       3.9450
-197.396  217.956       3.9450
-197.396  222.391       3.9450
-197.396  226.827       3.9450
-197.396  231.263       3.9450
-197.396  235.699       3.9450
-197.396  240.135       3.9450
-197.396  244.571       3.9450
-197.396  249.007       3.9450
-197.396  253.443       3.9450
-197.396  257.879       3.9450
-197.396  262.315       3.9450
-197.396  266.751       3.9450
-197.396  271.187       3.9450
-192.410 -167.973       3.1186
-192.410 -163.537       1.8428
-192.410 -159.101       1.7765
-192.410 -154.665       1.4295
-192.410 -150.229       2.0027
-192.410 -145.793       1.7765
-192.410 -141.357       2.5723
-192.410 -136.921       3.9450
-192.410 -132.485       3.9450
-192.410 -128.049       3.9450
-192.410 -123.613       3.9450
-192.410 -119.177       3.9450
-192.410 -114.741       3.9450
-192.410 -110.306       3.9450
-192.410 -105.870       3.9450
-192.410 -101.434       3.9450
-192.410  -96.998       3.9450
-192.410  -92.562       3.9450
-192.410  -88.126       3.9450
-192.410  -83.690       3.9450
-192.410  -79.254       3.9450
-192.410  -74.818       3.9450
-192.410  -70.382       3.9450
-192.410  -65.946       3.9450
-192.410  -61.510       3.9450
-192.410  -57.074       3.9450
-192.410  -52.638       3.9450
-192.410  -48.202       3.9450
-192.410  -43.766       3.9450
-192.410  -39.330       3.9450
-192.410  -34.894       3.9450
-192.410  -30.458       3.9450
-192.410  -26.022       3.9450
-192.410  -21.586       3.9450
-192.410  -17.150       3.9450
-192.410  -12.714       3.9450
-192.410   -8.278       3.9450
-192.410   -3.842       3.9450
-192.410    0.593       3.9450
-192.410    5.029       3.9450
-192.410    9.465       2.2921
-192.410   13.901       0.6928
-192.410   18.337       0.0412
-192.410   22.773       0.2076
-192.410   27.209       0.7188
-192.410   31.645       1.0432
-192.410   36.081       1.1009
-192.410   40.517       2.2921
-192.410   44.953       3.9450
-192.410   49.389       3.9450
-192.410   53.825       2.7054
-192.410   58.261       1.6626
-192.410   62.697       0.9659
-192.410   67.133       0.9422
-192.410   71.569       1.4657
-192.410   76.005       1.6128
-192.410   80.441       1.6128
-192.410   84.877       1.5244
-192.410   89.313       1.7459
-192.410   93.749       2.3717
-192.410   98.185       2.8769
-192.410  102.621       2.3717
-192.410  107.057       2.7054
-192.410  111.492       3.9450
-192.410  115.928       3.9450
-192.410  120.364       3.1186
-192.410  124.800       2.2921
-192.410  129.236       1.6626
-192.410  133.672       1.2895
-192.410  138.108       1.3791
-192.410  142.544       1.5670
-192.410  146.980       1.5670
-192.410  151.416       1.2493
-192.410  155.852       1.5670
-192.410  160.288       1.4846
-192.410  164.724       1.2895
-192.410  169.160       1.1996
-192.410  173.596       1.4473
-192.410  178.032       1.5041
-192.410  182.468       1.8428
-192.410  186.904       1.7765
-192.410  191.340       1.9174
-192.410  195.776       1.8087
-192.410  200.212       2.0504
-192.410  204.648       1.9585
-192.410  209.084       3.9450
-192.410  213.520       3.9450
-192.410  217.956       3.9450
-192.410  222.391       3.9450
-192.410  226.827       3.9450
-192.410  231.263       3.9450
-192.410  235.699       3.9450
-192.410  240.135       3.9450
-192.410  244.571       3.9450
-192.410  249.007       3.9450
-192.410  253.443       3.9450
-192.410  257.879       3.9450
-192.410  262.315       3.9450
-192.410  266.751       3.9450
-192.410  271.187       3.9450
-187.424 -167.973       2.8769
-187.424 -163.537       1.8789
-187.424 -159.101       1.6891
-187.424 -154.665       1.6128
-187.424 -150.229       1.6891
-187.424 -145.793       2.7054
-187.424 -141.357       3.5318
-187.424 -136.921       3.9450
-187.424 -132.485       3.9450
-187.424 -128.049       3.9450
-187.424 -123.613       3.9450
-187.424 -119.177       3.9450
-187.424 -114.741       3.9450
-187.424 -110.306       3.9450
-187.424 -105.870       3.9450
-187.424 -101.434       3.9450
-187.424  -96.998       3.9450
-187.424  -92.562       3.9450
-187.424  -88.126       3.9450
-187.424  -83.690       3.9450
-187.424  -79.254       3.9450
-187.424  -74.818       3.9450
-187.424  -70.382       3.9450
-187.424  -65.946       3.9450
-187.424  -61.510       3.9450
-187.424  -57.074       3.9450
-187.424  -52.638       3.9450
-187.424  -48.202       3.9450
-187.424  -43.766       3.9450
-187.424  -39.330       3.9450
-187.424  -34.894       3.9450
-187.424  -30.458       3.9450
-187.424  -26.022       3.9450
-187.424  -21.586       3.9450
-187.424  -17.150       3.9450
-187.424  -12.714       3.9450
-187.424   -8.278       3.9450
-187.424   -3.842       3.9450
-187.424    0.593       3.9450
-187.424    5.029       3.9450
-187.424    9.465       2.2219
-187.424   13.901       0.8763
-187.424   18.337       0.3300
-187.424   22.773       0.3852
-187.424   27.209       0.7031
-187.424   31.645       1.0714
-187.424   36.081       1.6372
-187.424   40.517       2.7054
-187.424   44.953       3.9450
-187.424   49.389       3.9450
-187.424   53.825       2.8769
-187.424   58.261       1.3179
-187.424   62.697       0.7350
-187.424   67.133       0.6581
-187.424   71.569       1.2624
-187.424   76.005       1.4846
-187.424   80.441       1.5670
-187.424   84.877       2.0504
-187.424   89.313       1.5895
-187.424   93.749       2.0504
-187.424   98.185       3.1186
-187.424  102.621       3.1186
-187.424  107.057       2.8769
-187.424  111.492       2.8769
-187.424  115.928       3.9450
-187.424  120.364       2.3717
-187.424  124.800       1.3955
-187.424  129.236       1.3326
-187.424  133.672       0.9659
-187.424  138.108       0.9822
-187.424  142.544       1.1996
-187.424  146.980       1.1428
-187.424  151.416       1.2895
-187.424  155.852       1.6626
-187.424  160.288       1.3955
-187.424  164.724       1.1111
-187.424  169.160       1.3326
-187.424  173.596       1.4473
-187.424  178.032       1.3179
-187.424  182.468       1.3632
-187.424  186.904       1.4123
-187.424  191.340       1.6891
-187.424  195.776       2.5723
-187.424  200.212       2.7054
-187.424  204.648       3.9450
-187.424  209.084       3.9450
-187.424  213.520       3.9450
-187.424  217.956       3.9450
-187.424  222.391       3.9450
-187.424  226.827       3.9450
-187.424  231.263       3.9450
-187.424  235.699       3.9450
-187.424  240.135       3.9450
-187.424  244.571       3.9450
-187.424  249.007       3.9450
-187.424  253.443       3.9450
-187.424  257.879       3.9450
-187.424  262.315       3.9450
-187.424  266.751       3.9450
-187.424  271.187       3.9450
-182.438 -167.973       2.0027
-182.438 -163.537       1.6372
-182.438 -159.101       1.5041
-182.438 -154.665       1.7459
-182.438 -150.229       1.6891
-182.438 -145.793       3.1186
-182.438 -141.357       3.9450
-182.438 -136.921       3.9450
-182.438 -132.485       3.9450
-182.438 -128.049       3.9450
-182.438 -123.613       3.9450
-182.438 -119.177       3.9450
-182.438 -114.741       3.9450
-182.438 -110.306       3.9450
-182.438 -105.870       3.9450
-182.438 -101.434       3.9450
-182.438  -96.998       3.9450
-182.438  -92.562       3.9450
-182.438  -88.126       3.9450
-182.438  -83.690       3.9450
-182.438  -79.254       3.9450
-182.438  -74.818       3.9450
-182.438  -70.382       3.9450
-182.438  -65.946       3.9450
-182.438  -61.510       3.9450
-182.438  -57.074       3.9450
-182.438  -52.638       3.9450
-182.438  -48.202       3.9450
-182.438  -43.766       3.9450
-182.438  -39.330       3.9450
-182.438  -34.894       3.9450
-182.438  -30.458       3.9450
-182.438  -26.022       3.9450
-182.438  -21.586       3.9450
-182.438  -17.150       3.9450
-182.438  -12.714       3.9450
-182.438   -8.278       3.9450
-182.438   -3.842       3.9450
-182.438    0.593       3.9450
-182.438    5.029       3.9450
-182.438    9.465       2.4636
-182.438   13.901       1.1762
-182.438   18.337       0.2620
-182.438   22.773       0.1898
-182.438   27.209       0.6075
-182.438   31.645       1.3036
-182.438   36.081       1.1762
-182.438   40.517       1.8087
-182.438   44.953       3.9450
-182.438   49.389       3.9450
-182.438   53.825       3.1186
-182.438   58.261       1.0163
-182.438   62.697       0.4807
-182.438   67.133       0.5690
-182.438   71.569       1.3791
-182.438   76.005       2.0504
-182.438   80.441       2.0504
-182.438   84.877       1.6372
-182.438   89.313       1.7459
-182.438   93.749       3.1186
-182.438   98.185       2.4636
-182.438  102.621       2.5723
-182.438  107.057       3.5318
-182.438  111.492       3.9450
-182.438  115.928       2.8769
-182.438  120.364       2.1591
-182.438  124.800       1.7168
-182.438  129.236       1.2365
-182.438  133.672       1.1537
-182.438  138.108       0.9345
-182.438  142.544       0.8045
-182.438  146.980       1.0811
-182.438  151.416       1.3791
-182.438  155.852       1.3632
-182.438  160.288       1.5453
-182.438  164.724       1.4123
-182.438  169.160       1.5244
-182.438  173.596       1.1009
-182.438  178.032       1.3179
-182.438  182.468       1.5453
-182.438  186.904       1.9174
-182.438  191.340       2.2921
-182.438  195.776       3.1186
-182.438  200.212       3.9450
-182.438  204.648       3.9450
-182.438  209.084       3.9450
-182.438  213.520       3.9450
-182.438  217.956       3.9450
-182.438  222.391       3.9450
-182.438  226.827       3.9450
-182.438  231.263       3.9450
-182.438  235.699       3.9450
-182.438  240.135       3.9450
-182.438  244.571       3.9450
-182.438  249.007       3.9450
-182.438  253.443       3.9450
-182.438  257.879       3.9450
-182.438  262.315       3.9450
-182.438  266.751       3.9450
-182.438  271.187       3.9450
-177.452 -167.973       2.1591
-177.452 -163.537       1.5041
-177.452 -159.101       1.9174
-177.452 -154.665       2.0027
-177.452 -150.229       2.0027
-177.452 -145.793       3.5318
-177.452 -141.357       3.9450
-177.452 -136.921       3.9450
-177.452 -132.485       3.9450
-177.452 -128.049       3.9450
-177.452 -123.613       3.9450
-177.452 -119.177       3.9450
-177.452 -114.741       3.9450
-177.452 -110.306       3.9450
-177.452 -105.870       3.9450
-177.452 -101.434       3.9450
-177.452  -96.998       3.9450
-177.452  -92.562       3.9450
-177.452  -88.126       3.9450
-177.452  -83.690       3.9450
-177.452  -79.254       3.9450
-177.452  -74.818       3.9450
-177.452  -70.382       3.9450
-177.452  -65.946       3.9450
-177.452  -61.510       3.9450
-177.452  -57.074       3.9450
-177.452  -52.638       3.9450
-177.452  -48.202       3.9450
-177.452  -43.766       3.9450
-177.452  -39.330       3.9450
-177.452  -34.894       3.9450
-177.452  -30.458       3.9450
-177.452  -26.022       3.9450
-177.452  -21.586       3.9450
-177.452  -17.150       3.9450
-177.452  -12.714       3.9450
-177.452   -8.278       3.9450
-177.452   -3.842       3.9450
-177.452    0.593       3.9450
-177.452    5.029       3.9450
-177.452    9.465       2.0504
-177.452   13.901       1.0811
-177.452   18.337       0.2009
-177.452   22.773      -0.0000
-177.452   27.209       0.5368
-177.452   31.645       0.9422
-177.452   36.081       0.9579
-177.452   40.517       1.7459
-177.452   44.953       2.7054
-177.452   49.389       2.4636
-177.452   53.825       2.2219
-177.452   58.261       0.8361
-177.452   62.697       0.4261
-177.452   67.133       0.6630
-177.452   71.569       1.4846
-177.452   76.005       2.4636
-177.452   80.441       1.9174
-177.452   84.877       1.7459
-177.452   89.313       1.4473
-177.452   93.749       1.6626
-177.452   98.185       1.9174
-177.452  102.621       2.5723
-177.452  107.057       3.9450
-177.452  111.492       3.9450
-177.452  115.928       2.1023
-177.452  120.364       2.0027
-177.452  124.800       1.5895
-177.452  129.236       1.4295
-177.452  133.672       1.2624
-177.452  138.108       1.1762
-177.452  142.544       1.1762
-177.452  146.980       1.2758
-177.452  151.416       2.2921
-177.452  155.852       1.9585
-177.452  160.288       2.0027
-177.452  164.724       2.0504
-177.452  169.160       1.6372
-177.452  173.596       1.1215
-177.452  178.032       1.5244
-177.452  182.468       1.8087
-177.452  186.904       1.9174
-177.452  191.340       3.1186
-177.452  195.776       2.5723
-177.452  200.212       2.8769
-177.452  204.648       3.9450
-177.452  209.084       3.9450
-177.452  213.520       3.9450
-177.452  217.956       3.9450
-177.452  222.391       3.9450
-177.452  226.827       3.9450
-177.452  231.263       3.9450
-177.452  235.699       3.9450
-177.452  240.135       3.9450
-177.452  244.571       3.9450
-177.452  249.007       3.9450
-177.452  253.443       3.9450
-177.452  257.879       3.9450
-177.452  262.315       3.9450
-177.452  266.751       3.9450
-177.452  271.187       3.9450
-172.466 -167.973       2.4636
-172.466 -163.537       1.4657
-172.466 -159.101       1.6372
-172.466 -154.665       2.2921
-172.466 -150.229       2.2921
-172.466 -145.793       3.5318
-172.466 -141.357       3.9450
-172.466 -136.921       3.9450
-172.466 -132.485       3.9450
-172.466 -128.049       3.9450
-172.466 -123.613       3.9450
-172.466 -119.177       3.9450
-172.466 -114.741       3.9450
-172.466 -110.306       3.9450
-172.466 -105.870       3.9450
-172.466 -101.434       3.9450
-172.466  -96.998       3.9450
-172.466  -92.562       3.9450
-172.466  -88.126       3.9450
-172.466  -83.690       3.9450
-172.466  -79.254       3.9450
-172.466  -74.818       3.9450
-172.466  -70.382       3.9450
-172.466  -65.946       3.9450
-172.466  -61.510       3.9450
-172.466  -57.074       3.9450
-172.466  -52.638       3.9450
-172.466  -48.202       3.9450
-172.466  -43.766       3.9450
-172.466  -39.330       3.9450
-172.466  -34.894       3.9450
-172.466  -30.458       3.9450
-172.466  -26.022       3.9450
-172.466  -21.586       3.9450
-172.466  -17.150       3.9450
-172.466  -12.714       3.9450
-172.466   -8.278       3.9450
-172.466   -3.842       3.9450
-172.466    0.593       3.9450
-172.466    5.029       3.9450
-172.466    9.465       3.5318
-172.466   13.901       1.1537
-172.466   18.337       0.2977
-172.466   22.773       0.0516
-172.466   27.209       0.2873
-172.466   31.645       0.6254
-172.466   36.081       1.0811
-172.466   40.517       1.8428
-172.466   44.953       3.9450
-172.466   49.389       3.5318
-172.466   53.825       1.8789
-172.466   58.261       0.7188
-172.466   62.697       0.4736
-172.466   67.133       0.8763
-172.466   71.569       1.6128
-172.466   76.005       2.2921
-172.466   80.441       3.5318
-172.466   84.877       1.6891
-172.466   89.313       1.3955
-172.466   93.749       1.8087
-172.466   98.185       1.6891
-172.466  102.621       2.4636
-172.466  107.057       2.5723
-172.466  111.492       2.5723
-172.466  115.928       2.1591
-172.466  120.364       1.2240
-172.466  124.800       1.3179
-172.466  129.236       1.1321
-172.466  133.672       1.2895
-172.466  138.108       1.2117
-172.466  142.544       1.0714
-172.466  146.980       1.7168
-172.466  151.416       1.9174
-172.466  155.852       1.6372
-172.466  160.288       2.0504
-172.466  164.724       3.1186
-172.466  169.160       1.6891
-172.466  173.596       1.7765
-172.466  178.032       2.3717
-172.466  182.468       2.5723
-172.466  186.904       2.1591
-172.466  191.340       3.5318
-172.466  195.776       3.9450
-172.466  200.212       3.9450
-172.466  204.648       3.9450
-172.466  209.084       3.9450
-172.466  213.520       3.9450
-172.466  217.956       3.9450
-172.466  222.391       3.9450
-172.466  226.827       3.9450
-172.466  231.263       3.9450
-172.466  235.699       3.9450
-172.466  240.135       3.9450
-172.466  244.571       3.9450
-172.466  249.007       3.9450
-172.466  253.443       3.9450
-172.466  257.879       3.9450
-172.466  262.315       3.9450
-172.466  266.751       3.9450
-172.466  271.187       3.9450
-167.480 -167.973       3.5318
-167.480 -163.537       2.5723
-167.480 -159.101       1.6128
-167.480 -154.665       2.2921
-167.480 -150.229       2.7054
-167.480 -145.793       3.9450
-167.480 -141.357       3.9450
-167.480 -136.921       3.9450
-167.480 -132.485       3.9450
-167.480 -128.049       3.9450
-167.480 -123.613       3.9450
-167.480 -119.177       3.9450
-167.480 -114.741       3.9450
-167.480 -110.306       3.9450
-167.480 -105.870       3.9450
-167.480 -101.434       3.9450
-167.480  -96.998       3.9450
-167.480  -92.562       3.9450
-167.480  -88.126       3.9450
-167.480  -83.690       3.9450
-167.480  -79.254       3.9450
-167.480  -74.818       3.9450
-167.480  -70.382       3.9450
-167.480  -65.946       3.9450
-167.480  -61.510       3.9450
-167.480  -57.074       3.9450
-167.480  -52.638       3.9450
-167.480  -48.202       3.9450
-167.480  -43.766       3.9450
-167.480  -39.330       3.9450
-167.480  -34.894       3.9450
-167.480  -30.458       3.9450
-167.480  -26.022       3.9450
-167.480  -21.586       3.9450
-167.480  -17.150       3.9450
-167.480  -12.714       3.9450
-167.480   -8.278       3.9450
-167.480   -3.842       3.9450
-167.480    0.593       3.9450
-167.480    5.029       3.9450
-167.480    9.465       3.9450
-167.480   13.901       1.2240
-167.480   18.337       0.2145
-167.480   22.773       0.0162
-167.480   27.209       0.0986
-167.480   31.645       0.5987
-167.480   36.081       1.1996
-167.480   40.517       2.2921
-167.480   44.953       3.9450
-167.480   49.389       3.9450
-167.480   53.825       1.8789
-167.480   58.261       0.9906
-167.480   62.697       0.6300
-167.480   67.133       0.9740
-167.480   71.569       2.4636
-167.480   76.005       3.5318
-167.480   80.441       2.1591
-167.480   84.877       2.5723
-167.480   89.313       1.8789
-167.480   93.749       2.7054
-167.480   98.185       2.3717
-167.480  102.621       2.3717
-167.480  107.057       2.0027
-167.480  111.492       1.8428
-167.480  115.928       2.0504
-167.480  120.364       1.7765
-167.480  124.800       1.3955
-167.480  129.236       0.8626
-167.480  133.672       1.3326
-167.480  138.108       1.4123
-167.480  142.544       1.4123
-167.480  146.980       1.4295
-167.480  151.416       1.5041
-167.480  155.852       1.5244
-167.480  160.288       1.9174
-167.480  164.724       3.1186
-167.480  169.160       3.5318
-167.480  173.596       2.8769
-167.480  178.032       3.9450
-167.480  182.468       3.1186
-167.480  186.904       2.1591
-167.480  191.340       3.5318
-167.480  195.776       3.9450
-167.480  200.212       3.9450
-167.480  204.648       3.9450
-167.480  209.084       3.9450
-167.480  213.520       3.9450
-167.480  217.956       3.9450
-167.480  222.391       3.9450
-167.480  226.827       3.9450
-167.480  231.263       3.9450
-167.480  235.699       3.9450
-167.480  240.135       3.9450
-167.480  244.571       3.9450
-167.480  249.007       3.9450
-167.480  253.443       3.9450
-167.480  257.879       3.9450
-167.480  262.315       3.9450
-167.480  266.751       3.9450
-167.480  271.187       3.9450
-162.494 -167.973       3.9450
-162.494 -163.537       3.9450
-162.494 -159.101       3.9450
-162.494 -154.665       3.1186
-162.494 -150.229       3.9450
-162.494 -145.793       3.9450
-162.494 -141.357       3.9450
-162.494 -136.921       3.9450
-162.494 -132.485       3.9450
-162.494 -128.049       3.9450
-162.494 -123.613       3.9450
-162.494 -119.177       3.9450
-162.494 -114.741       3.9450
-162.494 -110.306       3.9450
-162.494 -105.870       3.9450
-162.494 -101.434       3.9450
-162.494  -96.998       3.9450
-162.494  -92.562       3.9450
-162.494  -88.126       3.9450
-162.494  -83.690       3.9450
-162.494  -79.254       3.9450
-162.494  -74.818       3.9450
-162.494  -70.382       3.9450
-162.494  -65.946       3.9450
-162.494  -61.510       3.9450
-162.494  -57.074       3.9450
-162.494  -52.638       3.9450
-162.494  -48.202       3.9450
-162.494  -43.766       3.9450
-162.494  -39.330       3.9450
-162.494  -34.894       3.9450
-162.494  -30.458       3.9450
-162.494  -26.022       3.9450
-162.494  -21.586       3.9450
-162.494  -17.150       3.9450
-162.494  -12.714       3.9450
-162.494   -8.278       3.9450
-162.494   -3.842       3.9450
-162.494    0.593       3.9450
-162.494    5.029       3.9450
-162.494    9.465       2.7054
-162.494   13.901       1.1321
-162.494   18.337       0.1578
-162.494   22.773       0.1965
-162.494   27.209       0.1620
-162.494   31.645       0.4393
-162.494   36.081       1.3326
-162.494   40.517       1.7765
-162.494   44.953       2.7054
-162.494   49.389       3.9450
-162.494   53.825       1.9585
-162.494   58.261       0.7864
-162.494   62.697       0.6727
-162.494   67.133       1.2895
-162.494   71.569       2.8769
-162.494   76.005       3.9450
-162.494   80.441       3.9450
-162.494   84.877       2.8769
-162.494   89.313       2.3717
-162.494   93.749       2.5723
-162.494   98.185       2.7054
-162.494  102.621       1.8789
-162.494  107.057       1.5244
-162.494  111.492       1.6128
-162.494  115.928       1.7765
-162.494  120.364       1.9174
-162.494  124.800       1.1762
-162.494  129.236       0.9990
-162.494  133.672       1.1111
-162.494  138.108       1.4123
-162.494  142.544       1.1878
-162.494  146.980       0.9740
-162.494  151.416       0.8694
-162.494  155.852       0.9120
-162.494  160.288       1.3632
-162.494  164.724       2.1023
-162.494  169.160       3.9450
-162.494  173.596       3.9450
-162.494  178.032       2.8769
-162.494  182.468       2.7054
-162.494  186.904       3.9450
-162.494  191.340       3.9450
-162.494  195.776       3.9450
-162.494  200.212       3.9450
-162.494  204.648       3.9450
-162.494  209.084       3.9450
-162.494  213.520       3.9450
-162.494  217.956       3.9450
-162.494  222.391       3.9450
-162.494  226.827       3.9450
-162.494  231.263       3.9450
-162.494  235.699       3.9450
-162.494  240.135       3.5318
-162.494  244.571       3.5318
-162.494  249.007       3.9450
-162.494  253.443       3.9450
-162.494  257.879       3.9450
-162.494  262.315       3.9450
-162.494  266.751       3.9450
-162.494  271.187       3.9450
-157.508 -167.973       3.9450
-157.508 -163.537       3.9450
-157.508 -159.101       3.9450
-157.508 -154.665       3.9450
-157.508 -150.229       3.9450
-157.508 -145.793       3.9450
-157.508 -141.357       3.9450
-157.508 -136.921       3.9450
-157.508 -132.485       3.9450
-157.508 -128.049       3.9450
-157.508 -123.613       3.9450
-157.508 -119.177       3.9450
-157.508 -114.741       3.9450
-157.508 -110.306       3.9450
-157.508 -105.870       3.9450
-157.508 -101.434       3.9450
-157.508  -96.998       3.9450
-157.508  -92.562       3.9450
-157.508  -88.126       3.9450
-157.508  -83.690       3.9450
-157.508  -79.254       3.9450
-157.508  -74.818       3.9450
-157.508  -70.382       3.9450
-157.508  -65.946       3.9450
-157.508  -61.510       3.9450
-157.508  -57.074       3.9450
-157.508  -52.638       3.9450
-157.508  -48.202       3.9450
-157.508  -43.766       3.9450
-157.508  -39.330       3.9450
-157.508  -34.894       3.9450
-157.508  -30.458       3.9450
-157.508  -26.022       3.9450
-157.508  -21.586       3.9450
-157.508  -17.150       3.9450
-157.508  -12.714       3.9450
-157.508   -8.278       3.9450
-157.508   -3.842       3.9450
-157.508    0.593       3.9450
-157.508    5.029       3.9450
-157.508    9.465       2.7054
-157.508   13.901       1.2240
-157.508   18.337       0.2720
-157.508   22.773       0.2145
-157.508   27.209       0.2645
-157.508   31.645       0.6581
-157.508   36.081       1.6372
-157.508   40.517       1.9174
-157.508   44.953       2.5723
-157.508   49.389       3.9450
-157.508   53.825       2.3717
-157.508   58.261       1.3477
-157.508   62.697       1.0076
-157.508   67.133       1.4473
-157.508   71.569       3.5318
-157.508   76.005       3.9450
-157.508   80.441       3.9450
-157.508   84.877       3.5318
-157.508   89.313       2.1023
-157.508   93.749       2.0504
-157.508   98.185       2.8769
-157.508  102.621       2.4636
-157.508  107.057       1.5895
-157.508  111.492       1.3477
-157.508  115.928       1.1996
-157.508  120.364       1.3036
-157.508  124.800       0.8694
-157.508  129.236       0.7083
-157.508  133.672       0.9422
-157.508  138.108       1.1215
-157.508  142.544       1.2365
-157.508  146.980       0.9579
-157.508  151.416       0.6928
-157.508  155.852       0.8361
-157.508  160.288       1.0618
-157.508  164.724       1.9174
-157.508  169.160       2.2921
-157.508  173.596       2.0027
-157.508  178.032       2.1591
-157.508  182.468       2.7054
-157.508  186.904       3.9450
-157.508  191.340       3.9450
-157.508  195.776       3.9450
-157.508  200.212       3.9450
-157.508  204.648       3.9450
-157.508  209.084       3.9450
-157.508  213.520       3.9450
-157.508  217.956       3.9450
-157.508  222.391       3.9450
-157.508  226.827       3.9450
-157.508  231.263       3.9450
-157.508  235.699       3.9450
-157.508  240.135       2.5723
-157.508  244.571       2.5723
-157.508  249.007       2.5723
-157.508  253.443       3.5318
-157.508  257.879       3.9450
-157.508  262.315       3.9450
-157.508  266.751       3.9450
-157.508  271.187       3.9450
-152.522 -167.973       3.9450
-152.522 -163.537       3.9450
-152.522 -159.101       3.9450
-152.522 -154.665       3.9450
-152.522 -150.229       3.9450
-152.522 -145.793       3.9450
-152.522 -141.357       3.9450
-152.522 -136.921       3.9450
-152.522 -132.485       3.9450
-152.522 -128.049       3.9450
-152.522 -123.613       3.9450
-152.522 -119.177       3.9450
-152.522 -114.741       3.9450
-152.522 -110.306       3.9450
-152.522 -105.870       3.9450
-152.522 -101.434       3.9450
-152.522  -96.998       3.9450
-152.522  -92.562       3.9450
-152.522  -88.126       3.9450
-152.522  -83.690       3.9450
-152.522  -79.254       3.9450
-152.522  -74.818       3.9450
-152.522  -70.382       3.9450
-152.522  -65.946       3.9450
-152.522  -61.510       3.9450
-152.522  -57.074       3.9450
-152.522  -52.638       3.9450
-152.522  -48.202       3.9450
-152.522  -43.766       3.9450
-152.522  -39.330       3.9450
-152.522  -34.894       3.9450
-152.522  -30.458       3.9450
-152.522  -26.022       3.9450
-152.522  -21.586       3.9450
-152.522  -17.150       3.9450
-152.522  -12.714       3.9450
-152.522   -8.278       3.9450
-152.522   -3.842       3.9450
-152.522    0.593       3.9450
-152.522    5.029       3.9450
-152.522    9.465       3.9450
-152.522   13.901       1.3632
-152.522   18.337       0.4164
-152.522   22.773       0.3056
-152.522   27.209       0.3527
-152.522   31.645       0.6581
-152.522   36.081       2.2921
-152.522   40.517       2.3717
-152.522   44.953       2.4636
-152.522   49.389       2.8769
-152.522   53.825       2.4636
-152.522   58.261       1.5670
-152.522   62.697       1.6372
-152.522   67.133       3.1186
-152.522   71.569       3.5318
-152.522   76.005       3.9450
-152.522   80.441       3.5318
-152.522   84.877       3.1186
-152.522   89.313       2.0504
-152.522   93.749       1.9174
-152.522   98.185       3.5318
-152.522  102.621       3.5318
-152.522  107.057       1.9585
-152.522  111.492       1.3036
-152.522  115.928       1.1649
-152.522  120.364       1.1537
-152.522  124.800       0.8903
-152.522  129.236       0.6534
-152.522  133.672       0.9500
-152.522  138.108       1.0341
-152.522  142.544       0.8975
-152.522  146.980       0.8170
-152.522  151.416       0.8297
-152.522  155.852       0.8361
-152.522  160.288       0.8626
-152.522  164.724       1.5244
-152.522  169.160       1.7765
-152.522  173.596       1.8087
-152.522  178.032       1.7765
-152.522  182.468       2.5723
-152.522  186.904       3.9450
-152.522  191.340       3.9450
-152.522  195.776       3.9450
-152.522  200.212       3.9450
-152.522  204.648       3.9450
-152.522  209.084       3.9450
-152.522  213.520       3.9450
-152.522  217.956       3.9450
-152.522  222.391       3.9450
-152.522  226.827       3.9450
-152.522  231.263       3.9450
-152.522  235.699       3.5318
-152.522  240.135       2.1023
-152.522  244.571       1.8087
-152.522  249.007       1.9174
-152.522  253.443       2.2219
-152.522  257.879       3.1186
-152.522  262.315       3.9450
-152.522  266.751       3.9450
-152.522  271.187       3.9450
-147.536 -167.973       3.9450
-147.536 -163.537       3.9450
-147.536 -159.101       3.9450
-147.536 -154.665       3.9450
-147.536 -150.229       3.9450
-147.536 -145.793       3.9450
-147.536 -141.357       3.9450
-147.536 -136.921       3.9450
-147.536 -132.485       3.9450
-147.536 -128.049       3.9450
-147.536 -123.613       3.9450
-147.536 -119.177       3.9450
-147.536 -114.741       3.9450
-147.536 -110.306       3.9450
-147.536 -105.870       3.9450
-147.536 -101.434       3.9450
-147.536  -96.998       3.9450
-147.536  -92.562       3.9450
-147.536  -88.126       3.9450
-147.536  -83.690       3.9450
-147.536  -79.254       3.9450
-147.536  -74.818       3.9450
-147.536  -70.382       3.9450
-147.536  -65.946       3.9450
-147.536  -61.510       3.9450
-147.536  -57.074       3.9450
-147.536  -52.638       3.9450
-147.536  -48.202       3.9450
-147.536  -43.766       3.9450
-147.536  -39.330       3.9450
-147.536  -34.894       3.9450
-147.536  -30.458       3.9450
-147.536  -26.022       3.9450
-147.536  -21.586       3.9450
-147.536  -17.150       3.9450
-147.536  -12.714       3.9450
-147.536   -8.278       3.9450
-147.536   -3.842       3.9450
-147.536    0.593       3.9450
-147.536    5.029       3.9450
-147.536    9.465       3.5318
-147.536   13.901       1.8789
-147.536   18.337       0.7630
-147.536   22.773       0.4494
-147.536   27.209       0.1216
-147.536   31.645       0.4596
-147.536   36.081       1.6626
-147.536   40.517       2.2219
-147.536   44.953       1.7459
-147.536   49.389       2.5723
-147.536   53.825       1.8428
-147.536   58.261       1.8428
-147.536   62.697       2.7054
-147.536   67.133       3.9450
-147.536   71.569       3.9450
-147.536   76.005       3.9450
-147.536   80.441       2.8769
-147.536   84.877       2.0027
-147.536   89.313       2.1023
-147.536   93.749       1.8789
-147.536   98.185       2.2219
-147.536  102.621       2.3717
-147.536  107.057       1.4295
-147.536  111.492       1.1215
-147.536  115.928       1.1537
-147.536  120.364       1.3632
-147.536  124.800       1.1649
-147.536  129.236       0.8361
-147.536  133.672       0.8492
-147.536  138.108       0.9345
-147.536  142.544       0.8903
-147.536  146.980       1.0909
-147.536  151.416       1.0076
-147.536  155.852       0.7805
-147.536  160.288       0.7573
-147.536  164.724       0.9990
-147.536  169.160       1.9585
-147.536  173.596       1.7168
-147.536  178.032       1.5041
-147.536  182.468       1.8789
-147.536  186.904       3.9450
-147.536  191.340       3.9450
-147.536  195.776       3.9450
-147.536  200.212       3.9450
-147.536  204.648       3.9450
-147.536  209.084       3.9450
-147.536  213.520       3.9450
-147.536  217.956       3.5318
-147.536  222.391       3.9450
-147.536  226.827       3.9450
-147.536  231.263       3.9450
-147.536  235.699       3.9450
-147.536  240.135       2.5723
-147.536  244.571       1.8087
-147.536  249.007       1.6128
-147.536  253.443       1.5453
-147.536  257.879       2.0027
-147.536  262.315       3.9450
-147.536  266.751       3.9450
-147.536  271.187       3.9450
-142.550 -167.973       3.9450
-142.550 -163.537       3.9450
-142.550 -159.101       3.9450
-142.550 -154.665       3.9450
-142.550 -150.229       3.9450
-142.550 -145.793       3.9450
-142.550 -141.357       3.9450
-142.550 -136.921       3.9450
-142.550 -132.485       3.9450
-142.550 -128.049       3.9450
-142.550 -123.613       3.9450
-142.550 -119.177       3.9450
-142.550 -114.741       3.9450
-142.550 -110.306       3.9450
-142.550 -105.870       3.9450
-142.550 -101.434       3.9450
-142.550  -96.998       3.9450
-142.550  -92.562       3.9450
-142.550  -88.126       3.9450
-142.550  -83.690       3.9450
-142.550  -79.254       3.9450
-142.550  -74.818       3.9450
-142.550  -70.382       3.9450
-142.550  -65.946       3.9450
-142.550  -61.510       3.9450
-142.550  -57.074       3.9450
-142.550  -52.638       3.9450
-142.550  -48.202       3.9450
-142.550  -43.766       3.9450
-142.550  -39.330       3.9450
-142.550  -34.894       3.9450
-142.550  -30.458       3.9450
-142.550  -26.022       3.9450
-142.550  -21.586       3.9450
-142.550  -17.150       3.9450
-142.550  -12.714       3.9450
-142.550   -8.278       3.9450
-142.550   -3.842       3.9450
-142.550    0.593       3.9450
-142.550    5.029       3.9450
-142.550    9.465       3.9450
-142.550   13.901       1.9585
-142.550   18.337       0.8833
-142.550   22.773       0.3672
-142.550   27.209       0.1374
-142.550   31.645       0.5773
-142.550   36.081       0.9906
-142.550   40.517       1.5670
-142.550   44.953       1.1537
-142.550   49.389       1.7765
-142.550   53.825       2.1591
-142.550   58.261       2.2219
-142.550   62.697       2.2921
-142.550   67.133       3.9450
-142.550   71.569       3.9450
-142.550   76.005       3.9450
-142.550   80.441       2.3717
-142.550   84.877       1.9174
-142.550   89.313       2.3717
-142.550   93.749       2.1591
-142.550   98.185       1.9585
-142.550  102.621       1.5453
-142.550  107.057       0.8626
-142.550  111.492       1.3326
-142.550  115.928       1.1762
-142.550  120.364       1.0909
-142.550  124.800       1.1996
-142.550  129.236       1.0076
-142.550  133.672       1.3791
-142.550  138.108       1.4846
-142.550  142.544       1.1215
-142.550  146.980       1.4846
-142.550  151.416       1.5041
-142.550  155.852       1.0251
-142.550  160.288       0.8763
-142.550  164.724       0.8763
-142.550  169.160       1.1649
-142.550  173.596       1.5453
-142.550  178.032       1.2758
-142.550  182.468       1.5895
-142.550  186.904       2.8769
-142.550  191.340       3.9450
-142.550  195.776       3.9450
-142.550  200.212       3.9450
-142.550  204.648       3.9450
-142.550  209.084       3.9450
-142.550  213.520       3.5318
-142.550  217.956       2.0027
-142.550  222.391       1.9585
-142.550  226.827       3.5318
-142.550  231.263       3.9450
-142.550  235.699       3.9450
-142.550  240.135       3.5318
-142.550  244.571       1.8428
-142.550  249.007       2.0027
-142.550  253.443       2.4636
-142.550  257.879       2.8769
-142.550  262.315       3.9450
-142.550  266.751       3.9450
-142.550  271.187       3.9450
-137.564 -167.973       3.9450
-137.564 -163.537       3.9450
-137.564 -159.101       3.9450
-137.564 -154.665       3.9450
-137.564 -150.229       3.9450
-137.564 -145.793       3.9450
-137.564 -141.357       3.9450
-137.564 -136.921       3.9450
-137.564 -132.485       3.9450
-137.564 -128.049       3.9450
-137.564 -123.613       3.9450
-137.564 -119.177       3.9450
-137.564 -114.741       3.9450
-137.564 -110.306       3.9450
-137.564 -105.870       3.9450
-137.564 -101.434       3.9450
-137.564  -96.998       3.9450
-137.564  -92.562       3.9450
-137.564  -88.126       3.9450
-137.564  -83.690       3.9450
-137.564  -79.254       3.9450
-137.564  -74.818       3.9450
-137.564  -70.382       3.9450
-137.564  -65.946       3.9450
-137.564  -61.510       3.9450
-137.564  -57.074       3.9450
-137.564  -52.638       3.9450
-137.564  -48.202       3.9450
-137.564  -43.766       3.9450
-137.564  -39.330       3.9450
-137.564  -34.894       3.9450
-137.564  -30.458       3.9450
-137.564  -26.022       3.9450
-137.564  -21.586       3.9450
-137.564  -17.150       3.9450
-137.564  -12.714       3.9450
-137.564   -8.278       3.9450
-137.564   -3.842       3.9450
-137.564    0.593       3.9450
-137.564    5.029       3.9450
-137.564    9.465       3.9450
-137.564   13.901       2.4636
-137.564   18.337       1.2365
-137.564   22.773       0.6346
-137.564   27.209       0.3584
-137.564   31.645       0.7924
-137.564   36.081       1.1215
-137.564   40.517       1.2895
-137.564   44.953       1.4295
-137.564   49.389       2.0504
-137.564   53.825       1.9174
-137.564   58.261       1.7765
-137.564   62.697       2.1591
-137.564   67.133       3.1186
-137.564   71.569       3.9450
-137.564   76.005       3.9450
-137.564   80.441       2.2219
-137.564   84.877       2.4636
-137.564   89.313       1.8789
-137.564   93.749       3.5318
-137.564   98.185       2.0504
-137.564  102.621       1.3477
-137.564  107.057       1.0811
-137.564  111.492       1.6128
-137.564  115.928       1.6626
-137.564  120.364       1.0251
-137.564  124.800       1.0076
-137.564  129.236       1.0341
-137.564  133.672       1.6128
-137.564  138.108       2.1591
-137.564  142.544       1.6891
-137.564  146.980       1.1215
-137.564  151.416       1.5041
-137.564  155.852       0.9822
-137.564  160.288       0.6827
-137.564  164.724       0.7630
-137.564  169.160       1.3326
-137.564  173.596       1.3477
-137.564  178.032       1.7459
-137.564  182.468       1.9585
-137.564  186.904       2.0504
-137.564  191.340       3.9450
-137.564  195.776       3.9450
-137.564  200.212       3.9450
-137.564  204.648       3.9450
-137.564  209.084       2.7054
-137.564  213.520       1.9585
-137.564  217.956       1.6128
-137.564  222.391       2.2219
-137.564  226.827       3.9450
-137.564  231.263       3.9450
-137.564  235.699       3.5318
-137.564  240.135       3.5318
-137.564  244.571       2.1591
-137.564  249.007       1.7459
-137.564  253.443       2.1023
-137.564  257.879       1.7168
-137.564  262.315       2.7054
-137.564  266.751       3.9450
-137.564  271.187       3.9450
-132.578 -167.973       3.9450
-132.578 -163.537       3.9450
-132.578 -159.101       3.9450
-132.578 -154.665       3.9450
-132.578 -150.229       3.9450
-132.578 -145.793       3.9450
-132.578 -141.357       3.9450
-132.578 -136.921       3.9450
-132.578 -132.485       3.9450
-132.578 -128.049       3.9450
-132.578 -123.613       3.9450
-132.578 -119.177       3.9450
-132.578 -114.741       3.9450
-132.578 -110.306       3.9450
-132.578 -105.870       3.9450
-132.578 -101.434       3.9450
-132.578  -96.998       3.9450
-132.578  -92.562       3.9450
-132.578  -88.126       3.9450
-132.578  -83.690       3.9450
-132.578  -79.254       3.9450
-132.578  -74.818       3.9450
-132.578  -70.382       3.9450
-132.578  -65.946       3.9450
-132.578  -61.510       3.9450
-132.578  -57.074       3.9450
-132.578  -52.638       3.9450
-132.578  -48.202       3.9450
-132.578  -43.766       3.9450
-132.578  -39.330       3.9450
-132.578  -34.894       3.9450
-132.578  -30.458       3.9450
-132.578  -26.022       3.9450
-132.578  -21.586       3.9450
-132.578  -17.150       3.9450
-132.578  -12.714       3.9450
-132.578   -8.278       3.9450
-132.578   -3.842       3.9450
-132.578    0.593       3.9450
-132.578    5.029       3.9450
-132.578    9.465       3.9450
-132.578   13.901       2.8769
-132.578   18.337       1.0341
-132.578   22.773       0.4700
-132.578   27.209       0.5732
-132.578   31.645       1.3036
-132.578   36.081       1.7765
-132.578   40.517       1.5244
-132.578   44.953       2.0027
-132.578   49.389       3.1186
-132.578   53.825       2.1023
-132.578   58.261       1.9585
-132.578   62.697       2.0027
-132.578   67.133       2.7054
-132.578   71.569       3.9450
-132.578   76.005       3.9450
-132.578   80.441       2.7054
-132.578   84.877       3.1186
-132.578   89.313       2.8769
-132.578   93.749       3.1186
-132.578   98.185       2.4636
-132.578  102.621       2.2921
-132.578  107.057       1.6626
-132.578  111.492       1.6626
-132.578  115.928       1.4473
-132.578  120.364       1.3326
-132.578  124.800       1.3326
-132.578  129.236       1.2365
-132.578  133.672       1.3791
-132.578  138.108       1.7168
-132.578  142.544       1.5244
-132.578  146.980       1.3036
-132.578  151.416       1.4123
-132.578  155.852       1.2624
-132.578  160.288       0.8492
-132.578  164.724       1.3036
-132.578  169.160       1.5670
-132.578  173.596       1.4846
-132.578  178.032       1.5244
-132.578  182.468       1.6891
-132.578  186.904       1.6626
-132.578  191.340       2.3717
-132.578  195.776       2.2219
-132.578  200.212       2.5723
-132.578  204.648       3.1186
-132.578  209.084       2.8769
-132.578  213.520       1.9174
-132.578  217.956       1.8428
-132.578  222.391       2.5723
-132.578  226.827       2.5723
-132.578  231.263       3.9450
-132.578  235.699       2.2921
-132.578  240.135       1.9585
-132.578  244.571       1.7459
-132.578  249.007       1.8428
-132.578  253.443       1.6128
-132.578  257.879       1.2624
-132.578  262.315       2.7054
-132.578  266.751       3.9450
-132.578  271.187       3.9450
-127.592 -167.973       3.9450
-127.592 -163.537       3.9450
-127.592 -159.101       3.9450
-127.592 -154.665       3.9450
-127.592 -150.229       3.9450
-127.592 -145.793       3.9450
-127.592 -141.357       3.9450
-127.592 -136.921       3.9450
-127.592 -132.485       3.9450
-127.592 -128.049       3.9450
-127.592 -123.613       3.9450
-127.592 -119.177       3.9450
-127.592 -114.741       3.9450
-127.592 -110.306       3.9450
-127.592 -105.870       3.9450
-127.592 -101.434       3.9450
-127.592  -96.998       3.9450
-127.592  -92.562       3.9450
-127.592  -88.126       3.9450
-127.592  -83.690       3.9450
-127.592  -79.254       3.9450
-127.592  -74.818       3.9450
-127.592  -70.382       3.9450
-127.592  -65.946       3.9450
-127.592  -61.510       3.9450
-127.592  -57.074       3.9450
-127.592  -52.638       3.9450
-127.592  -48.202       3.9450
-127.592  -43.766       3.9450
-127.592  -39.330       3.9450
-127.592  -34.894       3.9450
-127.592  -30.458       3.9450
-127.592  -26.022       3.9450
-127.592  -21.586       3.9450
-127.592  -17.150       3.9450
-127.592  -12.714       3.9450
-127.592   -8.278       3.9450
-127.592   -3.842       3.9450
-127.592    0.593       3.9450
-127.592    5.029       3.9450
-127.592    9.465       3.5318
-127.592   13.901       1.9174
-127.592   18.337       0.9047
-127.592   22.773       0.3913
-127.592   27.209       1.0076
-127.592   31.645       2.8769
-127.592   36.081       3.5318
-127.592   40.517       1.8789
-127.592   44.953       1.8428
-127.592   49.389       2.8769
-127.592   53.825       1.7765
-127.592   58.261       1.8087
-127.592   62.697       1.8428
-127.592   67.133       2.8769
-127.592   71.569       3.9450
-127.592   76.005       3.9450
-127.592   80.441       3.9450
-127.592   84.877       3.9450
-127.592   89.313       3.9450
-127.592   93.749       3.9450
-127.592   98.185       3.1186
-127.592  102.621       2.4636
-127.592  107.057       1.8428
-127.592  111.492       1.9585
-127.592  115.928       1.5453
-127.592  120.364       1.3477
-127.592  124.800       1.4846
-127.592  129.236       1.3477
-127.592  133.672       1.3477
-127.592  138.108       2.1023
-127.592  142.544       1.7765
-127.592  146.980       1.2493
-127.592  151.416       1.5453
-127.592  155.852       1.2493
-127.592  160.288       0.9579
-127.592  164.724       1.1428
-127.592  169.160       1.3955
-127.592  173.596       1.8789
-127.592  178.032       1.5670
-127.592  182.468       1.3955
-127.592  186.904       1.5670
-127.592  191.340       2.1591
-127.592  195.776       2.1591
-127.592  200.212       1.8789
-127.592  204.648       1.9585
-127.592  209.084       2.8769
-127.592  213.520       1.8087
-127.592  217.956       1.8789
-127.592  222.391       1.6372
-127.592  226.827       2.7054
-127.592  231.263       2.5723
-127.592  235.699       2.2219
-127.592  240.135       1.3477
-127.592  244.571       0.9659
-127.592  249.007       1.3791
-127.592  253.443       1.1996
-127.592  257.879       1.2895
-127.592  262.315       1.4657
-127.592  266.751       3.5318
-127.592  271.187       3.9450
-122.606 -167.973       3.9450
-122.606 -163.537       3.9450
-122.606 -159.101       3.9450
-122.606 -154.665       3.9450
-122.606 -150.229       3.9450
-122.606 -145.793       3.9450
-122.606 -141.357       3.9450
-122.606 -136.921       3.9450
-122.606 -132.485       3.9450
-122.606 -128.049       3.9450
-122.606 -123.613       3.9450
-122.606 -119.177       3.9450
-122.606 -114.741       3.9450
-122.606 -110.306       3.9450
-122.606 -105.870       3.9450
-122.606 -101.434       3.9450
-122.606  -96.998       3.9450
-122.606  -92.562       3.9450
-122.606  -88.126       3.9450
-122.606  -83.690       3.9450
-122.606  -79.254       3.9450
-122.606  -74.818       3.9450
-122.606  -70.382       3.9450
-122.606  -65.946       3.9450
-122.606  -61.510       3.9450
-122.606  -57.074       3.9450
-122.606  -52.638       3.9450
-122.606  -48.202       3.9450
-122.606  -43.766       3.9450
-122.606  -39.330       3.9450
-122.606  -34.894       3.9450
-122.606  -30.458       3.9450
-122.606  -26.022       3.9450
-122.606  -21.586       3.9450
-122.606  -17.150       3.9450
-122.606  -12.714       3.9450
-122.606   -8.278       3.9450
-122.606   -3.842       3.9450
-122.606    0.593       3.9450
-122.606    5.029       3.9450
-122.606    9.465       2.5723
-122.606   13.901       1.0618
-122.606   18.337       0.4100
-122.606   22.773       0.4562
-122.606   27.209       1.5670
-122.606   31.645       3.1186
-122.606   36.081       3.1186
-122.606   40.517       2.4636
-122.606   44.953       2.2219
-122.606   49.389       1.6372
-122.606   53.825       1.6626
-122.606   58.261       2.2921
-122.606   62.697       2.2219
-122.606   67.133       2.8769
-122.606   71.569       3.9450
-122.606   76.005       3.9450
-122.606   80.441       3.9450
-122.606   84.877       3.9450
-122.606   89.313       3.9450
-122.606   93.749       3.9450
-122.606   98.185       3.9450
-122.606  102.621       3.9450
-122.606  107.057       2.5723
-122.606  111.492       1.6891
-122.606  115.928       2.0504
-122.606  120.364       2.0504
-122.606  124.800       1.7459
-122.606  129.236       1.4473
-122.606  133.672       1.4846
-122.606  138.108       1.8428
-122.606  142.544       2.1591
-122.606  146.980       2.8769
-122.606  151.416       2.1591
-122.606  155.852       1.3955
-122.606  160.288       1.1428
-122.606  164.724       1.2624
-122.606  169.160       1.6626
-122.606  173.596       1.6128
-122.606  178.032       1.9585
-122.606  182.468       1.6891
-122.606  186.904       1.3632
-122.606  191.340       1.7765
-122.606  195.776       1.5041
-122.606  200.212       1.8789
-122.606  204.648       1.8087
-122.606  209.084       2.5723
-122.606  213.520       2.1023
-122.606  217.956       1.3036
-122.606  222.391       1.2895
-122.606  226.827       1.5895
-122.606  231.263       2.1591
-122.606  235.699       1.6372
-122.606  240.135       0.9906
-122.606  244.571       0.9579
-122.606  249.007       1.1762
-122.606  253.443       1.1878
-122.606  257.879       1.4846
-122.606  262.315       1.3326
-122.606  266.751       2.2921
-122.606  271.187       3.5318
-117.620 -167.973       3.9450
-117.620 -163.537       3.9450
-117.620 -159.101       3.9450
-117.620 -154.665       3.9450
-117.620 -150.229       3.9450
-117.620 -145.793       3.9450
-117.620 -141.357       3.9450
-117.620 -136.921       3.9450
-117.620 -132.485       3.9450
-117.620 -128.049       3.9450
-117.620 -123.613       3.9450
-117.620 -119.177       3.9450
-117.620 -114.741       3.9450
-117.620 -110.306       3.9450
-117.620 -105.870       3.9450
-117.620 -101.434       3.9450
-117.620  -96.998       3.9450
-117.620  -92.562       3.9450
-117.620  -88.126       3.9450
-117.620  -83.690       3.9450
-117.620  -79.254       3.9450
-117.620  -74.818       3.9450
-117.620  -70.382       3.9450
-117.620  -65.946       3.9450
-117.620  -61.510       3.9450
-117.620  -57.074       3.9450
-117.620  -52.638       3.9450
-117.620  -48.202       3.9450
-117.620  -43.766       3.9450
-117.620  -39.330       3.9450
-117.620  -34.894       3.9450
-117.620  -30.458       3.9450
-117.620  -26.022       3.9450
-117.620  -21.586       3.9450
-117.620  -17.150       3.9450
-117.620  -12.714       3.9450
-117.620   -8.278       3.9450
-117.620   -3.842       3.9450
-117.620    0.593       3.9450
-117.620    5.029       3.5318
-117.620    9.465       1.2240
-117.620   13.901       0.4100
-117.620   18.337       0.2237
-117.620   22.773       0.3913
-117.620   27.209       1.9585
-117.620   31.645       3.5318
-117.620   36.081       2.8769
-117.620   40.517       1.9174
-117.620   44.953       2.0504
-117.620   49.389       1.6626
-117.620   53.825       2.0504
-117.620   58.261       2.1591
-117.620   62.697       2.3717
-117.620   67.133       3.9450
-117.620   71.569       3.9450
-117.620   76.005       3.9450
-117.620   80.441       3.9450
-117.620   84.877       3.9450
-117.620   89.313       3.9450
-117.620   93.749       3.9450
-117.620   98.185       3.9450
-117.620  102.621       3.9450
-117.620  107.057       3.5318
-117.620  111.492       2.7054
-117.620  115.928       1.7765
-117.620  120.364       1.9174
-117.620  124.800       1.9585
-117.620  129.236       1.4123
-117.620  133.672       1.5244
-117.620  138.108       2.1591
-117.620  142.544       2.2219
-117.620  146.980       2.7054
-117.620  151.416       3.9450
-117.620  155.852       2.7054
-117.620  160.288       1.8428
-117.620  164.724       1.7168
-117.620  169.160       1.6372
-117.620  173.596       1.1878
-117.620  178.032       1.3477
-117.620  182.468       1.1428
-117.620  186.904       1.0432
-117.620  191.340       1.5895
-117.620  195.776       1.2493
-117.620  200.212       1.3955
-117.620  204.648       1.4473
-117.620  209.084       1.4657
-117.620  213.520       1.1996
-117.620  217.956       1.2240
-117.620  222.391       1.1215
-117.620  226.827       1.2895
-117.620  231.263       1.4657
-117.620  235.699       1.1762
-117.620  240.135       0.8045
-117.620  244.571       0.9990
-117.620  249.007       1.2758
-117.620  253.443       1.2117
-117.620  257.879       1.5041
-117.620  262.315       1.6626
-117.620  266.751       3.1186
-117.620  271.187       3.9450
-112.634 -167.973       3.9450
-112.634 -163.537       3.9450
-112.634 -159.101       3.9450
-112.634 -154.665       3.9450
-112.634 -150.229       3.9450
-112.634 -145.793       3.9450
-112.634 -141.357       3.9450
-112.634 -136.921       3.9450
-112.634 -132.485       3.9450
-112.634 -128.049       3.9450
-112.634 -123.613       3.9450
-112.634 -119.177       3.9450
-112.634 -114.741       3.9450
-112.634 -110.306       3.9450
-112.634 -105.870       3.9450
-112.634 -101.434       3.9450
-112.634  -96.998       3.9450
-112.634  -92.562       3.9450
-112.634  -88.126       3.9450
-112.634  -83.690       3.9450
-112.634  -79.254       3.9450
-112.634  -74.818       3.9450
-112.634  -70.382       3.9450
-112.634  -65.946       3.9450
-112.634  -61.510       3.9450
-112.634  -57.074       3.9450
-112.634  -52.638       3.9450
-112.634  -48.202       3.9450
-112.634  -43.766       3.9450
-112.634  -39.330       3.9450
-112.634  -34.894       3.9450
-112.634  -30.458       3.9450
-112.634  -26.022       3.9450
-112.634  -21.586       3.9450
-112.634  -17.150       3.9450
-112.634  -12.714       3.9450
-112.634   -8.278       3.9450
-112.634   -3.842       3.9450
-112.634    0.593       3.9450
-112.634    5.029       2.7054
-112.634    9.465       1.1321
-112.634   13.901       0.2122
-112.634   18.337       0.1314
-112.634   22.773       0.7864
-112.634   27.209       2.7054
-112.634   31.645       3.9450
-112.634   36.081       2.7054
-112.634   40.517       2.0504
-112.634   44.953       2.1591
-112.634   49.389       2.3717
-112.634   53.825       2.4636
-112.634   58.261       2.8769
-112.634   62.697       3.9450
-112.634   67.133       3.9450
-112.634   71.569       3.9450
-112.634   76.005       3.9450
-112.634   80.441       3.9450
-112.634   84.877       3.9450
-112.634   89.313       3.9450
-112.634   93.749       3.9450
-112.634   98.185       3.9450
-112.634  102.621       3.9450
-112.634  107.057       3.9450
-112.634  111.492       3.1186
-112.634  115.928       2.2921
-112.634  120.364       1.9585
-112.634  124.800       1.8428
-112.634  129.236       1.5244
-112.634  133.672       2.2921
-112.634  138.108       3.5318
-112.634  142.544       3.9450
-112.634  146.980       3.5318
-112.634  151.416       3.5318
-112.634  155.852       2.8769
-112.634  160.288       2.4636
-112.634  164.724       2.0504
-112.634  169.160       1.4123
-112.634  173.596       1.3632
-112.634  178.032       1.7765
-112.634  182.468       1.3179
-112.634  186.904       1.4295
-112.634  191.340       1.0163
-112.634  195.776       1.1878
-112.634  200.212       1.1111
-112.634  204.648       1.2493
-112.634  209.084       1.2117
-112.634  213.520       1.2624
-112.634  217.956       0.9740
-112.634  222.391       1.6128
-112.634  226.827       1.3632
-112.634  231.263       1.3955
-112.634  235.699       1.3179
-112.634  240.135       1.1428
-112.634  244.571       1.0341
-112.634  249.007       1.1762
-112.634  253.443       1.0251
-112.634  257.879       1.4473
-112.634  262.315       1.9585
-112.634  266.751       3.9450
-112.634  271.187       3.9450
-107.648 -167.973       3.9450
-107.648 -163.537       3.9450
-107.648 -159.101       3.9450
-107.648 -154.665       3.9450
-107.648 -150.229       3.9450
-107.648 -145.793       3.9450
-107.648 -141.357       3.9450
-107.648 -136.921       3.9450
-107.648 -132.485       3.9450
-107.648 -128.049       3.9450
-107.648 -123.613       3.9450
-107.648 -119.177       3.9450
-107.648 -114.741       3.9450
-107.648 -110.306       3.9450
-107.648 -105.870       3.9450
-107.648 -101.434       3.9450
-107.648  -96.998       3.9450
-107.648  -92.562       3.9450
-107.648  -88.126       3.9450
-107.648  -83.690       3.9450
-107.648  -79.254       3.9450
-107.648  -74.818       3.9450
-107.648  -70.382       3.9450
-107.648  -65.946       3.9450
-107.648  -61.510       3.9450
-107.648  -57.074       3.9450
-107.648  -52.638       3.9450
-107.648  -48.202       3.9450
-107.648  -43.766       3.9450
-107.648  -39.330       3.9450
-107.648  -34.894       3.9450
-107.648  -30.458       3.9450
-107.648  -26.022       3.9450
-107.648  -21.586       3.9450
-107.648  -17.150       3.9450
-107.648  -12.714       3.9450
-107.648   -8.278       3.9450
-107.648   -3.842       3.9450
-107.648    0.593       3.9450
-107.648    5.029       1.9585
-107.648    9.465       0.6392
-107.648   13.901       0.1435
-107.648   18.337       0.1537
-107.648   22.773       0.8170
-107.648   27.209       3.1186
-107.648   31.645       3.5318
-107.648   36.081       2.3717
-107.648   40.517       1.8428
-107.648   44.953       1.7168
-107.648   49.389       2.0027
-107.648   53.825       2.0504
-107.648   58.261       2.8769
-107.648   62.697       3.9450
-107.648   67.133       3.9450
-107.648   71.569       3.9450
-107.648   76.005       3.9450
-107.648   80.441       3.9450
-107.648   84.877       3.9450
-107.648   89.313       3.9450
-107.648   93.749       3.9450
-107.648   98.185       3.9450
-107.648  102.621       3.9450
-107.648  107.057       3.9450
-107.648  111.492       2.8769
-107.648  115.928       2.5723
-107.648  120.364       1.8789
-107.648  124.800       2.1023
-107.648  129.236       2.0027
-107.648  133.672       2.3717
-107.648  138.108       2.8769
-107.648  142.544       3.9450
-107.648  146.980       3.9450
-107.648  151.416       3.9450
-107.648  155.852       3.9450
-107.648  160.288       2.8769
-107.648  164.724       1.8789
-107.648  169.160       1.9585
-107.648  173.596       1.5041
-107.648  178.032       1.8087
-107.648  182.468       1.8789
-107.648  186.904       1.6128
-107.648  191.340       0.8233
-107.648  195.776       0.9422
-107.648  200.212       1.0811
-107.648  204.648       0.9740
-107.648  209.084       1.3326
-107.648  213.520       1.7459
-107.648  217.956       1.3632
-107.648  222.391       1.4657
-107.648  226.827       1.3955
-107.648  231.263       1.2758
-107.648  235.699       1.1111
-107.648  240.135       0.9990
-107.648  244.571       0.8170
-107.648  249.007       0.8833
-107.648  253.443       0.9345
-107.648  257.879       1.6128
-107.648  262.315       2.0027
-107.648  266.751       3.9450
-107.648  271.187       3.9450
-102.662 -167.973       3.9450
-102.662 -163.537       3.9450
-102.662 -159.101       3.9450
-102.662 -154.665       3.9450
-102.662 -150.229       3.9450
-102.662 -145.793       3.9450
-102.662 -141.357       3.9450
-102.662 -136.921       3.9450
-102.662 -132.485       3.9450
-102.662 -128.049       3.9450
-102.662 -123.613       3.9450
-102.662 -119.177       3.9450
-102.662 -114.741       3.9450
-102.662 -110.306       3.9450
-102.662 -105.870       3.9450
-102.662 -101.434       3.9450
-102.662  -96.998       3.9450
-102.662  -92.562       3.9450
-102.662  -88.126       3.9450
-102.662  -83.690       3.9450
-102.662  -79.254       3.9450
-102.662  -74.818       3.9450
-102.662  -70.382       3.9450
-102.662  -65.946       3.9450
-102.662  -61.510       3.9450
-102.662  -57.074       3.9450
-102.662  -52.638       3.9450
-102.662  -48.202       3.9450
-102.662  -43.766       3.9450
-102.662  -39.330       3.9450
-102.662  -34.894       3.9450
-102.662  -30.458       3.9450
-102.662  -26.022       3.9450
-102.662  -21.586       3.9450
-102.662  -17.150       3.9450
-102.662  -12.714       3.9450
-102.662   -8.278       3.9450
-102.662   -3.842       3.9450
-102.662    0.593       3.9450
-102.662    5.029       1.5244
-102.662    9.465       0.4915
-102.662   13.901       0.1476
-102.662   18.337       0.3852
-102.662   22.773       1.2758
-102.662   27.209       2.8769
-102.662   31.645       3.9450
-102.662   36.081       3.9450
-102.662   40.517       2.1591
-102.662   44.953       1.6128
-102.662   49.389       2.1023
-102.662   53.825       2.7054
-102.662   58.261       3.9450
-102.662   62.697       3.9450
-102.662   67.133       3.9450
-102.662   71.569       3.9450
-102.662   76.005       3.9450
-102.662   80.441       3.9450
-102.662   84.877       3.9450
-102.662   89.313       3.9450
-102.662   93.749       3.9450
-102.662   98.185       3.9450
-102.662  102.621       3.9450
-102.662  107.057       3.9450
-102.662  111.492       3.9450
-102.662  115.928       3.5318
-102.662  120.364       2.7054
-102.662  124.800       2.5723
-102.662  129.236       2.2921
-102.662  133.672       2.1023
-102.662  138.108       3.9450
-102.662  142.544       3.9450
-102.662  146.980       3.9450
-102.662  151.416       3.9450
-102.662  155.852       3.9450
-102.662  160.288       3.9450
-102.662  164.724       2.5723
-102.662  169.160       2.2219
-102.662  173.596       1.6626
-102.662  178.032       1.9174
-102.662  182.468       1.6626
-102.662  186.904       1.1649
-102.662  191.340       0.8903
-102.662  195.776       0.9740
-102.662  200.212       0.9822
-102.662  204.648       0.8170
-102.662  209.084       1.1428
-102.662  213.520       1.6128
-102.662  217.956       1.9174
-102.662  222.391       1.2493
-102.662  226.827       1.0163
-102.662  231.263       1.0811
-102.662  235.699       1.0341
-102.662  240.135       0.9047
-102.662  244.571       0.5213
-102.662  249.007       0.6534
-102.662  253.443       0.9194
-102.662  257.879       1.6891
-102.662  262.315       2.1023
-102.662  266.751       2.2921
-102.662  271.187       3.9450
 -97.676 -167.973       3.9450
 -97.676 -163.537       3.9450
 -97.676 -159.101       3.9450
 -97.676 -154.665       3.9450
 -97.676 -150.229       3.9450
 -97.676 -145.793       3.9450
 -97.676 -141.357       3.9450
 -97.676 -136.921       3.9450
 -97.676 -132.485       3.9450
 -97.676 -128.049       3.9450
 -97.676 -123.613       3.9450
 -97.676 -119.177       3.9450
 -97.676 -114.741       3.9450
 -97.676 -110.306       3.9450
 -97.676 -105.870       3.9450
 -97.676 -101.434       3.9450
 -97.676  -96.998       3.9450
 -97.676  -92.562       3.9450
 -97.676  -88.126       3.9450
 -97.676  -83.690       3.9450
 -97.676  -79.254       3.9450
 -97.676  -74.818       3.9450
 -97.676  -70.382       3.9450
 -97.676  -65.946       3.9450
 -97.676  -61.510       3.9450
 -97.676  -57.074       3.9450
 -97.676  -52.638       3.9450
 -97.676  -48.202       3.9450
 -97.676  -43.766       3.9450
 -97.676  -39.330       3.9450
 -97.676  -34.894       3.9450
 -97.676  -30.458       3.9450
 -97.676  -26.022       3.9450
 -97.676  -21.586       3.9450
 -97.676  -17.150       3.9450
 -97.676  -12.714       3.9450
 -97.676   -8.278       3.9450
 -97.676   -3.842       3.9450
 -97.676    0.593       3.5318
 -97.676    5.029       1.1009
 -97.676    9.465       0.3469
 -97.676   13.901       0.4132
 -97.676   18.337       0.7135
 -97.676   22.773       1.9174
 -97.676   27.209       3.9450
 -97.676   31.645       3.9450
 -97.676   36.081       3.9450
 -97.676   40.517       3.5318
 -97.676   44.953       1.7765
 -97.676   49.389       2.1023
 -97.676   53.825       3.9450
 -97.676   58.261       3.9450
 -97.676   62.697       3.9450
 -97.676   67.133       3.9450
 -97.676   71.569       3.9450
 -97.676   76.005       3.9450
 -97.676   80.441       3.9450
 -97.676   84.877       3.9450
 -97.676   89.313       3.9450
 -97.676   93.749       3.9450
 -97.676   98.185       3.9450
 -97.676  102.621       3.9450
 -97.676  107.057       3.5318
 -97.676  111.492       2.7054
 -97.676  115.928       2.5723
 -97.676  120.364       2.4636
 -97.676  124.800       2.7054
 -97.676  129.236       2.1023
 -97.676  133.672       1.9585
 -97.676  138.108       3.5318
 -97.676  142.544       3.9450
 -97.676  146.980       3.9450
 -97.676  151.416       3.9450
 -97.676  155.852       3.9450
 -97.676  160.288       3.9450
 -97.676  164.724       3.9450
 -97.676  169.160       1.9174
 -97.676  173.596       1.6372
 -97.676  178.032       2.2921
 -97.676  182.468       1.8428
 -97.676  186.904       1.1009
 -97.676  191.340       0.8694
 -97.676  195.776       0.9906
 -97.676  200.212       1.0524
 -97.676  204.648       0.8170
 -97.676  209.084       1.2624
 -97.676  213.520       1.7765
 -97.676  217.956       2.1023
 -97.676  222.391       1.1996
 -97.676  226.827       0.8694
 -97.676  231.263       0.9579
 -97.676  235.699       0.6534
 -97.676  240.135       0.9579
 -97.676  244.571       0.6827
 -97.676  249.007       0.5773
 -97.676  253.443       0.9269
 -97.676  257.879       1.3632
 -97.676  262.315       1.6128
 -97.676  266.751       2.5723
 -97.676  271.187       3.9450
 -92.690 -167.973       3.9450
 -92.690 -163.537       3.9450
 -92.690 -159.101       3.9450
 -92.690 -154.665       3.9450
 -92.690 -150.229       3.9450
 -92.690 -145.793       3.9450
 -92.690 -141.357       3.9450
 -92.690 -136.921       3.9450
 -92.690 -132.485       3.9450
 -92.690 -128.049       3.9450
 -92.690 -123.613       3.9450
 -92.690 -119.177       3.9450
 -92.690 -114.741       3.9450
 -92.690 -110.306       3.9450
 -92.690 -105.870       3.9450
 -92.690 -101.434       3.9450
 -92.690  -96.998       3.9450
 -92.690  -92.562       3.9450
 -92.690  -88.126       3.9450
 -92.690  -83.690       3.9450
 -92.690  -79.254       3.9450
 -92.690  -74.818       3.9450
 -92.690  -70.382       3.9450
 -92.690  -65.946       3.9450
 -92.690  -61.510       3.9450
 -92.690  -57.074       3.9450
 -92.690  -52.638       3.9450
 -92.690  -48.202       3.9450
 -92.690  -43.766       3.9450
 -92.690  -39.330       3.9450
 -92.690  -34.894       3.9450
 -92.690  -30.458       3.9450
 -92.690  -26.022       3.9450
 -92.690  -21.586       3.9450
 -92.690  -17.150       3.9450
 -92.690  -12.714       3.9450
 -92.690   -8.278       3.9450
 -92.690   -3.842       3.9450
 -92.690    0.593       2.0504
 -92.690    5.029       0.7188
 -92.690    9.465       0.3469
 -92.690   13.901       0.5447
 -92.690   18.337       1.3326
 -92.690   22.773       2.4636
 -92.690   27.209       3.9450
 -92.690   31.645       3.9450
 -92.690   36.081       3.5318
 -92.690   40.517       1.7765
 -92.690   44.953       1.4473
 -92.690   49.389       1.9585
 -92.690   53.825       3.9450
 -92.690   58.261       3.9450
 -92.690   62.697       3.9450
 -92.690   67.133       3.9450
 -92.690   71.569       3.9450
 -92.690   76.005       3.9450
 -92.690   80.441       3.9450
 -92.690   84.877       3.9450
 -92.690   89.313       3.9450
 -92.690   93.749       3.9450
 -92.690   98.185       3.9450
 -92.690  102.621       3.9450
 -92.690  107.057       2.5723
 -92.690  111.492       2.1591
 -92.690  115.928       2.0504
 -92.690  120.364       1.9585
 -92.690  124.800       2.0027
 -92.690  129.236       1.8789
 -92.690  133.672       2.3717
 -92.690  138.108       2.3717
 -92.690  142.544       3.9450
 -92.690  146.980       3.9450
 -92.690  151.416       3.9450
 -92.690  155.852       3.9450
 -92.690  160.288       2.8769
 -92.690  164.724       2.3717
 -92.690  169.160       1.7168
 -92.690  173.596       1.2365
 -92.690  178.032       1.3791
 -92.690  182.468       1.3955
 -92.690  186.904       0.8045
 -92.690  191.340       0.7242
 -92.690  195.776       0.9047
 -92.690  200.212       1.0163
 -92.690  204.648       0.8045
 -92.690  209.084       0.9345
 -92.690  213.520       1.2895
 -92.690  217.956       1.5244
 -92.690  222.391       1.0909
 -92.690  226.827       0.9194
 -92.690  231.263       0.9345
 -92.690  235.699       0.8426
 -92.690  240.135       0.9422
 -92.690  244.571       0.7924
 -92.690  249.007       0.9579
 -92.690  253.443       1.0524
 -92.690  257.879       1.3955
 -92.690  262.315       1.6891
 -92.690  266.751       2.8769
 -92.690  271.187       3.9450
 -87.704 -167.973       3.9450
 -87.704 -163.537       3.9450
 -87.704 -159.101       3.9450
 -87.704 -154.665       3.9450
 -87.704 -150.229       3.9450
 -87.704 -145.793       3.9450
 -87.704 -141.357       3.9450
 -87.704 -136.921       3.9450
 -87.704 -132.485       3.9450
 -87.704 -128.049       3.9450
 -87.704 -123.613       3.9450
 -87.704 -119.177       3.9450
 -87.704 -114.741       3.9450
 -87.704 -110.306       3.9450
 -87.704 -105.870       3.9450
 -87.704 -101.434       3.9450
 -87.704  -96.998       3.9450
 -87.704  -92.562       3.9450
 -87.704  -88.126       3.9450
 -87.704  -83.690       3.9450
 -87.704  -79.254       3.9450
 -87.704  -74.818       3.9450
 -87.704  -70.382       3.9450
 -87.704  -65.946       3.9450
 -87.704  -61.510       3.9450
 -87.704  -57.074       3.9450
 -87.704  -52.638       3.9450
 -87.704  -48.202       3.9450
 -87.704  -43.766       3.9450
 -87.704  -39.330       3.9450
 -87.704  -34.894       3.9450
 -87.704  -30.458       3.9450
 -87.704  -26.022       3.9450
 -87.704  -21.586       3.9450
 -87.704  -17.150       3.9450
 -87.704  -12.714       3.9450
 -87.704   -8.278       3.9450
 -87.704   -3.842       3.5318
 -87.704    0.593       1.8789
 -87.704    5.029       0.7242
 -87.704    9.465       0.7924
 -87.704   13.901       1.0076
 -87.704   18.337       1.8087
 -87.704   22.773       3.1186
 -87.704   27.209       3.9450
 -87.704   31.645       3.9450
 -87.704   36.081       2.7054
 -87.704   40.517       1.6372
 -87.704   44.953       1.4846
 -87.704   49.389       2.5723
 -87.704   53.825       3.9450
 -87.704   58.261       3.9450
 -87.704   62.697       3.9450
 -87.704   67.133       3.9450
 -87.704   71.569       3.9450
 -87.704   76.005       3.9450
 -87.704   80.441       3.9450
 -87.704   84.877       3.9450
 -87.704   89.313       3.9450
 -87.704   93.749       3.9450
 -87.704   98.185       3.9450
 -87.704  102.621       3.5318
 -87.704  107.057       1.9174
 -87.704  111.492       2.4636
 -87.704  115.928       1.8789
 -87.704  120.364       1.4846
 -87.704  124.800       1.5670
 -87.704  129.236       1.8428
 -87.704  133.672       2.5723
 -87.704  138.108       3.5318
 -87.704  142.544       3.9450
 -87.704  146.980       3.9450
 -87.704  151.416       3.9450
 -87.704  155.852       3.9450
 -87.704  160.288       3.9450
 -87.704  164.724       2.3717
 -87.704  169.160       2.1023
 -87.704  173.596       1.1996
 -87.704  178.032       1.5244
 -87.704  182.468       0.9740
 -87.704  186.904       0.7517
 -87.704  191.340       0.8492
 -87.704  195.776       1.0163
 -87.704  200.212       1.1111
 -87.704  204.648       1.2240
 -87.704  209.084       0.8626
 -87.704  213.520       0.7405
 -87.704  217.956       1.4123
 -87.704  222.391       0.8492
 -87.704  226.827       0.9120
 -87.704  231.263       1.1996
 -87.704  235.699       1.1762
 -87.704  240.135       1.3179
 -87.704  244.571       0.9194
 -87.704  249.007       1.0618
 -87.704  253.443       1.1215
 -87.704  257.879       1.5244
 -87.704  262.315       1.6372
 -87.704  266.751       2.3717
 -87.704  271.187       3.1186
 -82.718 -167.973       3.9450
 -82.718 -163.537       3.9450
 -82.718 -159.101       3.9450
 -82.718 -154.665       3.9450
 -82.718 -150.229       3.9450
 -82.718 -145.793       3.9450
 -82.718 -141.357       3.9450
 -82.718 -136.921       3.9450
 -82.718 -132.485       3.9450
 -82.718 -128.049       3.9450
 -82.718 -123.613       3.9450
 -82.718 -119.177       3.9450
 -82.718 -114.741       3.9450
 -82.718 -110.306       3.9450
 -82.718 -105.870       3.9450
 -82.718 -101.434       3.9450
 -82.718  -96.998       3.9450
 -82.718  -92.562       3.9450
 -82.718  -88.126       3.9450
 -82.718  -83.690       3.9450
 -82.718  -79.254       3.9450
 -82.718  -74.818       3.9450
 -82.718  -70.382       3.9450
 -82.718  -65.946       3.9450
 -82.718  -61.510       3.9450
 -82.718  -57.074       3.9450
 -82.718  -52.638       3.9450
 -82.718  -48.202       3.9450
 -82.718  -43.766       3.9450
 -82.718  -39.330       3.9450
 -82.718  -34.894       3.9450
 -82.718  -30.458       3.9450
 -82.718  -26.022       3.9450
 -82.718  -21.586       3.9450
 -82.718  -17.150       3.9450
 -82.718  -12.714       3.9450
 -82.718   -8.278       3.9450
 -82.718   -3.842       3.1186
 -82.718    0.593       2.1591
 -82.718    5.029       1.0811
 -82.718    9.465       0.7517
 -82.718   13.901       1.3179
 -82.718   18.337       2.5723
 -82.718   22.773       3.9450
 -82.718   27.209       3.9450
 -82.718   31.645       3.9450
 -82.718   36.081       3.5318
 -82.718   40.517       1.7765
 -82.718   44.953       2.4636
 -82.718   49.389       3.9450
 -82.718   53.825       3.9450
 -82.718   58.261       3.9450
 -82.718   62.697       3.9450
 -82.718   67.133       3.9450
 -82.718   71.569       3.9450
 -82.718   76.005       3.9450
 -82.718   80.441       3.9450
 -82.718   84.877       3.9450
 -82.718   89.313       3.9450
 -82.718   93.749       3.9450
 -82.718   98.185       3.9450
 -82.718  102.621       2.5723
 -82.718  107.057       1.9585
 -82.718  111.492       2.7054
 -82.718  115.928       1.5041
 -82.718  120.364       1.5041
 -82.718  124.800       1.5670
 -82.718  129.236       1.4295
 -82.718  133.672       2.1023
 -82.718  138.108       3.9450
 -82.718  142.544       3.9450
 -82.718  146.980       3.9450
 -82.718  151.416       3.9450
 -82.718  155.852       3.9450
 -82.718  160.288       3.9450
 -82.718  164.724       3.9450
 -82.718  169.160       1.9174
 -82.718  173.596       1.2624
 -82.718  178.032       1.4295
 -82.718  182.468       1.2365
 -82.718  186.904       0.9906
 -82.718  191.340       0.8903
 -82.718  195.776       1.1537
 -82.718  200.212       1.4473
 -82.718  204.648       1.4473
 -82.718  209.084       0.8297
 -82.718  213.520       0.7135
 -82.718  217.956       1.1649
 -82.718  222.391       1.1321
 -82.718  226.827       0.8903
 -82.718  231.263       0.9047
 -82.718  235.699       1.1996
 -82.718  240.135       1.2493
 -82.718  244.571       0.7630
 -82.718  249.007       0.6300
 -82.718  253.443       1.1215
 -82.718  257.879       1.3036
 -82.718  262.315       1.3955
 -82.718  266.751       1.2493
 -82.718  271.187       2.3717
 -77.732 -167.973       3.9450
 -77.732 -163.537       3.9450
 -77.732 -159.101       3.9450
 -77.732 -154.665       3.9450
 -77.732 -150.229       3.9450
 -77.732 -145.793       3.9450
 -77.732 -141.357       3.9450
 -77.732 -136.921       3.9450
 -77.732 -132.485       3.9450
 -77.732 -128.049       3.9450
 -77.732 -123.613       3.9450
 -77.732 -119.177       3.9450
 -77.732 -114.741       3.9450
 -77.732 -110.306       3.9450
 -77.732 -105.870       3.9450
 -77.732 -101.434       3.9450
 -77.732  -96.998       3.9450
 -77.732  -92.562       3.9450
 -77.732  -88.126       3.9450
 -77.732  -83.690       3.9450
 -77.732  -79.254       3.9450
 -77.732  -74.818       3.9450
 -77.732  -70.382       3.9450
 -77.732  -65.946       3.9450
 -77.732  -61.510       3.9450
 -77.732  -57.074       3.9450
 -77.732  -52.638       3.9450
 -77.732  -48.202       3.9450
 -77.732  -43.766       3.9450
 -77.732  -39.330       3.9450
 -77.732  -34.894       3.9450
 -77.732  -30.458       3.9450
 -77.732  -26.022       3.9450
 -77.732  -21.586       3.9450
 -77.732  -17.150       3.9450
 -77.732  -12.714       3.9450
 -77.732   -8.278       3.9450
 -77.732   -3.842       2.0027
 -77.732    0.593       1.5244
 -77.732    5.029       1.1009
 -77.732    9.465       1.0909
 -77.732   13.901       2.7054
 -77.732   18.337       3.9450
 -77.732   22.773       3.9450
 -77.732   27.209       3.9450
 -77.732   31.645       3.9450
 -77.732   36.081       3.9450
 -77.732   40.517       3.9450
 -77.732   44.953       3.9450
 -77.732   49.389       3.9450
 -77.732   53.825       3.9450
 -77.732   58.261       3.9450
 -77.732   62.697       3.9450
 -77.732   67.133       3.9450
 -77.732   71.569       3.9450
 -77.732   76.005       3.9450
 -77.732   80.441       3.9450
 -77.732   84.877       3.9450
 -77.732   89.313       3.9450
 -77.732   93.749       3.9450
 -77.732   98.185       3.5318
 -77.732  102.621       2.7054
 -77.732  107.057       2.2921
 -77.732  111.492       2.0027
 -77.732  115.928       1.8087
 -77.732  120.364       1.8789
 -77.732  124.800       1.9585
 -77.732  129.236       1.9174
 -77.732  133.672       2.4636
 -77.732  138.108       3.5318
 -77.732  142.544       3.5318
 -77.732  146.980       2.3717
 -77.732  151.416       2.2921
 -77.732  155.852       3.5318
 -77.732  160.288       2.7054
 -77.732  164.724       2.8769
 -77.732  169.160       1.6626
 -77.732  173.596       1.4473
 -77.732  178.032       1.3179
 -77.732  182.468       1.2117
 -77.732  186.904       1.3632
 -77.732  191.340       1.0714
 -77.732  195.776       1.2365
 -77.732  200.212       0.8763
 -77.732  204.648       1.1762
 -77.732  209.084       0.9422
 -77.732  213.520       0.7630
 -77.732  217.956       1.1009
 -77.732  222.391       1.3791
 -77.732  226.827       1.1321
 -77.732  231.263       1.1878
 -77.732  235.699       1.2365
 -77.732  240.135       0.9740
 -77.732  244.571       0.7630
 -77.732  249.007       0.7984
 -77.732  253.443       1.5041
 -77.732  257.879       1.3791
 -77.732  262.315       1.4846
 -77.732  266.751       1.6891
 -77.732  271.187       1.9174
 -72.746 -167.973       3.9450
 -72.746 -163.537       3.9450
 -72.746 -159.101       3.9450
 -72.746 -154.665       3.9450
 -72.746 -150.229       3.9450
 -72.746 -145.793       3.9450
 -72.746 -141.357       3.9450
 -72.746 -136.921       3.9450
 -72.746 -132.485       3.9450
 -72.746 -128.049       3.9450
 -72.746 -123.613       3.9450
 -72.746 -119.177       3.9450
 -72.746 -114.741       3.9450
 -72.746 -110.306       3.9450
 -72.746 -105.870       3.9450
 -72.746 -101.434       3.9450
 -72.746  -96.998       3.9450
 -72.746  -92.562       3.9450
 -72.746  -88.126       3.9450
 -72.746  -83.690       3.9450
 -72.746  -79.254       3.9450
 -72.746  -74.818       3.9450
 -72.746  -70.382       3.9450
 -72.746  -65.946       3.9450
 -72.746  -61.510       3.9450
 -72.746  -57.074       3.9450
 -72.746  -52.638       3.9450
 -72.746  -48.202       3.9450
 -72.746  -43.766       3.9450
 -72.746  -39.330       3.9450
 -72.746  -34.894       3.9450
 -72.746  -30.458       3.9450
 -72.746  -26.022       3.9450
 -72.746  -21.586       3.9450
 -72.746  -17.150       3.9450
 -72.746  -12.714       3.9450
 -72.746   -8.278       1.6372
 -72.746   -3.842       1.2624
 -72.746    0.593       1.1009
 -72.746    5.029       1.7168
 -72.746    9.465       3.5318
 -72.746   13.901       3.9450
 -72.746   18.337       3.9450
 -72.746   22.773       3.9450
 -72.746   27.209       3.9450
 -72.746   31.645       3.9450
 -72.746   36.081       3.9450
 -72.746   40.517       3.9450
 -72.746   44.953       3.9450
 -72.746   49.389       3.9450
 -72.746   53.825       3.9450
 -72.746   58.261       3.9450
 -72.746   62.697       3.9450
 -72.746   67.133       3.9450
 -72.746   71.569       3.9450
 -72.746   76.005       3.9450
 -72.746   80.441       3.9450
 -72.746   84.877       3.9450
 -72.746   89.313       3.9450
 -72.746   93.749       3.9450
 -72.746   98.185       3.9450
 -72.746  102.621       3.5318
 -72.746  107.057       2.7054
 -72.746  111.492       1.9585
 -72.746  115.928       2.2219
 -72.746  120.364       2.1023
 -72.746  124.800       1.9174
 -72.746  129.236       1.5895
 -72.746  133.672       1.9174
 -72.746  138.108       3.5318
 -72.746  142.544       2.7054
 -72.746  146.980       1.9174
 -72.746  151.416       1.6626
 -72.746  155.852       1.8789
 -72.746  160.288       2.3717
 -72.746  164.724       1.7765
 -72.746  169.160       1.9585
 -72.746  173.596       1.3955
 -72.746  178.032       1.2493
 -72.746  182.468       1.2117
 -72.746  186.904       1.4473
 -72.746  191.340       1.4473
 -72.746  195.776       0.9990
 -72.746  200.212       0.8361
 -72.746  204.648       0.8045
 -72.746  209.084       0.8903
 -72.746  213.520       0.9906
 -72.746  217.956       0.9579
 -72.746  222.391       1.1878
 -72.746  226.827       0.8903
 -72.746  231.263       1.4295
 -72.746  235.699       1.3791
 -72.746  240.135       1.1009
 -72.746  244.571       0.7864
 -72.746  249.007       0.8975
 -72.746  253.443       1.4657
 -72.746  257.879       1.5041
 -72.746  262.315       1.4657
 -72.746  266.751       2.0027
 -72.746  271.187       2.8769
 -67.760 -167.973       3.9450
 -67.760 -163.537       3.9450
 -67.760 -159.101       3.9450
 -67.760 -154.665       3.9450
 -67.760 -150.229       3.9450
 -67.760 -145.793       3.9450
 -67.760 -141.357       3.9450
 -67.760 -136.921       3.9450
 -67.760 -132.485       3.9450
 -67.760 -128.049       3.9450
 -67.760 -123.613       3.9450
 -67.760 -119.177       3.9450
 -67.760 -114.741       3.9450
 -67.760 -110.306       3.9450
 -67.760 -105.870       3.9450
 -67.760 -101.434       3.9450
 -67.760  -96.998       3.9450
 -67.760  -92.562       3.9450
 -67.760  -88.126       3.9450
 -67.760  -83.690       3.9450
 -67.760  -79.254       3.9450
 -67.760  -74.818       3.9450
 -67.760  -70.382       3.9450
 -67.760  -65.946       3.9450
 -67.760  -61.510       3.9450
 -67.760  -57.074       3.9450
 -67.760  -52.638       3.9450
 -67.760  -48.202       3.9450
 -67.760  -43.766       3.9450
 -67.760  -39.330       3.9450
 -67.760  -34.894       3.9450
 -67.760  -30.458       3.9450
 -67.760  -26.022       3.9450
 -67.760  -21.586       3.9450
 -67.760  -17.150       3.9450
 -67.760  -12.714       1.6891
 -67.760   -8.278       0.8426
 -67.760   -3.842       0.4988
 -67.760    0.593       0.9906
 -67.760    5.029       3.1186
 -67.760    9.465       3.9450
 -67.760   13.901       3.9450
 -67.760   18.337       3.9450
 -67.760   22.773       3.9450
 -67.760   27.209       3.9450
 -67.760   31.645       3.9450
 -67.760   36.081       3.9450
 -67.760   40.517       3.9450
 -67.760   44.953       3.9450
 -67.760   49.389       3.9450
 -67.760   53.825       3.9450
 -67.760   58.261       3.9450
 -67.760   62.697       3.9450
 -67.760   67.133       3.9450
 -67.760   71.569       3.9450
 -67.760   76.005       3.9450
 -67.760   80.441       3.9450
 -67.760   84.877       3.9450
 -67.760   89.313       3.9450
 -67.760   93.749       3.9450
 -67.760   98.185       3.9450
 -67.760  102.621       3.9450
 -67.760  107.057       2.7054
 -67.760  111.492       2.2219
 -67.760  115.928       2.1023
 -67.760  120.364       3.1186
 -67.760  124.800       2.7054
 -67.760  129.236       1.6372
 -67.760  133.672       1.9585
 -67.760  138.108       2.7054
 -67.760  142.544       3.1186
 -67.760  146.980       2.0027
 -67.760  151.416       2.0027
 -67.760  155.852       2.2219
 -67.760  160.288       3.1186
 -67.760  164.724       1.8087
 -67.760  169.160       1.9174
 -67.760  173.596       1.2624
 -67.760  178.032       1.2624
 -67.760  182.468       1.0811
 -67.760  186.904       1.1762
 -67.760  191.340       1.1009
 -67.760  195.776       1.0163
 -67.760  200.212       1.0076
 -67.760  204.648       0.9345
 -67.760  209.084       1.0251
 -67.760  213.520       1.3326
 -67.760  217.956       1.1428
 -67.760  222.391       1.0524
 -67.760  226.827       1.0251
 -67.760  231.263       1.2758
 -67.760  235.699       1.1428
 -67.760  240.135       1.4473
 -67.760  244.571       1.1009
 -67.760  249.007       0.7924
 -67.760  253.443       1.1537
 -67.760  257.879       1.3632
 -67.760  262.315       1.5244
 -67.760  266.751       1.8087
 -67.760  271.187       2.4636
 -62.774 -167.973       3.9450
 -62.774 -163.537       3.9450
 -62.774 -159.101       3.9450
 -62.774 -154.665       3.9450
 -62.774 -150.229       3.9450
 -62.774 -145.793       3.9450
 -62.774 -141.357       3.9450
 -62.774 -136.921       3.9450
 -62.774 -132.485       3.9450
 -62.774 -128.049       3.9450
 -62.774 -123.613       3.9450
 -62.774 -119.177       3.9450
 -62.774 -114.741       3.9450
 -62.774 -110.306       3.9450
 -62.774 -105.870       3.9450
 -62.774 -101.434       3.9450
 -62.774  -96.998       3.9450
 -62.774  -92.562       3.9450
 -62.774  -88.126       3.9450
 -62.774  -83.690       3.9450
 -62.774  -79.254       3.9450
 -62.774  -74.818       3.9450
 -62.774  -70.382       3.9450
 -62.774  -65.946       3.9450
 -62.774  -61.510       3.9450
 -62.774  -57.074       3.9450
 -62.774  -52.638       3.9450
 -62.774  -48.202       3.9450
 -62.774  -43.766       3.9450
 -62.774  -39.330       3.9450
 -62.774  -34.894       3.9450
 -62.774  -30.458       3.9450
 -62.774  -26.022       3.1186
 -62.774  -21.586       2.8769
 -62.774  -17.150       1.6891
 -62.774  -12.714       0.8492
 -62.774   -8.278       0.3975
 -62.774   -3.842       0.3109
 -62.774    0.593       1.3036
 -62.774    5.029       3.9450
 -62.774    9.465       3.9450
 -62.774   13.901       3.9450
 -62.774   18.337       3.9450
 -62.774   22.773       3.9450
 -62.774   27.209       3.9450
 -62.774   31.645       3.9450
 -62.774   36.081       3.9450
 -62.774   40.517       3.9450
 -62.774   44.953       3.9450
 -62.774   49.389       3.9450
 -62.774   53.825       3.9450
 -62.774   58.261       3.9450
 -62.774   62.697       3.9450
 -62.774   67.133       3.9450
 -62.774   71.569       3.9450
 -62.774   76.005       3.9450
 -62.774   80.441       3.9450
 -62.774   84.877       3.9450
 -62.774   89.313       3.9450
 -62.774   93.749       3.9450
 -62.774   98.185       3.9450
 -62.774  102.621       3.9450
 -62.774  107.057       3.9450
 -62.774  111.492       3.9450
 -62.774  115.928       3.9450
 -62.774  120.364       3.9450
 -62.774  124.800       2.2921
 -62.774  129.236       2.1023
 -62.774  133.672       1.7765
 -62.774  138.108       1.8087
 -62.774  142.544       2.2219
 -62.774  146.980       2.2219
 -62.774  151.416       2.7054
 -62.774  155.852       2.7054
 -62.774  160.288       3.9450
 -62.774  164.724       2.1591
 -62.774  169.160       2.0504
 -62.774  173.596       1.4295
 -62.774  178.032       1.2240
 -62.774  182.468       0.8694
 -62.774  186.904       0.7461
 -62.774  191.340       0.8492
 -62.774  195.776       0.8559
 -62.774  200.212       1.1649
 -62.774  204.648       0.9659
 -62.774  209.084       1.0524
 -62.774  213.520       1.1537
 -62.774  217.956       1.1009
 -62.774  222.391       0.9659
 -62.774  226.827       0.9047
 -62.774  231.263       0.8833
 -62.774  235.699       0.9422
 -62.774  240.135       0.8763
 -62.774  244.571       0.7805
 -62.774  249.007       0.8833
 -62.774  253.443       1.0251
 -62.774  257.879       1.3179
 -62.774  262.315       1.3632
 -62.774  266.751       1.6128
 -62.774  271.187       2.5723
 -57.788 -167.973       3.9450
 -57.788 -163.537       3.9450
 -57.788 -159.101       3.9450
 -57.788 -154.665       3.9450
 -57.788 -150.229       3.9450
 -57.788 -145.793       3.9450
 -57.788 -141.357       3.9450
 -57.788 -136.921       3.9450
 -57.788 -132.485       3.9450
 -57.788 -128.049       3.9450
 -57.788 -123.613       3.9450
 -57.788 -119.177       3.9450
 -57.788 -114.741       3.9450
 -57.788 -110.306       3.9450
 -57.788 -105.870       3.9450
 -57.788 -101.434       3.9450
 -57.788  -96.998       3.9450
 -57.788  -92.562       3.9450
 -57.788  -88.126       3.9450
 -57.788  -83.690       3.9450
 -57.788  -79.254       3.9450
 -57.788  -74.818       3.9450
 -57.788  -70.382       3.9450
 -57.788  -65.946       3.9450
 -57.788  -61.510       3.9450
 -57.788  -57.074       3.9450
 -57.788  -52.638       3.9450
 -57.788  -48.202       3.9450
 -57.788  -43.766       3.9450
 -57.788  -39.330       3.9450
 -57.788  -34.894       3.9450
 -57.788  -30.458       3.9450
 -57.788  -26.022       2.2921
 -57.788  -21.586       0.9822
 -57.788  -17.150       0.5175
 -57.788  -12.714       0.4327
 -57.788   -8.278       0.6075
 -57.788   -3.842       1.3326
 -57.788    0.593       3.1186
 -57.788    5.029       3.9450
 -57.788    9.465       3.9450
 -57.788   13.901       3.9450
 -57.788   18.337       3.9450
 -57.788   22.773       3.9450
 -57.788   27.209       3.9450
 -57.788   31.645       3.9450
 -57.788   36.081       3.9450
 -57.788   40.517       3.9450
 -57.788   44.953       3.9450
 -57.788   49.389       3.9450
 -57.788   53.825       3.9450
 -57.788   58.261       3.9450
 -57.788   62.697       3.9450
 -57.788   67.133       3.9450
 -57.788   71.569       3.9450
 -57.788   76.005       3.9450
 -57.788   80.441       3.9450
 -57.788   84.877       3.9450
 -57.788   89.313       3.9450
 -57.788   93.749       3.9450
 -57.788   98.185       3.9450
 -57.788  102.621       3.9450
 -57.788  107.057       3.9450
 -57.788  111.492       3.9450
 -57.788  115.928       3.9450
 -57.788  120.364       3.9450
 -57.788  124.800       3.1186
 -57.788  129.236       2.8769
 -57.788  133.672       1.5244
 -57.788  138.108       1.5453
 -57.788  142.544       2.3717
 -57.788  146.980       2.5723
 -57.788  151.416       2.8769
 -57.788  155.852       3.9450
 -57.788  160.288       3.5318
 -57.788  164.724       2.4636
 -57.788  169.160       1.7765
 -57.788  173.596       1.3632
 -57.788  178.032       1.1649
 -57.788  182.468       0.9047
 -57.788  186.904       0.6119
 -57.788  191.340       0.7242
 -57.788  195.776       0.9579
 -57.788  200.212       1.0432
 -57.788  204.648       0.8694
 -57.788  209.084       0.9047
 -57.788  213.520       1.1996
 -57.788  217.956       1.0163
 -57.788  222.391       0.9822
 -57.788  226.827       0.9120
 -57.788  231.263       0.8361
 -57.788  235.699       0.7188
 -57.788  240.135       0.4736
 -57.788  244.571       0.6827
 -57.788  249.007       0.8361
 -57.788  253.443       0.9120
 -57.788  257.879       0.7630
 -57.788  262.315       1.0341
 -57.788  266.751       1.4846
 -57.788  271.187       2.2921
 -52.802 -167.973       3.9450
 -52.802 -163.537       3.9450
 -52.802 -159.101       3.9450
 -52.802 -154.665       3.9450
 -52.802 -150.229       3.9450
 -52.802 -145.793       3.9450
 -52.802 -141.357       3.9450
 -52.802 -136.921       3.9450
 -52.802 -132.485       3.9450
 -52.802 -128.049       3.9450
 -52.802 -123.613       3.9450
 -52.802 -119.177       3.9450
 -52.802 -114.741       3.9450
 -52.802 -110.306       3.9450
 -52.802 -105.870       3.9450
 -52.802 -101.434       3.9450
 -52.802  -96.998       3.9450
 -52.802  -92.562       3.9450
 -52.802  -88.126       3.9450
 -52.802  -83.690       3.9450
 -52.802  -79.254       3.9450
 -52.802  -74.818       3.9450
 -52.802  -70.382       3.9450
 -52.802  -65.946       3.9450
 -52.802  -61.510       3.9450
 -52.802  -57.074       3.9450
 -52.802  -52.638       3.9450
 -52.802  -48.202       3.9450
 -52.802  -43.766       3.9450
 -52.802  -39.330       3.9450
 -52.802  -34.894       3.9450
 -52.802  -30.458       2.8769
 -52.802  -26.022       1.2240
 -52.802  -21.586       0.4132
 -52.802  -17.150       0.1599
 -52.802  -12.714       0.2401
 -52.802   -8.278       1.0714
 -52.802   -3.842       2.2921
 -52.802    0.593       3.9450
 -52.802    5.029       3.9450
 -52.802    9.465       3.9450
 -52.802   13.901       3.9450
 -52.802   18.337       3.9450
 -52.802   22.773       3.9450
 -52.802   27.209       3.9450
 -52.802   31.645       3.9450
 -52.802   36.081       3.9450
 -52.802   40.517       3.9450
 -52.802   44.953       3.9450
 -52.802   49.389       3.9450
 -52.802   53.825       3.9450
 -52.802   58.261       3.9450
 -52.802   62.697       3.9450
 -52.802   67.133       3.9450
 -52.802   71.569       3.9450
 -52.802   76.005       3.9450
 -52.802   80.441       3.9450
 -52.802   84.877       3.9450
 -52.802   89.313       3.9450
 -52.802   93.749       3.9450
 -52.802   98.185       3.9450
 -52.802  102.621       3.9450
 -52.802  107.057       3.9450
 -52.802  111.492       3.9450
 -52.802  115.928       3.9450
 -52.802  120.364       3.9450
 -52.802  124.800       2.7054
 -52.802  129.236       1.7765
 -52.802  133.672       1.3632
 -52.802  138.108       1.8428
 -52.802  142.544       2.0504
 -52.802  146.980       2.2921
 -52.802  151.416       3.1186
 -52.802  155.852       2.5723
 -52.802  160.288       2.0027
 -52.802  164.724       1.5895
 -52.802  169.160       1.1762
 -52.802  173.596       1.1111
 -52.802  178.032       0.7984
 -52.802  182.468       0.6827
 -52.802  186.904       0.4842
 -52.802  191.340       0.7688
 -52.802  195.776       0.7461
 -52.802  200.212       0.7573
 -52.802  204.648       0.8833
 -52.802  209.084       1.0524
 -52.802  213.520       1.1321
 -52.802  217.956       1.2758
 -52.802  222.391       1.5041
 -52.802  226.827       0.9740
 -52.802  231.263       0.7188
 -52.802  235.699       0.6209
 -52.802  240.135       0.4132
 -52.802  244.571       0.6827
 -52.802  249.007       0.8361
 -52.802  253.443       0.9120
 -52.802  257.879       0.5858
 -52.802  262.315       0.8361
 -52.802  266.751       1.7168
 -52.802  271.187       3.1186
 -47.816 -167.973       3.9450
 -47.816 -163.537       3.9450
 -47.816 -159.101       3.9450
 -47.816 -154.665       3.9450
 -47.816 -150.229       3.9450
 -47.816 -145.793       3.9450
 -47.816 -141.357       3.9450
 -47.816 -136.921       3.9450
 -47.816 -132.485       3.9450
 -47.816 -128.049       3.9450
 -47.816 -123.613       3.9450
 -47.816 -119.177       3.9450
 -47.816 -114.741       3.9450
 -47.816 -110.306       3.9450
 -47.816 -105.870       3.9450
 -47.816 -101.434       3.9450
 -47.816  -96.998       3.9450
 -47.816  -92.562       3.9450
 -47.816  -88.126       3.9450
 -47.816  -83.690       3.9450
 -47.816  -79.254       3.9450
 -47.816  -74.818       3.9450
 -47.816  -70.382       3.9450
 -47.816  -65.946       3.9450
 -47.816  -61.510       3.9450
 -47.816  -57.074       3.9450
 -47.816  -52.638       3.9450
 -47.816  -48.202       3.9450
 -47.816  -43.766       3.5318
 -47.816  -39.330       3.9450
 -47.816  -34.894       3.9450
 -47.816  -30.458       1.7459
 -47.816  -26.022       0.6928
 -47.816  -21.586       0.3356
 -47.816  -17.150       0.5608
 -47.816  -12.714       0.9120
 -47.816   -8.278       2.1591
 -47.816   -3.842       3.9450
 -47.816    0.593       3.9450
 -47.816    5.029       3.9450
 -47.816    9.465       3.9450
 -47.816   13.901       3.9450
 -47.816   18.337       3.9450
 -47.816   22.773       3.9450
 -47.816   27.209       3.9450
 -47.816   31.645       3.9450
 -47.816   36.081       3.9450
 -47.816   40.517       3.9450
 -47.816   44.953       3.9450
 -47.816   49.389       3.9450
 -47.816   53.825       3.9450
 -47.816   58.261       3.9450
 -47.816   62.697       3.9450
 -47.816   67.133       3.9450
 -47.816   71.569       3.9450
 -47.816   76.005       3.9450
 -47.816   80.441       3.9450
 -47.816   84.877       3.9450
 -47.816   89.313       3.9450
 -47.816   93.749       3.9450
 -47.816   98.185       3.9450
 -47.816  102.621       3.9450
 -47.816  107.057       3.9450
 -47.816  111.492       3.9450
 -47.816  115.928       3.9450
 -47.816  120.364       3.9450
 -47.816  124.800       3.9450
 -47.816  129.236       2.0027
 -47.816  133.672       1.8087
 -47.816  138.108       1.6372
 -47.816  142.544       1.8428
 -47.816  146.980       3.5318
 -47.816  151.416       2.7054
 -47.816  155.852       1.4657
 -47.816  160.288       1.7168
 -47.816  164.724       0.9822
 -47.816  169.160       1.0432
 -47.816  173.596       0.9194
 -47.816  178.032       0.6581
 -47.816  182.468       0.5407
 -47.816  186.904       0.6827
 -47.816  191.340       0.4915
 -47.816  195.776       0.7242
 -47.816  200.212       1.0251
 -47.816  204.648       0.9822
 -47.816  209.084       0.8426
 -47.816  213.520       1.3477
 -47.816  217.956       1.3632
 -47.816  222.391       1.2895
 -47.816  226.827       1.3326
 -47.816  231.263       0.8694
 -47.816  235.699       0.7031
 -47.816  240.135       0.6777
 -47.816  244.571       0.6119
 -47.816  249.007       0.6928
 -47.816  253.443       0.5987
 -47.816  257.879       0.6075
 -47.816  262.315       0.9906
 -47.816  266.751       2.2219
 -47.816  271.187       3.9450
 -42.830 -167.973       3.9450
 -42.830 -163.537       3.9450
 -42.830 -159.101       3.9450
 -42.830 -154.665       3.9450
 -42.830 -150.229       3.9450
 -42.830 -145.793       3.9450
 -42.830 -141.357       3.9450
 -42.830 -136.921       3.9450
 -42.830 -132.485       3.9450
 -42.830 -128.049       3.9450
 -42.830 -123.613       3.9450
 -42.830 -119.177       3.9450
 -42.830 -114.741       3.9450
 -42.830 -110.306       3.9450
 -42.830 -105.870       3.9450
 -42.830 -101.434       3.9450
 -42.830  -96.998       3.9450
 -42.830  -92.562       3.9450
 -42.830  -88.126       3.9450
 -42.830  -83.690       3.9450
 -42.830  -79.254       3.9450
 -42.830  -74.818       3.9450
 -42.830  -70.382       3.9450
 -42.830  -65.946       3.9450
 -42.830  -61.510       3.9450
 -42.830  -57.074       3.9450
 -42.830  -52.638       2.8769
 -42.830  -48.202       1.3179
 -42.830  -43.766       1.4657
 -42.830  -39.330       2.7054
 -42.830  -34.894       2.3717
 -42.830  -30.458       0.9659
 -42.830  -26.022       0.8233
 -42.830  -21.586       0.9345
 -42.830  -17.150       1.9585
 -42.830  -12.714       3.5318
 -42.830   -8.278       3.9450
 -42.830   -3.842       3.9450
 -42.830    0.593       3.9450
 -42.830    5.029       3.9450
 -42.830    9.465       3.9450
 -42.830   13.901       3.9450
 -42.830   18.337       3.9450
 -42.830   22.773       3.9450
 -42.830   27.209       3.9450
 -42.830   31.645       3.9450
 -42.830   36.081       3.9450
 -42.830   40.517       3.9450
 -42.830   44.953       3.9450
 -42.830   49.389       3.9450
 -42.830   53.825       3.9450
 -42.830   58.261       3.9450
 -42.830   62.697       3.9450
 -42.830   67.133       3.9450
 -42.830   71.569       3.9450
 -42.830   76.005       3.9450
 -42.830   80.441       3.9450
 -42.830   84.877       3.9450
 -42.830   89.313       3.9450
 -42.830   93.749       3.9450
 -42.830   98.185       3.9450
 -42.830  102.621       3.9450
 -42.830  107.057       3.9450
 -42.830  111.492       3.9450
 -42.830  115.928       3.5318
 -42.830  120.364       3.5318
 -42.830  124.800       3.9450
 -42.830  129.236       3.1186
 -42.830  133.672       2.2921
 -42.830  138.108       2.1023
 -42.830  142.544       1.8789
 -42.830  146.980       2.2921
 -42.830  151.416       1.5244
 -42.830  155.852       1.3477
 -42.830  160.288       1.2895
 -42.830  164.724       0.9269
 -42.830  169.160       1.2240
 -42.830  173.596       1.1009
 -42.830  178.032       0.8361
 -42.830  182.468       0.7688
 -42.830  186.904       0.7135
 -42.830  191.340       0.5368
 -42.830  195.776       0.6209
 -42.830  200.212       0.9659
 -42.830  204.648       1.1009
 -42.830  209.084       1.2240
 -42.830  213.520       1.3477
 -42.830  217.956       1.1537
 -42.830  222.391       0.8559
 -42.830  226.827       0.9579
 -42.830  231.263       1.1428
 -42.830  235.699       0.8626
 -42.830  240.135       0.6877
 -42.830  244.571       0.7350
 -42.830  249.007       0.8903
 -42.830  253.443       1.0163
 -42.830  257.879       0.9194
 -42.830  262.315       1.0618
 -42.830  266.751       2.3717
 -42.830  271.187       3.9450
 -37.844 -167.973       3.9450
 -37.844 -163.537       3.9450
 -37.844 -159.101       3.9450
 -37.844 -154.665       3.9450
 -37.844 -150.229       3.9450
 -37.844 -145.793       3.9450
 -37.844 -141.357       3.9450
 -37.844 -136.921       3.9450
 -37.844 -132.485       3.9450
 -37.844 -128.049       3.9450
 -37.844 -123.613       3.9450
 -37.844 -119.177       3.9450
 -37.844 -114.741       3.9450
 -37.844 -110.306       3.9450
 -37.844 -105.870       3.9450
 -37.844 -101.434       3.9450
 -37.844  -96.998       3.9450
 -37.844  -92.562       3.9450
 -37.844  -88.126       3.9450
 -37.844  -83.690       3.9450
 -37.844  -79.254       3.9450
 -37.844  -74.818       3.9450
 -37.844  -70.382       3.9450
 -37.844  -65.946       3.9450
 -37.844  -61.510       3.9450
 -37.844  -57.074       2.1591
 -37.844  -52.638       1.1111
 -37.844  -48.202       0.8107
 -37.844  -43.766       0.9659
 -37.844  -39.330       1.6372
 -37.844  -34.894       1.5670
 -37.844  -30.458       1.3632
 -37.844  -26.022       1.7459
 -37.844  -21.586       2.5723
 -37.844  -17.150       3.9450
 -37.844  -12.714       3.9450
 -37.844   -8.278       3.9450
 -37.844   -3.842       3.9450
 -37.844    0.593       3.9450
 -37.844    5.029       3.9450
 -37.844    9.465       3.9450
 -37.844   13.901       3.9450
 -37.844   18.337       3.9450
 -37.844   22.773       3.9450
 -37.844   27.209       3.9450
 -37.844   31.645       3.9450
 -37.844   36.081       3.9450
 -37.844   40.517       3.9450
 -37.844   44.953       3.9450
 -37.844   49.389       3.9450
 -37.844   53.825       3.9450
 -37.844   58.261       3.9450
 -37.844   62.697       3.9450
 -37.844   67.133       3.9450
 -37.844   71.569       3.9450
 -37.844   76.005       3.9450
 -37.844   80.441       3.9450
 -37.844   84.877       3.9450
 -37.844   89.313       3.9450
 -37.844   93.749       3.9450
 -37.844   98.185       3.9450
 -37.844  102.621       3.9450
 -37.844  107.057       3.9450
 -37.844  111.492       2.7054
 -37.844  115.928       1.9174
 -37.844  120.364       2.1591
 -37.844  124.800       3.5318
 -37.844  129.236       3.9450
 -37.844  133.672       2.7054
 -37.844  138.108       1.9174
 -37.844  142.544       1.6626
 -37.844  146.980       1.7459
 -37.844  151.416       1.1428
 -37.844  155.852       1.0524
 -37.844  160.288       1.1215
 -37.844  164.724       1.1215
 -37.844  169.160       1.0163
 -37.844  173.596       0.8297
 -37.844  178.032       0.8975
 -37.844  182.468       0.9579
 -37.844  186.904       0.6254
 -37.844  191.340       0.5773
 -37.844  195.776       0.6678
 -37.844  200.212       1.0076
 -37.844  204.648       0.9579
 -37.844  209.084       1.2117
 -37.844  213.520       1.1762
 -37.844  217.956       0.7805
 -37.844  222.391       0.7924
 -37.844  226.827       0.9269
 -37.844  231.263       1.5453
 -37.844  235.699       1.0251
 -37.844  240.135       0.7746
 -37.844  244.571       0.9345
 -37.844  249.007       0.7864
 -37.844  253.443       1.1537
 -37.844  257.879       1.1878
 -37.844  262.315       1.2240
 -37.844  266.751       1.7765
 -37.844  271.187       3.9450
 -32.858 -167.973       3.9450
 -32.858 -163.537       3.9450
 -32.858 -159.101       3.9450
 -32.858 -154.665       3.9450
 -32.858 -150.229       3.9450
 -32.858 -145.793       3.9450
 -32.858 -141.357       3.9450
 -32.858 -136.921       3.9450
 -32.858 -132.485       3.9450
 -32.858 -128.049       3.9450
 -32.858 -123.613       3.9450
 -32.858 -119.177       3.9450
 -32.858 -114.741       3.9450
 -32.858 -110.306       3.9450
 -32.858 -105.870       3.9450
 -32.858 -101.434       3.9450
 -32.858  -96.998       3.9450
 -32.858  -92.562       3.9450
 -32.858  -88.126       3.9450
 -32.858  -83.690       3.9450
 -32.858  -79.254       3.9450
 -32.858  -74.818       3.9450
 -32.858  -70.382       3.9450
 -32.858  -65.946       3.9450
 -32.858  -61.510       3.9450
 -32.858  -57.074       2.3717
 -32.858  -52.638       1.5244
 -32.858  -48.202       1.3477
 -32.858  -43.766       1.9174
 -32.858  -39.330       3.1186
 -32.858  -34.894       2.8769
 -32.858  -30.458       3.1186
 -32.858  -26.022       3.1186
 -32.858  -21.586       3.9450
 -32.858  -17.150       3.9450
 -32.858  -12.714       3.9450
 -32.858   -8.278       3.9450
 -32.858   -3.842       3.9450
 -32.858    0.593       3.9450
 -32.858    5.029       3.9450
 -32.858    9.465       3.9450
 -32.858   13.901       3.9450
 -32.858   18.337       3.9450
 -32.858   22.773       3.9450
 -32.858   27.209       3.9450
 -32.858   31.645       3.9450
 -32.858   36.081       3.9450
 -32.858   40.517       3.9450
 -32.858   44.953       3.9450
 -32.858   49.389       3.9450
 -32.858   53.825       3.9450
 -32.858   58.261       3.9450
 -32.858   62.697       3.9450
 -32.858   67.133       3.9450
 -32.858   71.569       3.9450
 -32.858   76.005       3.9450
 -32.858   80.441       3.9450
 -32.858   84.877       3.9450
 -32.858   89.313       3.9450
 -32.858   93.749       3.9450
 -32.858   98.185       3.9450
 -32.858  102.621       3.9450
 -32.858  107.057       3.9450
 -32.858  111.492       2.8769
 -32.858  115.928       1.3955
 -32.858  120.364       1.3632
 -32.858  124.800       2.2219
 -32.858  129.236       2.3717
 -32.858  133.672       1.8789
 -32.858  138.108       1.2117
 -32.858  142.544       1.3632
 -32.858  146.980       1.2895
 -32.858  151.416       1.1321
 -32.858  155.852       1.0076
 -32.858  160.288       1.1762
 -32.858  164.724       1.4846
 -32.858  169.160       0.9990
 -32.858  173.596       1.0163
 -32.858  178.032       1.0341
 -32.858  182.468       0.8107
 -32.858  186.904       0.6300
 -32.858  191.340       0.8297
 -32.858  195.776       1.0909
 -32.858  200.212       1.3179
 -32.858  204.648       1.2240
 -32.858  209.084       0.9422
 -32.858  213.520       1.1215
 -32.858  217.956       1.0811
 -32.858  222.391       0.6827
 -32.858  226.827       0.8297
 -32.858  231.263       1.1878
 -32.858  235.699       1.0076
 -32.858  240.135       0.6534
 -32.858  244.571       0.7296
 -32.858  249.007       1.2365
 -32.858  253.443       1.3632
 -32.858  257.879       1.2117
 -32.858  262.315       1.6626
 -32.858  266.751       2.4636
 -32.858  271.187       3.9450
 -27.872 -167.973       3.9450
 -27.872 -163.537       3.9450
 -27.872 -159.101       3.9450
 -27.872 -154.665       3.9450
 -27.872 -150.229       3.9450
 -27.872 -145.793       3.9450
 -27.872 -141.357       3.9450
 -27.872 -136.921       3.9450
 -27.872 -132.485       3.9450
 -27.872 -128.049       3.9450
 -27.872 -123.613       3.9450
 -27.872 -119.177       3.9450
 -27.872 -114.741       3.9450
 -27.872 -110.306       3.9450
 -27.872 -105.870       3.9450
 -27.872 -101.434       3.9450
 -27.872  -96.998       3.9450
 -27.872  -92.562       3.9450
 -27.872  -88.126       3.9450
 -27.872  -83.690       3.9450
 -27.872  -79.254       3.9450
 -27.872  -74.818       3.9450
 -27.872  -70.382       3.9450
 -27.872  -65.946       3.9450
 -27.872  -61.510       3.9450
 -27.872  -57.074       3.9450
 -27.872  -52.638       3.5318
 -27.872  -48.202       3.9450
 -27.872  -43.766       3.9450
 -27.872  -39.330       3.9450
 -27.872  -34.894       3.9450
 -27.872  -30.458       3.9450
 -27.872  -26.022       3.9450
 -27.872  -21.586       3.9450
 -27.872  -17.150       3.9450
 -27.872  -12.714       3.9450
 -27.872   -8.278       3.9450
 -27.872   -3.842       3.9450
 -27.872    0.593       3.9450
 -27.872    5.029       3.9450
 -27.872    9.465       3.9450
 -27.872   13.901       3.9450
 -27.872   18.337       3.9450
 -27.872   22.773       3.9450
 -27.872   27.209       3.9450
 -27.872   31.645       3.9450
 -27.872   36.081       3.9450
 -27.872   40.517       3.9450
 -27.872   44.953       3.9450
 -27.872   49.389       3.9450
 -27.872   53.825       3.9450
 -27.872   58.261       3.9450
 -27.872   62.697       3.9450
 -27.872   67.133       3.9450
 -27.872   71.569       3.9450
 -27.872   76.005       3.9450
 -27.872   80.441       3.9450
 -27.872   84.877       3.9450
 -27.872   89.313       3.9450
 -27.872   93.749       3.9450
 -27.872   98.185       3.9450
 -27.872  102.621       3.9450
 -27.872  107.057       3.9450
 -27.872  111.492       2.8769
 -27.872  115.928       1.2895
 -27.872  120.364       1.0341
 -27.872  124.800       1.3791
 -27.872  129.236       2.1023
 -27.872  133.672       1.3791
 -27.872  138.108       1.2624
 -27.872  142.544       1.4295
 -27.872  146.980       1.2895
 -27.872  151.416       1.2758
 -27.872  155.852       1.4846
 -27.872  160.288       1.4473
 -27.872  164.724       1.6626
 -27.872  169.160       1.0524
 -27.872  173.596       0.9579
 -27.872  178.032       0.9500
 -27.872  182.468       0.6439
 -27.872  186.904       0.6827
 -27.872  191.340       0.7461
 -27.872  195.776       0.8833
 -27.872  200.212       1.3477
 -27.872  204.648       1.3179
 -27.872  209.084       1.2624
 -27.872  213.520       1.2117
 -27.872  217.956       1.0524
 -27.872  222.391       0.8233
 -27.872  226.827       0.9740
 -27.872  231.263       0.8107
 -27.872  235.699       0.6346
 -27.872  240.135       0.7135
 -27.872  244.571       0.8833
 -27.872  249.007       1.3326
 -27.872  253.443       1.3036
 -27.872  257.879       1.8087
 -27.872  262.315       2.1023
 -27.872  266.751       3.9450
 -27.872  271.187       3.9450
 -22.886 -167.973       3.9450
 -22.886 -163.537       3.9450
 -22.886 -159.101       3.9450
 -22.886 -154.665       3.9450
 -22.886 -150.229       3.9450
 -22.886 -145.793       3.9450
 -22.886 -141.357       3.9450
 -22.886 -136.921       3.9450
 -22.886 -132.485       3.9450
 -22.886 -128.049       3.9450
 -22.886 -123.613       3.9450
 -22.886 -119.177       3.9450
 -22.886 -114.741       3.9450
 -22.886 -110.306       3.9450
 -22.886 -105.870       3.9450
 -22.886 -101.434       3.9450
 -22.886  -96.998       3.9450
 -22.886  -92.562       3.9450
 -22.886  -88.126       3.9450
 -22.886  -83.690       3.9450
 -22.886  -79.254       3.9450
 -22.886  -74.818       3.9450
 -22.886  -70.382       3.9450
 -22.886  -65.946       3.9450
 -22.886  -61.510       3.9450
 -22.886  -57.074       3.9450
 -22.886  -52.638       3.9450
 -22.886  -48.202       3.9450
 -22.886  -43.766       3.9450
 -22.886  -39.330       3.9450
 -22.886  -34.894       3.9450
 -22.886  -30.458       3.9450
 -22.886  -26.022       3.9450
 -22.886  -21.586       3.9450
 -22.886  -17.150       3.9450
 -22.886  -12.714       3.9450
 -22.886   -8.278       3.9450
 -22.886   -3.842       3.9450
 -22.886    0.593       3.9450
 -22.886    5.029       3.9450
 -22.886    9.465       3.9450
 -22.886   13.901       3.9450
 -22.886   18.337       3.9450
 -22.886   22.773       3.9450
 -22.886   27.209       3.9450
 -22.886   31.645       3.9450
 -22.886   36.081       3.9450
 -22.886   40.517       3.9450
 -22.886   44.953       3.9450
 -22.886   49.389       3.9450
 -22.886   53.825       3.9450
 -22.886   58.261       3.9450
 -22.886   62.697       3.9450
 -22.886   67.133       3.9450
 -22.886   71.569       3.9450
 -22.886   76.005       3.9450
 -22.886   80.441       3.9450
 -22.886   84.877       3.9450
 -22.886   89.313       3.9450
 -22.886   93.749       3.9450
 -22.886   98.185       3.9450
 -22.886  102.621       3.9450
 -22.886  107.057       3.9450
 -22.886  111.492       2.2921
 -22.886  115.928       1.5670
 -22.886  120.364       1.3791
 -22.886  124.800       1.8428
 -22.886  129.236       2.0504
 -22.886  133.672       1.5453
 -22.886  138.108       1.8428
 -22.886  142.544       1.4473
 -22.886  146.980       1.2240
 -22.886  151.416       1.0076
 -22.886  155.852       1.4123
 -22.886  160.288       1.7765
 -22.886  164.724       1.5244
 -22.886  169.160       1.0618
 -22.886  173.596       0.8626
 -22.886  178.032       0.9345
 -22.886  182.468       0.6877
 -22.886  186.904       0.7573
 -22.886  191.340       0.7350
 -22.886  195.776       0.7083
 -22.886  200.212       1.6372
 -22.886  204.648       1.3955
 -22.886  209.084       1.3955
 -22.886  213.520       1.0909
 -22.886  217.956       1.0251
 -22.886  222.391       0.7924
 -22.886  226.827       0.7573
 -22.886  231.263       0.7188
 -22.886  235.699       0.6392
 -22.886  240.135       0.6300
 -22.886  244.571       0.8833
 -22.886  249.007       1.2624
 -22.886  253.443       2.8769
 -22.886  257.879       2.5723
 -22.886  262.315       3.9450
 -22.886  266.751       3.9450
 -22.886  271.187       3.9450
 -17.900 -167.973       3.9450
 -17.900 -163.537       3.9450
 -17.900 -159.101       3.9450
 -17.900 -154.665       3.9450
 -17.900 -150.229       3.9450
 -17.900 -145.793       3.9450
 -17.900 -141.357       3.9450
 -17.900 -136.921       3.9450
 -17.900 -132.485       3.9450
 -17.900 -128.049       3.9450
 -17.900 -123.613       3.9450
 -17.900 -119.177       3.9450
 -17.900 -114.741       3.9450
 -17.900 -110.306       3.9450
 -17.900 -105.870       3.9450
 -17.900 -101.434       3.9450
 -17.900  -96.998       3.9450
 -17.900  -92.562       3.9450
 -17.900  -88.126       3.9450
 -17.900  -83.690       3.9450
 -17.900  -79.254       3.9450
 -17.900  -74.818       3.9450
 -17.900  -70.382       3.9450
 -17.900  -65.946       3.9450
 -17.900  -61.510       3.9450
 -17.900  -57.074       3.9450
 -17.900  -52.638       3.9450
 -17.900  -48.202       3.9450
 -17.900  -43.766       3.9450
 -17.900  -39.330       3.9450
 -17.900  -34.894       3.9450
 -17.900  -30.458       3.9450
 -17.900  -26.022       3.9450
 -17.900  -21.586       3.9450
 -17.900  -17.150       3.9450
 -17.900  -12.714       3.9450
 -17.900   -8.278       3.9450
 -17.900   -3.842       3.9450
 -17.900    0.593       3.9450
 -17.900    5.029       3.9450
 -17.900    9.465       3.9450
 -17.900   13.901       3.9450
 -17.900   18.337       3.9450
 -17.900   22.773       3.9450
 -17.900   27.209       3.9450
 -17.900   31.645       3.9450
 -17.900   36.081       3.9450
 -17.900   40.517       3.9450
 -17.900   44.953       3.9450
 -17.900   49.389       3.9450
 -17.900   53.825       3.9450
 -17.900   58.261       3.9450
 -17.900   62.697       3.9450
 -17.900   67.133       3.9450
 -17.900   71.569       3.9450
 -17.900   76.005       3.9450
 -17.900   80.441       3.9450
 -17.900   84.877       3.9450
 -17.900   89.313       3.9450
 -17.900   93.749       3.9450
 -17.900   98.185       3.9450
 -17.900  102.621       3.9450
 -17.900  107.057       2.7054
 -17.900  111.492       1.6626
 -17.900  115.928       2.1591
 -17.900  120.364       2.7054
 -17.900  124.800       1.7765
 -17.900  129.236       1.9585
 -17.900  133.672       1.5244
 -17.900  138.108       1.4473
 -17.900  142.544       1.1111
 -17.900  146.980       0.9906
 -17.900  151.416       1.0909
 -17.900  155.852       1.5453
 -17.900  160.288       1.5041
 -17.900  164.724       1.1537
 -17.900  169.160       0.9047
 -17.900  173.596       1.0163
 -17.900  178.032       1.1649
 -17.900  182.468       0.8426
 -17.900  186.904       0.7188
 -17.900  191.340       0.9120
 -17.900  195.776       1.1878
 -17.900  200.212       1.5453
 -17.900  204.648       1.6372
 -17.900  209.084       2.1591
 -17.900  213.520       1.5895
 -17.900  217.956       1.4473
 -17.900  222.391       0.8361
 -17.900  226.827       0.6777
 -17.900  231.263       0.6534
 -17.900  235.699       0.5816
 -17.900  240.135       0.5649
 -17.900  244.571       0.6979
 -17.900  249.007       1.1537
 -17.900  253.443       2.3717
 -17.900  257.879       3.9450
 -17.900  262.315       3.9450
 -17.900  266.751       3.9450
 -17.900  271.187       3.9450
 -12.914 -167.973       3.9450
 -12.914 -163.537       3.9450
 -12.914 -159.101       3.9450
 -12.914 -154.665       3.9450
 -12.914 -150.229       3.9450
 -12.914 -145.793       3.9450
 -12.914 -141.357       3.9450
 -12.914 -136.921       3.9450
 -12.914 -132.485       3.9450
 -12.914 -128.049       3.9450
 -12.914 -123.613       3.9450
 -12.914 -119.177       3.9450
 -12.914 -114.741       3.9450
 -12.914 -110.306       3.9450
 -12.914 -105.870       3.9450
 -12.914 -101.434       3.9450
 -12.914  -96.998       3.9450
 -12.914  -92.562       3.9450
 -12.914  -88.126       3.9450
 -12.914  -83.690       3.9450
 -12.914  -79.254       3.9450
 -12.914  -74.818       3.9450
 -12.914  -70.382       3.9450
 -12.914  -65.946       3.9450
 -12.914  -61.510       3.9450
 -12.914  -57.074       3.9450
 -12.914  -52.638       3.9450
 -12.914  -48.202       3.9450
 -12.914  -43.766       3.9450
 -12.914  -39.330       3.9450
 -12.914  -34.894       3.9450
 -12.914  -30.458       3.9450
 -12.914  -26.022       3.9450
 -12.914  -21.586       3.9450
 -12.914  -17.150       3.9450
 -12.914  -12.714       3.9450
 -12.914   -8.278       3.9450
 -12.914   -3.842       3.9450
 -12.914    0.593       3.9450
 -12.914    5.029       3.9450
 -12.914    9.465       3.9450
 -12.914   13.901       3.9450
 -12.914   18.337       3.9450
 -12.914   22.773       3.9450
 -12.914   27.209       3.9450
 -12.914   31.645       3.9450
 -12.914   36.081       3.9450
 -12.914   40.517       3.9450
 -12.914   44.953       3.9450
 -12.914   49.389       3.9450
 -12.914   53.825       3.9450
 -12.914   58.261       3.9450
 -12.914   62.697       3.9450
 -12.914   67.133       3.9450
 -12.914   71.569       3.9450
 -12.914   76.005       3.9450
 -12.914   80.441       3.9450
 -12.914   84.877       3.9450
 -12.914   89.313       3.9450
 -12.914   93.749       3.9450
 -12.914   98.185       3.9450
 -12.914  102.621       3.9450
 -12.914  107.057       3.5318
 -12.914  111.492       2.3717
 -12.914  115.928       3.1186
 -12.914  120.364       3.1186
 -12.914  124.800       1.7459
 -12.914  129.236       1.1762
 -12.914  133.672       1.1649
 -12.914  138.108       0.9120
 -12.914  142.544       0.7350
 -12.914  146.980       0.6254
 -12.914  151.416       0.7573
 -12.914  155.852       1.6891
 -12.914  160.288       1.7765
 -12.914  164.724       1.2624
 -12.914  169.160       1.0811
 -12.914  173.596       0.9422
 -12.914  178.032       1.0163
 -12.914  182.468       0.9990
 -12.914  186.904       0.7864
 -12.914  191.340       0.8233
 -12.914  195.776       1.1111
 -12.914  200.212       1.3477
 -12.914  204.648       1.3791
 -12.914  209.084       1.5453
 -12.914  213.520       1.5244
 -12.914  217.956       1.2117
 -12.914  222.391       0.7984
 -12.914  226.827       0.4736
 -12.914  231.263       0.5447
 -12.914  235.699       0.5447
 -12.914  240.135       0.4631
 -12.914  244.571       0.7135
 -12.914  249.007       1.5041
 -12.914  253.443       2.2219
 -12.914  257.879       3.9450
 -12.914  262.315       3.9450
 -12.914  266.751       3.9450
 -12.914  271.187       3.9450
  -7.928 -167.973       3.9450
  -7.928 -163.537       3.9450
  -7.928 -159.101       3.9450
  -7.928 -154.665       3.9450
  -7.928 -150.229       3.9450
  -7.928 -145.793       3.9450
  -7.928 -141.357       3.9450
  -7.928 -136.921       3.9450
  -7.928 -132.485       3.9450
  -7.928 -128.049       3.9450
  -7.928 -123.613       3.9450
  -7.928 -119.177       3.9450
  -7.928 -114.741       3.9450
  -7.928 -110.306       3.9450
  -7.928 -105.870       3.9450
  -7.928 -101.434       3.9450
  -7.928  -96.998       3.9450
  -7.928  -92.562       3.9450
  -7.928  -88.126       3.9450
  -7.928  -83.690       3.9450
  -7.928  -79.254       3.9450
  -7.928  -74.818       3.9450
  -7.928  -70.382       3.9450
  -7.928  -65.946       3.9450
  -7.928  -61.510       3.9450
  -7.928  -57.074       3.9450
  -7.928  -52.638       3.9450
  -7.928  -48.202       3.9450
  -7.928  -43.766       3.9450
  -7.928  -39.330       3.9450
  -7.928  -34.894       3.9450
  -7.928  -30.458       3.9450
  -7.928  -26.022       3.9450
  -7.928  -21.586       3.9450
  -7.928  -17.150       3.9450
  -7.928  -12.714       3.9450
  -7.928   -8.278       3.9450
  -7.928   -3.842       3.9450
  -7.928    0.593       3.9450
  -7.928    5.029       3.9450
  -7.928    9.465       3.9450
  -7.928   13.901       3.9450
  -7.928   18.337       3.9450
  -7.928   22.773       3.9450
  -7.928   27.209       3.9450
  -7.928   31.645       3.9450
  -7.928   36.081       3.9450
  -7.928   40.517       3.9450
  -7.928   44.953       3.9450
  -7.928   49.389       3.9450
  -7.928   53.825       3.9450
  -7.928   58.261       3.9450
  -7.928   62.697       3.9450
  -7.928   67.133       3.9450
  -7.928   71.569       3.9450
  -7.928   76.005       3.9450
  -7.928   80.441       3.9450
  -7.928   84.877       3.9450
  -7.928   89.313       3.9450
  -7.928   93.749       3.9450
  -7.928   98.185       3.9450
  -7.928  102.621       3.9450
  -7.928  107.057       3.9450
  -7.928  111.492       2.0027
  -7.928  115.928       2.2219
  -7.928  120.364       1.8087
  -7.928  124.800       1.3791
  -7.928  129.236       1.1215
  -7.928  133.672       0.8763
  -7.928  138.108       0.4878
  -7.928  142.544       0.6486
  -7.928  146.980       0.7688
  -7.928  151.416       0.6486
  -7.928  155.852       1.4846
  -7.928  160.288       1.3955
  -7.928  164.724       1.3179
  -7.928  169.160       1.2365
  -7.928  173.596       1.2240
  -7.928  178.032       1.0524
  -7.928  182.468       1.0714
  -7.928  186.904       0.8492
  -7.928  191.340       0.9579
  -7.928  195.776       0.8559
  -7.928  200.212       1.1649
  -7.928  204.648       1.2240
  -7.928  209.084       1.3477
  -7.928  213.520       1.2240
  -7.928  217.956       0.7135
  -7.928  222.391       0.4915
  -7.928  226.827       0.3441
  -7.928  231.263       0.3822
  -7.928  235.699       0.4951
  -7.928  240.135       0.6777
  -7.928  244.571       1.2365
  -7.928  249.007       2.1591
  -7.928  253.443       2.4636
  -7.928  257.879       3.5318
  -7.928  262.315       3.9450
  -7.928  266.751       3.9450
  -7.928  271.187       3.9450
  -2.942 -167.973       3.9450
  -2.942 -163.537       3.9450
  -2.942 -159.101       3.9450
  -2.942 -154.665       3.9450
  -2.942 -150.229       3.9450
  -2.942 -145.793       3.9450
  -2.942 -141.357       3.9450
  -2.942 -136.921       3.9450
  -2.942 -132.485       3.9450
  -2.942 -128.049       3.9450
  -2.942 -123.613       3.9450
  -2.942 -119.177       3.9450
  -2.942 -114.741       3.9450
  -2.942 -110.306       3.9450
  -2.942 -105.870       3.9450
  -2.942 -101.434       3.9450
  -2.942  -96.998       3.9450
  -2.942  -92.562       3.9450
  -2.942  -88.126       3.9450
  -2.942  -83.690       3.9450
  -2.942  -79.254       3.9450
  -2.942  -74.818       3.9450
  -2.942  -70.382       3.9450
  -2.942  -65.946       3.9450
  -2.942  -61.510       3.9450
  -2.942  -57.074       3.9450
  -2.942  -52.638       3.9450
  -2.942  -48.202       3.9450
  -2.942  -43.766       3.9450
  -2.942  -39.330       3.9450
  -2.942  -34.894       3.9450
  -2.942  -30.458       3.9450
  -2.942  -26.022       3.9450
  -2.942  -21.586       3.9450
  -2.942  -17.150       3.9450
  -2.942  -12.714       3.9450
  -2.942   -8.278       3.9450
  -2.942   -3.842       3.9450
  -2.942    0.593       3.9450
  -2.942    5.029       3.9450
  -2.942    9.465       3.9450
  -2.942   13.901       3.9450
  -2.942   18.337       3.9450
  -2.942   22.773       3.9450
  -2.942   27.209       3.9450
  -2.942   31.645       3.9450
  -2.942   36.081       3.9450
  -2.942   40.517       3.9450
  -2.942   44.953       3.9450
  -2.942   49.389       3.9450
  -2.942   53.825       3.9450
  -2.942   58.261       3.9450
  -2.942   62.697       3.9450
  -2.942   67.133       3.9450
  -2.942   71.569       3.9450
  -2.942   76.005       3.9450
  -2.942   80.441       3.9450
  -2.942   84.877       3.9450
  -2.942   89.313       3.9450
  -2.942   93.749       3.9450
  -2.942   98.185       3.9450
  -2.942  102.621       3.9450
  -2.942  107.057       3.9450
  -2.942  111.492       2.0504
  -2.942  115.928       1.8789
  -2.942  120.364       1.3036
  -2.942  124.800       1.2493
  -2.942  129.236       1.3477
  -2.942  133.672       0.6439
  -2.942  138.108       0.3702
  -2.942  142.544       0.6678
  -2.942  146.980       0.7517
  -2.942  151.416       0.9345
  -2.942  155.852       1.6128
  -2.942  160.288       1.2758
  -2.942  164.724       1.3326
  -2.942  169.160       1.1762
  -2.942  173.596       1.2365
  -2.942  178.032       0.9269
  -2.942  182.468       0.7805
  -2.942  186.904       1.1009
  -2.942  191.340       1.1878
  -2.942  195.776       1.1009
  -2.942  200.212       1.2624
  -2.942  204.648       1.4123
  -2.942  209.084       1.2493
  -2.942  213.520       0.9990
  -2.942  217.956       0.6979
  -2.942  222.391       0.4771
  -2.942  226.827       0.2522
  -2.942  231.263       0.2571
  -2.942  235.699       0.6534
  -2.942  240.135       1.0432
  -2.942  244.571       1.6372
  -2.942  249.007       3.9450
  -2.942  253.443       3.9450
  -2.942  257.879       3.9450
  -2.942  262.315       3.9450
  -2.942  266.751       3.9450
  -2.942  271.187       3.9450
   2.044 -167.973       3.9450
   2.044 -163.537       3.9450
   2.044 -159.101       3.9450
   2.044 -154.665       3.9450
   2.044 -150.229       3.9450
   2.044 -145.793       3.9450
   2.044 -141.357       3.9450
   2.044 -136.921       3.9450
   2.044 -132.485       3.9450
   2.044 -128.049       3.9450
   2.044 -123.613       3.9450
   2.044 -119.177       3.9450
   2.044 -114.741       3.9450
   2.044 -110.306       3.9450
   2.044 -105.870       3.9450
   2.044 -101.434       3.9450
   2.044  -96.998       3.9450
   2.044  -92.562       3.9450
   2.044  -88.126       3.9450
   2.044  -83.690       3.9450
   2.044  -79.254       3.9450
   2.044  -74.818       3.9450
   2.044  -70.382       3.9450
   2.044  -65.946       3.9450
   2.044  -61.510       3.9450
   2.044  -57.074       3.9450
   2.044  -52.638       3.9450
   2.044  -48.202       3.9450
   2.044  -43.766       3.9450
   2.044  -39.330       3.9450
   2.044  -34.894       3.9450
   2.044  -30.458       3.9450
   2.044  -26.022       3.9450
   2.044  -21.586       3.9450
   2.044  -17.150       3.9450
   2.044  -12.714       3.9450
   2.044   -8.278       3.9450
   2.044   -3.842       3.9450
   2.044    0.593       3.9450
   2.044    5.029       3.9450
   2.044    9.465       3.9450
   2.044   13.901       3.9450
   2.044   18.337       3.9450
   2.044   22.773       3.9450
   2.044   27.209       3.9450
   2.044   31.645       3.9450
   2.044   36.081       3.9450
   2.044   40.517       3.9450
   2.044   44.953       3.9450
   2.044   49.389       3.9450
   2.044   53.825       3.9450
   2.044   58.261       3.9450
   2.044   62.697       3.9450
   2.044   67.133       3.9450
   2.044   71.569       3.9450
   2.044   76.005       3.9450
   2.044   80.441       3.9450
   2.044   84.877       3.9450
   2.044   89.313       3.9450
   2.044   93.749       3.9450
   2.044   98.185       3.9450
   2.044  102.621       3.9450
   2.044  107.057       3.9450
   2.044  111.492       3.9450
   2.044  115.928       3.1186
   2.044  120.364       1.7168
   2.044  124.800       1.2493
   2.044  129.236       0.9906
   2.044  133.672       0.6439
   2.044  138.108       0.4494
   2.044  142.544       0.5213
   2.044  146.980       0.5567
   2.044  151.416       0.9990
   2.044  155.852       1.2117
   2.044  160.288       1.1649
   2.044  164.724       1.4295
   2.044  169.160       1.6626
   2.044  173.596       1.3036
   2.044  178.032       1.0618
   2.044  182.468       0.8626
   2.044  186.904       1.4846
   2.044  191.340       1.3326
   2.044  195.776       1.2365
   2.044  200.212       1.3791
   2.044  204.648       1.1878
   2.044  209.084       0.8763
   2.044  213.520       0.8694
   2.044  217.956       0.7135
   2.044  222.391       0.4196
   2.044  226.827       0.2354
   2.044  231.263       0.6346
   2.044  235.699       1.1321
   2.044  240.135       1.5244
   2.044  244.571       3.5318
   2.044  249.007       3.9450
   2.044  253.443       3.9450
   2.044  257.879       3.9450
   2.044  262.315       3.9450
   2.044  266.751       3.9450
   2.044  271.187       3.9450
   7.030 -167.973       3.9450
   7.030 -163.537       3.9450
   7.030 -159.101       3.9450
   7.030 -154.665       3.9450
   7.030 -150.229       3.9450
   7.030 -145.793       3.9450
   7.030 -141.357       3.9450
   7.030 -136.921       3.9450
   7.030 -132.485       3.9450
   7.030 -128.049       3.9450
   7.030 -123.613       3.9450
   7.030 -119.177       3.9450
   7.030 -114.741       3.9450
   7.030 -110.306       3.9450
   7.030 -105.870       3.9450
   7.030 -101.434       3.9450
   7.030  -96.998       3.9450
   7.030  -92.562       3.9450
   7.030  -88.126       3.9450
   7.030  -83.690       3.9450
   7.030  -79.254       3.9450
   7.030  -74.818       3.9450
   7.030  -70.382       3.9450
   7.030  -65.946       3.9450
   7.030  -61.510       3.9450
   7.030  -57.074       3.9450
   7.030  -52.638       3.9450
   7.030  -48.202       3.9450
   7.030  -43.766       3.9450
   7.030  -39.330       3.9450
   7.030  -34.894       3.9450
   7.030  -30.458       3.9450
   7.030  -26.022       3.9450
   7.030  -21.586       3.9450
   7.030  -17.150       3.9450
   7.030  -12.714       3.9450
   7.030   -8.278       3.9450
   7.030   -3.842       3.9450
   7.030    0.593       3.9450
   7.030    5.029       3.9450
   7.030    9.465       3.9450
   7.030   13.901       3.9450
   7.030   18.337       3.9450
   7.030   22.773       3.9450
   7.030   27.209       3.9450
   7.030   31.645       3.9450
   7.030   36.081       3.9450
   7.030   40.517       3.9450
   7.030   44.953       3.9450
   7.030   49.389       3.9450
   7.030   53.825       3.9450
   7.030   58.261       3.9450
   7.030   62.697       3.9450
   7.030   67.133       3.9450
   7.030   71.569       3.9450
   7.030   76.005       3.9450
   7.030   80.441       3.9450
   7.030   84.877       3.9450
   7.030   89.313       3.9450
   7.030   93.749       3.9450
   7.030   98.185       3.9450
   7.030  102.621       3.9450
   7.030  107.057       3.9450
   7.030  111.492       3.9450
   7.030  115.928       3.9450
   7.030  120.364       2.0027
   7.030  124.800       1.6128
   7.030  129.236       1.4846
   7.030  133.672       0.8492
   7.030  138.108       0.7573
   7.030  142.544       0.7031
   7.030  146.980       0.9047
   7.030  151.416       1.0524
   7.030  155.852       1.0251
   7.030  160.288       1.3326
   7.030  164.724       1.6891
   7.030  169.160       1.6372
   7.030  173.596       1.2240
   7.030  178.032       1.2624
   7.030  182.468       1.0432
   7.030  186.904       1.4473
   7.030  191.340       1.4473
   7.030  195.776       1.2758
   7.030  200.212       1.2365
   7.030  204.648       0.9422
   7.030  209.084       0.9194
   7.030  213.520       0.7746
   7.030  217.956       0.9047
   7.030  222.391       0.5407
   7.030  226.827       0.4294
   7.030  231.263       0.8426
   7.030  235.699       1.2493
   7.030  240.135       1.4473
   7.030  244.571       2.5723
   7.030  249.007       3.9450
   7.030  253.443       3.9450
   7.030  257.879       3.9450
   7.030  262.315       3.9450
   7.030  266.751       3.9450
   7.030  271.187       3.9450
  12.016 -167.973       3.9450
  12.016 -163.537       3.9450
  12.016 -159.101       3.9450
  12.016 -154.665       3.9450
  12.016 -150.229       3.9450
  12.016 -145.793       3.9450
  12.016 -141.357       3.9450
  12.016 -136.921       3.9450
  12.016 -132.485       3.9450
  12.016 -128.049       3.9450
  12.016 -123.613       3.9450
  12.016 -119.177       3.9450
  12.016 -114.741       3.9450
  12.016 -110.306       3.9450
  12.016 -105.870       3.9450
  12.016 -101.434       3.9450
  12.016  -96.998       3.9450
  12.016  -92.562       3.9450
  12.016  -88.126       3.9450
  12.016  -83.690       3.9450
  12.016  -79.254       3.9450
  12.016  -74.818       3.9450
  12.016  -70.382       3.9450
  12.016  -65.946       3.9450
  12.016  -61.510       3.9450
  12.016  -57.074       3.9450
  12.016  -52.638       3.9450
  12.016  -48.202       3.9450
  12.016  -43.766       3.9450
  12.016  -39.330       3.9450
  12.016  -34.894       3.9450
  12.016  -30.458       3.9450
  12.016  -26.022       3.9450
  12.016  -21.586       3.9450
  12.016  -17.150       3.9450
  12.016  -12.714       3.9450
  12.016   -8.278       3.9450
  12.016   -3.842       3.9450
  12.016    0.593       3.9450
  12.016    5.029       3.9450
  12.016    9.465       3.9450
  12.016   13.901       3.9450
  12.016   18.337       3.9450
  12.016   22.773       3.9450
  12.016   27.209       3.9450
  12.016   31.645       3.9450
  12.016   36.081       3.9450
  12.016   40.517       3.9450
  12.016   44.953       3.9450
  12.016   49.389       3.9450
  12.016   53.825       3.9450
  12.016   58.261       3.9450
  12.016   62.697       3.9450
  12.016   67.133       3.9450
  12.016   71.569       3.9450
  12.016   76.005       3.9450
  12.016   80.441       3.9450
  12.016   84.877       3.9450
  12.016   89.313       3.9450
  12.016   93.749       3.9450
  12.016   98.185       3.9450
  12.016  102.621       3.9450
  12.016  107.057       2.8769
  12.016  111.492       3.9450
  12.016  115.928       2.8769
  12.016  120.364       1.9585
  12.016  124.800       1.5041
  12.016  129.236       1.4473
  12.016  133.672       0.8833
  12.016  138.108       0.9740
  12.016  142.544       0.8361
  12.016  146.980       1.0076
  12.016  151.416       1.0909
  12.016  155.852       1.4295
  12.016  160.288       1.1537
  12.016  164.724       1.0618
  12.016  169.160       1.4846
  12.016  173.596       1.6891
  12.016  178.032       1.5453
  12.016  182.468       1.3326
  12.016  186.904       1.0811
  12.016  191.340       1.0341
  12.016  195.776       0.8297
  12.016  200.212       0.8361
  12.016  204.648       1.0251
  12.016  209.084       0.9120
  12.016  213.520       0.8833
  12.016  217.956       0.5944
  12.016  222.391       0.5649
  12.016  226.827       0.6486
  12.016  231.263       0.8833
  12.016  235.699       1.2117
  12.016  240.135       1.3477
  12.016  244.571       2.3717
  12.016  249.007       3.9450
  12.016  253.443       3.9450
  12.016  257.879       3.9450
  12.016  262.315       3.9450
  12.016  266.751       3.9450
  12.016  271.187       3.9450
  17.002 -167.973       3.9450
  17.002 -163.537       3.9450
  17.002 -159.101       3.9450
  17.002 -154.665       3.9450
  17.002 -150.229       3.9450
  17.002 -145.793       3.9450
  17.002 -141.357       3.9450
  17.002 -136.921       3.9450
  17.002 -132.485       3.9450
  17.002 -128.049       3.9450
  17.002 -123.613       3.9450
  17.002 -119.177       3.9450
  17.002 -114.741       3.9450
  17.002 -110.306       3.9450
  17.002 -105.870       3.9450
  17.002 -101.434       3.9450
  17.002  -96.998       3.9450
  17.002  -92.562       3.9450
  17.002  -88.126       3.9450
  17.002  -83.690       3.9450
  17.002  -79.254       3.9450
  17.002  -74.818       3.9450
  17.002  -70.382       3.9450
  17.002  -65.946       3.9450
  17.002  -61.510       3.9450
  17.002  -57.074       3.9450
  17.002  -52.638       3.9450
  17.002  -48.202       3.9450
  17.002  -43.766       3.9450
  17.002  -39.330       3.9450
  17.002  -34.894       3.9450
  17.002  -30.458       3.9450
  17.002  -26.022       3.9450
  17.002  -21.586       3.9450
  17.002  -17.150       3.9450
  17.002  -12.714       3.9450
  17.002   -8.278       3.9450
  17.002   -3.842       3.9450
  17.002    0.593       3.9450
  17.002    5.029       3.9450
  17.002    9.465       3.9450
  17.002   13.901       3.9450
  17.002   18.337       3.9450
  17.002   22.773       3.9450
  17.002   27.209       3.9450
  17.002   31.645       3.9450
  17.002   36.081       3.9450
  17.002   40.517       3.9450
  17.002   44.953       3.9450
  17.002   49.389       3.9450
  17.002   53.825       3.9450
  17.002   58.261       3.9450
  17.002   62.697       3.9450
  17.002   67.133       3.9450
  17.002   71.569       3.9450
  17.002   76.005       3.9450
  17.002   80.441       3.9450
  17.002   84.877       3.9450
  17.002   89.313       3.9450
  17.002   93.749       3.9450
  17.002   98.185       3.9450
  17.002  102.621       3.5318
  17.002  107.057       2.4636
  17.002  111.492       1.7459
  17.002  115.928       1.9174
  17.002  120.364       2.5723
  17.002  124.800       1.9174
  17.002  129.236       1.2117
  17.002  133.672       0.7350
  17.002  138.108       0.7688
  17.002  142.544       0.9120
  17.002  146.980       1.1996
  17.002  151.416       1.1762
  17.002  155.852       1.5895
  17.002  160.288       1.6372
  17.002  164.724       1.3326
  17.002  169.160       1.2493
  17.002  173.596       1.2493
  17.002  178.032       1.2365
  17.002  182.468       1.0714
  17.002  186.904       0.8763
  17.002  191.340       0.6300
  17.002  195.776       0.5816
  17.002  200.212       0.6439
  17.002  204.648       0.6581
  17.002  209.084       0.6777
  17.002  213.520       0.6209
  17.002  217.956       0.4807
  17.002  222.391       0.5858
  17.002  226.827       0.8045
  17.002  231.263       0.9500
  17.002  235.699       1.1537
  17.002  240.135       2.3717
  17.002  244.571       3.1186
  17.002  249.007       3.9450
  17.002  253.443       3.9450
  17.002  257.879       3.9450
  17.002  262.315       3.9450
  17.002  266.751       3.9450
  17.002  271.187       3.9450
  21.988 -167.973       3.9450
  21.988 -163.537       3.9450
  21.988 -159.101       3.9450
  21.988 -154.665       3.9450
  21.988 -150.229       3.9450
  21.988 -145.793       3.9450
  21.988 -141.357       3.9450
  21.988 -136.921       3.9450
  21.988 -132.485       3.9450
  21.988 -128.049       3.9450
  21.988 -123.613       3.9450
  21.988 -119.177       3.9450
  21.988 -114.741       3.9450
  21.988 -110.306       3.9450
  21.988 -105.870       3.9450
  21.988 -101.434       3.9450
  21.988  -96.998       3.9450
  21.988  -92.562       3.9450
  21.988  -88.126       3.9450
  21.988  -83.690       3.9450
  21.988  -79.254       3.9450
  21.988  -74.818       3.9450
  21.988  -70.382       3.9450
  21.988  -65.946       3.9450
  21.988  -61.510       3.9450
  21.988  -57.074       3.9450
  21.988  -52.638       3.9450
  21.988  -48.202       3.9450
  21.988  -43.766       3.9450
  21.988  -39.330       3.9450
  21.988  -34.894       3.9450
  21.988  -30.458       3.9450
  21.988  -26.022       3.9450
  21.988  -21.586       3.9450
  21.988  -17.150       3.9450
  21.988  -12.714       3.9450
  21.988   -8.278       3.9450
  21.988   -3.842       3.9450
  21.988    0.593       3.9450
  21.988    5.029       3.9450
  21.988    9.465       3.9450
  21.988   13.901       3.9450
  21.988   18.337       3.9450
  21.988   22.773       3.9450
  21.988   27.209       3.9450
  21.988   31.645       3.9450
  21.988   36.081       3.9450
  21.988   40.517       3.9450
  21.988   44.953       3.9450
  21.988   49.389       3.9450
  21.988   53.825       3.9450
  21.988   58.261       3.9450
  21.988   62.697       3.9450
  21.988   67.133       3.9450
  21.988   71.569       3.9450
  21.988   76.005       3.9450
  21.988   80.441       3.9450
  21.988   84.877       3.9450
  21.988   89.313       3.9450
  21.988   93.749       3.9450
  21.988   98.185       3.9450
  21.988  102.621       2.7054
  21.988  107.057       2.2219
  21.988  111.492       1.6372
  21.988  115.928       1.5895
  21.988  120.364       2.1023
  21.988  124.800       2.1023
  21.988  129.236       1.2240
  21.988  133.672       0.6777
  21.988  138.108       0.5329
  21.988  142.544       0.6727
  21.988  146.980       0.9659
  21.988  151.416       1.0163
  21.988  155.852       1.7168
  21.988  160.288       1.7765
  21.988  164.724       1.5453
  21.988  169.160       1.3477
  21.988  173.596       1.4846
  21.988  178.032       1.3326
  21.988  182.468       1.2895
  21.988  186.904       0.9990
  21.988  191.340       0.7984
  21.988  195.776       0.5487
  21.988  200.212       0.6164
  21.988  204.648       0.5137
  21.988  209.084       0.5608
  21.988  213.520       0.7083
  21.988  217.956       0.8297
  21.988  222.391       0.9345
  21.988  226.827       1.3632
  21.988  231.263       1.2895
  21.988  235.699       1.4657
  21.988  240.135       2.3717
  21.988  244.571       3.9450
  21.988  249.007       3.9450
  21.988  253.443       3.9450
  21.988  257.879       3.9450
  21.988  262.315       3.9450
  21.988  266.751       3.9450
  21.988  271.187       3.9450
  26.974 -167.973       3.9450
  26.974 -163.537       3.9450
  26.974 -159.101       3.9450
  26.974 -154.665       3.9450
  26.974 -150.229       3.9450
  26.974 -145.793       3.9450
  26.974 -141.357       3.9450
  26.974 -136.921       3.9450
  26.974 -132.485       3.9450
  26.974 -128.049       3.9450
  26.974 -123.613       3.9450
  26.974 -119.177       3.9450
  26.974 -114.741       3.9450
  26.974 -110.306       3.9450
  26.974 -105.870       3.9450
  26.974 -101.434       3.9450
  26.974  -96.998       3.9450
  26.974  -92.562       3.9450
  26.974  -88.126       3.9450
  26.974  -83.690       3.9450
  26.974  -79.254       3.9450
  26.974  -74.818       3.9450
  26.974  -70.382       3.9450
  26.974  -65.946       3.9450
  26.974  -61.510       3.9450
  26.974  -57.074       3.9450
  26.974  -52.638       3.9450
  26.974  -48.202       3.9450
  26.974  -43.766       3.9450
  26.974  -39.330       3.9450
  26.974  -34.894       3.9450
  26.974  -30.458       3.9450
  26.974  -26.022       3.9450
  26.974  -21.586       3.9450
  26.974  -17.150       3.9450
  26.974  -12.714       3.9450
  26.974   -8.278       3.9450
  26.974   -3.842       3.9450
  26.974    0.593       3.9450
  26.974    5.029       3.9450
  26.974    9.465       3.9450
  26.974   13.901       3.9450
  26.974   18.337       3.9450
  26.974   22.773       3.9450
  26.974   27.209       3.9450
  26.974   31.645       3.9450
  26.974   36.081       3.9450
  26.974   40.517       3.9450
  26.974   44.953       3.9450
  26.974   49.389       3.9450
  26.974   53.825       3.9450
  26.974   58.261       3.9450
  26.974   62.697       3.9450
  26.974   67.133       3.9450
  26.974   71.569       3.9450
  26.974   76.005       3.9450
  26.974   80.441       3.9450
  26.974   84.877       3.9450
  26.974   89.313       3.9450
  26.974   93.749       3.9450
  26.974   98.185       2.8769
  26.974  102.621       2.1591
  26.974  107.057       1.8087
  26.974  111.492       2.7054
  26.974  115.928       2.2219
  26.974  120.364       2.3717
  26.974  124.800       1.9585
  26.974  129.236       1.4473
  26.974  133.672       0.9120
  26.974  138.108       0.6581
  26.974  142.544       0.6534
  26.974  146.980       0.6877
  26.974  151.416       1.0909
  26.974  155.852       1.5670
  26.974  160.288       1.8428
  26.974  164.724       2.0504
  26.974  169.160       1.4473
  26.974  173.596       1.6626
  26.974  178.032       1.7168
  26.974  182.468       1.3477
  26.974  186.904       1.0811
  26.974  191.340       0.7688
  26.974  195.776       0.7031
  26.974  200.212       0.6300
  26.974  204.648       0.6777
  26.974  209.084       0.6928
  26.974  213.520       0.9822
  26.974  217.956       0.9822
  26.974  222.391       1.3477
  26.974  226.827       1.2895
  26.974  231.263       1.2117
  26.974  235.699       2.0504
  26.974  240.135       2.7054
  26.974  244.571       3.9450
  26.974  249.007       3.9450
  26.974  253.443       3.9450
  26.974  257.879       3.9450
  26.974  262.315       3.9450
  26.974  266.751       3.9450
  26.974  271.187       3.9450
  31.960 -167.973       3.9450
  31.960 -163.537       3.9450
  31.960 -159.101       3.9450
  31.960 -154.665       3.9450
  31.960 -150.229       3.9450
  31.960 -145.793       3.9450
  31.960 -141.357       3.9450
  31.960 -136.921       3.9450
  31.960 -132.485       3.9450
  31.960 -128.049       3.9450
  31.960 -123.613       3.9450
  31.960 -119.177       3.9450
  31.960 -114.741       3.9450
  31.960 -110.306       3.9450
  31.960 -105.870       3.9450
  31.960 -101.434       3.9450
  31.960  -96.998       3.9450
  31.960  -92.562       3.9450
  31.960  -88.126       3.9450
  31.960  -83.690       3.9450
  31.960  -79.254       3.9450
  31.960  -74.818       3.9450
  31.960  -70.382       3.9450
  31.960  -65.946       3.9450
  31.960  -61.510       3.9450
  31.960  -57.074       3.9450
  31.960  -52.638       3.9450
  31.960  -48.202       3.9450
  31.960  -43.766       3.9450
  31.960  -39.330       3.9450
  31.960  -34.894       3.9450
  31.960  -30.458       3.9450
  31.960  -26.022       3.9450
  31.960  -21.586       3.9450
  31.960  -17.150       3.9450
  31.960  -12.714       3.9450
  31.960   -8.278       3.9450
  31.960   -3.842       3.9450
  31.960    0.593       3.9450
  31.960    5.029       3.9450
  31.960    9.465       3.9450
  31.960   13.901       3.9450
  31.960   18.337       3.9450
  31.960   22.773       3.9450
  31.960   27.209       3.9450
  31.960   31.645       3.9450
  31.960   36.081       3.9450
  31.960   40.517       3.9450
  31.960   44.953       3.9450
  31.960   49.389       3.9450
  31.960   53.825       3.9450
  31.960   58.261       3.9450
  31.960   62.697       3.9450
  31.960   67.133       3.9450
  31.960   71.569       3.9450
  31.960   76.005       3.9450
  31.960   80.441       3.9450
  31.960   84.877       3.9450
  31.960   89.313       2.5723
  31.960   93.749       1.8428
  31.960   98.185       2.5723
  31.960  102.621       3.5318
  31.960  107.057       2.7054
  31.960  111.492       3.1186
  31.960  115.928       3.9450
  31.960  120.364       2.3717
  31.960  124.800       2.2219
  31.960  129.236       1.7459
  31.960  133.672       1.4473
  31.960  138.108       1.1762
  31.960  142.544       0.9822
  31.960  146.980       1.3477
  31.960  151.416       1.4295
  31.960  155.852       1.5670
  31.960  160.288       1.8087
  31.960  164.724       2.2921
  31.960  169.160       1.6891
  31.960  173.596       1.4473
  31.960  178.032       2.2219
  31.960  182.468       1.7765
  31.960  186.904       1.3632
  31.960  191.340       0.9740
  31.960  195.776       0.7688
  31.960  200.212       0.5901
  31.960  204.648       0.5732
  31.960  209.084       0.6928
  31.960  213.520       1.1537
  31.960  217.956       1.1649
  31.960  222.391       1.7459
  31.960  226.827       1.2624
  31.960  231.263       1.4295
  31.960  235.699       1.8428
  31.960  240.135       3.9450
  31.960  244.571       3.9450
  31.960  249.007       3.9450
  31.960  253.443       3.9450
  31.960  257.879       3.9450
  31.960  262.315       3.9450
  31.960  266.751       3.9450
  31.960  271.187       3.9450
  36.946 -167.973       3.9450
  36.946 -163.537       3.9450
  36.946 -159.101       3.9450
  36.946 -154.665       3.9450
  36.946 -150.229       3.9450
  36.946 -145.793       3.9450
  36.946 -141.357       3.9450
  36.946 -136.921       3.9450
  36.946 -132.485       3.9450
  36.946 -128.049       3.9450
  36.946 -123.613       3.9450
  36.946 -119.177       3.9450
  36.946 -114.741       3.9450
  36.946 -110.306       3.9450
  36.946 -105.870       3.9450
  36.946 -101.434       3.9450
  36.946  -96.998       3.9450
  36.946  -92.562       3.9450
  36.946  -88.126       3.9450
  36.946  -83.690       3.9450
  36.946  -79.254       3.9450
  36.946  -74.818       3.9450
  36.946  -70.382       3.9450
  36.946  -65.946       3.9450
  36.946  -61.510       3.9450
  36.946  -57.074       3.9450
  36.946  -52.638       3.9450
  36.946  -48.202       3.9450
  36.946  -43.766       3.9450
  36.946  -39.330       3.9450
  36.946  -34.894       3.9450
  36.946  -30.458       3.9450
  36.946  -26.022       3.9450
  36.946  -21.586       3.9450
  36.946  -17.150       3.9450
  36.946  -12.714       3.9450
  36.946   -8.278       3.9450
  36.946   -3.842       3.9450
  36.946    0.593       3.9450
  36.946    5.029       3.9450
  36.946    9.465       3.9450
  36.946   13.901       3.9450
  36.946   18.337       3.9450
  36.946   22.773       3.9450
  36.946   27.209       3.9450
  36.946   31.645       3.9450
  36.946   36.081       3.9450
  36.946   40.517       3.9450
  36.946   44.953       3.9450
  36.946   49.389       3.9450
  36.946   53.825       3.9450
  36.946   58.261       3.9450
  36.946   62.697       3.9450
  36.946   67.133       3.9450
  36.946   71.569       3.9450
  36.946   76.005       3.9450
  36.946   80.441       3.9450
  36.946   84.877       3.9450
  36.946   89.313       2.5723
  36.946   93.749       1.5041
  36.946   98.185       1.8789
  36.946  102.621       2.0504
  36.946  107.057       2.1023
  36.946  111.492       3.1186
  36.946  115.928       3.9450
  36.946  120.364       3.9450
  36.946  124.800       3.5318
  36.946  129.236       3.9450
  36.946  133.672       2.4636
  36.946  138.108       1.8789
  36.946  142.544       2.2219
  36.946  146.980       2.1023
  36.946  151.416       2.0504
  36.946  155.852       2.1591
  36.946  160.288       2.7054
  36.946  164.724       1.8428
  36.946  169.160       2.3717
  36.946  173.596       1.7459
  36.946  178.032       3.1186
  36.946  182.468       1.9585
  36.946  186.904       1.3036
  36.946  191.340       1.3036
  36.946  195.776       0.7984
  36.946  200.212       0.5608
  36.946  204.648       0.9659
  36.946  209.084       0.9345
  36.946  213.520       0.7924
  36.946  217.956       1.0163
  36.946  222.391       1.5895
  36.946  226.827       1.4846
  36.946  231.263       2.0504
  36.946  235.699       2.5723
  36.946  240.135       2.8769
  36.946  244.571       3.5318
  36.946  249.007       3.9450
  36.946  253.443       3.9450
  36.946  257.879       3.9450
  36.946  262.315       3.9450
  36.946  266.751       3.9450
  36.946  271.187       3.9450
  41.932 -167.973       3.9450
  41.932 -163.537       3.9450
  41.932 -159.101       3.9450
  41.932 -154.665       3.9450
  41.932 -150.229       3.9450
  41.932 -145.793       3.9450
  41.932 -141.357       3.9450
  41.932 -136.921       3.9450
  41.932 -132.485       3.9450
  41.932 -128.049       3.9450
  41.932 -123.613       3.9450
  41.932 -119.177       3.9450
  41.932 -114.741       3.9450
  41.932 -110.306       3.9450
  41.932 -105.870       3.9450
  41.932 -101.434       3.9450
  41.932  -96.998       3.9450
  41.932  -92.562       3.9450
  41.932  -88.126       3.9450
  41.932  -83.690       3.9450
  41.932  -79.254       3.9450
  41.932  -74.818       3.9450
  41.932  -70.382       3.9450
  41.932  -65.946       3.9450
  41.932  -61.510       3.9450
  41.932  -57.074       3.9450
  41.932  -52.638       3.9450
  41.932  -48.202       3.9450
  41.932  -43.766       3.9450
  41.932  -39.330       3.9450
  41.932  -34.894       3.9450
  41.932  -30.458       3.9450
  41.932  -26.022       3.9450
  41.932  -21.586       3.9450
  41.932  -17.150       3.9450
  41.932  -12.714       3.9450
  41.932   -8.278       3.9450
  41.932   -3.842       3.9450
  41.932    0.593       3.9450
  41.932    5.029       3.9450
  41.932    9.465       3.9450
  41.932   13.901       3.9450
  41.932   18.337       3.9450
  41.932   22.773       3.9450
  41.932   27.209       3.9450
  41.932   31.645       3.9450
  41.932   36.081       3.9450
  41.932   40.517       3.9450
  41.932   44.953       3.9450
  41.932   49.389       3.9450
  41.932   53.825       3.9450
  41.932   58.261       3.9450
  41.932   62.697       3.9450
  41.932   67.133       3.9450
  41.932   71.569       3.9450
  41.932   76.005       3.9450
  41.932   80.441       3.9450
  41.932   84.877       3.9450
  41.932   89.313       3.5318
  41.932   93.749       2.4636
  41.932   98.185       2.0504
  41.932  102.621       2.2921
  41.932  107.057       2.7054
  41.932  111.492       3.5318
  41.932  115.928       3.9450
  41.932  120.364       3.9450
  41.932  124.800       3.9450
  41.932  129.236       3.9450
  41.932  133.672       3.9450
  41.932  138.108       2.7054
  41.932  142.544       3.9450
  41.932  146.980       2.8769
  41.932  151.416       3.5318
  41.932  155.852       2.1023
  41.932  160.288       2.0504
  41.932  164.724       1.6891
  41.932  169.160       1.7459
  41.932  173.596       1.5895
  41.932  178.032       1.8087
  41.932  182.468       1.4295
  41.932  186.904       1.4123
  41.932  191.340       1.2365
  41.932  195.776       0.8626
  41.932  200.212       0.6727
  41.932  204.648       0.8975
  41.932  209.084       1.1537
  41.932  213.520       1.0163
  41.932  217.956       1.3179
  41.932  222.391       1.7459
  41.932  226.827       2.4636
  41.932  231.263       3.5318
  41.932  235.699       3.9450
  41.932  240.135       3.9450
  41.932  244.571       3.9450
  41.932  249.007       3.9450
  41.932  253.443       3.9450
  41.932  257.879       3.9450
  41.932  262.315       3.9450
  41.932  266.751       3.9450
  41.932  271.187       3.9450
  46.918 -167.973       3.9450
  46.918 -163.537       3.9450
  46.918 -159.101       3.9450
  46.918 -154.665       3.9450
  46.918 -150.229       3.9450
  46.918 -145.793       3.9450
  46.918 -141.357       3.9450
  46.918 -136.921       3.9450
  46.918 -132.485       3.9450
  46.918 -128.049       3.9450
  46.918 -123.613       3.9450
  46.918 -119.177       3.9450
  46.918 -114.741       3.9450
  46.918 -110.306       3.9450
  46.918 -105.870       3.9450
  46.918 -101.434       3.9450
  46.918  -96.998       3.9450
  46.918  -92.562       3.9450
  46.918  -88.126       3.9450
  46.918  -83.690       3.9450
  46.918  -79.254       3.9450
  46.918  -74.818       3.9450
  46.918  -70.382       3.9450
  46.918  -65.946       3.9450
  46.918  -61.510       3.9450
  46.918  -57.074       3.9450
  46.918  -52.638       3.9450
  46.918  -48.202       3.9450
  46.918  -43.766       3.9450
  46.918  -39.330       3.9450
  46.918  -34.894       3.9450
  46.918  -30.458       3.9450
  46.918  -26.022       3.9450
  46.918  -21.586       3.9450
  46.918  -17.150       3.9450
  46.918  -12.714       3.9450
  46.918   -8.278       3.9450
  46.918   -3.842       3.9450
  46.918    0.593       3.9450
  46.918    5.029       3.9450
  46.918    9.465       3.9450
  46.918   13.901       3.9450
  46.918   18.337       3.9450
  46.918   22.773       3.9450
  46.918   27.209       3.9450
  46.918   31.645       3.9450
  46.918   36.081       3.9450
  46.918   40.517       3.9450
  46.918   44.953       3.9450
  46.918   49.389       3.9450
  46.918   53.825       3.9450
  46.918   58.261       3.9450
  46.918   62.697       3.9450
  46.918   67.133       3.9450
  46.918   71.569       3.9450
  46.918   76.005       3.9450
  46.918   80.441       3.9450
  46.918   84.877       3.9450
  46.918   89.313       3.9450
  46.918   93.749       2.7054
  46.918   98.185       2.5723
  46.918  102.621       2.7054
  46.918  107.057       2.5723
  46.918  111.492       3.9450
  46.918  115.928       3.9450
  46.918  120.364       3.9450
  46.918  124.800       3.9450
  46.918  129.236       3.9450
  46.918  133.672       3.9450
  46.918  138.108       2.7054
  46.918  142.544       3.1186
  46.918  146.980       3.1186
  46.918  151.416       2.2219
  46.918  155.852       2.0504
  46.918  160.288       2.0027
  46.918  164.724       1.8428
  46.918  169.160       1.9174
  46.918  173.596       1.6128
  46.918  178.032       1.8087
  46.918  182.468       1.8087
  46.918  186.904       1.3632
  46.918  191.340       1.5453
  46.918  195.776       1.0076
  46.918  200.212       0.9047
  46.918  204.648       0.9659
  46.918  209.084       1.0714
  46.918  213.520       1.5041
  46.918  217.956       1.8087
  46.918  222.391       2.5723
  46.918  226.827       3.9450
  46.918  231.263       3.9450
  46.918  235.699       3.9450
  46.918  240.135       3.9450
  46.918  244.571       3.9450
  46.918  249.007       3.9450
  46.918  253.443       3.9450
  46.918  257.879       3.9450
  46.918  262.315       3.9450
  46.918  266.751       3.9450
  46.918  271.187       3.9450
  51.904 -167.973       3.9450
  51.904 -163.537       3.9450
  51.904 -159.101       3.9450
  51.904 -154.665       3.9450
  51.904 -150.229       3.9450
  51.904 -145.793       3.9450
  51.904 -141.357       3.9450
  51.904 -136.921       3.9450
  51.904 -132.485       3.9450
  51.904 -128.049       3.9450
  51.904 -123.613       3.9450
  51.904 -119.177       3.9450
  51.904 -114.741       3.9450
  51.904 -110.306       3.9450
  51.904 -105.870       3.9450
  51.904 -101.434       3.9450
  51.904  -96.998       3.9450
  51.904  -92.562       3.9450
  51.904  -88.126       3.9450
  51.904  -83.690       3.9450
  51.904  -79.254       3.9450
  51.904  -74.818       3.9450
  51.904  -70.382       3.9450
  51.904  -65.946       3.9450
  51.904  -61.510       3.9450
  51.904  -57.074       3.9450
  51.904  -52.638       3.9450
  51.904  -48.202       3.9450
  51.904  -43.766       3.9450
  51.904  -39.330       3.9450
  51.904  -34.894       3.9450
  51.904  -30.458       3.9450
  51.904  -26.022       3.9450
  51.904  -21.586       3.9450
  51.904  -17.150       3.9450
  51.904  -12.714       3.9450
  51.904   -8.278       3.9450
  51.904   -3.842       3.9450
  51.904    0.593       3.9450
  51.904    5.029       3.9450
  51.904    9.465       3.9450
  51.904   13.901       3.9450
  51.904   18.337       3.9450
  51.904   22.773       3.9450
  51.904   27.209       3.9450
  51.904   31.645       3.9450
  51.904   36.081       3.9450
  51.904   40.517       3.9450
  51.904   44.953       3.9450
  51.904   49.389       3.9450
  51.904   53.825       3.9450
  51.904   58.261       3.9450
  51.904   62.697       3.9450
  51.904   67.133       3.9450
  51.904   71.569       3.9450
  51.904   76.005       3.9450
  51.904   80.441       3.9450
  51.904   84.877       3.9450
  51.904   89.313       3.5318
  51.904   93.749       2.3717
  51.904   98.185       2.8769
  51.904  102.621       3.9450
  51.904  107.057       3.9450
  51.904  111.492       3.9450
  51.904  115.928       3.9450
  51.904  120.364       3.9450
  51.904  124.800       3.9450
  51.904  129.236       3.9450
  51.904  133.672       3.9450
  51.904  138.108       2.4636
  51.904  142.544       2.0027
  51.904  146.980       2.2921
  51.904  151.416       2.3717
  51.904  155.852       2.2219
  51.904  160.288       2.0027
  51.904  164.724       3.1186
  51.904  169.160       2.0027
  51.904  173.596       1.6891
  51.904  178.032       1.8789
  51.904  182.468       1.5895
  51.904  186.904       1.4123
  51.904  191.340       1.4123
  51.904  195.776       1.6372
  51.904  200.212       1.2117
  51.904  204.648       0.9822
  51.904  209.084       0.8833
  51.904  213.520       1.5453
  51.904  217.956       2.0027
  51.904  222.391       2.7054
  51.904  226.827       3.9450
  51.904  231.263       3.9450
  51.904  235.699       3.9450
  51.904  240.135       3.9450
  51.904  244.571       3.9450
  51.904  249.007       3.9450
  51.904  253.443       3.9450
  51.904  257.879       3.9450
  51.904  262.315       3.9450
  51.904  266.751       3.9450
  51.904  271.187       3.9450
  56.890 -167.973       3.9450
  56.890 -163.537       3.9450
  56.890 -159.101       3.9450
  56.890 -154.665       3.9450
  56.890 -150.229       3.9450
  56.890 -145.793       3.9450
  56.890 -141.357       3.9450
  56.890 -136.921       3.9450
  56.890 -132.485       3.9450
  56.890 -128.049       3.9450
  56.890 -123.613       3.9450
  56.890 -119.177       3.9450
  56.890 -114.741       3.9450
  56.890 -110.306       3.9450
  56.890 -105.870       3.9450
  56.890 -101.434       3.9450
  56.890  -96.998       3.9450
  56.890  -92.562       3.9450
  56.890  -88.126       3.9450
  56.890  -83.690       3.9450
  56.890  -79.254       3.9450
  56.890  -74.818       3.9450
  56.890  -70.382       3.9450
  56.890  -65.946       3.9450
  56.890  -61.510       3.9450
  56.890  -57.074       3.9450
  56.890  -52.638       3.9450
  56.890  -48.202       3.9450
  56.890  -43.766       3.9450
  56.890  -39.330       3.9450
  56.890  -34.894       3.9450
  56.890  -30.458       3.9450
  56.890  -26.022       3.9450
  56.890  -21.586       3.9450
  56.890  -17.150       3.9450
  56.890  -12.714       3.9450
  56.890   -8.278       3.9450
  56.890   -3.842       3.9450
  56.890    0.593       3.9450
  56.890    5.029       3.9450
  56.890    9.465       3.9450
  56.890   13.901       3.9450
  56.890   18.337       3.9450
  56.890   22.773       3.9450
  56.890   27.209       3.9450
  56.890   31.645       3.9450
  56.890   36.081       3.9450
  56.890   40.517       3.9450
  56.890   44.953       3.9450
  56.890   49.389       3.9450
  56.890   53.825       3.9450
  56.890   58.261       3.9450
  56.890   62.697       3.9450
  56.890   67.133       3.9450
  56.890   71.569       3.9450
  56.890   76.005       3.9450
  56.890   80.441       3.9450
  56.890   84.877       3.9450
  56.890   89.313       2.8769
  56.890   93.749       2.2921
  56.890   98.185       3.5318
  56.890  102.621       3.9450
  56.890  107.057       3.9450
  56.890  111.492       3.9450
  56.890  115.928       3.9450
  56.890  120.364       3.9450
  56.890  124.800       3.9450
  56.890  129.236       3.9450
  56.890  133.672       3.5318
  56.890  138.108       3.1186
  56.890  142.544       2.2921
  56.890  146.980       2.1023
  56.890  151.416       1.9585
  56.890  155.852       1.9585
  56.890  160.288       2.3717
  56.890  164.724       2.1591
  56.890  169.160       1.9174
  56.890  173.596       1.7459
  56.890  178.032       1.4657
  56.890  182.468       1.5670
  56.890  186.904       1.5670
  56.890  191.340       1.6372
  56.890  195.776       1.9585
  56.890  200.212       1.4473
  56.890  204.648       1.3036
  56.890  209.084       1.6626
  56.890  213.520       2.0504
  56.890  217.956       3.5318
  56.890  222.391       3.5318
  56.890  226.827       3.9450
  56.890  231.263       3.9450
  56.890  235.699       3.9450
  56.890  240.135       3.9450
  56.890  244.571       3.9450
  56.890  249.007       3.9450
  56.890  253.443       3.9450
  56.890  257.879       3.9450
  56.890  262.315       3.9450
  56.890  266.751       3.9450
  56.890  271.187       3.9450
  61.876 -167.973       3.9450
  61.876 -163.537       3.9450
  61.876 -159.101       3.9450
  61.876 -154.665       3.9450
  61.876 -150.229       3.9450
  61.876 -145.793       3.9450
  61.876 -141.357       3.9450
  61.876 -136.921       3.9450
  61.876 -132.485       3.9450
  61.876 -128.049       3.9450
  61.876 -123.613       3.9450
  61.876 -119.177       3.9450
  61.876 -114.741       3.9450
  61.876 -110.306       3.9450
  61.876 -105.870       3.9450
  61.876 -101.434       3.9450
  61.876  -96.998       3.9450
  61.876  -92.562       3.9450
  61.876  -88.126       3.9450
  61.876  -83.690       3.9450
  61.876  -79.254       3.9450
  61.876  -74.818       3.9450
  61.876  -70.382       3.9450
  61.876  -65.946       3.9450
  61.876  -61.510       3.9450
  61.876  -57.074       3.9450
  61.876  -52.638       3.9450
  61.876  -48.202       3.9450
  61.876  -43.766       3.9450
  61.876  -39.330       3.9450
  61.876  -34.894       3.9450
  61.876  -30.458       3.9450
  61.876  -26.022       3.9450
  61.876  -21.586       3.9450
  61.876  -17.150       3.9450
  61.876  -12.714       3.9450
  61.876   -8.278       3.9450
  61.876   -3.842       3.9450
  61.876    0.593       3.9450
  61.876    5.029       3.9450
  61.876    9.465       3.9450
  61.876   13.901       3.9450
  61.876   18.337       3.9450
  61.876   22.773       3.9450
  61.876   27.209       3.9450
  61.876   31.645       3.9450
  61.876   36.081       3.9450
  61.876   40.517       3.9450
  61.876   44.953       3.9450
  61.876   49.389       3.9450
  61.876   53.825       3.9450
  61.876   58.261       3.9450
  61.876   62.697       3.9450
  61.876   67.133       3.9450
  61.876   71.569       3.9450
  61.876   76.005       3.9450
  61.876   80.441       3.9450
  61.876   84.877       2.8769
  61.876   89.313       1.7168
  61.876   93.749       2.2921
  61.876   98.185       2.7054
  61.876  102.621       3.9450
  61.876  107.057       3.9450
  61.876  111.492       3.9450
  61.876  115.928       3.9450
  61.876  120.364       3.9450
  61.876  124.800       2.2921
  61.876  129.236       2.0504
  61.876  133.672       1.9585
  61.876  138.108       2.7054
  61.876  142.544       2.4636
  61.876  146.980       2.0504
  61.876  151.416       2.8769
  61.876  155.852       2.4636
  61.876  160.288       1.9585
  61.876  164.724       2.2921
  61.876  169.160       1.9585
  61.876  173.596       1.4846
  61.876  178.032       1.8428
  61.876  182.468       1.3179
  61.876  186.904       1.3955
  61.876  191.340       1.3955
  61.876  195.776       2.0504
  61.876  200.212       1.3036
  61.876  204.648       1.5670
  61.876  209.084       3.1186
  61.876  213.520       3.9450
  61.876  217.956       3.9450
  61.876  222.391       3.9450
  61.876  226.827       3.9450
  61.876  231.263       3.9450
  61.876  235.699       3.9450
  61.876  240.135       3.9450
  61.876  244.571       3.9450
  61.876  249.007       3.9450
  61.876  253.443       3.9450
  61.876  257.879       3.9450
  61.876  262.315       3.9450
  61.876  266.751       3.9450
  61.876  271.187       3.9450
  66.862 -167.973       3.9450
  66.862 -163.537       3.9450
  66.862 -159.101       3.9450
  66.862 -154.665       3.9450
  66.862 -150.229       3.9450
  66.862 -145.793       3.9450
  66.862 -141.357       3.9450
  66.862 -136.921       3.9450
  66.862 -132.485       3.9450
  66.862 -128.049       3.9450
  66.862 -123.613       3.9450
  66.862 -119.177       3.9450
  66.862 -114.741       3.9450
  66.862 -110.306       3.9450
  66.862 -105.870       3.9450
  66.862 -101.434       3.9450
  66.862  -96.998       3.9450
  66.862  -92.562       3.9450
  66.862  -88.126       3.9450
  66.862  -83.690       3.9450
  66.862  -79.254       3.9450
  66.862  -74.818       3.9450
  66.862  -70.382       3.9450
  66.862  -65.946       3.9450
  66.862  -61.510       3.9450
  66.862  -57.074       3.9450
  66.862  -52.638       3.9450
  66.862  -48.202       3.9450
  66.862  -43.766       3.9450
  66.862  -39.330       3.9450
  66.862  -34.894       3.9450
  66.862  -30.458       3.9450
  66.862  -26.022       3.9450
  66.862  -21.586       3.9450
  66.862  -17.150       3.9450
  66.862  -12.714       3.9450
  66.862   -8.278       3.9450
  66.862   -3.842       3.9450
  66.862    0.593       3.9450
  66.862    5.029       3.9450
  66.862    9.465       3.9450
  66.862   13.901       3.9450
  66.862   18.337       3.9450
  66.862   22.773       3.9450
  66.862   27.209       3.9450
  66.862   31.645       3.9450
  66.862   36.081       3.9450
  66.862   40.517       3.9450
  66.862   44.953       3.9450
  66.862   49.389       3.9450
  66.862   53.825       3.9450
  66.862   58.261       3.9450
  66.862   62.697       3.9450
  66.862   67.133       3.9450
  66.862   71.569       3.9450
  66.862   76.005       3.9450
  66.862   80.441       3.1186
  66.862   84.877       2.1023
  66.862   89.313       1.9585
  66.862   93.749       2.0027
  66.862   98.185       2.3717
  66.862  102.621       2.5723
  66.862  107.057       3.1186
  66.862  111.492       3.9450
  66.862  115.928       3.9450
  66.862  120.364       2.8769
  66.862  124.800       1.8428
  66.862  129.236       1.6128
  66.862  133.672       1.5041
  66.862  138.108       2.5723
  66.862  142.544       3.9450
  66.862  146.980       2.7054
  66.862  151.416       3.9450
  66.862  155.852       3.9450
  66.862  160.288       1.9585
  66.862  164.724       2.1591
  66.862  169.160       1.6128
  66.862  173.596       1.5670
  66.862  178.032       1.2624
  66.862  182.468       1.1215
  66.862  186.904       1.3036
  66.862  191.340       1.4657
  66.862  195.776       1.7765
  66.862  200.212       1.5453
  66.862  204.648       2.1591
  66.862  209.084       3.9450
  66.862  213.520       3.9450
  66.862  217.956       3.9450
  66.862  222.391       3.9450
  66.862  226.827       3.9450
  66.862  231.263       3.9450
  66.862  235.699       3.9450
  66.862  240.135       3.9450
  66.862  244.571       3.9450
  66.862  249.007       3.9450
  66.862  253.443       3.9450
  66.862  257.879       3.9450
  66.862  262.315       3.9450
  66.862  266.751       3.9450
  66.862  271.187       3.9450
  71.848 -167.973       3.9450
  71.848 -163.537       3.9450
  71.848 -159.101       3.9450
  71.848 -154.665       3.9450
  71.848 -150.229       3.9450
  71.848 -145.793       3.9450
  71.848 -141.357       3.9450
  71.848 -136.921       3.9450
  71.848 -132.485       3.9450
  71.848 -128.049       3.9450
  71.848 -123.613       3.9450
  71.848 -119.177       3.9450
  71.848 -114.741       3.9450
  71.848 -110.306       3.9450
  71.848 -105.870       3.9450
  71.848 -101.434       3.9450
  71.848  -96.998       3.9450
  71.848  -92.562       3.9450
  71.848  -88.126       3.9450
  71.848  -83.690       3.9450
  71.848  -79.254       3.9450
  71.848  -74.818       3.9450
  71.848  -70.382       3.9450
  71.848  -65.946       3.9450
  71.848  -61.510       3.9450
  71.848  -57.074       3.9450
  71.848  -52.638       3.9450
  71.848  -48.202       3.9450
  71.848  -43.766       3.9450
  71.848  -39.330       3.9450
  71.848  -34.894       3.9450
  71.848  -30.458       3.9450
  71.848  -26.022       3.9450
  71.848  -21.586       3.9450
  71.848  -17.150       3.9450
  71.848  -12.714       3.9450
  71.848   -8.278       3.9450
  71.848   -3.842       3.9450
  71.848    0.593       3.9450
  71.848    5.029       3.9450
  71.848    9.465       3.9450
  71.848   13.901       3.9450
  71.848   18.337       3.9450
  71.848   22.773       3.9450
  71.848   27.209       3.9450
  71.848   31.645       3.9450
  71.848   36.081       3.9450
  71.848   40.517       3.9450
  71.848   44.953       3.9450
  71.848   49.389       3.9450
  71.848   53.825       3.9450
  71.848   58.261       3.9450
  71.848   62.697       3.9450
  71.848   67.133       3.9450
  71.848   71.569       3.9450
  71.848   76.005       3.1186
  71.848   80.441       2.7054
  71.848   84.877       2.2921
  71.848   89.313       2.8769
  71.848   93.749       1.6891
  71.848   98.185       1.6891
  71.848  102.621       2.2921
  71.848  107.057       2.5723
  71.848  111.492       2.5723
  71.848  115.928       3.9450
  71.848  120.364       3.9450
  71.848  124.800       2.4636
  71.848  129.236       2.1023
  71.848  133.672       2.2921
  71.848  138.108       2.5723
  71.848  142.544       2.7054
  71.848  146.980       2.0027
  71.848  151.416       3.1186
  71.848  155.852       2.8769
  71.848  160.288       1.6372
  71.848  164.724       1.4657
  71.848  169.160       1.3632
  71.848  173.596       0.9269
  71.848  178.032       1.0076
  71.848  182.468       1.0251
  71.848  186.904       1.3477
  71.848  191.340       1.7168
  71.848  195.776       1.6891
  71.848  200.212       2.0504
  71.848  204.648       3.9450
  71.848  209.084       3.9450
  71.848  213.520       3.9450
  71.848  217.956       3.9450
  71.848  222.391       3.9450
  71.848  226.827       3.9450
  71.848  231.263       3.9450
  71.848  235.699       3.9450
  71.848  240.135       3.9450
  71.848  244.571       3.9450
  71.848  249.007       3.9450
  71.848  253.443       3.9450
  71.848  257.879       3.9450
  71.848  262.315       3.9450
  71.848  266.751       3.9450
  71.848  271.187       3.9450
  76.834 -167.973       3.9450
  76.834 -163.537       3.9450
  76.834 -159.101       3.9450
  76.834 -154.665       3.9450
  76.834 -150.229       3.9450
  76.834 -145.793       3.9450
  76.834 -141.357       3.9450
  76.834 -136.921       3.9450
  76.834 -132.485       3.9450
  76.834 -128.049       3.9450
  76.834 -123.613       3.9450
  76.834 -119.177       3.9450
  76.834 -114.741       3.9450
  76.834 -110.306       3.9450
  76.834 -105.870       3.9450
  76.834 -101.434       3.9450
  76.834  -96.998       3.9450
  76.834  -92.562       3.9450
  76.834  -88.126       3.9450
  76.834  -83.690       3.9450
  76.834  -79.254       3.9450
  76.834  -74.818       3.9450
  76.834  -70.382       3.9450
  76.834  -65.946       3.9450
  76.834  -61.510       3.9450
  76.834  -57.074       3.9450
  76.834  -52.638       3.9450
  76.834  -48.202       3.9450
  76.834  -43.766       3.9450
  76.834  -39.330       3.9450
  76.834  -34.894       3.9450
  76.834  -30.458       3.9450
  76.834  -26.022       3.9450
  76.834  -21.586       3.9450
  76.834  -17.150       3.9450
  76.834  -12.714       3.9450
  76.834   -8.278       3.9450
  76.834   -3.842       3.9450
  76.834    0.593       3.9450
  76.834    5.029       3.9450
  76.834    9.465       3.9450
  76.834   13.901       3.9450
  76.834   18.337       3.9450
  76.834   22.773       3.9450
  76.834   27.209       3.9450
  76.834   31.645       3.9450
  76.834   36.081       3.9450
  76.834   40.517       3.9450
  76.834   44.953       3.9450
  76.834   49.389       3.9450
  76.834   53.825       3.9450
  76.834   58.261       3.9450
  76.834   62.697       3.9450
  76.834   67.133       3.9450
  76.834   71.569       3.9450
  76.834   76.005       3.9450
  76.834   80.441       3.9450
  76.834   84.877       3.9450
  76.834   89.313       2.8769
  76.834   93.749       2.5723
  76.834   98.185       2.0504
  76.834  102.621       2.0504
  76.834  107.057       2.3717
  76.834  111.492       2.7054
  76.834  115.928       3.1186
  76.834  120.364       3.1186
  76.834  124.800       2.4636
  76.834  129.236       2.8769
  76.834  133.672       3.5318
  76.834  138.108       3.9450
  76.834  142.544       1.8428
  76.834  146.980       1.2758
  76.834  151.416       1.6372
  76.834  155.852       1.5244
  76.834  160.288       1.0524
  76.834  164.724       0.9269
  76.834  169.160       1.3179
  76.834  173.596       1.2895
  76.834  178.032       1.2493
  76.834  182.468       0.9047
  76.834  186.904       1.2493
  76.834  191.340       1.4123
  76.834  195.776       2.2219
  76.834  200.212       3.1186
  76.834  204.648       3.9450
  76.834  209.084       3.9450
  76.834  213.520       3.9450
  76.834  217.956       3.9450
  76.834  222.391       3.9450
  76.834  226.827       3.9450
  76.834  231.263       3.9450
  76.834  235.699       3.9450
  76.834  240.135       3.9450
  76.834  244.571       3.9450
  76.834  249.007       3.9450
  76.834  253.443       3.9450
  76.834  257.879       3.9450
  76.834  262.315       3.9450
  76.834  266.751       3.9450
  76.834  271.187       3.9450
  81.820 -167.973       3.9450
  81.820 -163.537       3.9450
  81.820 -159.101       3.9450
  81.820 -154.665       3.9450
  81.820 -150.229       3.9450
  81.820 -145.793       3.9450
  81.820 -141.357       3.9450
  81.820 -136.921       3.9450
  81.820 -132.485       3.9450
  81.820 -128.049       3.9450
  81.820 -123.613       3.9450
  81.820 -119.177       3.9450
  81.820 -114.741       3.9450
  81.820 -110.306       3.9450
  81.820 -105.870       3.9450
  81.820 -101.434       3.9450
  81.820  -96.998       3.9450
  81.820  -92.562       3.9450
  81.820  -88.126       3.9450
  81.820  -83.690       3.9450
  81.820  -79.254       3.9450
  81.820  -74.818       3.9450
  81.820  -70.382       3.9450
  81.820  -65.946       3.9450
  81.820  -61.510       3.9450
  81.820  -57.074       3.9450
  81.820  -52.638       3.9450
  81.820  -48.202       3.9450
  81.820  -43.766       3.9450
  81.820  -39.330       3.9450
  81.820  -34.894       3.9450
  81.820  -30.458       3.9450
  81.820  -26.022       3.9450
  81.820  -21.586       3.9450
  81.820  -17.150       3.9450
  81.820  -12.714       3.9450
  81.820   -8.278       3.9450
  81.820   -3.842       3.9450
  81.820    0.593       3.9450
  81.820    5.029       3.9450
  81.820    9.465       3.9450
  81.820   13.901       3.9450
  81.820   18.337       3.9450
  81.820   22.773       3.9450
  81.820   27.209       3.9450
  81.820   31.645       3.9450
  81.820   36.081       3.9450
  81.820   40.517       3.9450
  81.820   44.953       3.9450
  81.820   49.389       3.9450
  81.820   53.825       3.9450
  81.820   58.261       3.9450
  81.820   62.697       3.9450
  81.820   67.133       3.9450
  81.820   71.569       3.9450
  81.820   76.005       3.9450
  81.820   80.441       3.9450
  81.820   84.877       3.9450
  81.820   89.313       3.9450
  81.820   93.749       3.9450
  81.820   98.185       3.5318
  81.820  102.621       2.2921
  81.820  107.057       3.1186
  81.820  111.492       3.9450
  81.820  115.928       3.5318
  81.820  120.364       2.0504
  81.820  124.800       1.7459
  81.820  129.236       2.7054
  81.820  133.672       3.5318
  81.820  138.108       3.9450
  81.820  142.544       2.2921
  81.820  146.980       1.5244
  81.820  151.416       1.2493
  81.820  155.852       1.1878
  81.820  160.288       1.1537
  81.820  164.724       1.3791
  81.820  169.160       1.6128
  81.820  173.596       1.7459
  81.820  178.032       1.3791
  81.820  182.468       1.2240
  81.820  186.904       1.4473
  81.820  191.340       1.9174
  81.820  195.776       2.8769
  81.820  200.212       3.9450
  81.820  204.648       3.9450
  81.820  209.084       3.9450
  81.820  213.520       3.9450
  81.820  217.956       3.9450
  81.820  222.391       3.9450
  81.820  226.827       3.9450
  81.820  231.263       3.9450
  81.820  235.699       3.9450
  81.820  240.135       3.9450
  81.820  244.571       3.9450
  81.820  249.007       3.9450
  81.820  253.443       3.9450
  81.820  257.879       3.9450
  81.820  262.315       3.9450
  81.820  266.751       3.9450
  81.820  271.187       3.9450
  86.806 -167.973       3.9450
  86.806 -163.537       3.9450
  86.806 -159.101       3.9450
  86.806 -154.665       3.9450
  86.806 -150.229       3.9450
  86.806 -145.793       3.9450
  86.806 -141.357       3.9450
  86.806 -136.921       3.9450
  86.806 -132.485       3.9450
  86.806 -128.049       3.9450
  86.806 -123.613       3.9450
  86.806 -119.177       3.9450
  86.806 -114.741       3.9450
  86.806 -110.306       3.9450
  86.806 -105.870       3.9450
  86.806 -101.434       3.9450
  86.806  -96.998       3.9450
  86.806  -92.562       3.9450
  86.806  -88.126       3.9450
  86.806  -83.690       3.9450
  86.806  -79.254       3.9450
  86.806  -74.818       3.9450
  86.806  -70.382       3.9450
  86.806  -65.946       3.9450
  86.806  -61.510       3.9450
  86.806  -57.074       3.9450
  86.806  -52.638       3.9450
  86.806  -48.202       3.9450
  86.806  -43.766       3.9450
  86.806  -39.330       3.9450
  86.806  -34.894       3.9450
  86.806  -30.458       3.9450
  86.806  -26.022       3.9450
  86.806  -21.586       3.9450
  86.806  -17.150       3.9450
  86.806  -12.714       3.9450
  86.806   -8.278       3.9450
  86.806   -3.842       3.9450
  86.806    0.593       3.9450
  86.806    5.029       3.9450
  86.806    9.465       3.9450
  86.806   13.901       3.9450
  86.806   18.337       3.9450
  86.806   22.773       3.9450
  86.806   27.209       3.9450
  86.806   31.645       3.9450
  86.806   36.081       3.9450
  86.806   40.517       3.9450
  86.806   44.953       3.9450
  86.806   49.389       3.9450
  86.806   53.825       3.9450
  86.806   58.261       3.9450
  86.806   62.697       3.9450
  86.806   67.133       3.9450
  86.806   71.569       3.9450
  86.806   76.005       3.9450
  86.806   80.441       3.9450
  86.806   84.877       3.9450
  86.806   89.313       3.9450
  86.806   93.749       3.9450
  86.806   98.185       3.9450
  86.806  102.621       3.9450
  86.806  107.057       3.9450
  86.806  111.492       3.9450
  86.806  115.928       3.9450
  86.806  120.364       2.7054
  86.806  124.800       1.9174
  86.806  129.236       1.8087
  86.806  133.672       2.8769
  86.806  138.108       2.8769
  86.806  142.544       2.2219
  86.806  146.980       1.7168
  86.806  151.416       1.4473
  86.806  155.852       2.1023
  86.806  160.288       2.2921
  86.806  164.724       2.0027
  86.806  169.160       2.7054
  86.806  173.596       2.2219
  86.806  178.032       2.2921
  86.806  182.468       2.0027
  86.806  186.904       2.0504
  86.806  191.340       2.1023
  86.806  195.776       3.5318
  86.806  200.212       3.9450
  86.806  204.648       3.9450
  86.806  209.084       3.9450
  86.806  213.520       3.9450
  86.806  217.956       3.9450
  86.806  222.391       3.9450
  86.806  226.827       3.9450
  86.806  231.263       3.9450
  86.806  235.699       3.9450
  86.806  240.135       3.9450
  86.806  244.571       3.9450
  86.806  249.007       3.9450
  86.806  253.443       3.9450
  86.806  257.879       3.9450
  86.806  262.315       3.9450
  86.806  266.751       3.9450
  86.806  271.187       3.9450
  91.792 -167.973       3.9450
  91.792 -163.537       3.9450
  91.792 -159.101       3.9450
  91.792 -154.665       3.9450
  91.792 -150.229       3.9450
  91.792 -145.793       3.9450
  91.792 -141.357       3.9450
  91.792 -136.921       3.9450
  91.792 -132.485       3.9450
  91.792 -128.049       3.9450
  91.792 -123.613       3.9450
  91.792 -119.177       3.9450
  91.792 -114.741       3.9450
  91.792 -110.306       3.9450
  91.792 -105.870       3.9450
  91.792 -101.434       3.9450
  91.792  -96.998       3.9450
  91.792  -92.562       3.9450
  91.792  -88.126       3.9450
  91.792  -83.690       3.9450
  91.792  -79.254       3.9450
  91.792  -74.818       3.9450
  91.792  -70.382       3.9450
  91.792  -65.946       3.9450
  91.792  -61.510       3.9450
  91.792  -57.074       3.9450
  91.792  -52.638       3.9450
  91.792  -48.202       3.9450
  91.792  -43.766       3.9450
  91.792  -39.330       3.9450
  91.792  -34.894       3.9450
  91.792  -30.458       3.9450
  91.792  -26.022       3.9450
  91.792  -21.586       3.9450
  91.792  -17.150       3.9450
  91.792  -12.714       3.9450
  91.792   -8.278       3.9450
  91.792   -3.842       3.9450
  91.792    0.593       3.9450
  91.792    5.029       3.9450
  91.792    9.465       3.9450
  91.792   13.901       3.9450
  91.792   18.337       3.9450
  91.792   22.773       3.9450
  91.792   27.209       3.9450
  91.792   31.645       3.9450
  91.792   36.081       3.9450
  91.792   40.517       3.9450
  91.792   44.953       3.9450
  91.792   49.389       3.9450
  91.792   53.825       3.9450
  91.792   58.261       3.9450
  91.792   62.697       3.9450
  91.792   67.133       3.9450
  91.792   71.569       3.9450
  91.792   76.005       3.9450
  91.792   80.441       3.9450
  91.792   84.877       3.9450
  91.792   89.313       3.9450
  91.792   93.749       3.9450
  91.792   98.185       3.9450
  91.792  102.621       3.9450
  91.792  107.057       3.9450
  91.792  111.492       3.9450
  91.792  115.928       3.9450
  91.792  120.364       3.9450
  91.792  124.800       3.1186
  91.792  129.236       1.8789
  91.792  133.672       2.2219
  91.792  138.108       3.1186
  91.792  142.544       2.1023
  91.792  146.980       1.8087
  91.792  151.416       2.2921
  91.792  155.852       2.4636
  91.792  160.288       2.5723
  91.792  164.724       2.5723
  91.792  169.160       2.2921
  91.792  173.596       2.4636
  91.792  178.032       2.7054
  91.792  182.468       2.1591
  91.792  186.904       2.1591
  91.792  191.340       3.5318
  91.792  195.776       3.9450
  91.792  200.212       3.9450
  91.792  204.648       3.9450
  91.792  209.084       3.9450
  91.792  213.520       3.9450
  91.792  217.956       3.9450
  91.792  222.391       3.9450
  91.792  226.827       3.9450
  91.792  231.263       3.9450
  91.792  235.699       3.9450
  91.792  240.135       3.9450
  91.792  244.571       3.9450
  91.792  249.007       3.9450
  91.792  253.443       3.9450
  91.792  257.879       3.9450
  91.792  262.315       3.9450
  91.792  266.751       3.9450
  91.792  271.187       3.9450
  96.778 -167.973       3.9450
  96.778 -163.537       3.9450
  96.778 -159.101       3.9450
  96.778 -154.665       3.9450
  96.778 -150.229       3.9450
  96.778 -145.793       3.9450
  96.778 -141.357       3.9450
  96.778 -136.921       3.9450
  96.778 -132.485       3.9450
  96.778 -128.049       3.9450
  96.778 -123.613       3.9450
  96.778 -119.177       3.9450
  96.778 -114.741       3.9450
  96.778 -110.306       3.9450
  96.778 -105.870       3.9450
  96.778 -101.434       3.9450
  96.778  -96.998       3.9450
  96.778  -92.562       3.9450
  96.778  -88.126       3.9450
  96.778  -83.690       3.9450
  96.778  -79.254       3.9450
  96.778  -74.818       3.9450
  96.778  -70.382       3.9450
  96.778  -65.946       3.9450
  96.778  -61.510       3.9450
  96.778  -57.074       3.9450
  96.778  -52.638       3.9450
  96.778  -48.202       3.9450
  96.778  -43.766       3.9450
  96.778  -39.330       3.9450
  96.778  -34.894       3.9450
  96.778  -30.458       3.9450
  96.778  -26.022       3.9450
  96.778  -21.586       3.9450
  96.778  -17.150       3.9450
  96.778  -12.714       3.9450
  96.778   -8.278       3.9450
  96.778   -3.842       3.9450
  96.778    0.593       3.9450
  96.778    5.029       3.9450
  96.778    9.465       3.9450
  96.778   13.901       3.9450
  96.778   18.337       3.9450
  96.778   22.773       3.9450
  96.778   27.209       3.9450
  96.778   31.645       3.9450
  96.778   36.081       3.9450
  96.778   40.517       3.9450
  96.778   44.953       3.9450
  96.778   49.389       3.9450
  96.778   53.825       3.9450
  96.778   58.261       3.9450
  96.778   62.697       3.9450
  96.778   67.133       3.9450
  96.778   71.569       3.9450
  96.778   76.005       3.9450
  96.778   80.441       3.9450
  96.778   84.877       3.9450
  96.778   89.313       3.9450
  96.778   93.749       3.9450
  96.778   98.185       3.9450
  96.778  102.621       3.9450
  96.778  107.057       3.9450
  96.778  111.492       3.9450
  96.778  115.928       3.9450
  96.778  120.364       3.9450
  96.778  124.800       2.3717
  96.778  129.236       1.6626
  96.778  133.672       2.2921
  96.778  138.108       2.8769
  96.778  142.544       2.0504
  96.778  146.980       2.2921
  96.778  151.416       2.4636
  96.778  155.852       3.5318
  96.778  160.288       3.9450
  96.778  164.724       3.9450
  96.778  169.160       3.9450
  96.778  173.596       3.9450
  96.778  178.032       3.9450
  96.778  182.468       3.5318
  96.778  186.904       3.9450
  96.778  191.340       3.9450
  96.778  195.776       3.9450
  96.778  200.212       3.9450
  96.778  204.648       3.9450
  96.778  209.084       3.9450
  96.778  213.520       3.9450
  96.778  217.956       3.9450
  96.778  222.391       3.9450
  96.778  226.827       3.9450
  96.778  231.263       3.9450
  96.778  235.699       3.9450
  96.778  240.135       3.9450
  96.778  244.571       3.9450
  96.778  249.007       3.9450
  96.778  253.443       3.9450
  96.778  257.879       3.9450
  96.778  262.315       3.9450
  96.778  266.751       3.9450
  96.778  271.187       3.9450
 101.764 -167.973       3.9450
 101.764 -163.537       3.9450
 101.764 -159.101       3.9450
 101.764 -154.665       3.9450
 101.764 -150.229       3.9450
 101.764 -145.793       3.9450
 101.764 -141.357       3.9450
 101.764 -136.921       3.9450
 101.764 -132.485       3.9450
 101.764 -128.049       3.9450
 101.764 -123.613       3.9450
 101.764 -119.177       3.9450
 101.764 -114.741       3.9450
 101.764 -110.306       3.9450
 101.764 -105.870       3.9450
 101.764 -101.434       3.9450
 101.764  -96.998       3.9450
 101.764  -92.562       3.9450
 101.764  -88.126       3.9450
 101.764  -83.690       3.9450
 101.764  -79.254       3.9450
 101.764  -74.818       3.9450
 101.764  -70.382       3.9450
 101.764  -65.946       3.9450
 101.764  -61.510       3.9450
 101.764  -57.074       3.9450
 101.764  -52.638       3.9450
 101.764  -48.202       3.9450
 101.764  -43.766       3.9450
 101.764  -39.330       3.9450
 101.764  -34.894       3.9450
 101.764  -30.458       3.9450
 101.764  -26.022       3.9450
 101.764  -21.586       3.9450
 101.764  -17.150       3.9450
 101.764  -12.714       3.9450
 101.764   -8.278       3.9450
 101.764   -3.842       3.9450
 101.764    0.593       3.9450
 101.764    5.029       3.9450
 101.764    9.465       3.9450
 101.764   13.901       3.9450
 101.764   18.337       3.9450
 101.764   22.773       3.9450
 101.764   27.209       3.9450
 101.764   31.645       3.9450
 101.764   36.081       3.9450
 101.764   40.517       3.9450
 101.764   44.953       3.9450
 101.764   49.389       3.9450
 101.764   53.825       3.9450
 101.764   58.261       3.9450
 101.764   62.697       3.9450
 101.764   67.133       3.9450
 101.764   71.569       3.9450
 101.764   76.005       3.9450
 101.764   80.441       3.9450
 101.764   84.877       3.9450
 101.764   89.313       3.9450
 101.764   93.749       3.9450
 101.764   98.185       3.9450
 101.764  102.621       3.9450
 101.764  107.057       3.9450
 101.764  111.492       3.9450
 101.764  115.928       3.9450
 101.764  120.364       3.9450
 101.764  124.800       2.8769
 101.764  129.236       2.7054
 101.764  133.672       2.5723
 101.764  138.108       2.7054
 101.764  142.544       2.2921
 101.764  146.980       2.5723
 101.764  151.416       3.9450
 101.764  155.852       3.9450
 101.764  160.288       3.9450
 101.764  164.724       3.9450
 101.764  169.160       3.9450
 101.764  173.596       3.9450
 101.764  178.032       3.9450
 101.764  182.468       3.9450
 101.764  186.904       3.9450
 101.764  191.340       3.9450
 101.764  195.776       3.9450
 101.764  200.212       3.9450
 101.764  204.648       3.9450
 101.764  209.084       3.9450
 101.764  213.520       3.9450
 101.764  217.956       3.9450
 101.764  222.391       3.9450
 101.764  226.827       3.9450
 101.764  231.263       3.9450
 101.764  235.699       3.9450
 101.764  240.135       3.9450
 101.764  244.571       3.9450
 101.764  249.007       3.9450
 101.764  253.443       3.9450
 101.764  257.879       3.9450
 101.764  262.315       3.9450
 101.764  266.751       3.9450
 101.764  271.187       3.9450
