-162.254   32.289       4.0142
-162.254   34.539       4.0142
-162.254   36.789       4.0142
-162.254   39.038       4.0142
-162.254   41.288       4.0142
-162.254   43.538       4.0142
-162.254   45.788       4.0142
-162.254   48.037       4.0142
-162.254   50.287       4.0142
-162.254   52.537       4.0142
-162.254   54.787       4.0142
-162.254   57.037       4.0142
-162.254   59.286       4.0142
-162.254   61.536       4.0142
-162.254   63.786       4.0142
-162.254   66.036       4.0142
-162.254   68.285       4.0142
-162.254   70.535       4.0142
-162.254   72.785       4.0142
-162.254   75.035       4.0142
-162.254   77.285       4.0142
-162.254   79.534       4.0142
-162.254   81.784       4.0142
-162.254   84.034       4.0142
-162.254   86.284       4.0142
-162.254   88.534       4.0142
-162.254   90.783       4.0142
-162.254   93.033       4.0142
-162.254   95.283       4.0142
-162.254   97.533       4.0142
-162.254   99.782       4.0142
-162.254  102.032       4.0142
-162.254  104.282       3.6010
-162.254  106.532       4.0142
-162.254  108.782       4.0142
-162.254  111.031       4.0142
-162.254  113.281       4.0142
-162.254  115.531       4.0142
-162.254  117.781       4.0142
-162.254  120.030       4.0142
-162.254  122.280       4.0142
-162.254  124.530       4.0142
-162.254  126.780       4.0142
-162.254  129.030       4.0142
-162.254  131.279       4.0142
-162.254  133.529       4.0142
-162.254  135.779       4.0142
-162.254  138.029       4.0142
-162.254  140.278       4.0142
-162.254  142.528       4.0142
-162.254  144.778       4.0142
-162.254  147.028       4.0142
-162.254  149.278       4.0142
-162.254  151.527       4.0142
-162.254  153.777       4.0142
-162.254  156.027       4.0142
-162.254  158.277       4.0142
-162.254  160.526       4.0142
-162.254  162.776       4.0142
-162.254  165.026       4.0142
-162.254  167.276       4.0142
-162.254  169.526       4.0142
-162.254  171.775       4.0142
-162.254  174.025       4.0142
-162.254  176.275       4.0142
-162.254  178.525       2.9460
-162.254  180.774       4.0142
-162.254  183.024       4.0142
-162.254  185.274       4.0142
-162.254  187.524       4.0142
-162.254  189.774       4.0142
-162.254  192.023       4.0142
-162.254  194.273       4.0142
-162.254  196.523       4.0142
-162.254  198.773       4.0142
-162.254  201.022       4.0142
-162.254  203.272       4.0142
-162.254  205.522       4.0142
-162.254  207.772       4.0142
-162.254  210.022       4.0142
-162.254  212.271       4.0142
-162.254  214.521       4.0142
-162.254  216.771       4.0142
-162.254  219.021       4.0142
-162.254  221.271       4.0142
-162.254  223.520       4.0142
-162.254  225.770       4.0142
-162.254  228.020       4.0142
-162.254  230.270       4.0142
-162.254  232.519       4.0142
-162.254  234.769       4.0142
-162.254  237.019       4.0142
-162.254  239.269       4.0142
-162.254  241.519       4.0142
-162.254  243.768       4.0142
-162.254  246.018       4.0142
-162.254  248.268       4.0142
-162.254  250.518       4.0142
-162.254  252.767       4.0142
-162.254  255.017       4.0142
-159.346   32.289       4.0142
-159.346   34.539       4.0142
-159.346   36.789       4.0142
-159.346   39.038       4.0142
-159.346   41.288       4.0142
-159.346   43.538       4.0142
-159.346   45.788       4.0142
-159.346   48.037       4.0142
-159.346   50.287       4.0142
-159.346   52.537       4.0142
-159.346   54.787       4.0142
-159.346   57.037       4.0142
-159.346   59.286       4.0142
-159.346   61.536       4.0142
-159.346   63.786       4.0142
-159.346   66.036       4.0142
-159.346   68.285       4.0142
-159.346   70.535       4.0142
-159.346   72.785       4.0142
-159.346   75.035       4.0142
-159.346   77.285       4.0142
-159.346   79.534       4.0142
-159.346   81.784       4.0142
-159.346   84.034       4.0142
-159.346   86.284       4.0142
-159.346   88.534       4.0142
-159.346   90.783       4.0142
-159.346   93.033       4.0142
-159.346   95.283       4.0142
-159.346   97.533       4.0142
-159.346   99.782       4.0142
-159.346  102.032       4.0142
-159.346  104.282       4.0142
-159.346  106.532       4.0142
-159.346  108.782       4.0142
-159.346  111.031       4.0142
-159.346  113.281       4.0142
-159.346  115.531       4.0142
-159.346  117.781       4.0142
-159.346  120.030       4.0142
-159.346  122.280       4.0142
-159.346  124.530       4.0142
-159.346  126.780       4.0142
-159.346  129.030       4.0142
-159.346  131.279       4.0142
-159.346  133.529       4.0142
-159.346  135.779       4.0142
-159.346  138.029       4.0142
-159.346  140.278       4.0142
-159.346  142.528       4.0142
-159.346  144.778       4.0142
-159.346  147.028       4.0142
-159.346  149.278       4.0142
-159.346  151.527       4.0142
-159.346  153.777       4.0142
-159.346  156.027       4.0142
-159.346  158.277       4.0142
-159.346  160.526       4.0142
-159.346  162.776       4.0142
-159.346  165.026       4.0142
-159.346  167.276       4.0142
-159.346  169.526       4.0142
-159.346  171.775       4.0142
-159.346  174.025       4.0142
-159.346  176.275       3.1877
-159.346  178.525       3.1877
-159.346  180.774       2.7745
-159.346  183.024       2.9460
-159.346  185.274       4.0142
-159.346  187.524       4.0142
-159.346  189.774       4.0142
-159.346  192.023       3.6010
-159.346  194.273       4.0142
-159.346  196.523       4.0142
-159.346  198.773       4.0142
-159.346  201.022       4.0142
-159.346  203.272       4.0142
-159.346  205.522       4.0142
-159.346  207.772       4.0142
-159.346  210.022       4.0142
-159.346  212.271       4.0142
-159.346  214.521       4.0142
-159.346  216.771       4.0142
-159.346  219.021       4.0142
-159.346  221.271       4.0142
-159.346  223.520       4.0142
-159.346  225.770       4.0142
-159.346  228.020       4.0142
-159.346  230.270       4.0142
-159.346  232.519       4.0142
-159.346  234.769       4.0142
-159.346  237.019       4.0142
-159.346  239.269       4.0142
-159.346  241.519       4.0142
-159.346  243.768       4.0142
-159.346  246.018       4.0142
-159.346  248.268       4.0142
-159.346  250.518       4.0142
-159.346  252.767       4.0142
-159.346  255.017       4.0142
-156.437   32.289       4.0142
-156.437   34.539       4.0142
-156.437   36.789       4.0142
-156.437   39.038       4.0142
-156.437   41.288       4.0142
-156.437   43.538       4.0142
-156.437   45.788       4.0142
-156.437   48.037       4.0142
-156.437   50.287       4.0142
-156.437   52.537       4.0142
-156.437   54.787       4.0142
-156.437   57.037       4.0142
-156.437   59.286       4.0142
-156.437   61.536       4.0142
-156.437   63.786       4.0142
-156.437   66.036       4.0142
-156.437   68.285       4.0142
-156.437   70.535       4.0142
-156.437   72.785       4.0142
-156.437   75.035       4.0142
-156.437   77.285       4.0142
-156.437   79.534       4.0142
-156.437   81.784       4.0142
-156.437   84.034       4.0142
-156.437   86.284       4.0142
-156.437   88.534       4.0142
-156.437   90.783       4.0142
-156.437   93.033       4.0142
-156.437   95.283       4.0142
-156.437   97.533       4.0142
-156.437   99.782       4.0142
-156.437  102.032       4.0142
-156.437  104.282       4.0142
-156.437  106.532       4.0142
-156.437  108.782       4.0142
-156.437  111.031       4.0142
-156.437  113.281       4.0142
-156.437  115.531       4.0142
-156.437  117.781       4.0142
-156.437  120.030       4.0142
-156.437  122.280       4.0142
-156.437  124.530       4.0142
-156.437  126.780       4.0142
-156.437  129.030       4.0142
-156.437  131.279       4.0142
-156.437  133.529       4.0142
-156.437  135.779       4.0142
-156.437  138.029       4.0142
-156.437  140.278       4.0142
-156.437  142.528       4.0142
-156.437  144.778       4.0142
-156.437  147.028       4.0142
-156.437  149.278       4.0142
-156.437  151.527       4.0142
-156.437  153.777       4.0142
-156.437  156.027       4.0142
-156.437  158.277       4.0142
-156.437  160.526       4.0142
-156.437  162.776       4.0142
-156.437  165.026       4.0142
-156.437  167.276       4.0142
-156.437  169.526       2.4409
-156.437  171.775       4.0142
-156.437  174.025       2.9460
-156.437  176.275       3.6010
-156.437  178.525       2.7745
-156.437  180.774       2.0277
-156.437  183.024       1.6820
-156.437  185.274       2.0718
-156.437  187.524       2.5328
-156.437  189.774       2.4409
-156.437  192.023       3.1877
-156.437  194.273       2.6415
-156.437  196.523       3.6010
-156.437  198.773       4.0142
-156.437  201.022       4.0142
-156.437  203.272       4.0142
-156.437  205.522       4.0142
-156.437  207.772       4.0142
-156.437  210.022       4.0142
-156.437  212.271       4.0142
-156.437  214.521       4.0142
-156.437  216.771       4.0142
-156.437  219.021       4.0142
-156.437  221.271       4.0142
-156.437  223.520       4.0142
-156.437  225.770       4.0142
-156.437  228.020       4.0142
-156.437  230.270       4.0142
-156.437  232.519       4.0142
-156.437  234.769       4.0142
-156.437  237.019       4.0142
-156.437  239.269       4.0142
-156.437  241.519       4.0142
-156.437  243.768       4.0142
-156.437  246.018       4.0142
-156.437  248.268       4.0142
-156.437  250.518       4.0142
-156.437  252.767       4.0142
-156.437  255.017       4.0142
-153.529   32.289       4.0142
-153.529   34.539       4.0142
-153.529   36.789       4.0142
-153.529   39.038       4.0142
-153.529   41.288       4.0142
-153.529   43.538       4.0142
-153.529   45.788       4.0142
-153.529   48.037       4.0142
-153.529   50.287       4.0142
-153.529   52.537       4.0142
-153.529   54.787       4.0142
-153.529   57.037       4.0142
-153.529   59.286       4.0142
-153.529   61.536       4.0142
-153.529   63.786       4.0142
-153.529   66.036       4.0142
-153.529   68.285       4.0142
-153.529   70.535       4.0142
-153.529   72.785       4.0142
-153.529   75.035       4.0142
-153.529   77.285       4.0142
-153.529   79.534       4.0142
-153.529   81.784       4.0142
-153.529   84.034       4.0142
-153.529   86.284       4.0142
-153.529   88.534       4.0142
-153.529   90.783       4.0142
-153.529   93.033       4.0142
-153.529   95.283       4.0142
-153.529   97.533       4.0142
-153.529   99.782       4.0142
-153.529  102.032       4.0142
-153.529  104.282       4.0142
-153.529  106.532       4.0142
-153.529  108.782       4.0142
-153.529  111.031       4.0142
-153.529  113.281       4.0142
-153.529  115.531       4.0142
-153.529  117.781       4.0142
-153.529  120.030       4.0142
-153.529  122.280       4.0142
-153.529  124.530       4.0142
-153.529  126.780       4.0142
-153.529  129.030       4.0142
-153.529  131.279       4.0142
-153.529  133.529       4.0142
-153.529  135.779       4.0142
-153.529  138.029       4.0142
-153.529  140.278       4.0142
-153.529  142.528       4.0142
-153.529  144.778       4.0142
-153.529  147.028       4.0142
-153.529  149.278       4.0142
-153.529  151.527       4.0142
-153.529  153.777       4.0142
-153.529  156.027       4.0142
-153.529  158.277       4.0142
-153.529  160.526       3.6010
-153.529  162.776       2.9460
-153.529  165.026       3.6010
-153.529  167.276       2.6415
-153.529  169.526       2.7745
-153.529  171.775       2.7745
-153.529  174.025       2.4409
-153.529  176.275       2.2911
-153.529  178.525       1.7859
-153.529  180.774       1.3727
-153.529  183.024       1.2688
-153.529  185.274       1.1701
-153.529  187.524       1.4987
-153.529  189.774       2.0277
-153.529  192.023       2.6415
-153.529  194.273       2.4409
-153.529  196.523       2.7745
-153.529  198.773       4.0142
-153.529  201.022       4.0142
-153.529  203.272       4.0142
-153.529  205.522       4.0142
-153.529  207.772       4.0142
-153.529  210.022       4.0142
-153.529  212.271       4.0142
-153.529  214.521       4.0142
-153.529  216.771       4.0142
-153.529  219.021       4.0142
-153.529  221.271       4.0142
-153.529  223.520       4.0142
-153.529  225.770       4.0142
-153.529  228.020       4.0142
-153.529  230.270       4.0142
-153.529  232.519       4.0142
-153.529  234.769       4.0142
-153.529  237.019       4.0142
-153.529  239.269       4.0142
-153.529  241.519       4.0142
-153.529  243.768       4.0142
-153.529  246.018       4.0142
-153.529  248.268       4.0142
-153.529  250.518       4.0142
-153.529  252.767       4.0142
-153.529  255.017       4.0142
-150.621   32.289       4.0142
-150.621   34.539       4.0142
-150.621   36.789       4.0142
-150.621   39.038       4.0142
-150.621   41.288       4.0142
-150.621   43.538       4.0142
-150.621   45.788       4.0142
-150.621   48.037       4.0142
-150.621   50.287       4.0142
-150.621   52.537       4.0142
-150.621   54.787       4.0142
-150.621   57.037       4.0142
-150.621   59.286       4.0142
-150.621   61.536       4.0142
-150.621   63.786       4.0142
-150.621   66.036       4.0142
-150.621   68.285       4.0142
-150.621   70.535       4.0142
-150.621   72.785       4.0142
-150.621   75.035       4.0142
-150.621   77.285       4.0142
-150.621   79.534       4.0142
-150.621   81.784       4.0142
-150.621   84.034       4.0142
-150.621   86.284       4.0142
-150.621   88.534       4.0142
-150.621   90.783       4.0142
-150.621   93.033       4.0142
-150.621   95.283       4.0142
-150.621   97.533       4.0142
-150.621   99.782       4.0142
-150.621  102.032       4.0142
-150.621  104.282       4.0142
-150.621  106.532       4.0142
-150.621  108.782       4.0142
-150.621  111.031       4.0142
-150.621  113.281       4.0142
-150.621  115.531       4.0142
-150.621  117.781       4.0142
-150.621  120.030       4.0142
-150.621  122.280       4.0142
-150.621  124.530       4.0142
-150.621  126.780       4.0142
-150.621  129.030       4.0142
-150.621  131.279       4.0142
-150.621  133.529       4.0142
-150.621  135.779       4.0142
-150.621  138.029       4.0142
-150.621  140.278       4.0142
-150.621  142.528       4.0142
-150.621  144.778       4.0142
-150.621  147.028       4.0142
-150.621  149.278       4.0142
-150.621  151.527       4.0142
-150.621  153.777       4.0142
-150.621  156.027       4.0142
-150.621  158.277       3.6010
-150.621  160.526       3.1877
-150.621  162.776       2.0718
-150.621  165.026       1.7859
-150.621  167.276       1.8778
-150.621  169.526       1.9865
-150.621  171.775       1.6820
-150.621  174.025       1.5935
-150.621  176.275       2.0277
-150.621  178.525       1.6144
-150.621  180.774       1.4324
-150.621  183.024       0.9524
-150.621  185.274       0.9524
-150.621  187.524       1.1701
-150.621  189.774       1.6586
-150.621  192.023       1.5935
-150.621  194.273       1.9119
-150.621  196.523       3.1877
-150.621  198.773       4.0142
-150.621  201.022       4.0142
-150.621  203.272       4.0142
-150.621  205.522       4.0142
-150.621  207.772       4.0142
-150.621  210.022       4.0142
-150.621  212.271       4.0142
-150.621  214.521       4.0142
-150.621  216.771       4.0142
-150.621  219.021       4.0142
-150.621  221.271       4.0142
-150.621  223.520       4.0142
-150.621  225.770       4.0142
-150.621  228.020       4.0142
-150.621  230.270       4.0142
-150.621  232.519       4.0142
-150.621  234.769       4.0142
-150.621  237.019       4.0142
-150.621  239.269       4.0142
-150.621  241.519       4.0142
-150.621  243.768       4.0142
-150.621  246.018       4.0142
-150.621  248.268       4.0142
-150.621  250.518       4.0142
-150.621  252.767       4.0142
-150.621  255.017       4.0142
-147.712   32.289       4.0142
-147.712   34.539       4.0142
-147.712   36.789       4.0142
-147.712   39.038       4.0142
-147.712   41.288       4.0142
-147.712   43.538       4.0142
-147.712   45.788       4.0142
-147.712   48.037       4.0142
-147.712   50.287       4.0142
-147.712   52.537       4.0142
-147.712   54.787       4.0142
-147.712   57.037       4.0142
-147.712   59.286       4.0142
-147.712   61.536       4.0142
-147.712   63.786       4.0142
-147.712   66.036       4.0142
-147.712   68.285       4.0142
-147.712   70.535       4.0142
-147.712   72.785       4.0142
-147.712   75.035       4.0142
-147.712   77.285       4.0142
-147.712   79.534       4.0142
-147.712   81.784       4.0142
-147.712   84.034       4.0142
-147.712   86.284       4.0142
-147.712   88.534       4.0142
-147.712   90.783       4.0142
-147.712   93.033       4.0142
-147.712   95.283       4.0142
-147.712   97.533       4.0142
-147.712   99.782       4.0142
-147.712  102.032       4.0142
-147.712  104.282       4.0142
-147.712  106.532       4.0142
-147.712  108.782       4.0142
-147.712  111.031       4.0142
-147.712  113.281       4.0142
-147.712  115.531       4.0142
-147.712  117.781       4.0142
-147.712  120.030       4.0142
-147.712  122.280       4.0142
-147.712  124.530       4.0142
-147.712  126.780       4.0142
-147.712  129.030       4.0142
-147.712  131.279       4.0142
-147.712  133.529       4.0142
-147.712  135.779       4.0142
-147.712  138.029       4.0142
-147.712  140.278       4.0142
-147.712  142.528       4.0142
-147.712  144.778       4.0142
-147.712  147.028       4.0142
-147.712  149.278       4.0142
-147.712  151.527       4.0142
-147.712  153.777       3.1877
-147.712  156.027       2.6415
-147.712  158.277       1.9865
-147.712  160.526       1.9119
-147.712  162.776       1.4483
-147.712  165.026       1.2931
-147.712  167.276       1.1803
-147.712  169.526       1.1405
-147.712  171.775       0.9739
-147.712  174.025       1.1033
-147.712  176.275       1.6820
-147.712  178.525       1.5733
-147.712  180.774       1.3450
-147.712  183.024       1.0682
-147.712  185.274       1.0682
-147.712  187.524       1.1033
-147.712  189.774       1.1601
-147.712  192.023       1.4324
-147.712  194.273       2.0277
-147.712  196.523       2.7745
-147.712  198.773       3.6010
-147.712  201.022       4.0142
-147.712  203.272       4.0142
-147.712  205.522       4.0142
-147.712  207.772       4.0142
-147.712  210.022       4.0142
-147.712  212.271       4.0142
-147.712  214.521       4.0142
-147.712  216.771       4.0142
-147.712  219.021       4.0142
-147.712  221.271       4.0142
-147.712  223.520       4.0142
-147.712  225.770       4.0142
-147.712  228.020       4.0142
-147.712  230.270       4.0142
-147.712  232.519       4.0142
-147.712  234.769       4.0142
-147.712  237.019       4.0142
-147.712  239.269       4.0142
-147.712  241.519       4.0142
-147.712  243.768       4.0142
-147.712  246.018       4.0142
-147.712  248.268       4.0142
-147.712  250.518       4.0142
-147.712  252.767       4.0142
-147.712  255.017       4.0142
-144.804   32.289       4.0142
-144.804   34.539       4.0142
-144.804   36.789       4.0142
-144.804   39.038       4.0142
-144.804   41.288       4.0142
-144.804   43.538       4.0142
-144.804   45.788       4.0142
-144.804   48.037       4.0142
-144.804   50.287       4.0142
-144.804   52.537       4.0142
-144.804   54.787       4.0142
-144.804   57.037       4.0142
-144.804   59.286       4.0142
-144.804   61.536       4.0142
-144.804   63.786       4.0142
-144.804   66.036       4.0142
-144.804   68.285       4.0142
-144.804   70.535       4.0142
-144.804   72.785       4.0142
-144.804   75.035       4.0142
-144.804   77.285       4.0142
-144.804   79.534       4.0142
-144.804   81.784       4.0142
-144.804   84.034       4.0142
-144.804   86.284       4.0142
-144.804   88.534       4.0142
-144.804   90.783       4.0142
-144.804   93.033       4.0142
-144.804   95.283       4.0142
-144.804   97.533       4.0142
-144.804   99.782       4.0142
-144.804  102.032       4.0142
-144.804  104.282       4.0142
-144.804  106.532       4.0142
-144.804  108.782       4.0142
-144.804  111.031       4.0142
-144.804  113.281       4.0142
-144.804  115.531       4.0142
-144.804  117.781       4.0142
-144.804  120.030       4.0142
-144.804  122.280       4.0142
-144.804  124.530       4.0142
-144.804  126.780       4.0142
-144.804  129.030       4.0142
-144.804  131.279       4.0142
-144.804  133.529       4.0142
-144.804  135.779       4.0142
-144.804  138.029       4.0142
-144.804  140.278       4.0142
-144.804  142.528       4.0142
-144.804  144.778       4.0142
-144.804  147.028       4.0142
-144.804  149.278       4.0142
-144.804  151.527       3.1877
-144.804  153.777       2.1714
-144.804  156.027       1.9119
-144.804  158.277       1.5348
-144.804  160.526       0.9118
-144.804  162.776       0.8322
-144.804  165.026       0.7468
-144.804  167.276       0.6766
-144.804  169.526       0.5981
-144.804  171.775       0.4856
-144.804  174.025       0.5981
-144.804  176.275       0.8615
-144.804  178.525       1.2570
-144.804  180.774       1.5348
-144.804  183.024       1.5165
-144.804  185.274       1.3185
-144.804  187.524       1.4646
-144.804  189.774       1.2454
-144.804  192.023       1.3871
-144.804  194.273       1.5538
-144.804  196.523       2.2283
-144.804  198.773       3.1877
-144.804  201.022       4.0142
-144.804  203.272       4.0142
-144.804  205.522       4.0142
-144.804  207.772       4.0142
-144.804  210.022       4.0142
-144.804  212.271       4.0142
-144.804  214.521       4.0142
-144.804  216.771       4.0142
-144.804  219.021       4.0142
-144.804  221.271       4.0142
-144.804  223.520       4.0142
-144.804  225.770       4.0142
-144.804  228.020       4.0142
-144.804  230.270       4.0142
-144.804  232.519       4.0142
-144.804  234.769       4.0142
-144.804  237.019       4.0142
-144.804  239.269       4.0142
-144.804  241.519       4.0142
-144.804  243.768       4.0142
-144.804  246.018       4.0142
-144.804  248.268       4.0142
-144.804  250.518       4.0142
-144.804  252.767       4.0142
-144.804  255.017       4.0142
-141.896   32.289       4.0142
-141.896   34.539       4.0142
-141.896   36.789       4.0142
-141.896   39.038       4.0142
-141.896   41.288       4.0142
-141.896   43.538       4.0142
-141.896   45.788       4.0142
-141.896   48.037       4.0142
-141.896   50.287       4.0142
-141.896   52.537       4.0142
-141.896   54.787       4.0142
-141.896   57.037       4.0142
-141.896   59.286       4.0142
-141.896   61.536       4.0142
-141.896   63.786       4.0142
-141.896   66.036       4.0142
-141.896   68.285       4.0142
-141.896   70.535       4.0142
-141.896   72.785       4.0142
-141.896   75.035       4.0142
-141.896   77.285       4.0142
-141.896   79.534       4.0142
-141.896   81.784       4.0142
-141.896   84.034       4.0142
-141.896   86.284       4.0142
-141.896   88.534       4.0142
-141.896   90.783       4.0142
-141.896   93.033       4.0142
-141.896   95.283       4.0142
-141.896   97.533       4.0142
-141.896   99.782       4.0142
-141.896  102.032       4.0142
-141.896  104.282       4.0142
-141.896  106.532       4.0142
-141.896  108.782       4.0142
-141.896  111.031       4.0142
-141.896  113.281       4.0142
-141.896  115.531       4.0142
-141.896  117.781       4.0142
-141.896  120.030       4.0142
-141.896  122.280       4.0142
-141.896  124.530       4.0142
-141.896  126.780       4.0142
-141.896  129.030       4.0142
-141.896  131.279       4.0142
-141.896  133.529       4.0142
-141.896  135.779       4.0142
-141.896  138.029       4.0142
-141.896  140.278       4.0142
-141.896  142.528       4.0142
-141.896  144.778       4.0142
-141.896  147.028       4.0142
-141.896  149.278       4.0142
-141.896  151.527       2.9460
-141.896  153.777       2.7745
-141.896  156.027       2.6415
-141.896  158.277       1.7582
-141.896  160.526       1.1701
-141.896  162.776       1.1502
-141.896  165.026       0.8861
-141.896  167.276       0.5643
-141.896  169.526       0.4953
-141.896  171.775       0.3828
-141.896  174.025       0.3801
-141.896  176.275       0.5643
-141.896  178.525       1.0114
-141.896  180.774       1.0768
-141.896  183.024       1.4483
-141.896  185.274       1.5348
-141.896  187.524       1.3871
-141.896  189.774       1.1124
-141.896  192.023       1.3727
-141.896  194.273       1.6820
-141.896  196.523       2.1196
-141.896  198.773       3.6010
-141.896  201.022       3.6010
-141.896  203.272       4.0142
-141.896  205.522       4.0142
-141.896  207.772       4.0142
-141.896  210.022       4.0142
-141.896  212.271       4.0142
-141.896  214.521       4.0142
-141.896  216.771       4.0142
-141.896  219.021       4.0142
-141.896  221.271       4.0142
-141.896  223.520       4.0142
-141.896  225.770       4.0142
-141.896  228.020       4.0142
-141.896  230.270       4.0142
-141.896  232.519       4.0142
-141.896  234.769       4.0142
-141.896  237.019       4.0142
-141.896  239.269       4.0142
-141.896  241.519       4.0142
-141.896  243.768       4.0142
-141.896  246.018       4.0142
-141.896  248.268       4.0142
-141.896  250.518       4.0142
-141.896  252.767       4.0142
-141.896  255.017       4.0142
-138.987   32.289       4.0142
-138.987   34.539       4.0142
-138.987   36.789       4.0142
-138.987   39.038       4.0142
-138.987   41.288       4.0142
-138.987   43.538       4.0142
-138.987   45.788       4.0142
-138.987   48.037       4.0142
-138.987   50.287       4.0142
-138.987   52.537       4.0142
-138.987   54.787       4.0142
-138.987   57.037       4.0142
-138.987   59.286       4.0142
-138.987   61.536       4.0142
-138.987   63.786       4.0142
-138.987   66.036       4.0142
-138.987   68.285       4.0142
-138.987   70.535       4.0142
-138.987   72.785       4.0142
-138.987   75.035       4.0142
-138.987   77.285       4.0142
-138.987   79.534       4.0142
-138.987   81.784       4.0142
-138.987   84.034       4.0142
-138.987   86.284       4.0142
-138.987   88.534       4.0142
-138.987   90.783       4.0142
-138.987   93.033       4.0142
-138.987   95.283       4.0142
-138.987   97.533       4.0142
-138.987   99.782       4.0142
-138.987  102.032       4.0142
-138.987  104.282       4.0142
-138.987  106.532       4.0142
-138.987  108.782       4.0142
-138.987  111.031       4.0142
-138.987  113.281       4.0142
-138.987  115.531       4.0142
-138.987  117.781       4.0142
-138.987  120.030       4.0142
-138.987  122.280       4.0142
-138.987  124.530       4.0142
-138.987  126.780       4.0142
-138.987  129.030       4.0142
-138.987  131.279       4.0142
-138.987  133.529       4.0142
-138.987  135.779       4.0142
-138.987  138.029       4.0142
-138.987  140.278       4.0142
-138.987  142.528       4.0142
-138.987  144.778       4.0142
-138.987  147.028       4.0142
-138.987  149.278       4.0142
-138.987  151.527       4.0142
-138.987  153.777       4.0142
-138.987  156.027       4.0142
-138.987  158.277       2.9460
-138.987  160.526       2.3613
-138.987  162.776       2.6415
-138.987  165.026       1.4483
-138.987  167.276       1.0432
-138.987  169.526       0.9250
-138.987  171.775       1.0432
-138.987  174.025       0.9184
-138.987  176.275       0.6635
-138.987  178.525       0.7880
-138.987  180.774       0.8379
-138.987  183.024       0.9961
-138.987  185.274       1.3871
-138.987  187.524       1.5935
-138.987  189.774       1.5348
-138.987  192.023       1.5165
-138.987  194.273       2.1714
-138.987  196.523       2.5328
-138.987  198.773       2.9460
-138.987  201.022       4.0142
-138.987  203.272       4.0142
-138.987  205.522       4.0142
-138.987  207.772       4.0142
-138.987  210.022       4.0142
-138.987  212.271       4.0142
-138.987  214.521       4.0142
-138.987  216.771       4.0142
-138.987  219.021       4.0142
-138.987  221.271       4.0142
-138.987  223.520       4.0142
-138.987  225.770       4.0142
-138.987  228.020       4.0142
-138.987  230.270       4.0142
-138.987  232.519       4.0142
-138.987  234.769       4.0142
-138.987  237.019       4.0142
-138.987  239.269       4.0142
-138.987  241.519       4.0142
-138.987  243.768       4.0142
-138.987  246.018       4.0142
-138.987  248.268       4.0142
-138.987  250.518       4.0142
-138.987  252.767       4.0142
-138.987  255.017       4.0142
-136.079   32.289       4.0142
-136.079   34.539       4.0142
-136.079   36.789       4.0142
-136.079   39.038       4.0142
-136.079   41.288       4.0142
-136.079   43.538       4.0142
-136.079   45.788       4.0142
-136.079   48.037       4.0142
-136.079   50.287       4.0142
-136.079   52.537       4.0142
-136.079   54.787       4.0142
-136.079   57.037       4.0142
-136.079   59.286       4.0142
-136.079   61.536       4.0142
-136.079   63.786       4.0142
-136.079   66.036       4.0142
-136.079   68.285       4.0142
-136.079   70.535       4.0142
-136.079   72.785       4.0142
-136.079   75.035       4.0142
-136.079   77.285       4.0142
-136.079   79.534       4.0142
-136.079   81.784       4.0142
-136.079   84.034       4.0142
-136.079   86.284       4.0142
-136.079   88.534       4.0142
-136.079   90.783       4.0142
-136.079   93.033       4.0142
-136.079   95.283       4.0142
-136.079   97.533       4.0142
-136.079   99.782       4.0142
-136.079  102.032       4.0142
-136.079  104.282       4.0142
-136.079  106.532       4.0142
-136.079  108.782       4.0142
-136.079  111.031       4.0142
-136.079  113.281       4.0142
-136.079  115.531       4.0142
-136.079  117.781       4.0142
-136.079  120.030       4.0142
-136.079  122.280       4.0142
-136.079  124.530       4.0142
-136.079  126.780       4.0142
-136.079  129.030       4.0142
-136.079  131.279       4.0142
-136.079  133.529       4.0142
-136.079  135.779       4.0142
-136.079  138.029       4.0142
-136.079  140.278       4.0142
-136.079  142.528       4.0142
-136.079  144.778       4.0142
-136.079  147.028       4.0142
-136.079  149.278       4.0142
-136.079  151.527       4.0142
-136.079  153.777       4.0142
-136.079  156.027       4.0142
-136.079  158.277       4.0142
-136.079  160.526       4.0142
-136.079  162.776       4.0142
-136.079  165.026       2.5328
-136.079  167.276       2.6415
-136.079  169.526       2.0277
-136.079  171.775       1.6820
-136.079  174.025       1.0514
-136.079  176.275       0.6340
-136.079  178.525       0.7419
-136.079  180.774       0.9666
-136.079  183.024       1.0768
-136.079  185.274       1.4987
-136.079  187.524       1.3727
-136.079  189.774       1.5935
-136.079  192.023       1.9119
-136.079  194.273       1.9865
-136.079  196.523       2.4409
-136.079  198.773       3.6010
-136.079  201.022       3.1877
-136.079  203.272       4.0142
-136.079  205.522       3.1877
-136.079  207.772       4.0142
-136.079  210.022       2.9460
-136.079  212.271       4.0142
-136.079  214.521       4.0142
-136.079  216.771       4.0142
-136.079  219.021       4.0142
-136.079  221.271       4.0142
-136.079  223.520       4.0142
-136.079  225.770       4.0142
-136.079  228.020       4.0142
-136.079  230.270       4.0142
-136.079  232.519       4.0142
-136.079  234.769       4.0142
-136.079  237.019       4.0142
-136.079  239.269       4.0142
-136.079  241.519       4.0142
-136.079  243.768       4.0142
-136.079  246.018       4.0142
-136.079  248.268       4.0142
-136.079  250.518       4.0142
-136.079  252.767       4.0142
-136.079  255.017       4.0142
-133.171   32.289       4.0142
-133.171   34.539       4.0142
-133.171   36.789       4.0142
-133.171   39.038       4.0142
-133.171   41.288       4.0142
-133.171   43.538       4.0142
-133.171   45.788       4.0142
-133.171   48.037       4.0142
-133.171   50.287       4.0142
-133.171   52.537       4.0142
-133.171   54.787       4.0142
-133.171   57.037       4.0142
-133.171   59.286       4.0142
-133.171   61.536       4.0142
-133.171   63.786       4.0142
-133.171   66.036       4.0142
-133.171   68.285       4.0142
-133.171   70.535       4.0142
-133.171   72.785       4.0142
-133.171   75.035       4.0142
-133.171   77.285       4.0142
-133.171   79.534       4.0142
-133.171   81.784       4.0142
-133.171   84.034       4.0142
-133.171   86.284       4.0142
-133.171   88.534       4.0142
-133.171   90.783       4.0142
-133.171   93.033       4.0142
-133.171   95.283       4.0142
-133.171   97.533       4.0142
-133.171   99.782       4.0142
-133.171  102.032       4.0142
-133.171  104.282       4.0142
-133.171  106.532       4.0142
-133.171  108.782       4.0142
-133.171  111.031       4.0142
-133.171  113.281       4.0142
-133.171  115.531       4.0142
-133.171  117.781       4.0142
-133.171  120.030       4.0142
-133.171  122.280       4.0142
-133.171  124.530       4.0142
-133.171  126.780       4.0142
-133.171  129.030       4.0142
-133.171  131.279       4.0142
-133.171  133.529       4.0142
-133.171  135.779       4.0142
-133.171  138.029       4.0142
-133.171  140.278       4.0142
-133.171  142.528       4.0142
-133.171  144.778       4.0142
-133.171  147.028       4.0142
-133.171  149.278       4.0142
-133.171  151.527       4.0142
-133.171  153.777       4.0142
-133.171  156.027       4.0142
-133.171  158.277       4.0142
-133.171  160.526       4.0142
-133.171  162.776       4.0142
-133.171  165.026       4.0142
-133.171  167.276       3.6010
-133.171  169.526       2.6415
-133.171  171.775       2.5328
-133.171  174.025       1.4987
-133.171  176.275       0.7671
-133.171  178.525       0.6423
-133.171  180.774       0.7370
-133.171  183.024       0.9455
-133.171  185.274       1.3450
-133.171  187.524       1.1803
-133.171  189.774       1.1601
-133.171  192.023       1.5165
-133.171  194.273       1.7317
-133.171  196.523       2.0718
-133.171  198.773       2.3613
-133.171  201.022       2.2283
-133.171  203.272       2.3613
-133.171  205.522       2.4409
-133.171  207.772       3.1877
-133.171  210.022       3.1877
-133.171  212.271       4.0142
-133.171  214.521       4.0142
-133.171  216.771       4.0142
-133.171  219.021       4.0142
-133.171  221.271       4.0142
-133.171  223.520       4.0142
-133.171  225.770       4.0142
-133.171  228.020       4.0142
-133.171  230.270       4.0142
-133.171  232.519       4.0142
-133.171  234.769       4.0142
-133.171  237.019       4.0142
-133.171  239.269       4.0142
-133.171  241.519       4.0142
-133.171  243.768       4.0142
-133.171  246.018       4.0142
-133.171  248.268       4.0142
-133.171  250.518       4.0142
-133.171  252.767       4.0142
-133.171  255.017       4.0142
-130.262   32.289       4.0142
-130.262   34.539       4.0142
-130.262   36.789       4.0142
-130.262   39.038       4.0142
-130.262   41.288       4.0142
-130.262   43.538       4.0142
-130.262   45.788       4.0142
-130.262   48.037       4.0142
-130.262   50.287       4.0142
-130.262   52.537       4.0142
-130.262   54.787       4.0142
-130.262   57.037       4.0142
-130.262   59.286       4.0142
-130.262   61.536       4.0142
-130.262   63.786       4.0142
-130.262   66.036       4.0142
-130.262   68.285       4.0142
-130.262   70.535       4.0142
-130.262   72.785       4.0142
-130.262   75.035       4.0142
-130.262   77.285       4.0142
-130.262   79.534       4.0142
-130.262   81.784       4.0142
-130.262   84.034       4.0142
-130.262   86.284       4.0142
-130.262   88.534       4.0142
-130.262   90.783       4.0142
-130.262   93.033       4.0142
-130.262   95.283       4.0142
-130.262   97.533       4.0142
-130.262   99.782       4.0142
-130.262  102.032       4.0142
-130.262  104.282       4.0142
-130.262  106.532       4.0142
-130.262  108.782       4.0142
-130.262  111.031       4.0142
-130.262  113.281       4.0142
-130.262  115.531       4.0142
-130.262  117.781       4.0142
-130.262  120.030       4.0142
-130.262  122.280       4.0142
-130.262  124.530       4.0142
-130.262  126.780       4.0142
-130.262  129.030       4.0142
-130.262  131.279       4.0142
-130.262  133.529       4.0142
-130.262  135.779       4.0142
-130.262  138.029       4.0142
-130.262  140.278       4.0142
-130.262  142.528       4.0142
-130.262  144.778       4.0142
-130.262  147.028       4.0142
-130.262  149.278       4.0142
-130.262  151.527       4.0142
-130.262  153.777       4.0142
-130.262  156.027       4.0142
-130.262  158.277       4.0142
-130.262  160.526       4.0142
-130.262  162.776       4.0142
-130.262  165.026       4.0142
-130.262  167.276       4.0142
-130.262  169.526       4.0142
-130.262  171.775       2.6415
-130.262  174.025       2.4409
-130.262  176.275       1.4324
-130.262  178.525       1.0270
-130.262  180.774       0.8676
-130.262  183.024       0.7987
-130.262  185.274       0.9053
-130.262  187.524       0.9386
-130.262  189.774       0.9739
-130.262  192.023       1.2688
-130.262  194.273       1.7317
-130.262  196.523       1.6586
-130.262  198.773       2.1714
-130.262  201.022       1.9481
-130.262  203.272       1.7859
-130.262  205.522       2.1196
-130.262  207.772       2.7745
-130.262  210.022       2.9460
-130.262  212.271       4.0142
-130.262  214.521       4.0142
-130.262  216.771       4.0142
-130.262  219.021       4.0142
-130.262  221.271       4.0142
-130.262  223.520       4.0142
-130.262  225.770       4.0142
-130.262  228.020       4.0142
-130.262  230.270       4.0142
-130.262  232.519       4.0142
-130.262  234.769       4.0142
-130.262  237.019       4.0142
-130.262  239.269       4.0142
-130.262  241.519       4.0142
-130.262  243.768       4.0142
-130.262  246.018       4.0142
-130.262  248.268       4.0142
-130.262  250.518       4.0142
-130.262  252.767       4.0142
-130.262  255.017       4.0142
-127.354   32.289       4.0142
-127.354   34.539       4.0142
-127.354   36.789       4.0142
-127.354   39.038       4.0142
-127.354   41.288       4.0142
-127.354   43.538       4.0142
-127.354   45.788       4.0142
-127.354   48.037       4.0142
-127.354   50.287       4.0142
-127.354   52.537       4.0142
-127.354   54.787       4.0142
-127.354   57.037       4.0142
-127.354   59.286       4.0142
-127.354   61.536       4.0142
-127.354   63.786       4.0142
-127.354   66.036       4.0142
-127.354   68.285       4.0142
-127.354   70.535       4.0142
-127.354   72.785       4.0142
-127.354   75.035       4.0142
-127.354   77.285       4.0142
-127.354   79.534       4.0142
-127.354   81.784       4.0142
-127.354   84.034       4.0142
-127.354   86.284       4.0142
-127.354   88.534       4.0142
-127.354   90.783       4.0142
-127.354   93.033       4.0142
-127.354   95.283       4.0142
-127.354   97.533       4.0142
-127.354   99.782       4.0142
-127.354  102.032       4.0142
-127.354  104.282       4.0142
-127.354  106.532       4.0142
-127.354  108.782       4.0142
-127.354  111.031       4.0142
-127.354  113.281       4.0142
-127.354  115.531       4.0142
-127.354  117.781       4.0142
-127.354  120.030       4.0142
-127.354  122.280       4.0142
-127.354  124.530       4.0142
-127.354  126.780       4.0142
-127.354  129.030       4.0142
-127.354  131.279       4.0142
-127.354  133.529       4.0142
-127.354  135.779       4.0142
-127.354  138.029       4.0142
-127.354  140.278       4.0142
-127.354  142.528       4.0142
-127.354  144.778       4.0142
-127.354  147.028       4.0142
-127.354  149.278       4.0142
-127.354  151.527       4.0142
-127.354  153.777       4.0142
-127.354  156.027       4.0142
-127.354  158.277       4.0142
-127.354  160.526       4.0142
-127.354  162.776       4.0142
-127.354  165.026       4.0142
-127.354  167.276       4.0142
-127.354  169.526       4.0142
-127.354  171.775       4.0142
-127.354  174.025       4.0142
-127.354  176.275       3.1877
-127.354  178.525       2.0718
-127.354  180.774       1.5733
-127.354  183.024       1.1310
-127.354  185.274       0.7827
-127.354  187.524       0.7880
-127.354  189.774       0.7321
-127.354  192.023       0.9386
-127.354  194.273       1.0682
-127.354  196.523       1.1502
-127.354  198.773       1.3727
-127.354  201.022       1.7859
-127.354  203.272       1.7063
-127.354  205.522       1.8150
-127.354  207.772       2.2283
-127.354  210.022       2.7745
-127.354  212.271       3.1877
-127.354  214.521       4.0142
-127.354  216.771       4.0142
-127.354  219.021       4.0142
-127.354  221.271       4.0142
-127.354  223.520       4.0142
-127.354  225.770       3.6010
-127.354  228.020       4.0142
-127.354  230.270       2.6415
-127.354  232.519       2.7745
-127.354  234.769       4.0142
-127.354  237.019       4.0142
-127.354  239.269       4.0142
-127.354  241.519       4.0142
-127.354  243.768       4.0142
-127.354  246.018       4.0142
-127.354  248.268       4.0142
-127.354  250.518       4.0142
-127.354  252.767       4.0142
-127.354  255.017       4.0142
-124.446   32.289       4.0142
-124.446   34.539       4.0142
-124.446   36.789       4.0142
-124.446   39.038       4.0142
-124.446   41.288       4.0142
-124.446   43.538       4.0142
-124.446   45.788       4.0142
-124.446   48.037       4.0142
-124.446   50.287       4.0142
-124.446   52.537       4.0142
-124.446   54.787       4.0142
-124.446   57.037       4.0142
-124.446   59.286       4.0142
-124.446   61.536       4.0142
-124.446   63.786       4.0142
-124.446   66.036       4.0142
-124.446   68.285       4.0142
-124.446   70.535       4.0142
-124.446   72.785       4.0142
-124.446   75.035       4.0142
-124.446   77.285       4.0142
-124.446   79.534       4.0142
-124.446   81.784       4.0142
-124.446   84.034       4.0142
-124.446   86.284       4.0142
-124.446   88.534       4.0142
-124.446   90.783       4.0142
-124.446   93.033       4.0142
-124.446   95.283       4.0142
-124.446   97.533       4.0142
-124.446   99.782       4.0142
-124.446  102.032       4.0142
-124.446  104.282       4.0142
-124.446  106.532       4.0142
-124.446  108.782       4.0142
-124.446  111.031       4.0142
-124.446  113.281       4.0142
-124.446  115.531       4.0142
-124.446  117.781       4.0142
-124.446  120.030       4.0142
-124.446  122.280       4.0142
-124.446  124.530       4.0142
-124.446  126.780       4.0142
-124.446  129.030       4.0142
-124.446  131.279       4.0142
-124.446  133.529       4.0142
-124.446  135.779       4.0142
-124.446  138.029       4.0142
-124.446  140.278       4.0142
-124.446  142.528       4.0142
-124.446  144.778       4.0142
-124.446  147.028       4.0142
-124.446  149.278       4.0142
-124.446  151.527       4.0142
-124.446  153.777       4.0142
-124.446  156.027       4.0142
-124.446  158.277       4.0142
-124.446  160.526       4.0142
-124.446  162.776       4.0142
-124.446  165.026       4.0142
-124.446  167.276       4.0142
-124.446  169.526       4.0142
-124.446  171.775       4.0142
-124.446  174.025       4.0142
-124.446  176.275       4.0142
-124.446  178.525       4.0142
-124.446  180.774       2.5328
-124.446  183.024       1.5348
-124.446  185.274       0.9666
-124.446  187.524       0.6020
-124.446  189.774       0.5392
-124.446  192.023       0.4888
-124.446  194.273       0.6099
-124.446  196.523       0.5866
-124.446  198.773       0.9386
-124.446  201.022       1.2688
-124.446  203.272       1.5733
-124.446  205.522       1.7582
-124.446  207.772       1.7063
-124.446  210.022       1.9865
-124.446  212.271       2.2911
-124.446  214.521       3.1877
-124.446  216.771       3.6010
-124.446  219.021       4.0142
-124.446  221.271       4.0142
-124.446  223.520       4.0142
-124.446  225.770       3.1877
-124.446  228.020       2.6415
-124.446  230.270       2.2283
-124.446  232.519       2.3613
-124.446  234.769       4.0142
-124.446  237.019       4.0142
-124.446  239.269       4.0142
-124.446  241.519       4.0142
-124.446  243.768       4.0142
-124.446  246.018       4.0142
-124.446  248.268       4.0142
-124.446  250.518       4.0142
-124.446  252.767       4.0142
-124.446  255.017       4.0142
-121.537   32.289       4.0142
-121.537   34.539       4.0142
-121.537   36.789       4.0142
-121.537   39.038       4.0142
-121.537   41.288       4.0142
-121.537   43.538       4.0142
-121.537   45.788       4.0142
-121.537   48.037       4.0142
-121.537   50.287       4.0142
-121.537   52.537       4.0142
-121.537   54.787       4.0142
-121.537   57.037       4.0142
-121.537   59.286       4.0142
-121.537   61.536       4.0142
-121.537   63.786       4.0142
-121.537   66.036       4.0142
-121.537   68.285       4.0142
-121.537   70.535       4.0142
-121.537   72.785       4.0142
-121.537   75.035       4.0142
-121.537   77.285       4.0142
-121.537   79.534       4.0142
-121.537   81.784       4.0142
-121.537   84.034       4.0142
-121.537   86.284       4.0142
-121.537   88.534       4.0142
-121.537   90.783       4.0142
-121.537   93.033       4.0142
-121.537   95.283       4.0142
-121.537   97.533       4.0142
-121.537   99.782       4.0142
-121.537  102.032       4.0142
-121.537  104.282       4.0142
-121.537  106.532       4.0142
-121.537  108.782       4.0142
-121.537  111.031       4.0142
-121.537  113.281       4.0142
-121.537  115.531       4.0142
-121.537  117.781       4.0142
-121.537  120.030       4.0142
-121.537  122.280       4.0142
-121.537  124.530       4.0142
-121.537  126.780       4.0142
-121.537  129.030       4.0142
-121.537  131.279       4.0142
-121.537  133.529       4.0142
-121.537  135.779       4.0142
-121.537  138.029       4.0142
-121.537  140.278       4.0142
-121.537  142.528       4.0142
-121.537  144.778       4.0142
-121.537  147.028       4.0142
-121.537  149.278       4.0142
-121.537  151.527       4.0142
-121.537  153.777       4.0142
-121.537  156.027       4.0142
-121.537  158.277       4.0142
-121.537  160.526       4.0142
-121.537  162.776       4.0142
-121.537  165.026       4.0142
-121.537  167.276       4.0142
-121.537  169.526       4.0142
-121.537  171.775       4.0142
-121.537  174.025       4.0142
-121.537  176.275       4.0142
-121.537  178.525       4.0142
-121.537  180.774       4.0142
-121.537  183.024       2.0277
-121.537  185.274       1.4646
-121.537  187.524       0.7321
-121.537  189.774       0.3642
-121.537  192.023       0.3238
-121.537  194.273       0.3141
-121.537  196.523       0.3855
-121.537  198.773       0.6991
-121.537  201.022       1.0270
-121.537  203.272       1.2931
-121.537  205.522       1.6144
-121.537  207.772       1.8456
-121.537  210.022       1.9865
-121.537  212.271       2.2911
-121.537  214.521       2.3613
-121.537  216.771       2.9460
-121.537  219.021       3.6010
-121.537  221.271       2.9460
-121.537  223.520       4.0142
-121.537  225.770       3.6010
-121.537  228.020       2.2911
-121.537  230.270       2.2283
-121.537  232.519       3.6010
-121.537  234.769       4.0142
-121.537  237.019       4.0142
-121.537  239.269       4.0142
-121.537  241.519       4.0142
-121.537  243.768       3.6010
-121.537  246.018       3.6010
-121.537  248.268       3.1877
-121.537  250.518       4.0142
-121.537  252.767       4.0142
-121.537  255.017       4.0142
-118.629   32.289       4.0142
-118.629   34.539       4.0142
-118.629   36.789       4.0142
-118.629   39.038       4.0142
-118.629   41.288       4.0142
-118.629   43.538       4.0142
-118.629   45.788       4.0142
-118.629   48.037       4.0142
-118.629   50.287       4.0142
-118.629   52.537       4.0142
-118.629   54.787       4.0142
-118.629   57.037       4.0142
-118.629   59.286       4.0142
-118.629   61.536       4.0142
-118.629   63.786       4.0142
-118.629   66.036       4.0142
-118.629   68.285       4.0142
-118.629   70.535       4.0142
-118.629   72.785       4.0142
-118.629   75.035       4.0142
-118.629   77.285       4.0142
-118.629   79.534       4.0142
-118.629   81.784       4.0142
-118.629   84.034       4.0142
-118.629   86.284       4.0142
-118.629   88.534       4.0142
-118.629   90.783       4.0142
-118.629   93.033       4.0142
-118.629   95.283       4.0142
-118.629   97.533       4.0142
-118.629   99.782       4.0142
-118.629  102.032       4.0142
-118.629  104.282       4.0142
-118.629  106.532       4.0142
-118.629  108.782       4.0142
-118.629  111.031       4.0142
-118.629  113.281       4.0142
-118.629  115.531       4.0142
-118.629  117.781       4.0142
-118.629  120.030       4.0142
-118.629  122.280       4.0142
-118.629  124.530       4.0142
-118.629  126.780       4.0142
-118.629  129.030       4.0142
-118.629  131.279       4.0142
-118.629  133.529       4.0142
-118.629  135.779       4.0142
-118.629  138.029       4.0142
-118.629  140.278       4.0142
-118.629  142.528       4.0142
-118.629  144.778       4.0142
-118.629  147.028       4.0142
-118.629  149.278       4.0142
-118.629  151.527       4.0142
-118.629  153.777       4.0142
-118.629  156.027       4.0142
-118.629  158.277       4.0142
-118.629  160.526       4.0142
-118.629  162.776       4.0142
-118.629  165.026       4.0142
-118.629  167.276       4.0142
-118.629  169.526       4.0142
-118.629  171.775       4.0142
-118.629  174.025       4.0142
-118.629  176.275       4.0142
-118.629  178.525       4.0142
-118.629  180.774       4.0142
-118.629  183.024       4.0142
-118.629  185.274       1.8778
-118.629  187.524       0.8555
-118.629  189.774       0.3616
-118.629  192.023       0.2768
-118.629  194.273       0.3411
-118.629  196.523       0.4104
-118.629  198.773       0.5534
-118.629  201.022       0.7827
-118.629  203.272       1.0350
-118.629  205.522       1.4169
-118.629  207.772       1.7063
-118.629  210.022       1.7317
-118.629  212.271       2.1714
-118.629  214.521       2.3613
-118.629  216.771       2.7745
-118.629  219.021       1.9481
-118.629  221.271       2.9460
-118.629  223.520       2.9460
-118.629  225.770       2.3613
-118.629  228.020       2.4409
-118.629  230.270       2.0277
-118.629  232.519       2.9460
-118.629  234.769       4.0142
-118.629  237.019       4.0142
-118.629  239.269       4.0142
-118.629  241.519       4.0142
-118.629  243.768       3.1877
-118.629  246.018       2.7745
-118.629  248.268       2.4409
-118.629  250.518       2.5328
-118.629  252.767       4.0142
-118.629  255.017       4.0142
-115.721   32.289       4.0142
-115.721   34.539       4.0142
-115.721   36.789       4.0142
-115.721   39.038       4.0142
-115.721   41.288       4.0142
-115.721   43.538       4.0142
-115.721   45.788       4.0142
-115.721   48.037       4.0142
-115.721   50.287       4.0142
-115.721   52.537       4.0142
-115.721   54.787       4.0142
-115.721   57.037       4.0142
-115.721   59.286       4.0142
-115.721   61.536       4.0142
-115.721   63.786       4.0142
-115.721   66.036       4.0142
-115.721   68.285       4.0142
-115.721   70.535       4.0142
-115.721   72.785       4.0142
-115.721   75.035       4.0142
-115.721   77.285       4.0142
-115.721   79.534       4.0142
-115.721   81.784       4.0142
-115.721   84.034       4.0142
-115.721   86.284       4.0142
-115.721   88.534       4.0142
-115.721   90.783       4.0142
-115.721   93.033       4.0142
-115.721   95.283       4.0142
-115.721   97.533       4.0142
-115.721   99.782       4.0142
-115.721  102.032       4.0142
-115.721  104.282       4.0142
-115.721  106.532       4.0142
-115.721  108.782       4.0142
-115.721  111.031       4.0142
-115.721  113.281       4.0142
-115.721  115.531       4.0142
-115.721  117.781       4.0142
-115.721  120.030       4.0142
-115.721  122.280       4.0142
-115.721  124.530       4.0142
-115.721  126.780       4.0142
-115.721  129.030       4.0142
-115.721  131.279       4.0142
-115.721  133.529       4.0142
-115.721  135.779       4.0142
-115.721  138.029       4.0142
-115.721  140.278       4.0142
-115.721  142.528       4.0142
-115.721  144.778       4.0142
-115.721  147.028       4.0142
-115.721  149.278       4.0142
-115.721  151.527       4.0142
-115.721  153.777       4.0142
-115.721  156.027       4.0142
-115.721  158.277       4.0142
-115.721  160.526       4.0142
-115.721  162.776       4.0142
-115.721  165.026       4.0142
-115.721  167.276       4.0142
-115.721  169.526       4.0142
-115.721  171.775       4.0142
-115.721  174.025       4.0142
-115.721  176.275       4.0142
-115.721  178.525       4.0142
-115.721  180.774       4.0142
-115.721  183.024       4.0142
-115.721  185.274       2.0718
-115.721  187.524       1.1701
-115.721  189.774       0.6635
-115.721  192.023       0.3695
-115.721  194.273       0.2998
-115.721  196.523       0.2525
-115.721  198.773       0.3964
-115.721  201.022       0.5866
-115.721  203.272       0.9812
-115.721  205.522       1.3871
-115.721  207.772       1.4483
-115.721  210.022       1.4646
-115.721  212.271       1.6586
-115.721  214.521       1.7582
-115.721  216.771       2.1196
-115.721  219.021       2.0718
-115.721  221.271       3.1877
-115.721  223.520       2.5328
-115.721  225.770       3.6010
-115.721  228.020       2.2911
-115.721  230.270       2.0718
-115.721  232.519       3.1877
-115.721  234.769       2.7745
-115.721  237.019       2.4409
-115.721  239.269       3.6010
-115.721  241.519       4.0142
-115.721  243.768       4.0142
-115.721  246.018       3.1877
-115.721  248.268       2.7745
-115.721  250.518       3.6010
-115.721  252.767       4.0142
-115.721  255.017       4.0142
-112.812   32.289       4.0142
-112.812   34.539       4.0142
-112.812   36.789       4.0142
-112.812   39.038       4.0142
-112.812   41.288       4.0142
-112.812   43.538       4.0142
-112.812   45.788       4.0142
-112.812   48.037       4.0142
-112.812   50.287       4.0142
-112.812   52.537       4.0142
-112.812   54.787       4.0142
-112.812   57.037       4.0142
-112.812   59.286       4.0142
-112.812   61.536       4.0142
-112.812   63.786       4.0142
-112.812   66.036       4.0142
-112.812   68.285       4.0142
-112.812   70.535       4.0142
-112.812   72.785       4.0142
-112.812   75.035       4.0142
-112.812   77.285       4.0142
-112.812   79.534       4.0142
-112.812   81.784       4.0142
-112.812   84.034       4.0142
-112.812   86.284       4.0142
-112.812   88.534       4.0142
-112.812   90.783       4.0142
-112.812   93.033       4.0142
-112.812   95.283       4.0142
-112.812   97.533       4.0142
-112.812   99.782       4.0142
-112.812  102.032       4.0142
-112.812  104.282       4.0142
-112.812  106.532       4.0142
-112.812  108.782       4.0142
-112.812  111.031       4.0142
-112.812  113.281       4.0142
-112.812  115.531       4.0142
-112.812  117.781       4.0142
-112.812  120.030       4.0142
-112.812  122.280       4.0142
-112.812  124.530       4.0142
-112.812  126.780       4.0142
-112.812  129.030       4.0142
-112.812  131.279       4.0142
-112.812  133.529       4.0142
-112.812  135.779       4.0142
-112.812  138.029       4.0142
-112.812  140.278       4.0142
-112.812  142.528       4.0142
-112.812  144.778       4.0142
-112.812  147.028       4.0142
-112.812  149.278       4.0142
-112.812  151.527       4.0142
-112.812  153.777       4.0142
-112.812  156.027       4.0142
-112.812  158.277       4.0142
-112.812  160.526       4.0142
-112.812  162.776       4.0142
-112.812  165.026       4.0142
-112.812  167.276       4.0142
-112.812  169.526       4.0142
-112.812  171.775       4.0142
-112.812  174.025       4.0142
-112.812  176.275       4.0142
-112.812  178.525       4.0142
-112.812  180.774       4.0142
-112.812  183.024       2.7745
-112.812  185.274       1.7859
-112.812  187.524       1.2454
-112.812  189.774       0.7419
-112.812  192.023       0.4824
-112.812  194.273       0.4276
-112.812  196.523       0.3238
-112.812  198.773       0.3189
-112.812  201.022       0.4513
-112.812  203.272       0.7671
-112.812  205.522       1.2119
-112.812  207.772       1.3727
-112.812  210.022       1.5165
-112.812  212.271       1.5538
-112.812  214.521       1.3316
-112.812  216.771       1.7859
-112.812  219.021       2.0718
-112.812  221.271       2.1196
-112.812  223.520       2.4409
-112.812  225.770       2.0718
-112.812  228.020       1.6361
-112.812  230.270       1.9865
-112.812  232.519       2.3613
-112.812  234.769       1.8778
-112.812  237.019       2.1196
-112.812  239.269       3.1877
-112.812  241.519       2.7745
-112.812  243.768       3.1877
-112.812  246.018       3.1877
-112.812  248.268       3.1877
-112.812  250.518       3.6010
-112.812  252.767       4.0142
-112.812  255.017       4.0142
-109.904   32.289       4.0142
-109.904   34.539       4.0142
-109.904   36.789       4.0142
-109.904   39.038       4.0142
-109.904   41.288       4.0142
-109.904   43.538       4.0142
-109.904   45.788       4.0142
-109.904   48.037       4.0142
-109.904   50.287       4.0142
-109.904   52.537       4.0142
-109.904   54.787       4.0142
-109.904   57.037       4.0142
-109.904   59.286       4.0142
-109.904   61.536       4.0142
-109.904   63.786       4.0142
-109.904   66.036       4.0142
-109.904   68.285       4.0142
-109.904   70.535       4.0142
-109.904   72.785       4.0142
-109.904   75.035       4.0142
-109.904   77.285       4.0142
-109.904   79.534       4.0142
-109.904   81.784       4.0142
-109.904   84.034       4.0142
-109.904   86.284       4.0142
-109.904   88.534       4.0142
-109.904   90.783       4.0142
-109.904   93.033       4.0142
-109.904   95.283       4.0142
-109.904   97.533       4.0142
-109.904   99.782       4.0142
-109.904  102.032       4.0142
-109.904  104.282       4.0142
-109.904  106.532       4.0142
-109.904  108.782       4.0142
-109.904  111.031       4.0142
-109.904  113.281       4.0142
-109.904  115.531       4.0142
-109.904  117.781       4.0142
-109.904  120.030       4.0142
-109.904  122.280       4.0142
-109.904  124.530       4.0142
-109.904  126.780       4.0142
-109.904  129.030       4.0142
-109.904  131.279       4.0142
-109.904  133.529       4.0142
-109.904  135.779       4.0142
-109.904  138.029       4.0142
-109.904  140.278       4.0142
-109.904  142.528       4.0142
-109.904  144.778       4.0142
-109.904  147.028       4.0142
-109.904  149.278       4.0142
-109.904  151.527       4.0142
-109.904  153.777       4.0142
-109.904  156.027       4.0142
-109.904  158.277       4.0142
-109.904  160.526       4.0142
-109.904  162.776       4.0142
-109.904  165.026       4.0142
-109.904  167.276       4.0142
-109.904  169.526       4.0142
-109.904  171.775       4.0142
-109.904  174.025       4.0142
-109.904  176.275       4.0142
-109.904  178.525       4.0142
-109.904  180.774       4.0142
-109.904  183.024       2.5328
-109.904  185.274       1.9119
-109.904  187.524       1.3316
-109.904  189.774       0.9318
-109.904  192.023       0.4856
-109.904  194.273       0.3117
-109.904  196.523       0.1830
-109.904  198.773       0.0952
-109.904  201.022       0.2106
-109.904  203.272       0.5943
-109.904  205.522       0.9250
-109.904  207.772       1.0943
-109.904  210.022       0.9524
-109.904  212.271       1.2570
-109.904  214.521       1.2570
-109.904  216.771       1.5935
-109.904  219.021       2.4409
-109.904  221.271       2.5328
-109.904  223.520       1.9865
-109.904  225.770       1.4169
-109.904  228.020       1.3587
-109.904  230.270       1.0943
-109.904  232.519       1.6820
-109.904  234.769       1.7063
-109.904  237.019       1.7317
-109.904  239.269       2.4409
-109.904  241.519       2.1196
-109.904  243.768       2.4409
-109.904  246.018       2.0277
-109.904  248.268       2.5328
-109.904  250.518       2.9460
-109.904  252.767       4.0142
-109.904  255.017       4.0142
-106.996   32.289       4.0142
-106.996   34.539       4.0142
-106.996   36.789       4.0142
-106.996   39.038       4.0142
-106.996   41.288       4.0142
-106.996   43.538       4.0142
-106.996   45.788       4.0142
-106.996   48.037       4.0142
-106.996   50.287       4.0142
-106.996   52.537       4.0142
-106.996   54.787       4.0142
-106.996   57.037       4.0142
-106.996   59.286       4.0142
-106.996   61.536       4.0142
-106.996   63.786       4.0142
-106.996   66.036       4.0142
-106.996   68.285       4.0142
-106.996   70.535       4.0142
-106.996   72.785       4.0142
-106.996   75.035       4.0142
-106.996   77.285       4.0142
-106.996   79.534       4.0142
-106.996   81.784       4.0142
-106.996   84.034       4.0142
-106.996   86.284       4.0142
-106.996   88.534       4.0142
-106.996   90.783       4.0142
-106.996   93.033       4.0142
-106.996   95.283       4.0142
-106.996   97.533       4.0142
-106.996   99.782       4.0142
-106.996  102.032       4.0142
-106.996  104.282       4.0142
-106.996  106.532       4.0142
-106.996  108.782       4.0142
-106.996  111.031       4.0142
-106.996  113.281       4.0142
-106.996  115.531       4.0142
-106.996  117.781       4.0142
-106.996  120.030       4.0142
-106.996  122.280       4.0142
-106.996  124.530       4.0142
-106.996  126.780       4.0142
-106.996  129.030       4.0142
-106.996  131.279       4.0142
-106.996  133.529       4.0142
-106.996  135.779       4.0142
-106.996  138.029       4.0142
-106.996  140.278       4.0142
-106.996  142.528       4.0142
-106.996  144.778       4.0142
-106.996  147.028       4.0142
-106.996  149.278       4.0142
-106.996  151.527       4.0142
-106.996  153.777       4.0142
-106.996  156.027       4.0142
-106.996  158.277       4.0142
-106.996  160.526       4.0142
-106.996  162.776       4.0142
-106.996  165.026       4.0142
-106.996  167.276       4.0142
-106.996  169.526       4.0142
-106.996  171.775       3.1877
-106.996  174.025       3.1877
-106.996  176.275       4.0142
-106.996  178.525       4.0142
-106.996  180.774       3.1877
-106.996  183.024       3.1877
-106.996  185.274       2.5328
-106.996  187.524       1.7859
-106.996  189.774       0.9961
-106.996  192.023       0.4792
-106.996  194.273       0.3117
-106.996  196.523       0.2333
-106.996  198.773       0.1053
-106.996  201.022       0.1621
-106.996  203.272       0.4824
-106.996  205.522       0.7178
-106.996  207.772       0.9184
-106.996  210.022       0.9386
-106.996  212.271       1.0037
-106.996  214.521       1.4814
-106.996  216.771       1.6144
-106.996  219.021       2.1714
-106.996  221.271       1.9481
-106.996  223.520       1.5348
-106.996  225.770       1.2012
-106.996  228.020       1.0597
-106.996  230.270       1.2808
-106.996  232.519       1.7582
-106.996  234.769       1.4324
-106.996  237.019       1.4483
-106.996  239.269       1.9481
-106.996  241.519       1.8150
-106.996  243.768       1.8150
-106.996  246.018       1.7317
-106.996  248.268       2.1196
-106.996  250.518       2.2911
-106.996  252.767       4.0142
-106.996  255.017       4.0142
-104.087   32.289       4.0142
-104.087   34.539       4.0142
-104.087   36.789       4.0142
-104.087   39.038       4.0142
-104.087   41.288       4.0142
-104.087   43.538       4.0142
-104.087   45.788       4.0142
-104.087   48.037       4.0142
-104.087   50.287       4.0142
-104.087   52.537       4.0142
-104.087   54.787       4.0142
-104.087   57.037       4.0142
-104.087   59.286       4.0142
-104.087   61.536       4.0142
-104.087   63.786       4.0142
-104.087   66.036       4.0142
-104.087   68.285       4.0142
-104.087   70.535       4.0142
-104.087   72.785       4.0142
-104.087   75.035       4.0142
-104.087   77.285       4.0142
-104.087   79.534       4.0142
-104.087   81.784       4.0142
-104.087   84.034       4.0142
-104.087   86.284       4.0142
-104.087   88.534       4.0142
-104.087   90.783       4.0142
-104.087   93.033       4.0142
-104.087   95.283       4.0142
-104.087   97.533       4.0142
-104.087   99.782       4.0142
-104.087  102.032       4.0142
-104.087  104.282       4.0142
-104.087  106.532       4.0142
-104.087  108.782       4.0142
-104.087  111.031       4.0142
-104.087  113.281       4.0142
-104.087  115.531       4.0142
-104.087  117.781       4.0142
-104.087  120.030       4.0142
-104.087  122.280       4.0142
-104.087  124.530       4.0142
-104.087  126.780       4.0142
-104.087  129.030       4.0142
-104.087  131.279       4.0142
-104.087  133.529       4.0142
-104.087  135.779       4.0142
-104.087  138.029       4.0142
-104.087  140.278       4.0142
-104.087  142.528       4.0142
-104.087  144.778       4.0142
-104.087  147.028       4.0142
-104.087  149.278       4.0142
-104.087  151.527       4.0142
-104.087  153.777       3.6010
-104.087  156.027       3.1877
-104.087  158.277       3.6010
-104.087  160.526       3.6010
-104.087  162.776       4.0142
-104.087  165.026       4.0142
-104.087  167.276       4.0142
-104.087  169.526       3.6010
-104.087  171.775       2.4409
-104.087  174.025       2.5328
-104.087  176.275       3.6010
-104.087  178.525       4.0142
-104.087  180.774       4.0142
-104.087  183.024       4.0142
-104.087  185.274       3.6010
-104.087  187.524       2.6415
-104.087  189.774       1.3316
-104.087  192.023       0.8615
-104.087  194.273       0.4076
-104.087  196.523       0.2975
-104.087  198.773       0.1155
-104.087  201.022       0.2026
-104.087  203.272       0.3189
-104.087  205.522       0.6178
-104.087  207.772       0.8042
-104.087  210.022       0.9961
-104.087  212.271       0.9250
-104.087  214.521       1.3727
-104.087  216.771       1.7859
-104.087  219.021       1.5538
-104.087  221.271       1.8456
-104.087  223.520       1.4483
-104.087  225.770       1.0943
-104.087  228.020       0.9886
-104.087  230.270       1.5538
-104.087  232.519       1.5348
-104.087  234.769       1.4646
-104.087  237.019       1.3871
-104.087  239.269       1.6361
-104.087  241.519       1.7859
-104.087  243.768       1.6586
-104.087  246.018       1.7317
-104.087  248.268       1.9481
-104.087  250.518       2.4409
-104.087  252.767       3.6010
-104.087  255.017       4.0142
-101.179   32.289       4.0142
-101.179   34.539       4.0142
-101.179   36.789       4.0142
-101.179   39.038       4.0142
-101.179   41.288       4.0142
-101.179   43.538       4.0142
-101.179   45.788       4.0142
-101.179   48.037       4.0142
-101.179   50.287       4.0142
-101.179   52.537       4.0142
-101.179   54.787       4.0142
-101.179   57.037       4.0142
-101.179   59.286       4.0142
-101.179   61.536       4.0142
-101.179   63.786       4.0142
-101.179   66.036       4.0142
-101.179   68.285       4.0142
-101.179   70.535       4.0142
-101.179   72.785       4.0142
-101.179   75.035       4.0142
-101.179   77.285       4.0142
-101.179   79.534       4.0142
-101.179   81.784       4.0142
-101.179   84.034       4.0142
-101.179   86.284       4.0142
-101.179   88.534       4.0142
-101.179   90.783       4.0142
-101.179   93.033       4.0142
-101.179   95.283       4.0142
-101.179   97.533       4.0142
-101.179   99.782       4.0142
-101.179  102.032       4.0142
-101.179  104.282       4.0142
-101.179  106.532       4.0142
-101.179  108.782       4.0142
-101.179  111.031       4.0142
-101.179  113.281       4.0142
-101.179  115.531       4.0142
-101.179  117.781       4.0142
-101.179  120.030       4.0142
-101.179  122.280       4.0142
-101.179  124.530       4.0142
-101.179  126.780       4.0142
-101.179  129.030       4.0142
-101.179  131.279       4.0142
-101.179  133.529       4.0142
-101.179  135.779       4.0142
-101.179  138.029       4.0142
-101.179  140.278       4.0142
-101.179  142.528       4.0142
-101.179  144.778       4.0142
-101.179  147.028       4.0142
-101.179  149.278       4.0142
-101.179  151.527       4.0142
-101.179  153.777       3.6010
-101.179  156.027       2.6415
-101.179  158.277       2.6415
-101.179  160.526       3.1877
-101.179  162.776       4.0142
-101.179  165.026       4.0142
-101.179  167.276       4.0142
-101.179  169.526       3.1877
-101.179  171.775       2.5328
-101.179  174.025       2.6415
-101.179  176.275       2.9460
-101.179  178.525       3.6010
-101.179  180.774       4.0142
-101.179  183.024       4.0142
-101.179  185.274       3.1877
-101.179  187.524       2.7745
-101.179  189.774       1.7859
-101.179  192.023       1.0855
-101.179  194.273       0.6099
-101.179  196.523       0.2546
-101.179  198.773       0.0708
-101.179  201.022      -0.0000
-101.179  203.272       0.1927
-101.179  205.522       0.5392
-101.179  207.772       0.8379
-101.179  210.022       0.9386
-101.179  212.271       1.2229
-101.179  214.521       1.3871
-101.179  216.771       1.6361
-101.179  219.021       1.7859
-101.179  221.271       1.2229
-101.179  223.520       1.0432
-101.179  225.770       0.7987
-101.179  228.020       0.8379
-101.179  230.270       1.0943
-101.179  232.519       1.7582
-101.179  234.769       1.8778
-101.179  237.019       1.5935
-101.179  239.269       1.4814
-101.179  241.519       1.8150
-101.179  243.768       1.8456
-101.179  246.018       1.4987
-101.179  248.268       2.1196
-101.179  250.518       2.0718
-101.179  252.767       3.1877
-101.179  255.017       4.0142
 -98.271   32.289       4.0142
 -98.271   34.539       4.0142
 -98.271   36.789       4.0142
 -98.271   39.038       4.0142
 -98.271   41.288       4.0142
 -98.271   43.538       4.0142
 -98.271   45.788       4.0142
 -98.271   48.037       4.0142
 -98.271   50.287       4.0142
 -98.271   52.537       4.0142
 -98.271   54.787       4.0142
 -98.271   57.037       4.0142
 -98.271   59.286       4.0142
 -98.271   61.536       4.0142
 -98.271   63.786       4.0142
 -98.271   66.036       4.0142
 -98.271   68.285       4.0142
 -98.271   70.535       4.0142
 -98.271   72.785       4.0142
 -98.271   75.035       4.0142
 -98.271   77.285       4.0142
 -98.271   79.534       4.0142
 -98.271   81.784       4.0142
 -98.271   84.034       4.0142
 -98.271   86.284       4.0142
 -98.271   88.534       4.0142
 -98.271   90.783       4.0142
 -98.271   93.033       4.0142
 -98.271   95.283       4.0142
 -98.271   97.533       4.0142
 -98.271   99.782       4.0142
 -98.271  102.032       4.0142
 -98.271  104.282       4.0142
 -98.271  106.532       4.0142
 -98.271  108.782       4.0142
 -98.271  111.031       4.0142
 -98.271  113.281       4.0142
 -98.271  115.531       4.0142
 -98.271  117.781       4.0142
 -98.271  120.030       4.0142
 -98.271  122.280       4.0142
 -98.271  124.530       4.0142
 -98.271  126.780       4.0142
 -98.271  129.030       4.0142
 -98.271  131.279       4.0142
 -98.271  133.529       4.0142
 -98.271  135.779       4.0142
 -98.271  138.029       4.0142
 -98.271  140.278       4.0142
 -98.271  142.528       4.0142
 -98.271  144.778       4.0142
 -98.271  147.028       4.0142
 -98.271  149.278       4.0142
 -98.271  151.527       4.0142
 -98.271  153.777       4.0142
 -98.271  156.027       4.0142
 -98.271  158.277       2.3613
 -98.271  160.526       4.0142
 -98.271  162.776       4.0142
 -98.271  165.026       4.0142
 -98.271  167.276       4.0142
 -98.271  169.526       2.5328
 -98.271  171.775       3.1877
 -98.271  174.025       3.1877
 -98.271  176.275       2.5328
 -98.271  178.525       2.7745
 -98.271  180.774       2.2911
 -98.271  183.024       3.6010
 -98.271  185.274       4.0142
 -98.271  187.524       3.1877
 -98.271  189.774       2.0277
 -98.271  192.023       1.4324
 -98.271  194.273       0.7827
 -98.271  196.523       0.3069
 -98.271  198.773       0.1566
 -98.271  201.022       0.1155
 -98.271  203.272       0.4076
 -98.271  205.522       0.8861
 -98.271  207.772       1.0270
 -98.271  210.022       0.8988
 -98.271  212.271       0.9118
 -98.271  214.521       1.2931
 -98.271  216.771       1.9119
 -98.271  219.021       1.9119
 -98.271  221.271       1.3871
 -98.271  223.520       1.1124
 -98.271  225.770       0.7037
 -98.271  228.020       0.6382
 -98.271  230.270       0.8988
 -98.271  232.519       1.7859
 -98.271  234.769       1.9119
 -98.271  237.019       1.7582
 -98.271  239.269       1.5165
 -98.271  241.519       1.6361
 -98.271  243.768       1.5348
 -98.271  246.018       1.7317
 -98.271  248.268       2.1196
 -98.271  250.518       2.1714
 -98.271  252.767       2.9460
 -98.271  255.017       4.0142
 -95.362   32.289       4.0142
 -95.362   34.539       4.0142
 -95.362   36.789       4.0142
 -95.362   39.038       4.0142
 -95.362   41.288       4.0142
 -95.362   43.538       4.0142
 -95.362   45.788       4.0142
 -95.362   48.037       4.0142
 -95.362   50.287       4.0142
 -95.362   52.537       4.0142
 -95.362   54.787       4.0142
 -95.362   57.037       4.0142
 -95.362   59.286       4.0142
 -95.362   61.536       4.0142
 -95.362   63.786       4.0142
 -95.362   66.036       4.0142
 -95.362   68.285       4.0142
 -95.362   70.535       4.0142
 -95.362   72.785       4.0142
 -95.362   75.035       4.0142
 -95.362   77.285       4.0142
 -95.362   79.534       4.0142
 -95.362   81.784       4.0142
 -95.362   84.034       4.0142
 -95.362   86.284       4.0142
 -95.362   88.534       4.0142
 -95.362   90.783       4.0142
 -95.362   93.033       4.0142
 -95.362   95.283       4.0142
 -95.362   97.533       4.0142
 -95.362   99.782       4.0142
 -95.362  102.032       4.0142
 -95.362  104.282       4.0142
 -95.362  106.532       4.0142
 -95.362  108.782       4.0142
 -95.362  111.031       4.0142
 -95.362  113.281       4.0142
 -95.362  115.531       4.0142
 -95.362  117.781       4.0142
 -95.362  120.030       4.0142
 -95.362  122.280       4.0142
 -95.362  124.530       4.0142
 -95.362  126.780       4.0142
 -95.362  129.030       4.0142
 -95.362  131.279       4.0142
 -95.362  133.529       4.0142
 -95.362  135.779       4.0142
 -95.362  138.029       4.0142
 -95.362  140.278       4.0142
 -95.362  142.528       4.0142
 -95.362  144.778       4.0142
 -95.362  147.028       4.0142
 -95.362  149.278       3.1877
 -95.362  151.527       4.0142
 -95.362  153.777       3.6010
 -95.362  156.027       2.2283
 -95.362  158.277       2.4409
 -95.362  160.526       2.6415
 -95.362  162.776       2.9460
 -95.362  165.026       4.0142
 -95.362  167.276       2.7745
 -95.362  169.526       2.9460
 -95.362  171.775       2.7745
 -95.362  174.025       2.5328
 -95.362  176.275       2.5328
 -95.362  178.525       2.2283
 -95.362  180.774       2.9460
 -95.362  183.024       2.5328
 -95.362  185.274       2.6415
 -95.362  187.524       3.1877
 -95.362  189.774       2.3613
 -95.362  192.023       1.8778
 -95.362  194.273       0.9386
 -95.362  196.523       0.5679
 -95.362  198.773       0.4513
 -95.362  201.022       0.4729
 -95.362  203.272       0.5392
 -95.362  205.522       0.8097
 -95.362  207.772       0.8379
 -95.362  210.022       0.9812
 -95.362  212.271       1.0855
 -95.362  214.521       1.2808
 -95.362  216.771       1.4646
 -95.362  219.021       1.5165
 -95.362  221.271       1.0855
 -95.362  223.520       0.7671
 -95.362  225.770       0.7084
 -95.362  228.020       0.5322
 -95.362  230.270       1.1310
 -95.362  232.519       1.6820
 -95.362  234.769       1.7317
 -95.362  237.019       1.2454
 -95.362  239.269       1.2808
 -95.362  241.519       1.1601
 -95.362  243.768       1.4814
 -95.362  246.018       1.7582
 -95.362  248.268       2.1196
 -95.362  250.518       2.4409
 -95.362  252.767       3.1877
 -95.362  255.017       4.0142
 -92.454   32.289       4.0142
 -92.454   34.539       4.0142
 -92.454   36.789       4.0142
 -92.454   39.038       4.0142
 -92.454   41.288       4.0142
 -92.454   43.538       4.0142
 -92.454   45.788       4.0142
 -92.454   48.037       4.0142
 -92.454   50.287       4.0142
 -92.454   52.537       4.0142
 -92.454   54.787       4.0142
 -92.454   57.037       4.0142
 -92.454   59.286       4.0142
 -92.454   61.536       4.0142
 -92.454   63.786       4.0142
 -92.454   66.036       4.0142
 -92.454   68.285       4.0142
 -92.454   70.535       4.0142
 -92.454   72.785       4.0142
 -92.454   75.035       4.0142
 -92.454   77.285       4.0142
 -92.454   79.534       4.0142
 -92.454   81.784       4.0142
 -92.454   84.034       4.0142
 -92.454   86.284       4.0142
 -92.454   88.534       4.0142
 -92.454   90.783       4.0142
 -92.454   93.033       4.0142
 -92.454   95.283       4.0142
 -92.454   97.533       4.0142
 -92.454   99.782       4.0142
 -92.454  102.032       4.0142
 -92.454  104.282       4.0142
 -92.454  106.532       4.0142
 -92.454  108.782       4.0142
 -92.454  111.031       4.0142
 -92.454  113.281       4.0142
 -92.454  115.531       4.0142
 -92.454  117.781       4.0142
 -92.454  120.030       4.0142
 -92.454  122.280       4.0142
 -92.454  124.530       4.0142
 -92.454  126.780       4.0142
 -92.454  129.030       4.0142
 -92.454  131.279       4.0142
 -92.454  133.529       4.0142
 -92.454  135.779       4.0142
 -92.454  138.029       4.0142
 -92.454  140.278       4.0142
 -92.454  142.528       4.0142
 -92.454  144.778       3.6010
 -92.454  147.028       2.5328
 -92.454  149.278       2.5328
 -92.454  151.527       2.2283
 -92.454  153.777       4.0142
 -92.454  156.027       2.7745
 -92.454  158.277       2.6415
 -92.454  160.526       2.4409
 -92.454  162.776       2.9460
 -92.454  165.026       3.6010
 -92.454  167.276       4.0142
 -92.454  169.526       4.0142
 -92.454  171.775       2.5328
 -92.454  174.025       2.6415
 -92.454  176.275       2.7745
 -92.454  178.525       3.1877
 -92.454  180.774       2.3613
 -92.454  183.024       1.9481
 -92.454  185.274       2.2283
 -92.454  187.524       2.2283
 -92.454  189.774       4.0142
 -92.454  192.023       1.8778
 -92.454  194.273       1.2340
 -92.454  196.523       1.0114
 -92.454  198.773       0.6946
 -92.454  201.022       0.4792
 -92.454  203.272       0.5051
 -92.454  205.522       0.5498
 -92.454  207.772       0.7827
 -92.454  210.022       0.8737
 -92.454  212.271       1.0037
 -92.454  214.521       1.3185
 -92.454  216.771       1.2340
 -92.454  219.021       1.4018
 -92.454  221.271       1.1907
 -92.454  223.520       0.7569
 -92.454  225.770       0.6635
 -92.454  228.020       0.5981
 -92.454  230.270       0.9666
 -92.454  232.519       1.6820
 -92.454  234.769       1.3587
 -92.454  237.019       1.1405
 -92.454  239.269       1.4169
 -92.454  241.519       1.2119
 -92.454  243.768       1.2340
 -92.454  246.018       1.5733
 -92.454  248.268       1.8778
 -92.454  250.518       2.6415
 -92.454  252.767       4.0142
 -92.454  255.017       4.0142
 -89.545   32.289       4.0142
 -89.545   34.539       4.0142
 -89.545   36.789       4.0142
 -89.545   39.038       4.0142
 -89.545   41.288       4.0142
 -89.545   43.538       4.0142
 -89.545   45.788       4.0142
 -89.545   48.037       4.0142
 -89.545   50.287       4.0142
 -89.545   52.537       4.0142
 -89.545   54.787       4.0142
 -89.545   57.037       4.0142
 -89.545   59.286       4.0142
 -89.545   61.536       4.0142
 -89.545   63.786       4.0142
 -89.545   66.036       4.0142
 -89.545   68.285       4.0142
 -89.545   70.535       4.0142
 -89.545   72.785       4.0142
 -89.545   75.035       4.0142
 -89.545   77.285       4.0142
 -89.545   79.534       4.0142
 -89.545   81.784       4.0142
 -89.545   84.034       4.0142
 -89.545   86.284       4.0142
 -89.545   88.534       4.0142
 -89.545   90.783       4.0142
 -89.545   93.033       4.0142
 -89.545   95.283       4.0142
 -89.545   97.533       4.0142
 -89.545   99.782       4.0142
 -89.545  102.032       4.0142
 -89.545  104.282       4.0142
 -89.545  106.532       4.0142
 -89.545  108.782       4.0142
 -89.545  111.031       4.0142
 -89.545  113.281       4.0142
 -89.545  115.531       4.0142
 -89.545  117.781       4.0142
 -89.545  120.030       4.0142
 -89.545  122.280       4.0142
 -89.545  124.530       4.0142
 -89.545  126.780       4.0142
 -89.545  129.030       4.0142
 -89.545  131.279       4.0142
 -89.545  133.529       4.0142
 -89.545  135.779       4.0142
 -89.545  138.029       4.0142
 -89.545  140.278       4.0142
 -89.545  142.528       2.7745
 -89.545  144.778       2.6415
 -89.545  147.028       2.3613
 -89.545  149.278       2.2911
 -89.545  151.527       2.3613
 -89.545  153.777       2.9460
 -89.545  156.027       3.1877
 -89.545  158.277       3.1877
 -89.545  160.526       2.6415
 -89.545  162.776       3.1877
 -89.545  165.026       3.6010
 -89.545  167.276       4.0142
 -89.545  169.526       2.9460
 -89.545  171.775       3.6010
 -89.545  174.025       2.1196
 -89.545  176.275       2.5328
 -89.545  178.525       3.1877
 -89.545  180.774       2.5328
 -89.545  183.024       2.2911
 -89.545  185.274       1.7317
 -89.545  187.524       1.8456
 -89.545  189.774       2.6415
 -89.545  192.023       2.4409
 -89.545  194.273       1.2454
 -89.545  196.523       0.7130
 -89.545  198.773       0.5151
 -89.545  201.022       0.5828
 -89.545  203.272       0.3386
 -89.545  205.522       0.4334
 -89.545  207.772       0.5357
 -89.545  210.022       0.8496
 -89.545  212.271       0.9318
 -89.545  214.521       1.4324
 -89.545  216.771       1.2454
 -89.545  219.021       1.1601
 -89.545  221.271       0.8676
 -89.545  223.520       0.6991
 -89.545  225.770       0.8265
 -89.545  228.020       0.8097
 -89.545  230.270       1.0192
 -89.545  232.519       1.6144
 -89.545  234.769       1.5538
 -89.545  237.019       1.2012
 -89.545  239.269       1.1216
 -89.545  241.519       1.3450
 -89.545  243.768       1.3057
 -89.545  246.018       1.4483
 -89.545  248.268       1.6586
 -89.545  250.518       2.1714
 -89.545  252.767       4.0142
 -89.545  255.017       4.0142
 -86.637   32.289       4.0142
 -86.637   34.539       4.0142
 -86.637   36.789       4.0142
 -86.637   39.038       4.0142
 -86.637   41.288       4.0142
 -86.637   43.538       4.0142
 -86.637   45.788       4.0142
 -86.637   48.037       4.0142
 -86.637   50.287       4.0142
 -86.637   52.537       4.0142
 -86.637   54.787       4.0142
 -86.637   57.037       4.0142
 -86.637   59.286       4.0142
 -86.637   61.536       4.0142
 -86.637   63.786       4.0142
 -86.637   66.036       4.0142
 -86.637   68.285       4.0142
 -86.637   70.535       4.0142
 -86.637   72.785       4.0142
 -86.637   75.035       4.0142
 -86.637   77.285       4.0142
 -86.637   79.534       4.0142
 -86.637   81.784       4.0142
 -86.637   84.034       4.0142
 -86.637   86.284       4.0142
 -86.637   88.534       4.0142
 -86.637   90.783       4.0142
 -86.637   93.033       4.0142
 -86.637   95.283       4.0142
 -86.637   97.533       4.0142
 -86.637   99.782       4.0142
 -86.637  102.032       4.0142
 -86.637  104.282       4.0142
 -86.637  106.532       4.0142
 -86.637  108.782       4.0142
 -86.637  111.031       4.0142
 -86.637  113.281       4.0142
 -86.637  115.531       4.0142
 -86.637  117.781       4.0142
 -86.637  120.030       4.0142
 -86.637  122.280       4.0142
 -86.637  124.530       4.0142
 -86.637  126.780       4.0142
 -86.637  129.030       4.0142
 -86.637  131.279       4.0142
 -86.637  133.529       4.0142
 -86.637  135.779       4.0142
 -86.637  138.029       4.0142
 -86.637  140.278       3.6010
 -86.637  142.528       2.6415
 -86.637  144.778       2.3613
 -86.637  147.028       2.2911
 -86.637  149.278       2.3613
 -86.637  151.527       2.5328
 -86.637  153.777       2.9460
 -86.637  156.027       2.9460
 -86.637  158.277       2.7745
 -86.637  160.526       2.2283
 -86.637  162.776       4.0142
 -86.637  165.026       4.0142
 -86.637  167.276       4.0142
 -86.637  169.526       2.7745
 -86.637  171.775       3.1877
 -86.637  174.025       2.5328
 -86.637  176.275       2.0718
 -86.637  178.525       2.6415
 -86.637  180.774       3.1877
 -86.637  183.024       2.1196
 -86.637  185.274       1.9865
 -86.637  187.524       2.0718
 -86.637  189.774       2.4409
 -86.637  192.023       1.4987
 -86.637  194.273       1.0514
 -86.637  196.523       0.6991
 -86.637  198.773       0.5534
 -86.637  201.022       0.4276
 -86.637  203.272       0.4824
 -86.637  205.522       0.4792
 -86.637  207.772       0.7619
 -86.637  210.022       0.8265
 -86.637  212.271       1.0114
 -86.637  214.521       1.2931
 -86.637  216.771       1.3727
 -86.637  219.021       1.1216
 -86.637  221.271       0.8097
 -86.637  223.520       0.6766
 -86.637  225.770       0.8924
 -86.637  228.020       0.9739
 -86.637  230.270       1.2808
 -86.637  232.519       1.7859
 -86.637  234.769       1.2688
 -86.637  237.019       1.2808
 -86.637  239.269       1.3185
 -86.637  241.519       1.3871
 -86.637  243.768       1.2012
 -86.637  246.018       1.3727
 -86.637  248.268       1.3871
 -86.637  250.518       1.9865
 -86.637  252.767       4.0142
 -86.637  255.017       4.0142
 -83.729   32.289       4.0142
 -83.729   34.539       4.0142
 -83.729   36.789       4.0142
 -83.729   39.038       4.0142
 -83.729   41.288       4.0142
 -83.729   43.538       4.0142
 -83.729   45.788       4.0142
 -83.729   48.037       4.0142
 -83.729   50.287       4.0142
 -83.729   52.537       4.0142
 -83.729   54.787       4.0142
 -83.729   57.037       4.0142
 -83.729   59.286       4.0142
 -83.729   61.536       4.0142
 -83.729   63.786       4.0142
 -83.729   66.036       4.0142
 -83.729   68.285       4.0142
 -83.729   70.535       4.0142
 -83.729   72.785       4.0142
 -83.729   75.035       4.0142
 -83.729   77.285       4.0142
 -83.729   79.534       4.0142
 -83.729   81.784       4.0142
 -83.729   84.034       4.0142
 -83.729   86.284       4.0142
 -83.729   88.534       4.0142
 -83.729   90.783       4.0142
 -83.729   93.033       4.0142
 -83.729   95.283       4.0142
 -83.729   97.533       4.0142
 -83.729   99.782       4.0142
 -83.729  102.032       4.0142
 -83.729  104.282       4.0142
 -83.729  106.532       4.0142
 -83.729  108.782       4.0142
 -83.729  111.031       4.0142
 -83.729  113.281       4.0142
 -83.729  115.531       4.0142
 -83.729  117.781       4.0142
 -83.729  120.030       4.0142
 -83.729  122.280       4.0142
 -83.729  124.530       4.0142
 -83.729  126.780       4.0142
 -83.729  129.030       4.0142
 -83.729  131.279       4.0142
 -83.729  133.529       4.0142
 -83.729  135.779       4.0142
 -83.729  138.029       4.0142
 -83.729  140.278       4.0142
 -83.729  142.528       1.9865
 -83.729  144.778       2.2911
 -83.729  147.028       3.1877
 -83.729  149.278       2.7745
 -83.729  151.527       4.0142
 -83.729  153.777       2.9460
 -83.729  156.027       2.5328
 -83.729  158.277       2.0277
 -83.729  160.526       2.9460
 -83.729  162.776       2.7745
 -83.729  165.026       4.0142
 -83.729  167.276       4.0142
 -83.729  169.526       4.0142
 -83.729  171.775       4.0142
 -83.729  174.025       2.0277
 -83.729  176.275       2.9460
 -83.729  178.525       4.0142
 -83.729  180.774       3.6010
 -83.729  183.024       2.7745
 -83.729  185.274       3.1877
 -83.729  187.524       2.0718
 -83.729  189.774       1.9481
 -83.729  192.023       1.2454
 -83.729  194.273       0.6382
 -83.729  196.523       0.5018
 -83.729  198.773       0.3462
 -83.729  201.022       0.4218
 -83.729  203.272       0.4729
 -83.729  205.522       0.6991
 -83.729  207.772       0.9184
 -83.729  210.022       0.7671
 -83.729  212.271       1.0270
 -83.729  214.521       1.3450
 -83.729  216.771       1.2688
 -83.729  219.021       1.1033
 -83.729  221.271       0.9250
 -83.729  223.520       0.8988
 -83.729  225.770       0.9595
 -83.729  228.020       1.2340
 -83.729  230.270       1.5538
 -83.729  232.519       1.6144
 -83.729  234.769       1.6144
 -83.729  237.019       1.4018
 -83.729  239.269       1.1405
 -83.729  241.519       1.6586
 -83.729  243.768       1.5538
 -83.729  246.018       1.5348
 -83.729  248.268       1.7317
 -83.729  250.518       4.0142
 -83.729  252.767       4.0142
 -83.729  255.017       4.0142
 -80.820   32.289       4.0142
 -80.820   34.539       4.0142
 -80.820   36.789       4.0142
 -80.820   39.038       4.0142
 -80.820   41.288       4.0142
 -80.820   43.538       4.0142
 -80.820   45.788       4.0142
 -80.820   48.037       4.0142
 -80.820   50.287       4.0142
 -80.820   52.537       4.0142
 -80.820   54.787       4.0142
 -80.820   57.037       4.0142
 -80.820   59.286       4.0142
 -80.820   61.536       4.0142
 -80.820   63.786       4.0142
 -80.820   66.036       4.0142
 -80.820   68.285       4.0142
 -80.820   70.535       4.0142
 -80.820   72.785       4.0142
 -80.820   75.035       4.0142
 -80.820   77.285       4.0142
 -80.820   79.534       4.0142
 -80.820   81.784       4.0142
 -80.820   84.034       4.0142
 -80.820   86.284       4.0142
 -80.820   88.534       4.0142
 -80.820   90.783       4.0142
 -80.820   93.033       4.0142
 -80.820   95.283       4.0142
 -80.820   97.533       4.0142
 -80.820   99.782       4.0142
 -80.820  102.032       4.0142
 -80.820  104.282       4.0142
 -80.820  106.532       4.0142
 -80.820  108.782       4.0142
 -80.820  111.031       4.0142
 -80.820  113.281       4.0142
 -80.820  115.531       4.0142
 -80.820  117.781       4.0142
 -80.820  120.030       4.0142
 -80.820  122.280       4.0142
 -80.820  124.530       4.0142
 -80.820  126.780       4.0142
 -80.820  129.030       4.0142
 -80.820  131.279       4.0142
 -80.820  133.529       4.0142
 -80.820  135.779       4.0142
 -80.820  138.029       4.0142
 -80.820  140.278       4.0142
 -80.820  142.528       2.9460
 -80.820  144.778       2.4409
 -80.820  147.028       3.1877
 -80.820  149.278       3.6010
 -80.820  151.527       2.9460
 -80.820  153.777       3.6010
 -80.820  156.027       2.3613
 -80.820  158.277       2.0718
 -80.820  160.526       2.5328
 -80.820  162.776       2.4409
 -80.820  165.026       2.7745
 -80.820  167.276       3.1877
 -80.820  169.526       2.3613
 -80.820  171.775       2.5328
 -80.820  174.025       2.0277
 -80.820  176.275       2.9460
 -80.820  178.525       3.6010
 -80.820  180.774       3.6010
 -80.820  183.024       2.9460
 -80.820  185.274       2.1196
 -80.820  187.524       2.0277
 -80.820  189.774       2.1714
 -80.820  192.023       1.1405
 -80.820  194.273       0.5643
 -80.820  196.523       0.2928
 -80.820  198.773       0.2836
 -80.820  201.022       0.3937
 -80.820  203.272       0.7178
 -80.820  205.522       0.8861
 -80.820  207.772       0.8437
 -80.820  210.022       0.8437
 -80.820  212.271       1.0943
 -80.820  214.521       1.0768
 -80.820  216.771       0.8988
 -80.820  219.021       1.2119
 -80.820  221.271       1.1124
 -80.820  223.520       1.2454
 -80.820  225.770       1.3057
 -80.820  228.020       1.4018
 -80.820  230.270       1.6361
 -80.820  232.519       1.4646
 -80.820  234.769       1.4987
 -80.820  237.019       1.3450
 -80.820  239.269       1.3057
 -80.820  241.519       1.4814
 -80.820  243.768       1.5538
 -80.820  246.018       1.8778
 -80.820  248.268       2.5328
 -80.820  250.518       4.0142
 -80.820  252.767       4.0142
 -80.820  255.017       4.0142
 -77.912   32.289       4.0142
 -77.912   34.539       4.0142
 -77.912   36.789       4.0142
 -77.912   39.038       4.0142
 -77.912   41.288       4.0142
 -77.912   43.538       4.0142
 -77.912   45.788       4.0142
 -77.912   48.037       4.0142
 -77.912   50.287       4.0142
 -77.912   52.537       4.0142
 -77.912   54.787       4.0142
 -77.912   57.037       4.0142
 -77.912   59.286       4.0142
 -77.912   61.536       4.0142
 -77.912   63.786       4.0142
 -77.912   66.036       4.0142
 -77.912   68.285       4.0142
 -77.912   70.535       4.0142
 -77.912   72.785       4.0142
 -77.912   75.035       4.0142
 -77.912   77.285       4.0142
 -77.912   79.534       4.0142
 -77.912   81.784       4.0142
 -77.912   84.034       4.0142
 -77.912   86.284       4.0142
 -77.912   88.534       4.0142
 -77.912   90.783       4.0142
 -77.912   93.033       4.0142
 -77.912   95.283       4.0142
 -77.912   97.533       4.0142
 -77.912   99.782       4.0142
 -77.912  102.032       4.0142
 -77.912  104.282       4.0142
 -77.912  106.532       4.0142
 -77.912  108.782       4.0142
 -77.912  111.031       4.0142
 -77.912  113.281       4.0142
 -77.912  115.531       4.0142
 -77.912  117.781       4.0142
 -77.912  120.030       4.0142
 -77.912  122.280       4.0142
 -77.912  124.530       4.0142
 -77.912  126.780       4.0142
 -77.912  129.030       4.0142
 -77.912  131.279       4.0142
 -77.912  133.529       4.0142
 -77.912  135.779       4.0142
 -77.912  138.029       4.0142
 -77.912  140.278       4.0142
 -77.912  142.528       2.9460
 -77.912  144.778       2.2283
 -77.912  147.028       2.6415
 -77.912  149.278       2.4409
 -77.912  151.527       2.4409
 -77.912  153.777       2.9460
 -77.912  156.027       2.2283
 -77.912  158.277       1.8778
 -77.912  160.526       2.5328
 -77.912  162.776       1.8150
 -77.912  165.026       2.2283
 -77.912  167.276       2.3613
 -77.912  169.526       2.2911
 -77.912  171.775       2.2283
 -77.912  174.025       1.9865
 -77.912  176.275       2.0277
 -77.912  178.525       2.1196
 -77.912  180.774       2.5328
 -77.912  183.024       2.2283
 -77.912  185.274       2.0718
 -77.912  187.524       2.4409
 -77.912  189.774       2.5328
 -77.912  192.023       1.3057
 -77.912  194.273       0.5716
 -77.912  196.523       0.2086
 -77.912  198.773       0.3238
 -77.912  201.022       0.6059
 -77.912  203.272       0.9666
 -77.912  205.522       1.0350
 -77.912  207.772       1.0855
 -77.912  210.022       1.0514
 -77.912  212.271       1.2012
 -77.912  214.521       1.3185
 -77.912  216.771       1.3057
 -77.912  219.021       1.0855
 -77.912  221.271       1.1907
 -77.912  223.520       1.7063
 -77.912  225.770       1.4646
 -77.912  228.020       1.4987
 -77.912  230.270       1.6586
 -77.912  232.519       1.4483
 -77.912  234.769       1.2808
 -77.912  237.019       1.2340
 -77.912  239.269       1.0855
 -77.912  241.519       1.6586
 -77.912  243.768       2.4409
 -77.912  246.018       2.4409
 -77.912  248.268       2.6415
 -77.912  250.518       3.6010
 -77.912  252.767       4.0142
 -77.912  255.017       4.0142
 -75.004   32.289       4.0142
 -75.004   34.539       4.0142
 -75.004   36.789       4.0142
 -75.004   39.038       4.0142
 -75.004   41.288       4.0142
 -75.004   43.538       4.0142
 -75.004   45.788       4.0142
 -75.004   48.037       4.0142
 -75.004   50.287       4.0142
 -75.004   52.537       4.0142
 -75.004   54.787       4.0142
 -75.004   57.037       4.0142
 -75.004   59.286       4.0142
 -75.004   61.536       4.0142
 -75.004   63.786       4.0142
 -75.004   66.036       4.0142
 -75.004   68.285       4.0142
 -75.004   70.535       4.0142
 -75.004   72.785       4.0142
 -75.004   75.035       4.0142
 -75.004   77.285       4.0142
 -75.004   79.534       4.0142
 -75.004   81.784       4.0142
 -75.004   84.034       4.0142
 -75.004   86.284       4.0142
 -75.004   88.534       4.0142
 -75.004   90.783       4.0142
 -75.004   93.033       4.0142
 -75.004   95.283       4.0142
 -75.004   97.533       4.0142
 -75.004   99.782       4.0142
 -75.004  102.032       4.0142
 -75.004  104.282       4.0142
 -75.004  106.532       4.0142
 -75.004  108.782       4.0142
 -75.004  111.031       4.0142
 -75.004  113.281       4.0142
 -75.004  115.531       4.0142
 -75.004  117.781       4.0142
 -75.004  120.030       4.0142
 -75.004  122.280       4.0142
 -75.004  124.530       4.0142
 -75.004  126.780       4.0142
 -75.004  129.030       4.0142
 -75.004  131.279       4.0142
 -75.004  133.529       4.0142
 -75.004  135.779       4.0142
 -75.004  138.029       4.0142
 -75.004  140.278       4.0142
 -75.004  142.528       4.0142
 -75.004  144.778       3.1877
 -75.004  147.028       2.2283
 -75.004  149.278       2.2283
 -75.004  151.527       2.5328
 -75.004  153.777       2.9460
 -75.004  156.027       2.5328
 -75.004  158.277       1.9865
 -75.004  160.526       2.0277
 -75.004  162.776       1.9481
 -75.004  165.026       1.2931
 -75.004  167.276       1.5348
 -75.004  169.526       2.1196
 -75.004  171.775       1.8778
 -75.004  174.025       1.5165
 -75.004  176.275       1.5538
 -75.004  178.525       1.9481
 -75.004  180.774       2.1196
 -75.004  183.024       2.2283
 -75.004  185.274       2.1196
 -75.004  187.524       1.9119
 -75.004  189.774       1.5733
 -75.004  192.023       1.2570
 -75.004  194.273       0.6946
 -75.004  196.523       0.3992
 -75.004  198.773       0.4513
 -75.004  201.022       0.8861
 -75.004  203.272       1.3057
 -75.004  205.522       1.5165
 -75.004  207.772       1.2454
 -75.004  210.022       1.2340
 -75.004  212.271       1.6586
 -75.004  214.521       1.7317
 -75.004  216.771       1.5348
 -75.004  219.021       1.1803
 -75.004  221.271       1.6586
 -75.004  223.520       1.6820
 -75.004  225.770       1.6144
 -75.004  228.020       1.5538
 -75.004  230.270       1.5733
 -75.004  232.519       1.7063
 -75.004  234.769       1.7317
 -75.004  237.019       1.3871
 -75.004  239.269       1.5538
 -75.004  241.519       2.2911
 -75.004  243.768       4.0142
 -75.004  246.018       3.6010
 -75.004  248.268       4.0142
 -75.004  250.518       4.0142
 -75.004  252.767       4.0142
 -75.004  255.017       4.0142
 -72.095   32.289       4.0142
 -72.095   34.539       4.0142
 -72.095   36.789       4.0142
 -72.095   39.038       4.0142
 -72.095   41.288       4.0142
 -72.095   43.538       4.0142
 -72.095   45.788       4.0142
 -72.095   48.037       4.0142
 -72.095   50.287       4.0142
 -72.095   52.537       4.0142
 -72.095   54.787       4.0142
 -72.095   57.037       4.0142
 -72.095   59.286       4.0142
 -72.095   61.536       4.0142
 -72.095   63.786       4.0142
 -72.095   66.036       4.0142
 -72.095   68.285       4.0142
 -72.095   70.535       4.0142
 -72.095   72.785       4.0142
 -72.095   75.035       4.0142
 -72.095   77.285       4.0142
 -72.095   79.534       4.0142
 -72.095   81.784       4.0142
 -72.095   84.034       4.0142
 -72.095   86.284       4.0142
 -72.095   88.534       4.0142
 -72.095   90.783       4.0142
 -72.095   93.033       4.0142
 -72.095   95.283       4.0142
 -72.095   97.533       4.0142
 -72.095   99.782       4.0142
 -72.095  102.032       4.0142
 -72.095  104.282       4.0142
 -72.095  106.532       4.0142
 -72.095  108.782       4.0142
 -72.095  111.031       4.0142
 -72.095  113.281       4.0142
 -72.095  115.531       4.0142
 -72.095  117.781       4.0142
 -72.095  120.030       4.0142
 -72.095  122.280       4.0142
 -72.095  124.530       4.0142
 -72.095  126.780       4.0142
 -72.095  129.030       4.0142
 -72.095  131.279       4.0142
 -72.095  133.529       4.0142
 -72.095  135.779       4.0142
 -72.095  138.029       4.0142
 -72.095  140.278       4.0142
 -72.095  142.528       4.0142
 -72.095  144.778       3.1877
 -72.095  147.028       2.6415
 -72.095  149.278       2.3613
 -72.095  151.527       2.9460
 -72.095  153.777       2.5328
 -72.095  156.027       2.7745
 -72.095  158.277       2.2911
 -72.095  160.526       1.9865
 -72.095  162.776       1.7317
 -72.095  165.026       1.3727
 -72.095  167.276       1.2931
 -72.095  169.526       1.7317
 -72.095  171.775       1.5935
 -72.095  174.025       1.6586
 -72.095  176.275       1.4169
 -72.095  178.525       2.1196
 -72.095  180.774       2.1714
 -72.095  183.024       1.7859
 -72.095  185.274       1.6144
 -72.095  187.524       1.7317
 -72.095  189.774       1.1803
 -72.095  192.023       0.9250
 -72.095  194.273       0.6178
 -72.095  196.523       0.4985
 -72.095  198.773       0.9118
 -72.095  201.022       1.0943
 -72.095  203.272       1.4814
 -72.095  205.522       1.4483
 -72.095  207.772       1.4646
 -72.095  210.022       1.5538
 -72.095  212.271       1.6586
 -72.095  214.521       1.6361
 -72.095  216.771       1.3316
 -72.095  219.021       1.4324
 -72.095  221.271       2.0277
 -72.095  223.520       1.5348
 -72.095  225.770       1.5935
 -72.095  228.020       1.2808
 -72.095  230.270       1.5538
 -72.095  232.519       2.0277
 -72.095  234.769       1.6586
 -72.095  237.019       1.9481
 -72.095  239.269       2.1196
 -72.095  241.519       2.0718
 -72.095  243.768       2.5328
 -72.095  246.018       3.1877
 -72.095  248.268       4.0142
 -72.095  250.518       4.0142
 -72.095  252.767       4.0142
 -72.095  255.017       4.0142
 -69.187   32.289       4.0142
 -69.187   34.539       4.0142
 -69.187   36.789       4.0142
 -69.187   39.038       4.0142
 -69.187   41.288       4.0142
 -69.187   43.538       4.0142
 -69.187   45.788       4.0142
 -69.187   48.037       4.0142
 -69.187   50.287       4.0142
 -69.187   52.537       4.0142
 -69.187   54.787       4.0142
 -69.187   57.037       4.0142
 -69.187   59.286       4.0142
 -69.187   61.536       4.0142
 -69.187   63.786       4.0142
 -69.187   66.036       4.0142
 -69.187   68.285       4.0142
 -69.187   70.535       4.0142
 -69.187   72.785       4.0142
 -69.187   75.035       4.0142
 -69.187   77.285       4.0142
 -69.187   79.534       4.0142
 -69.187   81.784       4.0142
 -69.187   84.034       4.0142
 -69.187   86.284       4.0142
 -69.187   88.534       4.0142
 -69.187   90.783       4.0142
 -69.187   93.033       4.0142
 -69.187   95.283       4.0142
 -69.187   97.533       4.0142
 -69.187   99.782       4.0142
 -69.187  102.032       4.0142
 -69.187  104.282       4.0142
 -69.187  106.532       4.0142
 -69.187  108.782       4.0142
 -69.187  111.031       4.0142
 -69.187  113.281       4.0142
 -69.187  115.531       4.0142
 -69.187  117.781       4.0142
 -69.187  120.030       4.0142
 -69.187  122.280       4.0142
 -69.187  124.530       4.0142
 -69.187  126.780       4.0142
 -69.187  129.030       4.0142
 -69.187  131.279       4.0142
 -69.187  133.529       4.0142
 -69.187  135.779       4.0142
 -69.187  138.029       4.0142
 -69.187  140.278       4.0142
 -69.187  142.528       4.0142
 -69.187  144.778       3.1877
 -69.187  147.028       2.5328
 -69.187  149.278       2.4409
 -69.187  151.527       2.2283
 -69.187  153.777       2.2911
 -69.187  156.027       2.2911
 -69.187  158.277       1.6586
 -69.187  160.526       2.0277
 -69.187  162.776       1.5165
 -69.187  165.026       1.3316
 -69.187  167.276       1.4646
 -69.187  169.526       1.9865
 -69.187  171.775       1.6361
 -69.187  174.025       1.5733
 -69.187  176.275       1.8150
 -69.187  178.525       2.0718
 -69.187  180.774       1.8456
 -69.187  183.024       1.4646
 -69.187  185.274       1.3185
 -69.187  187.524       1.4324
 -69.187  189.774       1.2119
 -69.187  192.023       0.7037
 -69.187  194.273       0.5219
 -69.187  196.523       0.5791
 -69.187  198.773       0.8988
 -69.187  201.022       1.4018
 -69.187  203.272       1.4483
 -69.187  205.522       1.4483
 -69.187  207.772       1.3587
 -69.187  210.022       1.5733
 -69.187  212.271       1.8456
 -69.187  214.521       1.5165
 -69.187  216.771       1.5935
 -69.187  219.021       1.2931
 -69.187  221.271       1.6586
 -69.187  223.520       1.5165
 -69.187  225.770       1.4814
 -69.187  228.020       1.3727
 -69.187  230.270       1.3727
 -69.187  232.519       1.7859
 -69.187  234.769       1.4814
 -69.187  237.019       1.5538
 -69.187  239.269       1.7859
 -69.187  241.519       2.1196
 -69.187  243.768       3.1877
 -69.187  246.018       3.6010
 -69.187  248.268       3.6010
 -69.187  250.518       4.0142
 -69.187  252.767       4.0142
 -69.187  255.017       4.0142
 -66.279   32.289       4.0142
 -66.279   34.539       4.0142
 -66.279   36.789       4.0142
 -66.279   39.038       4.0142
 -66.279   41.288       4.0142
 -66.279   43.538       4.0142
 -66.279   45.788       4.0142
 -66.279   48.037       4.0142
 -66.279   50.287       4.0142
 -66.279   52.537       4.0142
 -66.279   54.787       4.0142
 -66.279   57.037       4.0142
 -66.279   59.286       4.0142
 -66.279   61.536       4.0142
 -66.279   63.786       4.0142
 -66.279   66.036       4.0142
 -66.279   68.285       4.0142
 -66.279   70.535       4.0142
 -66.279   72.785       4.0142
 -66.279   75.035       4.0142
 -66.279   77.285       4.0142
 -66.279   79.534       4.0142
 -66.279   81.784       4.0142
 -66.279   84.034       4.0142
 -66.279   86.284       4.0142
 -66.279   88.534       4.0142
 -66.279   90.783       4.0142
 -66.279   93.033       4.0142
 -66.279   95.283       4.0142
 -66.279   97.533       4.0142
 -66.279   99.782       4.0142
 -66.279  102.032       4.0142
 -66.279  104.282       4.0142
 -66.279  106.532       4.0142
 -66.279  108.782       4.0142
 -66.279  111.031       4.0142
 -66.279  113.281       4.0142
 -66.279  115.531       4.0142
 -66.279  117.781       4.0142
 -66.279  120.030       4.0142
 -66.279  122.280       4.0142
 -66.279  124.530       4.0142
 -66.279  126.780       4.0142
 -66.279  129.030       4.0142
 -66.279  131.279       4.0142
 -66.279  133.529       4.0142
 -66.279  135.779       4.0142
 -66.279  138.029       4.0142
 -66.279  140.278       4.0142
 -66.279  142.528       4.0142
 -66.279  144.778       2.9460
 -66.279  147.028       2.9460
 -66.279  149.278       2.2283
 -66.279  151.527       1.9119
 -66.279  153.777       1.6361
 -66.279  156.027       1.7063
 -66.279  158.277       1.6144
 -66.279  160.526       1.6820
 -66.279  162.776       1.4169
 -66.279  165.026       1.4324
 -66.279  167.276       1.4814
 -66.279  169.526       1.5733
 -66.279  171.775       1.7859
 -66.279  174.025       1.4987
 -66.279  176.275       1.4483
 -66.279  178.525       1.8456
 -66.279  180.774       1.4324
 -66.279  183.024       1.2570
 -66.279  185.274       1.1502
 -66.279  187.524       1.1033
 -66.279  189.774       0.7880
 -66.279  192.023       0.5253
 -66.279  194.273       0.4888
 -66.279  196.523       0.6946
 -66.279  198.773       1.0855
 -66.279  201.022       1.6820
 -66.279  203.272       1.4018
 -66.279  205.522       1.4987
 -66.279  207.772       1.3185
 -66.279  210.022       1.3587
 -66.279  212.271       1.4018
 -66.279  214.521       1.4324
 -66.279  216.771       1.6361
 -66.279  219.021       1.8150
 -66.279  221.271       1.5935
 -66.279  223.520       1.6361
 -66.279  225.770       1.5165
 -66.279  228.020       1.4018
 -66.279  230.270       1.5348
 -66.279  232.519       1.8456
 -66.279  234.769       1.4814
 -66.279  237.019       1.9481
 -66.279  239.269       1.8456
 -66.279  241.519       2.2911
 -66.279  243.768       3.6010
 -66.279  246.018       3.1877
 -66.279  248.268       4.0142
 -66.279  250.518       4.0142
 -66.279  252.767       4.0142
 -66.279  255.017       4.0142
 -63.370   32.289       4.0142
 -63.370   34.539       4.0142
 -63.370   36.789       4.0142
 -63.370   39.038       4.0142
 -63.370   41.288       4.0142
 -63.370   43.538       4.0142
 -63.370   45.788       4.0142
 -63.370   48.037       4.0142
 -63.370   50.287       4.0142
 -63.370   52.537       4.0142
 -63.370   54.787       4.0142
 -63.370   57.037       4.0142
 -63.370   59.286       4.0142
 -63.370   61.536       4.0142
 -63.370   63.786       4.0142
 -63.370   66.036       4.0142
 -63.370   68.285       4.0142
 -63.370   70.535       4.0142
 -63.370   72.785       4.0142
 -63.370   75.035       4.0142
 -63.370   77.285       4.0142
 -63.370   79.534       4.0142
 -63.370   81.784       4.0142
 -63.370   84.034       4.0142
 -63.370   86.284       4.0142
 -63.370   88.534       4.0142
 -63.370   90.783       4.0142
 -63.370   93.033       4.0142
 -63.370   95.283       4.0142
 -63.370   97.533       4.0142
 -63.370   99.782       4.0142
 -63.370  102.032       4.0142
 -63.370  104.282       4.0142
 -63.370  106.532       4.0142
 -63.370  108.782       4.0142
 -63.370  111.031       3.1877
 -63.370  113.281       4.0142
 -63.370  115.531       4.0142
 -63.370  117.781       4.0142
 -63.370  120.030       4.0142
 -63.370  122.280       4.0142
 -63.370  124.530       4.0142
 -63.370  126.780       4.0142
 -63.370  129.030       4.0142
 -63.370  131.279       4.0142
 -63.370  133.529       4.0142
 -63.370  135.779       4.0142
 -63.370  138.029       4.0142
 -63.370  140.278       4.0142
 -63.370  142.528       3.1877
 -63.370  144.778       3.6010
 -63.370  147.028       2.7745
 -63.370  149.278       2.2283
 -63.370  151.527       1.4987
 -63.370  153.777       1.3587
 -63.370  156.027       1.5733
 -63.370  158.277       1.6586
 -63.370  160.526       1.6144
 -63.370  162.776       1.4646
 -63.370  165.026       1.6144
 -63.370  167.276       1.5165
 -63.370  169.526       1.9481
 -63.370  171.775       1.6586
 -63.370  174.025       1.3727
 -63.370  176.275       1.5538
 -63.370  178.525       1.7063
 -63.370  180.774       1.5733
 -63.370  183.024       1.2688
 -63.370  185.274       1.0114
 -63.370  187.524       0.8322
 -63.370  189.774       0.6679
 -63.370  192.023       0.4218
 -63.370  194.273       0.4048
 -63.370  196.523       0.8265
 -63.370  198.773       1.4018
 -63.370  201.022       1.7317
 -63.370  203.272       1.6144
 -63.370  205.522       1.3316
 -63.370  207.772       1.2012
 -63.370  210.022       1.0270
 -63.370  212.271       1.2340
 -63.370  214.521       1.3871
 -63.370  216.771       1.8150
 -63.370  219.021       2.0277
 -63.370  221.271       1.9865
 -63.370  223.520       1.9865
 -63.370  225.770       1.9481
 -63.370  228.020       1.9481
 -63.370  230.270       1.8778
 -63.370  232.519       2.1196
 -63.370  234.769       1.9865
 -63.370  237.019       2.5328
 -63.370  239.269       3.1877
 -63.370  241.519       2.4409
 -63.370  243.768       2.6415
 -63.370  246.018       4.0142
 -63.370  248.268       4.0142
 -63.370  250.518       4.0142
 -63.370  252.767       4.0142
 -63.370  255.017       4.0142
 -60.462   32.289       4.0142
 -60.462   34.539       4.0142
 -60.462   36.789       4.0142
 -60.462   39.038       4.0142
 -60.462   41.288       4.0142
 -60.462   43.538       4.0142
 -60.462   45.788       4.0142
 -60.462   48.037       4.0142
 -60.462   50.287       4.0142
 -60.462   52.537       4.0142
 -60.462   54.787       4.0142
 -60.462   57.037       4.0142
 -60.462   59.286       4.0142
 -60.462   61.536       4.0142
 -60.462   63.786       4.0142
 -60.462   66.036       4.0142
 -60.462   68.285       4.0142
 -60.462   70.535       4.0142
 -60.462   72.785       4.0142
 -60.462   75.035       4.0142
 -60.462   77.285       4.0142
 -60.462   79.534       4.0142
 -60.462   81.784       4.0142
 -60.462   84.034       4.0142
 -60.462   86.284       4.0142
 -60.462   88.534       4.0142
 -60.462   90.783       4.0142
 -60.462   93.033       4.0142
 -60.462   95.283       4.0142
 -60.462   97.533       4.0142
 -60.462   99.782       4.0142
 -60.462  102.032       3.6010
 -60.462  104.282       3.6010
 -60.462  106.532       3.1877
 -60.462  108.782       2.9460
 -60.462  111.031       2.5328
 -60.462  113.281       4.0142
 -60.462  115.531       4.0142
 -60.462  117.781       4.0142
 -60.462  120.030       4.0142
 -60.462  122.280       4.0142
 -60.462  124.530       4.0142
 -60.462  126.780       4.0142
 -60.462  129.030       4.0142
 -60.462  131.279       4.0142
 -60.462  133.529       4.0142
 -60.462  135.779       4.0142
 -60.462  138.029       3.6010
 -60.462  140.278       2.9460
 -60.462  142.528       2.9460
 -60.462  144.778       2.2283
 -60.462  147.028       2.2283
 -60.462  149.278       2.0718
 -60.462  151.527       1.4814
 -60.462  153.777       1.2808
 -60.462  156.027       1.5348
 -60.462  158.277       2.0277
 -60.462  160.526       1.8778
 -60.462  162.776       1.5348
 -60.462  165.026       1.5935
 -60.462  167.276       1.7582
 -60.462  169.526       1.5935
 -60.462  171.775       1.6361
 -60.462  174.025       1.9865
 -60.462  176.275       1.7063
 -60.462  178.525       1.5538
 -60.462  180.774       1.7317
 -60.462  183.024       1.2454
 -60.462  185.274       0.9455
 -60.462  187.524       0.8799
 -60.462  189.774       0.5118
 -60.462  192.023       0.3361
 -60.462  194.273       0.4423
 -60.462  196.523       0.8437
 -60.462  198.773       1.3057
 -60.462  201.022       1.5348
 -60.462  203.272       1.6361
 -60.462  205.522       1.2340
 -60.462  207.772       1.1907
 -60.462  210.022       1.3057
 -60.462  212.271       1.1405
 -60.462  214.521       1.2688
 -60.462  216.771       1.7859
 -60.462  219.021       2.6415
 -60.462  221.271       4.0142
 -60.462  223.520       3.1877
 -60.462  225.770       2.0718
 -60.462  228.020       2.3613
 -60.462  230.270       3.6010
 -60.462  232.519       3.6010
 -60.462  234.769       2.4409
 -60.462  237.019       2.5328
 -60.462  239.269       2.7745
 -60.462  241.519       2.9460
 -60.462  243.768       4.0142
 -60.462  246.018       3.6010
 -60.462  248.268       4.0142
 -60.462  250.518       4.0142
 -60.462  252.767       4.0142
 -60.462  255.017       4.0142
 -57.554   32.289       4.0142
 -57.554   34.539       4.0142
 -57.554   36.789       4.0142
 -57.554   39.038       4.0142
 -57.554   41.288       4.0142
 -57.554   43.538       4.0142
 -57.554   45.788       4.0142
 -57.554   48.037       4.0142
 -57.554   50.287       4.0142
 -57.554   52.537       4.0142
 -57.554   54.787       4.0142
 -57.554   57.037       4.0142
 -57.554   59.286       4.0142
 -57.554   61.536       4.0142
 -57.554   63.786       4.0142
 -57.554   66.036       4.0142
 -57.554   68.285       4.0142
 -57.554   70.535       4.0142
 -57.554   72.785       4.0142
 -57.554   75.035       4.0142
 -57.554   77.285       4.0142
 -57.554   79.534       4.0142
 -57.554   81.784       4.0142
 -57.554   84.034       4.0142
 -57.554   86.284       4.0142
 -57.554   88.534       4.0142
 -57.554   90.783       4.0142
 -57.554   93.033       4.0142
 -57.554   95.283       4.0142
 -57.554   97.533       4.0142
 -57.554   99.782       4.0142
 -57.554  102.032       3.6010
 -57.554  104.282       3.6010
 -57.554  106.532       3.1877
 -57.554  108.782       2.9460
 -57.554  111.031       2.1714
 -57.554  113.281       2.6415
 -57.554  115.531       4.0142
 -57.554  117.781       4.0142
 -57.554  120.030       4.0142
 -57.554  122.280       4.0142
 -57.554  124.530       4.0142
 -57.554  126.780       4.0142
 -57.554  129.030       4.0142
 -57.554  131.279       4.0142
 -57.554  133.529       4.0142
 -57.554  135.779       4.0142
 -57.554  138.029       4.0142
 -57.554  140.278       3.6010
 -57.554  142.528       2.4409
 -57.554  144.778       2.0277
 -57.554  147.028       1.8150
 -57.554  149.278       1.6820
 -57.554  151.527       1.1601
 -57.554  153.777       1.3450
 -57.554  156.027       1.7582
 -57.554  158.277       2.0277
 -57.554  160.526       1.7063
 -57.554  162.776       1.4814
 -57.554  165.026       1.5733
 -57.554  167.276       1.7317
 -57.554  169.526       1.9865
 -57.554  171.775       2.1714
 -57.554  174.025       2.2283
 -57.554  176.275       1.6586
 -57.554  178.525       1.8150
 -57.554  180.774       1.5935
 -57.554  183.024       1.3727
 -57.554  185.274       0.9812
 -57.554  187.524       0.7987
 -57.554  189.774       0.6099
 -57.554  192.023       0.4856
 -57.554  194.273       0.6178
 -57.554  196.523       0.9666
 -57.554  198.773       1.4169
 -57.554  201.022       1.4646
 -57.554  203.272       1.4483
 -57.554  205.522       1.1907
 -57.554  207.772       1.1124
 -57.554  210.022       1.2340
 -57.554  212.271       1.4169
 -57.554  214.521       1.1701
 -57.554  216.771       2.0718
 -57.554  219.021       3.1877
 -57.554  221.271       4.0142
 -57.554  223.520       3.6010
 -57.554  225.770       2.4409
 -57.554  228.020       1.9481
 -57.554  230.270       3.6010
 -57.554  232.519       3.6010
 -57.554  234.769       4.0142
 -57.554  237.019       2.6415
 -57.554  239.269       2.3613
 -57.554  241.519       3.1877
 -57.554  243.768       4.0142
 -57.554  246.018       4.0142
 -57.554  248.268       4.0142
 -57.554  250.518       4.0142
 -57.554  252.767       4.0142
 -57.554  255.017       4.0142
 -54.645   32.289       4.0142
 -54.645   34.539       4.0142
 -54.645   36.789       4.0142
 -54.645   39.038       4.0142
 -54.645   41.288       4.0142
 -54.645   43.538       4.0142
 -54.645   45.788       4.0142
 -54.645   48.037       4.0142
 -54.645   50.287       4.0142
 -54.645   52.537       4.0142
 -54.645   54.787       4.0142
 -54.645   57.037       4.0142
 -54.645   59.286       4.0142
 -54.645   61.536       4.0142
 -54.645   63.786       4.0142
 -54.645   66.036       4.0142
 -54.645   68.285       4.0142
 -54.645   70.535       4.0142
 -54.645   72.785       4.0142
 -54.645   75.035       4.0142
 -54.645   77.285       4.0142
 -54.645   79.534       4.0142
 -54.645   81.784       4.0142
 -54.645   84.034       4.0142
 -54.645   86.284       4.0142
 -54.645   88.534       4.0142
 -54.645   90.783       4.0142
 -54.645   93.033       4.0142
 -54.645   95.283       4.0142
 -54.645   97.533       4.0142
 -54.645   99.782       4.0142
 -54.645  102.032       4.0142
 -54.645  104.282       4.0142
 -54.645  106.532       3.1877
 -54.645  108.782       2.9460
 -54.645  111.031       2.9460
 -54.645  113.281       3.1877
 -54.645  115.531       4.0142
 -54.645  117.781       4.0142
 -54.645  120.030       4.0142
 -54.645  122.280       4.0142
 -54.645  124.530       4.0142
 -54.645  126.780       4.0142
 -54.645  129.030       4.0142
 -54.645  131.279       4.0142
 -54.645  133.529       4.0142
 -54.645  135.779       4.0142
 -54.645  138.029       4.0142
 -54.645  140.278       2.7745
 -54.645  142.528       3.1877
 -54.645  144.778       1.9481
 -54.645  147.028       1.5165
 -54.645  149.278       1.4646
 -54.645  151.527       1.2454
 -54.645  153.777       1.2340
 -54.645  156.027       1.4814
 -54.645  158.277       1.4324
 -54.645  160.526       1.9119
 -54.645  162.776       1.8456
 -54.645  165.026       1.9865
 -54.645  167.276       1.7317
 -54.645  169.526       1.8778
 -54.645  171.775       2.1714
 -54.645  174.025       1.5538
 -54.645  176.275       1.3587
 -54.645  178.525       1.5733
 -54.645  180.774       1.3316
 -54.645  183.024       1.1701
 -54.645  185.274       0.9053
 -54.645  187.524       0.6946
 -54.645  189.774       0.6722
 -54.645  192.023       0.6138
 -54.645  194.273       0.7370
 -54.645  196.523       1.1502
 -54.645  198.773       1.6144
 -54.645  201.022       1.6361
 -54.645  203.272       1.2340
 -54.645  205.522       0.9595
 -54.645  207.772       1.2012
 -54.645  210.022       1.1907
 -54.645  212.271       1.2931
 -54.645  214.521       1.3871
 -54.645  216.771       2.1196
 -54.645  219.021       2.5328
 -54.645  221.271       2.9460
 -54.645  223.520       3.6010
 -54.645  225.770       2.1714
 -54.645  228.020       2.1714
 -54.645  230.270       3.1877
 -54.645  232.519       3.1877
 -54.645  234.769       3.1877
 -54.645  237.019       2.1714
 -54.645  239.269       1.8778
 -54.645  241.519       2.6415
 -54.645  243.768       3.6010
 -54.645  246.018       4.0142
 -54.645  248.268       4.0142
 -54.645  250.518       4.0142
 -54.645  252.767       4.0142
 -54.645  255.017       4.0142
 -51.737   32.289       4.0142
 -51.737   34.539       4.0142
 -51.737   36.789       4.0142
 -51.737   39.038       4.0142
 -51.737   41.288       4.0142
 -51.737   43.538       4.0142
 -51.737   45.788       4.0142
 -51.737   48.037       4.0142
 -51.737   50.287       4.0142
 -51.737   52.537       4.0142
 -51.737   54.787       4.0142
 -51.737   57.037       4.0142
 -51.737   59.286       4.0142
 -51.737   61.536       4.0142
 -51.737   63.786       4.0142
 -51.737   66.036       4.0142
 -51.737   68.285       4.0142
 -51.737   70.535       4.0142
 -51.737   72.785       4.0142
 -51.737   75.035       4.0142
 -51.737   77.285       4.0142
 -51.737   79.534       4.0142
 -51.737   81.784       4.0142
 -51.737   84.034       4.0142
 -51.737   86.284       4.0142
 -51.737   88.534       4.0142
 -51.737   90.783       4.0142
 -51.737   93.033       4.0142
 -51.737   95.283       4.0142
 -51.737   97.533       4.0142
 -51.737   99.782       4.0142
 -51.737  102.032       4.0142
 -51.737  104.282       3.6010
 -51.737  106.532       2.9460
 -51.737  108.782       2.9460
 -51.737  111.031       2.9460
 -51.737  113.281       4.0142
 -51.737  115.531       2.7745
 -51.737  117.781       4.0142
 -51.737  120.030       4.0142
 -51.737  122.280       4.0142
 -51.737  124.530       4.0142
 -51.737  126.780       4.0142
 -51.737  129.030       4.0142
 -51.737  131.279       4.0142
 -51.737  133.529       4.0142
 -51.737  135.779       4.0142
 -51.737  138.029       4.0142
 -51.737  140.278       2.9460
 -51.737  142.528       1.9865
 -51.737  144.778       1.8456
 -51.737  147.028       1.7317
 -51.737  149.278       1.3587
 -51.737  151.527       1.3587
 -51.737  153.777       1.2931
 -51.737  156.027       1.2119
 -51.737  158.277       1.5165
 -51.737  160.526       1.9119
 -51.737  162.776       1.8150
 -51.737  165.026       1.9119
 -51.737  167.276       2.2911
 -51.737  169.526       2.2911
 -51.737  171.775       1.7859
 -51.737  174.025       1.4324
 -51.737  176.275       1.4169
 -51.737  178.525       1.4483
 -51.737  180.774       1.4646
 -51.737  183.024       1.1310
 -51.737  185.274       0.7273
 -51.737  187.524       0.6679
 -51.737  189.774       0.6679
 -51.737  192.023       0.5463
 -51.737  194.273       0.8496
 -51.737  196.523       1.5733
 -51.737  198.773       1.5733
 -51.737  201.022       1.5538
 -51.737  203.272       1.2454
 -51.737  205.522       1.1502
 -51.737  207.772       1.0350
 -51.737  210.022       1.3587
 -51.737  212.271       1.7063
 -51.737  214.521       1.5538
 -51.737  216.771       1.6820
 -51.737  219.021       1.8778
 -51.737  221.271       2.3613
 -51.737  223.520       2.2283
 -51.737  225.770       1.9119
 -51.737  228.020       3.1877
 -51.737  230.270       2.6415
 -51.737  232.519       2.9460
 -51.737  234.769       3.1877
 -51.737  237.019       1.7582
 -51.737  239.269       1.6144
 -51.737  241.519       2.3613
 -51.737  243.768       4.0142
 -51.737  246.018       4.0142
 -51.737  248.268       4.0142
 -51.737  250.518       4.0142
 -51.737  252.767       4.0142
 -51.737  255.017       4.0142
 -48.829   32.289       4.0142
 -48.829   34.539       4.0142
 -48.829   36.789       4.0142
 -48.829   39.038       4.0142
 -48.829   41.288       4.0142
 -48.829   43.538       4.0142
 -48.829   45.788       4.0142
 -48.829   48.037       4.0142
 -48.829   50.287       4.0142
 -48.829   52.537       4.0142
 -48.829   54.787       4.0142
 -48.829   57.037       4.0142
 -48.829   59.286       4.0142
 -48.829   61.536       4.0142
 -48.829   63.786       4.0142
 -48.829   66.036       4.0142
 -48.829   68.285       4.0142
 -48.829   70.535       4.0142
 -48.829   72.785       4.0142
 -48.829   75.035       4.0142
 -48.829   77.285       4.0142
 -48.829   79.534       4.0142
 -48.829   81.784       4.0142
 -48.829   84.034       4.0142
 -48.829   86.284       4.0142
 -48.829   88.534       4.0142
 -48.829   90.783       4.0142
 -48.829   93.033       4.0142
 -48.829   95.283       4.0142
 -48.829   97.533       4.0142
 -48.829   99.782       4.0142
 -48.829  102.032       4.0142
 -48.829  104.282       4.0142
 -48.829  106.532       3.6010
 -48.829  108.782       4.0142
 -48.829  111.031       4.0142
 -48.829  113.281       4.0142
 -48.829  115.531       2.9460
 -48.829  117.781       3.1877
 -48.829  120.030       3.6010
 -48.829  122.280       3.6010
 -48.829  124.530       4.0142
 -48.829  126.780       4.0142
 -48.829  129.030       4.0142
 -48.829  131.279       4.0142
 -48.829  133.529       4.0142
 -48.829  135.779       4.0142
 -48.829  138.029       3.6010
 -48.829  140.278       2.1714
 -48.829  142.528       1.8456
 -48.829  144.778       1.9865
 -48.829  147.028       1.7582
 -48.829  149.278       1.2340
 -48.829  151.527       1.1907
 -48.829  153.777       1.6144
 -48.829  156.027       1.4646
 -48.829  158.277       1.6586
 -48.829  160.526       1.8778
 -48.829  162.776       2.0718
 -48.829  165.026       2.4409
 -48.829  167.276       2.2911
 -48.829  169.526       2.9460
 -48.829  171.775       1.9481
 -48.829  174.025       1.5348
 -48.829  176.275       1.2808
 -48.829  178.525       1.4018
 -48.829  180.774       1.4018
 -48.829  183.024       1.0270
 -48.829  185.274       0.6259
 -48.829  187.524       0.6138
 -48.829  189.774       0.9739
 -48.829  192.023       0.8152
 -48.829  194.273       0.9118
 -48.829  196.523       1.4018
 -48.829  198.773       2.0277
 -48.829  201.022       1.7582
 -48.829  203.272       1.5538
 -48.829  205.522       1.2688
 -48.829  207.772       1.4646
 -48.829  210.022       1.6361
 -48.829  212.271       2.0277
 -48.829  214.521       1.5348
 -48.829  216.771       1.5935
 -48.829  219.021       1.6144
 -48.829  221.271       2.2911
 -48.829  223.520       2.0277
 -48.829  225.770       2.2911
 -48.829  228.020       2.6415
 -48.829  230.270       1.9481
 -48.829  232.519       2.2911
 -48.829  234.769       2.1714
 -48.829  237.019       1.9119
 -48.829  239.269       1.5935
 -48.829  241.519       2.7745
 -48.829  243.768       3.6010
 -48.829  246.018       4.0142
 -48.829  248.268       4.0142
 -48.829  250.518       4.0142
 -48.829  252.767       4.0142
 -48.829  255.017       4.0142
 -45.920   32.289       4.0142
 -45.920   34.539       4.0142
 -45.920   36.789       4.0142
 -45.920   39.038       4.0142
 -45.920   41.288       4.0142
 -45.920   43.538       4.0142
 -45.920   45.788       4.0142
 -45.920   48.037       4.0142
 -45.920   50.287       4.0142
 -45.920   52.537       4.0142
 -45.920   54.787       4.0142
 -45.920   57.037       4.0142
 -45.920   59.286       4.0142
 -45.920   61.536       4.0142
 -45.920   63.786       4.0142
 -45.920   66.036       4.0142
 -45.920   68.285       4.0142
 -45.920   70.535       4.0142
 -45.920   72.785       4.0142
 -45.920   75.035       4.0142
 -45.920   77.285       4.0142
 -45.920   79.534       4.0142
 -45.920   81.784       4.0142
 -45.920   84.034       4.0142
 -45.920   86.284       4.0142
 -45.920   88.534       4.0142
 -45.920   90.783       4.0142
 -45.920   93.033       4.0142
 -45.920   95.283       4.0142
 -45.920   97.533       4.0142
 -45.920   99.782       4.0142
 -45.920  102.032       3.6010
 -45.920  104.282       3.6010
 -45.920  106.532       2.9460
 -45.920  108.782       4.0142
 -45.920  111.031       4.0142
 -45.920  113.281       4.0142
 -45.920  115.531       3.1877
 -45.920  117.781       2.9460
 -45.920  120.030       3.6010
 -45.920  122.280       4.0142
 -45.920  124.530       4.0142
 -45.920  126.780       4.0142
 -45.920  129.030       4.0142
 -45.920  131.279       4.0142
 -45.920  133.529       3.6010
 -45.920  135.779       4.0142
 -45.920  138.029       3.6010
 -45.920  140.278       1.9119
 -45.920  142.528       1.7582
 -45.920  144.778       1.6586
 -45.920  147.028       1.5935
 -45.920  149.278       1.5348
 -45.920  151.527       1.4814
 -45.920  153.777       1.4987
 -45.920  156.027       1.2688
 -45.920  158.277       1.5165
 -45.920  160.526       1.4169
 -45.920  162.776       1.8456
 -45.920  165.026       1.6820
 -45.920  167.276       1.7317
 -45.920  169.526       2.2911
 -45.920  171.775       2.3613
 -45.920  174.025       1.9481
 -45.920  176.275       1.4646
 -45.920  178.525       1.1216
 -45.920  180.774       1.0270
 -45.920  183.024       0.7273
 -45.920  185.274       0.6299
 -45.920  187.524       0.8799
 -45.920  189.774       1.2229
 -45.920  192.023       1.4324
 -45.920  194.273       1.4814
 -45.920  196.523       1.8150
 -45.920  198.773       1.9865
 -45.920  201.022       2.7745
 -45.920  203.272       1.9119
 -45.920  205.522       1.4814
 -45.920  207.772       1.9481
 -45.920  210.022       2.2283
 -45.920  212.271       1.8150
 -45.920  214.521       1.7063
 -45.920  216.771       1.7582
 -45.920  219.021       1.9481
 -45.920  221.271       2.5328
 -45.920  223.520       1.6586
 -45.920  225.770       1.6586
 -45.920  228.020       2.2283
 -45.920  230.270       1.6361
 -45.920  232.519       2.0277
 -45.920  234.769       1.6820
 -45.920  237.019       1.7317
 -45.920  239.269       2.1714
 -45.920  241.519       4.0142
 -45.920  243.768       4.0142
 -45.920  246.018       4.0142
 -45.920  248.268       4.0142
 -45.920  250.518       4.0142
 -45.920  252.767       4.0142
 -45.920  255.017       4.0142
 -43.012   32.289       4.0142
 -43.012   34.539       4.0142
 -43.012   36.789       4.0142
 -43.012   39.038       4.0142
 -43.012   41.288       4.0142
 -43.012   43.538       4.0142
 -43.012   45.788       4.0142
 -43.012   48.037       4.0142
 -43.012   50.287       4.0142
 -43.012   52.537       4.0142
 -43.012   54.787       4.0142
 -43.012   57.037       4.0142
 -43.012   59.286       4.0142
 -43.012   61.536       4.0142
 -43.012   63.786       4.0142
 -43.012   66.036       4.0142
 -43.012   68.285       4.0142
 -43.012   70.535       4.0142
 -43.012   72.785       4.0142
 -43.012   75.035       4.0142
 -43.012   77.285       4.0142
 -43.012   79.534       4.0142
 -43.012   81.784       4.0142
 -43.012   84.034       4.0142
 -43.012   86.284       4.0142
 -43.012   88.534       4.0142
 -43.012   90.783       4.0142
 -43.012   93.033       4.0142
 -43.012   95.283       4.0142
 -43.012   97.533       4.0142
 -43.012   99.782       4.0142
 -43.012  102.032       4.0142
 -43.012  104.282       3.1877
 -43.012  106.532       4.0142
 -43.012  108.782       4.0142
 -43.012  111.031       4.0142
 -43.012  113.281       2.9460
 -43.012  115.531       2.7745
 -43.012  117.781       2.4409
 -43.012  120.030       2.2911
 -43.012  122.280       2.6415
 -43.012  124.530       4.0142
 -43.012  126.780       3.6010
 -43.012  129.030       3.6010
 -43.012  131.279       2.5328
 -43.012  133.529       2.6415
 -43.012  135.779       2.2283
 -43.012  138.029       2.2911
 -43.012  140.278       1.8456
 -43.012  142.528       1.8456
 -43.012  144.778       1.9119
 -43.012  147.028       1.4169
 -43.012  149.278       1.5538
 -43.012  151.527       1.2688
 -43.012  153.777       1.2931
 -43.012  156.027       1.2570
 -43.012  158.277       1.3450
 -43.012  160.526       1.2808
 -43.012  162.776       1.4646
 -43.012  165.026       1.6820
 -43.012  167.276       1.4324
 -43.012  169.526       1.9865
 -43.012  171.775       2.1714
 -43.012  174.025       2.1196
 -43.012  176.275       1.4324
 -43.012  178.525       1.0114
 -43.012  180.774       0.6811
 -43.012  183.024       0.4276
 -43.012  185.274       0.6679
 -43.012  187.524       1.1701
 -43.012  189.774       1.5733
 -43.012  192.023       1.6820
 -43.012  194.273       2.1196
 -43.012  196.523       2.0718
 -43.012  198.773       2.1196
 -43.012  201.022       2.5328
 -43.012  203.272       2.2911
 -43.012  205.522       2.2283
 -43.012  207.772       2.7745
 -43.012  210.022       2.3613
 -43.012  212.271       2.0718
 -43.012  214.521       1.3057
 -43.012  216.771       1.4324
 -43.012  219.021       1.4018
 -43.012  221.271       1.9481
 -43.012  223.520       1.5935
 -43.012  225.770       1.3316
 -43.012  228.020       1.4987
 -43.012  230.270       1.9865
 -43.012  232.519       1.7582
 -43.012  234.769       1.6820
 -43.012  237.019       1.7317
 -43.012  239.269       1.9481
 -43.012  241.519       4.0142
 -43.012  243.768       4.0142
 -43.012  246.018       4.0142
 -43.012  248.268       4.0142
 -43.012  250.518       4.0142
 -43.012  252.767       4.0142
 -43.012  255.017       4.0142
 -40.104   32.289       4.0142
 -40.104   34.539       4.0142
 -40.104   36.789       4.0142
 -40.104   39.038       4.0142
 -40.104   41.288       4.0142
 -40.104   43.538       4.0142
 -40.104   45.788       4.0142
 -40.104   48.037       4.0142
 -40.104   50.287       4.0142
 -40.104   52.537       4.0142
 -40.104   54.787       4.0142
 -40.104   57.037       4.0142
 -40.104   59.286       4.0142
 -40.104   61.536       4.0142
 -40.104   63.786       4.0142
 -40.104   66.036       4.0142
 -40.104   68.285       4.0142
 -40.104   70.535       4.0142
 -40.104   72.785       4.0142
 -40.104   75.035       4.0142
 -40.104   77.285       4.0142
 -40.104   79.534       4.0142
 -40.104   81.784       4.0142
 -40.104   84.034       4.0142
 -40.104   86.284       4.0142
 -40.104   88.534       4.0142
 -40.104   90.783       4.0142
 -40.104   93.033       4.0142
 -40.104   95.283       4.0142
 -40.104   97.533       4.0142
 -40.104   99.782       4.0142
 -40.104  102.032       4.0142
 -40.104  104.282       3.1877
 -40.104  106.532       3.6010
 -40.104  108.782       4.0142
 -40.104  111.031       4.0142
 -40.104  113.281       2.5328
 -40.104  115.531       2.4409
 -40.104  117.781       2.2911
 -40.104  120.030       2.2283
 -40.104  122.280       2.6415
 -40.104  124.530       3.1877
 -40.104  126.780       2.7745
 -40.104  129.030       2.1714
 -40.104  131.279       1.9481
 -40.104  133.529       1.6361
 -40.104  135.779       2.2911
 -40.104  138.029       1.8150
 -40.104  140.278       1.9481
 -40.104  142.528       2.0277
 -40.104  144.778       1.9481
 -40.104  147.028       1.6820
 -40.104  149.278       1.5935
 -40.104  151.527       1.6820
 -40.104  153.777       1.8150
 -40.104  156.027       1.5348
 -40.104  158.277       1.4814
 -40.104  160.526       1.3727
 -40.104  162.776       1.3727
 -40.104  165.026       1.4483
 -40.104  167.276       1.1502
 -40.104  169.526       1.7063
 -40.104  171.775       1.5733
 -40.104  174.025       1.5165
 -40.104  176.275       1.0855
 -40.104  178.525       0.6138
 -40.104  180.774       0.3616
 -40.104  183.024       0.4483
 -40.104  185.274       1.0768
 -40.104  187.524       1.6361
 -40.104  189.774       1.6361
 -40.104  192.023       1.7582
 -40.104  194.273       1.6820
 -40.104  196.523       1.6144
 -40.104  198.773       1.9481
 -40.104  201.022       1.9119
 -40.104  203.272       2.2911
 -40.104  205.522       2.9460
 -40.104  207.772       2.9460
 -40.104  210.022       2.7745
 -40.104  212.271       1.9865
 -40.104  214.521       1.3587
 -40.104  216.771       1.1216
 -40.104  219.021       1.0943
 -40.104  221.271       1.5538
 -40.104  223.520       1.2570
 -40.104  225.770       1.2119
 -40.104  228.020       1.3316
 -40.104  230.270       1.5348
 -40.104  232.519       1.5348
 -40.104  234.769       1.7063
 -40.104  237.019       1.8778
 -40.104  239.269       2.4409
 -40.104  241.519       4.0142
 -40.104  243.768       4.0142
 -40.104  246.018       2.9460
 -40.104  248.268       2.9460
 -40.104  250.518       4.0142
 -40.104  252.767       4.0142
 -40.104  255.017       4.0142
 -37.195   32.289       4.0142
 -37.195   34.539       4.0142
 -37.195   36.789       4.0142
 -37.195   39.038       4.0142
 -37.195   41.288       4.0142
 -37.195   43.538       4.0142
 -37.195   45.788       4.0142
 -37.195   48.037       4.0142
 -37.195   50.287       4.0142
 -37.195   52.537       4.0142
 -37.195   54.787       4.0142
 -37.195   57.037       4.0142
 -37.195   59.286       4.0142
 -37.195   61.536       4.0142
 -37.195   63.786       4.0142
 -37.195   66.036       4.0142
 -37.195   68.285       4.0142
 -37.195   70.535       4.0142
 -37.195   72.785       4.0142
 -37.195   75.035       4.0142
 -37.195   77.285       4.0142
 -37.195   79.534       4.0142
 -37.195   81.784       4.0142
 -37.195   84.034       4.0142
 -37.195   86.284       4.0142
 -37.195   88.534       4.0142
 -37.195   90.783       4.0142
 -37.195   93.033       4.0142
 -37.195   95.283       4.0142
 -37.195   97.533       4.0142
 -37.195   99.782       4.0142
 -37.195  102.032       4.0142
 -37.195  104.282       3.6010
 -37.195  106.532       3.1877
 -37.195  108.782       4.0142
 -37.195  111.031       2.6415
 -37.195  113.281       2.4409
 -37.195  115.531       2.9460
 -37.195  117.781       2.6415
 -37.195  120.030       3.1877
 -37.195  122.280       2.2283
 -37.195  124.530       2.6415
 -37.195  126.780       2.6415
 -37.195  129.030       2.3613
 -37.195  131.279       1.7317
 -37.195  133.529       1.6144
 -37.195  135.779       1.5935
 -37.195  138.029       1.8778
 -37.195  140.278       2.4409
 -37.195  142.528       1.8150
 -37.195  144.778       1.7582
 -37.195  147.028       1.9119
 -37.195  149.278       1.8778
 -37.195  151.527       1.6361
 -37.195  153.777       1.7582
 -37.195  156.027       2.0277
 -37.195  158.277       1.6820
 -37.195  160.526       1.6144
 -37.195  162.776       1.4814
 -37.195  165.026       1.3316
 -37.195  167.276       1.3727
 -37.195  169.526       1.2012
 -37.195  171.775       1.2808
 -37.195  174.025       1.4018
 -37.195  176.275       1.0270
 -37.195  178.525       0.5943
 -37.195  180.774       0.5253
 -37.195  183.024       0.8737
 -37.195  185.274       1.2808
 -37.195  187.524       1.3057
 -37.195  189.774       1.4646
 -37.195  192.023       1.5733
 -37.195  194.273       1.6820
 -37.195  196.523       1.7859
 -37.195  198.773       1.8456
 -37.195  201.022       2.6415
 -37.195  203.272       3.6010
 -37.195  205.522       4.0142
 -37.195  207.772       2.9460
 -37.195  210.022       1.9865
 -37.195  212.271       1.8456
 -37.195  214.521       1.5348
 -37.195  216.771       1.3727
 -37.195  219.021       1.4018
 -37.195  221.271       1.2931
 -37.195  223.520       1.1405
 -37.195  225.770       1.0270
 -37.195  228.020       0.9386
 -37.195  230.270       1.2340
 -37.195  232.519       1.5733
 -37.195  234.769       1.5165
 -37.195  237.019       1.8778
 -37.195  239.269       2.2911
 -37.195  241.519       2.6415
 -37.195  243.768       4.0142
 -37.195  246.018       3.6010
 -37.195  248.268       4.0142
 -37.195  250.518       4.0142
 -37.195  252.767       4.0142
 -37.195  255.017       4.0142
 -34.287   32.289       4.0142
 -34.287   34.539       4.0142
 -34.287   36.789       4.0142
 -34.287   39.038       4.0142
 -34.287   41.288       4.0142
 -34.287   43.538       4.0142
 -34.287   45.788       4.0142
 -34.287   48.037       4.0142
 -34.287   50.287       4.0142
 -34.287   52.537       4.0142
 -34.287   54.787       4.0142
 -34.287   57.037       4.0142
 -34.287   59.286       4.0142
 -34.287   61.536       4.0142
 -34.287   63.786       4.0142
 -34.287   66.036       4.0142
 -34.287   68.285       4.0142
 -34.287   70.535       4.0142
 -34.287   72.785       4.0142
 -34.287   75.035       4.0142
 -34.287   77.285       4.0142
 -34.287   79.534       4.0142
 -34.287   81.784       4.0142
 -34.287   84.034       4.0142
 -34.287   86.284       4.0142
 -34.287   88.534       4.0142
 -34.287   90.783       4.0142
 -34.287   93.033       4.0142
 -34.287   95.283       4.0142
 -34.287   97.533       4.0142
 -34.287   99.782       4.0142
 -34.287  102.032       3.6010
 -34.287  104.282       3.1877
 -34.287  106.532       4.0142
 -34.287  108.782       4.0142
 -34.287  111.031       4.0142
 -34.287  113.281       4.0142
 -34.287  115.531       3.1877
 -34.287  117.781       2.7745
 -34.287  120.030       2.9460
 -34.287  122.280       2.1714
 -34.287  124.530       2.3613
 -34.287  126.780       1.8778
 -34.287  129.030       2.1196
 -34.287  131.279       2.0718
 -34.287  133.529       1.3727
 -34.287  135.779       1.4483
 -34.287  138.029       1.9481
 -34.287  140.278       1.9481
 -34.287  142.528       1.7063
 -34.287  144.778       1.7317
 -34.287  147.028       1.7317
 -34.287  149.278       1.9119
 -34.287  151.527       1.8150
 -34.287  153.777       2.2283
 -34.287  156.027       1.8456
 -34.287  158.277       1.5733
 -34.287  160.526       1.8150
 -34.287  162.776       1.5348
 -34.287  165.026       1.4646
 -34.287  167.276       1.4018
 -34.287  169.526       1.4324
 -34.287  171.775       1.3587
 -34.287  174.025       1.1701
 -34.287  176.275       0.8676
 -34.287  178.525       0.6811
 -34.287  180.774       0.8799
 -34.287  183.024       1.3185
 -34.287  185.274       1.9119
 -34.287  187.524       1.7582
 -34.287  189.774       1.4987
 -34.287  192.023       1.6361
 -34.287  194.273       1.6144
 -34.287  196.523       1.8150
 -34.287  198.773       1.9865
 -34.287  201.022       3.6010
 -34.287  203.272       4.0142
 -34.287  205.522       4.0142
 -34.287  207.772       1.9865
 -34.287  210.022       1.6361
 -34.287  212.271       1.3587
 -34.287  214.521       1.4814
 -34.287  216.771       1.1907
 -34.287  219.021       1.3057
 -34.287  221.271       1.0192
 -34.287  223.520       1.0192
 -34.287  225.770       0.9739
 -34.287  228.020       0.9886
 -34.287  230.270       1.0768
 -34.287  232.519       1.2931
 -34.287  234.769       1.2229
 -34.287  237.019       1.4169
 -34.287  239.269       2.0718
 -34.287  241.519       2.4409
 -34.287  243.768       2.5328
 -34.287  246.018       2.2911
 -34.287  248.268       1.9481
 -34.287  250.518       3.6010
 -34.287  252.767       4.0142
 -34.287  255.017       4.0142
 -31.379   32.289       4.0142
 -31.379   34.539       4.0142
 -31.379   36.789       4.0142
 -31.379   39.038       4.0142
 -31.379   41.288       4.0142
 -31.379   43.538       4.0142
 -31.379   45.788       4.0142
 -31.379   48.037       4.0142
 -31.379   50.287       4.0142
 -31.379   52.537       4.0142
 -31.379   54.787       4.0142
 -31.379   57.037       4.0142
 -31.379   59.286       4.0142
 -31.379   61.536       4.0142
 -31.379   63.786       4.0142
 -31.379   66.036       4.0142
 -31.379   68.285       4.0142
 -31.379   70.535       4.0142
 -31.379   72.785       4.0142
 -31.379   75.035       4.0142
 -31.379   77.285       4.0142
 -31.379   79.534       4.0142
 -31.379   81.784       4.0142
 -31.379   84.034       4.0142
 -31.379   86.284       4.0142
 -31.379   88.534       4.0142
 -31.379   90.783       4.0142
 -31.379   93.033       4.0142
 -31.379   95.283       4.0142
 -31.379   97.533       4.0142
 -31.379   99.782       4.0142
 -31.379  102.032       3.1877
 -31.379  104.282       2.9460
 -31.379  106.532       3.1877
 -31.379  108.782       3.1877
 -31.379  111.031       4.0142
 -31.379  113.281       4.0142
 -31.379  115.531       4.0142
 -31.379  117.781       4.0142
 -31.379  120.030       4.0142
 -31.379  122.280       2.9460
 -31.379  124.530       2.9460
 -31.379  126.780       2.2911
 -31.379  129.030       1.8456
 -31.379  131.279       2.1714
 -31.379  133.529       1.7859
 -31.379  135.779       1.7317
 -31.379  138.029       1.8778
 -31.379  140.278       1.9481
 -31.379  142.528       1.8150
 -31.379  144.778       1.7317
 -31.379  147.028       1.7063
 -31.379  149.278       1.7063
 -31.379  151.527       1.8456
 -31.379  153.777       1.7582
 -31.379  156.027       1.6820
 -31.379  158.277       1.5935
 -31.379  160.526       1.5935
 -31.379  162.776       1.5165
 -31.379  165.026       1.4646
 -31.379  167.276       1.4324
 -31.379  169.526       1.4169
 -31.379  171.775       1.2340
 -31.379  174.025       0.9250
 -31.379  176.275       0.8042
 -31.379  178.525       1.1310
 -31.379  180.774       1.3185
 -31.379  183.024       1.5538
 -31.379  185.274       1.8456
 -31.379  187.524       1.7317
 -31.379  189.774       1.5348
 -31.379  192.023       1.4987
 -31.379  194.273       1.5935
 -31.379  196.523       1.8778
 -31.379  198.773       2.6415
 -31.379  201.022       4.0142
 -31.379  203.272       3.6010
 -31.379  205.522       2.3613
 -31.379  207.772       1.7582
 -31.379  210.022       1.1216
 -31.379  212.271       1.0114
 -31.379  214.521       0.9318
 -31.379  216.771       1.0768
 -31.379  219.021       1.1803
 -31.379  221.271       1.0270
 -31.379  223.520       1.0350
 -31.379  225.770       1.0192
 -31.379  228.020       1.1124
 -31.379  230.270       1.4169
 -31.379  232.519       1.3316
 -31.379  234.769       1.0270
 -31.379  237.019       1.4324
 -31.379  239.269       1.9119
 -31.379  241.519       2.5328
 -31.379  243.768       1.8456
 -31.379  246.018       1.3871
 -31.379  248.268       1.9119
 -31.379  250.518       2.5328
 -31.379  252.767       3.6010
 -31.379  255.017       4.0142
 -28.470   32.289       4.0142
 -28.470   34.539       4.0142
 -28.470   36.789       4.0142
 -28.470   39.038       4.0142
 -28.470   41.288       4.0142
 -28.470   43.538       4.0142
 -28.470   45.788       4.0142
 -28.470   48.037       4.0142
 -28.470   50.287       4.0142
 -28.470   52.537       4.0142
 -28.470   54.787       4.0142
 -28.470   57.037       4.0142
 -28.470   59.286       4.0142
 -28.470   61.536       4.0142
 -28.470   63.786       4.0142
 -28.470   66.036       4.0142
 -28.470   68.285       4.0142
 -28.470   70.535       4.0142
 -28.470   72.785       4.0142
 -28.470   75.035       4.0142
 -28.470   77.285       4.0142
 -28.470   79.534       4.0142
 -28.470   81.784       4.0142
 -28.470   84.034       4.0142
 -28.470   86.284       4.0142
 -28.470   88.534       4.0142
 -28.470   90.783       4.0142
 -28.470   93.033       4.0142
 -28.470   95.283       4.0142
 -28.470   97.533       4.0142
 -28.470   99.782       3.1877
 -28.470  102.032       2.7745
 -28.470  104.282       2.6415
 -28.470  106.532       2.4409
 -28.470  108.782       2.4409
 -28.470  111.031       3.6010
 -28.470  113.281       4.0142
 -28.470  115.531       4.0142
 -28.470  117.781       4.0142
 -28.470  120.030       4.0142
 -28.470  122.280       2.3613
 -28.470  124.530       2.2283
 -28.470  126.780       2.2283
 -28.470  129.030       2.1714
 -28.470  131.279       2.2911
 -28.470  133.529       2.0277
 -28.470  135.779       1.7859
 -28.470  138.029       1.7317
 -28.470  140.278       1.3727
 -28.470  142.528       1.8150
 -28.470  144.778       1.2570
 -28.470  147.028       1.7317
 -28.470  149.278       1.8150
 -28.470  151.527       1.5165
 -28.470  153.777       1.3057
 -28.470  156.027       1.3727
 -28.470  158.277       1.3316
 -28.470  160.526       1.2570
 -28.470  162.776       1.5538
 -28.470  165.026       1.4324
 -28.470  167.276       1.5733
 -28.470  169.526       1.4987
 -28.470  171.775       1.1803
 -28.470  174.025       1.2229
 -28.470  176.275       1.1124
 -28.470  178.525       1.2808
 -28.470  180.774       1.7063
 -28.470  183.024       2.1196
 -28.470  185.274       1.7063
 -28.470  187.524       1.7859
 -28.470  189.774       1.2808
 -28.470  192.023       1.3727
 -28.470  194.273       1.6820
 -28.470  196.523       2.0277
 -28.470  198.773       4.0142
 -28.470  201.022       4.0142
 -28.470  203.272       3.1877
 -28.470  205.522       2.9460
 -28.470  207.772       1.6820
 -28.470  210.022       1.1907
 -28.470  212.271       0.9184
 -28.470  214.521       0.8924
 -28.470  216.771       1.1310
 -28.470  219.021       0.9666
 -28.470  221.271       0.9524
 -28.470  223.520       1.1701
 -28.470  225.770       0.8799
 -28.470  228.020       1.0350
 -28.470  230.270       1.1907
 -28.470  232.519       1.0682
 -28.470  234.769       1.0682
 -28.470  237.019       1.4324
 -28.470  239.269       1.8150
 -28.470  241.519       2.1196
 -28.470  243.768       1.6586
 -28.470  246.018       1.7063
 -28.470  248.268       2.1714
 -28.470  250.518       2.9460
 -28.470  252.767       2.2911
 -28.470  255.017       2.9460
 -25.562   32.289       4.0142
 -25.562   34.539       4.0142
 -25.562   36.789       4.0142
 -25.562   39.038       4.0142
 -25.562   41.288       4.0142
 -25.562   43.538       4.0142
 -25.562   45.788       4.0142
 -25.562   48.037       4.0142
 -25.562   50.287       4.0142
 -25.562   52.537       4.0142
 -25.562   54.787       4.0142
 -25.562   57.037       4.0142
 -25.562   59.286       4.0142
 -25.562   61.536       4.0142
 -25.562   63.786       4.0142
 -25.562   66.036       4.0142
 -25.562   68.285       4.0142
 -25.562   70.535       4.0142
 -25.562   72.785       4.0142
 -25.562   75.035       4.0142
 -25.562   77.285       4.0142
 -25.562   79.534       4.0142
 -25.562   81.784       4.0142
 -25.562   84.034       4.0142
 -25.562   86.284       4.0142
 -25.562   88.534       4.0142
 -25.562   90.783       4.0142
 -25.562   93.033       4.0142
 -25.562   95.283       4.0142
 -25.562   97.533       4.0142
 -25.562   99.782       2.6415
 -25.562  102.032       2.3613
 -25.562  104.282       2.1196
 -25.562  106.532       2.6415
 -25.562  108.782       2.4409
 -25.562  111.031       4.0142
 -25.562  113.281       3.6010
 -25.562  115.531       4.0142
 -25.562  117.781       4.0142
 -25.562  120.030       4.0142
 -25.562  122.280       2.7745
 -25.562  124.530       2.1714
 -25.562  126.780       1.8150
 -25.562  129.030       1.7063
 -25.562  131.279       1.6144
 -25.562  133.529       1.8778
 -25.562  135.779       1.6820
 -25.562  138.029       1.4987
 -25.562  140.278       1.3316
 -25.562  142.528       1.6144
 -25.562  144.778       1.4324
 -25.562  147.028       1.5165
 -25.562  149.278       1.3316
 -25.562  151.527       1.2229
 -25.562  153.777       1.1310
 -25.562  156.027       1.1124
 -25.562  158.277       1.0682
 -25.562  160.526       1.2012
 -25.562  162.776       1.7582
 -25.562  165.026       1.4324
 -25.562  167.276       1.3316
 -25.562  169.526       1.2570
 -25.562  171.775       1.1124
 -25.562  174.025       1.4814
 -25.562  176.275       1.2931
 -25.562  178.525       1.6361
 -25.562  180.774       2.5328
 -25.562  183.024       2.5328
 -25.562  185.274       1.6586
 -25.562  187.524       1.6586
 -25.562  189.774       1.4169
 -25.562  192.023       1.5733
 -25.562  194.273       1.9119
 -25.562  196.523       2.9460
 -25.562  198.773       3.1877
 -25.562  201.022       4.0142
 -25.562  203.272       3.1877
 -25.562  205.522       2.5328
 -25.562  207.772       1.6820
 -25.562  210.022       1.2119
 -25.562  212.271       0.9595
 -25.562  214.521       0.9812
 -25.562  216.771       1.0192
 -25.562  219.021       1.0037
 -25.562  221.271       1.3871
 -25.562  223.520       1.2340
 -25.562  225.770       1.1601
 -25.562  228.020       1.0037
 -25.562  230.270       1.0597
 -25.562  232.519       0.9812
 -25.562  234.769       1.2688
 -25.562  237.019       1.6144
 -25.562  239.269       1.5935
 -25.562  241.519       1.3316
 -25.562  243.768       1.6144
 -25.562  246.018       1.6144
 -25.562  248.268       1.7063
 -25.562  250.518       2.0718
 -25.562  252.767       3.1877
 -25.562  255.017       4.0142
 -22.654   32.289       4.0142
 -22.654   34.539       4.0142
 -22.654   36.789       4.0142
 -22.654   39.038       4.0142
 -22.654   41.288       4.0142
 -22.654   43.538       4.0142
 -22.654   45.788       4.0142
 -22.654   48.037       4.0142
 -22.654   50.287       4.0142
 -22.654   52.537       4.0142
 -22.654   54.787       4.0142
 -22.654   57.037       4.0142
 -22.654   59.286       4.0142
 -22.654   61.536       4.0142
 -22.654   63.786       4.0142
 -22.654   66.036       4.0142
 -22.654   68.285       4.0142
 -22.654   70.535       4.0142
 -22.654   72.785       4.0142
 -22.654   75.035       4.0142
 -22.654   77.285       4.0142
 -22.654   79.534       4.0142
 -22.654   81.784       4.0142
 -22.654   84.034       4.0142
 -22.654   86.284       4.0142
 -22.654   88.534       4.0142
 -22.654   90.783       4.0142
 -22.654   93.033       4.0142
 -22.654   95.283       4.0142
 -22.654   97.533       4.0142
 -22.654   99.782       3.6010
 -22.654  102.032       3.1877
 -22.654  104.282       3.1877
 -22.654  106.532       3.1877
 -22.654  108.782       2.7745
 -22.654  111.031       2.3613
 -22.654  113.281       2.4409
 -22.654  115.531       2.9460
 -22.654  117.781       4.0142
 -22.654  120.030       4.0142
 -22.654  122.280       4.0142
 -22.654  124.530       2.6415
 -22.654  126.780       1.9865
 -22.654  129.030       1.7063
 -22.654  131.279       1.4987
 -22.654  133.529       1.9119
 -22.654  135.779       1.9865
 -22.654  138.029       1.6820
 -22.654  140.278       1.5538
 -22.654  142.528       1.7317
 -22.654  144.778       1.7582
 -22.654  147.028       1.5348
 -22.654  149.278       1.1701
 -22.654  151.527       1.3587
 -22.654  153.777       1.3185
 -22.654  156.027       1.2340
 -22.654  158.277       1.1601
 -22.654  160.526       1.1701
 -22.654  162.776       1.2340
 -22.654  165.026       1.3450
 -22.654  167.276       1.2454
 -22.654  169.526       1.0037
 -22.654  171.775       1.1124
 -22.654  174.025       1.3316
 -22.654  176.275       1.3727
 -22.654  178.525       1.9481
 -22.654  180.774       1.9119
 -22.654  183.024       1.9865
 -22.654  185.274       1.4324
 -22.654  187.524       1.5538
 -22.654  189.774       1.7582
 -22.654  192.023       1.7317
 -22.654  194.273       2.1196
 -22.654  196.523       2.0277
 -22.654  198.773       3.6010
 -22.654  201.022       4.0142
 -22.654  203.272       4.0142
 -22.654  205.522       2.2283
 -22.654  207.772       1.4646
 -22.654  210.022       0.8988
 -22.654  212.271       0.8496
 -22.654  214.521       1.1033
 -22.654  216.771       1.1601
 -22.654  219.021       1.3316
 -22.654  221.271       1.4324
 -22.654  223.520       1.2012
 -22.654  225.770       1.2931
 -22.654  228.020       1.3871
 -22.654  230.270       1.0597
 -22.654  232.519       0.8988
 -22.654  234.769       1.2012
 -22.654  237.019       1.3871
 -22.654  239.269       1.4483
 -22.654  241.519       1.6361
 -22.654  243.768       1.3316
 -22.654  246.018       1.6820
 -22.654  248.268       1.8456
 -22.654  250.518       2.5328
 -22.654  252.767       4.0142
 -22.654  255.017       4.0142
 -19.745   32.289       4.0142
 -19.745   34.539       4.0142
 -19.745   36.789       4.0142
 -19.745   39.038       4.0142
 -19.745   41.288       4.0142
 -19.745   43.538       4.0142
 -19.745   45.788       4.0142
 -19.745   48.037       4.0142
 -19.745   50.287       4.0142
 -19.745   52.537       4.0142
 -19.745   54.787       4.0142
 -19.745   57.037       4.0142
 -19.745   59.286       4.0142
 -19.745   61.536       4.0142
 -19.745   63.786       4.0142
 -19.745   66.036       4.0142
 -19.745   68.285       4.0142
 -19.745   70.535       4.0142
 -19.745   72.785       4.0142
 -19.745   75.035       4.0142
 -19.745   77.285       4.0142
 -19.745   79.534       4.0142
 -19.745   81.784       4.0142
 -19.745   84.034       4.0142
 -19.745   86.284       4.0142
 -19.745   88.534       4.0142
 -19.745   90.783       2.9460
 -19.745   93.033       3.1877
 -19.745   95.283       4.0142
 -19.745   97.533       4.0142
 -19.745   99.782       4.0142
 -19.745  102.032       4.0142
 -19.745  104.282       2.7745
 -19.745  106.532       2.5328
 -19.745  108.782       2.2911
 -19.745  111.031       2.1714
 -19.745  113.281       2.2283
 -19.745  115.531       3.6010
 -19.745  117.781       4.0142
 -19.745  120.030       4.0142
 -19.745  122.280       4.0142
 -19.745  124.530       2.6415
 -19.745  126.780       2.2911
 -19.745  129.030       2.1196
 -19.745  131.279       2.0277
 -19.745  133.529       2.2283
 -19.745  135.779       2.1714
 -19.745  138.029       1.7859
 -19.745  140.278       1.8778
 -19.745  142.528       1.9865
 -19.745  144.778       2.1196
 -19.745  147.028       1.8778
 -19.745  149.278       1.4814
 -19.745  151.527       1.4169
 -19.745  153.777       1.2931
 -19.745  156.027       1.3316
 -19.745  158.277       1.3185
 -19.745  160.526       1.1310
 -19.745  162.776       1.1907
 -19.745  165.026       1.1216
 -19.745  167.276       1.1033
 -19.745  169.526       0.9961
 -19.745  171.775       1.0114
 -19.745  174.025       1.1803
 -19.745  176.275       1.3185
 -19.745  178.525       1.6361
 -19.745  180.774       1.7582
 -19.745  183.024       1.6361
 -19.745  185.274       1.4646
 -19.745  187.524       1.3057
 -19.745  189.774       1.6820
 -19.745  192.023       1.8150
 -19.745  194.273       1.8456
 -19.745  196.523       2.5328
 -19.745  198.773       4.0142
 -19.745  201.022       4.0142
 -19.745  203.272       2.7745
 -19.745  205.522       1.9119
 -19.745  207.772       1.2570
 -19.745  210.022       0.8496
 -19.745  212.271       0.8208
 -19.745  214.521       1.0350
 -19.745  216.771       1.4987
 -19.745  219.021       1.3316
 -19.745  221.271       1.3587
 -19.745  223.520       1.4814
 -19.745  225.770       1.5348
 -19.745  228.020       1.5935
 -19.745  230.270       1.1907
 -19.745  232.519       1.2229
 -19.745  234.769       1.5733
 -19.745  237.019       1.9119
 -19.745  239.269       1.5348
 -19.745  241.519       1.4483
 -19.745  243.768       1.3450
 -19.745  246.018       1.3871
 -19.745  248.268       2.1714
 -19.745  250.518       2.7745
 -19.745  252.767       4.0142
 -19.745  255.017       4.0142
 -16.837   32.289       4.0142
 -16.837   34.539       4.0142
 -16.837   36.789       4.0142
 -16.837   39.038       4.0142
 -16.837   41.288       4.0142
 -16.837   43.538       4.0142
 -16.837   45.788       4.0142
 -16.837   48.037       4.0142
 -16.837   50.287       4.0142
 -16.837   52.537       4.0142
 -16.837   54.787       4.0142
 -16.837   57.037       4.0142
 -16.837   59.286       4.0142
 -16.837   61.536       4.0142
 -16.837   63.786       4.0142
 -16.837   66.036       4.0142
 -16.837   68.285       4.0142
 -16.837   70.535       4.0142
 -16.837   72.785       4.0142
 -16.837   75.035       4.0142
 -16.837   77.285       4.0142
 -16.837   79.534       4.0142
 -16.837   81.784       4.0142
 -16.837   84.034       4.0142
 -16.837   86.284       3.1877
 -16.837   88.534       2.9460
 -16.837   90.783       2.6415
 -16.837   93.033       3.6010
 -16.837   95.283       3.6010
 -16.837   97.533       3.6010
 -16.837   99.782       4.0142
 -16.837  102.032       3.6010
 -16.837  104.282       3.6010
 -16.837  106.532       3.1877
 -16.837  108.782       2.5328
 -16.837  111.031       2.2283
 -16.837  113.281       2.4409
 -16.837  115.531       3.6010
 -16.837  117.781       4.0142
 -16.837  120.030       3.6010
 -16.837  122.280       4.0142
 -16.837  124.530       3.1877
 -16.837  126.780       2.1196
 -16.837  129.030       2.0718
 -16.837  131.279       2.1714
 -16.837  133.529       2.9460
 -16.837  135.779       2.7745
 -16.837  138.029       1.9119
 -16.837  140.278       1.7582
 -16.837  142.528       1.5538
 -16.837  144.778       1.9481
 -16.837  147.028       1.7582
 -16.837  149.278       1.8150
 -16.837  151.527       1.5733
 -16.837  153.777       1.4814
 -16.837  156.027       1.6361
 -16.837  158.277       1.5538
 -16.837  160.526       1.4169
 -16.837  162.776       1.3185
 -16.837  165.026       1.1601
 -16.837  167.276       0.8924
 -16.837  169.526       0.8861
 -16.837  171.775       0.8322
 -16.837  174.025       1.1310
 -16.837  176.275       1.3727
 -16.837  178.525       1.2688
 -16.837  180.774       1.4018
 -16.837  183.024       1.3185
 -16.837  185.274       1.2454
 -16.837  187.524       1.3727
 -16.837  189.774       1.4324
 -16.837  192.023       1.9481
 -16.837  194.273       2.1714
 -16.837  196.523       3.6010
 -16.837  198.773       3.1877
 -16.837  201.022       2.9460
 -16.837  203.272       2.1714
 -16.837  205.522       1.7063
 -16.837  207.772       1.4483
 -16.837  210.022       1.1033
 -16.837  212.271       1.0432
 -16.837  214.521       1.2229
 -16.837  216.771       1.2570
 -16.837  219.021       1.4483
 -16.837  221.271       1.3316
 -16.837  223.520       1.1701
 -16.837  225.770       1.4987
 -16.837  228.020       1.8456
 -16.837  230.270       1.5348
 -16.837  232.519       1.3057
 -16.837  234.769       1.8150
 -16.837  237.019       2.2283
 -16.837  239.269       1.7063
 -16.837  241.519       1.4646
 -16.837  243.768       1.2688
 -16.837  246.018       1.5935
 -16.837  248.268       1.8150
 -16.837  250.518       3.6010
 -16.837  252.767       4.0142
 -16.837  255.017       4.0142
 -13.929   32.289       4.0142
 -13.929   34.539       4.0142
 -13.929   36.789       4.0142
 -13.929   39.038       4.0142
 -13.929   41.288       4.0142
 -13.929   43.538       4.0142
 -13.929   45.788       4.0142
 -13.929   48.037       4.0142
 -13.929   50.287       4.0142
 -13.929   52.537       4.0142
 -13.929   54.787       4.0142
 -13.929   57.037       4.0142
 -13.929   59.286       4.0142
 -13.929   61.536       4.0142
 -13.929   63.786       4.0142
 -13.929   66.036       4.0142
 -13.929   68.285       4.0142
 -13.929   70.535       4.0142
 -13.929   72.785       4.0142
 -13.929   75.035       4.0142
 -13.929   77.285       4.0142
 -13.929   79.534       3.6010
 -13.929   81.784       3.6010
 -13.929   84.034       2.6415
 -13.929   86.284       3.1877
 -13.929   88.534       2.6415
 -13.929   90.783       2.7745
 -13.929   93.033       2.7745
 -13.929   95.283       2.9460
 -13.929   97.533       3.1877
 -13.929   99.782       3.1877
 -13.929  102.032       4.0142
 -13.929  104.282       3.6010
 -13.929  106.532       4.0142
 -13.929  108.782       3.1877
 -13.929  111.031       2.9460
 -13.929  113.281       4.0142
 -13.929  115.531       3.6010
 -13.929  117.781       3.1877
 -13.929  120.030       2.5328
 -13.929  122.280       2.2911
 -13.929  124.530       2.5328
 -13.929  126.780       2.2283
 -13.929  129.030       2.3613
 -13.929  131.279       1.9481
 -13.929  133.529       2.2283
 -13.929  135.779       1.9865
 -13.929  138.029       1.7063
 -13.929  140.278       1.7859
 -13.929  142.528       1.5165
 -13.929  144.778       1.5348
 -13.929  147.028       1.5733
 -13.929  149.278       1.5733
 -13.929  151.527       1.3185
 -13.929  153.777       1.5165
 -13.929  156.027       1.4483
 -13.929  158.277       1.5733
 -13.929  160.526       1.4169
 -13.929  162.776       1.6144
 -13.929  165.026       1.3057
 -13.929  167.276       0.9595
 -13.929  169.526       0.8799
 -13.929  171.775       0.9250
 -13.929  174.025       1.2688
 -13.929  176.275       1.4018
 -13.929  178.525       1.5348
 -13.929  180.774       1.3587
 -13.929  183.024       1.2012
 -13.929  185.274       1.3450
 -13.929  187.524       1.4987
 -13.929  189.774       2.0718
 -13.929  192.023       1.8456
 -13.929  194.273       2.4409
 -13.929  196.523       2.9460
 -13.929  198.773       2.4409
 -13.929  201.022       2.1714
 -13.929  203.272       1.5348
 -13.929  205.522       1.3450
 -13.929  207.772       1.3587
 -13.929  210.022       0.9739
 -13.929  212.271       1.1907
 -13.929  214.521       1.4814
 -13.929  216.771       1.1907
 -13.929  219.021       1.3057
 -13.929  221.271       1.1216
 -13.929  223.520       1.1803
 -13.929  225.770       1.3450
 -13.929  228.020       1.9481
 -13.929  230.270       2.4409
 -13.929  232.519       2.0277
 -13.929  234.769       2.6415
 -13.929  237.019       2.2911
 -13.929  239.269       1.5733
 -13.929  241.519       1.4814
 -13.929  243.768       1.5733
 -13.929  246.018       1.9119
 -13.929  248.268       3.1877
 -13.929  250.518       3.6010
 -13.929  252.767       4.0142
 -13.929  255.017       4.0142
 -11.020   32.289       4.0142
 -11.020   34.539       4.0142
 -11.020   36.789       4.0142
 -11.020   39.038       4.0142
 -11.020   41.288       4.0142
 -11.020   43.538       4.0142
 -11.020   45.788       4.0142
 -11.020   48.037       4.0142
 -11.020   50.287       4.0142
 -11.020   52.537       4.0142
 -11.020   54.787       4.0142
 -11.020   57.037       4.0142
 -11.020   59.286       4.0142
 -11.020   61.536       4.0142
 -11.020   63.786       4.0142
 -11.020   66.036       4.0142
 -11.020   68.285       4.0142
 -11.020   70.535       4.0142
 -11.020   72.785       4.0142
 -11.020   75.035       4.0142
 -11.020   77.285       3.6010
 -11.020   79.534       3.1877
 -11.020   81.784       2.7745
 -11.020   84.034       2.7745
 -11.020   86.284       2.4409
 -11.020   88.534       2.2283
 -11.020   90.783       1.7317
 -11.020   93.033       2.3613
 -11.020   95.283       2.5328
 -11.020   97.533       2.2911
 -11.020   99.782       3.1877
 -11.020  102.032       4.0142
 -11.020  104.282       4.0142
 -11.020  106.532       4.0142
 -11.020  108.782       3.6010
 -11.020  111.031       2.6415
 -11.020  113.281       2.5328
 -11.020  115.531       2.7745
 -11.020  117.781       2.4409
 -11.020  120.030       2.2283
 -11.020  122.280       2.1196
 -11.020  124.530       1.6144
 -11.020  126.780       1.9865
 -11.020  129.030       2.1714
 -11.020  131.279       1.9865
 -11.020  133.529       1.7859
 -11.020  135.779       1.5348
 -11.020  138.029       1.5165
 -11.020  140.278       1.2808
 -11.020  142.528       1.1405
 -11.020  144.778       1.3450
 -11.020  147.028       1.4169
 -11.020  149.278       1.2340
 -11.020  151.527       1.4814
 -11.020  153.777       1.5348
 -11.020  156.027       1.3057
 -11.020  158.277       1.3727
 -11.020  160.526       1.5538
 -11.020  162.776       1.5733
 -11.020  165.026       1.3057
 -11.020  167.276       1.3450
 -11.020  169.526       1.0514
 -11.020  171.775       1.1701
 -11.020  174.025       1.2808
 -11.020  176.275       1.2119
 -11.020  178.525       1.1405
 -11.020  180.774       1.6144
 -11.020  183.024       1.2454
 -11.020  185.274       1.3727
 -11.020  187.524       1.5538
 -11.020  189.774       1.9119
 -11.020  192.023       1.8778
 -11.020  194.273       3.1877
 -11.020  196.523       3.6010
 -11.020  198.773       2.0718
 -11.020  201.022       1.5165
 -11.020  203.272       1.4814
 -11.020  205.522       1.2688
 -11.020  207.772       1.4646
 -11.020  210.022       1.3185
 -11.020  212.271       1.3587
 -11.020  214.521       1.3057
 -11.020  216.771       1.0432
 -11.020  219.021       1.0943
 -11.020  221.271       0.9524
 -11.020  223.520       1.2340
 -11.020  225.770       1.5165
 -11.020  228.020       2.1714
 -11.020  230.270       3.6010
 -11.020  232.519       2.6415
 -11.020  234.769       2.6415
 -11.020  237.019       1.9119
 -11.020  239.269       1.6144
 -11.020  241.519       1.4987
 -11.020  243.768       1.7063
 -11.020  246.018       2.1714
 -11.020  248.268       3.1877
 -11.020  250.518       4.0142
 -11.020  252.767       4.0142
 -11.020  255.017       4.0142
  -8.112   32.289       4.0142
  -8.112   34.539       4.0142
  -8.112   36.789       4.0142
  -8.112   39.038       4.0142
  -8.112   41.288       4.0142
  -8.112   43.538       4.0142
  -8.112   45.788       4.0142
  -8.112   48.037       4.0142
  -8.112   50.287       4.0142
  -8.112   52.537       3.6010
  -8.112   54.787       4.0142
  -8.112   57.037       4.0142
  -8.112   59.286       4.0142
  -8.112   61.536       4.0142
  -8.112   63.786       4.0142
  -8.112   66.036       4.0142
  -8.112   68.285       4.0142
  -8.112   70.535       4.0142
  -8.112   72.785       4.0142
  -8.112   75.035       3.6010
  -8.112   77.285       4.0142
  -8.112   79.534       2.3613
  -8.112   81.784       2.4409
  -8.112   84.034       2.3613
  -8.112   86.284       1.9865
  -8.112   88.534       1.8778
  -8.112   90.783       2.2911
  -8.112   93.033       2.5328
  -8.112   95.283       2.7745
  -8.112   97.533       2.4409
  -8.112   99.782       2.2911
  -8.112  102.032       2.7745
  -8.112  104.282       3.6010
  -8.112  106.532       3.1877
  -8.112  108.782       3.6010
  -8.112  111.031       3.6010
  -8.112  113.281       2.7745
  -8.112  115.531       3.1877
  -8.112  117.781       3.1877
  -8.112  120.030       2.5328
  -8.112  122.280       2.1196
  -8.112  124.530       1.9481
  -8.112  126.780       1.7582
  -8.112  129.030       2.0718
  -8.112  131.279       2.2911
  -8.112  133.529       1.8150
  -8.112  135.779       1.4169
  -8.112  138.029       1.2931
  -8.112  140.278       1.4169
  -8.112  142.528       1.4987
  -8.112  144.778       1.4324
  -8.112  147.028       1.5935
  -8.112  149.278       1.5538
  -8.112  151.527       1.3185
  -8.112  153.777       1.2119
  -8.112  156.027       1.1701
  -8.112  158.277       1.4324
  -8.112  160.526       1.8778
  -8.112  162.776       1.4324
  -8.112  165.026       1.3871
  -8.112  167.276       1.1310
  -8.112  169.526       1.2570
  -8.112  171.775       1.3587
  -8.112  174.025       1.3185
  -8.112  176.275       1.1701
  -8.112  178.525       1.1310
  -8.112  180.774       1.4324
  -8.112  183.024       1.3871
  -8.112  185.274       1.4814
  -8.112  187.524       1.8456
  -8.112  189.774       1.9119
  -8.112  192.023       2.5328
  -8.112  194.273       2.9460
  -8.112  196.523       2.6415
  -8.112  198.773       1.7582
  -8.112  201.022       1.4987
  -8.112  203.272       1.4324
  -8.112  205.522       1.4483
  -8.112  207.772       1.5165
  -8.112  210.022       1.4169
  -8.112  212.271       1.3871
  -8.112  214.521       1.3587
  -8.112  216.771       1.1907
  -8.112  219.021       1.0768
  -8.112  221.271       1.1601
  -8.112  223.520       1.3057
  -8.112  225.770       1.5348
  -8.112  228.020       1.6361
  -8.112  230.270       2.7745
  -8.112  232.519       2.7745
  -8.112  234.769       2.2911
  -8.112  237.019       1.6820
  -8.112  239.269       1.4987
  -8.112  241.519       1.6820
  -8.112  243.768       2.2911
  -8.112  246.018       2.9460
  -8.112  248.268       4.0142
  -8.112  250.518       4.0142
  -8.112  252.767       4.0142
  -8.112  255.017       4.0142
  -5.204   32.289       4.0142
  -5.204   34.539       4.0142
  -5.204   36.789       4.0142
  -5.204   39.038       4.0142
  -5.204   41.288       4.0142
  -5.204   43.538       4.0142
  -5.204   45.788       4.0142
  -5.204   48.037       3.6010
  -5.204   50.287       2.9460
  -5.204   52.537       3.1877
  -5.204   54.787       4.0142
  -5.204   57.037       2.6415
  -5.204   59.286       3.6010
  -5.204   61.536       4.0142
  -5.204   63.786       4.0142
  -5.204   66.036       4.0142
  -5.204   68.285       4.0142
  -5.204   70.535       2.7745
  -5.204   72.785       3.6010
  -5.204   75.035       3.1877
  -5.204   77.285       3.1877
  -5.204   79.534       2.4409
  -5.204   81.784       1.9481
  -5.204   84.034       2.2283
  -5.204   86.284       1.5935
  -5.204   88.534       1.9481
  -5.204   90.783       2.1196
  -5.204   93.033       2.4409
  -5.204   95.283       2.9460
  -5.204   97.533       2.6415
  -5.204   99.782       2.6415
  -5.204  102.032       2.9460
  -5.204  104.282       2.7745
  -5.204  106.532       3.1877
  -5.204  108.782       2.4409
  -5.204  111.031       2.4409
  -5.204  113.281       2.5328
  -5.204  115.531       2.3613
  -5.204  117.781       2.3613
  -5.204  120.030       2.3613
  -5.204  122.280       1.9119
  -5.204  124.530       2.0277
  -5.204  126.780       1.7582
  -5.204  129.030       1.7317
  -5.204  131.279       1.6144
  -5.204  133.529       1.3587
  -5.204  135.779       1.3587
  -5.204  138.029       1.3587
  -5.204  140.278       1.0114
  -5.204  142.528       1.1033
  -5.204  144.778       1.1124
  -5.204  147.028       1.2808
  -5.204  149.278       1.3871
  -5.204  151.527       1.4018
  -5.204  153.777       1.4018
  -5.204  156.027       1.2012
  -5.204  158.277       1.2688
  -5.204  160.526       1.5348
  -5.204  162.776       1.8456
  -5.204  165.026       1.6586
  -5.204  167.276       1.5165
  -5.204  169.526       1.4483
  -5.204  171.775       1.2808
  -5.204  174.025       1.6820
  -5.204  176.275       1.4324
  -5.204  178.525       1.1601
  -5.204  180.774       1.3057
  -5.204  183.024       1.5538
  -5.204  185.274       1.7582
  -5.204  187.524       2.1196
  -5.204  189.774       2.1196
  -5.204  192.023       2.9460
  -5.204  194.273       2.6415
  -5.204  196.523       2.0277
  -5.204  198.773       1.8150
  -5.204  201.022       1.1907
  -5.204  203.272       1.5733
  -5.204  205.522       1.6361
  -5.204  207.772       1.6144
  -5.204  210.022       1.3587
  -5.204  212.271       1.2570
  -5.204  214.521       1.7317
  -5.204  216.771       1.0943
  -5.204  219.021       1.3450
  -5.204  221.271       1.4483
  -5.204  223.520       1.2340
  -5.204  225.770       1.4814
  -5.204  228.020       1.7582
  -5.204  230.270       2.5328
  -5.204  232.519       2.5328
  -5.204  234.769       2.2911
  -5.204  237.019       1.8150
  -5.204  239.269       1.5538
  -5.204  241.519       1.7582
  -5.204  243.768       2.7745
  -5.204  246.018       4.0142
  -5.204  248.268       4.0142
  -5.204  250.518       4.0142
  -5.204  252.767       4.0142
  -5.204  255.017       4.0142
  -2.295   32.289       4.0142
  -2.295   34.539       4.0142
  -2.295   36.789       4.0142
  -2.295   39.038       4.0142
  -2.295   41.288       3.6010
  -2.295   43.538       2.9460
  -2.295   45.788       2.2283
  -2.295   48.037       2.4409
  -2.295   50.287       2.0718
  -2.295   52.537       2.4409
  -2.295   54.787       3.1877
  -2.295   57.037       3.1877
  -2.295   59.286       2.6415
  -2.295   61.536       2.2911
  -2.295   63.786       3.1877
  -2.295   66.036       2.9460
  -2.295   68.285       2.7745
  -2.295   70.535       2.1714
  -2.295   72.785       2.7745
  -2.295   75.035       2.9460
  -2.295   77.285       2.9460
  -2.295   79.534       2.1196
  -2.295   81.784       2.7745
  -2.295   84.034       2.2911
  -2.295   86.284       2.5328
  -2.295   88.534       2.2911
  -2.295   90.783       1.8150
  -2.295   93.033       2.3613
  -2.295   95.283       2.9460
  -2.295   97.533       2.9460
  -2.295   99.782       2.9460
  -2.295  102.032       4.0142
  -2.295  104.282       4.0142
  -2.295  106.532       2.6415
  -2.295  108.782       2.9460
  -2.295  111.031       2.6415
  -2.295  113.281       2.1196
  -2.295  115.531       1.9865
  -2.295  117.781       1.8150
  -2.295  120.030       2.0277
  -2.295  122.280       1.9481
  -2.295  124.530       1.9865
  -2.295  126.780       1.7582
  -2.295  129.030       1.8456
  -2.295  131.279       1.5538
  -2.295  133.529       1.5538
  -2.295  135.779       1.2570
  -2.295  138.029       1.1601
  -2.295  140.278       1.1701
  -2.295  142.528       1.0037
  -2.295  144.778       0.9524
  -2.295  147.028       1.1124
  -2.295  149.278       1.4646
  -2.295  151.527       1.2808
  -2.295  153.777       1.2340
  -2.295  156.027       1.2119
  -2.295  158.277       1.2570
  -2.295  160.526       1.2688
  -2.295  162.776       1.4814
  -2.295  165.026       1.1907
  -2.295  167.276       1.4018
  -2.295  169.526       1.4987
  -2.295  171.775       1.4987
  -2.295  174.025       1.5538
  -2.295  176.275       1.3727
  -2.295  178.525       1.3057
  -2.295  180.774       1.4324
  -2.295  183.024       1.7317
  -2.295  185.274       2.5328
  -2.295  187.524       2.4409
  -2.295  189.774       2.2911
  -2.295  192.023       2.1714
  -2.295  194.273       2.1714
  -2.295  196.523       2.1196
  -2.295  198.773       1.7582
  -2.295  201.022       1.3587
  -2.295  203.272       1.4646
  -2.295  205.522       1.4483
  -2.295  207.772       1.4169
  -2.295  210.022       1.2454
  -2.295  212.271       1.8150
  -2.295  214.521       1.3871
  -2.295  216.771       1.2931
  -2.295  219.021       1.2229
  -2.295  221.271       1.1124
  -2.295  223.520       1.1907
  -2.295  225.770       1.5935
  -2.295  228.020       1.9119
  -2.295  230.270       1.8456
  -2.295  232.519       2.0277
  -2.295  234.769       2.0277
  -2.295  237.019       1.6586
  -2.295  239.269       1.6361
  -2.295  241.519       2.2911
  -2.295  243.768       3.1877
  -2.295  246.018       4.0142
  -2.295  248.268       4.0142
  -2.295  250.518       4.0142
  -2.295  252.767       4.0142
  -2.295  255.017       4.0142
   0.613   32.289       4.0142
   0.613   34.539       4.0142
   0.613   36.789       4.0142
   0.613   39.038       4.0142
   0.613   41.288       2.9460
   0.613   43.538       2.1196
   0.613   45.788       2.0277
   0.613   48.037       1.5733
   0.613   50.287       2.0277
   0.613   52.537       2.1196
   0.613   54.787       1.8778
   0.613   57.037       1.8456
   0.613   59.286       2.1714
   0.613   61.536       2.1196
   0.613   63.786       1.9865
   0.613   66.036       3.6010
   0.613   68.285       3.1877
   0.613   70.535       2.5328
   0.613   72.785       2.9460
   0.613   75.035       2.0718
   0.613   77.285       2.4409
   0.613   79.534       2.2283
   0.613   81.784       2.2283
   0.613   84.034       2.7745
   0.613   86.284       1.8150
   0.613   88.534       2.2911
   0.613   90.783       2.7745
   0.613   93.033       2.7745
   0.613   95.283       2.9460
   0.613   97.533       3.1877
   0.613   99.782       4.0142
   0.613  102.032       4.0142
   0.613  104.282       4.0142
   0.613  106.532       3.6010
   0.613  108.782       3.6010
   0.613  111.031       2.9460
   0.613  113.281       2.1196
   0.613  115.531       2.0277
   0.613  117.781       1.8778
   0.613  120.030       2.2911
   0.613  122.280       1.7859
   0.613  124.530       1.8150
   0.613  126.780       1.8778
   0.613  129.030       2.3613
   0.613  131.279       1.8778
   0.613  133.529       1.9119
   0.613  135.779       1.4814
   0.613  138.029       1.2570
   0.613  140.278       1.0855
   0.613  142.528       1.2454
   0.613  144.778       1.2688
   0.613  147.028       1.4814
   0.613  149.278       1.4987
   0.613  151.527       1.5733
   0.613  153.777       1.3316
   0.613  156.027       1.2808
   0.613  158.277       1.7859
   0.613  160.526       1.5348
   0.613  162.776       1.4646
   0.613  165.026       1.2688
   0.613  167.276       1.2570
   0.613  169.526       1.2808
   0.613  171.775       1.4018
   0.613  174.025       1.2931
   0.613  176.275       1.5935
   0.613  178.525       1.8456
   0.613  180.774       1.7859
   0.613  183.024       2.3613
   0.613  185.274       1.8778
   0.613  187.524       2.0718
   0.613  189.774       1.8150
   0.613  192.023       1.9119
   0.613  194.273       1.7859
   0.613  196.523       1.7859
   0.613  198.773       1.8456
   0.613  201.022       1.6820
   0.613  203.272       1.6144
   0.613  205.522       1.3185
   0.613  207.772       1.4814
   0.613  210.022       1.6144
   0.613  212.271       1.5733
   0.613  214.521       1.7859
   0.613  216.771       1.4814
   0.613  219.021       1.4018
   0.613  221.271       1.1803
   0.613  223.520       1.3057
   0.613  225.770       1.5348
   0.613  228.020       1.7582
   0.613  230.270       2.1196
   0.613  232.519       1.7063
   0.613  234.769       1.5935
   0.613  237.019       2.1196
   0.613  239.269       2.5328
   0.613  241.519       3.1877
   0.613  243.768       4.0142
   0.613  246.018       4.0142
   0.613  248.268       4.0142
   0.613  250.518       4.0142
   0.613  252.767       4.0142
   0.613  255.017       4.0142
   3.521   32.289       4.0142
   3.521   34.539       4.0142
   3.521   36.789       4.0142
   3.521   39.038       3.1877
   3.521   41.288       3.6010
   3.521   43.538       2.6415
   3.521   45.788       1.6586
   3.521   48.037       1.6820
   3.521   50.287       1.7582
   3.521   52.537       1.7859
   3.521   54.787       1.9481
   3.521   57.037       1.9865
   3.521   59.286       2.1196
   3.521   61.536       2.6415
   3.521   63.786       2.2283
   3.521   66.036       2.7745
   3.521   68.285       2.7745
   3.521   70.535       2.1196
   3.521   72.785       1.7317
   3.521   75.035       1.8150
   3.521   77.285       2.0277
   3.521   79.534       2.1196
   3.521   81.784       2.9460
   3.521   84.034       2.9460
   3.521   86.284       1.9119
   3.521   88.534       2.9460
   3.521   90.783       2.2911
   3.521   93.033       3.6010
   3.521   95.283       3.6010
   3.521   97.533       3.1877
   3.521   99.782       4.0142
   3.521  102.032       4.0142
   3.521  104.282       4.0142
   3.521  106.532       4.0142
   3.521  108.782       3.6010
   3.521  111.031       2.2911
   3.521  113.281       1.8456
   3.521  115.531       1.6144
   3.521  117.781       2.2283
   3.521  120.030       2.2283
   3.521  122.280       2.2283
   3.521  124.530       1.9865
   3.521  126.780       1.9481
   3.521  129.030       2.4409
   3.521  131.279       2.0277
   3.521  133.529       1.9119
   3.521  135.779       1.8150
   3.521  138.029       1.3727
   3.521  140.278       1.3057
   3.521  142.528       1.6144
   3.521  144.778       1.3727
   3.521  147.028       1.3871
   3.521  149.278       1.6820
   3.521  151.527       1.6361
   3.521  153.777       1.5733
   3.521  156.027       1.5165
   3.521  158.277       1.7317
   3.521  160.526       1.9119
   3.521  162.776       1.6820
   3.521  165.026       1.1701
   3.521  167.276       1.1033
   3.521  169.526       1.3727
   3.521  171.775       1.2688
   3.521  174.025       1.3185
   3.521  176.275       1.3871
   3.521  178.525       1.5935
   3.521  180.774       1.6586
   3.521  183.024       1.6361
   3.521  185.274       1.5733
   3.521  187.524       1.7317
   3.521  189.774       1.3727
   3.521  192.023       1.8150
   3.521  194.273       1.9119
   3.521  196.523       2.0718
   3.521  198.773       1.9481
   3.521  201.022       1.6144
   3.521  203.272       1.4646
   3.521  205.522       1.4018
   3.521  207.772       1.2808
   3.521  210.022       1.7063
   3.521  212.271       1.7859
   3.521  214.521       1.7859
   3.521  216.771       1.3871
   3.521  219.021       1.5935
   3.521  221.271       1.2688
   3.521  223.520       1.3587
   3.521  225.770       1.6820
   3.521  228.020       1.5733
   3.521  230.270       1.7063
   3.521  232.519       1.8456
   3.521  234.769       2.2911
   3.521  237.019       2.7745
   3.521  239.269       2.9460
   3.521  241.519       4.0142
   3.521  243.768       4.0142
   3.521  246.018       4.0142
   3.521  248.268       4.0142
   3.521  250.518       4.0142
   3.521  252.767       4.0142
   3.521  255.017       4.0142
   6.430   32.289       4.0142
   6.430   34.539       4.0142
   6.430   36.789       4.0142
   6.430   39.038       3.1877
   6.430   41.288       2.2911
   6.430   43.538       2.1714
   6.430   45.788       1.6586
   6.430   48.037       1.5935
   6.430   50.287       1.9119
   6.430   52.537       1.5165
   6.430   54.787       1.4987
   6.430   57.037       1.6586
   6.430   59.286       1.9865
   6.430   61.536       2.1714
   6.430   63.786       2.9460
   6.430   66.036       3.1877
   6.430   68.285       2.4409
   6.430   70.535       2.1196
   6.430   72.785       1.4814
   6.430   75.035       1.5733
   6.430   77.285       1.7859
   6.430   79.534       1.9865
   6.430   81.784       2.4409
   6.430   84.034       2.3613
   6.430   86.284       2.0718
   6.430   88.534       2.4409
   6.430   90.783       2.6415
   6.430   93.033       2.9460
   6.430   95.283       4.0142
   6.430   97.533       4.0142
   6.430   99.782       4.0142
   6.430  102.032       3.6010
   6.430  104.282       3.1877
   6.430  106.532       3.1877
   6.430  108.782       2.4409
   6.430  111.031       2.5328
   6.430  113.281       1.7063
   6.430  115.531       1.9119
   6.430  117.781       1.9865
   6.430  120.030       2.0718
   6.430  122.280       2.0718
   6.430  124.530       2.0718
   6.430  126.780       1.5935
   6.430  129.030       1.7063
   6.430  131.279       1.7859
   6.430  133.529       2.2283
   6.430  135.779       2.1714
   6.430  138.029       1.6361
   6.430  140.278       1.6361
   6.430  142.528       1.5348
   6.430  144.778       1.7317
   6.430  147.028       1.5733
   6.430  149.278       1.6144
   6.430  151.527       1.5935
   6.430  153.777       1.8456
   6.430  156.027       1.6586
   6.430  158.277       1.5733
   6.430  160.526       1.4483
   6.430  162.776       1.2931
   6.430  165.026       1.2931
   6.430  167.276       1.3450
   6.430  169.526       1.3316
   6.430  171.775       1.2570
   6.430  174.025       1.3316
   6.430  176.275       1.1310
   6.430  178.525       1.7859
   6.430  180.774       1.8778
   6.430  183.024       1.5538
   6.430  185.274       1.3871
   6.430  187.524       1.2454
   6.430  189.774       1.2119
   6.430  192.023       1.4987
   6.430  194.273       1.7582
   6.430  196.523       1.5935
   6.430  198.773       1.3316
   6.430  201.022       1.2340
   6.430  203.272       1.2454
   6.430  205.522       1.2119
   6.430  207.772       1.2570
   6.430  210.022       1.7859
   6.430  212.271       1.7582
   6.430  214.521       1.6144
   6.430  216.771       1.3871
   6.430  219.021       1.5538
   6.430  221.271       1.5935
   6.430  223.520       1.5538
   6.430  225.770       1.5538
   6.430  228.020       1.3057
   6.430  230.270       1.5348
   6.430  232.519       1.7859
   6.430  234.769       2.2283
   6.430  237.019       3.1877
   6.430  239.269       4.0142
   6.430  241.519       4.0142
   6.430  243.768       4.0142
   6.430  246.018       4.0142
   6.430  248.268       4.0142
   6.430  250.518       4.0142
   6.430  252.767       4.0142
   6.430  255.017       4.0142
   9.338   32.289       4.0142
   9.338   34.539       4.0142
   9.338   36.789       4.0142
   9.338   39.038       3.1877
   9.338   41.288       2.7745
   9.338   43.538       2.2911
   9.338   45.788       2.1714
   9.338   48.037       2.0277
   9.338   50.287       1.6144
   9.338   52.537       1.4987
   9.338   54.787       1.8778
   9.338   57.037       1.7317
   9.338   59.286       1.8456
   9.338   61.536       2.1714
   9.338   63.786       2.3613
   9.338   66.036       2.2283
   9.338   68.285       2.5328
   9.338   70.535       2.3613
   9.338   72.785       1.9481
   9.338   75.035       1.9865
   9.338   77.285       2.0718
   9.338   79.534       1.8778
   9.338   81.784       2.3613
   9.338   84.034       2.1196
   9.338   86.284       2.0718
   9.338   88.534       2.7745
   9.338   90.783       2.9460
   9.338   93.033       3.1877
   9.338   95.283       4.0142
   9.338   97.533       4.0142
   9.338   99.782       4.0142
   9.338  102.032       3.6010
   9.338  104.282       3.6010
   9.338  106.532       3.1877
   9.338  108.782       2.9460
   9.338  111.031       2.2283
   9.338  113.281       2.0277
   9.338  115.531       2.2911
   9.338  117.781       1.8456
   9.338  120.030       2.5328
   9.338  122.280       2.0718
   9.338  124.530       1.6144
   9.338  126.780       1.5165
   9.338  129.030       1.4646
   9.338  131.279       1.6586
   9.338  133.529       1.7063
   9.338  135.779       2.0718
   9.338  138.029       1.9119
   9.338  140.278       1.8778
   9.338  142.528       1.9865
   9.338  144.778       1.5348
   9.338  147.028       1.4987
   9.338  149.278       1.4814
   9.338  151.527       1.3727
   9.338  153.777       1.9119
   9.338  156.027       2.1714
   9.338  158.277       1.7582
   9.338  160.526       1.6144
   9.338  162.776       1.5165
   9.338  165.026       1.6586
   9.338  167.276       1.3185
   9.338  169.526       1.5348
   9.338  171.775       1.2012
   9.338  174.025       1.2688
   9.338  176.275       1.3316
   9.338  178.525       1.4483
   9.338  180.774       1.9481
   9.338  183.024       1.5165
   9.338  185.274       1.2454
   9.338  187.524       1.3587
   9.338  189.774       1.6361
   9.338  192.023       1.7859
   9.338  194.273       1.3316
   9.338  196.523       1.1803
   9.338  198.773       1.2119
   9.338  201.022       1.3587
   9.338  203.272       1.3727
   9.338  205.522       1.4646
   9.338  207.772       1.7063
   9.338  210.022       1.8778
   9.338  212.271       1.8150
   9.338  214.521       1.7317
   9.338  216.771       1.8778
   9.338  219.021       1.6820
   9.338  221.271       2.0277
   9.338  223.520       1.6586
   9.338  225.770       1.6144
   9.338  228.020       1.5935
   9.338  230.270       1.7063
   9.338  232.519       2.4409
   9.338  234.769       2.9460
   9.338  237.019       3.6010
   9.338  239.269       4.0142
   9.338  241.519       4.0142
   9.338  243.768       4.0142
   9.338  246.018       4.0142
   9.338  248.268       4.0142
   9.338  250.518       4.0142
   9.338  252.767       4.0142
   9.338  255.017       4.0142
  12.246   32.289       4.0142
  12.246   34.539       4.0142
  12.246   36.789       4.0142
  12.246   39.038       3.1877
  12.246   41.288       3.1877
  12.246   43.538       2.7745
  12.246   45.788       2.4409
  12.246   48.037       2.1196
  12.246   50.287       1.8456
  12.246   52.537       1.7063
  12.246   54.787       2.7745
  12.246   57.037       2.9460
  12.246   59.286       2.9460
  12.246   61.536       2.2283
  12.246   63.786       2.2283
  12.246   66.036       1.6361
  12.246   68.285       2.1714
  12.246   70.535       2.5328
  12.246   72.785       2.3613
  12.246   75.035       2.1714
  12.246   77.285       2.0277
  12.246   79.534       4.0142
  12.246   81.784       2.4409
  12.246   84.034       3.1877
  12.246   86.284       2.7745
  12.246   88.534       4.0142
  12.246   90.783       4.0142
  12.246   93.033       4.0142
  12.246   95.283       4.0142
  12.246   97.533       4.0142
  12.246   99.782       4.0142
  12.246  102.032       4.0142
  12.246  104.282       4.0142
  12.246  106.532       3.6010
  12.246  108.782       3.1877
  12.246  111.031       2.3613
  12.246  113.281       2.3613
  12.246  115.531       2.0277
  12.246  117.781       1.9865
  12.246  120.030       2.3613
  12.246  122.280       2.7745
  12.246  124.530       2.0718
  12.246  126.780       1.8456
  12.246  129.030       1.8456
  12.246  131.279       1.6820
  12.246  133.529       1.4987
  12.246  135.779       1.5935
  12.246  138.029       2.0718
  12.246  140.278       2.0277
  12.246  142.528       1.5935
  12.246  144.778       1.7317
  12.246  147.028       1.4814
  12.246  149.278       1.5165
  12.246  151.527       1.6361
  12.246  153.777       1.4646
  12.246  156.027       1.6586
  12.246  158.277       1.7859
  12.246  160.526       1.4169
  12.246  162.776       1.4646
  12.246  165.026       1.4646
  12.246  167.276       1.6144
  12.246  169.526       1.3316
  12.246  171.775       1.2340
  12.246  174.025       1.4987
  12.246  176.275       1.7582
  12.246  178.525       2.0718
  12.246  180.774       2.4409
  12.246  183.024       1.7317
  12.246  185.274       1.4814
  12.246  187.524       1.7859
  12.246  189.774       1.6144
  12.246  192.023       1.7859
  12.246  194.273       1.7582
  12.246  196.523       1.4324
  12.246  198.773       1.4018
  12.246  201.022       1.6586
  12.246  203.272       2.1196
  12.246  205.522       1.9481
  12.246  207.772       1.8150
  12.246  210.022       1.8150
  12.246  212.271       2.1196
  12.246  214.521       1.9119
  12.246  216.771       2.1714
  12.246  219.021       1.8778
  12.246  221.271       2.1196
  12.246  223.520       1.9119
  12.246  225.770       2.0277
  12.246  228.020       1.5935
  12.246  230.270       2.1714
  12.246  232.519       2.9460
  12.246  234.769       4.0142
  12.246  237.019       4.0142
  12.246  239.269       4.0142
  12.246  241.519       4.0142
  12.246  243.768       4.0142
  12.246  246.018       4.0142
  12.246  248.268       4.0142
  12.246  250.518       4.0142
  12.246  252.767       4.0142
  12.246  255.017       4.0142
  15.155   32.289       4.0142
  15.155   34.539       4.0142
  15.155   36.789       3.1877
  15.155   39.038       3.1877
  15.155   41.288       2.3613
  15.155   43.538       3.1877
  15.155   45.788       3.1877
  15.155   48.037       2.3613
  15.155   50.287       1.8456
  15.155   52.537       1.9119
  15.155   54.787       1.9865
  15.155   57.037       2.3613
  15.155   59.286       1.8778
  15.155   61.536       1.7317
  15.155   63.786       1.5935
  15.155   66.036       1.5165
  15.155   68.285       1.7859
  15.155   70.535       1.8778
  15.155   72.785       1.4324
  15.155   75.035       1.6361
  15.155   77.285       1.7317
  15.155   79.534       1.7859
  15.155   81.784       2.2283
  15.155   84.034       2.4409
  15.155   86.284       2.5328
  15.155   88.534       3.6010
  15.155   90.783       4.0142
  15.155   93.033       4.0142
  15.155   95.283       4.0142
  15.155   97.533       4.0142
  15.155   99.782       4.0142
  15.155  102.032       4.0142
  15.155  104.282       3.6010
  15.155  106.532       4.0142
  15.155  108.782       2.9460
  15.155  111.031       2.9460
  15.155  113.281       2.7745
  15.155  115.531       2.7745
  15.155  117.781       2.0718
  15.155  120.030       1.9481
  15.155  122.280       2.7745
  15.155  124.530       1.9865
  15.155  126.780       1.7582
  15.155  129.030       1.4646
  15.155  131.279       1.5935
  15.155  133.529       1.5348
  15.155  135.779       1.6144
  15.155  138.029       1.6144
  15.155  140.278       1.8456
  15.155  142.528       1.6586
  15.155  144.778       1.5733
  15.155  147.028       1.6361
  15.155  149.278       1.7317
  15.155  151.527       1.7063
  15.155  153.777       1.5538
  15.155  156.027       1.6144
  15.155  158.277       1.3871
  15.155  160.526       0.9886
  15.155  162.776       0.9666
  15.155  165.026       0.8379
  15.155  167.276       0.8615
  15.155  169.526       1.1405
  15.155  171.775       1.1216
  15.155  174.025       1.5165
  15.155  176.275       1.6361
  15.155  178.525       2.0277
  15.155  180.774       1.8456
  15.155  183.024       1.8150
  15.155  185.274       1.7063
  15.155  187.524       2.0277
  15.155  189.774       2.2911
  15.155  192.023       2.0718
  15.155  194.273       1.8778
  15.155  196.523       1.3316
  15.155  198.773       1.1701
  15.155  201.022       1.4483
  15.155  203.272       1.6586
  15.155  205.522       1.9119
  15.155  207.772       2.7745
  15.155  210.022       2.0277
  15.155  212.271       2.6415
  15.155  214.521       2.6415
  15.155  216.771       2.4409
  15.155  219.021       2.2911
  15.155  221.271       2.7745
  15.155  223.520       3.6010
  15.155  225.770       2.7745
  15.155  228.020       2.2283
  15.155  230.270       2.4409
  15.155  232.519       4.0142
  15.155  234.769       4.0142
  15.155  237.019       4.0142
  15.155  239.269       4.0142
  15.155  241.519       4.0142
  15.155  243.768       4.0142
  15.155  246.018       4.0142
  15.155  248.268       4.0142
  15.155  250.518       4.0142
  15.155  252.767       4.0142
  15.155  255.017       4.0142
  18.063   32.289       4.0142
  18.063   34.539       4.0142
  18.063   36.789       3.1877
  18.063   39.038       3.6010
  18.063   41.288       2.4409
  18.063   43.538       3.6010
  18.063   45.788       3.1877
  18.063   48.037       2.5328
  18.063   50.287       2.2283
  18.063   52.537       2.2283
  18.063   54.787       2.7745
  18.063   57.037       2.7745
  18.063   59.286       2.2283
  18.063   61.536       1.8778
  18.063   63.786       1.4483
  18.063   66.036       1.4814
  18.063   68.285       1.7317
  18.063   70.535       1.6586
  18.063   72.785       1.3871
  18.063   75.035       1.3057
  18.063   77.285       1.6586
  18.063   79.534       1.5348
  18.063   81.784       2.0718
  18.063   84.034       1.9865
  18.063   86.284       2.5328
  18.063   88.534       4.0142
  18.063   90.783       4.0142
  18.063   93.033       4.0142
  18.063   95.283       4.0142
  18.063   97.533       4.0142
  18.063   99.782       4.0142
  18.063  102.032       4.0142
  18.063  104.282       4.0142
  18.063  106.532       4.0142
  18.063  108.782       3.6010
  18.063  111.031       3.1877
  18.063  113.281       3.1877
  18.063  115.531       3.1877
  18.063  117.781       2.3613
  18.063  120.030       2.2283
  18.063  122.280       2.3613
  18.063  124.530       2.1196
  18.063  126.780       1.5348
  18.063  129.030       1.3057
  18.063  131.279       1.5348
  18.063  133.529       1.4987
  18.063  135.779       1.3450
  18.063  138.029       1.5348
  18.063  140.278       1.4987
  18.063  142.528       1.3587
  18.063  144.778       1.5935
  18.063  147.028       1.7317
  18.063  149.278       1.3727
  18.063  151.527       1.6361
  18.063  153.777       1.2808
  18.063  156.027       1.2808
  18.063  158.277       1.2931
  18.063  160.526       1.0682
  18.063  162.776       1.0855
  18.063  165.026       0.9595
  18.063  167.276       0.8676
  18.063  169.526       0.9886
  18.063  171.775       1.1803
  18.063  174.025       1.4018
  18.063  176.275       1.8778
  18.063  178.525       1.7582
  18.063  180.774       1.8456
  18.063  183.024       1.5935
  18.063  185.274       1.7317
  18.063  187.524       2.4409
  18.063  189.774       2.1196
  18.063  192.023       1.9119
  18.063  194.273       1.3871
  18.063  196.523       1.1310
  18.063  198.773       1.5348
  18.063  201.022       1.9865
  18.063  203.272       1.3727
  18.063  205.522       1.5538
  18.063  207.772       2.2283
  18.063  210.022       1.9481
  18.063  212.271       2.1714
  18.063  214.521       2.0277
  18.063  216.771       2.6415
  18.063  219.021       4.0142
  18.063  221.271       4.0142
  18.063  223.520       4.0142
  18.063  225.770       4.0142
  18.063  228.020       4.0142
  18.063  230.270       4.0142
  18.063  232.519       4.0142
  18.063  234.769       4.0142
  18.063  237.019       4.0142
  18.063  239.269       4.0142
  18.063  241.519       4.0142
  18.063  243.768       4.0142
  18.063  246.018       4.0142
  18.063  248.268       4.0142
  18.063  250.518       4.0142
  18.063  252.767       4.0142
  18.063  255.017       4.0142
  20.971   32.289       3.6010
  20.971   34.539       3.1877
  20.971   36.789       3.6010
  20.971   39.038       2.3613
  20.971   41.288       4.0142
  20.971   43.538       4.0142
  20.971   45.788       4.0142
  20.971   48.037       3.6010
  20.971   50.287       2.6415
  20.971   52.537       2.1196
  20.971   54.787       2.4409
  20.971   57.037       3.6010
  20.971   59.286       3.1877
  20.971   61.536       2.6415
  20.971   63.786       1.5935
  20.971   66.036       2.1196
  20.971   68.285       2.2911
  20.971   70.535       2.0718
  20.971   72.785       1.9481
  20.971   75.035       1.7859
  20.971   77.285       1.8778
  20.971   79.534       1.7063
  20.971   81.784       1.9865
  20.971   84.034       2.0277
  20.971   86.284       2.9460
  20.971   88.534       3.6010
  20.971   90.783       4.0142
  20.971   93.033       4.0142
  20.971   95.283       4.0142
  20.971   97.533       4.0142
  20.971   99.782       4.0142
  20.971  102.032       4.0142
  20.971  104.282       4.0142
  20.971  106.532       4.0142
  20.971  108.782       4.0142
  20.971  111.031       2.7745
  20.971  113.281       2.9460
  20.971  115.531       3.6010
  20.971  117.781       3.6010
  20.971  120.030       2.2911
  20.971  122.280       1.8778
  20.971  124.530       1.8456
  20.971  126.780       1.3450
  20.971  129.030       1.3316
  20.971  131.279       1.3185
  20.971  133.529       1.5733
  20.971  135.779       1.4483
  20.971  138.029       1.4324
  20.971  140.278       1.3450
  20.971  142.528       1.4169
  20.971  144.778       1.6820
  20.971  147.028       1.5733
  20.971  149.278       1.2688
  20.971  151.527       1.3185
  20.971  153.777       1.4483
  20.971  156.027       1.2340
  20.971  158.277       1.2012
  20.971  160.526       1.1803
  20.971  162.776       1.0597
  20.971  165.026       0.9184
  20.971  167.276       0.9595
  20.971  169.526       0.9250
  20.971  171.775       1.2229
  20.971  174.025       1.8456
  20.971  176.275       1.7063
  20.971  178.525       1.5733
  20.971  180.774       1.5348
  20.971  183.024       1.3727
  20.971  185.274       1.5165
  20.971  187.524       2.1196
  20.971  189.774       1.7582
  20.971  192.023       1.4987
  20.971  194.273       1.0682
  20.971  196.523       1.0855
  20.971  198.773       1.4987
  20.971  201.022       1.7063
  20.971  203.272       1.5348
  20.971  205.522       1.5733
  20.971  207.772       2.0718
  20.971  210.022       2.1714
  20.971  212.271       1.8456
  20.971  214.521       1.8150
  20.971  216.771       2.0277
  20.971  219.021       3.6010
  20.971  221.271       4.0142
  20.971  223.520       4.0142
  20.971  225.770       4.0142
  20.971  228.020       4.0142
  20.971  230.270       4.0142
  20.971  232.519       4.0142
  20.971  234.769       4.0142
  20.971  237.019       4.0142
  20.971  239.269       4.0142
  20.971  241.519       4.0142
  20.971  243.768       4.0142
  20.971  246.018       4.0142
  20.971  248.268       4.0142
  20.971  250.518       4.0142
  20.971  252.767       4.0142
  20.971  255.017       4.0142
  23.880   32.289       4.0142
  23.880   34.539       2.9460
  23.880   36.789       4.0142
  23.880   39.038       4.0142
  23.880   41.288       4.0142
  23.880   43.538       4.0142
  23.880   45.788       4.0142
  23.880   48.037       2.7745
  23.880   50.287       2.7745
  23.880   52.537       2.2911
  23.880   54.787       2.0718
  23.880   57.037       2.0277
  23.880   59.286       2.5328
  23.880   61.536       1.9481
  23.880   63.786       2.3613
  23.880   66.036       2.2911
  23.880   68.285       2.3613
  23.880   70.535       2.9460
  23.880   72.785       2.1714
  23.880   75.035       2.0718
  23.880   77.285       1.6586
  23.880   79.534       1.7582
  23.880   81.784       1.7859
  23.880   84.034       1.9865
  23.880   86.284       2.3613
  23.880   88.534       3.1877
  23.880   90.783       3.6010
  23.880   93.033       4.0142
  23.880   95.283       4.0142
  23.880   97.533       4.0142
  23.880   99.782       4.0142
  23.880  102.032       4.0142
  23.880  104.282       4.0142
  23.880  106.532       4.0142
  23.880  108.782       2.9460
  23.880  111.031       2.3613
  23.880  113.281       2.3613
  23.880  115.531       2.5328
  23.880  117.781       2.9460
  23.880  120.030       1.9865
  23.880  122.280       1.9119
  23.880  124.530       1.5165
  23.880  126.780       1.5538
  23.880  129.030       1.2688
  23.880  131.279       1.5348
  23.880  133.529       1.5935
  23.880  135.779       1.7063
  23.880  138.029       1.4483
  23.880  140.278       1.3727
  23.880  142.528       1.3587
  23.880  144.778       1.7063
  23.880  147.028       1.4646
  23.880  149.278       1.3450
  23.880  151.527       1.7859
  23.880  153.777       1.6144
  23.880  156.027       1.2688
  23.880  158.277       1.1502
  23.880  160.526       1.1907
  23.880  162.776       1.2570
  23.880  165.026       1.1701
  23.880  167.276       1.1601
  23.880  169.526       1.1502
  23.880  171.775       1.4324
  23.880  174.025       1.8778
  23.880  176.275       1.7317
  23.880  178.525       1.5538
  23.880  180.774       1.4324
  23.880  183.024       1.7859
  23.880  185.274       2.1714
  23.880  187.524       1.8778
  23.880  189.774       1.7859
  23.880  192.023       1.4324
  23.880  194.273       1.1216
  23.880  196.523       1.2688
  23.880  198.773       1.5733
  23.880  201.022       1.4987
  23.880  203.272       1.3057
  23.880  205.522       1.5348
  23.880  207.772       1.9481
  23.880  210.022       1.7582
  23.880  212.271       1.7317
  23.880  214.521       1.9481
  23.880  216.771       1.9865
  23.880  219.021       4.0142
  23.880  221.271       4.0142
  23.880  223.520       4.0142
  23.880  225.770       4.0142
  23.880  228.020       4.0142
  23.880  230.270       4.0142
  23.880  232.519       4.0142
  23.880  234.769       4.0142
  23.880  237.019       4.0142
  23.880  239.269       4.0142
  23.880  241.519       4.0142
  23.880  243.768       4.0142
  23.880  246.018       4.0142
  23.880  248.268       4.0142
  23.880  250.518       4.0142
  23.880  252.767       4.0142
  23.880  255.017       4.0142
  26.788   32.289       4.0142
  26.788   34.539       3.6010
  26.788   36.789       3.1877
  26.788   39.038       3.6010
  26.788   41.288       2.9460
  26.788   43.538       2.9460
  26.788   45.788       3.1877
  26.788   48.037       2.9460
  26.788   50.287       4.0142
  26.788   52.537       3.1877
  26.788   54.787       2.6415
  26.788   57.037       2.2911
  26.788   59.286       2.3613
  26.788   61.536       2.9460
  26.788   63.786       2.4409
  26.788   66.036       2.7745
  26.788   68.285       3.6010
  26.788   70.535       3.6010
  26.788   72.785       4.0142
  26.788   75.035       2.3613
  26.788   77.285       1.9481
  26.788   79.534       2.0718
  26.788   81.784       2.0718
  26.788   84.034       1.8778
  26.788   86.284       2.2911
  26.788   88.534       3.6010
  26.788   90.783       4.0142
  26.788   93.033       4.0142
  26.788   95.283       4.0142
  26.788   97.533       4.0142
  26.788   99.782       4.0142
  26.788  102.032       4.0142
  26.788  104.282       4.0142
  26.788  106.532       4.0142
  26.788  108.782       3.1877
  26.788  111.031       2.5328
  26.788  113.281       2.1196
  26.788  115.531       1.8778
  26.788  117.781       2.2911
  26.788  120.030       2.0277
  26.788  122.280       2.0718
  26.788  124.530       1.5538
  26.788  126.780       1.4483
  26.788  129.030       1.3316
  26.788  131.279       1.3587
  26.788  133.529       1.5348
  26.788  135.779       2.0277
  26.788  138.029       1.5165
  26.788  140.278       1.7859
  26.788  142.528       1.4169
  26.788  144.778       1.3727
  26.788  147.028       1.7317
  26.788  149.278       1.7859
  26.788  151.527       1.8150
  26.788  153.777       1.8456
  26.788  156.027       1.3057
  26.788  158.277       1.2340
  26.788  160.526       1.1310
  26.788  162.776       1.1310
  26.788  165.026       1.2454
  26.788  167.276       1.4169
  26.788  169.526       1.3316
  26.788  171.775       1.6586
  26.788  174.025       1.4814
  26.788  176.275       1.6586
  26.788  178.525       1.9481
  26.788  180.774       1.6586
  26.788  183.024       1.8456
  26.788  185.274       1.6361
  26.788  187.524       1.8778
  26.788  189.774       1.4018
  26.788  192.023       1.3587
  26.788  194.273       1.3057
  26.788  196.523       1.3871
  26.788  198.773       1.6586
  26.788  201.022       1.8150
  26.788  203.272       1.5935
  26.788  205.522       1.6361
  26.788  207.772       2.0277
  26.788  210.022       1.6820
  26.788  212.271       1.9119
  26.788  214.521       2.2283
  26.788  216.771       2.4409
  26.788  219.021       3.6010
  26.788  221.271       4.0142
  26.788  223.520       4.0142
  26.788  225.770       4.0142
  26.788  228.020       4.0142
  26.788  230.270       4.0142
  26.788  232.519       4.0142
  26.788  234.769       4.0142
  26.788  237.019       4.0142
  26.788  239.269       4.0142
  26.788  241.519       4.0142
  26.788  243.768       4.0142
  26.788  246.018       4.0142
  26.788  248.268       4.0142
  26.788  250.518       4.0142
  26.788  252.767       4.0142
  26.788  255.017       4.0142
  29.696   32.289       2.6415
  29.696   34.539       2.9460
  29.696   36.789       2.7745
  29.696   39.038       2.4409
  29.696   41.288       2.4409
  29.696   43.538       2.0718
  29.696   45.788       1.8150
  29.696   48.037       2.0718
  29.696   50.287       2.7745
  29.696   52.537       3.6010
  29.696   54.787       3.6010
  29.696   57.037       2.9460
  29.696   59.286       2.0718
  29.696   61.536       2.4409
  29.696   63.786       2.5328
  29.696   66.036       3.6010
  29.696   68.285       4.0142
  29.696   70.535       4.0142
  29.696   72.785       4.0142
  29.696   75.035       4.0142
  29.696   77.285       2.7745
  29.696   79.534       2.2283
  29.696   81.784       2.3613
  29.696   84.034       2.2283
  29.696   86.284       2.4409
  29.696   88.534       4.0142
  29.696   90.783       4.0142
  29.696   93.033       4.0142
  29.696   95.283       4.0142
  29.696   97.533       4.0142
  29.696   99.782       4.0142
  29.696  102.032       4.0142
  29.696  104.282       4.0142
  29.696  106.532       4.0142
  29.696  108.782       3.6010
  29.696  111.031       3.6010
  29.696  113.281       2.3613
  29.696  115.531       2.4409
  29.696  117.781       2.2283
  29.696  120.030       2.1196
  29.696  122.280       1.8456
  29.696  124.530       1.4987
  29.696  126.780       1.3587
  29.696  129.030       1.5935
  29.696  131.279       1.5348
  29.696  133.529       1.8456
  29.696  135.779       1.7582
  29.696  138.029       2.0277
  29.696  140.278       2.1196
  29.696  142.528       1.6586
  29.696  144.778       1.8778
  29.696  147.028       2.6415
  29.696  149.278       2.6415
  29.696  151.527       2.3613
  29.696  153.777       2.0277
  29.696  156.027       1.6820
  29.696  158.277       1.4324
  29.696  160.526       1.2808
  29.696  162.776       1.6820
  29.696  165.026       1.1907
  29.696  167.276       1.3450
  29.696  169.526       1.2229
  29.696  171.775       1.4646
  29.696  174.025       1.5733
  29.696  176.275       1.4324
  29.696  178.525       1.4814
  29.696  180.774       1.5348
  29.696  183.024       1.5935
  29.696  185.274       1.5165
  29.696  187.524       1.3871
  29.696  189.774       1.0270
  29.696  192.023       0.8496
  29.696  194.273       1.0037
  29.696  196.523       1.4169
  29.696  198.773       1.7582
  29.696  201.022       1.9119
  29.696  203.272       1.8456
  29.696  205.522       2.7745
  29.696  207.772       2.6415
  29.696  210.022       2.3613
  29.696  212.271       1.8150
  29.696  214.521       2.0277
  29.696  216.771       2.6415
  29.696  219.021       4.0142
  29.696  221.271       4.0142
  29.696  223.520       4.0142
  29.696  225.770       4.0142
  29.696  228.020       4.0142
  29.696  230.270       4.0142
  29.696  232.519       4.0142
  29.696  234.769       4.0142
  29.696  237.019       4.0142
  29.696  239.269       4.0142
  29.696  241.519       4.0142
  29.696  243.768       4.0142
  29.696  246.018       4.0142
  29.696  248.268       4.0142
  29.696  250.518       4.0142
  29.696  252.767       4.0142
  29.696  255.017       4.0142
  32.605   32.289       2.2911
  32.605   34.539       2.2283
  32.605   36.789       1.8150
  32.605   39.038       2.2283
  32.605   41.288       2.1196
  32.605   43.538       2.2283
  32.605   45.788       1.9481
  32.605   48.037       1.9119
  32.605   50.287       1.8778
  32.605   52.537       2.3613
  32.605   54.787       3.1877
  32.605   57.037       3.1877
  32.605   59.286       3.1877
  32.605   61.536       3.6010
  32.605   63.786       3.1877
  32.605   66.036       4.0142
  32.605   68.285       4.0142
  32.605   70.535       4.0142
  32.605   72.785       4.0142
  32.605   75.035       4.0142
  32.605   77.285       4.0142
  32.605   79.534       4.0142
  32.605   81.784       3.6010
  32.605   84.034       2.5328
  32.605   86.284       2.2911
  32.605   88.534       2.7745
  32.605   90.783       4.0142
  32.605   93.033       4.0142
  32.605   95.283       4.0142
  32.605   97.533       4.0142
  32.605   99.782       4.0142
  32.605  102.032       4.0142
  32.605  104.282       4.0142
  32.605  106.532       4.0142
  32.605  108.782       4.0142
  32.605  111.031       3.6010
  32.605  113.281       2.9460
  32.605  115.531       3.1877
  32.605  117.781       2.1196
  32.605  120.030       1.9865
  32.605  122.280       1.5733
  32.605  124.530       1.4324
  32.605  126.780       1.8150
  32.605  129.030       1.8778
  32.605  131.279       1.7582
  32.605  133.529       1.8456
  32.605  135.779       2.3613
  32.605  138.029       2.3613
  32.605  140.278       2.2283
  32.605  142.528       1.5165
  32.605  144.778       1.5348
  32.605  147.028       2.1196
  32.605  149.278       2.6415
  32.605  151.527       4.0142
  32.605  153.777       3.1877
  32.605  156.027       2.1196
  32.605  158.277       1.6361
  32.605  160.526       1.5165
  32.605  162.776       1.4814
  32.605  165.026       1.4483
  32.605  167.276       1.2931
  32.605  169.526       1.2454
  32.605  171.775       1.2931
  32.605  174.025       1.2119
  32.605  176.275       1.3057
  32.605  178.525       1.4018
  32.605  180.774       1.2229
  32.605  183.024       1.3587
  32.605  185.274       1.1310
  32.605  187.524       0.8555
  32.605  189.774       0.7130
  32.605  192.023       0.7569
  32.605  194.273       0.8322
  32.605  196.523       1.1216
  32.605  198.773       1.3450
  32.605  201.022       1.5935
  32.605  203.272       1.9481
  32.605  205.522       2.1714
  32.605  207.772       2.2911
  32.605  210.022       2.1196
  32.605  212.271       2.1196
  32.605  214.521       2.9460
  32.605  216.771       4.0142
  32.605  219.021       4.0142
  32.605  221.271       4.0142
  32.605  223.520       4.0142
  32.605  225.770       4.0142
  32.605  228.020       4.0142
  32.605  230.270       4.0142
  32.605  232.519       4.0142
  32.605  234.769       4.0142
  32.605  237.019       4.0142
  32.605  239.269       4.0142
  32.605  241.519       4.0142
  32.605  243.768       4.0142
  32.605  246.018       4.0142
  32.605  248.268       4.0142
  32.605  250.518       4.0142
  32.605  252.767       4.0142
  32.605  255.017       4.0142
  35.513   32.289       2.7745
  35.513   34.539       2.2283
  35.513   36.789       2.1714
  35.513   39.038       1.8456
  35.513   41.288       1.7859
  35.513   43.538       2.1196
  35.513   45.788       1.5935
  35.513   48.037       1.6820
  35.513   50.287       1.8778
  35.513   52.537       1.9481
  35.513   54.787       2.2283
  35.513   57.037       2.9460
  35.513   59.286       4.0142
  35.513   61.536       4.0142
  35.513   63.786       4.0142
  35.513   66.036       4.0142
  35.513   68.285       4.0142
  35.513   70.535       4.0142
  35.513   72.785       4.0142
  35.513   75.035       4.0142
  35.513   77.285       4.0142
  35.513   79.534       4.0142
  35.513   81.784       3.1877
  35.513   84.034       2.4409
  35.513   86.284       2.4409
  35.513   88.534       2.9460
  35.513   90.783       4.0142
  35.513   93.033       4.0142
  35.513   95.283       4.0142
  35.513   97.533       4.0142
  35.513   99.782       4.0142
  35.513  102.032       4.0142
  35.513  104.282       4.0142
  35.513  106.532       4.0142
  35.513  108.782       4.0142
  35.513  111.031       4.0142
  35.513  113.281       3.6010
  35.513  115.531       4.0142
  35.513  117.781       3.1877
  35.513  120.030       3.1877
  35.513  122.280       2.3613
  35.513  124.530       1.7582
  35.513  126.780       1.9119
  35.513  129.030       2.0277
  35.513  131.279       2.2283
  35.513  133.529       2.0277
  35.513  135.779       2.1714
  35.513  138.029       2.0277
  35.513  140.278       1.7582
  35.513  142.528       1.5935
  35.513  144.778       1.5348
  35.513  147.028       1.8456
  35.513  149.278       2.6415
  35.513  151.527       2.5328
  35.513  153.777       2.2283
  35.513  156.027       1.7859
  35.513  158.277       1.8778
  35.513  160.526       1.5935
  35.513  162.776       1.4324
  35.513  165.026       1.5348
  35.513  167.276       1.5165
  35.513  169.526       1.1803
  35.513  171.775       1.4987
  35.513  174.025       1.7063
  35.513  176.275       1.6820
  35.513  178.525       1.5165
  35.513  180.774       1.4018
  35.513  183.024       1.2931
  35.513  185.274       1.1033
  35.513  187.524       1.0114
  35.513  189.774       0.7774
  35.513  192.023       0.8097
  35.513  194.273       0.7880
  35.513  196.523       0.9318
  35.513  198.773       1.1405
  35.513  201.022       1.7063
  35.513  203.272       2.1714
  35.513  205.522       2.5328
  35.513  207.772       1.8456
  35.513  210.022       2.0718
  35.513  212.271       4.0142
  35.513  214.521       3.6010
  35.513  216.771       4.0142
  35.513  219.021       4.0142
  35.513  221.271       4.0142
  35.513  223.520       4.0142
  35.513  225.770       4.0142
  35.513  228.020       4.0142
  35.513  230.270       4.0142
  35.513  232.519       4.0142
  35.513  234.769       4.0142
  35.513  237.019       4.0142
  35.513  239.269       4.0142
  35.513  241.519       4.0142
  35.513  243.768       4.0142
  35.513  246.018       4.0142
  35.513  248.268       4.0142
  35.513  250.518       4.0142
  35.513  252.767       4.0142
  35.513  255.017       4.0142
  38.421   32.289       4.0142
  38.421   34.539       2.4409
  38.421   36.789       2.5328
  38.421   39.038       2.7745
  38.421   41.288       1.9865
  38.421   43.538       1.9865
  38.421   45.788       1.6144
  38.421   48.037       1.6361
  38.421   50.287       1.9119
  38.421   52.537       1.7582
  38.421   54.787       1.9865
  38.421   57.037       2.9460
  38.421   59.286       4.0142
  38.421   61.536       4.0142
  38.421   63.786       4.0142
  38.421   66.036       4.0142
  38.421   68.285       4.0142
  38.421   70.535       4.0142
  38.421   72.785       4.0142
  38.421   75.035       4.0142
  38.421   77.285       4.0142
  38.421   79.534       4.0142
  38.421   81.784       4.0142
  38.421   84.034       3.1877
  38.421   86.284       2.5328
  38.421   88.534       2.6415
  38.421   90.783       3.6010
  38.421   93.033       3.6010
  38.421   95.283       3.6010
  38.421   97.533       4.0142
  38.421   99.782       2.9460
  38.421  102.032       4.0142
  38.421  104.282       4.0142
  38.421  106.532       4.0142
  38.421  108.782       4.0142
  38.421  111.031       4.0142
  38.421  113.281       3.6010
  38.421  115.531       2.9460
  38.421  117.781       3.6010
  38.421  120.030       3.6010
  38.421  122.280       2.9460
  38.421  124.530       2.5328
  38.421  126.780       2.0718
  38.421  129.030       2.0277
  38.421  131.279       2.2911
  38.421  133.529       3.1877
  38.421  135.779       2.6415
  38.421  138.029       1.8456
  38.421  140.278       1.5348
  38.421  142.528       1.2688
  38.421  144.778       1.3871
  38.421  147.028       1.4987
  38.421  149.278       1.6820
  38.421  151.527       1.7063
  38.421  153.777       2.1196
  38.421  156.027       1.7582
  38.421  158.277       2.2283
  38.421  160.526       2.0718
  38.421  162.776       2.0718
  38.421  165.026       2.2911
  38.421  167.276       1.6586
  38.421  169.526       1.5733
  38.421  171.775       1.6361
  38.421  174.025       1.6820
  38.421  176.275       1.6361
  38.421  178.525       1.2931
  38.421  180.774       1.2454
  38.421  183.024       1.0943
  38.421  185.274       0.8097
  38.421  187.524       0.8615
  38.421  189.774       0.7518
  38.421  192.023       1.0350
  38.421  194.273       0.8555
  38.421  196.523       1.2012
  38.421  198.773       1.4814
  38.421  201.022       1.7859
  38.421  203.272       2.4409
  38.421  205.522       2.4409
  38.421  207.772       2.9460
  38.421  210.022       3.1877
  38.421  212.271       4.0142
  38.421  214.521       4.0142
  38.421  216.771       4.0142
  38.421  219.021       4.0142
  38.421  221.271       4.0142
  38.421  223.520       4.0142
  38.421  225.770       4.0142
  38.421  228.020       4.0142
  38.421  230.270       4.0142
  38.421  232.519       4.0142
  38.421  234.769       4.0142
  38.421  237.019       4.0142
  38.421  239.269       4.0142
  38.421  241.519       4.0142
  38.421  243.768       4.0142
  38.421  246.018       4.0142
  38.421  248.268       4.0142
  38.421  250.518       4.0142
  38.421  252.767       4.0142
  38.421  255.017       4.0142
  41.330   32.289       2.7745
  41.330   34.539       2.5328
  41.330   36.789       2.6415
  41.330   39.038       2.1714
  41.330   41.288       1.9481
  41.330   43.538       1.9865
  41.330   45.788       1.9481
  41.330   48.037       1.9481
  41.330   50.287       1.7317
  41.330   52.537       1.6586
  41.330   54.787       2.0277
  41.330   57.037       2.4409
  41.330   59.286       4.0142
  41.330   61.536       3.6010
  41.330   63.786       4.0142
  41.330   66.036       4.0142
  41.330   68.285       4.0142
  41.330   70.535       4.0142
  41.330   72.785       4.0142
  41.330   75.035       4.0142
  41.330   77.285       4.0142
  41.330   79.534       4.0142
  41.330   81.784       4.0142
  41.330   84.034       4.0142
  41.330   86.284       4.0142
  41.330   88.534       2.7745
  41.330   90.783       2.2911
  41.330   93.033       2.2911
  41.330   95.283       2.1714
  41.330   97.533       4.0142
  41.330   99.782       2.6415
  41.330  102.032       2.6415
  41.330  104.282       3.6010
  41.330  106.532       2.9460
  41.330  108.782       4.0142
  41.330  111.031       4.0142
  41.330  113.281       2.7745
  41.330  115.531       2.5328
  41.330  117.781       2.4409
  41.330  120.030       3.1877
  41.330  122.280       4.0142
  41.330  124.530       2.7745
  41.330  126.780       2.3613
  41.330  129.030       2.1714
  41.330  131.279       2.5328
  41.330  133.529       4.0142
  41.330  135.779       3.1877
  41.330  138.029       1.9481
  41.330  140.278       1.6144
  41.330  142.528       1.5538
  41.330  144.778       1.6361
  41.330  147.028       1.6586
  41.330  149.278       1.5733
  41.330  151.527       1.4646
  41.330  153.777       2.0277
  41.330  156.027       2.0277
  41.330  158.277       2.9460
  41.330  160.526       3.1877
  41.330  162.776       3.1877
  41.330  165.026       2.6415
  41.330  167.276       2.2911
  41.330  169.526       1.7859
  41.330  171.775       1.6144
  41.330  174.025       1.9119
  41.330  176.275       1.5538
  41.330  178.525       1.2119
  41.330  180.774       1.0768
  41.330  183.024       0.9524
  41.330  185.274       0.8861
  41.330  187.524       0.5981
  41.330  189.774       0.6550
  41.330  192.023       1.1601
  41.330  194.273       1.0768
  41.330  196.523       1.2340
  41.330  198.773       1.9119
  41.330  201.022       2.1196
  41.330  203.272       2.6415
  41.330  205.522       2.2911
  41.330  207.772       3.6010
  41.330  210.022       3.6010
  41.330  212.271       4.0142
  41.330  214.521       4.0142
  41.330  216.771       4.0142
  41.330  219.021       4.0142
  41.330  221.271       4.0142
  41.330  223.520       4.0142
  41.330  225.770       4.0142
  41.330  228.020       4.0142
  41.330  230.270       4.0142
  41.330  232.519       4.0142
  41.330  234.769       4.0142
  41.330  237.019       4.0142
  41.330  239.269       4.0142
  41.330  241.519       4.0142
  41.330  243.768       4.0142
  41.330  246.018       4.0142
  41.330  248.268       4.0142
  41.330  250.518       4.0142
  41.330  252.767       4.0142
  41.330  255.017       4.0142
  44.238   32.289       2.1714
  44.238   34.539       2.0718
  44.238   36.789       2.9460
  44.238   39.038       2.3613
  44.238   41.288       2.0277
  44.238   43.538       2.0718
  44.238   45.788       2.3613
  44.238   48.037       2.0718
  44.238   50.287       2.3613
  44.238   52.537       1.9865
  44.238   54.787       2.5328
  44.238   57.037       3.1877
  44.238   59.286       4.0142
  44.238   61.536       4.0142
  44.238   63.786       4.0142
  44.238   66.036       4.0142
  44.238   68.285       4.0142
  44.238   70.535       4.0142
  44.238   72.785       4.0142
  44.238   75.035       4.0142
  44.238   77.285       4.0142
  44.238   79.534       4.0142
  44.238   81.784       4.0142
  44.238   84.034       4.0142
  44.238   86.284       4.0142
  44.238   88.534       4.0142
  44.238   90.783       2.6415
  44.238   93.033       3.1877
  44.238   95.283       2.5328
  44.238   97.533       3.1877
  44.238   99.782       3.6010
  44.238  102.032       2.5328
  44.238  104.282       2.2911
  44.238  106.532       2.6415
  44.238  108.782       3.6010
  44.238  111.031       3.6010
  44.238  113.281       3.1877
  44.238  115.531       2.3613
  44.238  117.781       2.7745
  44.238  120.030       3.1877
  44.238  122.280       2.7745
  44.238  124.530       2.1196
  44.238  126.780       2.1714
  44.238  129.030       2.3613
  44.238  131.279       2.6415
  44.238  133.529       2.6415
  44.238  135.779       2.4409
  44.238  138.029       1.8456
  44.238  140.278       1.7859
  44.238  142.528       1.9865
  44.238  144.778       2.4409
  44.238  147.028       2.1714
  44.238  149.278       2.0277
  44.238  151.527       1.8456
  44.238  153.777       1.9481
  44.238  156.027       2.1714
  44.238  158.277       2.9460
  44.238  160.526       4.0142
  44.238  162.776       4.0142
  44.238  165.026       2.7745
  44.238  167.276       2.2283
  44.238  169.526       2.2911
  44.238  171.775       2.1196
  44.238  174.025       2.2283
  44.238  176.275       1.2340
  44.238  178.525       1.0682
  44.238  180.774       0.8265
  44.238  183.024       0.6946
  44.238  185.274       0.5791
  44.238  187.524       0.5118
  44.238  189.774       0.7178
  44.238  192.023       1.0350
  44.238  194.273       1.3450
  44.238  196.523       1.8150
  44.238  198.773       2.1714
  44.238  201.022       3.6010
  44.238  203.272       3.1877
  44.238  205.522       4.0142
  44.238  207.772       4.0142
  44.238  210.022       4.0142
  44.238  212.271       4.0142
  44.238  214.521       4.0142
  44.238  216.771       4.0142
  44.238  219.021       4.0142
  44.238  221.271       4.0142
  44.238  223.520       4.0142
  44.238  225.770       4.0142
  44.238  228.020       4.0142
  44.238  230.270       4.0142
  44.238  232.519       4.0142
  44.238  234.769       4.0142
  44.238  237.019       4.0142
  44.238  239.269       4.0142
  44.238  241.519       4.0142
  44.238  243.768       4.0142
  44.238  246.018       4.0142
  44.238  248.268       4.0142
  44.238  250.518       4.0142
  44.238  252.767       4.0142
  44.238  255.017       4.0142
  47.146   32.289       3.6010
  47.146   34.539       2.9460
  47.146   36.789       3.6010
  47.146   39.038       2.2911
  47.146   41.288       2.2911
  47.146   43.538       2.5328
  47.146   45.788       2.1196
  47.146   48.037       3.1877
  47.146   50.287       2.7745
  47.146   52.537       3.1877
  47.146   54.787       2.9460
  47.146   57.037       4.0142
  47.146   59.286       4.0142
  47.146   61.536       4.0142
  47.146   63.786       4.0142
  47.146   66.036       4.0142
  47.146   68.285       4.0142
  47.146   70.535       4.0142
  47.146   72.785       4.0142
  47.146   75.035       4.0142
  47.146   77.285       4.0142
  47.146   79.534       4.0142
  47.146   81.784       4.0142
  47.146   84.034       4.0142
  47.146   86.284       4.0142
  47.146   88.534       4.0142
  47.146   90.783       4.0142
  47.146   93.033       4.0142
  47.146   95.283       4.0142
  47.146   97.533       4.0142
  47.146   99.782       2.7745
  47.146  102.032       2.0718
  47.146  104.282       2.5328
  47.146  106.532       2.7745
  47.146  108.782       2.3613
  47.146  111.031       2.6415
  47.146  113.281       1.8778
  47.146  115.531       1.9481
  47.146  117.781       2.9460
  47.146  120.030       2.6415
  47.146  122.280       2.3613
  47.146  124.530       2.7745
  47.146  126.780       2.5328
  47.146  129.030       2.2283
  47.146  131.279       2.7745
  47.146  133.529       3.1877
  47.146  135.779       2.2283
  47.146  138.029       1.9481
  47.146  140.278       2.1196
  47.146  142.528       2.2283
  47.146  144.778       1.8150
  47.146  147.028       2.2911
  47.146  149.278       1.9481
  47.146  151.527       2.5328
  47.146  153.777       2.5328
  47.146  156.027       2.2911
  47.146  158.277       3.6010
  47.146  160.526       2.5328
  47.146  162.776       3.1877
  47.146  165.026       2.6415
  47.146  167.276       2.6415
  47.146  169.526       2.0718
  47.146  171.775       1.7582
  47.146  174.025       1.8778
  47.146  176.275       1.1803
  47.146  178.525       0.7370
  47.146  180.774       0.4729
  47.146  183.024       0.5253
  47.146  185.274       0.4104
  47.146  187.524       0.5570
  47.146  189.774       1.0114
  47.146  192.023       1.3316
  47.146  194.273       2.1714
  47.146  196.523       2.1714
  47.146  198.773       3.1877
  47.146  201.022       4.0142
  47.146  203.272       4.0142
  47.146  205.522       4.0142
  47.146  207.772       4.0142
  47.146  210.022       4.0142
  47.146  212.271       4.0142
  47.146  214.521       4.0142
  47.146  216.771       4.0142
  47.146  219.021       4.0142
  47.146  221.271       4.0142
  47.146  223.520       4.0142
  47.146  225.770       4.0142
  47.146  228.020       4.0142
  47.146  230.270       4.0142
  47.146  232.519       4.0142
  47.146  234.769       4.0142
  47.146  237.019       4.0142
  47.146  239.269       4.0142
  47.146  241.519       4.0142
  47.146  243.768       4.0142
  47.146  246.018       4.0142
  47.146  248.268       4.0142
  47.146  250.518       4.0142
  47.146  252.767       4.0142
  47.146  255.017       4.0142
  50.055   32.289       4.0142
  50.055   34.539       4.0142
  50.055   36.789       3.1877
  50.055   39.038       2.7745
  50.055   41.288       1.8778
  50.055   43.538       1.8778
  50.055   45.788       2.1196
  50.055   48.037       3.1877
  50.055   50.287       4.0142
  50.055   52.537       4.0142
  50.055   54.787       4.0142
  50.055   57.037       4.0142
  50.055   59.286       4.0142
  50.055   61.536       4.0142
  50.055   63.786       4.0142
  50.055   66.036       4.0142
  50.055   68.285       4.0142
  50.055   70.535       4.0142
  50.055   72.785       4.0142
  50.055   75.035       4.0142
  50.055   77.285       4.0142
  50.055   79.534       4.0142
  50.055   81.784       4.0142
  50.055   84.034       4.0142
  50.055   86.284       4.0142
  50.055   88.534       4.0142
  50.055   90.783       4.0142
  50.055   93.033       4.0142
  50.055   95.283       4.0142
  50.055   97.533       4.0142
  50.055   99.782       4.0142
  50.055  102.032       2.7745
  50.055  104.282       2.3613
  50.055  106.532       3.6010
  50.055  108.782       2.9460
  50.055  111.031       2.5328
  50.055  113.281       2.4409
  50.055  115.531       2.1714
  50.055  117.781       2.5328
  50.055  120.030       2.5328
  50.055  122.280       3.1877
  50.055  124.530       2.9460
  50.055  126.780       2.5328
  50.055  129.030       2.0718
  50.055  131.279       1.8778
  50.055  133.529       2.4409
  50.055  135.779       2.7745
  50.055  138.029       2.3613
  50.055  140.278       2.1196
  50.055  142.528       2.0718
  50.055  144.778       1.8150
  50.055  147.028       1.9481
  50.055  149.278       1.9865
  50.055  151.527       2.6415
  50.055  153.777       2.1714
  50.055  156.027       2.5328
  50.055  158.277       2.2283
  50.055  160.526       2.0277
  50.055  162.776       2.0718
  50.055  165.026       2.2283
  50.055  167.276       2.5328
  50.055  169.526       1.6820
  50.055  171.775       1.5538
  50.055  174.025       1.1216
  50.055  176.275       0.8379
  50.055  178.525       0.6507
  50.055  180.774       0.5753
  50.055  183.024       0.4792
  50.055  185.274       0.6340
  50.055  187.524       0.6855
  50.055  189.774       1.1601
  50.055  192.023       1.4169
  50.055  194.273       2.2283
  50.055  196.523       2.9460
  50.055  198.773       4.0142
  50.055  201.022       4.0142
  50.055  203.272       4.0142
  50.055  205.522       4.0142
  50.055  207.772       4.0142
  50.055  210.022       4.0142
  50.055  212.271       4.0142
  50.055  214.521       4.0142
  50.055  216.771       4.0142
  50.055  219.021       4.0142
  50.055  221.271       4.0142
  50.055  223.520       4.0142
  50.055  225.770       4.0142
  50.055  228.020       4.0142
  50.055  230.270       4.0142
  50.055  232.519       4.0142
  50.055  234.769       4.0142
  50.055  237.019       4.0142
  50.055  239.269       4.0142
  50.055  241.519       4.0142
  50.055  243.768       4.0142
  50.055  246.018       4.0142
  50.055  248.268       4.0142
  50.055  250.518       4.0142
  50.055  252.767       4.0142
  50.055  255.017       4.0142
  52.963   32.289       4.0142
  52.963   34.539       4.0142
  52.963   36.789       4.0142
  52.963   39.038       3.1877
  52.963   41.288       2.7745
  52.963   43.538       2.1714
  52.963   45.788       2.2911
  52.963   48.037       2.2911
  52.963   50.287       4.0142
  52.963   52.537       4.0142
  52.963   54.787       4.0142
  52.963   57.037       4.0142
  52.963   59.286       4.0142
  52.963   61.536       4.0142
  52.963   63.786       4.0142
  52.963   66.036       4.0142
  52.963   68.285       4.0142
  52.963   70.535       4.0142
  52.963   72.785       4.0142
  52.963   75.035       4.0142
  52.963   77.285       4.0142
  52.963   79.534       4.0142
  52.963   81.784       4.0142
  52.963   84.034       4.0142
  52.963   86.284       4.0142
  52.963   88.534       4.0142
  52.963   90.783       4.0142
  52.963   93.033       4.0142
  52.963   95.283       4.0142
  52.963   97.533       4.0142
  52.963   99.782       4.0142
  52.963  102.032       4.0142
  52.963  104.282       4.0142
  52.963  106.532       4.0142
  52.963  108.782       4.0142
  52.963  111.031       2.5328
  52.963  113.281       1.9865
  52.963  115.531       2.0718
  52.963  117.781       2.3613
  52.963  120.030       2.6415
  52.963  122.280       2.5328
  52.963  124.530       1.8456
  52.963  126.780       1.9481
  52.963  129.030       1.9481
  52.963  131.279       2.6415
  52.963  133.529       3.1877
  52.963  135.779       2.5328
  52.963  138.029       2.2911
  52.963  140.278       2.3613
  52.963  142.528       2.3613
  52.963  144.778       2.5328
  52.963  147.028       2.6415
  52.963  149.278       2.2911
  52.963  151.527       2.7745
  52.963  153.777       3.6010
  52.963  156.027       2.3613
  52.963  158.277       1.8150
  52.963  160.526       1.5165
  52.963  162.776       1.8778
  52.963  165.026       2.0718
  52.963  167.276       1.8456
  52.963  169.526       1.6586
  52.963  171.775       1.0768
  52.963  174.025       0.7370
  52.963  176.275       0.6507
  52.963  178.525       0.5357
  52.963  180.774       0.5904
  52.963  183.024       0.5791
  52.963  185.274       0.7671
  52.963  187.524       0.8861
  52.963  189.774       1.0514
  52.963  192.023       1.5935
  52.963  194.273       3.1877
  52.963  196.523       4.0142
  52.963  198.773       4.0142
  52.963  201.022       4.0142
  52.963  203.272       4.0142
  52.963  205.522       4.0142
  52.963  207.772       4.0142
  52.963  210.022       4.0142
  52.963  212.271       4.0142
  52.963  214.521       4.0142
  52.963  216.771       4.0142
  52.963  219.021       4.0142
  52.963  221.271       4.0142
  52.963  223.520       4.0142
  52.963  225.770       4.0142
  52.963  228.020       4.0142
  52.963  230.270       4.0142
  52.963  232.519       4.0142
  52.963  234.769       4.0142
  52.963  237.019       4.0142
  52.963  239.269       4.0142
  52.963  241.519       4.0142
  52.963  243.768       4.0142
  52.963  246.018       4.0142
  52.963  248.268       4.0142
  52.963  250.518       4.0142
  52.963  252.767       4.0142
  52.963  255.017       4.0142
  55.871   32.289       4.0142
  55.871   34.539       4.0142
  55.871   36.789       4.0142
  55.871   39.038       4.0142
  55.871   41.288       2.9460
  55.871   43.538       2.6415
  55.871   45.788       2.4409
  55.871   48.037       3.1877
  55.871   50.287       3.1877
  55.871   52.537       4.0142
  55.871   54.787       4.0142
  55.871   57.037       4.0142
  55.871   59.286       4.0142
  55.871   61.536       4.0142
  55.871   63.786       4.0142
  55.871   66.036       4.0142
  55.871   68.285       4.0142
  55.871   70.535       4.0142
  55.871   72.785       4.0142
  55.871   75.035       4.0142
  55.871   77.285       4.0142
  55.871   79.534       4.0142
  55.871   81.784       4.0142
  55.871   84.034       4.0142
  55.871   86.284       4.0142
  55.871   88.534       4.0142
  55.871   90.783       4.0142
  55.871   93.033       4.0142
  55.871   95.283       4.0142
  55.871   97.533       3.6010
  55.871   99.782       3.6010
  55.871  102.032       3.1877
  55.871  104.282       4.0142
  55.871  106.532       3.6010
  55.871  108.782       2.9460
  55.871  111.031       2.2911
  55.871  113.281       1.6586
  55.871  115.531       2.3613
  55.871  117.781       3.1877
  55.871  120.030       2.9460
  55.871  122.280       2.6415
  55.871  124.530       2.5328
  55.871  126.780       1.9119
  55.871  129.030       2.1714
  55.871  131.279       2.4409
  55.871  133.529       3.1877
  55.871  135.779       3.1877
  55.871  138.029       2.2911
  55.871  140.278       3.1877
  55.871  142.528       3.6010
  55.871  144.778       4.0142
  55.871  147.028       4.0142
  55.871  149.278       3.6010
  55.871  151.527       2.9460
  55.871  153.777       2.4409
  55.871  156.027       2.0277
  55.871  158.277       1.3871
  55.871  160.526       1.5538
  55.871  162.776       1.3727
  55.871  165.026       1.9119
  55.871  167.276       1.8150
  55.871  169.526       0.9886
  55.871  171.775       0.7722
  55.871  174.025       0.7419
  55.871  176.275       0.6423
  55.871  178.525       0.7671
  55.871  180.774       0.9961
  55.871  183.024       0.9739
  55.871  185.274       1.3057
  55.871  187.524       1.3450
  55.871  189.774       1.6361
  55.871  192.023       1.9865
  55.871  194.273       2.9460
  55.871  196.523       4.0142
  55.871  198.773       4.0142
  55.871  201.022       4.0142
  55.871  203.272       4.0142
  55.871  205.522       4.0142
  55.871  207.772       4.0142
  55.871  210.022       4.0142
  55.871  212.271       4.0142
  55.871  214.521       4.0142
  55.871  216.771       4.0142
  55.871  219.021       4.0142
  55.871  221.271       4.0142
  55.871  223.520       4.0142
  55.871  225.770       4.0142
  55.871  228.020       4.0142
  55.871  230.270       4.0142
  55.871  232.519       4.0142
  55.871  234.769       4.0142
  55.871  237.019       4.0142
  55.871  239.269       4.0142
  55.871  241.519       4.0142
  55.871  243.768       4.0142
  55.871  246.018       4.0142
  55.871  248.268       4.0142
  55.871  250.518       4.0142
  55.871  252.767       4.0142
  55.871  255.017       4.0142
  58.780   32.289       4.0142
  58.780   34.539       4.0142
  58.780   36.789       4.0142
  58.780   39.038       3.6010
  58.780   41.288       2.9460
  58.780   43.538       3.6010
  58.780   45.788       2.6415
  58.780   48.037       3.6010
  58.780   50.287       4.0142
  58.780   52.537       4.0142
  58.780   54.787       4.0142
  58.780   57.037       4.0142
  58.780   59.286       4.0142
  58.780   61.536       4.0142
  58.780   63.786       4.0142
  58.780   66.036       4.0142
  58.780   68.285       4.0142
  58.780   70.535       4.0142
  58.780   72.785       4.0142
  58.780   75.035       4.0142
  58.780   77.285       4.0142
  58.780   79.534       4.0142
  58.780   81.784       4.0142
  58.780   84.034       4.0142
  58.780   86.284       4.0142
  58.780   88.534       4.0142
  58.780   90.783       4.0142
  58.780   93.033       4.0142
  58.780   95.283       4.0142
  58.780   97.533       3.6010
  58.780   99.782       3.1877
  58.780  102.032       3.6010
  58.780  104.282       3.6010
  58.780  106.532       4.0142
  58.780  108.782       4.0142
  58.780  111.031       2.7745
  58.780  113.281       1.7859
  58.780  115.531       2.0277
  58.780  117.781       2.0277
  58.780  120.030       1.8778
  58.780  122.280       2.2283
  58.780  124.530       2.9460
  58.780  126.780       3.1877
  58.780  129.030       4.0142
  58.780  131.279       3.1877
  58.780  133.529       3.6010
  58.780  135.779       4.0142
  58.780  138.029       2.9460
  58.780  140.278       4.0142
  58.780  142.528       4.0142
  58.780  144.778       4.0142
  58.780  147.028       3.1877
  58.780  149.278       2.9460
  58.780  151.527       2.2911
  58.780  153.777       1.5935
  58.780  156.027       1.3450
  58.780  158.277       1.3727
  58.780  160.526       1.4324
  58.780  162.776       1.3057
  58.780  165.026       1.4987
  58.780  167.276       1.1502
  58.780  169.526       0.6900
  58.780  171.775       0.6059
  58.780  174.025       0.6299
  58.780  176.275       0.7671
  58.780  178.525       1.0037
  58.780  180.774       1.3587
  58.780  183.024       1.5348
  58.780  185.274       2.1196
  58.780  187.524       1.6361
  58.780  189.774       1.9481
  58.780  192.023       2.0718
  58.780  194.273       4.0142
  58.780  196.523       4.0142
  58.780  198.773       4.0142
  58.780  201.022       4.0142
  58.780  203.272       4.0142
  58.780  205.522       4.0142
  58.780  207.772       4.0142
  58.780  210.022       4.0142
  58.780  212.271       4.0142
  58.780  214.521       4.0142
  58.780  216.771       4.0142
  58.780  219.021       4.0142
  58.780  221.271       4.0142
  58.780  223.520       4.0142
  58.780  225.770       4.0142
  58.780  228.020       4.0142
  58.780  230.270       4.0142
  58.780  232.519       4.0142
  58.780  234.769       4.0142
  58.780  237.019       4.0142
  58.780  239.269       4.0142
  58.780  241.519       4.0142
  58.780  243.768       4.0142
  58.780  246.018       4.0142
  58.780  248.268       4.0142
  58.780  250.518       4.0142
  58.780  252.767       4.0142
  58.780  255.017       4.0142
  61.688   32.289       4.0142
  61.688   34.539       4.0142
  61.688   36.789       4.0142
  61.688   39.038       3.6010
  61.688   41.288       4.0142
  61.688   43.538       3.6010
  61.688   45.788       3.6010
  61.688   48.037       3.6010
  61.688   50.287       4.0142
  61.688   52.537       4.0142
  61.688   54.787       4.0142
  61.688   57.037       4.0142
  61.688   59.286       4.0142
  61.688   61.536       4.0142
  61.688   63.786       4.0142
  61.688   66.036       4.0142
  61.688   68.285       4.0142
  61.688   70.535       4.0142
  61.688   72.785       4.0142
  61.688   75.035       4.0142
  61.688   77.285       4.0142
  61.688   79.534       4.0142
  61.688   81.784       4.0142
  61.688   84.034       4.0142
  61.688   86.284       4.0142
  61.688   88.534       3.6010
  61.688   90.783       4.0142
  61.688   93.033       3.1877
  61.688   95.283       2.6415
  61.688   97.533       4.0142
  61.688   99.782       2.7745
  61.688  102.032       2.4409
  61.688  104.282       2.2911
  61.688  106.532       2.7745
  61.688  108.782       4.0142
  61.688  111.031       2.9460
  61.688  113.281       1.9119
  61.688  115.531       2.2283
  61.688  117.781       2.3613
  61.688  120.030       2.2911
  61.688  122.280       2.3613
  61.688  124.530       3.6010
  61.688  126.780       4.0142
  61.688  129.030       3.6010
  61.688  131.279       3.6010
  61.688  133.529       4.0142
  61.688  135.779       4.0142
  61.688  138.029       4.0142
  61.688  140.278       4.0142
  61.688  142.528       3.6010
  61.688  144.778       3.1877
  61.688  147.028       2.0277
  61.688  149.278       1.8778
  61.688  151.527       1.6586
  61.688  153.777       1.3057
  61.688  156.027       1.0270
  61.688  158.277       0.9666
  61.688  160.526       1.2012
  61.688  162.776       1.1033
  61.688  165.026       1.0943
  61.688  167.276       0.8152
  61.688  169.526       0.8676
  61.688  171.775       0.7722
  61.688  174.025       0.8799
  61.688  176.275       1.0682
  61.688  178.525       1.3587
  61.688  180.774       1.3871
  61.688  183.024       1.4814
  61.688  185.274       1.9481
  61.688  187.524       1.8456
  61.688  189.774       1.9119
  61.688  192.023       2.7745
  61.688  194.273       3.6010
  61.688  196.523       4.0142
  61.688  198.773       4.0142
  61.688  201.022       4.0142
  61.688  203.272       4.0142
  61.688  205.522       4.0142
  61.688  207.772       4.0142
  61.688  210.022       4.0142
  61.688  212.271       4.0142
  61.688  214.521       4.0142
  61.688  216.771       4.0142
  61.688  219.021       4.0142
  61.688  221.271       4.0142
  61.688  223.520       4.0142
  61.688  225.770       4.0142
  61.688  228.020       4.0142
  61.688  230.270       4.0142
  61.688  232.519       4.0142
  61.688  234.769       4.0142
  61.688  237.019       4.0142
  61.688  239.269       4.0142
  61.688  241.519       4.0142
  61.688  243.768       4.0142
  61.688  246.018       4.0142
  61.688  248.268       4.0142
  61.688  250.518       4.0142
  61.688  252.767       4.0142
  61.688  255.017       4.0142
  64.597   32.289       4.0142
  64.597   34.539       4.0142
  64.597   36.789       4.0142
  64.597   39.038       4.0142
  64.597   41.288       4.0142
  64.597   43.538       4.0142
  64.597   45.788       4.0142
  64.597   48.037       4.0142
  64.597   50.287       4.0142
  64.597   52.537       4.0142
  64.597   54.787       4.0142
  64.597   57.037       4.0142
  64.597   59.286       4.0142
  64.597   61.536       4.0142
  64.597   63.786       4.0142
  64.597   66.036       4.0142
  64.597   68.285       4.0142
  64.597   70.535       4.0142
  64.597   72.785       4.0142
  64.597   75.035       4.0142
  64.597   77.285       4.0142
  64.597   79.534       3.6010
  64.597   81.784       3.6010
  64.597   84.034       3.1877
  64.597   86.284       2.6415
  64.597   88.534       2.7745
  64.597   90.783       2.4409
  64.597   93.033       2.1714
  64.597   95.283       2.9460
  64.597   97.533       2.7745
  64.597   99.782       2.3613
  64.597  102.032       2.1196
  64.597  104.282       1.8778
  64.597  106.532       2.0277
  64.597  108.782       2.3613
  64.597  111.031       1.9865
  64.597  113.281       2.0277
  64.597  115.531       2.4409
  64.597  117.781       2.9460
  64.597  120.030       3.1877
  64.597  122.280       3.6010
  64.597  124.530       4.0142
  64.597  126.780       3.6010
  64.597  129.030       3.1877
  64.597  131.279       4.0142
  64.597  133.529       4.0142
  64.597  135.779       4.0142
  64.597  138.029       3.1877
  64.597  140.278       4.0142
  64.597  142.528       3.1877
  64.597  144.778       2.4409
  64.597  147.028       1.7859
  64.597  149.278       1.5538
  64.597  151.527       1.1033
  64.597  153.777       0.9455
  64.597  156.027       0.7987
  64.597  158.277       0.7671
  64.597  160.526       0.6218
  64.597  162.776       0.5118
  64.597  165.026       0.4888
  64.597  167.276       0.8437
  64.597  169.526       0.8496
  64.597  171.775       1.0855
  64.597  174.025       0.9118
  64.597  176.275       0.8988
  64.597  178.525       1.2688
  64.597  180.774       1.6820
  64.597  183.024       1.8150
  64.597  185.274       2.3613
  64.597  187.524       2.0718
  64.597  189.774       2.4409
  64.597  192.023       4.0142
  64.597  194.273       4.0142
  64.597  196.523       4.0142
  64.597  198.773       4.0142
  64.597  201.022       4.0142
  64.597  203.272       4.0142
  64.597  205.522       4.0142
  64.597  207.772       4.0142
  64.597  210.022       4.0142
  64.597  212.271       4.0142
  64.597  214.521       4.0142
  64.597  216.771       4.0142
  64.597  219.021       4.0142
  64.597  221.271       4.0142
  64.597  223.520       4.0142
  64.597  225.770       4.0142
  64.597  228.020       4.0142
  64.597  230.270       4.0142
  64.597  232.519       4.0142
  64.597  234.769       4.0142
  64.597  237.019       4.0142
  64.597  239.269       4.0142
  64.597  241.519       4.0142
  64.597  243.768       4.0142
  64.597  246.018       4.0142
  64.597  248.268       4.0142
  64.597  250.518       4.0142
  64.597  252.767       4.0142
  64.597  255.017       4.0142
  67.505   32.289       4.0142
  67.505   34.539       4.0142
  67.505   36.789       4.0142
  67.505   39.038       4.0142
  67.505   41.288       4.0142
  67.505   43.538       4.0142
  67.505   45.788       4.0142
  67.505   48.037       4.0142
  67.505   50.287       4.0142
  67.505   52.537       4.0142
  67.505   54.787       4.0142
  67.505   57.037       4.0142
  67.505   59.286       4.0142
  67.505   61.536       4.0142
  67.505   63.786       4.0142
  67.505   66.036       4.0142
  67.505   68.285       4.0142
  67.505   70.535       4.0142
  67.505   72.785       4.0142
  67.505   75.035       4.0142
  67.505   77.285       4.0142
  67.505   79.534       3.6010
  67.505   81.784       4.0142
  67.505   84.034       2.9460
  67.505   86.284       2.4409
  67.505   88.534       1.9865
  67.505   90.783       1.8150
  67.505   93.033       1.7317
  67.505   95.283       1.6586
  67.505   97.533       1.7063
  67.505   99.782       2.0277
  67.505  102.032       2.2283
  67.505  104.282       1.8778
  67.505  106.532       1.9481
  67.505  108.782       1.6361
  67.505  111.031       1.7063
  67.505  113.281       1.9119
  67.505  115.531       2.6415
  67.505  117.781       2.9460
  67.505  120.030       2.9460
  67.505  122.280       4.0142
  67.505  124.530       4.0142
  67.505  126.780       2.6415
  67.505  129.030       2.9460
  67.505  131.279       3.6010
  67.505  133.529       3.1877
  67.505  135.779       2.4409
  67.505  138.029       2.5328
  67.505  140.278       2.2283
  67.505  142.528       2.4409
  67.505  144.778       2.1714
  67.505  147.028       1.8778
  67.505  149.278       1.4169
  67.505  151.527       0.8322
  67.505  153.777       0.9184
  67.505  156.027       0.8152
  67.505  158.277       0.5981
  67.505  160.526       0.4453
  67.505  162.776       0.3616
  67.505  165.026       0.4393
  67.505  167.276       0.7987
  67.505  169.526       1.0192
  67.505  171.775       1.0432
  67.505  174.025       1.0943
  67.505  176.275       1.0432
  67.505  178.525       1.4987
  67.505  180.774       1.9865
  67.505  183.024       2.1714
  67.505  185.274       2.7745
  67.505  187.524       2.3613
  67.505  189.774       2.7745
  67.505  192.023       4.0142
  67.505  194.273       4.0142
  67.505  196.523       4.0142
  67.505  198.773       4.0142
  67.505  201.022       4.0142
  67.505  203.272       4.0142
  67.505  205.522       4.0142
  67.505  207.772       4.0142
  67.505  210.022       4.0142
  67.505  212.271       4.0142
  67.505  214.521       4.0142
  67.505  216.771       4.0142
  67.505  219.021       4.0142
  67.505  221.271       4.0142
  67.505  223.520       4.0142
  67.505  225.770       4.0142
  67.505  228.020       4.0142
  67.505  230.270       4.0142
  67.505  232.519       4.0142
  67.505  234.769       4.0142
  67.505  237.019       4.0142
  67.505  239.269       4.0142
  67.505  241.519       4.0142
  67.505  243.768       4.0142
  67.505  246.018       4.0142
  67.505  248.268       4.0142
  67.505  250.518       4.0142
  67.505  252.767       4.0142
  67.505  255.017       4.0142
  70.413   32.289       4.0142
  70.413   34.539       4.0142
  70.413   36.789       4.0142
  70.413   39.038       4.0142
  70.413   41.288       4.0142
  70.413   43.538       4.0142
  70.413   45.788       4.0142
  70.413   48.037       4.0142
  70.413   50.287       4.0142
  70.413   52.537       4.0142
  70.413   54.787       4.0142
  70.413   57.037       4.0142
  70.413   59.286       4.0142
  70.413   61.536       4.0142
  70.413   63.786       4.0142
  70.413   66.036       4.0142
  70.413   68.285       4.0142
  70.413   70.535       4.0142
  70.413   72.785       4.0142
  70.413   75.035       4.0142
  70.413   77.285       4.0142
  70.413   79.534       3.6010
  70.413   81.784       3.1877
  70.413   84.034       3.1877
  70.413   86.284       2.5328
  70.413   88.534       1.7582
  70.413   90.783       1.4483
  70.413   93.033       1.3185
  70.413   95.283       1.4483
  70.413   97.533       1.9119
  70.413   99.782       1.4018
  70.413  102.032       1.5733
  70.413  104.282       1.2229
  70.413  106.532       1.3450
  70.413  108.782       1.5935
  70.413  111.031       1.7317
  70.413  113.281       2.1714
  70.413  115.531       2.5328
  70.413  117.781       2.0277
  70.413  120.030       2.2283
  70.413  122.280       3.6010
  70.413  124.530       2.9460
  70.413  126.780       2.5328
  70.413  129.030       3.6010
  70.413  131.279       2.2283
  70.413  133.529       2.1714
  70.413  135.779       1.7582
  70.413  138.029       1.6820
  70.413  140.278       1.6820
  70.413  142.528       1.7582
  70.413  144.778       1.8778
  70.413  147.028       1.6361
  70.413  149.278       1.1907
  70.413  151.527       0.9455
  70.413  153.777       0.7671
  70.413  156.027       0.6059
  70.413  158.277       0.4334
  70.413  160.526       0.4161
  70.413  162.776       0.5219
  70.413  165.026       0.7321
  70.413  167.276       1.0768
  70.413  169.526       1.3450
  70.413  171.775       1.3057
  70.413  174.025       1.3450
  70.413  176.275       1.4814
  70.413  178.525       2.1714
  70.413  180.774       2.4409
  70.413  183.024       3.1877
  70.413  185.274       4.0142
  70.413  187.524       4.0142
  70.413  189.774       4.0142
  70.413  192.023       4.0142
  70.413  194.273       4.0142
  70.413  196.523       4.0142
  70.413  198.773       4.0142
  70.413  201.022       4.0142
  70.413  203.272       4.0142
  70.413  205.522       4.0142
  70.413  207.772       4.0142
  70.413  210.022       4.0142
  70.413  212.271       4.0142
  70.413  214.521       4.0142
  70.413  216.771       4.0142
  70.413  219.021       4.0142
  70.413  221.271       4.0142
  70.413  223.520       4.0142
  70.413  225.770       4.0142
  70.413  228.020       4.0142
  70.413  230.270       4.0142
  70.413  232.519       4.0142
  70.413  234.769       4.0142
  70.413  237.019       4.0142
  70.413  239.269       4.0142
  70.413  241.519       4.0142
  70.413  243.768       4.0142
  70.413  246.018       4.0142
  70.413  248.268       4.0142
  70.413  250.518       4.0142
  70.413  252.767       4.0142
  70.413  255.017       4.0142
  73.322   32.289       4.0142
  73.322   34.539       4.0142
  73.322   36.789       4.0142
  73.322   39.038       4.0142
  73.322   41.288       4.0142
  73.322   43.538       4.0142
  73.322   45.788       4.0142
  73.322   48.037       4.0142
  73.322   50.287       4.0142
  73.322   52.537       4.0142
  73.322   54.787       4.0142
  73.322   57.037       4.0142
  73.322   59.286       4.0142
  73.322   61.536       4.0142
  73.322   63.786       4.0142
  73.322   66.036       4.0142
  73.322   68.285       4.0142
  73.322   70.535       4.0142
  73.322   72.785       4.0142
  73.322   75.035       4.0142
  73.322   77.285       4.0142
  73.322   79.534       3.6010
  73.322   81.784       3.6010
  73.322   84.034       2.5328
  73.322   86.284       2.7745
  73.322   88.534       1.8778
  73.322   90.783       1.5733
  73.322   93.033       1.3316
  73.322   95.283       1.5348
  73.322   97.533       1.3587
  73.322   99.782       1.6144
  73.322  102.032       1.4018
  73.322  104.282       1.3871
  73.322  106.532       1.3871
  73.322  108.782       1.6144
  73.322  111.031       2.6415
  73.322  113.281       2.1196
  73.322  115.531       1.6820
  73.322  117.781       1.7063
  73.322  120.030       1.6361
  73.322  122.280       2.3613
  73.322  124.530       1.9865
  73.322  126.780       2.0718
  73.322  129.030       1.5935
  73.322  131.279       1.5165
  73.322  133.529       1.3450
  73.322  135.779       1.2931
  73.322  138.029       1.3587
  73.322  140.278       1.4987
  73.322  142.528       1.7859
  73.322  144.778       1.9865
  73.322  147.028       1.2688
  73.322  149.278       0.8799
  73.322  151.527       0.7273
  73.322  153.777       0.5904
  73.322  156.027       0.5679
  73.322  158.277       0.5463
  73.322  160.526       0.7037
  73.322  162.776       1.0350
  73.322  165.026       0.9961
  73.322  167.276       1.2688
  73.322  169.526       1.2931
  73.322  171.775       1.5165
  73.322  174.025       1.5733
  73.322  176.275       1.9481
  73.322  178.525       4.0142
  73.322  180.774       2.9460
  73.322  183.024       3.6010
  73.322  185.274       4.0142
  73.322  187.524       4.0142
  73.322  189.774       4.0142
  73.322  192.023       4.0142
  73.322  194.273       4.0142
  73.322  196.523       4.0142
  73.322  198.773       4.0142
  73.322  201.022       4.0142
  73.322  203.272       4.0142
  73.322  205.522       4.0142
  73.322  207.772       4.0142
  73.322  210.022       4.0142
  73.322  212.271       4.0142
  73.322  214.521       4.0142
  73.322  216.771       4.0142
  73.322  219.021       4.0142
  73.322  221.271       4.0142
  73.322  223.520       4.0142
  73.322  225.770       4.0142
  73.322  228.020       4.0142
  73.322  230.270       4.0142
  73.322  232.519       4.0142
  73.322  234.769       4.0142
  73.322  237.019       4.0142
  73.322  239.269       4.0142
  73.322  241.519       4.0142
  73.322  243.768       4.0142
  73.322  246.018       4.0142
  73.322  248.268       4.0142
  73.322  250.518       4.0142
  73.322  252.767       4.0142
  73.322  255.017       4.0142
  76.230   32.289       4.0142
  76.230   34.539       4.0142
  76.230   36.789       4.0142
  76.230   39.038       4.0142
  76.230   41.288       4.0142
  76.230   43.538       4.0142
  76.230   45.788       4.0142
  76.230   48.037       4.0142
  76.230   50.287       4.0142
  76.230   52.537       4.0142
  76.230   54.787       4.0142
  76.230   57.037       4.0142
  76.230   59.286       4.0142
  76.230   61.536       4.0142
  76.230   63.786       4.0142
  76.230   66.036       4.0142
  76.230   68.285       4.0142
  76.230   70.535       4.0142
  76.230   72.785       4.0142
  76.230   75.035       3.1877
  76.230   77.285       3.1877
  76.230   79.534       2.5328
  76.230   81.784       2.7745
  76.230   84.034       2.2911
  76.230   86.284       2.0718
  76.230   88.534       1.7859
  76.230   90.783       1.4483
  76.230   93.033       1.4646
  76.230   95.283       1.6144
  76.230   97.533       1.7063
  76.230   99.782       1.6586
  76.230  102.032       1.4987
  76.230  104.282       2.0277
  76.230  106.532       1.8150
  76.230  108.782       2.3613
  76.230  111.031       2.1714
  76.230  113.281       2.2911
  76.230  115.531       1.8778
  76.230  117.781       1.7582
  76.230  120.030       1.7063
  76.230  122.280       1.6361
  76.230  124.530       1.3316
  76.230  126.780       1.4814
  76.230  129.030       1.0350
  76.230  131.279       1.0597
  76.230  133.529       1.2012
  76.230  135.779       1.3057
  76.230  138.029       1.8150
  76.230  140.278       1.8778
  76.230  142.528       1.6820
  76.230  144.778       1.1701
  76.230  147.028       0.9184
  76.230  149.278       0.7774
  76.230  151.527       0.7933
  76.230  153.777       0.6550
  76.230  156.027       0.7370
  76.230  158.277       0.9524
  76.230  160.526       1.1907
  76.230  162.776       1.4987
  76.230  165.026       1.6361
  76.230  167.276       1.4987
  76.230  169.526       1.5538
  76.230  171.775       1.7859
  76.230  174.025       1.9119
  76.230  176.275       2.1714
  76.230  178.525       2.7745
  76.230  180.774       3.6010
  76.230  183.024       3.6010
  76.230  185.274       4.0142
  76.230  187.524       4.0142
  76.230  189.774       4.0142
  76.230  192.023       4.0142
  76.230  194.273       4.0142
  76.230  196.523       4.0142
  76.230  198.773       4.0142
  76.230  201.022       4.0142
  76.230  203.272       4.0142
  76.230  205.522       4.0142
  76.230  207.772       4.0142
  76.230  210.022       4.0142
  76.230  212.271       4.0142
  76.230  214.521       4.0142
  76.230  216.771       4.0142
  76.230  219.021       4.0142
  76.230  221.271       4.0142
  76.230  223.520       4.0142
  76.230  225.770       4.0142
  76.230  228.020       4.0142
  76.230  230.270       4.0142
  76.230  232.519       4.0142
  76.230  234.769       4.0142
  76.230  237.019       4.0142
  76.230  239.269       4.0142
  76.230  241.519       4.0142
  76.230  243.768       4.0142
  76.230  246.018       4.0142
  76.230  248.268       4.0142
  76.230  250.518       4.0142
  76.230  252.767       4.0142
  76.230  255.017       4.0142
  79.138   32.289       4.0142
  79.138   34.539       4.0142
  79.138   36.789       4.0142
  79.138   39.038       4.0142
  79.138   41.288       4.0142
  79.138   43.538       4.0142
  79.138   45.788       4.0142
  79.138   48.037       4.0142
  79.138   50.287       4.0142
  79.138   52.537       4.0142
  79.138   54.787       4.0142
  79.138   57.037       4.0142
  79.138   59.286       4.0142
  79.138   61.536       4.0142
  79.138   63.786       4.0142
  79.138   66.036       4.0142
  79.138   68.285       4.0142
  79.138   70.535       4.0142
  79.138   72.785       4.0142
  79.138   75.035       4.0142
  79.138   77.285       2.7745
  79.138   79.534       3.1877
  79.138   81.784       2.6415
  79.138   84.034       2.1196
  79.138   86.284       2.2283
  79.138   88.534       1.9481
  79.138   90.783       1.5165
  79.138   93.033       1.2931
  79.138   95.283       1.6361
  79.138   97.533       1.8150
  79.138   99.782       1.6820
  79.138  102.032       1.6820
  79.138  104.282       2.1714
  79.138  106.532       3.1877
  79.138  108.782       2.6415
  79.138  111.031       1.6820
  79.138  113.281       1.7063
  79.138  115.531       1.7063
  79.138  117.781       1.7063
  79.138  120.030       1.3185
  79.138  122.280       1.2454
  79.138  124.530       1.2931
  79.138  126.780       1.2931
  79.138  129.030       0.9812
  79.138  131.279       0.8379
  79.138  133.529       1.1124
  79.138  135.779       1.6820
  79.138  138.029       1.4987
  79.138  140.278       1.6820
  79.138  142.528       1.3871
  79.138  144.778       0.9739
  79.138  147.028       0.6722
  79.138  149.278       0.6811
  79.138  151.527       0.8924
  79.138  153.777       1.2340
  79.138  156.027       1.3450
  79.138  158.277       1.5348
  79.138  160.526       1.9119
  79.138  162.776       1.8778
  79.138  165.026       2.3613
  79.138  167.276       2.6415
  79.138  169.526       2.5328
  79.138  171.775       2.4409
  79.138  174.025       2.2911
  79.138  176.275       2.9460
  79.138  178.525       4.0142
  79.138  180.774       4.0142
  79.138  183.024       4.0142
  79.138  185.274       4.0142
  79.138  187.524       4.0142
  79.138  189.774       4.0142
  79.138  192.023       4.0142
  79.138  194.273       4.0142
  79.138  196.523       4.0142
  79.138  198.773       4.0142
  79.138  201.022       4.0142
  79.138  203.272       4.0142
  79.138  205.522       4.0142
  79.138  207.772       4.0142
  79.138  210.022       4.0142
  79.138  212.271       4.0142
  79.138  214.521       4.0142
  79.138  216.771       4.0142
  79.138  219.021       4.0142
  79.138  221.271       4.0142
  79.138  223.520       4.0142
  79.138  225.770       4.0142
  79.138  228.020       4.0142
  79.138  230.270       4.0142
  79.138  232.519       4.0142
  79.138  234.769       4.0142
  79.138  237.019       4.0142
  79.138  239.269       4.0142
  79.138  241.519       4.0142
  79.138  243.768       4.0142
  79.138  246.018       4.0142
  79.138  248.268       4.0142
  79.138  250.518       4.0142
  79.138  252.767       4.0142
  79.138  255.017       4.0142
  82.047   32.289       4.0142
  82.047   34.539       4.0142
  82.047   36.789       4.0142
  82.047   39.038       4.0142
  82.047   41.288       4.0142
  82.047   43.538       4.0142
  82.047   45.788       4.0142
  82.047   48.037       4.0142
  82.047   50.287       4.0142
  82.047   52.537       4.0142
  82.047   54.787       4.0142
  82.047   57.037       4.0142
  82.047   59.286       4.0142
  82.047   61.536       4.0142
  82.047   63.786       4.0142
  82.047   66.036       4.0142
  82.047   68.285       4.0142
  82.047   70.535       4.0142
  82.047   72.785       4.0142
  82.047   75.035       4.0142
  82.047   77.285       4.0142
  82.047   79.534       3.6010
  82.047   81.784       2.7745
  82.047   84.034       2.9460
  82.047   86.284       4.0142
  82.047   88.534       2.2911
  82.047   90.783       1.9119
  82.047   93.033       1.6144
  82.047   95.283       1.4814
  82.047   97.533       1.5348
  82.047   99.782       1.8778
  82.047  102.032       1.7859
  82.047  104.282       1.7317
  82.047  106.532       1.8150
  82.047  108.782       1.4987
  82.047  111.031       1.2688
  82.047  113.281       1.7063
  82.047  115.531       1.6361
  82.047  117.781       1.5935
  82.047  120.030       1.4169
  82.047  122.280       1.4169
  82.047  124.530       1.4814
  82.047  126.780       1.0597
  82.047  129.030       1.0597
  82.047  131.279       1.1216
  82.047  133.529       1.5538
  82.047  135.779       1.8456
  82.047  138.029       1.6586
  82.047  140.278       1.4324
  82.047  142.528       1.0943
  82.047  144.778       0.8924
  82.047  147.028       0.8496
  82.047  149.278       1.2012
  82.047  151.527       1.6144
  82.047  153.777       1.9865
  82.047  156.027       2.1714
  82.047  158.277       2.2283
  82.047  160.526       2.2911
  82.047  162.776       2.7745
  82.047  165.026       3.1877
  82.047  167.276       4.0142
  82.047  169.526       3.6010
  82.047  171.775       3.1877
  82.047  174.025       2.9460
  82.047  176.275       4.0142
  82.047  178.525       4.0142
  82.047  180.774       4.0142
  82.047  183.024       4.0142
  82.047  185.274       4.0142
  82.047  187.524       4.0142
  82.047  189.774       4.0142
  82.047  192.023       4.0142
  82.047  194.273       4.0142
  82.047  196.523       4.0142
  82.047  198.773       4.0142
  82.047  201.022       4.0142
  82.047  203.272       4.0142
  82.047  205.522       4.0142
  82.047  207.772       4.0142
  82.047  210.022       4.0142
  82.047  212.271       4.0142
  82.047  214.521       4.0142
  82.047  216.771       4.0142
  82.047  219.021       4.0142
  82.047  221.271       4.0142
  82.047  223.520       4.0142
  82.047  225.770       4.0142
  82.047  228.020       4.0142
  82.047  230.270       4.0142
  82.047  232.519       4.0142
  82.047  234.769       4.0142
  82.047  237.019       4.0142
  82.047  239.269       4.0142
  82.047  241.519       4.0142
  82.047  243.768       4.0142
  82.047  246.018       4.0142
  82.047  248.268       4.0142
  82.047  250.518       4.0142
  82.047  252.767       4.0142
  82.047  255.017       4.0142
  84.955   32.289       4.0142
  84.955   34.539       4.0142
  84.955   36.789       4.0142
  84.955   39.038       4.0142
  84.955   41.288       4.0142
  84.955   43.538       4.0142
  84.955   45.788       4.0142
  84.955   48.037       4.0142
  84.955   50.287       4.0142
  84.955   52.537       4.0142
  84.955   54.787       4.0142
  84.955   57.037       4.0142
  84.955   59.286       4.0142
  84.955   61.536       4.0142
  84.955   63.786       4.0142
  84.955   66.036       4.0142
  84.955   68.285       4.0142
  84.955   70.535       4.0142
  84.955   72.785       4.0142
  84.955   75.035       4.0142
  84.955   77.285       4.0142
  84.955   79.534       4.0142
  84.955   81.784       3.1877
  84.955   84.034       3.6010
  84.955   86.284       2.2911
  84.955   88.534       2.1714
  84.955   90.783       1.5165
  84.955   93.033       1.5935
  84.955   95.283       1.6361
  84.955   97.533       1.8778
  84.955   99.782       1.6820
  84.955  102.032       1.4987
  84.955  104.282       1.3450
  84.955  106.532       1.5733
  84.955  108.782       1.5165
  84.955  111.031       1.3316
  84.955  113.281       1.4483
  84.955  115.531       1.4169
  84.955  117.781       1.3450
  84.955  120.030       1.2808
  84.955  122.280       1.2688
  84.955  124.530       1.2570
  84.955  126.780       1.1601
  84.955  129.030       1.0514
  84.955  131.279       1.3316
  84.955  133.529       1.6144
  84.955  135.779       1.7317
  84.955  138.029       1.6144
  84.955  140.278       1.0855
  84.955  142.528       1.0768
  84.955  144.778       1.1803
  84.955  147.028       1.0682
  84.955  149.278       1.4987
  84.955  151.527       2.2283
  84.955  153.777       2.5328
  84.955  156.027       4.0142
  84.955  158.277       3.1877
  84.955  160.526       3.6010
  84.955  162.776       4.0142
  84.955  165.026       4.0142
  84.955  167.276       4.0142
  84.955  169.526       4.0142
  84.955  171.775       4.0142
  84.955  174.025       3.6010
  84.955  176.275       4.0142
  84.955  178.525       4.0142
  84.955  180.774       4.0142
  84.955  183.024       4.0142
  84.955  185.274       4.0142
  84.955  187.524       4.0142
  84.955  189.774       4.0142
  84.955  192.023       4.0142
  84.955  194.273       4.0142
  84.955  196.523       4.0142
  84.955  198.773       4.0142
  84.955  201.022       4.0142
  84.955  203.272       4.0142
  84.955  205.522       4.0142
  84.955  207.772       4.0142
  84.955  210.022       4.0142
  84.955  212.271       4.0142
  84.955  214.521       4.0142
  84.955  216.771       4.0142
  84.955  219.021       4.0142
  84.955  221.271       4.0142
  84.955  223.520       4.0142
  84.955  225.770       4.0142
  84.955  228.020       4.0142
  84.955  230.270       4.0142
  84.955  232.519       4.0142
  84.955  234.769       4.0142
  84.955  237.019       4.0142
  84.955  239.269       4.0142
  84.955  241.519       4.0142
  84.955  243.768       4.0142
  84.955  246.018       4.0142
  84.955  248.268       4.0142
  84.955  250.518       4.0142
  84.955  252.767       4.0142
  84.955  255.017       4.0142
  87.863   32.289       4.0142
  87.863   34.539       4.0142
  87.863   36.789       4.0142
  87.863   39.038       4.0142
  87.863   41.288       4.0142
  87.863   43.538       4.0142
  87.863   45.788       4.0142
  87.863   48.037       4.0142
  87.863   50.287       4.0142
  87.863   52.537       4.0142
  87.863   54.787       4.0142
  87.863   57.037       4.0142
  87.863   59.286       4.0142
  87.863   61.536       4.0142
  87.863   63.786       4.0142
  87.863   66.036       4.0142
  87.863   68.285       4.0142
  87.863   70.535       4.0142
  87.863   72.785       4.0142
  87.863   75.035       4.0142
  87.863   77.285       4.0142
  87.863   79.534       2.9460
  87.863   81.784       2.9460
  87.863   84.034       2.4409
  87.863   86.284       2.1196
  87.863   88.534       1.7063
  87.863   90.783       1.9865
  87.863   93.033       1.5935
  87.863   95.283       1.5538
  87.863   97.533       1.3871
  87.863   99.782       1.4169
  87.863  102.032       1.5733
  87.863  104.282       1.8456
  87.863  106.532       1.6820
  87.863  108.782       1.5733
  87.863  111.031       1.4324
  87.863  113.281       1.7317
  87.863  115.531       1.1405
  87.863  117.781       0.9961
  87.863  120.030       1.3871
  87.863  122.280       1.6820
  87.863  124.530       1.2454
  87.863  126.780       1.1033
  87.863  129.030       0.9184
  87.863  131.279       1.2340
  87.863  133.529       1.4169
  87.863  135.779       1.4987
  87.863  138.029       1.3057
  87.863  140.278       1.1907
  87.863  142.528       1.1310
  87.863  144.778       1.5733
  87.863  147.028       2.2283
  87.863  149.278       2.1714
  87.863  151.527       3.1877
  87.863  153.777       4.0142
  87.863  156.027       4.0142
  87.863  158.277       4.0142
  87.863  160.526       4.0142
  87.863  162.776       4.0142
  87.863  165.026       4.0142
  87.863  167.276       4.0142
  87.863  169.526       4.0142
  87.863  171.775       4.0142
  87.863  174.025       4.0142
  87.863  176.275       4.0142
  87.863  178.525       4.0142
  87.863  180.774       4.0142
  87.863  183.024       4.0142
  87.863  185.274       4.0142
  87.863  187.524       4.0142
  87.863  189.774       4.0142
  87.863  192.023       4.0142
  87.863  194.273       4.0142
  87.863  196.523       4.0142
  87.863  198.773       4.0142
  87.863  201.022       4.0142
  87.863  203.272       4.0142
  87.863  205.522       4.0142
  87.863  207.772       4.0142
  87.863  210.022       4.0142
  87.863  212.271       4.0142
  87.863  214.521       4.0142
  87.863  216.771       4.0142
  87.863  219.021       4.0142
  87.863  221.271       4.0142
  87.863  223.520       4.0142
  87.863  225.770       4.0142
  87.863  228.020       4.0142
  87.863  230.270       4.0142
  87.863  232.519       4.0142
  87.863  234.769       4.0142
  87.863  237.019       4.0142
  87.863  239.269       4.0142
  87.863  241.519       4.0142
  87.863  243.768       4.0142
  87.863  246.018       4.0142
  87.863  248.268       4.0142
  87.863  250.518       4.0142
  87.863  252.767       4.0142
  87.863  255.017       4.0142
  90.772   32.289       4.0142
  90.772   34.539       4.0142
  90.772   36.789       4.0142
  90.772   39.038       4.0142
  90.772   41.288       4.0142
  90.772   43.538       4.0142
  90.772   45.788       4.0142
  90.772   48.037       4.0142
  90.772   50.287       4.0142
  90.772   52.537       4.0142
  90.772   54.787       4.0142
  90.772   57.037       4.0142
  90.772   59.286       4.0142
  90.772   61.536       4.0142
  90.772   63.786       4.0142
  90.772   66.036       4.0142
  90.772   68.285       4.0142
  90.772   70.535       4.0142
  90.772   72.785       4.0142
  90.772   75.035       4.0142
  90.772   77.285       4.0142
  90.772   79.534       4.0142
  90.772   81.784       2.6415
  90.772   84.034       2.1196
  90.772   86.284       1.7063
  90.772   88.534       2.2283
  90.772   90.783       2.0277
  90.772   93.033       1.6820
  90.772   95.283       1.5165
  90.772   97.533       1.3185
  90.772   99.782       1.5348
  90.772  102.032       1.7582
  90.772  104.282       1.7859
  90.772  106.532       1.6586
  90.772  108.782       1.7063
  90.772  111.031       1.6820
  90.772  113.281       1.3450
  90.772  115.531       1.2931
  90.772  117.781       1.0855
  90.772  120.030       1.2454
  90.772  122.280       1.0432
  90.772  124.530       1.0514
  90.772  126.780       0.8437
  90.772  129.030       1.0768
  90.772  131.279       1.3185
  90.772  133.529       1.5538
  90.772  135.779       1.8456
  90.772  138.029       1.9865
  90.772  140.278       2.2283
  90.772  142.528       2.3613
  90.772  144.778       3.1877
  90.772  147.028       4.0142
  90.772  149.278       4.0142
  90.772  151.527       4.0142
  90.772  153.777       4.0142
  90.772  156.027       4.0142
  90.772  158.277       4.0142
  90.772  160.526       4.0142
  90.772  162.776       4.0142
  90.772  165.026       4.0142
  90.772  167.276       4.0142
  90.772  169.526       4.0142
  90.772  171.775       4.0142
  90.772  174.025       4.0142
  90.772  176.275       4.0142
  90.772  178.525       4.0142
  90.772  180.774       4.0142
  90.772  183.024       4.0142
  90.772  185.274       4.0142
  90.772  187.524       4.0142
  90.772  189.774       4.0142
  90.772  192.023       4.0142
  90.772  194.273       4.0142
  90.772  196.523       4.0142
  90.772  198.773       4.0142
  90.772  201.022       4.0142
  90.772  203.272       4.0142
  90.772  205.522       4.0142
  90.772  207.772       4.0142
  90.772  210.022       4.0142
  90.772  212.271       4.0142
  90.772  214.521       4.0142
  90.772  216.771       4.0142
  90.772  219.021       4.0142
  90.772  221.271       4.0142
  90.772  223.520       4.0142
  90.772  225.770       4.0142
  90.772  228.020       4.0142
  90.772  230.270       4.0142
  90.772  232.519       4.0142
  90.772  234.769       4.0142
  90.772  237.019       4.0142
  90.772  239.269       4.0142
  90.772  241.519       4.0142
  90.772  243.768       4.0142
  90.772  246.018       4.0142
  90.772  248.268       4.0142
  90.772  250.518       4.0142
  90.772  252.767       4.0142
  90.772  255.017       4.0142
  93.680   32.289       4.0142
  93.680   34.539       4.0142
  93.680   36.789       4.0142
  93.680   39.038       4.0142
  93.680   41.288       4.0142
  93.680   43.538       4.0142
  93.680   45.788       4.0142
  93.680   48.037       4.0142
  93.680   50.287       4.0142
  93.680   52.537       4.0142
  93.680   54.787       4.0142
  93.680   57.037       4.0142
  93.680   59.286       4.0142
  93.680   61.536       4.0142
  93.680   63.786       4.0142
  93.680   66.036       4.0142
  93.680   68.285       4.0142
  93.680   70.535       4.0142
  93.680   72.785       4.0142
  93.680   75.035       4.0142
  93.680   77.285       4.0142
  93.680   79.534       3.6010
  93.680   81.784       3.6010
  93.680   84.034       3.1877
  93.680   86.284       2.4409
  93.680   88.534       2.1196
  93.680   90.783       1.7859
  93.680   93.033       1.7317
  93.680   95.283       1.4814
  93.680   97.533       1.4646
  93.680   99.782       1.3871
  93.680  102.032       1.4987
  93.680  104.282       1.9119
  93.680  106.532       1.7317
  93.680  108.782       1.9119
  93.680  111.031       1.9865
  93.680  113.281       1.3871
  93.680  115.531       1.1124
  93.680  117.781       1.1033
  93.680  120.030       1.1405
  93.680  122.280       0.9455
  93.680  124.530       1.1124
  93.680  126.780       1.3057
  93.680  129.030       1.9119
  93.680  131.279       2.0718
  93.680  133.529       2.5328
  93.680  135.779       3.6010
  93.680  138.029       4.0142
  93.680  140.278       4.0142
  93.680  142.528       4.0142
  93.680  144.778       4.0142
  93.680  147.028       4.0142
  93.680  149.278       4.0142
  93.680  151.527       4.0142
  93.680  153.777       4.0142
  93.680  156.027       4.0142
  93.680  158.277       4.0142
  93.680  160.526       4.0142
  93.680  162.776       4.0142
  93.680  165.026       4.0142
  93.680  167.276       4.0142
  93.680  169.526       4.0142
  93.680  171.775       4.0142
  93.680  174.025       4.0142
  93.680  176.275       4.0142
  93.680  178.525       4.0142
  93.680  180.774       4.0142
  93.680  183.024       4.0142
  93.680  185.274       4.0142
  93.680  187.524       4.0142
  93.680  189.774       4.0142
  93.680  192.023       4.0142
  93.680  194.273       4.0142
  93.680  196.523       4.0142
  93.680  198.773       4.0142
  93.680  201.022       4.0142
  93.680  203.272       4.0142
  93.680  205.522       4.0142
  93.680  207.772       4.0142
  93.680  210.022       4.0142
  93.680  212.271       4.0142
  93.680  214.521       4.0142
  93.680  216.771       4.0142
  93.680  219.021       4.0142
  93.680  221.271       4.0142
  93.680  223.520       4.0142
  93.680  225.770       4.0142
  93.680  228.020       4.0142
  93.680  230.270       4.0142
  93.680  232.519       4.0142
  93.680  234.769       4.0142
  93.680  237.019       4.0142
  93.680  239.269       4.0142
  93.680  241.519       4.0142
  93.680  243.768       4.0142
  93.680  246.018       4.0142
  93.680  248.268       4.0142
  93.680  250.518       4.0142
  93.680  252.767       4.0142
  93.680  255.017       4.0142
  96.588   32.289       4.0142
  96.588   34.539       4.0142
  96.588   36.789       4.0142
  96.588   39.038       4.0142
  96.588   41.288       4.0142
  96.588   43.538       4.0142
  96.588   45.788       4.0142
  96.588   48.037       4.0142
  96.588   50.287       4.0142
  96.588   52.537       4.0142
  96.588   54.787       4.0142
  96.588   57.037       4.0142
  96.588   59.286       4.0142
  96.588   61.536       4.0142
  96.588   63.786       4.0142
  96.588   66.036       4.0142
  96.588   68.285       4.0142
  96.588   70.535       4.0142
  96.588   72.785       4.0142
  96.588   75.035       4.0142
  96.588   77.285       4.0142
  96.588   79.534       3.6010
  96.588   81.784       3.6010
  96.588   84.034       3.1877
  96.588   86.284       2.3613
  96.588   88.534       1.4987
  96.588   90.783       1.3871
  96.588   93.033       1.5733
  96.588   95.283       1.5935
  96.588   97.533       1.5348
  96.588   99.782       1.3727
  96.588  102.032       1.2012
  96.588  104.282       1.4646
  96.588  106.532       1.7063
  96.588  108.782       1.9481
  96.588  111.031       1.3316
  96.588  113.281       1.6820
  96.588  115.531       1.4483
  96.588  117.781       1.1907
  96.588  120.030       1.1216
  96.588  122.280       1.3316
  96.588  124.530       1.9865
  96.588  126.780       2.6415
  96.588  129.030       3.6010
  96.588  131.279       3.6010
  96.588  133.529       4.0142
  96.588  135.779       4.0142
  96.588  138.029       4.0142
  96.588  140.278       4.0142
  96.588  142.528       4.0142
  96.588  144.778       4.0142
  96.588  147.028       4.0142
  96.588  149.278       4.0142
  96.588  151.527       4.0142
  96.588  153.777       4.0142
  96.588  156.027       4.0142
  96.588  158.277       4.0142
  96.588  160.526       4.0142
  96.588  162.776       4.0142
  96.588  165.026       4.0142
  96.588  167.276       4.0142
  96.588  169.526       4.0142
  96.588  171.775       4.0142
  96.588  174.025       4.0142
  96.588  176.275       4.0142
  96.588  178.525       4.0142
  96.588  180.774       4.0142
  96.588  183.024       4.0142
  96.588  185.274       4.0142
  96.588  187.524       4.0142
  96.588  189.774       4.0142
  96.588  192.023       4.0142
  96.588  194.273       4.0142
  96.588  196.523       4.0142
  96.588  198.773       4.0142
  96.588  201.022       4.0142
  96.588  203.272       4.0142
  96.588  205.522       4.0142
  96.588  207.772       4.0142
  96.588  210.022       4.0142
  96.588  212.271       4.0142
  96.588  214.521       4.0142
  96.588  216.771       4.0142
  96.588  219.021       4.0142
  96.588  221.271       4.0142
  96.588  223.520       4.0142
  96.588  225.770       4.0142
  96.588  228.020       4.0142
  96.588  230.270       4.0142
  96.588  232.519       4.0142
  96.588  234.769       4.0142
  96.588  237.019       4.0142
  96.588  239.269       4.0142
  96.588  241.519       4.0142
  96.588  243.768       4.0142
  96.588  246.018       4.0142
  96.588  248.268       4.0142
  96.588  250.518       4.0142
  96.588  252.767       4.0142
  96.588  255.017       4.0142
  99.497   32.289       4.0142
  99.497   34.539       4.0142
  99.497   36.789       4.0142
  99.497   39.038       4.0142
  99.497   41.288       4.0142
  99.497   43.538       4.0142
  99.497   45.788       4.0142
  99.497   48.037       4.0142
  99.497   50.287       4.0142
  99.497   52.537       4.0142
  99.497   54.787       4.0142
  99.497   57.037       4.0142
  99.497   59.286       4.0142
  99.497   61.536       4.0142
  99.497   63.786       4.0142
  99.497   66.036       4.0142
  99.497   68.285       4.0142
  99.497   70.535       4.0142
  99.497   72.785       4.0142
  99.497   75.035       3.6010
  99.497   77.285       3.6010
  99.497   79.534       3.6010
  99.497   81.784       2.4409
  99.497   84.034       2.2911
  99.497   86.284       2.2911
  99.497   88.534       1.7859
  99.497   90.783       1.5165
  99.497   93.033       1.4483
  99.497   95.283       1.7582
  99.497   97.533       1.5165
  99.497   99.782       1.6361
  99.497  102.032       1.4324
  99.497  104.282       1.3587
  99.497  106.532       1.7063
  99.497  108.782       1.6361
  99.497  111.031       1.7859
  99.497  113.281       1.9865
  99.497  115.531       1.9119
  99.497  117.781       1.6144
  99.497  120.030       2.1196
  99.497  122.280       2.1714
  99.497  124.530       2.9460
  99.497  126.780       4.0142
  99.497  129.030       4.0142
  99.497  131.279       4.0142
  99.497  133.529       4.0142
  99.497  135.779       4.0142
  99.497  138.029       4.0142
  99.497  140.278       4.0142
  99.497  142.528       4.0142
  99.497  144.778       4.0142
  99.497  147.028       4.0142
  99.497  149.278       4.0142
  99.497  151.527       4.0142
  99.497  153.777       4.0142
  99.497  156.027       4.0142
  99.497  158.277       4.0142
  99.497  160.526       4.0142
  99.497  162.776       4.0142
  99.497  165.026       4.0142
  99.497  167.276       4.0142
  99.497  169.526       4.0142
  99.497  171.775       4.0142
  99.497  174.025       4.0142
  99.497  176.275       4.0142
  99.497  178.525       4.0142
  99.497  180.774       4.0142
  99.497  183.024       4.0142
  99.497  185.274       4.0142
  99.497  187.524       4.0142
  99.497  189.774       4.0142
  99.497  192.023       4.0142
  99.497  194.273       4.0142
  99.497  196.523       4.0142
  99.497  198.773       4.0142
  99.497  201.022       4.0142
  99.497  203.272       4.0142
  99.497  205.522       4.0142
  99.497  207.772       4.0142
  99.497  210.022       4.0142
  99.497  212.271       4.0142
  99.497  214.521       4.0142
  99.497  216.771       4.0142
  99.497  219.021       4.0142
  99.497  221.271       4.0142
  99.497  223.520       4.0142
  99.497  225.770       4.0142
  99.497  228.020       4.0142
  99.497  230.270       4.0142
  99.497  232.519       4.0142
  99.497  234.769       4.0142
  99.497  237.019       4.0142
  99.497  239.269       4.0142
  99.497  241.519       4.0142
  99.497  243.768       4.0142
  99.497  246.018       4.0142
  99.497  248.268       4.0142
  99.497  250.518       4.0142
  99.497  252.767       4.0142
  99.497  255.017       4.0142
 102.405   32.289       4.0142
 102.405   34.539       4.0142
 102.405   36.789       4.0142
 102.405   39.038       4.0142
 102.405   41.288       4.0142
 102.405   43.538       4.0142
 102.405   45.788       4.0142
 102.405   48.037       4.0142
 102.405   50.287       4.0142
 102.405   52.537       4.0142
 102.405   54.787       3.1877
 102.405   57.037       3.6010
 102.405   59.286       2.9460
 102.405   61.536       4.0142
 102.405   63.786       4.0142
 102.405   66.036       4.0142
 102.405   68.285       4.0142
 102.405   70.535       4.0142
 102.405   72.785       2.5328
 102.405   75.035       2.7745
 102.405   77.285       2.6415
 102.405   79.534       2.6415
 102.405   81.784       2.0718
 102.405   84.034       2.1714
 102.405   86.284       2.0277
 102.405   88.534       1.6144
 102.405   90.783       1.5165
 102.405   93.033       1.4814
 102.405   95.283       1.4646
 102.405   97.533       1.5733
 102.405   99.782       1.4646
 102.405  102.032       1.3057
 102.405  104.282       1.7582
 102.405  106.532       1.8456
 102.405  108.782       2.0277
 102.405  111.031       2.5328
 102.405  113.281       2.6415
 102.405  115.531       1.8778
 102.405  117.781       1.8778
 102.405  120.030       2.4409
 102.405  122.280       2.9460
 102.405  124.530       4.0142
 102.405  126.780       4.0142
 102.405  129.030       4.0142
 102.405  131.279       4.0142
 102.405  133.529       4.0142
 102.405  135.779       4.0142
 102.405  138.029       4.0142
 102.405  140.278       4.0142
 102.405  142.528       4.0142
 102.405  144.778       4.0142
 102.405  147.028       4.0142
 102.405  149.278       4.0142
 102.405  151.527       4.0142
 102.405  153.777       4.0142
 102.405  156.027       4.0142
 102.405  158.277       4.0142
 102.405  160.526       4.0142
 102.405  162.776       4.0142
 102.405  165.026       4.0142
 102.405  167.276       4.0142
 102.405  169.526       4.0142
 102.405  171.775       4.0142
 102.405  174.025       4.0142
 102.405  176.275       4.0142
 102.405  178.525       4.0142
 102.405  180.774       4.0142
 102.405  183.024       4.0142
 102.405  185.274       4.0142
 102.405  187.524       4.0142
 102.405  189.774       4.0142
 102.405  192.023       4.0142
 102.405  194.273       4.0142
 102.405  196.523       4.0142
 102.405  198.773       4.0142
 102.405  201.022       4.0142
 102.405  203.272       4.0142
 102.405  205.522       4.0142
 102.405  207.772       4.0142
 102.405  210.022       4.0142
 102.405  212.271       4.0142
 102.405  214.521       4.0142
 102.405  216.771       4.0142
 102.405  219.021       4.0142
 102.405  221.271       4.0142
 102.405  223.520       4.0142
 102.405  225.770       4.0142
 102.405  228.020       4.0142
 102.405  230.270       4.0142
 102.405  232.519       4.0142
 102.405  234.769       4.0142
 102.405  237.019       4.0142
 102.405  239.269       4.0142
 102.405  241.519       4.0142
 102.405  243.768       4.0142
 102.405  246.018       4.0142
 102.405  248.268       4.0142
 102.405  250.518       4.0142
 102.405  252.767       4.0142
 102.405  255.017       4.0142
 105.313   32.289       4.0142
 105.313   34.539       4.0142
 105.313   36.789       4.0142
 105.313   39.038       4.0142
 105.313   41.288       4.0142
 105.313   43.538       4.0142
 105.313   45.788       4.0142
 105.313   48.037       4.0142
 105.313   50.287       4.0142
 105.313   52.537       4.0142
 105.313   54.787       3.1877
 105.313   57.037       2.3613
 105.313   59.286       2.0277
 105.313   61.536       2.1714
 105.313   63.786       2.4409
 105.313   66.036       2.7745
 105.313   68.285       2.7745
 105.313   70.535       2.1714
 105.313   72.785       1.9119
 105.313   75.035       1.5165
 105.313   77.285       1.7582
 105.313   79.534       2.0718
 105.313   81.784       2.1714
 105.313   84.034       2.1196
 105.313   86.284       1.6820
 105.313   88.534       1.4814
 105.313   90.783       1.8150
 105.313   93.033       1.5733
 105.313   95.283       1.5348
 105.313   97.533       1.2808
 105.313   99.782       1.2229
 105.313  102.032       1.3587
 105.313  104.282       1.7582
 105.313  106.532       2.5328
 105.313  108.782       2.5328
 105.313  111.031       1.9481
 105.313  113.281       2.5328
 105.313  115.531       2.6415
 105.313  117.781       2.6415
 105.313  120.030       4.0142
 105.313  122.280       4.0142
 105.313  124.530       4.0142
 105.313  126.780       4.0142
 105.313  129.030       4.0142
 105.313  131.279       4.0142
 105.313  133.529       4.0142
 105.313  135.779       4.0142
 105.313  138.029       4.0142
 105.313  140.278       4.0142
 105.313  142.528       4.0142
 105.313  144.778       4.0142
 105.313  147.028       4.0142
 105.313  149.278       4.0142
 105.313  151.527       4.0142
 105.313  153.777       4.0142
 105.313  156.027       4.0142
 105.313  158.277       4.0142
 105.313  160.526       4.0142
 105.313  162.776       4.0142
 105.313  165.026       4.0142
 105.313  167.276       4.0142
 105.313  169.526       4.0142
 105.313  171.775       4.0142
 105.313  174.025       4.0142
 105.313  176.275       4.0142
 105.313  178.525       4.0142
 105.313  180.774       4.0142
 105.313  183.024       4.0142
 105.313  185.274       4.0142
 105.313  187.524       4.0142
 105.313  189.774       4.0142
 105.313  192.023       4.0142
 105.313  194.273       4.0142
 105.313  196.523       4.0142
 105.313  198.773       4.0142
 105.313  201.022       4.0142
 105.313  203.272       4.0142
 105.313  205.522       4.0142
 105.313  207.772       4.0142
 105.313  210.022       4.0142
 105.313  212.271       4.0142
 105.313  214.521       4.0142
 105.313  216.771       4.0142
 105.313  219.021       4.0142
 105.313  221.271       4.0142
 105.313  223.520       4.0142
 105.313  225.770       4.0142
 105.313  228.020       4.0142
 105.313  230.270       4.0142
 105.313  232.519       4.0142
 105.313  234.769       4.0142
 105.313  237.019       4.0142
 105.313  239.269       4.0142
 105.313  241.519       4.0142
 105.313  243.768       4.0142
 105.313  246.018       4.0142
 105.313  248.268       4.0142
 105.313  250.518       4.0142
 105.313  252.767       4.0142
 105.313  255.017       4.0142
 108.222   32.289       4.0142
 108.222   34.539       4.0142
 108.222   36.789       4.0142
 108.222   39.038       4.0142
 108.222   41.288       4.0142
 108.222   43.538       4.0142
 108.222   45.788       4.0142
 108.222   48.037       4.0142
 108.222   50.287       4.0142
 108.222   52.537       4.0142
 108.222   54.787       3.6010
 108.222   57.037       2.6415
 108.222   59.286       2.2283
 108.222   61.536       1.9865
 108.222   63.786       2.6415
 108.222   66.036       1.7063
 108.222   68.285       1.6144
 108.222   70.535       2.0277
 108.222   72.785       2.1196
 108.222   75.035       1.8150
 108.222   77.285       2.3613
 108.222   79.534       2.2911
 108.222   81.784       2.1196
 108.222   84.034       1.7582
 108.222   86.284       1.4324
 108.222   88.534       1.7063
 108.222   90.783       1.4324
 108.222   93.033       1.2808
 108.222   95.283       1.1310
 108.222   97.533       1.0270
 108.222   99.782       1.4324
 108.222  102.032       1.2808
 108.222  104.282       1.9865
 108.222  106.532       2.2911
 108.222  108.782       2.3613
 108.222  111.031       1.8778
 108.222  113.281       2.5328
 108.222  115.531       3.6010
 108.222  117.781       4.0142
 108.222  120.030       4.0142
 108.222  122.280       4.0142
 108.222  124.530       4.0142
 108.222  126.780       4.0142
 108.222  129.030       4.0142
 108.222  131.279       4.0142
 108.222  133.529       4.0142
 108.222  135.779       4.0142
 108.222  138.029       4.0142
 108.222  140.278       4.0142
 108.222  142.528       4.0142
 108.222  144.778       4.0142
 108.222  147.028       4.0142
 108.222  149.278       4.0142
 108.222  151.527       4.0142
 108.222  153.777       4.0142
 108.222  156.027       4.0142
 108.222  158.277       4.0142
 108.222  160.526       4.0142
 108.222  162.776       4.0142
 108.222  165.026       4.0142
 108.222  167.276       4.0142
 108.222  169.526       4.0142
 108.222  171.775       4.0142
 108.222  174.025       4.0142
 108.222  176.275       4.0142
 108.222  178.525       4.0142
 108.222  180.774       4.0142
 108.222  183.024       4.0142
 108.222  185.274       4.0142
 108.222  187.524       4.0142
 108.222  189.774       4.0142
 108.222  192.023       4.0142
 108.222  194.273       4.0142
 108.222  196.523       4.0142
 108.222  198.773       4.0142
 108.222  201.022       4.0142
 108.222  203.272       4.0142
 108.222  205.522       4.0142
 108.222  207.772       4.0142
 108.222  210.022       4.0142
 108.222  212.271       4.0142
 108.222  214.521       4.0142
 108.222  216.771       4.0142
 108.222  219.021       4.0142
 108.222  221.271       4.0142
 108.222  223.520       4.0142
 108.222  225.770       4.0142
 108.222  228.020       4.0142
 108.222  230.270       4.0142
 108.222  232.519       4.0142
 108.222  234.769       4.0142
 108.222  237.019       4.0142
 108.222  239.269       4.0142
 108.222  241.519       4.0142
 108.222  243.768       4.0142
 108.222  246.018       4.0142
 108.222  248.268       4.0142
 108.222  250.518       4.0142
 108.222  252.767       4.0142
 108.222  255.017       4.0142
 111.130   32.289       4.0142
 111.130   34.539       4.0142
 111.130   36.789       4.0142
 111.130   39.038       4.0142
 111.130   41.288       4.0142
 111.130   43.538       4.0142
 111.130   45.788       4.0142
 111.130   48.037       4.0142
 111.130   50.287       4.0142
 111.130   52.537       4.0142
 111.130   54.787       4.0142
 111.130   57.037       3.6010
 111.130   59.286       2.1714
 111.130   61.536       2.2283
 111.130   63.786       2.4409
 111.130   66.036       1.9481
 111.130   68.285       1.9119
 111.130   70.535       2.0277
 111.130   72.785       2.2911
 111.130   75.035       2.0277
 111.130   77.285       1.8150
 111.130   79.534       1.8150
 111.130   81.784       1.7859
 111.130   84.034       1.4987
 111.130   86.284       1.5538
 111.130   88.534       1.6586
 111.130   90.783       1.7582
 111.130   93.033       1.0682
 111.130   95.283       1.1701
 111.130   97.533       1.1216
 111.130   99.782       1.2229
 111.130  102.032       1.8456
 111.130  104.282       1.8150
 111.130  106.532       1.9119
 111.130  108.782       1.6586
 111.130  111.031       1.9865
 111.130  113.281       2.7745
 111.130  115.531       3.6010
 111.130  117.781       4.0142
 111.130  120.030       4.0142
 111.130  122.280       4.0142
 111.130  124.530       4.0142
 111.130  126.780       4.0142
 111.130  129.030       4.0142
 111.130  131.279       4.0142
 111.130  133.529       4.0142
 111.130  135.779       4.0142
 111.130  138.029       4.0142
 111.130  140.278       4.0142
 111.130  142.528       4.0142
 111.130  144.778       4.0142
 111.130  147.028       4.0142
 111.130  149.278       4.0142
 111.130  151.527       4.0142
 111.130  153.777       4.0142
 111.130  156.027       4.0142
 111.130  158.277       4.0142
 111.130  160.526       4.0142
 111.130  162.776       4.0142
 111.130  165.026       4.0142
 111.130  167.276       4.0142
 111.130  169.526       4.0142
 111.130  171.775       4.0142
 111.130  174.025       4.0142
 111.130  176.275       4.0142
 111.130  178.525       4.0142
 111.130  180.774       4.0142
 111.130  183.024       4.0142
 111.130  185.274       4.0142
 111.130  187.524       4.0142
 111.130  189.774       4.0142
 111.130  192.023       4.0142
 111.130  194.273       4.0142
 111.130  196.523       4.0142
 111.130  198.773       4.0142
 111.130  201.022       4.0142
 111.130  203.272       4.0142
 111.130  205.522       4.0142
 111.130  207.772       4.0142
 111.130  210.022       4.0142
 111.130  212.271       4.0142
 111.130  214.521       4.0142
 111.130  216.771       4.0142
 111.130  219.021       4.0142
 111.130  221.271       4.0142
 111.130  223.520       4.0142
 111.130  225.770       4.0142
 111.130  228.020       4.0142
 111.130  230.270       4.0142
 111.130  232.519       4.0142
 111.130  234.769       4.0142
 111.130  237.019       4.0142
 111.130  239.269       4.0142
 111.130  241.519       4.0142
 111.130  243.768       4.0142
 111.130  246.018       4.0142
 111.130  248.268       4.0142
 111.130  250.518       4.0142
 111.130  252.767       4.0142
 111.130  255.017       4.0142
 114.038   32.289       4.0142
 114.038   34.539       4.0142
 114.038   36.789       4.0142
 114.038   39.038       4.0142
 114.038   41.288       4.0142
 114.038   43.538       4.0142
 114.038   45.788       4.0142
 114.038   48.037       4.0142
 114.038   50.287       4.0142
 114.038   52.537       4.0142
 114.038   54.787       4.0142
 114.038   57.037       2.7745
 114.038   59.286       2.6415
 114.038   61.536       2.1714
 114.038   63.786       2.1714
 114.038   66.036       1.6820
 114.038   68.285       1.6586
 114.038   70.535       1.8778
 114.038   72.785       2.5328
 114.038   75.035       1.8150
 114.038   77.285       2.5328
 114.038   79.534       2.2283
 114.038   81.784       1.6361
 114.038   84.034       1.3185
 114.038   86.284       1.2931
 114.038   88.534       1.3316
 114.038   90.783       1.6586
 114.038   93.033       1.4483
 114.038   95.283       1.1803
 114.038   97.533       1.2688
 114.038   99.782       1.4646
 114.038  102.032       1.9481
 114.038  104.282       1.8778
 114.038  106.532       1.7859
 114.038  108.782       2.5328
 114.038  111.031       1.8778
 114.038  113.281       2.0718
 114.038  115.531       2.9460
 114.038  117.781       4.0142
 114.038  120.030       4.0142
 114.038  122.280       4.0142
 114.038  124.530       4.0142
 114.038  126.780       4.0142
 114.038  129.030       4.0142
 114.038  131.279       4.0142
 114.038  133.529       4.0142
 114.038  135.779       4.0142
 114.038  138.029       4.0142
 114.038  140.278       4.0142
 114.038  142.528       4.0142
 114.038  144.778       4.0142
 114.038  147.028       4.0142
 114.038  149.278       4.0142
 114.038  151.527       4.0142
 114.038  153.777       4.0142
 114.038  156.027       4.0142
 114.038  158.277       4.0142
 114.038  160.526       4.0142
 114.038  162.776       4.0142
 114.038  165.026       4.0142
 114.038  167.276       4.0142
 114.038  169.526       4.0142
 114.038  171.775       4.0142
 114.038  174.025       4.0142
 114.038  176.275       4.0142
 114.038  178.525       4.0142
 114.038  180.774       4.0142
 114.038  183.024       4.0142
 114.038  185.274       4.0142
 114.038  187.524       4.0142
 114.038  189.774       4.0142
 114.038  192.023       4.0142
 114.038  194.273       4.0142
 114.038  196.523       4.0142
 114.038  198.773       4.0142
 114.038  201.022       4.0142
 114.038  203.272       4.0142
 114.038  205.522       4.0142
 114.038  207.772       4.0142
 114.038  210.022       4.0142
 114.038  212.271       4.0142
 114.038  214.521       4.0142
 114.038  216.771       4.0142
 114.038  219.021       4.0142
 114.038  221.271       4.0142
 114.038  223.520       4.0142
 114.038  225.770       4.0142
 114.038  228.020       4.0142
 114.038  230.270       4.0142
 114.038  232.519       4.0142
 114.038  234.769       4.0142
 114.038  237.019       4.0142
 114.038  239.269       4.0142
 114.038  241.519       4.0142
 114.038  243.768       4.0142
 114.038  246.018       4.0142
 114.038  248.268       4.0142
 114.038  250.518       4.0142
 114.038  252.767       4.0142
 114.038  255.017       4.0142
 116.947   32.289       4.0142
 116.947   34.539       4.0142
 116.947   36.789       4.0142
 116.947   39.038       4.0142
 116.947   41.288       4.0142
 116.947   43.538       4.0142
 116.947   45.788       4.0142
 116.947   48.037       4.0142
 116.947   50.287       4.0142
 116.947   52.537       4.0142
 116.947   54.787       4.0142
 116.947   57.037       4.0142
 116.947   59.286       4.0142
 116.947   61.536       4.0142
 116.947   63.786       2.5328
 116.947   66.036       1.9865
 116.947   68.285       1.5733
 116.947   70.535       1.6361
 116.947   72.785       2.1196
 116.947   75.035       2.3613
 116.947   77.285       2.6415
 116.947   79.534       2.1196
 116.947   81.784       1.7859
 116.947   84.034       1.3316
 116.947   86.284       1.1124
 116.947   88.534       1.4169
 116.947   90.783       1.9119
 116.947   93.033       1.4324
 116.947   95.283       1.4018
 116.947   97.533       1.5935
 116.947   99.782       1.7582
 116.947  102.032       1.6820
 116.947  104.282       1.9119
 116.947  106.532       2.1196
 116.947  108.782       2.0718
 116.947  111.031       1.9481
 116.947  113.281       2.7745
 116.947  115.531       4.0142
 116.947  117.781       4.0142
 116.947  120.030       4.0142
 116.947  122.280       4.0142
 116.947  124.530       4.0142
 116.947  126.780       4.0142
 116.947  129.030       4.0142
 116.947  131.279       4.0142
 116.947  133.529       4.0142
 116.947  135.779       4.0142
 116.947  138.029       4.0142
 116.947  140.278       4.0142
 116.947  142.528       4.0142
 116.947  144.778       4.0142
 116.947  147.028       4.0142
 116.947  149.278       4.0142
 116.947  151.527       4.0142
 116.947  153.777       4.0142
 116.947  156.027       4.0142
 116.947  158.277       4.0142
 116.947  160.526       4.0142
 116.947  162.776       4.0142
 116.947  165.026       4.0142
 116.947  167.276       4.0142
 116.947  169.526       4.0142
 116.947  171.775       4.0142
 116.947  174.025       4.0142
 116.947  176.275       4.0142
 116.947  178.525       4.0142
 116.947  180.774       4.0142
 116.947  183.024       4.0142
 116.947  185.274       4.0142
 116.947  187.524       4.0142
 116.947  189.774       4.0142
 116.947  192.023       4.0142
 116.947  194.273       4.0142
 116.947  196.523       4.0142
 116.947  198.773       4.0142
 116.947  201.022       4.0142
 116.947  203.272       4.0142
 116.947  205.522       4.0142
 116.947  207.772       4.0142
 116.947  210.022       4.0142
 116.947  212.271       4.0142
 116.947  214.521       4.0142
 116.947  216.771       4.0142
 116.947  219.021       4.0142
 116.947  221.271       4.0142
 116.947  223.520       4.0142
 116.947  225.770       4.0142
 116.947  228.020       4.0142
 116.947  230.270       4.0142
 116.947  232.519       4.0142
 116.947  234.769       4.0142
 116.947  237.019       4.0142
 116.947  239.269       4.0142
 116.947  241.519       4.0142
 116.947  243.768       4.0142
 116.947  246.018       4.0142
 116.947  248.268       4.0142
 116.947  250.518       4.0142
 116.947  252.767       4.0142
 116.947  255.017       4.0142
 119.855   32.289       4.0142
 119.855   34.539       4.0142
 119.855   36.789       4.0142
 119.855   39.038       4.0142
 119.855   41.288       4.0142
 119.855   43.538       4.0142
 119.855   45.788       4.0142
 119.855   48.037       4.0142
 119.855   50.287       4.0142
 119.855   52.537       4.0142
 119.855   54.787       4.0142
 119.855   57.037       4.0142
 119.855   59.286       4.0142
 119.855   61.536       4.0142
 119.855   63.786       3.1877
 119.855   66.036       2.4409
 119.855   68.285       2.3613
 119.855   70.535       3.6010
 119.855   72.785       4.0142
 119.855   75.035       4.0142
 119.855   77.285       2.4409
 119.855   79.534       2.3613
 119.855   81.784       1.8778
 119.855   84.034       1.7317
 119.855   86.284       1.9481
 119.855   88.534       2.0718
 119.855   90.783       1.9119
 119.855   93.033       1.8456
 119.855   95.283       1.8456
 119.855   97.533       1.7063
 119.855   99.782       1.7859
 119.855  102.032       1.8150
 119.855  104.282       2.0277
 119.855  106.532       1.6820
 119.855  108.782       2.0277
 119.855  111.031       2.6415
 119.855  113.281       3.1877
 119.855  115.531       4.0142
 119.855  117.781       4.0142
 119.855  120.030       4.0142
 119.855  122.280       4.0142
 119.855  124.530       4.0142
 119.855  126.780       4.0142
 119.855  129.030       4.0142
 119.855  131.279       4.0142
 119.855  133.529       4.0142
 119.855  135.779       4.0142
 119.855  138.029       4.0142
 119.855  140.278       4.0142
 119.855  142.528       4.0142
 119.855  144.778       4.0142
 119.855  147.028       4.0142
 119.855  149.278       4.0142
 119.855  151.527       4.0142
 119.855  153.777       4.0142
 119.855  156.027       4.0142
 119.855  158.277       4.0142
 119.855  160.526       4.0142
 119.855  162.776       4.0142
 119.855  165.026       4.0142
 119.855  167.276       4.0142
 119.855  169.526       4.0142
 119.855  171.775       4.0142
 119.855  174.025       4.0142
 119.855  176.275       4.0142
 119.855  178.525       4.0142
 119.855  180.774       4.0142
 119.855  183.024       4.0142
 119.855  185.274       4.0142
 119.855  187.524       4.0142
 119.855  189.774       4.0142
 119.855  192.023       4.0142
 119.855  194.273       4.0142
 119.855  196.523       4.0142
 119.855  198.773       4.0142
 119.855  201.022       4.0142
 119.855  203.272       4.0142
 119.855  205.522       4.0142
 119.855  207.772       4.0142
 119.855  210.022       4.0142
 119.855  212.271       4.0142
 119.855  214.521       4.0142
 119.855  216.771       4.0142
 119.855  219.021       4.0142
 119.855  221.271       4.0142
 119.855  223.520       4.0142
 119.855  225.770       4.0142
 119.855  228.020       4.0142
 119.855  230.270       4.0142
 119.855  232.519       4.0142
 119.855  234.769       4.0142
 119.855  237.019       4.0142
 119.855  239.269       4.0142
 119.855  241.519       4.0142
 119.855  243.768       4.0142
 119.855  246.018       4.0142
 119.855  248.268       4.0142
 119.855  250.518       4.0142
 119.855  252.767       4.0142
 119.855  255.017       4.0142
 122.763   32.289       4.0142
 122.763   34.539       4.0142
 122.763   36.789       4.0142
 122.763   39.038       4.0142
 122.763   41.288       4.0142
 122.763   43.538       4.0142
 122.763   45.788       4.0142
 122.763   48.037       4.0142
 122.763   50.287       4.0142
 122.763   52.537       4.0142
 122.763   54.787       4.0142
 122.763   57.037       4.0142
 122.763   59.286       4.0142
 122.763   61.536       4.0142
 122.763   63.786       4.0142
 122.763   66.036       3.6010
 122.763   68.285       2.9460
 122.763   70.535       4.0142
 122.763   72.785       4.0142
 122.763   75.035       3.6010
 122.763   77.285       3.6010
 122.763   79.534       2.5328
 122.763   81.784       4.0142
 122.763   84.034       2.9460
 122.763   86.284       3.6010
 122.763   88.534       2.9460
 122.763   90.783       2.6415
 122.763   93.033       2.7745
 122.763   95.283       2.6415
 122.763   97.533       2.2283
 122.763   99.782       2.0718
 122.763  102.032       1.8456
 122.763  104.282       1.5935
 122.763  106.532       1.9119
 122.763  108.782       2.6415
 122.763  111.031       3.6010
 122.763  113.281       4.0142
 122.763  115.531       4.0142
 122.763  117.781       4.0142
 122.763  120.030       4.0142
 122.763  122.280       4.0142
 122.763  124.530       4.0142
 122.763  126.780       4.0142
 122.763  129.030       4.0142
 122.763  131.279       4.0142
 122.763  133.529       4.0142
 122.763  135.779       4.0142
 122.763  138.029       4.0142
 122.763  140.278       4.0142
 122.763  142.528       4.0142
 122.763  144.778       4.0142
 122.763  147.028       4.0142
 122.763  149.278       4.0142
 122.763  151.527       4.0142
 122.763  153.777       4.0142
 122.763  156.027       4.0142
 122.763  158.277       4.0142
 122.763  160.526       4.0142
 122.763  162.776       4.0142
 122.763  165.026       4.0142
 122.763  167.276       4.0142
 122.763  169.526       4.0142
 122.763  171.775       4.0142
 122.763  174.025       4.0142
 122.763  176.275       4.0142
 122.763  178.525       4.0142
 122.763  180.774       4.0142
 122.763  183.024       4.0142
 122.763  185.274       4.0142
 122.763  187.524       4.0142
 122.763  189.774       4.0142
 122.763  192.023       4.0142
 122.763  194.273       4.0142
 122.763  196.523       4.0142
 122.763  198.773       4.0142
 122.763  201.022       4.0142
 122.763  203.272       4.0142
 122.763  205.522       4.0142
 122.763  207.772       4.0142
 122.763  210.022       4.0142
 122.763  212.271       4.0142
 122.763  214.521       4.0142
 122.763  216.771       4.0142
 122.763  219.021       4.0142
 122.763  221.271       4.0142
 122.763  223.520       4.0142
 122.763  225.770       4.0142
 122.763  228.020       4.0142
 122.763  230.270       4.0142
 122.763  232.519       4.0142
 122.763  234.769       4.0142
 122.763  237.019       4.0142
 122.763  239.269       4.0142
 122.763  241.519       4.0142
 122.763  243.768       4.0142
 122.763  246.018       4.0142
 122.763  248.268       4.0142
 122.763  250.518       4.0142
 122.763  252.767       4.0142
 122.763  255.017       4.0142
 125.672   32.289       4.0142
 125.672   34.539       4.0142
 125.672   36.789       4.0142
 125.672   39.038       4.0142
 125.672   41.288       4.0142
 125.672   43.538       4.0142
 125.672   45.788       4.0142
 125.672   48.037       4.0142
 125.672   50.287       4.0142
 125.672   52.537       4.0142
 125.672   54.787       4.0142
 125.672   57.037       4.0142
 125.672   59.286       4.0142
 125.672   61.536       4.0142
 125.672   63.786       4.0142
 125.672   66.036       4.0142
 125.672   68.285       4.0142
 125.672   70.535       4.0142
 125.672   72.785       4.0142
 125.672   75.035       4.0142
 125.672   77.285       4.0142
 125.672   79.534       4.0142
 125.672   81.784       4.0142
 125.672   84.034       4.0142
 125.672   86.284       4.0142
 125.672   88.534       4.0142
 125.672   90.783       4.0142
 125.672   93.033       4.0142
 125.672   95.283       4.0142
 125.672   97.533       3.6010
 125.672   99.782       3.1877
 125.672  102.032       3.1877
 125.672  104.282       2.1714
 125.672  106.532       2.7745
 125.672  108.782       3.6010
 125.672  111.031       4.0142
 125.672  113.281       4.0142
 125.672  115.531       4.0142
 125.672  117.781       4.0142
 125.672  120.030       4.0142
 125.672  122.280       4.0142
 125.672  124.530       4.0142
 125.672  126.780       4.0142
 125.672  129.030       4.0142
 125.672  131.279       4.0142
 125.672  133.529       4.0142
 125.672  135.779       4.0142
 125.672  138.029       4.0142
 125.672  140.278       4.0142
 125.672  142.528       4.0142
 125.672  144.778       4.0142
 125.672  147.028       4.0142
 125.672  149.278       4.0142
 125.672  151.527       4.0142
 125.672  153.777       4.0142
 125.672  156.027       4.0142
 125.672  158.277       4.0142
 125.672  160.526       4.0142
 125.672  162.776       4.0142
 125.672  165.026       4.0142
 125.672  167.276       4.0142
 125.672  169.526       4.0142
 125.672  171.775       4.0142
 125.672  174.025       4.0142
 125.672  176.275       4.0142
 125.672  178.525       4.0142
 125.672  180.774       4.0142
 125.672  183.024       4.0142
 125.672  185.274       4.0142
 125.672  187.524       4.0142
 125.672  189.774       4.0142
 125.672  192.023       4.0142
 125.672  194.273       4.0142
 125.672  196.523       4.0142
 125.672  198.773       4.0142
 125.672  201.022       4.0142
 125.672  203.272       4.0142
 125.672  205.522       4.0142
 125.672  207.772       4.0142
 125.672  210.022       4.0142
 125.672  212.271       4.0142
 125.672  214.521       4.0142
 125.672  216.771       4.0142
 125.672  219.021       4.0142
 125.672  221.271       4.0142
 125.672  223.520       4.0142
 125.672  225.770       4.0142
 125.672  228.020       4.0142
 125.672  230.270       4.0142
 125.672  232.519       4.0142
 125.672  234.769       4.0142
 125.672  237.019       4.0142
 125.672  239.269       4.0142
 125.672  241.519       4.0142
 125.672  243.768       4.0142
 125.672  246.018       4.0142
 125.672  248.268       4.0142
 125.672  250.518       4.0142
 125.672  252.767       4.0142
 125.672  255.017       4.0142
