-372.601  -92.630       4.1133
-372.601  -89.472       4.1133
-372.601  -86.314       4.1133
-372.601  -83.156       4.1133
-372.601  -79.997       4.1133
-372.601  -76.839       4.1133
-372.601  -73.681       4.1133
-372.601  -70.523       4.1133
-372.601  -67.365       4.1133
-372.601  -64.207       4.1133
-372.601  -61.049       4.1133
-372.601  -57.890       4.1133
-372.601  -54.732       4.1133
-372.601  -51.574       4.1133
-372.601  -48.416       4.1133
-372.601  -45.258       4.1133
-372.601  -42.100       3.7001
-372.601  -38.942       4.1133
-372.601  -35.783       4.1133
-372.601  -32.625       4.1133
-372.601  -29.467       4.1133
-372.601  -26.309       4.1133
-372.601  -23.151       4.1133
-372.601  -19.993       4.1133
-372.601  -16.835       4.1133
-372.601  -13.677       4.1133
-372.601  -10.518       4.1133
-372.601   -7.360       4.1133
-372.601   -4.202       4.1133
-372.601   -1.044       4.1133
-372.601    2.114       4.1133
-372.601    5.272       4.1133
-372.601    8.430       4.1133
-372.601   11.589       4.1133
-372.601   14.747       4.1133
-372.601   17.905       4.1133
-372.601   21.063       4.1133
-372.601   24.221       4.1133
-372.601   27.379       4.1133
-372.601   30.537       4.1133
-372.601   33.696       4.1133
-372.601   36.854       4.1133
-372.601   40.012       4.1133
-372.601   43.170       4.1133
-372.601   46.328       4.1133
-372.601   49.486       4.1133
-372.601   52.644       4.1133
-372.601   55.803       4.1133
-372.601   58.961       4.1133
-372.601   62.119       4.1133
-372.601   65.277       4.1133
-372.601   68.435       4.1133
-372.601   71.593       4.1133
-372.601   74.751       4.1133
-372.601   77.910       4.1133
-372.601   81.068       4.1133
-372.601   84.226       4.1133
-372.601   87.384       4.1133
-372.601   90.542       4.1133
-372.601   93.700       2.2187
-372.601   96.858       2.0857
-372.601  100.017       4.1133
-372.601  103.175       4.1133
-372.601  106.333       4.1133
-372.601  109.491       4.1133
-372.601  112.649       4.1133
-372.601  115.807       4.1133
-372.601  118.965       4.1133
-372.601  122.124       4.1133
-372.601  125.282       4.1133
-372.601  128.440       4.1133
-372.601  131.598       4.1133
-372.601  134.756       4.1133
-372.601  137.914       4.1133
-372.601  141.072       4.1133
-372.601  144.230       4.1133
-372.601  147.389       4.1133
-372.601  150.547       4.1133
-372.601  153.705       4.1133
-372.601  156.863       4.1133
-372.601  160.021       4.1133
-372.601  163.179       4.1133
-372.601  166.337       4.1133
-372.601  169.496       4.1133
-372.601  172.654       4.1133
-372.601  175.812       4.1133
-372.601  178.970       4.1133
-372.601  182.128       4.1133
-372.601  185.286       4.1133
-372.601  188.444       4.1133
-372.601  191.603       4.1133
-372.601  194.761       4.1133
-372.601  197.919       4.1133
-372.601  201.077       4.1133
-372.601  204.235       4.1133
-372.601  207.393       4.1133
-372.601  210.551       4.1133
-372.601  213.710       4.1133
-372.601  216.868       4.1133
-372.601  220.026       4.1133
-369.013  -92.630       4.1133
-369.013  -89.472       4.1133
-369.013  -86.314       4.1133
-369.013  -83.156       4.1133
-369.013  -79.997       4.1133
-369.013  -76.839       4.1133
-369.013  -73.681       4.1133
-369.013  -70.523       4.1133
-369.013  -67.365       4.1133
-369.013  -64.207       4.1133
-369.013  -61.049       4.1133
-369.013  -57.890       4.1133
-369.013  -54.732       4.1133
-369.013  -51.574       4.1133
-369.013  -48.416       4.1133
-369.013  -45.258       4.1133
-369.013  -42.100       4.1133
-369.013  -38.942       4.1133
-369.013  -35.783       4.1133
-369.013  -32.625       4.1133
-369.013  -29.467       4.1133
-369.013  -26.309       4.1133
-369.013  -23.151       4.1133
-369.013  -19.993       4.1133
-369.013  -16.835       4.1133
-369.013  -13.677       4.1133
-369.013  -10.518       4.1133
-369.013   -7.360       4.1133
-369.013   -4.202       4.1133
-369.013   -1.044       4.1133
-369.013    2.114       4.1133
-369.013    5.272       4.1133
-369.013    8.430       4.1133
-369.013   11.589       4.1133
-369.013   14.747       4.1133
-369.013   17.905       4.1133
-369.013   21.063       4.1133
-369.013   24.221       4.1133
-369.013   27.379       4.1133
-369.013   30.537       4.1133
-369.013   33.696       4.1133
-369.013   36.854       4.1133
-369.013   40.012       4.1133
-369.013   43.170       4.1133
-369.013   46.328       4.1133
-369.013   49.486       4.1133
-369.013   52.644       4.1133
-369.013   55.803       4.1133
-369.013   58.961       4.1133
-369.013   62.119       4.1133
-369.013   65.277       4.1133
-369.013   68.435       4.1133
-369.013   71.593       4.1133
-369.013   74.751       4.1133
-369.013   77.910       4.1133
-369.013   81.068       4.1133
-369.013   84.226       2.8737
-369.013   87.384       2.4604
-369.013   90.542       2.2706
-369.013   93.700       1.7812
-369.013   96.858       1.8309
-369.013  100.017       2.1268
-369.013  103.175       2.4604
-369.013  106.333       3.2869
-369.013  109.491       2.7406
-369.013  112.649       3.2869
-369.013  115.807       4.1133
-369.013  118.965       4.1133
-369.013  122.124       4.1133
-369.013  125.282       4.1133
-369.013  128.440       4.1133
-369.013  131.598       4.1133
-369.013  134.756       4.1133
-369.013  137.914       4.1133
-369.013  141.072       4.1133
-369.013  144.230       4.1133
-369.013  147.389       4.1133
-369.013  150.547       4.1133
-369.013  153.705       4.1133
-369.013  156.863       4.1133
-369.013  160.021       4.1133
-369.013  163.179       4.1133
-369.013  166.337       4.1133
-369.013  169.496       4.1133
-369.013  172.654       4.1133
-369.013  175.812       4.1133
-369.013  178.970       4.1133
-369.013  182.128       4.1133
-369.013  185.286       4.1133
-369.013  188.444       4.1133
-369.013  191.603       4.1133
-369.013  194.761       4.1133
-369.013  197.919       4.1133
-369.013  201.077       4.1133
-369.013  204.235       4.1133
-369.013  207.393       4.1133
-369.013  210.551       4.1133
-369.013  213.710       4.1133
-369.013  216.868       4.1133
-369.013  220.026       4.1133
-365.424  -92.630       4.1133
-365.424  -89.472       4.1133
-365.424  -86.314       4.1133
-365.424  -83.156       4.1133
-365.424  -79.997       4.1133
-365.424  -76.839       4.1133
-365.424  -73.681       4.1133
-365.424  -70.523       4.1133
-365.424  -67.365       4.1133
-365.424  -64.207       4.1133
-365.424  -61.049       4.1133
-365.424  -57.890       4.1133
-365.424  -54.732       4.1133
-365.424  -51.574       4.1133
-365.424  -48.416       4.1133
-365.424  -45.258       4.1133
-365.424  -42.100       4.1133
-365.424  -38.942       4.1133
-365.424  -35.783       4.1133
-365.424  -32.625       4.1133
-365.424  -29.467       4.1133
-365.424  -26.309       4.1133
-365.424  -23.151       4.1133
-365.424  -19.993       4.1133
-365.424  -16.835       4.1133
-365.424  -13.677       4.1133
-365.424  -10.518       4.1133
-365.424   -7.360       4.1133
-365.424   -4.202       4.1133
-365.424   -1.044       4.1133
-365.424    2.114       4.1133
-365.424    5.272       4.1133
-365.424    8.430       4.1133
-365.424   11.589       4.1133
-365.424   14.747       4.1133
-365.424   17.905       4.1133
-365.424   21.063       4.1133
-365.424   24.221       4.1133
-365.424   27.379       4.1133
-365.424   30.537       4.1133
-365.424   33.696       4.1133
-365.424   36.854       4.1133
-365.424   40.012       4.1133
-365.424   43.170       4.1133
-365.424   46.328       4.1133
-365.424   49.486       4.1133
-365.424   52.644       4.1133
-365.424   55.803       4.1133
-365.424   58.961       4.1133
-365.424   62.119       4.1133
-365.424   65.277       4.1133
-365.424   68.435       4.1133
-365.424   71.593       4.1133
-365.424   74.751       4.1133
-365.424   77.910       4.1133
-365.424   81.068       4.1133
-365.424   84.226       2.8737
-365.424   87.384       2.4604
-365.424   90.542       1.9770
-365.424   93.700       1.7578
-365.424   96.858       1.5978
-365.424  100.017       1.9770
-365.424  103.175       1.9142
-365.424  106.333       2.1268
-365.424  109.491       2.0472
-365.424  112.649       3.2869
-365.424  115.807       4.1133
-365.424  118.965       4.1133
-365.424  122.124       4.1133
-365.424  125.282       4.1133
-365.424  128.440       4.1133
-365.424  131.598       4.1133
-365.424  134.756       4.1133
-365.424  137.914       4.1133
-365.424  141.072       4.1133
-365.424  144.230       4.1133
-365.424  147.389       4.1133
-365.424  150.547       4.1133
-365.424  153.705       4.1133
-365.424  156.863       4.1133
-365.424  160.021       4.1133
-365.424  163.179       4.1133
-365.424  166.337       4.1133
-365.424  169.496       4.1133
-365.424  172.654       4.1133
-365.424  175.812       4.1133
-365.424  178.970       4.1133
-365.424  182.128       4.1133
-365.424  185.286       4.1133
-365.424  188.444       4.1133
-365.424  191.603       4.1133
-365.424  194.761       4.1133
-365.424  197.919       4.1133
-365.424  201.077       4.1133
-365.424  204.235       4.1133
-365.424  207.393       4.1133
-365.424  210.551       4.1133
-365.424  213.710       4.1133
-365.424  216.868       4.1133
-365.424  220.026       4.1133
-361.836  -92.630       4.1133
-361.836  -89.472       4.1133
-361.836  -86.314       4.1133
-361.836  -83.156       4.1133
-361.836  -79.997       4.1133
-361.836  -76.839       4.1133
-361.836  -73.681       4.1133
-361.836  -70.523       4.1133
-361.836  -67.365       4.1133
-361.836  -64.207       4.1133
-361.836  -61.049       4.1133
-361.836  -57.890       4.1133
-361.836  -54.732       4.1133
-361.836  -51.574       4.1133
-361.836  -48.416       4.1133
-361.836  -45.258       4.1133
-361.836  -42.100       4.1133
-361.836  -38.942       4.1133
-361.836  -35.783       4.1133
-361.836  -32.625       4.1133
-361.836  -29.467       4.1133
-361.836  -26.309       4.1133
-361.836  -23.151       4.1133
-361.836  -19.993       4.1133
-361.836  -16.835       4.1133
-361.836  -13.677       4.1133
-361.836  -10.518       4.1133
-361.836   -7.360       4.1133
-361.836   -4.202       4.1133
-361.836   -1.044       4.1133
-361.836    2.114       4.1133
-361.836    5.272       4.1133
-361.836    8.430       4.1133
-361.836   11.589       4.1133
-361.836   14.747       4.1133
-361.836   17.905       4.1133
-361.836   21.063       4.1133
-361.836   24.221       4.1133
-361.836   27.379       4.1133
-361.836   30.537       4.1133
-361.836   33.696       4.1133
-361.836   36.854       4.1133
-361.836   40.012       4.1133
-361.836   43.170       4.1133
-361.836   46.328       4.1133
-361.836   49.486       4.1133
-361.836   52.644       4.1133
-361.836   55.803       4.1133
-361.836   58.961       4.1133
-361.836   62.119       4.1133
-361.836   65.277       4.1133
-361.836   68.435       4.1133
-361.836   71.593       4.1133
-361.836   74.751       4.1133
-361.836   77.910       4.1133
-361.836   81.068       4.1133
-361.836   84.226       3.2869
-361.836   87.384       4.1133
-361.836   90.542       2.3902
-361.836   93.700       2.4604
-361.836   96.858       1.8851
-361.836  100.017       1.7812
-361.836  103.175       1.5474
-361.836  106.333       1.9448
-361.836  109.491       1.9448
-361.836  112.649       2.0111
-361.836  115.807       2.8737
-361.836  118.965       4.1133
-361.836  122.124       4.1133
-361.836  125.282       4.1133
-361.836  128.440       4.1133
-361.836  131.598       4.1133
-361.836  134.756       4.1133
-361.836  137.914       4.1133
-361.836  141.072       4.1133
-361.836  144.230       4.1133
-361.836  147.389       4.1133
-361.836  150.547       4.1133
-361.836  153.705       4.1133
-361.836  156.863       4.1133
-361.836  160.021       4.1133
-361.836  163.179       4.1133
-361.836  166.337       4.1133
-361.836  169.496       4.1133
-361.836  172.654       4.1133
-361.836  175.812       4.1133
-361.836  178.970       4.1133
-361.836  182.128       4.1133
-361.836  185.286       4.1133
-361.836  188.444       4.1133
-361.836  191.603       4.1133
-361.836  194.761       4.1133
-361.836  197.919       4.1133
-361.836  201.077       4.1133
-361.836  204.235       4.1133
-361.836  207.393       4.1133
-361.836  210.551       4.1133
-361.836  213.710       4.1133
-361.836  216.868       4.1133
-361.836  220.026       4.1133
-358.247  -92.630       4.1133
-358.247  -89.472       4.1133
-358.247  -86.314       4.1133
-358.247  -83.156       4.1133
-358.247  -79.997       4.1133
-358.247  -76.839       4.1133
-358.247  -73.681       4.1133
-358.247  -70.523       4.1133
-358.247  -67.365       4.1133
-358.247  -64.207       4.1133
-358.247  -61.049       4.1133
-358.247  -57.890       4.1133
-358.247  -54.732       4.1133
-358.247  -51.574       4.1133
-358.247  -48.416       4.1133
-358.247  -45.258       4.1133
-358.247  -42.100       4.1133
-358.247  -38.942       4.1133
-358.247  -35.783       4.1133
-358.247  -32.625       4.1133
-358.247  -29.467       4.1133
-358.247  -26.309       4.1133
-358.247  -23.151       4.1133
-358.247  -19.993       4.1133
-358.247  -16.835       4.1133
-358.247  -13.677       4.1133
-358.247  -10.518       4.1133
-358.247   -7.360       4.1133
-358.247   -4.202       4.1133
-358.247   -1.044       4.1133
-358.247    2.114       4.1133
-358.247    5.272       4.1133
-358.247    8.430       4.1133
-358.247   11.589       4.1133
-358.247   14.747       4.1133
-358.247   17.905       4.1133
-358.247   21.063       4.1133
-358.247   24.221       4.1133
-358.247   27.379       4.1133
-358.247   30.537       4.1133
-358.247   33.696       4.1133
-358.247   36.854       4.1133
-358.247   40.012       4.1133
-358.247   43.170       4.1133
-358.247   46.328       4.1133
-358.247   49.486       4.1133
-358.247   52.644       4.1133
-358.247   55.803       4.1133
-358.247   58.961       4.1133
-358.247   62.119       4.1133
-358.247   65.277       4.1133
-358.247   68.435       4.1133
-358.247   71.593       4.1133
-358.247   74.751       4.1133
-358.247   77.910       4.1133
-358.247   81.068       4.1133
-358.247   84.226       4.1133
-358.247   87.384       4.1133
-358.247   90.542       4.1133
-358.247   93.700       3.2869
-358.247   96.858       2.7406
-358.247  100.017       1.6156
-358.247  103.175       1.4578
-358.247  106.333       1.8851
-358.247  109.491       1.9448
-358.247  112.649       2.0111
-358.247  115.807       2.0472
-358.247  118.965       3.7001
-358.247  122.124       4.1133
-358.247  125.282       4.1133
-358.247  128.440       4.1133
-358.247  131.598       4.1133
-358.247  134.756       4.1133
-358.247  137.914       4.1133
-358.247  141.072       4.1133
-358.247  144.230       4.1133
-358.247  147.389       4.1133
-358.247  150.547       4.1133
-358.247  153.705       4.1133
-358.247  156.863       4.1133
-358.247  160.021       4.1133
-358.247  163.179       4.1133
-358.247  166.337       4.1133
-358.247  169.496       4.1133
-358.247  172.654       4.1133
-358.247  175.812       4.1133
-358.247  178.970       4.1133
-358.247  182.128       4.1133
-358.247  185.286       4.1133
-358.247  188.444       4.1133
-358.247  191.603       4.1133
-358.247  194.761       4.1133
-358.247  197.919       4.1133
-358.247  201.077       4.1133
-358.247  204.235       4.1133
-358.247  207.393       4.1133
-358.247  210.551       4.1133
-358.247  213.710       4.1133
-358.247  216.868       4.1133
-358.247  220.026       4.1133
-354.659  -92.630       4.1133
-354.659  -89.472       4.1133
-354.659  -86.314       4.1133
-354.659  -83.156       4.1133
-354.659  -79.997       4.1133
-354.659  -76.839       4.1133
-354.659  -73.681       4.1133
-354.659  -70.523       4.1133
-354.659  -67.365       4.1133
-354.659  -64.207       4.1133
-354.659  -61.049       4.1133
-354.659  -57.890       4.1133
-354.659  -54.732       4.1133
-354.659  -51.574       4.1133
-354.659  -48.416       4.1133
-354.659  -45.258       4.1133
-354.659  -42.100       4.1133
-354.659  -38.942       4.1133
-354.659  -35.783       4.1133
-354.659  -32.625       4.1133
-354.659  -29.467       4.1133
-354.659  -26.309       4.1133
-354.659  -23.151       4.1133
-354.659  -19.993       4.1133
-354.659  -16.835       4.1133
-354.659  -13.677       4.1133
-354.659  -10.518       4.1133
-354.659   -7.360       4.1133
-354.659   -4.202       4.1133
-354.659   -1.044       4.1133
-354.659    2.114       4.1133
-354.659    5.272       4.1133
-354.659    8.430       4.1133
-354.659   11.589       4.1133
-354.659   14.747       4.1133
-354.659   17.905       4.1133
-354.659   21.063       4.1133
-354.659   24.221       4.1133
-354.659   27.379       4.1133
-354.659   30.537       4.1133
-354.659   33.696       4.1133
-354.659   36.854       4.1133
-354.659   40.012       4.1133
-354.659   43.170       4.1133
-354.659   46.328       4.1133
-354.659   49.486       4.1133
-354.659   52.644       4.1133
-354.659   55.803       4.1133
-354.659   58.961       4.1133
-354.659   62.119       4.1133
-354.659   65.277       4.1133
-354.659   68.435       4.1133
-354.659   71.593       4.1133
-354.659   74.751       4.1133
-354.659   77.910       4.1133
-354.659   81.068       4.1133
-354.659   84.226       3.2869
-354.659   87.384       4.1133
-354.659   90.542       4.1133
-354.659   93.700       3.7001
-354.659   96.858       2.4604
-354.659  100.017       2.0857
-354.659  103.175       1.8055
-354.659  106.333       1.6156
-354.659  109.491       1.6927
-354.659  112.649       1.6529
-354.659  115.807       1.7136
-354.659  118.965       1.9448
-354.659  122.124       4.1133
-354.659  125.282       4.1133
-354.659  128.440       4.1133
-354.659  131.598       4.1133
-354.659  134.756       4.1133
-354.659  137.914       4.1133
-354.659  141.072       4.1133
-354.659  144.230       4.1133
-354.659  147.389       4.1133
-354.659  150.547       4.1133
-354.659  153.705       4.1133
-354.659  156.863       4.1133
-354.659  160.021       4.1133
-354.659  163.179       4.1133
-354.659  166.337       4.1133
-354.659  169.496       4.1133
-354.659  172.654       4.1133
-354.659  175.812       4.1133
-354.659  178.970       4.1133
-354.659  182.128       4.1133
-354.659  185.286       4.1133
-354.659  188.444       4.1133
-354.659  191.603       4.1133
-354.659  194.761       4.1133
-354.659  197.919       4.1133
-354.659  201.077       4.1133
-354.659  204.235       4.1133
-354.659  207.393       4.1133
-354.659  210.551       4.1133
-354.659  213.710       4.1133
-354.659  216.868       4.1133
-354.659  220.026       4.1133
-351.070  -92.630       4.1133
-351.070  -89.472       4.1133
-351.070  -86.314       4.1133
-351.070  -83.156       4.1133
-351.070  -79.997       4.1133
-351.070  -76.839       4.1133
-351.070  -73.681       4.1133
-351.070  -70.523       4.1133
-351.070  -67.365       4.1133
-351.070  -64.207       4.1133
-351.070  -61.049       4.1133
-351.070  -57.890       4.1133
-351.070  -54.732       4.1133
-351.070  -51.574       4.1133
-351.070  -48.416       4.1133
-351.070  -45.258       4.1133
-351.070  -42.100       4.1133
-351.070  -38.942       4.1133
-351.070  -35.783       4.1133
-351.070  -32.625       4.1133
-351.070  -29.467       4.1133
-351.070  -26.309       4.1133
-351.070  -23.151       4.1133
-351.070  -19.993       4.1133
-351.070  -16.835       4.1133
-351.070  -13.677       4.1133
-351.070  -10.518       4.1133
-351.070   -7.360       4.1133
-351.070   -4.202       4.1133
-351.070   -1.044       4.1133
-351.070    2.114       4.1133
-351.070    5.272       4.1133
-351.070    8.430       4.1133
-351.070   11.589       4.1133
-351.070   14.747       4.1133
-351.070   17.905       4.1133
-351.070   21.063       4.1133
-351.070   24.221       4.1133
-351.070   27.379       4.1133
-351.070   30.537       4.1133
-351.070   33.696       4.1133
-351.070   36.854       4.1133
-351.070   40.012       4.1133
-351.070   43.170       4.1133
-351.070   46.328       4.1133
-351.070   49.486       4.1133
-351.070   52.644       4.1133
-351.070   55.803       4.1133
-351.070   58.961       4.1133
-351.070   62.119       4.1133
-351.070   65.277       4.1133
-351.070   68.435       4.1133
-351.070   71.593       2.8737
-351.070   74.751       2.3274
-351.070   77.910       2.0857
-351.070   81.068       2.3902
-351.070   84.226       2.0111
-351.070   87.384       2.0111
-351.070   90.542       2.6319
-351.070   93.700       2.0472
-351.070   96.858       1.8055
-351.070  100.017       1.6725
-351.070  103.175       1.4578
-351.070  106.333       1.2898
-351.070  109.491       0.8925
-351.070  112.649       0.9729
-351.070  115.807       1.4719
-351.070  118.965       2.2187
-351.070  122.124       2.8737
-351.070  125.282       4.1133
-351.070  128.440       4.1133
-351.070  131.598       4.1133
-351.070  134.756       4.1133
-351.070  137.914       4.1133
-351.070  141.072       4.1133
-351.070  144.230       4.1133
-351.070  147.389       4.1133
-351.070  150.547       4.1133
-351.070  153.705       4.1133
-351.070  156.863       4.1133
-351.070  160.021       4.1133
-351.070  163.179       4.1133
-351.070  166.337       4.1133
-351.070  169.496       4.1133
-351.070  172.654       4.1133
-351.070  175.812       4.1133
-351.070  178.970       4.1133
-351.070  182.128       4.1133
-351.070  185.286       4.1133
-351.070  188.444       4.1133
-351.070  191.603       4.1133
-351.070  194.761       4.1133
-351.070  197.919       4.1133
-351.070  201.077       4.1133
-351.070  204.235       4.1133
-351.070  207.393       4.1133
-351.070  210.551       4.1133
-351.070  213.710       4.1133
-351.070  216.868       4.1133
-351.070  220.026       4.1133
-347.482  -92.630       4.1133
-347.482  -89.472       4.1133
-347.482  -86.314       4.1133
-347.482  -83.156       4.1133
-347.482  -79.997       4.1133
-347.482  -76.839       4.1133
-347.482  -73.681       4.1133
-347.482  -70.523       4.1133
-347.482  -67.365       4.1133
-347.482  -64.207       4.1133
-347.482  -61.049       4.1133
-347.482  -57.890       4.1133
-347.482  -54.732       4.1133
-347.482  -51.574       4.1133
-347.482  -48.416       4.1133
-347.482  -45.258       4.1133
-347.482  -42.100       4.1133
-347.482  -38.942       4.1133
-347.482  -35.783       4.1133
-347.482  -32.625       4.1133
-347.482  -29.467       4.1133
-347.482  -26.309       4.1133
-347.482  -23.151       4.1133
-347.482  -19.993       4.1133
-347.482  -16.835       4.1133
-347.482  -13.677       4.1133
-347.482  -10.518       4.1133
-347.482   -7.360       4.1133
-347.482   -4.202       4.1133
-347.482   -1.044       4.1133
-347.482    2.114       4.1133
-347.482    5.272       4.1133
-347.482    8.430       4.1133
-347.482   11.589       4.1133
-347.482   14.747       4.1133
-347.482   17.905       4.1133
-347.482   21.063       4.1133
-347.482   24.221       4.1133
-347.482   27.379       4.1133
-347.482   30.537       4.1133
-347.482   33.696       4.1133
-347.482   36.854       4.1133
-347.482   40.012       4.1133
-347.482   43.170       4.1133
-347.482   46.328       4.1133
-347.482   49.486       4.1133
-347.482   52.644       4.1133
-347.482   55.803       4.1133
-347.482   58.961       4.1133
-347.482   62.119       4.1133
-347.482   65.277       4.1133
-347.482   68.435       3.2869
-347.482   71.593       2.3274
-347.482   74.751       1.4862
-347.482   77.910       1.4862
-347.482   81.068       1.7812
-347.482   84.226       1.7136
-347.482   87.384       1.5806
-347.482   90.542       1.2208
-347.482   93.700       1.3445
-347.482   96.858       1.3004
-347.482  100.017       1.3004
-347.482  103.175       1.2115
-347.482  106.333       1.2208
-347.482  109.491       0.8662
-347.482  112.649       0.7250
-347.482  115.807       0.7584
-347.482  118.965       0.9980
-347.482  122.124       1.8574
-347.482  125.282       2.8737
-347.482  128.440       3.7001
-347.482  131.598       4.1133
-347.482  134.756       4.1133
-347.482  137.914       4.1133
-347.482  141.072       4.1133
-347.482  144.230       4.1133
-347.482  147.389       4.1133
-347.482  150.547       4.1133
-347.482  153.705       4.1133
-347.482  156.863       4.1133
-347.482  160.021       4.1133
-347.482  163.179       4.1133
-347.482  166.337       4.1133
-347.482  169.496       4.1133
-347.482  172.654       4.1133
-347.482  175.812       4.1133
-347.482  178.970       4.1133
-347.482  182.128       4.1133
-347.482  185.286       4.1133
-347.482  188.444       4.1133
-347.482  191.603       4.1133
-347.482  194.761       4.1133
-347.482  197.919       4.1133
-347.482  201.077       4.1133
-347.482  204.235       4.1133
-347.482  207.393       4.1133
-347.482  210.551       4.1133
-347.482  213.710       4.1133
-347.482  216.868       4.1133
-347.482  220.026       4.1133
-343.893  -92.630       4.1133
-343.893  -89.472       4.1133
-343.893  -86.314       4.1133
-343.893  -83.156       4.1133
-343.893  -79.997       4.1133
-343.893  -76.839       4.1133
-343.893  -73.681       4.1133
-343.893  -70.523       4.1133
-343.893  -67.365       4.1133
-343.893  -64.207       4.1133
-343.893  -61.049       4.1133
-343.893  -57.890       4.1133
-343.893  -54.732       4.1133
-343.893  -51.574       4.1133
-343.893  -48.416       4.1133
-343.893  -45.258       4.1133
-343.893  -42.100       4.1133
-343.893  -38.942       4.1133
-343.893  -35.783       4.1133
-343.893  -32.625       4.1133
-343.893  -29.467       4.1133
-343.893  -26.309       4.1133
-343.893  -23.151       4.1133
-343.893  -19.993       4.1133
-343.893  -16.835       4.1133
-343.893  -13.677       4.1133
-343.893  -10.518       4.1133
-343.893   -7.360       4.1133
-343.893   -4.202       4.1133
-343.893   -1.044       4.1133
-343.893    2.114       4.1133
-343.893    5.272       4.1133
-343.893    8.430       4.1133
-343.893   11.589       4.1133
-343.893   14.747       4.1133
-343.893   17.905       4.1133
-343.893   21.063       4.1133
-343.893   24.221       4.1133
-343.893   27.379       4.1133
-343.893   30.537       4.1133
-343.893   33.696       4.1133
-343.893   36.854       4.1133
-343.893   40.012       4.1133
-343.893   43.170       4.1133
-343.893   46.328       4.1133
-343.893   49.486       4.1133
-343.893   52.644       4.1133
-343.893   55.803       4.1133
-343.893   58.961       3.7001
-343.893   62.119       2.8737
-343.893   65.277       2.7406
-343.893   68.435       2.4604
-343.893   71.593       1.8055
-343.893   74.751       1.2794
-343.893   77.910       1.2024
-343.893   81.068       1.4862
-343.893   84.226       1.8055
-343.893   87.384       1.2494
-343.893   90.542       0.9200
-343.893   93.700       1.0446
-343.893   96.858       1.2301
-343.893  100.017       1.6529
-343.893  103.175       1.6529
-343.893  106.333       1.4048
-343.893  109.491       1.0803
-343.893  112.649       0.7584
-343.893  115.807       0.8075
-343.893  118.965       0.7332
-343.893  122.124       1.0242
-343.893  125.282       1.4307
-343.893  128.440       1.8851
-343.893  131.598       1.7136
-343.893  134.756       1.9770
-343.893  137.914       1.9448
-343.893  141.072       3.2869
-343.893  144.230       4.1133
-343.893  147.389       4.1133
-343.893  150.547       4.1133
-343.893  153.705       4.1133
-343.893  156.863       4.1133
-343.893  160.021       4.1133
-343.893  163.179       4.1133
-343.893  166.337       4.1133
-343.893  169.496       4.1133
-343.893  172.654       4.1133
-343.893  175.812       4.1133
-343.893  178.970       4.1133
-343.893  182.128       4.1133
-343.893  185.286       4.1133
-343.893  188.444       4.1133
-343.893  191.603       4.1133
-343.893  194.761       4.1133
-343.893  197.919       4.1133
-343.893  201.077       4.1133
-343.893  204.235       4.1133
-343.893  207.393       4.1133
-343.893  210.551       4.1133
-343.893  213.710       4.1133
-343.893  216.868       4.1133
-343.893  220.026       4.1133
-340.305  -92.630       4.1133
-340.305  -89.472       4.1133
-340.305  -86.314       4.1133
-340.305  -83.156       4.1133
-340.305  -79.997       4.1133
-340.305  -76.839       4.1133
-340.305  -73.681       4.1133
-340.305  -70.523       4.1133
-340.305  -67.365       4.1133
-340.305  -64.207       4.1133
-340.305  -61.049       4.1133
-340.305  -57.890       4.1133
-340.305  -54.732       4.1133
-340.305  -51.574       4.1133
-340.305  -48.416       4.1133
-340.305  -45.258       4.1133
-340.305  -42.100       4.1133
-340.305  -38.942       4.1133
-340.305  -35.783       4.1133
-340.305  -32.625       4.1133
-340.305  -29.467       4.1133
-340.305  -26.309       4.1133
-340.305  -23.151       4.1133
-340.305  -19.993       4.1133
-340.305  -16.835       4.1133
-340.305  -13.677       4.1133
-340.305  -10.518       4.1133
-340.305   -7.360       4.1133
-340.305   -4.202       4.1133
-340.305   -1.044       4.1133
-340.305    2.114       4.1133
-340.305    5.272       4.1133
-340.305    8.430       4.1133
-340.305   11.589       4.1133
-340.305   14.747       4.1133
-340.305   17.905       4.1133
-340.305   21.063       4.1133
-340.305   24.221       4.1133
-340.305   27.379       4.1133
-340.305   30.537       4.1133
-340.305   33.696       4.1133
-340.305   36.854       4.1133
-340.305   40.012       4.1133
-340.305   43.170       4.1133
-340.305   46.328       4.1133
-340.305   49.486       3.0452
-340.305   52.644       2.7406
-340.305   55.803       2.5400
-340.305   58.961       2.8737
-340.305   62.119       2.8737
-340.305   65.277       2.4604
-340.305   68.435       1.5315
-340.305   71.593       1.0516
-340.305   74.751       1.0044
-340.305   77.910       0.9088
-340.305   81.068       0.9667
-340.305   84.226       1.2898
-340.305   87.384       1.0242
-340.305   90.542       1.0109
-340.305   93.700       1.0658
-340.305   96.858       0.8925
-340.305  100.017       1.2794
-340.305  103.175       1.5315
-340.305  106.333       1.6529
-340.305  109.491       1.2024
-340.305  112.649       1.0309
-340.305  115.807       0.9313
-340.305  118.965       0.6598
-340.305  122.124       0.6384
-340.305  125.282       1.0044
-340.305  128.440       1.1423
-340.305  131.598       1.1262
-340.305  134.756       1.2693
-340.305  137.914       1.5010
-340.305  141.072       2.3902
-340.305  144.230       2.6319
-340.305  147.389       2.3902
-340.305  150.547       4.1133
-340.305  153.705       4.1133
-340.305  156.863       4.1133
-340.305  160.021       4.1133
-340.305  163.179       4.1133
-340.305  166.337       4.1133
-340.305  169.496       4.1133
-340.305  172.654       4.1133
-340.305  175.812       4.1133
-340.305  178.970       4.1133
-340.305  182.128       4.1133
-340.305  185.286       4.1133
-340.305  188.444       4.1133
-340.305  191.603       4.1133
-340.305  194.761       4.1133
-340.305  197.919       4.1133
-340.305  201.077       4.1133
-340.305  204.235       4.1133
-340.305  207.393       4.1133
-340.305  210.551       4.1133
-340.305  213.710       4.1133
-340.305  216.868       4.1133
-340.305  220.026       4.1133
-336.717  -92.630       4.1133
-336.717  -89.472       4.1133
-336.717  -86.314       4.1133
-336.717  -83.156       4.1133
-336.717  -79.997       4.1133
-336.717  -76.839       4.1133
-336.717  -73.681       4.1133
-336.717  -70.523       4.1133
-336.717  -67.365       4.1133
-336.717  -64.207       4.1133
-336.717  -61.049       4.1133
-336.717  -57.890       4.1133
-336.717  -54.732       4.1133
-336.717  -51.574       4.1133
-336.717  -48.416       4.1133
-336.717  -45.258       4.1133
-336.717  -42.100       4.1133
-336.717  -38.942       4.1133
-336.717  -35.783       4.1133
-336.717  -32.625       4.1133
-336.717  -29.467       4.1133
-336.717  -26.309       4.1133
-336.717  -23.151       4.1133
-336.717  -19.993       4.1133
-336.717  -16.835       4.1133
-336.717  -13.677       4.1133
-336.717  -10.518       4.1133
-336.717   -7.360       4.1133
-336.717   -4.202       4.1133
-336.717   -1.044       4.1133
-336.717    2.114       4.1133
-336.717    5.272       4.1133
-336.717    8.430       4.1133
-336.717   11.589       4.1133
-336.717   14.747       4.1133
-336.717   17.905       4.1133
-336.717   21.063       3.2869
-336.717   24.221       4.1133
-336.717   27.379       4.1133
-336.717   30.537       4.1133
-336.717   33.696       4.1133
-336.717   36.854       4.1133
-336.717   40.012       4.1133
-336.717   43.170       4.1133
-336.717   46.328       4.1133
-336.717   49.486       2.7406
-336.717   52.644       1.8574
-336.717   55.803       1.5474
-336.717   58.961       1.7812
-336.717   62.119       2.1710
-336.717   65.277       1.9142
-336.717   68.435       1.8851
-336.717   71.593       1.4176
-336.717   74.751       0.9853
-336.717   77.910       0.8313
-336.717   81.068       0.5847
-336.717   84.226       0.6634
-336.717   87.384       1.0516
-336.717   90.542       1.3004
-336.717   93.700       1.2208
-336.717   96.858       1.1846
-336.717  100.017       1.2397
-336.717  103.175       1.8309
-336.717  106.333       2.1710
-336.717  109.491       2.1268
-336.717  112.649       1.3679
-336.717  115.807       1.2397
-336.717  118.965       0.9916
-336.717  122.124       0.8460
-336.717  125.282       0.8460
-336.717  128.440       0.5627
-336.717  131.598       1.1028
-336.717  134.756       1.0877
-336.717  137.914       1.2898
-336.717  141.072       1.5978
-336.717  144.230       1.6927
-336.717  147.389       2.0111
-336.717  150.547       3.7001
-336.717  153.705       4.1133
-336.717  156.863       4.1133
-336.717  160.021       4.1133
-336.717  163.179       4.1133
-336.717  166.337       4.1133
-336.717  169.496       4.1133
-336.717  172.654       4.1133
-336.717  175.812       4.1133
-336.717  178.970       4.1133
-336.717  182.128       4.1133
-336.717  185.286       4.1133
-336.717  188.444       4.1133
-336.717  191.603       4.1133
-336.717  194.761       4.1133
-336.717  197.919       4.1133
-336.717  201.077       4.1133
-336.717  204.235       4.1133
-336.717  207.393       4.1133
-336.717  210.551       4.1133
-336.717  213.710       4.1133
-336.717  216.868       4.1133
-336.717  220.026       4.1133
-333.128  -92.630       4.1133
-333.128  -89.472       4.1133
-333.128  -86.314       4.1133
-333.128  -83.156       4.1133
-333.128  -79.997       4.1133
-333.128  -76.839       4.1133
-333.128  -73.681       4.1133
-333.128  -70.523       4.1133
-333.128  -67.365       4.1133
-333.128  -64.207       4.1133
-333.128  -61.049       4.1133
-333.128  -57.890       4.1133
-333.128  -54.732       4.1133
-333.128  -51.574       4.1133
-333.128  -48.416       4.1133
-333.128  -45.258       4.1133
-333.128  -42.100       4.1133
-333.128  -38.942       4.1133
-333.128  -35.783       4.1133
-333.128  -32.625       4.1133
-333.128  -29.467       4.1133
-333.128  -26.309       4.1133
-333.128  -23.151       4.1133
-333.128  -19.993       4.1133
-333.128  -16.835       4.1133
-333.128  -13.677       4.1133
-333.128  -10.518       4.1133
-333.128   -7.360       4.1133
-333.128   -4.202       4.1133
-333.128   -1.044       4.1133
-333.128    2.114       4.1133
-333.128    5.272       4.1133
-333.128    8.430       4.1133
-333.128   11.589       4.1133
-333.128   14.747       4.1133
-333.128   17.905       3.7001
-333.128   21.063       2.0472
-333.128   24.221       3.7001
-333.128   27.379       4.1133
-333.128   30.537       4.1133
-333.128   33.696       4.1133
-333.128   36.854       4.1133
-333.128   40.012       2.7406
-333.128   43.170       2.8737
-333.128   46.328       2.3902
-333.128   49.486       3.0452
-333.128   52.644       1.8574
-333.128   55.803       1.7812
-333.128   58.961       1.4862
-333.128   62.119       1.5160
-333.128   65.277       1.5315
-333.128   68.435       1.7136
-333.128   71.593       1.1846
-333.128   74.751       0.8313
-333.128   77.910       0.9256
-333.128   81.068       0.9853
-333.128   84.226       0.8217
-333.128   87.384       0.5944
-333.128   90.542       0.8361
-333.128   93.700       1.2115
-333.128   96.858       1.8055
-333.128  100.017       1.6529
-333.128  103.175       2.2187
-333.128  106.333       2.0857
-333.128  109.491       1.9770
-333.128  112.649       1.9770
-333.128  115.807       1.7578
-333.128  118.965       1.4441
-333.128  122.124       0.8979
-333.128  125.282       0.7415
-333.128  128.440       0.7250
-333.128  131.598       0.8122
-333.128  134.756       1.0803
-333.128  137.914       1.0242
-333.128  141.072       1.1934
-333.128  144.230       1.2794
-333.128  147.389       2.0472
-333.128  150.547       2.0111
-333.128  153.705       2.5400
-333.128  156.863       4.1133
-333.128  160.021       4.1133
-333.128  163.179       4.1133
-333.128  166.337       4.1133
-333.128  169.496       4.1133
-333.128  172.654       4.1133
-333.128  175.812       4.1133
-333.128  178.970       4.1133
-333.128  182.128       4.1133
-333.128  185.286       4.1133
-333.128  188.444       4.1133
-333.128  191.603       4.1133
-333.128  194.761       4.1133
-333.128  197.919       4.1133
-333.128  201.077       4.1133
-333.128  204.235       4.1133
-333.128  207.393       4.1133
-333.128  210.551       4.1133
-333.128  213.710       4.1133
-333.128  216.868       4.1133
-333.128  220.026       4.1133
-329.540  -92.630       4.1133
-329.540  -89.472       4.1133
-329.540  -86.314       4.1133
-329.540  -83.156       4.1133
-329.540  -79.997       4.1133
-329.540  -76.839       4.1133
-329.540  -73.681       4.1133
-329.540  -70.523       4.1133
-329.540  -67.365       4.1133
-329.540  -64.207       4.1133
-329.540  -61.049       4.1133
-329.540  -57.890       4.1133
-329.540  -54.732       4.1133
-329.540  -51.574       4.1133
-329.540  -48.416       4.1133
-329.540  -45.258       4.1133
-329.540  -42.100       4.1133
-329.540  -38.942       4.1133
-329.540  -35.783       4.1133
-329.540  -32.625       4.1133
-329.540  -29.467       4.1133
-329.540  -26.309       4.1133
-329.540  -23.151       4.1133
-329.540  -19.993       4.1133
-329.540  -16.835       4.1133
-329.540  -13.677       4.1133
-329.540  -10.518       4.1133
-329.540   -7.360       4.1133
-329.540   -4.202       4.1133
-329.540   -1.044       4.1133
-329.540    2.114       4.1133
-329.540    5.272       4.1133
-329.540    8.430       4.1133
-329.540   11.589       4.1133
-329.540   14.747       4.1133
-329.540   17.905       2.4604
-329.540   21.063       1.9770
-329.540   24.221       1.8309
-329.540   27.379       2.8737
-329.540   30.537       3.0452
-329.540   33.696       2.5400
-329.540   36.854       3.2869
-329.540   40.012       2.8737
-329.540   43.170       1.9770
-329.540   46.328       1.7136
-329.540   49.486       1.8851
-329.540   52.644       1.6927
-329.540   55.803       1.6156
-329.540   58.961       1.2115
-329.540   62.119       1.3923
-329.540   65.277       1.5315
-329.540   68.435       1.0446
-329.540   71.593       0.9853
-329.540   74.751       0.8217
-329.540   77.910       0.8871
-329.540   81.068       1.1423
-329.540   84.226       0.9853
-329.540   87.384       0.7892
-329.540   90.542       0.5847
-329.540   93.700       0.7847
-329.540   96.858       0.9916
-329.540  100.017       1.3445
-329.540  103.175       1.7812
-329.540  106.333       2.3274
-329.540  109.491       2.3902
-329.540  112.649       1.9448
-329.540  115.807       1.3445
-329.540  118.965       1.2794
-329.540  122.124       1.1262
-329.540  125.282       0.8766
-329.540  128.440       0.7937
-329.540  131.598       1.1934
-329.540  134.756       1.0952
-329.540  137.914       1.0952
-329.540  141.072       1.1028
-329.540  144.230       1.3332
-329.540  147.389       1.4307
-329.540  150.547       2.1268
-329.540  153.705       2.3274
-329.540  156.863       4.1133
-329.540  160.021       4.1133
-329.540  163.179       4.1133
-329.540  166.337       4.1133
-329.540  169.496       4.1133
-329.540  172.654       4.1133
-329.540  175.812       4.1133
-329.540  178.970       4.1133
-329.540  182.128       4.1133
-329.540  185.286       4.1133
-329.540  188.444       4.1133
-329.540  191.603       4.1133
-329.540  194.761       4.1133
-329.540  197.919       4.1133
-329.540  201.077       4.1133
-329.540  204.235       4.1133
-329.540  207.393       4.1133
-329.540  210.551       4.1133
-329.540  213.710       4.1133
-329.540  216.868       4.1133
-329.540  220.026       4.1133
-325.951  -92.630       4.1133
-325.951  -89.472       4.1133
-325.951  -86.314       4.1133
-325.951  -83.156       4.1133
-325.951  -79.997       4.1133
-325.951  -76.839       4.1133
-325.951  -73.681       4.1133
-325.951  -70.523       4.1133
-325.951  -67.365       4.1133
-325.951  -64.207       4.1133
-325.951  -61.049       4.1133
-325.951  -57.890       4.1133
-325.951  -54.732       4.1133
-325.951  -51.574       4.1133
-325.951  -48.416       4.1133
-325.951  -45.258       4.1133
-325.951  -42.100       4.1133
-325.951  -38.942       4.1133
-325.951  -35.783       4.1133
-325.951  -32.625       4.1133
-325.951  -29.467       4.1133
-325.951  -26.309       4.1133
-325.951  -23.151       4.1133
-325.951  -19.993       4.1133
-325.951  -16.835       4.1133
-325.951  -13.677       4.1133
-325.951  -10.518       4.1133
-325.951   -7.360       4.1133
-325.951   -4.202       4.1133
-325.951   -1.044       4.1133
-325.951    2.114       4.1133
-325.951    5.272       4.1133
-325.951    8.430       4.1133
-325.951   11.589       4.1133
-325.951   14.747       2.8737
-325.951   17.905       1.8055
-325.951   21.063       1.8055
-325.951   24.221       1.8851
-325.951   27.379       2.3902
-325.951   30.537       2.0111
-325.951   33.696       2.0472
-325.951   36.854       2.0857
-325.951   40.012       2.0857
-325.951   43.170       1.5806
-325.951   46.328       1.2208
-325.951   49.486       1.5010
-325.951   52.644       1.4307
-325.951   55.803       1.1759
-325.951   58.961       1.1846
-325.951   62.119       1.3220
-325.951   65.277       1.2898
-325.951   68.435       1.0175
-325.951   71.593       1.0242
-325.951   74.751       1.0175
-325.951   77.910       1.1105
-325.951   81.068       0.9200
-325.951   84.226       0.7892
-325.951   87.384       0.6211
-325.951   90.542       0.5720
-325.951   93.700       0.7373
-325.951   96.858       0.7415
-325.951  100.017       0.9371
-325.951  103.175       1.0586
-325.951  106.333       0.9088
-325.951  109.491       1.4048
-325.951  112.649       2.1710
-325.951  115.807       1.5315
-325.951  118.965       1.3800
-325.951  122.124       1.3220
-325.951  125.282       1.1589
-325.951  128.440       1.3111
-325.951  131.598       1.0516
-325.951  134.756       1.3923
-325.951  137.914       1.5160
-325.951  141.072       1.2693
-325.951  144.230       1.5315
-325.951  147.389       1.7353
-325.951  150.547       2.3902
-325.951  153.705       2.4604
-325.951  156.863       3.2869
-325.951  160.021       2.5400
-325.951  163.179       4.1133
-325.951  166.337       4.1133
-325.951  169.496       4.1133
-325.951  172.654       4.1133
-325.951  175.812       4.1133
-325.951  178.970       4.1133
-325.951  182.128       4.1133
-325.951  185.286       4.1133
-325.951  188.444       4.1133
-325.951  191.603       4.1133
-325.951  194.761       4.1133
-325.951  197.919       4.1133
-325.951  201.077       4.1133
-325.951  204.235       4.1133
-325.951  207.393       4.1133
-325.951  210.551       4.1133
-325.951  213.710       4.1133
-325.951  216.868       4.1133
-325.951  220.026       4.1133
-322.363  -92.630       4.1133
-322.363  -89.472       4.1133
-322.363  -86.314       4.1133
-322.363  -83.156       4.1133
-322.363  -79.997       4.1133
-322.363  -76.839       4.1133
-322.363  -73.681       4.1133
-322.363  -70.523       4.1133
-322.363  -67.365       4.1133
-322.363  -64.207       4.1133
-322.363  -61.049       4.1133
-322.363  -57.890       4.1133
-322.363  -54.732       4.1133
-322.363  -51.574       4.1133
-322.363  -48.416       4.1133
-322.363  -45.258       4.1133
-322.363  -42.100       4.1133
-322.363  -38.942       4.1133
-322.363  -35.783       4.1133
-322.363  -32.625       4.1133
-322.363  -29.467       4.1133
-322.363  -26.309       4.1133
-322.363  -23.151       4.1133
-322.363  -19.993       4.1133
-322.363  -16.835       4.1133
-322.363  -13.677       4.1133
-322.363  -10.518       4.1133
-322.363   -7.360       4.1133
-322.363   -4.202       4.1133
-322.363   -1.044       4.1133
-322.363    2.114       4.1133
-322.363    5.272       4.1133
-322.363    8.430       3.2869
-322.363   11.589       2.8737
-322.363   14.747       3.2869
-322.363   17.905       1.7812
-322.363   21.063       1.5160
-322.363   24.221       1.6156
-322.363   27.379       1.3111
-322.363   30.537       1.2115
-322.363   33.696       1.3004
-322.363   36.854       1.4307
-322.363   40.012       1.4176
-322.363   43.170       1.1423
-322.363   46.328       0.9256
-322.363   49.486       0.8714
-322.363   52.644       1.2494
-322.363   55.803       1.2494
-322.363   58.961       0.9033
-322.363   62.119       1.1589
-322.363   65.277       1.1759
-322.363   68.435       1.1846
-322.363   71.593       1.2693
-322.363   74.751       1.0586
-322.363   77.910       0.9488
-322.363   81.068       0.8714
-322.363   84.226       0.7090
-322.363   87.384       0.5535
-322.363   90.542       0.4634
-322.363   93.700       0.5067
-322.363   96.858       0.8217
-322.363  100.017       0.8611
-322.363  103.175       0.6109
-322.363  106.333       0.8029
-322.363  109.491       0.9144
-322.363  112.649       0.9200
-322.363  115.807       1.0109
-322.363  118.965       1.1846
-322.363  122.124       1.6156
-322.363  125.282       1.6927
-322.363  128.440       1.3220
-322.363  131.598       1.3220
-322.363  134.756       1.4307
-322.363  137.914       1.6927
-322.363  141.072       2.2706
-322.363  144.230       1.6927
-322.363  147.389       1.4176
-322.363  150.547       1.7578
-322.363  153.705       1.8574
-322.363  156.863       2.5400
-322.363  160.021       2.0472
-322.363  163.179       2.0472
-322.363  166.337       2.7406
-322.363  169.496       4.1133
-322.363  172.654       4.1133
-322.363  175.812       4.1133
-322.363  178.970       4.1133
-322.363  182.128       4.1133
-322.363  185.286       4.1133
-322.363  188.444       4.1133
-322.363  191.603       4.1133
-322.363  194.761       4.1133
-322.363  197.919       4.1133
-322.363  201.077       4.1133
-322.363  204.235       4.1133
-322.363  207.393       4.1133
-322.363  210.551       4.1133
-322.363  213.710       4.1133
-322.363  216.868       4.1133
-322.363  220.026       4.1133
-318.774  -92.630       4.1133
-318.774  -89.472       4.1133
-318.774  -86.314       4.1133
-318.774  -83.156       4.1133
-318.774  -79.997       4.1133
-318.774  -76.839       4.1133
-318.774  -73.681       4.1133
-318.774  -70.523       4.1133
-318.774  -67.365       4.1133
-318.774  -64.207       4.1133
-318.774  -61.049       4.1133
-318.774  -57.890       4.1133
-318.774  -54.732       4.1133
-318.774  -51.574       4.1133
-318.774  -48.416       4.1133
-318.774  -45.258       4.1133
-318.774  -42.100       4.1133
-318.774  -38.942       4.1133
-318.774  -35.783       4.1133
-318.774  -32.625       4.1133
-318.774  -29.467       4.1133
-318.774  -26.309       4.1133
-318.774  -23.151       4.1133
-318.774  -19.993       4.1133
-318.774  -16.835       4.1133
-318.774  -13.677       4.1133
-318.774  -10.518       4.1133
-318.774   -7.360       4.1133
-318.774   -4.202       4.1133
-318.774   -1.044       3.7001
-318.774    2.114       2.1268
-318.774    5.272       2.0472
-318.774    8.430       1.4862
-318.774   11.589       1.4307
-318.774   14.747       1.5978
-318.774   17.905       1.4048
-318.774   21.063       1.5160
-318.774   24.221       1.5160
-318.774   27.379       1.2494
-318.774   30.537       1.1028
-318.774   33.696       0.8714
-318.774   36.854       0.6973
-318.774   40.012       0.6245
-318.774   43.170       0.8714
-318.774   46.328       0.8818
-318.774   49.486       0.9547
-318.774   52.644       1.3111
-318.774   55.803       1.6156
-318.774   58.961       0.8611
-318.774   62.119       0.6782
-318.774   65.277       0.8662
-318.774   68.435       0.6820
-318.774   71.593       0.5815
-318.774   74.751       0.8411
-318.774   77.910       0.7670
-318.774   81.068       0.7456
-318.774   84.226       0.6384
-318.774   87.384       0.6177
-318.774   90.542       0.4713
-318.774   93.700       0.5445
-318.774   96.858       0.5385
-318.774  100.017       0.6279
-318.774  103.175       0.6634
-318.774  106.333       0.7373
-318.774  109.491       0.8169
-318.774  112.649       0.7012
-318.774  115.807       0.6211
-318.774  118.965       0.7051
-318.774  122.124       0.8979
-318.774  125.282       1.1342
-318.774  128.440       0.7456
-318.774  131.598       0.8818
-318.774  134.756       1.0952
-318.774  137.914       1.1028
-318.774  141.072       1.6529
-318.774  144.230       1.7353
-318.774  147.389       1.1105
-318.774  150.547       1.1028
-318.774  153.705       1.1589
-318.774  156.863       1.6529
-318.774  160.021       1.9448
-318.774  163.179       1.7136
-318.774  166.337       2.0857
-318.774  169.496       2.3902
-318.774  172.654       2.7406
-318.774  175.812       4.1133
-318.774  178.970       4.1133
-318.774  182.128       4.1133
-318.774  185.286       4.1133
-318.774  188.444       4.1133
-318.774  191.603       4.1133
-318.774  194.761       4.1133
-318.774  197.919       4.1133
-318.774  201.077       4.1133
-318.774  204.235       4.1133
-318.774  207.393       4.1133
-318.774  210.551       4.1133
-318.774  213.710       4.1133
-318.774  216.868       4.1133
-318.774  220.026       4.1133
-315.186  -92.630       4.1133
-315.186  -89.472       4.1133
-315.186  -86.314       4.1133
-315.186  -83.156       4.1133
-315.186  -79.997       4.1133
-315.186  -76.839       4.1133
-315.186  -73.681       4.1133
-315.186  -70.523       4.1133
-315.186  -67.365       4.1133
-315.186  -64.207       4.1133
-315.186  -61.049       4.1133
-315.186  -57.890       4.1133
-315.186  -54.732       4.1133
-315.186  -51.574       4.1133
-315.186  -48.416       4.1133
-315.186  -45.258       4.1133
-315.186  -42.100       4.1133
-315.186  -38.942       4.1133
-315.186  -35.783       4.1133
-315.186  -32.625       4.1133
-315.186  -29.467       4.1133
-315.186  -26.309       4.1133
-315.186  -23.151       4.1133
-315.186  -19.993       4.1133
-315.186  -16.835       4.1133
-315.186  -13.677       4.1133
-315.186  -10.518       4.1133
-315.186   -7.360       4.1133
-315.186   -4.202       3.0452
-315.186   -1.044       2.1710
-315.186    2.114       1.4862
-315.186    5.272       1.2693
-315.186    8.430       1.1589
-315.186   11.589       1.0175
-315.186   14.747       1.1105
-315.186   17.905       1.5474
-315.186   21.063       1.9770
-315.186   24.221       1.4441
-315.186   27.379       0.8217
-315.186   30.537       1.0044
-315.186   33.696       0.9790
-315.186   36.854       0.6384
-315.186   40.012       0.4581
-315.186   43.170       0.3241
-315.186   46.328       0.4556
-315.186   49.486       0.7714
-315.186   52.644       1.0044
-315.186   55.803       0.8510
-315.186   58.961       0.4766
-315.186   62.119       0.4686
-315.186   65.277       0.3473
-315.186   68.435       0.3828
-315.186   71.593       0.5944
-315.186   74.751       0.7456
-315.186   77.910       0.8766
-315.186   81.068       0.5326
-315.186   84.226       0.6896
-315.186   87.384       0.7456
-315.186   90.542       0.6043
-315.186   93.700       0.5720
-315.186   96.858       0.5181
-315.186  100.017       0.5355
-315.186  103.175       0.6177
-315.186  106.333       0.5847
-315.186  109.491       0.5011
-315.186  112.649       0.3851
-315.186  115.807       0.4504
-315.186  118.965       0.5181
-315.186  122.124       0.5689
-315.186  125.282       0.8662
-315.186  128.440       0.6245
-315.186  131.598       0.8029
-315.186  134.756       0.9429
-315.186  137.914       0.8925
-315.186  141.072       1.4307
-315.186  144.230       1.5978
-315.186  147.389       1.2592
-315.186  150.547       1.1183
-315.186  153.705       0.8560
-315.186  156.863       1.0446
-315.186  160.021       1.3923
-315.186  163.179       1.5474
-315.186  166.337       1.4048
-315.186  169.496       1.3923
-315.186  172.654       1.3679
-315.186  175.812       2.2706
-315.186  178.970       4.1133
-315.186  182.128       4.1133
-315.186  185.286       4.1133
-315.186  188.444       4.1133
-315.186  191.603       4.1133
-315.186  194.761       4.1133
-315.186  197.919       4.1133
-315.186  201.077       4.1133
-315.186  204.235       4.1133
-315.186  207.393       4.1133
-315.186  210.551       4.1133
-315.186  213.710       4.1133
-315.186  216.868       4.1133
-315.186  220.026       4.1133
-311.598  -92.630       4.1133
-311.598  -89.472       4.1133
-311.598  -86.314       4.1133
-311.598  -83.156       4.1133
-311.598  -79.997       4.1133
-311.598  -76.839       4.1133
-311.598  -73.681       4.1133
-311.598  -70.523       4.1133
-311.598  -67.365       4.1133
-311.598  -64.207       4.1133
-311.598  -61.049       4.1133
-311.598  -57.890       4.1133
-311.598  -54.732       4.1133
-311.598  -51.574       4.1133
-311.598  -48.416       4.1133
-311.598  -45.258       4.1133
-311.598  -42.100       4.1133
-311.598  -38.942       4.1133
-311.598  -35.783       4.1133
-311.598  -32.625       4.1133
-311.598  -29.467       3.7001
-311.598  -26.309       4.1133
-311.598  -23.151       4.1133
-311.598  -19.993       4.1133
-311.598  -16.835       3.7001
-311.598  -13.677       3.7001
-311.598  -10.518       2.6319
-311.598   -7.360       4.1133
-311.598   -4.202       2.5400
-311.598   -1.044       2.3274
-311.598    2.114       2.2187
-311.598    5.272       1.5315
-311.598    8.430       1.1589
-311.598   11.589       1.1105
-311.598   14.747       1.1105
-311.598   17.905       1.7136
-311.598   21.063       1.6725
-311.598   24.221       1.3445
-311.598   27.379       1.3111
-311.598   30.537       1.3332
-311.598   33.696       1.1423
-311.598   36.854       0.8714
-311.598   40.012       0.5355
-311.598   43.170       0.5944
-311.598   46.328       0.5181
-311.598   49.486       0.3538
-311.598   52.644       0.3805
-311.598   55.803       0.4607
-311.598   58.961       0.4479
-311.598   62.119       0.4660
-311.598   65.277       0.3737
-311.598   68.435       0.2879
-311.598   71.593       0.3604
-311.598   74.751       0.4504
-311.598   77.910       0.3920
-311.598   81.068       0.4479
-311.598   84.226       0.6245
-311.598   87.384       0.5505
-311.598   90.542       0.4928
-311.598   93.700       0.6177
-311.598   96.858       0.6177
-311.598  100.017       0.4328
-311.598  103.175       0.3179
-311.598  106.333       0.2199
-311.598  109.491       0.1449
-311.598  112.649       0.2594
-311.598  115.807       0.2650
-311.598  118.965       0.4504
-311.598  122.124       0.5297
-311.598  125.282       0.6671
-311.598  128.440       0.7170
-311.598  131.598       0.8510
-311.598  134.756       0.7210
-311.598  137.914       0.7250
-311.598  141.072       1.0044
-311.598  144.230       1.4048
-311.598  147.389       1.7578
-311.598  150.547       1.2494
-311.598  153.705       0.8871
-311.598  156.863       0.7210
-311.598  160.021       0.7892
-311.598  163.179       1.5474
-311.598  166.337       1.6529
-311.598  169.496       1.4862
-311.598  172.654       1.5010
-311.598  175.812       2.3274
-311.598  178.970       4.1133
-311.598  182.128       4.1133
-311.598  185.286       4.1133
-311.598  188.444       4.1133
-311.598  191.603       4.1133
-311.598  194.761       4.1133
-311.598  197.919       4.1133
-311.598  201.077       4.1133
-311.598  204.235       4.1133
-311.598  207.393       4.1133
-311.598  210.551       4.1133
-311.598  213.710       4.1133
-311.598  216.868       4.1133
-311.598  220.026       4.1133
-308.009  -92.630       4.1133
-308.009  -89.472       4.1133
-308.009  -86.314       4.1133
-308.009  -83.156       4.1133
-308.009  -79.997       4.1133
-308.009  -76.839       4.1133
-308.009  -73.681       4.1133
-308.009  -70.523       4.1133
-308.009  -67.365       4.1133
-308.009  -64.207       4.1133
-308.009  -61.049       4.1133
-308.009  -57.890       4.1133
-308.009  -54.732       4.1133
-308.009  -51.574       4.1133
-308.009  -48.416       4.1133
-308.009  -45.258       4.1133
-308.009  -42.100       4.1133
-308.009  -38.942       3.0452
-308.009  -35.783       2.2187
-308.009  -32.625       2.0111
-308.009  -29.467       1.9770
-308.009  -26.309       1.6927
-308.009  -23.151       2.1710
-308.009  -19.993       3.0452
-308.009  -16.835       1.9770
-308.009  -13.677       1.7353
-308.009  -10.518       1.8574
-308.009   -7.360       4.1133
-308.009   -4.202       4.1133
-308.009   -1.044       2.3274
-308.009    2.114       2.2706
-308.009    5.272       1.7812
-308.009    8.430       1.1673
-308.009   11.589       1.4176
-308.009   14.747       1.5978
-308.009   17.905       2.1710
-308.009   21.063       2.1268
-308.009   24.221       1.7578
-308.009   27.379       1.9770
-308.009   30.537       1.3445
-308.009   33.696       1.0730
-308.009   36.854       0.8560
-308.009   40.012       0.9667
-308.009   43.170       0.6896
-308.009   46.328       0.6973
-308.009   49.486       0.7373
-308.009   52.644       0.7090
-308.009   55.803       0.7012
-308.009   58.961       0.6349
-308.009   62.119       0.6745
-308.009   65.277       0.5847
-308.009   68.435       0.5912
-308.009   71.593       0.6820
-308.009   74.751       0.7802
-308.009   77.910       0.9853
-308.009   81.068       1.0044
-308.009   84.226       0.9256
-308.009   87.384       0.8122
-308.009   90.542       0.7892
-308.009   93.700       0.7291
-308.009   96.858       0.2978
-308.009  100.017       0.0907
-308.009  103.175       0.0782
-308.009  106.333       0.1179
-308.009  109.491       0.1006
-308.009  112.649       0.2393
-308.009  115.807       0.2594
-308.009  118.965       0.4556
-308.009  122.124       0.4205
-308.009  125.282       0.6419
-308.009  128.440       0.7415
-308.009  131.598       0.8169
-308.009  134.756       0.8510
-308.009  137.914       0.6708
-308.009  141.072       0.9371
-308.009  144.230       1.0952
-308.009  147.389       1.2301
-308.009  150.547       1.4441
-308.009  153.705       1.0109
-308.009  156.863       0.6934
-308.009  160.021       0.7130
-308.009  163.179       1.1589
-308.009  166.337       1.8055
-308.009  169.496       1.4307
-308.009  172.654       1.3561
-308.009  175.812       2.2187
-308.009  178.970       2.8737
-308.009  182.128       3.7001
-308.009  185.286       4.1133
-308.009  188.444       4.1133
-308.009  191.603       4.1133
-308.009  194.761       4.1133
-308.009  197.919       4.1133
-308.009  201.077       4.1133
-308.009  204.235       4.1133
-308.009  207.393       4.1133
-308.009  210.551       4.1133
-308.009  213.710       4.1133
-308.009  216.868       4.1133
-308.009  220.026       4.1133
-304.421  -92.630       4.1133
-304.421  -89.472       4.1133
-304.421  -86.314       4.1133
-304.421  -83.156       4.1133
-304.421  -79.997       4.1133
-304.421  -76.839       4.1133
-304.421  -73.681       4.1133
-304.421  -70.523       4.1133
-304.421  -67.365       4.1133
-304.421  -64.207       4.1133
-304.421  -61.049       4.1133
-304.421  -57.890       4.1133
-304.421  -54.732       4.1133
-304.421  -51.574       4.1133
-304.421  -48.416       2.7406
-304.421  -45.258       2.8737
-304.421  -42.100       2.2706
-304.421  -38.942       2.2187
-304.421  -35.783       2.0472
-304.421  -32.625       1.9448
-304.421  -29.467       1.3923
-304.421  -26.309       1.3332
-304.421  -23.151       1.9448
-304.421  -19.993       1.7353
-304.421  -16.835       1.6156
-304.421  -13.677       1.8309
-304.421  -10.518       2.4604
-304.421   -7.360       4.1133
-304.421   -4.202       4.1133
-304.421   -1.044       2.4604
-304.421    2.114       1.8851
-304.421    5.272       1.6156
-304.421    8.430       1.5806
-304.421   11.589       1.6340
-304.421   14.747       1.5474
-304.421   17.905       1.5806
-304.421   21.063       1.8851
-304.421   24.221       1.5315
-304.421   27.379       1.7578
-304.421   30.537       1.7812
-304.421   33.696       1.7136
-304.421   36.854       1.3923
-304.421   40.012       0.8979
-304.421   43.170       0.8510
-304.421   46.328       1.0242
-304.421   49.486       1.3561
-304.421   52.644       1.1423
-304.421   55.803       1.0877
-304.421   58.961       0.9729
-304.421   62.119       1.0242
-304.421   65.277       1.2208
-304.421   68.435       1.0446
-304.421   71.593       1.2592
-304.421   74.751       1.4578
-304.421   77.910       1.6529
-304.421   81.068       1.5010
-304.421   84.226       1.1589
-304.421   87.384       1.1673
-304.421   90.542       0.9729
-304.421   93.700       0.7130
-304.421   96.858       0.5566
-304.421  100.017       0.2576
-304.421  103.175       0.0385
-304.421  106.333      -0.0000
-304.421  109.491       0.0195
-304.421  112.649       0.1449
-304.421  115.807       0.3760
-304.421  118.965       0.5385
-304.421  122.124       0.6820
-304.421  125.282       0.7983
-304.421  128.440       0.6526
-304.421  131.598       0.6934
-304.421  134.756       0.6490
-304.421  137.914       0.8075
-304.421  141.072       0.8361
-304.421  144.230       0.9256
-304.421  147.389       1.3561
-304.421  150.547       1.3679
-304.421  153.705       0.8361
-304.421  156.863       0.6745
-304.421  160.021       0.6745
-304.421  163.179       0.7541
-304.421  166.337       1.5160
-304.421  169.496       1.7812
-304.421  172.654       1.4719
-304.421  175.812       1.7812
-304.421  178.970       1.8574
-304.421  182.128       2.3274
-304.421  185.286       3.2869
-304.421  188.444       3.2869
-304.421  191.603       4.1133
-304.421  194.761       4.1133
-304.421  197.919       4.1133
-304.421  201.077       4.1133
-304.421  204.235       4.1133
-304.421  207.393       4.1133
-304.421  210.551       4.1133
-304.421  213.710       4.1133
-304.421  216.868       4.1133
-304.421  220.026       4.1133
-300.832  -92.630       4.1133
-300.832  -89.472       4.1133
-300.832  -86.314       4.1133
-300.832  -83.156       4.1133
-300.832  -79.997       4.1133
-300.832  -76.839       4.1133
-300.832  -73.681       4.1133
-300.832  -70.523       4.1133
-300.832  -67.365       4.1133
-300.832  -64.207       4.1133
-300.832  -61.049       4.1133
-300.832  -57.890       4.1133
-300.832  -54.732       3.7001
-300.832  -51.574       2.7406
-300.832  -48.416       2.1710
-300.832  -45.258       1.7812
-300.832  -42.100       1.9770
-300.832  -38.942       1.7353
-300.832  -35.783       1.3561
-300.832  -32.625       1.5010
-300.832  -29.467       1.3220
-300.832  -26.309       1.4441
-300.832  -23.151       1.6725
-300.832  -19.993       1.6927
-300.832  -16.835       1.6725
-300.832  -13.677       1.5978
-300.832  -10.518       2.3274
-300.832   -7.360       2.6319
-300.832   -4.202       2.3274
-300.832   -1.044       2.2187
-300.832    2.114       1.6927
-300.832    5.272       1.9448
-300.832    8.430       1.4048
-300.832   11.589       1.2024
-300.832   14.747       1.2494
-300.832   17.905       1.0803
-300.832   21.063       1.6529
-300.832   24.221       1.8851
-300.832   27.379       2.0472
-300.832   30.537       1.6340
-300.832   33.696       1.5010
-300.832   36.854       1.4578
-300.832   40.012       1.1342
-300.832   43.170       0.9547
-300.832   46.328       0.9429
-300.832   49.486       1.3800
-300.832   52.644       1.2115
-300.832   55.803       1.2592
-300.832   58.961       1.1759
-300.832   62.119       1.0516
-300.832   65.277       1.1028
-300.832   68.435       0.8313
-300.832   71.593       1.1105
-300.832   74.751       1.7353
-300.832   77.910       2.1268
-300.832   81.068       1.4578
-300.832   84.226       1.2898
-300.832   87.384       1.0658
-300.832   90.542       0.8122
-300.832   93.700       0.5658
-300.832   96.858       0.4819
-300.832  100.017       0.3241
-300.832  103.175       0.2251
-300.832  106.333       0.1894
-300.832  109.491       0.1861
-300.832  112.649       0.2539
-300.832  115.807       0.2234
-300.832  118.965       0.5944
-300.832  122.124       0.9144
-300.832  125.282       1.0730
-300.832  128.440       1.0044
-300.832  131.598       0.8662
-300.832  134.756       0.7373
-300.832  137.914       0.9667
-300.832  141.072       0.9607
-300.832  144.230       0.8818
-300.832  147.389       1.1673
-300.832  150.547       1.3679
-300.832  153.705       1.1589
-300.832  156.863       0.7170
-300.832  160.021       0.6245
-300.832  163.179       0.6143
-300.832  166.337       0.9256
-300.832  169.496       1.2024
-300.832  172.654       1.6725
-300.832  175.812       1.5806
-300.832  178.970       1.5160
-300.832  182.128       1.4307
-300.832  185.286       1.3220
-300.832  188.444       3.2869
-300.832  191.603       4.1133
-300.832  194.761       4.1133
-300.832  197.919       4.1133
-300.832  201.077       4.1133
-300.832  204.235       4.1133
-300.832  207.393       4.1133
-300.832  210.551       4.1133
-300.832  213.710       4.1133
-300.832  216.868       4.1133
-300.832  220.026       4.1133
-297.244  -92.630       4.1133
-297.244  -89.472       4.1133
-297.244  -86.314       4.1133
-297.244  -83.156       4.1133
-297.244  -79.997       4.1133
-297.244  -76.839       4.1133
-297.244  -73.681       4.1133
-297.244  -70.523       4.1133
-297.244  -67.365       4.1133
-297.244  -64.207       4.1133
-297.244  -61.049       4.1133
-297.244  -57.890       4.1133
-297.244  -54.732       2.1710
-297.244  -51.574       1.9448
-297.244  -48.416       2.0472
-297.244  -45.258       1.7812
-297.244  -42.100       1.5010
-297.244  -38.942       1.3332
-297.244  -35.783       0.9853
-297.244  -32.625       1.0877
-297.244  -29.467       1.0586
-297.244  -26.309       1.1423
-297.244  -23.151       1.4307
-297.244  -19.993       1.4719
-297.244  -16.835       1.6927
-297.244  -13.677       1.8309
-297.244  -10.518       2.2187
-297.244   -7.360       3.0452
-297.244   -4.202       3.2869
-297.244   -1.044       2.2706
-297.244    2.114       2.2187
-297.244    5.272       1.9448
-297.244    8.430       1.4441
-297.244   11.589       0.9313
-297.244   14.747       0.9144
-297.244   17.905       1.0658
-297.244   21.063       1.6340
-297.244   24.221       1.7136
-297.244   27.379       1.6725
-297.244   30.537       1.7578
-297.244   33.696       1.7353
-297.244   36.854       1.6340
-297.244   40.012       1.7578
-297.244   43.170       1.3111
-297.244   46.328       1.3561
-297.244   49.486       1.3332
-297.244   52.644       0.8611
-297.244   55.803       1.2898
-297.244   58.961       1.3800
-297.244   62.119       1.2301
-297.244   65.277       0.8662
-297.244   68.435       1.1673
-297.244   71.593       1.7136
-297.244   74.751       2.4604
-297.244   77.910       2.0857
-297.244   81.068       2.5400
-297.244   84.226       2.1710
-297.244   87.384       1.3800
-297.244   90.542       0.7210
-297.244   93.700       0.8560
-297.244   96.858       0.5815
-297.244  100.017       0.4403
-297.244  103.175       0.4479
-297.244  106.333       0.4254
-297.244  109.491       0.3282
-297.244  112.649       0.2286
-297.244  115.807       0.1699
-297.244  118.965       0.3118
-297.244  122.124       0.5415
-297.244  125.282       0.7415
-297.244  128.440       0.8075
-297.244  131.598       0.8265
-297.244  134.756       1.0877
-297.244  137.914       0.8662
-297.244  141.072       0.8075
-297.244  144.230       0.7415
-297.244  147.389       0.7714
-297.244  150.547       1.4176
-297.244  153.705       1.1423
-297.244  156.863       1.2208
-297.244  160.021       1.0730
-297.244  163.179       0.9313
-297.244  166.337       0.6782
-297.244  169.496       0.9790
-297.244  172.654       1.0877
-297.244  175.812       1.3800
-297.244  178.970       1.5638
-297.244  182.128       1.4862
-297.244  185.286       1.2115
-297.244  188.444       1.7353
-297.244  191.603       4.1133
-297.244  194.761       4.1133
-297.244  197.919       4.1133
-297.244  201.077       4.1133
-297.244  204.235       4.1133
-297.244  207.393       4.1133
-297.244  210.551       4.1133
-297.244  213.710       4.1133
-297.244  216.868       4.1133
-297.244  220.026       4.1133
-293.655  -92.630       4.1133
-293.655  -89.472       4.1133
-293.655  -86.314       4.1133
-293.655  -83.156       4.1133
-293.655  -79.997       4.1133
-293.655  -76.839       4.1133
-293.655  -73.681       4.1133
-293.655  -70.523       4.1133
-293.655  -67.365       4.1133
-293.655  -64.207       3.7001
-293.655  -61.049       4.1133
-293.655  -57.890       4.1133
-293.655  -54.732       2.8737
-293.655  -51.574       1.9770
-293.655  -48.416       1.5315
-293.655  -45.258       1.4441
-293.655  -42.100       1.0309
-293.655  -38.942       0.8818
-293.655  -35.783       0.7291
-293.655  -32.625       0.8265
-293.655  -29.467       0.9667
-293.655  -26.309       1.2397
-293.655  -23.151       1.0109
-293.655  -19.993       1.3923
-293.655  -16.835       1.9448
-293.655  -13.677       2.8737
-293.655  -10.518       3.2869
-293.655   -7.360       2.8737
-293.655   -4.202       2.1710
-293.655   -1.044       2.1268
-293.655    2.114       1.5806
-293.655    5.272       1.4441
-293.655    8.430       1.1183
-293.655   11.589       0.9088
-293.655   14.747       1.0952
-293.655   17.905       1.5474
-293.655   21.063       2.0111
-293.655   24.221       2.6319
-293.655   27.379       2.7406
-293.655   30.537       2.2187
-293.655   33.696       1.8309
-293.655   36.854       1.8309
-293.655   40.012       1.6340
-293.655   43.170       1.0516
-293.655   46.328       1.1505
-293.655   49.486       1.1028
-293.655   52.644       0.9371
-293.655   55.803       1.0175
-293.655   58.961       1.0730
-293.655   62.119       1.0730
-293.655   65.277       1.0730
-293.655   68.435       1.3923
-293.655   71.593       1.6725
-293.655   74.751       1.7136
-293.655   77.910       1.4176
-293.655   81.068       1.4578
-293.655   84.226       1.7353
-293.655   87.384       1.4176
-293.655   90.542       1.9142
-293.655   93.700       1.4862
-293.655   96.858       1.0877
-293.655  100.017       0.8766
-293.655  103.175       0.6562
-293.655  106.333       0.5944
-293.655  109.491       0.6177
-293.655  112.649       0.5385
-293.655  115.807       0.5445
-293.655  118.965       0.4403
-293.655  122.124       0.2879
-293.655  125.282       0.2520
-293.655  128.440       0.4303
-293.655  131.598       0.4846
-293.655  134.756       0.7373
-293.655  137.914       0.7983
-293.655  141.072       0.9313
-293.655  144.230       0.9980
-293.655  147.389       1.0175
-293.655  150.547       0.8871
-293.655  153.705       1.2024
-293.655  156.863       1.4307
-293.655  160.021       1.4441
-293.655  163.179       1.1028
-293.655  166.337       0.7456
-293.655  169.496       0.9088
-293.655  172.654       1.0109
-293.655  175.812       1.5010
-293.655  178.970       1.6927
-293.655  182.128       1.2592
-293.655  185.286       1.4048
-293.655  188.444       1.8309
-293.655  191.603       2.0857
-293.655  194.761       3.7001
-293.655  197.919       4.1133
-293.655  201.077       4.1133
-293.655  204.235       4.1133
-293.655  207.393       4.1133
-293.655  210.551       4.1133
-293.655  213.710       4.1133
-293.655  216.868       4.1133
-293.655  220.026       4.1133
-290.067  -92.630       4.1133
-290.067  -89.472       4.1133
-290.067  -86.314       4.1133
-290.067  -83.156       4.1133
-290.067  -79.997       4.1133
-290.067  -76.839       4.1133
-290.067  -73.681       4.1133
-290.067  -70.523       4.1133
-290.067  -67.365       4.1133
-290.067  -64.207       3.7001
-290.067  -61.049       3.2869
-290.067  -57.890       2.8737
-290.067  -54.732       2.1268
-290.067  -51.574       1.8851
-290.067  -48.416       1.4719
-290.067  -45.258       1.4719
-290.067  -42.100       1.4176
-290.067  -38.942       1.0803
-290.067  -35.783       1.0730
-290.067  -32.625       1.1423
-290.067  -29.467       1.6725
-290.067  -26.309       1.6156
-290.067  -23.151       1.6340
-290.067  -19.993       1.5315
-290.067  -16.835       1.9142
-290.067  -13.677       3.7001
-290.067  -10.518       4.1133
-290.067   -7.360       4.1133
-290.067   -4.202       2.8737
-290.067   -1.044       2.5400
-290.067    2.114       1.5315
-290.067    5.272       1.4176
-290.067    8.430       0.9488
-290.067   11.589       1.0516
-290.067   14.747       1.3111
-290.067   17.905       1.7136
-290.067   21.063       1.9770
-290.067   24.221       3.7001
-290.067   27.379       3.2869
-290.067   30.537       2.1268
-290.067   33.696       1.6340
-290.067   36.854       1.5638
-290.067   40.012       1.5978
-290.067   43.170       1.0658
-290.067   46.328       1.3004
-290.067   49.486       1.2397
-290.067   52.644       1.1934
-290.067   55.803       0.9429
-290.067   58.961       0.7210
-290.067   62.119       0.9916
-290.067   65.277       1.1759
-290.067   68.435       1.5474
-290.067   71.593       1.5315
-290.067   74.751       1.8574
-290.067   77.910       1.3111
-290.067   81.068       0.8560
-290.067   84.226       0.9916
-290.067   87.384       1.2397
-290.067   90.542       1.4307
-290.067   93.700       1.2301
-290.067   96.858       1.1183
-290.067  100.017       1.2208
-290.067  103.175       1.0175
-290.067  106.333       0.7758
-290.067  109.491       0.7291
-290.067  112.649       0.6671
-290.067  115.807       0.5977
-290.067  118.965       0.4713
-290.067  122.124       0.4132
-290.067  125.282       0.2502
-290.067  128.440       0.1373
-290.067  131.598       0.2164
-290.067  134.756       0.3098
-290.067  137.914       0.4453
-290.067  141.072       0.8029
-290.067  144.230       0.9607
-290.067  147.389       0.8122
-290.067  150.547       0.8460
-290.067  153.705       0.9371
-290.067  156.863       1.1423
-290.067  160.021       1.3679
-290.067  163.179       1.2397
-290.067  166.337       0.8979
-290.067  169.496       0.9607
-290.067  172.654       0.9313
-290.067  175.812       1.1423
-290.067  178.970       1.5160
-290.067  182.128       1.1673
-290.067  185.286       1.3111
-290.067  188.444       1.0952
-290.067  191.603       1.6340
-290.067  194.761       3.0452
-290.067  197.919       4.1133
-290.067  201.077       4.1133
-290.067  204.235       4.1133
-290.067  207.393       4.1133
-290.067  210.551       4.1133
-290.067  213.710       4.1133
-290.067  216.868       4.1133
-290.067  220.026       4.1133
-286.478  -92.630       4.1133
-286.478  -89.472       4.1133
-286.478  -86.314       4.1133
-286.478  -83.156       4.1133
-286.478  -79.997       4.1133
-286.478  -76.839       4.1133
-286.478  -73.681       4.1133
-286.478  -70.523       4.1133
-286.478  -67.365       4.1133
-286.478  -64.207       4.1133
-286.478  -61.049       2.5400
-286.478  -57.890       2.1710
-286.478  -54.732       2.2706
-286.478  -51.574       1.9448
-286.478  -48.416       1.8574
-286.478  -45.258       1.7136
-286.478  -42.100       1.2592
-286.478  -38.942       1.2115
-286.478  -35.783       1.2301
-286.478  -32.625       1.7353
-286.478  -29.467       2.5400
-286.478  -26.309       1.8851
-286.478  -23.151       2.2706
-286.478  -19.993       1.5978
-286.478  -16.835       1.6340
-286.478  -13.677       3.7001
-286.478  -10.518       4.1133
-286.478   -7.360       4.1133
-286.478   -4.202       2.6319
-286.478   -1.044       1.8574
-286.478    2.114       1.9448
-286.478    5.272       1.6340
-286.478    8.430       1.5978
-286.478   11.589       1.3445
-286.478   14.747       1.2208
-286.478   17.905       1.4719
-286.478   21.063       2.1710
-286.478   24.221       2.3902
-286.478   27.379       2.7406
-286.478   30.537       2.0472
-286.478   33.696       1.8574
-286.478   36.854       1.2397
-286.478   40.012       1.1183
-286.478   43.170       1.0658
-286.478   46.328       1.2693
-286.478   49.486       1.7812
-286.478   52.644       1.6156
-286.478   55.803       1.1759
-286.478   58.961       1.3332
-286.478   62.119       1.4578
-286.478   65.277       1.8574
-286.478   68.435       2.2706
-286.478   71.593       2.6319
-286.478   74.751       3.2869
-286.478   77.910       2.5400
-286.478   81.068       1.9770
-286.478   84.226       1.4719
-286.478   87.384       1.5978
-286.478   90.542       1.1934
-286.478   93.700       1.0877
-286.478   96.858       1.0952
-286.478  100.017       1.2301
-286.478  103.175       1.3004
-286.478  106.333       1.2024
-286.478  109.491       1.1342
-286.478  112.649       1.3004
-286.478  115.807       1.1505
-286.478  118.965       0.9200
-286.478  122.124       0.5475
-286.478  125.282       0.4084
-286.478  128.440       0.1327
-286.478  131.598       0.0851
-286.478  134.756       0.0541
-286.478  137.914       0.1944
-286.478  141.072       0.2340
-286.478  144.230       0.4037
-286.478  147.389       0.4556
-286.478  150.547       0.5095
-286.478  153.705       0.8029
-286.478  156.863       0.9607
-286.478  160.021       1.0952
-286.478  163.179       1.5806
-286.478  166.337       1.2115
-286.478  169.496       1.1105
-286.478  172.654       1.1342
-286.478  175.812       1.1846
-286.478  178.970       1.5010
-286.478  182.128       1.3561
-286.478  185.286       1.2115
-286.478  188.444       0.9429
-286.478  191.603       1.2024
-286.478  194.761       1.9770
-286.478  197.919       4.1133
-286.478  201.077       4.1133
-286.478  204.235       4.1133
-286.478  207.393       4.1133
-286.478  210.551       4.1133
-286.478  213.710       4.1133
-286.478  216.868       4.1133
-286.478  220.026       4.1133
-282.890  -92.630       4.1133
-282.890  -89.472       4.1133
-282.890  -86.314       4.1133
-282.890  -83.156       4.1133
-282.890  -79.997       4.1133
-282.890  -76.839       4.1133
-282.890  -73.681       4.1133
-282.890  -70.523       4.1133
-282.890  -67.365       4.1133
-282.890  -64.207       4.1133
-282.890  -61.049       2.5400
-282.890  -57.890       1.9142
-282.890  -54.732       2.0857
-282.890  -51.574       1.6725
-282.890  -48.416       1.7812
-282.890  -45.258       1.4307
-282.890  -42.100       1.1759
-282.890  -38.942       1.1759
-282.890  -35.783       1.0803
-282.890  -32.625       1.6340
-282.890  -29.467       2.2187
-282.890  -26.309       2.3274
-282.890  -23.151       1.8309
-282.890  -19.993       2.3274
-282.890  -16.835       2.8737
-282.890  -13.677       4.1133
-282.890  -10.518       4.1133
-282.890   -7.360       4.1133
-282.890   -4.202       2.1268
-282.890   -1.044       1.6340
-282.890    2.114       1.5315
-282.890    5.272       1.5474
-282.890    8.430       1.5160
-282.890   11.589       1.2397
-282.890   14.747       1.3220
-282.890   17.905       1.5806
-282.890   21.063       1.9770
-282.890   24.221       2.2187
-282.890   27.379       2.4604
-282.890   30.537       2.3902
-282.890   33.696       2.0857
-282.890   36.854       1.5474
-282.890   40.012       1.6927
-282.890   43.170       1.7578
-282.890   46.328       2.0472
-282.890   49.486       2.0857
-282.890   52.644       1.7353
-282.890   55.803       1.6725
-282.890   58.961       1.3561
-282.890   62.119       1.6927
-282.890   65.277       2.2187
-282.890   68.435       4.1133
-282.890   71.593       4.1133
-282.890   74.751       4.1133
-282.890   77.910       2.6319
-282.890   81.068       2.1268
-282.890   84.226       1.9448
-282.890   87.384       2.3274
-282.890   90.542       1.5638
-282.890   93.700       1.4578
-282.890   96.858       1.6529
-282.890  100.017       1.7353
-282.890  103.175       1.5315
-282.890  106.333       1.5315
-282.890  109.491       1.4307
-282.890  112.649       1.2115
-282.890  115.807       1.5806
-282.890  118.965       1.1934
-282.890  122.124       0.8979
-282.890  125.282       0.6490
-282.890  128.440       0.2978
-282.890  131.598       0.2182
-282.890  134.756       0.2764
-282.890  137.914       0.1828
-282.890  141.072       0.1994
-282.890  144.230       0.0554
-282.890  147.389       0.1828
-282.890  150.547       0.5475
-282.890  153.705       0.7012
-282.890  156.863       0.8925
-282.890  160.021       0.8611
-282.890  163.179       0.8714
-282.890  166.337       1.0516
-282.890  169.496       1.2115
-282.890  172.654       1.6529
-282.890  175.812       1.7812
-282.890  178.970       1.8851
-282.890  182.128       1.2397
-282.890  185.286       1.0952
-282.890  188.444       1.3004
-282.890  191.603       1.4048
-282.890  194.761       1.7812
-282.890  197.919       3.2869
-282.890  201.077       4.1133
-282.890  204.235       4.1133
-282.890  207.393       4.1133
-282.890  210.551       4.1133
-282.890  213.710       4.1133
-282.890  216.868       4.1133
-282.890  220.026       4.1133
-279.302  -92.630       4.1133
-279.302  -89.472       4.1133
-279.302  -86.314       4.1133
-279.302  -83.156       4.1133
-279.302  -79.997       4.1133
-279.302  -76.839       4.1133
-279.302  -73.681       4.1133
-279.302  -70.523       4.1133
-279.302  -67.365       3.7001
-279.302  -64.207       4.1133
-279.302  -61.049       2.5400
-279.302  -57.890       2.0857
-279.302  -54.732       2.0857
-279.302  -51.574       1.9770
-279.302  -48.416       1.6340
-279.302  -45.258       1.3220
-279.302  -42.100       1.5010
-279.302  -38.942       1.4441
-279.302  -35.783       1.6725
-279.302  -32.625       1.4048
-279.302  -29.467       2.2187
-279.302  -26.309       2.7406
-279.302  -23.151       3.2869
-279.302  -19.993       4.1133
-279.302  -16.835       4.1133
-279.302  -13.677       4.1133
-279.302  -10.518       4.1133
-279.302   -7.360       4.1133
-279.302   -4.202       2.3902
-279.302   -1.044       1.7136
-279.302    2.114       2.0857
-279.302    5.272       1.5010
-279.302    8.430       1.3923
-279.302   11.589       1.3445
-279.302   14.747       1.4176
-279.302   17.905       1.4176
-279.302   21.063       1.3220
-279.302   24.221       2.1710
-279.302   27.379       2.1710
-279.302   30.537       2.4604
-279.302   33.696       2.1268
-279.302   36.854       2.2706
-279.302   40.012       2.0111
-279.302   43.170       2.0111
-279.302   46.328       2.3274
-279.302   49.486       2.5400
-279.302   52.644       2.3274
-279.302   55.803       1.9142
-279.302   58.961       1.4176
-279.302   62.119       1.4048
-279.302   65.277       1.5806
-279.302   68.435       2.0472
-279.302   71.593       3.7001
-279.302   74.751       4.1133
-279.302   77.910       4.1133
-279.302   81.068       2.4604
-279.302   84.226       2.3274
-279.302   87.384       2.4604
-279.302   90.542       3.7001
-279.302   93.700       2.4604
-279.302   96.858       2.6319
-279.302  100.017       1.7812
-279.302  103.175       1.8309
-279.302  106.333       1.8309
-279.302  109.491       1.5806
-279.302  112.649       1.3332
-279.302  115.807       1.4176
-279.302  118.965       1.8574
-279.302  122.124       1.4862
-279.302  125.282       1.0309
-279.302  128.440       0.5210
-279.302  131.598       0.5011
-279.302  134.756       0.4353
-279.302  137.914       0.2465
-279.302  141.072       0.1763
-279.302  144.230       0.0270
-279.302  147.389       0.0647
-279.302  150.547       0.1297
-279.302  153.705       0.4303
-279.302  156.863       0.6973
-279.302  160.021       0.4581
-279.302  163.179       0.5720
-279.302  166.337       0.9256
-279.302  169.496       1.3800
-279.302  172.654       1.9142
-279.302  175.812       2.6319
-279.302  178.970       1.8574
-279.302  182.128       1.4176
-279.302  185.286       1.5010
-279.302  188.444       1.5978
-279.302  191.603       2.0111
-279.302  194.761       2.0111
-279.302  197.919       3.7001
-279.302  201.077       4.1133
-279.302  204.235       4.1133
-279.302  207.393       4.1133
-279.302  210.551       4.1133
-279.302  213.710       4.1133
-279.302  216.868       4.1133
-279.302  220.026       4.1133
-275.713  -92.630       4.1133
-275.713  -89.472       4.1133
-275.713  -86.314       4.1133
-275.713  -83.156       4.1133
-275.713  -79.997       4.1133
-275.713  -76.839       4.1133
-275.713  -73.681       4.1133
-275.713  -70.523       4.1133
-275.713  -67.365       2.3274
-275.713  -64.207       2.1710
-275.713  -61.049       1.6340
-275.713  -57.890       1.1759
-275.713  -54.732       1.1028
-275.713  -51.574       1.0803
-275.713  -48.416       1.3800
-275.713  -45.258       1.7353
-275.713  -42.100       1.6927
-275.713  -38.942       1.5638
-275.713  -35.783       1.5978
-275.713  -32.625       1.6927
-275.713  -29.467       2.0857
-275.713  -26.309       3.0452
-275.713  -23.151       2.2187
-275.713  -19.993       2.6319
-275.713  -16.835       4.1133
-275.713  -13.677       4.1133
-275.713  -10.518       4.1133
-275.713   -7.360       3.0452
-275.713   -4.202       2.1710
-275.713   -1.044       2.0472
-275.713    2.114       2.8737
-275.713    5.272       2.2187
-275.713    8.430       1.4176
-275.713   11.589       1.2794
-275.713   14.747       1.3923
-275.713   17.905       1.5978
-275.713   21.063       1.4441
-275.713   24.221       1.8055
-275.713   27.379       2.0857
-275.713   30.537       1.9142
-275.713   33.696       1.7578
-275.713   36.854       1.7578
-275.713   40.012       1.4441
-275.713   43.170       1.8851
-275.713   46.328       2.1710
-275.713   49.486       3.2869
-275.713   52.644       4.1133
-275.713   55.803       3.0452
-275.713   58.961       2.1710
-275.713   62.119       1.7578
-275.713   65.277       1.6529
-275.713   68.435       1.8851
-275.713   71.593       3.7001
-275.713   74.751       4.1133
-275.713   77.910       4.1133
-275.713   81.068       2.7406
-275.713   84.226       1.9142
-275.713   87.384       2.6319
-275.713   90.542       3.7001
-275.713   93.700       4.1133
-275.713   96.858       4.1133
-275.713  100.017       2.6319
-275.713  103.175       3.0452
-275.713  106.333       2.3274
-275.713  109.491       2.1268
-275.713  112.649       1.6340
-275.713  115.807       1.4862
-275.713  118.965       1.2494
-275.713  122.124       1.1846
-275.713  125.282       1.2301
-275.713  128.440       1.0242
-275.713  131.598       0.8460
-275.713  134.756       0.9313
-275.713  137.914       0.7051
-275.713  141.072       0.5689
-275.713  144.230       0.3473
-275.713  147.389       0.3098
-275.713  150.547       0.1541
-275.713  153.705       0.2997
-275.713  156.863       0.4328
-275.713  160.021       0.3516
-275.713  163.179       0.4084
-275.713  166.337       0.4479
-275.713  169.496       1.0803
-275.713  172.654       2.3274
-275.713  175.812       3.2869
-275.713  178.970       2.2187
-275.713  182.128       1.6340
-275.713  185.286       1.3445
-275.713  188.444       1.9770
-275.713  191.603       2.6319
-275.713  194.761       2.5400
-275.713  197.919       3.7001
-275.713  201.077       4.1133
-275.713  204.235       4.1133
-275.713  207.393       4.1133
-275.713  210.551       4.1133
-275.713  213.710       4.1133
-275.713  216.868       4.1133
-275.713  220.026       4.1133
-272.125  -92.630       4.1133
-272.125  -89.472       4.1133
-272.125  -86.314       4.1133
-272.125  -83.156       4.1133
-272.125  -79.997       4.1133
-272.125  -76.839       4.1133
-272.125  -73.681       4.1133
-272.125  -70.523       2.7406
-272.125  -67.365       1.8055
-272.125  -64.207       1.4048
-272.125  -61.049       1.4862
-272.125  -57.890       1.3332
-272.125  -54.732       1.3220
-272.125  -51.574       1.3561
-272.125  -48.416       1.3220
-272.125  -45.258       1.6725
-272.125  -42.100       1.3561
-272.125  -38.942       1.1105
-272.125  -35.783       1.4441
-272.125  -32.625       1.7578
-272.125  -29.467       1.4441
-272.125  -26.309       1.3679
-272.125  -23.151       1.9448
-272.125  -19.993       2.4604
-272.125  -16.835       2.3902
-272.125  -13.677       3.2869
-272.125  -10.518       3.0452
-272.125   -7.360       3.7001
-272.125   -4.202       2.6319
-272.125   -1.044       2.5400
-272.125    2.114       2.8737
-272.125    5.272       2.3902
-272.125    8.430       1.9448
-272.125   11.589       1.6725
-272.125   14.747       2.0111
-272.125   17.905       1.6927
-272.125   21.063       1.7578
-272.125   24.221       1.3220
-272.125   27.379       1.3561
-272.125   30.537       1.5315
-272.125   33.696       1.6725
-272.125   36.854       2.1710
-272.125   40.012       1.5474
-272.125   43.170       1.8851
-272.125   46.328       2.0857
-272.125   49.486       2.2187
-272.125   52.644       2.3274
-272.125   55.803       2.2706
-272.125   58.961       2.3274
-272.125   62.119       3.0452
-272.125   65.277       3.2869
-272.125   68.435       3.0452
-272.125   71.593       2.8737
-272.125   74.751       3.7001
-272.125   77.910       2.7406
-272.125   81.068       2.6319
-272.125   84.226       2.7406
-272.125   87.384       4.1133
-272.125   90.542       4.1133
-272.125   93.700       4.1133
-272.125   96.858       4.1133
-272.125  100.017       4.1133
-272.125  103.175       3.7001
-272.125  106.333       2.7406
-272.125  109.491       3.2869
-272.125  112.649       3.2869
-272.125  115.807       1.9448
-272.125  118.965       2.0857
-272.125  122.124       1.6725
-272.125  125.282       1.2794
-272.125  128.440       1.5160
-272.125  131.598       1.5474
-272.125  134.756       1.2024
-272.125  137.914       1.0952
-272.125  141.072       0.9256
-272.125  144.230       0.6490
-272.125  147.389       0.4378
-272.125  150.547       0.4181
-272.125  153.705       0.3760
-272.125  156.863       0.2764
-272.125  160.021       0.2011
-272.125  163.179       0.3582
-272.125  166.337       0.4686
-272.125  169.496       0.6454
-272.125  172.654       1.0516
-272.125  175.812       1.8851
-272.125  178.970       2.1710
-272.125  182.128       1.6529
-272.125  185.286       1.6156
-272.125  188.444       2.0857
-272.125  191.603       2.4604
-272.125  194.761       4.1133
-272.125  197.919       4.1133
-272.125  201.077       4.1133
-272.125  204.235       4.1133
-272.125  207.393       4.1133
-272.125  210.551       4.1133
-272.125  213.710       4.1133
-272.125  216.868       4.1133
-272.125  220.026       4.1133
-268.536  -92.630       4.1133
-268.536  -89.472       4.1133
-268.536  -86.314       4.1133
-268.536  -83.156       4.1133
-268.536  -79.997       4.1133
-268.536  -76.839       3.7001
-268.536  -73.681       3.0452
-268.536  -70.523       1.7136
-268.536  -67.365       1.6529
-268.536  -64.207       1.5474
-268.536  -61.049       1.5160
-268.536  -57.890       1.3679
-268.536  -54.732       1.3445
-268.536  -51.574       1.2898
-268.536  -48.416       1.5315
-268.536  -45.258       1.7353
-268.536  -42.100       1.4578
-268.536  -38.942       1.3679
-268.536  -35.783       1.8055
-268.536  -32.625       1.7136
-268.536  -29.467       1.2115
-268.536  -26.309       1.1028
-268.536  -23.151       1.5010
-268.536  -19.993       1.8574
-268.536  -16.835       2.0857
-268.536  -13.677       1.6725
-268.536  -10.518       1.8851
-268.536   -7.360       2.1268
-268.536   -4.202       2.3902
-268.536   -1.044       2.6319
-268.536    2.114       2.6319
-268.536    5.272       1.8309
-268.536    8.430       1.5160
-268.536   11.589       1.8055
-268.536   14.747       2.2706
-268.536   17.905       2.0472
-268.536   21.063       1.4441
-268.536   24.221       1.5315
-268.536   27.379       1.6340
-268.536   30.537       2.2706
-268.536   33.696       1.9448
-268.536   36.854       2.6319
-268.536   40.012       2.0472
-268.536   43.170       1.4578
-268.536   46.328       1.9448
-268.536   49.486       1.5010
-268.536   52.644       1.5806
-268.536   55.803       1.8851
-268.536   58.961       2.2706
-268.536   62.119       2.3902
-268.536   65.277       3.2869
-268.536   68.435       4.1133
-268.536   71.593       4.1133
-268.536   74.751       4.1133
-268.536   77.910       4.1133
-268.536   81.068       4.1133
-268.536   84.226       4.1133
-268.536   87.384       4.1133
-268.536   90.542       4.1133
-268.536   93.700       4.1133
-268.536   96.858       4.1133
-268.536  100.017       4.1133
-268.536  103.175       4.1133
-268.536  106.333       4.1133
-268.536  109.491       4.1133
-268.536  112.649       4.1133
-268.536  115.807       2.6319
-268.536  118.965       2.8737
-268.536  122.124       2.7406
-268.536  125.282       2.0111
-268.536  128.440       1.8309
-268.536  131.598       1.5010
-268.536  134.756       1.3800
-268.536  137.914       1.1105
-268.536  141.072       0.9790
-268.536  144.230       1.0175
-268.536  147.389       0.8510
-268.536  150.547       0.8818
-268.536  153.705       0.7802
-268.536  156.863       0.5095
-268.536  160.021       0.2045
-268.536  163.179       0.1960
-268.536  166.337       0.2997
-268.536  169.496       0.3345
-268.536  172.654       0.7130
-268.536  175.812       1.1589
-268.536  178.970       1.8851
-268.536  182.128       2.0472
-268.536  185.286       2.1710
-268.536  188.444       2.1710
-268.536  191.603       2.2706
-268.536  194.761       3.0452
-268.536  197.919       4.1133
-268.536  201.077       4.1133
-268.536  204.235       4.1133
-268.536  207.393       4.1133
-268.536  210.551       4.1133
-268.536  213.710       4.1133
-268.536  216.868       4.1133
-268.536  220.026       4.1133
-264.948  -92.630       4.1133
-264.948  -89.472       4.1133
-264.948  -86.314       4.1133
-264.948  -83.156       4.1133
-264.948  -79.997       3.7001
-264.948  -76.839       2.5400
-264.948  -73.681       1.9770
-264.948  -70.523       1.9448
-264.948  -67.365       1.5160
-264.948  -64.207       1.5160
-264.948  -61.049       1.4578
-264.948  -57.890       1.4719
-264.948  -54.732       1.1423
-264.948  -51.574       1.3561
-264.948  -48.416       2.1710
-264.948  -45.258       2.5400
-264.948  -42.100       1.8574
-264.948  -38.942       1.8851
-264.948  -35.783       1.7353
-264.948  -32.625       1.5160
-264.948  -29.467       1.3800
-264.948  -26.309       1.4719
-264.948  -23.151       1.6725
-264.948  -19.993       2.0857
-264.948  -16.835       1.9770
-264.948  -13.677       1.7578
-264.948  -10.518       2.1710
-264.948   -7.360       1.9142
-264.948   -4.202       1.6927
-264.948   -1.044       1.8574
-264.948    2.114       2.8737
-264.948    5.272       2.0857
-264.948    8.430       2.0111
-264.948   11.589       2.2706
-264.948   14.747       2.2187
-264.948   17.905       1.7353
-264.948   21.063       1.7353
-264.948   24.221       1.7812
-264.948   27.379       2.2187
-264.948   30.537       2.5400
-264.948   33.696       2.8737
-264.948   36.854       4.1133
-264.948   40.012       2.6319
-264.948   43.170       2.0857
-264.948   46.328       1.4307
-264.948   49.486       1.6156
-264.948   52.644       1.9448
-264.948   55.803       2.2706
-264.948   58.961       2.8737
-264.948   62.119       2.8737
-264.948   65.277       3.2869
-264.948   68.435       4.1133
-264.948   71.593       4.1133
-264.948   74.751       4.1133
-264.948   77.910       4.1133
-264.948   81.068       4.1133
-264.948   84.226       4.1133
-264.948   87.384       4.1133
-264.948   90.542       4.1133
-264.948   93.700       4.1133
-264.948   96.858       4.1133
-264.948  100.017       4.1133
-264.948  103.175       4.1133
-264.948  106.333       4.1133
-264.948  109.491       4.1133
-264.948  112.649       4.1133
-264.948  115.807       4.1133
-264.948  118.965       4.1133
-264.948  122.124       4.1133
-264.948  125.282       2.8737
-264.948  128.440       1.5010
-264.948  131.598       1.0586
-264.948  134.756       0.9607
-264.948  137.914       1.0309
-264.948  141.072       1.2592
-264.948  144.230       1.0377
-264.948  147.389       1.1759
-264.948  150.547       1.5474
-264.948  153.705       1.3679
-264.948  156.863       0.7937
-264.948  160.021       0.3782
-264.948  163.179       0.2576
-264.948  166.337       0.3626
-264.948  169.496       0.3897
-264.948  172.654       0.5445
-264.948  175.812       0.9088
-264.948  178.970       1.9448
-264.948  182.128       2.1268
-264.948  185.286       1.8309
-264.948  188.444       1.9448
-264.948  191.603       2.6319
-264.948  194.761       3.7001
-264.948  197.919       4.1133
-264.948  201.077       4.1133
-264.948  204.235       4.1133
-264.948  207.393       4.1133
-264.948  210.551       4.1133
-264.948  213.710       4.1133
-264.948  216.868       4.1133
-264.948  220.026       4.1133
-261.359  -92.630       4.1133
-261.359  -89.472       4.1133
-261.359  -86.314       4.1133
-261.359  -83.156       4.1133
-261.359  -79.997       4.1133
-261.359  -76.839       2.7406
-261.359  -73.681       3.2869
-261.359  -70.523       2.7406
-261.359  -67.365       2.1710
-261.359  -64.207       2.2187
-261.359  -61.049       2.3902
-261.359  -57.890       2.1710
-261.359  -54.732       1.6340
-261.359  -51.574       2.4604
-261.359  -48.416       2.8737
-261.359  -45.258       2.7406
-261.359  -42.100       2.3274
-261.359  -38.942       2.2187
-261.359  -35.783       1.9770
-261.359  -32.625       1.7353
-261.359  -29.467       1.7578
-261.359  -26.309       1.9142
-261.359  -23.151       1.9770
-261.359  -19.993       1.8055
-261.359  -16.835       2.3274
-261.359  -13.677       3.0452
-261.359  -10.518       2.4604
-261.359   -7.360       1.9770
-261.359   -4.202       1.7812
-261.359   -1.044       2.3274
-261.359    2.114       3.2869
-261.359    5.272       2.4604
-261.359    8.430       2.2187
-261.359   11.589       2.0472
-261.359   14.747       2.0857
-261.359   17.905       1.8574
-261.359   21.063       1.9448
-261.359   24.221       2.1268
-261.359   27.379       3.0452
-261.359   30.537       4.1133
-261.359   33.696       2.3902
-261.359   36.854       2.0857
-261.359   40.012       1.9448
-261.359   43.170       2.1710
-261.359   46.328       2.7406
-261.359   49.486       3.7001
-261.359   52.644       4.1133
-261.359   55.803       4.1133
-261.359   58.961       4.1133
-261.359   62.119       4.1133
-261.359   65.277       4.1133
-261.359   68.435       4.1133
-261.359   71.593       4.1133
-261.359   74.751       4.1133
-261.359   77.910       4.1133
-261.359   81.068       4.1133
-261.359   84.226       4.1133
-261.359   87.384       4.1133
-261.359   90.542       4.1133
-261.359   93.700       4.1133
-261.359   96.858       4.1133
-261.359  100.017       4.1133
-261.359  103.175       4.1133
-261.359  106.333       4.1133
-261.359  109.491       4.1133
-261.359  112.649       4.1133
-261.359  115.807       4.1133
-261.359  118.965       4.1133
-261.359  122.124       4.1133
-261.359  125.282       3.7001
-261.359  128.440       2.3902
-261.359  131.598       1.8574
-261.359  134.756       1.5806
-261.359  137.914       1.3800
-261.359  141.072       1.5160
-261.359  144.230       1.2494
-261.359  147.389       1.2024
-261.359  150.547       1.4176
-261.359  153.705       1.1423
-261.359  156.863       0.9980
-261.359  160.021       0.9667
-261.359  163.179       0.5505
-261.359  166.337       0.6076
-261.359  169.496       0.6490
-261.359  172.654       0.4874
-261.359  175.812       0.9200
-261.359  178.970       1.9142
-261.359  182.128       2.2187
-261.359  185.286       2.0111
-261.359  188.444       2.7406
-261.359  191.603       3.7001
-261.359  194.761       4.1133
-261.359  197.919       4.1133
-261.359  201.077       4.1133
-261.359  204.235       4.1133
-261.359  207.393       4.1133
-261.359  210.551       4.1133
-261.359  213.710       4.1133
-261.359  216.868       4.1133
-261.359  220.026       4.1133
-257.771  -92.630       4.1133
-257.771  -89.472       4.1133
-257.771  -86.314       4.1133
-257.771  -83.156       4.1133
-257.771  -79.997       4.1133
-257.771  -76.839       4.1133
-257.771  -73.681       4.1133
-257.771  -70.523       4.1133
-257.771  -67.365       2.8737
-257.771  -64.207       2.4604
-257.771  -61.049       2.6319
-257.771  -57.890       2.6319
-257.771  -54.732       2.2187
-257.771  -51.574       2.2706
-257.771  -48.416       4.1133
-257.771  -45.258       4.1133
-257.771  -42.100       3.0452
-257.771  -38.942       2.5400
-257.771  -35.783       2.3902
-257.771  -32.625       2.0857
-257.771  -29.467       1.7812
-257.771  -26.309       1.9770
-257.771  -23.151       2.2187
-257.771  -19.993       2.5400
-257.771  -16.835       2.7406
-257.771  -13.677       2.5400
-257.771  -10.518       2.8737
-257.771   -7.360       3.7001
-257.771   -4.202       3.2869
-257.771   -1.044       3.7001
-257.771    2.114       4.1133
-257.771    5.272       4.1133
-257.771    8.430       3.2869
-257.771   11.589       3.2869
-257.771   14.747       2.8737
-257.771   17.905       3.7001
-257.771   21.063       3.2869
-257.771   24.221       3.2869
-257.771   27.379       3.2869
-257.771   30.537       4.1133
-257.771   33.696       2.7406
-257.771   36.854       2.2706
-257.771   40.012       2.6319
-257.771   43.170       2.4604
-257.771   46.328       3.2869
-257.771   49.486       3.7001
-257.771   52.644       4.1133
-257.771   55.803       4.1133
-257.771   58.961       4.1133
-257.771   62.119       4.1133
-257.771   65.277       4.1133
-257.771   68.435       3.7001
-257.771   71.593       3.2869
-257.771   74.751       4.1133
-257.771   77.910       4.1133
-257.771   81.068       4.1133
-257.771   84.226       4.1133
-257.771   87.384       4.1133
-257.771   90.542       4.1133
-257.771   93.700       4.1133
-257.771   96.858       4.1133
-257.771  100.017       4.1133
-257.771  103.175       4.1133
-257.771  106.333       4.1133
-257.771  109.491       4.1133
-257.771  112.649       4.1133
-257.771  115.807       4.1133
-257.771  118.965       4.1133
-257.771  122.124       4.1133
-257.771  125.282       4.1133
-257.771  128.440       4.1133
-257.771  131.598       2.5400
-257.771  134.756       2.3902
-257.771  137.914       2.4604
-257.771  141.072       1.8851
-257.771  144.230       1.2592
-257.771  147.389       1.5315
-257.771  150.547       1.2794
-257.771  153.705       1.4862
-257.771  156.863       1.2592
-257.771  160.021       0.8979
-257.771  163.179       0.8361
-257.771  166.337       0.8029
-257.771  169.496       1.0044
-257.771  172.654       0.7332
-257.771  175.812       0.9033
-257.771  178.970       1.2301
-257.771  182.128       1.6529
-257.771  185.286       2.5400
-257.771  188.444       4.1133
-257.771  191.603       4.1133
-257.771  194.761       4.1133
-257.771  197.919       4.1133
-257.771  201.077       4.1133
-257.771  204.235       4.1133
-257.771  207.393       4.1133
-257.771  210.551       4.1133
-257.771  213.710       4.1133
-257.771  216.868       4.1133
-257.771  220.026       4.1133
-254.182  -92.630       4.1133
-254.182  -89.472       4.1133
-254.182  -86.314       4.1133
-254.182  -83.156       4.1133
-254.182  -79.997       4.1133
-254.182  -76.839       4.1133
-254.182  -73.681       4.1133
-254.182  -70.523       4.1133
-254.182  -67.365       4.1133
-254.182  -64.207       4.1133
-254.182  -61.049       4.1133
-254.182  -57.890       3.2869
-254.182  -54.732       2.3274
-254.182  -51.574       1.9770
-254.182  -48.416       2.4604
-254.182  -45.258       4.1133
-254.182  -42.100       4.1133
-254.182  -38.942       2.6319
-254.182  -35.783       2.3274
-254.182  -32.625       2.3274
-254.182  -29.467       1.9448
-254.182  -26.309       2.2187
-254.182  -23.151       3.2869
-254.182  -19.993       2.4604
-254.182  -16.835       2.6319
-254.182  -13.677       2.5400
-254.182  -10.518       2.3902
-254.182   -7.360       3.2869
-254.182   -4.202       4.1133
-254.182   -1.044       4.1133
-254.182    2.114       4.1133
-254.182    5.272       4.1133
-254.182    8.430       4.1133
-254.182   11.589       4.1133
-254.182   14.747       4.1133
-254.182   17.905       4.1133
-254.182   21.063       4.1133
-254.182   24.221       4.1133
-254.182   27.379       4.1133
-254.182   30.537       4.1133
-254.182   33.696       3.0452
-254.182   36.854       2.4604
-254.182   40.012       2.8737
-254.182   43.170       2.6319
-254.182   46.328       2.8737
-254.182   49.486       4.1133
-254.182   52.644       4.1133
-254.182   55.803       4.1133
-254.182   58.961       4.1133
-254.182   62.119       4.1133
-254.182   65.277       4.1133
-254.182   68.435       2.6319
-254.182   71.593       1.9770
-254.182   74.751       2.5400
-254.182   77.910       4.1133
-254.182   81.068       3.7001
-254.182   84.226       4.1133
-254.182   87.384       4.1133
-254.182   90.542       4.1133
-254.182   93.700       4.1133
-254.182   96.858       4.1133
-254.182  100.017       4.1133
-254.182  103.175       4.1133
-254.182  106.333       4.1133
-254.182  109.491       4.1133
-254.182  112.649       4.1133
-254.182  115.807       4.1133
-254.182  118.965       4.1133
-254.182  122.124       4.1133
-254.182  125.282       4.1133
-254.182  128.440       4.1133
-254.182  131.598       4.1133
-254.182  134.756       4.1133
-254.182  137.914       2.7406
-254.182  141.072       3.7001
-254.182  144.230       2.8737
-254.182  147.389       1.8055
-254.182  150.547       1.8055
-254.182  153.705       1.8055
-254.182  156.863       1.7578
-254.182  160.021       1.2494
-254.182  163.179       1.2794
-254.182  166.337       1.3679
-254.182  169.496       1.6156
-254.182  172.654       1.3111
-254.182  175.812       0.8460
-254.182  178.970       0.7456
-254.182  182.128       1.3800
-254.182  185.286       1.9770
-254.182  188.444       3.7001
-254.182  191.603       4.1133
-254.182  194.761       4.1133
-254.182  197.919       4.1133
-254.182  201.077       4.1133
-254.182  204.235       4.1133
-254.182  207.393       4.1133
-254.182  210.551       4.1133
-254.182  213.710       4.1133
-254.182  216.868       4.1133
-254.182  220.026       4.1133
-250.594  -92.630       4.1133
-250.594  -89.472       4.1133
-250.594  -86.314       4.1133
-250.594  -83.156       4.1133
-250.594  -79.997       4.1133
-250.594  -76.839       4.1133
-250.594  -73.681       4.1133
-250.594  -70.523       4.1133
-250.594  -67.365       4.1133
-250.594  -64.207       4.1133
-250.594  -61.049       4.1133
-250.594  -57.890       2.2187
-250.594  -54.732       1.9770
-250.594  -51.574       2.0111
-250.594  -48.416       2.3902
-250.594  -45.258       3.2869
-250.594  -42.100       2.6319
-250.594  -38.942       2.6319
-250.594  -35.783       2.2706
-250.594  -32.625       2.7406
-250.594  -29.467       2.1710
-250.594  -26.309       2.6319
-250.594  -23.151       2.2706
-250.594  -19.993       1.5806
-250.594  -16.835       1.6529
-250.594  -13.677       1.8309
-250.594  -10.518       1.9770
-250.594   -7.360       2.8737
-250.594   -4.202       3.0452
-250.594   -1.044       3.7001
-250.594    2.114       4.1133
-250.594    5.272       4.1133
-250.594    8.430       4.1133
-250.594   11.589       4.1133
-250.594   14.747       4.1133
-250.594   17.905       4.1133
-250.594   21.063       4.1133
-250.594   24.221       4.1133
-250.594   27.379       4.1133
-250.594   30.537       4.1133
-250.594   33.696       2.5400
-250.594   36.854       2.0111
-250.594   40.012       2.3274
-250.594   43.170       2.2706
-250.594   46.328       3.2869
-250.594   49.486       3.0452
-250.594   52.644       2.7406
-250.594   55.803       3.0452
-250.594   58.961       3.7001
-250.594   62.119       3.2869
-250.594   65.277       3.7001
-250.594   68.435       2.8737
-250.594   71.593       1.9142
-250.594   74.751       1.7136
-250.594   77.910       2.3274
-250.594   81.068       2.7406
-250.594   84.226       2.8737
-250.594   87.384       2.6319
-250.594   90.542       2.5400
-250.594   93.700       4.1133
-250.594   96.858       4.1133
-250.594  100.017       4.1133
-250.594  103.175       4.1133
-250.594  106.333       4.1133
-250.594  109.491       4.1133
-250.594  112.649       4.1133
-250.594  115.807       4.1133
-250.594  118.965       4.1133
-250.594  122.124       4.1133
-250.594  125.282       4.1133
-250.594  128.440       4.1133
-250.594  131.598       4.1133
-250.594  134.756       4.1133
-250.594  137.914       4.1133
-250.594  141.072       4.1133
-250.594  144.230       4.1133
-250.594  147.389       2.7406
-250.594  150.547       2.2706
-250.594  153.705       2.4604
-250.594  156.863       2.8737
-250.594  160.021       3.2869
-250.594  163.179       3.0452
-250.594  166.337       2.7406
-250.594  169.496       2.3274
-250.594  172.654       1.4176
-250.594  175.812       1.4048
-250.594  178.970       1.3220
-250.594  182.128       1.1673
-250.594  185.286       1.8309
-250.594  188.444       2.3274
-250.594  191.603       2.3902
-250.594  194.761       3.2869
-250.594  197.919       4.1133
-250.594  201.077       4.1133
-250.594  204.235       4.1133
-250.594  207.393       4.1133
-250.594  210.551       4.1133
-250.594  213.710       4.1133
-250.594  216.868       4.1133
-250.594  220.026       4.1133
-247.006  -92.630       4.1133
-247.006  -89.472       4.1133
-247.006  -86.314       4.1133
-247.006  -83.156       4.1133
-247.006  -79.997       4.1133
-247.006  -76.839       4.1133
-247.006  -73.681       4.1133
-247.006  -70.523       4.1133
-247.006  -67.365       4.1133
-247.006  -64.207       4.1133
-247.006  -61.049       4.1133
-247.006  -57.890       3.0452
-247.006  -54.732       1.7353
-247.006  -51.574       2.0857
-247.006  -48.416       1.7136
-247.006  -45.258       2.0472
-247.006  -42.100       2.3902
-247.006  -38.942       2.4604
-247.006  -35.783       3.7001
-247.006  -32.625       3.2869
-247.006  -29.467       2.2706
-247.006  -26.309       2.2187
-247.006  -23.151       2.5400
-247.006  -19.993       2.1710
-247.006  -16.835       2.0857
-247.006  -13.677       1.5978
-247.006  -10.518       1.4441
-247.006   -7.360       1.4719
-247.006   -4.202       2.2187
-247.006   -1.044       2.8737
-247.006    2.114       4.1133
-247.006    5.272       4.1133
-247.006    8.430       4.1133
-247.006   11.589       4.1133
-247.006   14.747       4.1133
-247.006   17.905       4.1133
-247.006   21.063       4.1133
-247.006   24.221       4.1133
-247.006   27.379       4.1133
-247.006   30.537       2.7406
-247.006   33.696       1.7812
-247.006   36.854       1.3923
-247.006   40.012       1.4578
-247.006   43.170       1.9448
-247.006   46.328       3.0452
-247.006   49.486       2.6319
-247.006   52.644       2.2187
-247.006   55.803       2.5400
-247.006   58.961       2.3902
-247.006   62.119       1.5010
-247.006   65.277       2.0857
-247.006   68.435       1.7578
-247.006   71.593       1.5978
-247.006   74.751       1.6529
-247.006   77.910       1.5474
-247.006   81.068       1.8851
-247.006   84.226       2.3902
-247.006   87.384       2.6319
-247.006   90.542       2.3274
-247.006   93.700       4.1133
-247.006   96.858       4.1133
-247.006  100.017       4.1133
-247.006  103.175       4.1133
-247.006  106.333       4.1133
-247.006  109.491       4.1133
-247.006  112.649       4.1133
-247.006  115.807       4.1133
-247.006  118.965       4.1133
-247.006  122.124       4.1133
-247.006  125.282       4.1133
-247.006  128.440       4.1133
-247.006  131.598       4.1133
-247.006  134.756       4.1133
-247.006  137.914       4.1133
-247.006  141.072       4.1133
-247.006  144.230       4.1133
-247.006  147.389       4.1133
-247.006  150.547       4.1133
-247.006  153.705       3.7001
-247.006  156.863       4.1133
-247.006  160.021       4.1133
-247.006  163.179       4.1133
-247.006  166.337       4.1133
-247.006  169.496       3.7001
-247.006  172.654       2.1268
-247.006  175.812       1.4176
-247.006  178.970       1.2592
-247.006  182.128       1.3679
-247.006  185.286       1.4048
-247.006  188.444       1.1589
-247.006  191.603       1.0730
-247.006  194.761       1.2794
-247.006  197.919       3.7001
-247.006  201.077       4.1133
-247.006  204.235       4.1133
-247.006  207.393       4.1133
-247.006  210.551       4.1133
-247.006  213.710       4.1133
-247.006  216.868       4.1133
-247.006  220.026       4.1133
-243.417  -92.630       4.1133
-243.417  -89.472       4.1133
-243.417  -86.314       4.1133
-243.417  -83.156       4.1133
-243.417  -79.997       4.1133
-243.417  -76.839       4.1133
-243.417  -73.681       4.1133
-243.417  -70.523       4.1133
-243.417  -67.365       4.1133
-243.417  -64.207       4.1133
-243.417  -61.049       2.8737
-243.417  -57.890       3.7001
-243.417  -54.732       1.9448
-243.417  -51.574       1.7353
-243.417  -48.416       1.9142
-243.417  -45.258       1.6725
-243.417  -42.100       2.0111
-243.417  -38.942       2.2706
-243.417  -35.783       1.8309
-243.417  -32.625       1.8574
-243.417  -29.467       2.4604
-243.417  -26.309       2.4604
-243.417  -23.151       2.8737
-243.417  -19.993       2.6319
-243.417  -16.835       2.3274
-243.417  -13.677       1.8055
-243.417  -10.518       1.4176
-243.417   -7.360       1.9142
-243.417   -4.202       3.0452
-243.417   -1.044       4.1133
-243.417    2.114       4.1133
-243.417    5.272       4.1133
-243.417    8.430       4.1133
-243.417   11.589       4.1133
-243.417   14.747       4.1133
-243.417   17.905       4.1133
-243.417   21.063       4.1133
-243.417   24.221       4.1133
-243.417   27.379       2.8737
-243.417   30.537       2.4604
-243.417   33.696       1.7812
-243.417   36.854       1.4719
-243.417   40.012       1.4719
-243.417   43.170       1.3923
-243.417   46.328       1.3445
-243.417   49.486       1.5474
-243.417   52.644       1.4176
-243.417   55.803       1.3800
-243.417   58.961       1.5638
-243.417   62.119       1.5160
-243.417   65.277       1.5010
-243.417   68.435       1.8309
-243.417   71.593       1.8055
-243.417   74.751       1.4578
-243.417   77.910       1.5638
-243.417   81.068       1.3800
-243.417   84.226       1.7353
-243.417   87.384       2.4604
-243.417   90.542       2.7406
-243.417   93.700       4.1133
-243.417   96.858       4.1133
-243.417  100.017       4.1133
-243.417  103.175       4.1133
-243.417  106.333       4.1133
-243.417  109.491       4.1133
-243.417  112.649       4.1133
-243.417  115.807       4.1133
-243.417  118.965       4.1133
-243.417  122.124       4.1133
-243.417  125.282       4.1133
-243.417  128.440       4.1133
-243.417  131.598       4.1133
-243.417  134.756       4.1133
-243.417  137.914       4.1133
-243.417  141.072       4.1133
-243.417  144.230       4.1133
-243.417  147.389       4.1133
-243.417  150.547       4.1133
-243.417  153.705       4.1133
-243.417  156.863       4.1133
-243.417  160.021       4.1133
-243.417  163.179       4.1133
-243.417  166.337       4.1133
-243.417  169.496       4.1133
-243.417  172.654       2.5400
-243.417  175.812       1.9448
-243.417  178.970       1.7136
-243.417  182.128       2.0111
-243.417  185.286       1.9142
-243.417  188.444       1.8055
-243.417  191.603       1.2301
-243.417  194.761       1.0803
-243.417  197.919       1.6725
-243.417  201.077       3.7001
-243.417  204.235       4.1133
-243.417  207.393       4.1133
-243.417  210.551       4.1133
-243.417  213.710       4.1133
-243.417  216.868       4.1133
-243.417  220.026       4.1133
-239.829  -92.630       4.1133
-239.829  -89.472       4.1133
-239.829  -86.314       4.1133
-239.829  -83.156       4.1133
-239.829  -79.997       4.1133
-239.829  -76.839       4.1133
-239.829  -73.681       4.1133
-239.829  -70.523       4.1133
-239.829  -67.365       4.1133
-239.829  -64.207       4.1133
-239.829  -61.049       3.2869
-239.829  -57.890       2.6319
-239.829  -54.732       1.8574
-239.829  -51.574       1.6156
-239.829  -48.416       1.7578
-239.829  -45.258       1.5010
-239.829  -42.100       1.7353
-239.829  -38.942       1.8309
-239.829  -35.783       1.6340
-239.829  -32.625       1.9142
-239.829  -29.467       2.0111
-239.829  -26.309       2.7406
-239.829  -23.151       2.5400
-239.829  -19.993       2.4604
-239.829  -16.835       1.9448
-239.829  -13.677       1.4862
-239.829  -10.518       1.5160
-239.829   -7.360       2.7406
-239.829   -4.202       4.1133
-239.829   -1.044       4.1133
-239.829    2.114       4.1133
-239.829    5.272       4.1133
-239.829    8.430       4.1133
-239.829   11.589       4.1133
-239.829   14.747       4.1133
-239.829   17.905       4.1133
-239.829   21.063       4.1133
-239.829   24.221       4.1133
-239.829   27.379       4.1133
-239.829   30.537       3.7001
-239.829   33.696       2.4604
-239.829   36.854       1.9448
-239.829   40.012       1.6927
-239.829   43.170       1.7812
-239.829   46.328       1.3561
-239.829   49.486       1.1423
-239.829   52.644       1.3111
-239.829   55.803       0.9488
-239.829   58.961       1.0803
-239.829   62.119       1.3220
-239.829   65.277       1.5638
-239.829   68.435       1.5474
-239.829   71.593       1.6340
-239.829   74.751       1.4048
-239.829   77.910       1.6340
-239.829   81.068       1.4307
-239.829   84.226       1.2592
-239.829   87.384       2.0111
-239.829   90.542       3.7001
-239.829   93.700       4.1133
-239.829   96.858       4.1133
-239.829  100.017       4.1133
-239.829  103.175       4.1133
-239.829  106.333       4.1133
-239.829  109.491       4.1133
-239.829  112.649       4.1133
-239.829  115.807       4.1133
-239.829  118.965       4.1133
-239.829  122.124       4.1133
-239.829  125.282       4.1133
-239.829  128.440       4.1133
-239.829  131.598       4.1133
-239.829  134.756       4.1133
-239.829  137.914       4.1133
-239.829  141.072       4.1133
-239.829  144.230       4.1133
-239.829  147.389       4.1133
-239.829  150.547       4.1133
-239.829  153.705       4.1133
-239.829  156.863       4.1133
-239.829  160.021       4.1133
-239.829  163.179       4.1133
-239.829  166.337       4.1133
-239.829  169.496       4.1133
-239.829  172.654       4.1133
-239.829  175.812       2.2706
-239.829  178.970       1.9770
-239.829  182.128       1.8309
-239.829  185.286       1.5978
-239.829  188.444       1.8851
-239.829  191.603       1.5638
-239.829  194.761       1.1423
-239.829  197.919       0.9033
-239.829  201.077       1.9448
-239.829  204.235       4.1133
-239.829  207.393       4.1133
-239.829  210.551       4.1133
-239.829  213.710       4.1133
-239.829  216.868       4.1133
-239.829  220.026       4.1133
-236.240  -92.630       4.1133
-236.240  -89.472       4.1133
-236.240  -86.314       4.1133
-236.240  -83.156       4.1133
-236.240  -79.997       4.1133
-236.240  -76.839       4.1133
-236.240  -73.681       4.1133
-236.240  -70.523       4.1133
-236.240  -67.365       4.1133
-236.240  -64.207       4.1133
-236.240  -61.049       2.8737
-236.240  -57.890       1.9142
-236.240  -54.732       1.6927
-236.240  -51.574       1.3561
-236.240  -48.416       1.3004
-236.240  -45.258       1.5978
-236.240  -42.100       1.6156
-236.240  -38.942       1.6927
-236.240  -35.783       1.8851
-236.240  -32.625       1.8309
-236.240  -29.467       1.7812
-236.240  -26.309       2.0111
-236.240  -23.151       1.9770
-236.240  -19.993       2.6319
-236.240  -16.835       3.2869
-236.240  -13.677       2.2187
-236.240  -10.518       2.2706
-236.240   -7.360       2.3902
-236.240   -4.202       3.7001
-236.240   -1.044       4.1133
-236.240    2.114       4.1133
-236.240    5.272       4.1133
-236.240    8.430       3.0452
-236.240   11.589       2.2187
-236.240   14.747       2.5400
-236.240   17.905       3.7001
-236.240   21.063       4.1133
-236.240   24.221       4.1133
-236.240   27.379       3.0452
-236.240   30.537       2.4604
-236.240   33.696       1.8851
-236.240   36.854       1.9142
-236.240   40.012       2.1710
-236.240   43.170       1.9448
-236.240   46.328       1.8574
-236.240   49.486       1.3923
-236.240   52.644       1.2024
-236.240   55.803       1.3111
-236.240   58.961       1.5638
-236.240   62.119       1.5010
-236.240   65.277       1.6156
-236.240   68.435       1.7353
-236.240   71.593       1.8055
-236.240   74.751       2.0472
-236.240   77.910       1.9448
-236.240   81.068       1.6156
-236.240   84.226       1.6927
-236.240   87.384       2.0472
-236.240   90.542       4.1133
-236.240   93.700       4.1133
-236.240   96.858       4.1133
-236.240  100.017       4.1133
-236.240  103.175       4.1133
-236.240  106.333       4.1133
-236.240  109.491       4.1133
-236.240  112.649       4.1133
-236.240  115.807       4.1133
-236.240  118.965       4.1133
-236.240  122.124       4.1133
-236.240  125.282       4.1133
-236.240  128.440       4.1133
-236.240  131.598       4.1133
-236.240  134.756       4.1133
-236.240  137.914       4.1133
-236.240  141.072       4.1133
-236.240  144.230       4.1133
-236.240  147.389       4.1133
-236.240  150.547       4.1133
-236.240  153.705       4.1133
-236.240  156.863       4.1133
-236.240  160.021       4.1133
-236.240  163.179       4.1133
-236.240  166.337       4.1133
-236.240  169.496       4.1133
-236.240  172.654       2.7406
-236.240  175.812       1.8055
-236.240  178.970       1.4048
-236.240  182.128       1.4307
-236.240  185.286       1.1505
-236.240  188.444       1.2397
-236.240  191.603       1.5010
-236.240  194.761       1.5010
-236.240  197.919       1.1342
-236.240  201.077       1.4176
-236.240  204.235       2.7406
-236.240  207.393       4.1133
-236.240  210.551       4.1133
-236.240  213.710       4.1133
-236.240  216.868       4.1133
-236.240  220.026       4.1133
-232.652  -92.630       4.1133
-232.652  -89.472       4.1133
-232.652  -86.314       4.1133
-232.652  -83.156       4.1133
-232.652  -79.997       4.1133
-232.652  -76.839       4.1133
-232.652  -73.681       4.1133
-232.652  -70.523       4.1133
-232.652  -67.365       4.1133
-232.652  -64.207       3.2869
-232.652  -61.049       1.9770
-232.652  -57.890       1.8055
-232.652  -54.732       1.8055
-232.652  -51.574       1.1423
-232.652  -48.416       0.9729
-232.652  -45.258       1.0309
-232.652  -42.100       1.1028
-232.652  -38.942       1.3220
-232.652  -35.783       1.0952
-232.652  -32.625       1.2693
-232.652  -29.467       1.5474
-232.652  -26.309       1.7353
-232.652  -23.151       2.2706
-232.652  -19.993       3.0452
-232.652  -16.835       3.0452
-232.652  -13.677       2.2706
-232.652  -10.518       1.8309
-232.652   -7.360       2.0111
-232.652   -4.202       1.5474
-232.652   -1.044       2.5400
-232.652    2.114       2.7406
-232.652    5.272       2.6319
-232.652    8.430       2.1268
-232.652   11.589       2.1268
-232.652   14.747       2.2706
-232.652   17.905       3.2869
-232.652   21.063       4.1133
-232.652   24.221       4.1133
-232.652   27.379       3.7001
-232.652   30.537       2.4604
-232.652   33.696       2.4604
-232.652   36.854       2.0857
-232.652   40.012       2.0472
-232.652   43.170       2.1710
-232.652   46.328       2.8737
-232.652   49.486       3.7001
-232.652   52.644       2.0857
-232.652   55.803       2.0857
-232.652   58.961       2.3902
-232.652   62.119       2.2706
-232.652   65.277       1.9770
-232.652   68.435       3.0452
-232.652   71.593       2.5400
-232.652   74.751       2.3902
-232.652   77.910       1.8055
-232.652   81.068       1.7578
-232.652   84.226       1.8309
-232.652   87.384       1.9770
-232.652   90.542       2.7406
-232.652   93.700       4.1133
-232.652   96.858       4.1133
-232.652  100.017       4.1133
-232.652  103.175       4.1133
-232.652  106.333       4.1133
-232.652  109.491       4.1133
-232.652  112.649       4.1133
-232.652  115.807       4.1133
-232.652  118.965       4.1133
-232.652  122.124       4.1133
-232.652  125.282       4.1133
-232.652  128.440       4.1133
-232.652  131.598       4.1133
-232.652  134.756       4.1133
-232.652  137.914       4.1133
-232.652  141.072       4.1133
-232.652  144.230       4.1133
-232.652  147.389       4.1133
-232.652  150.547       4.1133
-232.652  153.705       4.1133
-232.652  156.863       4.1133
-232.652  160.021       4.1133
-232.652  163.179       4.1133
-232.652  166.337       4.1133
-232.652  169.496       4.1133
-232.652  172.654       4.1133
-232.652  175.812       1.9770
-232.652  178.970       1.3445
-232.652  182.128       1.1934
-232.652  185.286       1.1846
-232.652  188.444       1.1423
-232.652  191.603       1.0877
-232.652  194.761       1.4176
-232.652  197.919       1.4307
-232.652  201.077       1.0730
-232.652  204.235       1.5160
-232.652  207.393       2.0472
-232.652  210.551       4.1133
-232.652  213.710       4.1133
-232.652  216.868       4.1133
-232.652  220.026       4.1133
-229.063  -92.630       4.1133
-229.063  -89.472       4.1133
-229.063  -86.314       4.1133
-229.063  -83.156       4.1133
-229.063  -79.997       4.1133
-229.063  -76.839       4.1133
-229.063  -73.681       4.1133
-229.063  -70.523       4.1133
-229.063  -67.365       4.1133
-229.063  -64.207       2.6319
-229.063  -61.049       1.7353
-229.063  -57.890       1.3679
-229.063  -54.732       1.6156
-229.063  -51.574       1.1262
-229.063  -48.416       1.0044
-229.063  -45.258       0.8871
-229.063  -42.100       0.9547
-229.063  -38.942       0.9667
-229.063  -35.783       0.9371
-229.063  -32.625       1.3332
-229.063  -29.467       1.4176
-229.063  -26.309       1.3220
-229.063  -23.151       1.6529
-229.063  -19.993       2.2706
-229.063  -16.835       2.4604
-229.063  -13.677       1.7353
-229.063  -10.518       1.6156
-229.063   -7.360       1.6927
-229.063   -4.202       1.0446
-229.063   -1.044       1.2592
-229.063    2.114       2.0472
-229.063    5.272       2.3902
-229.063    8.430       2.6319
-229.063   11.589       2.7406
-229.063   14.747       2.5400
-229.063   17.905       2.8737
-229.063   21.063       4.1133
-229.063   24.221       4.1133
-229.063   27.379       4.1133
-229.063   30.537       4.1133
-229.063   33.696       3.7001
-229.063   36.854       2.8737
-229.063   40.012       2.6319
-229.063   43.170       3.0452
-229.063   46.328       2.7406
-229.063   49.486       3.7001
-229.063   52.644       2.6319
-229.063   55.803       2.4604
-229.063   58.961       3.0452
-229.063   62.119       2.8737
-229.063   65.277       2.1268
-229.063   68.435       3.0452
-229.063   71.593       4.1133
-229.063   74.751       3.2869
-229.063   77.910       2.6319
-229.063   81.068       2.3274
-229.063   84.226       1.9448
-229.063   87.384       2.2187
-229.063   90.542       2.1268
-229.063   93.700       4.1133
-229.063   96.858       4.1133
-229.063  100.017       4.1133
-229.063  103.175       4.1133
-229.063  106.333       4.1133
-229.063  109.491       4.1133
-229.063  112.649       4.1133
-229.063  115.807       4.1133
-229.063  118.965       4.1133
-229.063  122.124       4.1133
-229.063  125.282       4.1133
-229.063  128.440       4.1133
-229.063  131.598       4.1133
-229.063  134.756       4.1133
-229.063  137.914       4.1133
-229.063  141.072       4.1133
-229.063  144.230       4.1133
-229.063  147.389       4.1133
-229.063  150.547       4.1133
-229.063  153.705       4.1133
-229.063  156.863       4.1133
-229.063  160.021       4.1133
-229.063  163.179       4.1133
-229.063  166.337       4.1133
-229.063  169.496       4.1133
-229.063  172.654       3.2869
-229.063  175.812       1.9448
-229.063  178.970       1.4719
-229.063  182.128       1.4048
-229.063  185.286       1.4719
-229.063  188.444       1.0952
-229.063  191.603       1.3004
-229.063  194.761       1.1934
-229.063  197.919       1.4307
-229.063  201.077       1.0730
-229.063  204.235       1.1505
-229.063  207.393       1.9448
-229.063  210.551       4.1133
-229.063  213.710       4.1133
-229.063  216.868       4.1133
-229.063  220.026       4.1133
-225.475  -92.630       4.1133
-225.475  -89.472       4.1133
-225.475  -86.314       4.1133
-225.475  -83.156       4.1133
-225.475  -79.997       4.1133
-225.475  -76.839       4.1133
-225.475  -73.681       3.7001
-225.475  -70.523       2.8737
-225.475  -67.365       3.2869
-225.475  -64.207       2.8737
-225.475  -61.049       1.7353
-225.475  -57.890       1.5160
-225.475  -54.732       1.3800
-225.475  -51.574       1.1673
-225.475  -48.416       0.9088
-225.475  -45.258       0.7456
-225.475  -42.100       0.9144
-225.475  -38.942       1.0658
-225.475  -35.783       1.4441
-225.475  -32.625       1.6725
-225.475  -29.467       1.6725
-225.475  -26.309       1.0730
-225.475  -23.151       1.4578
-225.475  -19.993       1.6927
-225.475  -16.835       1.5638
-225.475  -13.677       1.6156
-225.475  -10.518       1.3679
-225.475   -7.360       1.3111
-225.475   -4.202       1.2301
-225.475   -1.044       1.2693
-225.475    2.114       1.4862
-225.475    5.272       1.7353
-225.475    8.430       1.8309
-225.475   11.589       1.8309
-225.475   14.747       2.1710
-225.475   17.905       2.5400
-225.475   21.063       4.1133
-225.475   24.221       4.1133
-225.475   27.379       4.1133
-225.475   30.537       4.1133
-225.475   33.696       3.7001
-225.475   36.854       2.6319
-225.475   40.012       2.3274
-225.475   43.170       2.6319
-225.475   46.328       2.5400
-225.475   49.486       2.6319
-225.475   52.644       2.7406
-225.475   55.803       4.1133
-225.475   58.961       4.1133
-225.475   62.119       4.1133
-225.475   65.277       3.0452
-225.475   68.435       3.2869
-225.475   71.593       4.1133
-225.475   74.751       4.1133
-225.475   77.910       4.1133
-225.475   81.068       4.1133
-225.475   84.226       4.1133
-225.475   87.384       4.1133
-225.475   90.542       2.8737
-225.475   93.700       2.4604
-225.475   96.858       4.1133
-225.475  100.017       4.1133
-225.475  103.175       4.1133
-225.475  106.333       4.1133
-225.475  109.491       4.1133
-225.475  112.649       4.1133
-225.475  115.807       4.1133
-225.475  118.965       4.1133
-225.475  122.124       4.1133
-225.475  125.282       4.1133
-225.475  128.440       4.1133
-225.475  131.598       4.1133
-225.475  134.756       4.1133
-225.475  137.914       4.1133
-225.475  141.072       4.1133
-225.475  144.230       4.1133
-225.475  147.389       4.1133
-225.475  150.547       4.1133
-225.475  153.705       4.1133
-225.475  156.863       4.1133
-225.475  160.021       4.1133
-225.475  163.179       4.1133
-225.475  166.337       4.1133
-225.475  169.496       4.1133
-225.475  172.654       4.1133
-225.475  175.812       2.6319
-225.475  178.970       3.0452
-225.475  182.128       2.3274
-225.475  185.286       1.4307
-225.475  188.444       1.4862
-225.475  191.603       1.4578
-225.475  194.761       1.3004
-225.475  197.919       1.6725
-225.475  201.077       1.1183
-225.475  204.235       0.9313
-225.475  207.393       1.3679
-225.475  210.551       2.4604
-225.475  213.710       4.1133
-225.475  216.868       4.1133
-225.475  220.026       4.1133
-221.887  -92.630       4.1133
-221.887  -89.472       4.1133
-221.887  -86.314       4.1133
-221.887  -83.156       4.1133
-221.887  -79.997       4.1133
-221.887  -76.839       4.1133
-221.887  -73.681       3.2869
-221.887  -70.523       2.2706
-221.887  -67.365       2.3274
-221.887  -64.207       2.0111
-221.887  -61.049       1.3923
-221.887  -57.890       1.4176
-221.887  -54.732       1.0516
-221.887  -51.574       1.1105
-221.887  -48.416       1.0516
-221.887  -45.258       0.9547
-221.887  -42.100       1.1262
-221.887  -38.942       1.4441
-221.887  -35.783       1.6927
-221.887  -32.625       1.6529
-221.887  -29.467       1.5638
-221.887  -26.309       1.2693
-221.887  -23.151       1.3800
-221.887  -19.993       1.4862
-221.887  -16.835       2.0111
-221.887  -13.677       2.3902
-221.887  -10.518       1.4719
-221.887   -7.360       1.4048
-221.887   -4.202       1.4862
-221.887   -1.044       1.4048
-221.887    2.114       2.3902
-221.887    5.272       1.7136
-221.887    8.430       1.6725
-221.887   11.589       2.7406
-221.887   14.747       3.2869
-221.887   17.905       4.1133
-221.887   21.063       4.1133
-221.887   24.221       4.1133
-221.887   27.379       4.1133
-221.887   30.537       4.1133
-221.887   33.696       2.3902
-221.887   36.854       2.2187
-221.887   40.012       2.4604
-221.887   43.170       3.7001
-221.887   46.328       2.3274
-221.887   49.486       2.2187
-221.887   52.644       2.8737
-221.887   55.803       3.7001
-221.887   58.961       3.0452
-221.887   62.119       3.2869
-221.887   65.277       4.1133
-221.887   68.435       4.1133
-221.887   71.593       4.1133
-221.887   74.751       4.1133
-221.887   77.910       4.1133
-221.887   81.068       4.1133
-221.887   84.226       4.1133
-221.887   87.384       4.1133
-221.887   90.542       4.1133
-221.887   93.700       4.1133
-221.887   96.858       4.1133
-221.887  100.017       4.1133
-221.887  103.175       4.1133
-221.887  106.333       4.1133
-221.887  109.491       4.1133
-221.887  112.649       4.1133
-221.887  115.807       4.1133
-221.887  118.965       4.1133
-221.887  122.124       4.1133
-221.887  125.282       4.1133
-221.887  128.440       4.1133
-221.887  131.598       4.1133
-221.887  134.756       4.1133
-221.887  137.914       4.1133
-221.887  141.072       4.1133
-221.887  144.230       4.1133
-221.887  147.389       4.1133
-221.887  150.547       4.1133
-221.887  153.705       4.1133
-221.887  156.863       4.1133
-221.887  160.021       4.1133
-221.887  163.179       4.1133
-221.887  166.337       4.1133
-221.887  169.496       4.1133
-221.887  172.654       4.1133
-221.887  175.812       4.1133
-221.887  178.970       4.1133
-221.887  182.128       4.1133
-221.887  185.286       2.6319
-221.887  188.444       1.5806
-221.887  191.603       1.3220
-221.887  194.761       1.5978
-221.887  197.919       1.3220
-221.887  201.077       1.5638
-221.887  204.235       0.9729
-221.887  207.393       0.9790
-221.887  210.551       1.4307
-221.887  213.710       2.3274
-221.887  216.868       4.1133
-221.887  220.026       4.1133
-218.298  -92.630       4.1133
-218.298  -89.472       4.1133
-218.298  -86.314       4.1133
-218.298  -83.156       4.1133
-218.298  -79.997       4.1133
-218.298  -76.839       4.1133
-218.298  -73.681       4.1133
-218.298  -70.523       2.5400
-218.298  -67.365       1.8851
-218.298  -64.207       2.0111
-218.298  -61.049       1.3332
-218.298  -57.890       1.1759
-218.298  -54.732       1.5638
-218.298  -51.574       1.3004
-218.298  -48.416       1.1589
-218.298  -45.258       0.9980
-218.298  -42.100       1.2794
-218.298  -38.942       2.0111
-218.298  -35.783       1.6927
-218.298  -32.625       2.1710
-218.298  -29.467       1.8851
-218.298  -26.309       1.8574
-218.298  -23.151       1.4048
-218.298  -19.993       1.5978
-218.298  -16.835       2.2706
-218.298  -13.677       2.0857
-218.298  -10.518       1.4307
-218.298   -7.360       1.5315
-218.298   -4.202       1.4578
-218.298   -1.044       1.5806
-218.298    2.114       2.0857
-218.298    5.272       2.8737
-218.298    8.430       3.7001
-218.298   11.589       4.1133
-218.298   14.747       4.1133
-218.298   17.905       4.1133
-218.298   21.063       4.1133
-218.298   24.221       4.1133
-218.298   27.379       4.1133
-218.298   30.537       4.1133
-218.298   33.696       3.7001
-218.298   36.854       3.2869
-218.298   40.012       2.6319
-218.298   43.170       2.5400
-218.298   46.328       3.0452
-218.298   49.486       2.5400
-218.298   52.644       2.3274
-218.298   55.803       2.7406
-218.298   58.961       2.7406
-218.298   62.119       3.2869
-218.298   65.277       2.7406
-218.298   68.435       4.1133
-218.298   71.593       4.1133
-218.298   74.751       4.1133
-218.298   77.910       4.1133
-218.298   81.068       4.1133
-218.298   84.226       4.1133
-218.298   87.384       4.1133
-218.298   90.542       4.1133
-218.298   93.700       4.1133
-218.298   96.858       4.1133
-218.298  100.017       4.1133
-218.298  103.175       4.1133
-218.298  106.333       4.1133
-218.298  109.491       4.1133
-218.298  112.649       4.1133
-218.298  115.807       4.1133
-218.298  118.965       4.1133
-218.298  122.124       4.1133
-218.298  125.282       4.1133
-218.298  128.440       4.1133
-218.298  131.598       4.1133
-218.298  134.756       4.1133
-218.298  137.914       4.1133
-218.298  141.072       4.1133
-218.298  144.230       4.1133
-218.298  147.389       4.1133
-218.298  150.547       4.1133
-218.298  153.705       4.1133
-218.298  156.863       4.1133
-218.298  160.021       4.1133
-218.298  163.179       4.1133
-218.298  166.337       4.1133
-218.298  169.496       4.1133
-218.298  172.654       4.1133
-218.298  175.812       4.1133
-218.298  178.970       4.1133
-218.298  182.128       4.1133
-218.298  185.286       3.2869
-218.298  188.444       2.1268
-218.298  191.603       1.5315
-218.298  194.761       1.6927
-218.298  197.919       1.5978
-218.298  201.077       1.6725
-218.298  204.235       0.9729
-218.298  207.393       0.7892
-218.298  210.551       1.1673
-218.298  213.710       1.8574
-218.298  216.868       2.5400
-218.298  220.026       3.2869
-214.710  -92.630       4.1133
-214.710  -89.472       4.1133
-214.710  -86.314       4.1133
-214.710  -83.156       4.1133
-214.710  -79.997       4.1133
-214.710  -76.839       4.1133
-214.710  -73.681       3.7001
-214.710  -70.523       2.8737
-214.710  -67.365       1.8851
-214.710  -64.207       1.7136
-214.710  -61.049       1.5978
-214.710  -57.890       1.6340
-214.710  -54.732       1.8055
-214.710  -51.574       1.4176
-214.710  -48.416       1.2301
-214.710  -45.258       1.2115
-214.710  -42.100       1.3679
-214.710  -38.942       1.6529
-214.710  -35.783       2.7406
-214.710  -32.625       2.0857
-214.710  -29.467       1.7578
-214.710  -26.309       1.6156
-214.710  -23.151       1.2794
-214.710  -19.993       1.6927
-214.710  -16.835       2.7406
-214.710  -13.677       2.1710
-214.710  -10.518       1.7136
-214.710   -7.360       1.6156
-214.710   -4.202       1.8574
-214.710   -1.044       1.7812
-214.710    2.114       2.8737
-214.710    5.272       4.1133
-214.710    8.430       4.1133
-214.710   11.589       4.1133
-214.710   14.747       4.1133
-214.710   17.905       4.1133
-214.710   21.063       4.1133
-214.710   24.221       4.1133
-214.710   27.379       3.0452
-214.710   30.537       4.1133
-214.710   33.696       4.1133
-214.710   36.854       3.0452
-214.710   40.012       2.2187
-214.710   43.170       1.7812
-214.710   46.328       1.8851
-214.710   49.486       3.7001
-214.710   52.644       2.6319
-214.710   55.803       2.3274
-214.710   58.961       2.0111
-214.710   62.119       2.2706
-214.710   65.277       3.2869
-214.710   68.435       4.1133
-214.710   71.593       4.1133
-214.710   74.751       4.1133
-214.710   77.910       4.1133
-214.710   81.068       4.1133
-214.710   84.226       4.1133
-214.710   87.384       4.1133
-214.710   90.542       4.1133
-214.710   93.700       4.1133
-214.710   96.858       4.1133
-214.710  100.017       4.1133
-214.710  103.175       4.1133
-214.710  106.333       4.1133
-214.710  109.491       4.1133
-214.710  112.649       4.1133
-214.710  115.807       4.1133
-214.710  118.965       4.1133
-214.710  122.124       4.1133
-214.710  125.282       4.1133
-214.710  128.440       4.1133
-214.710  131.598       4.1133
-214.710  134.756       4.1133
-214.710  137.914       4.1133
-214.710  141.072       4.1133
-214.710  144.230       4.1133
-214.710  147.389       4.1133
-214.710  150.547       4.1133
-214.710  153.705       4.1133
-214.710  156.863       4.1133
-214.710  160.021       4.1133
-214.710  163.179       4.1133
-214.710  166.337       4.1133
-214.710  169.496       4.1133
-214.710  172.654       4.1133
-214.710  175.812       4.1133
-214.710  178.970       4.1133
-214.710  182.128       4.1133
-214.710  185.286       3.2869
-214.710  188.444       2.0472
-214.710  191.603       1.6156
-214.710  194.761       1.6340
-214.710  197.919       1.5806
-214.710  201.077       1.5315
-214.710  204.235       1.3111
-214.710  207.393       1.0044
-214.710  210.551       0.9547
-214.710  213.710       1.2592
-214.710  216.868       1.8851
-214.710  220.026       2.2706
-211.121  -92.630       4.1133
-211.121  -89.472       4.1133
-211.121  -86.314       4.1133
-211.121  -83.156       4.1133
-211.121  -79.997       4.1133
-211.121  -76.839       4.1133
-211.121  -73.681       4.1133
-211.121  -70.523       2.4604
-211.121  -67.365       2.1710
-211.121  -64.207       2.4604
-211.121  -61.049       2.3274
-211.121  -57.890       2.2187
-211.121  -54.732       2.0111
-211.121  -51.574       1.8574
-211.121  -48.416       1.6725
-211.121  -45.258       1.4719
-211.121  -42.100       1.6725
-211.121  -38.942       1.3679
-211.121  -35.783       1.4176
-211.121  -32.625       1.5474
-211.121  -29.467       1.8309
-211.121  -26.309       1.4307
-211.121  -23.151       1.7578
-211.121  -19.993       1.9770
-211.121  -16.835       2.3902
-211.121  -13.677       2.2187
-211.121  -10.518       2.2187
-211.121   -7.360       2.4604
-211.121   -4.202       2.6319
-211.121   -1.044       2.8737
-211.121    2.114       3.0452
-211.121    5.272       3.7001
-211.121    8.430       3.0452
-211.121   11.589       2.3274
-211.121   14.747       3.2869
-211.121   17.905       4.1133
-211.121   21.063       2.8737
-211.121   24.221       2.3274
-211.121   27.379       2.1710
-211.121   30.537       2.6319
-211.121   33.696       2.7406
-211.121   36.854       2.4604
-211.121   40.012       2.1710
-211.121   43.170       2.3274
-211.121   46.328       2.2706
-211.121   49.486       2.3902
-211.121   52.644       2.8737
-211.121   55.803       3.0452
-211.121   58.961       2.2706
-211.121   62.119       2.0857
-211.121   65.277       2.4604
-211.121   68.435       3.7001
-211.121   71.593       4.1133
-211.121   74.751       4.1133
-211.121   77.910       4.1133
-211.121   81.068       4.1133
-211.121   84.226       4.1133
-211.121   87.384       4.1133
-211.121   90.542       4.1133
-211.121   93.700       4.1133
-211.121   96.858       4.1133
-211.121  100.017       4.1133
-211.121  103.175       4.1133
-211.121  106.333       4.1133
-211.121  109.491       4.1133
-211.121  112.649       4.1133
-211.121  115.807       4.1133
-211.121  118.965       4.1133
-211.121  122.124       4.1133
-211.121  125.282       4.1133
-211.121  128.440       4.1133
-211.121  131.598       4.1133
-211.121  134.756       4.1133
-211.121  137.914       4.1133
-211.121  141.072       4.1133
-211.121  144.230       4.1133
-211.121  147.389       4.1133
-211.121  150.547       4.1133
-211.121  153.705       4.1133
-211.121  156.863       4.1133
-211.121  160.021       4.1133
-211.121  163.179       4.1133
-211.121  166.337       4.1133
-211.121  169.496       4.1133
-211.121  172.654       4.1133
-211.121  175.812       4.1133
-211.121  178.970       4.1133
-211.121  182.128       4.1133
-211.121  185.286       4.1133
-211.121  188.444       2.5400
-211.121  191.603       1.6156
-211.121  194.761       1.6725
-211.121  197.919       1.7353
-211.121  201.077       2.8737
-211.121  204.235       2.6319
-211.121  207.393       1.5010
-211.121  210.551       0.8714
-211.121  213.710       0.9980
-211.121  216.868       1.5474
-211.121  220.026       2.7406
-207.533  -92.630       4.1133
-207.533  -89.472       4.1133
-207.533  -86.314       4.1133
-207.533  -83.156       4.1133
-207.533  -79.997       4.1133
-207.533  -76.839       4.1133
-207.533  -73.681       4.1133
-207.533  -70.523       4.1133
-207.533  -67.365       4.1133
-207.533  -64.207       4.1133
-207.533  -61.049       2.4604
-207.533  -57.890       2.4604
-207.533  -54.732       2.3902
-207.533  -51.574       2.6319
-207.533  -48.416       2.1710
-207.533  -45.258       1.8851
-207.533  -42.100       1.4307
-207.533  -38.942       1.5638
-207.533  -35.783       1.3220
-207.533  -32.625       1.3679
-207.533  -29.467       1.5978
-207.533  -26.309       1.4862
-207.533  -23.151       1.8851
-207.533  -19.993       2.0472
-207.533  -16.835       2.4604
-207.533  -13.677       2.0111
-207.533  -10.518       1.9770
-207.533   -7.360       2.3902
-207.533   -4.202       3.7001
-207.533   -1.044       3.7001
-207.533    2.114       3.7001
-207.533    5.272       4.1133
-207.533    8.430       3.0452
-207.533   11.589       2.3274
-207.533   14.747       2.0472
-207.533   17.905       3.7001
-207.533   21.063       1.9770
-207.533   24.221       2.1710
-207.533   27.379       2.1268
-207.533   30.537       2.1268
-207.533   33.696       2.4604
-207.533   36.854       2.7406
-207.533   40.012       3.2869
-207.533   43.170       2.6319
-207.533   46.328       2.4604
-207.533   49.486       1.9448
-207.533   52.644       2.2187
-207.533   55.803       3.2869
-207.533   58.961       3.2869
-207.533   62.119       3.2869
-207.533   65.277       2.5400
-207.533   68.435       3.7001
-207.533   71.593       4.1133
-207.533   74.751       4.1133
-207.533   77.910       4.1133
-207.533   81.068       4.1133
-207.533   84.226       4.1133
-207.533   87.384       4.1133
-207.533   90.542       4.1133
-207.533   93.700       4.1133
-207.533   96.858       4.1133
-207.533  100.017       4.1133
-207.533  103.175       4.1133
-207.533  106.333       4.1133
-207.533  109.491       4.1133
-207.533  112.649       4.1133
-207.533  115.807       4.1133
-207.533  118.965       4.1133
-207.533  122.124       4.1133
-207.533  125.282       4.1133
-207.533  128.440       4.1133
-207.533  131.598       4.1133
-207.533  134.756       4.1133
-207.533  137.914       4.1133
-207.533  141.072       4.1133
-207.533  144.230       4.1133
-207.533  147.389       4.1133
-207.533  150.547       4.1133
-207.533  153.705       4.1133
-207.533  156.863       4.1133
-207.533  160.021       4.1133
-207.533  163.179       4.1133
-207.533  166.337       4.1133
-207.533  169.496       4.1133
-207.533  172.654       4.1133
-207.533  175.812       4.1133
-207.533  178.970       4.1133
-207.533  182.128       4.1133
-207.533  185.286       4.1133
-207.533  188.444       4.1133
-207.533  191.603       3.2869
-207.533  194.761       1.6725
-207.533  197.919       1.9142
-207.533  201.077       4.1133
-207.533  204.235       3.2869
-207.533  207.393       2.5400
-207.533  210.551       1.5638
-207.533  213.710       1.3004
-207.533  216.868       1.9448
-207.533  220.026       3.2869
-203.944  -92.630       4.1133
-203.944  -89.472       4.1133
-203.944  -86.314       4.1133
-203.944  -83.156       4.1133
-203.944  -79.997       4.1133
-203.944  -76.839       4.1133
-203.944  -73.681       4.1133
-203.944  -70.523       4.1133
-203.944  -67.365       4.1133
-203.944  -64.207       4.1133
-203.944  -61.049       3.2869
-203.944  -57.890       2.6319
-203.944  -54.732       2.0111
-203.944  -51.574       2.1710
-203.944  -48.416       2.1268
-203.944  -45.258       2.1268
-203.944  -42.100       1.8574
-203.944  -38.942       1.8574
-203.944  -35.783       1.8055
-203.944  -32.625       1.5160
-203.944  -29.467       1.5978
-203.944  -26.309       2.2706
-203.944  -23.151       1.6529
-203.944  -19.993       2.2187
-203.944  -16.835       1.9770
-203.944  -13.677       1.7578
-203.944  -10.518       1.6156
-203.944   -7.360       1.7353
-203.944   -4.202       2.3902
-203.944   -1.044       3.0452
-203.944    2.114       2.5400
-203.944    5.272       2.6319
-203.944    8.430       3.0452
-203.944   11.589       2.0857
-203.944   14.747       2.1710
-203.944   17.905       2.6319
-203.944   21.063       2.0472
-203.944   24.221       2.6319
-203.944   27.379       2.6319
-203.944   30.537       1.8055
-203.944   33.696       2.8737
-203.944   36.854       4.1133
-203.944   40.012       3.7001
-203.944   43.170       2.1268
-203.944   46.328       2.3274
-203.944   49.486       2.6319
-203.944   52.644       2.8737
-203.944   55.803       4.1133
-203.944   58.961       4.1133
-203.944   62.119       3.7001
-203.944   65.277       3.2869
-203.944   68.435       3.7001
-203.944   71.593       4.1133
-203.944   74.751       4.1133
-203.944   77.910       4.1133
-203.944   81.068       4.1133
-203.944   84.226       4.1133
-203.944   87.384       4.1133
-203.944   90.542       4.1133
-203.944   93.700       4.1133
-203.944   96.858       4.1133
-203.944  100.017       4.1133
-203.944  103.175       4.1133
-203.944  106.333       4.1133
-203.944  109.491       4.1133
-203.944  112.649       4.1133
-203.944  115.807       4.1133
-203.944  118.965       4.1133
-203.944  122.124       4.1133
-203.944  125.282       4.1133
-203.944  128.440       4.1133
-203.944  131.598       4.1133
-203.944  134.756       4.1133
-203.944  137.914       4.1133
-203.944  141.072       4.1133
-203.944  144.230       4.1133
-203.944  147.389       4.1133
-203.944  150.547       4.1133
-203.944  153.705       4.1133
-203.944  156.863       4.1133
-203.944  160.021       4.1133
-203.944  163.179       4.1133
-203.944  166.337       4.1133
-203.944  169.496       4.1133
-203.944  172.654       4.1133
-203.944  175.812       4.1133
-203.944  178.970       4.1133
-203.944  182.128       4.1133
-203.944  185.286       4.1133
-203.944  188.444       4.1133
-203.944  191.603       3.2869
-203.944  194.761       2.7406
-203.944  197.919       2.0857
-203.944  201.077       3.2869
-203.944  204.235       4.1133
-203.944  207.393       4.1133
-203.944  210.551       3.0452
-203.944  213.710       1.9448
-203.944  216.868       1.9770
-203.944  220.026       3.0452
-200.356  -92.630       4.1133
-200.356  -89.472       4.1133
-200.356  -86.314       4.1133
-200.356  -83.156       4.1133
-200.356  -79.997       4.1133
-200.356  -76.839       4.1133
-200.356  -73.681       4.1133
-200.356  -70.523       4.1133
-200.356  -67.365       4.1133
-200.356  -64.207       4.1133
-200.356  -61.049       4.1133
-200.356  -57.890       4.1133
-200.356  -54.732       3.2869
-200.356  -51.574       3.7001
-200.356  -48.416       3.2869
-200.356  -45.258       3.0452
-200.356  -42.100       2.1710
-200.356  -38.942       1.9448
-200.356  -35.783       2.8737
-200.356  -32.625       2.3902
-200.356  -29.467       2.6319
-200.356  -26.309       2.7406
-200.356  -23.151       2.2187
-200.356  -19.993       2.0472
-200.356  -16.835       1.8574
-200.356  -13.677       1.9448
-200.356  -10.518       2.0472
-200.356   -7.360       1.9448
-200.356   -4.202       2.3902
-200.356   -1.044       2.1268
-200.356    2.114       2.7406
-200.356    5.272       1.9142
-200.356    8.430       1.8574
-200.356   11.589       1.9770
-200.356   14.747       2.0111
-200.356   17.905       2.3902
-200.356   21.063       2.4604
-200.356   24.221       2.6319
-200.356   27.379       1.9770
-200.356   30.537       1.6725
-200.356   33.696       1.9770
-200.356   36.854       2.2187
-200.356   40.012       3.2869
-200.356   43.170       2.4604
-200.356   46.328       1.7578
-200.356   49.486       2.0472
-200.356   52.644       2.5400
-200.356   55.803       3.7001
-200.356   58.961       4.1133
-200.356   62.119       4.1133
-200.356   65.277       4.1133
-200.356   68.435       4.1133
-200.356   71.593       4.1133
-200.356   74.751       4.1133
-200.356   77.910       4.1133
-200.356   81.068       4.1133
-200.356   84.226       4.1133
-200.356   87.384       4.1133
-200.356   90.542       4.1133
-200.356   93.700       4.1133
-200.356   96.858       4.1133
-200.356  100.017       4.1133
-200.356  103.175       4.1133
-200.356  106.333       4.1133
-200.356  109.491       4.1133
-200.356  112.649       4.1133
-200.356  115.807       4.1133
-200.356  118.965       4.1133
-200.356  122.124       4.1133
-200.356  125.282       4.1133
-200.356  128.440       4.1133
-200.356  131.598       4.1133
-200.356  134.756       4.1133
-200.356  137.914       4.1133
-200.356  141.072       4.1133
-200.356  144.230       4.1133
-200.356  147.389       4.1133
-200.356  150.547       4.1133
-200.356  153.705       4.1133
-200.356  156.863       4.1133
-200.356  160.021       4.1133
-200.356  163.179       4.1133
-200.356  166.337       4.1133
-200.356  169.496       4.1133
-200.356  172.654       4.1133
-200.356  175.812       4.1133
-200.356  178.970       4.1133
-200.356  182.128       4.1133
-200.356  185.286       4.1133
-200.356  188.444       4.1133
-200.356  191.603       4.1133
-200.356  194.761       4.1133
-200.356  197.919       4.1133
-200.356  201.077       4.1133
-200.356  204.235       4.1133
-200.356  207.393       4.1133
-200.356  210.551       4.1133
-200.356  213.710       2.3902
-200.356  216.868       1.9142
-200.356  220.026       2.1268
-196.767  -92.630       4.1133
-196.767  -89.472       4.1133
-196.767  -86.314       4.1133
-196.767  -83.156       4.1133
-196.767  -79.997       4.1133
-196.767  -76.839       4.1133
-196.767  -73.681       4.1133
-196.767  -70.523       4.1133
-196.767  -67.365       4.1133
-196.767  -64.207       4.1133
-196.767  -61.049       4.1133
-196.767  -57.890       4.1133
-196.767  -54.732       4.1133
-196.767  -51.574       4.1133
-196.767  -48.416       4.1133
-196.767  -45.258       3.0452
-196.767  -42.100       2.8737
-196.767  -38.942       3.2869
-196.767  -35.783       4.1133
-196.767  -32.625       4.1133
-196.767  -29.467       4.1133
-196.767  -26.309       2.8737
-196.767  -23.151       2.3274
-196.767  -19.993       2.7406
-196.767  -16.835       2.3902
-196.767  -13.677       1.7812
-196.767  -10.518       2.1268
-196.767   -7.360       1.9142
-196.767   -4.202       2.3274
-196.767   -1.044       2.0111
-196.767    2.114       2.5400
-196.767    5.272       1.8574
-196.767    8.430       1.5638
-196.767   11.589       1.9142
-196.767   14.747       1.9448
-196.767   17.905       2.2187
-196.767   21.063       2.1268
-196.767   24.221       2.1710
-196.767   27.379       1.8055
-196.767   30.537       1.5638
-196.767   33.696       1.3220
-196.767   36.854       1.4307
-196.767   40.012       2.3902
-196.767   43.170       2.4604
-196.767   46.328       2.0472
-196.767   49.486       1.9448
-196.767   52.644       3.2869
-196.767   55.803       3.7001
-196.767   58.961       4.1133
-196.767   62.119       4.1133
-196.767   65.277       4.1133
-196.767   68.435       4.1133
-196.767   71.593       4.1133
-196.767   74.751       4.1133
-196.767   77.910       4.1133
-196.767   81.068       4.1133
-196.767   84.226       4.1133
-196.767   87.384       4.1133
-196.767   90.542       4.1133
-196.767   93.700       4.1133
-196.767   96.858       4.1133
-196.767  100.017       4.1133
-196.767  103.175       4.1133
-196.767  106.333       4.1133
-196.767  109.491       4.1133
-196.767  112.649       4.1133
-196.767  115.807       4.1133
-196.767  118.965       4.1133
-196.767  122.124       4.1133
-196.767  125.282       4.1133
-196.767  128.440       4.1133
-196.767  131.598       4.1133
-196.767  134.756       4.1133
-196.767  137.914       4.1133
-196.767  141.072       4.1133
-196.767  144.230       4.1133
-196.767  147.389       4.1133
-196.767  150.547       4.1133
-196.767  153.705       4.1133
-196.767  156.863       4.1133
-196.767  160.021       4.1133
-196.767  163.179       4.1133
-196.767  166.337       4.1133
-196.767  169.496       4.1133
-196.767  172.654       4.1133
-196.767  175.812       4.1133
-196.767  178.970       4.1133
-196.767  182.128       4.1133
-196.767  185.286       4.1133
-196.767  188.444       4.1133
-196.767  191.603       4.1133
-196.767  194.761       4.1133
-196.767  197.919       4.1133
-196.767  201.077       4.1133
-196.767  204.235       4.1133
-196.767  207.393       4.1133
-196.767  210.551       4.1133
-196.767  213.710       3.0452
-196.767  216.868       2.0857
-196.767  220.026       4.1133
-193.179  -92.630       4.1133
-193.179  -89.472       4.1133
-193.179  -86.314       4.1133
-193.179  -83.156       4.1133
-193.179  -79.997       4.1133
-193.179  -76.839       4.1133
-193.179  -73.681       4.1133
-193.179  -70.523       4.1133
-193.179  -67.365       4.1133
-193.179  -64.207       4.1133
-193.179  -61.049       4.1133
-193.179  -57.890       4.1133
-193.179  -54.732       4.1133
-193.179  -51.574       4.1133
-193.179  -48.416       4.1133
-193.179  -45.258       4.1133
-193.179  -42.100       4.1133
-193.179  -38.942       4.1133
-193.179  -35.783       4.1133
-193.179  -32.625       4.1133
-193.179  -29.467       3.2869
-193.179  -26.309       2.3902
-193.179  -23.151       3.0452
-193.179  -19.993       2.3902
-193.179  -16.835       2.0857
-193.179  -13.677       1.7578
-193.179  -10.518       1.6927
-193.179   -7.360       1.5978
-193.179   -4.202       1.7136
-193.179   -1.044       2.1268
-193.179    2.114       1.8851
-193.179    5.272       1.8309
-193.179    8.430       1.8851
-193.179   11.589       1.8055
-193.179   14.747       1.7353
-193.179   17.905       1.6725
-193.179   21.063       2.3902
-193.179   24.221       2.1268
-193.179   27.379       1.5160
-193.179   30.537       1.5978
-193.179   33.696       1.4307
-193.179   36.854       1.6529
-193.179   40.012       2.2187
-193.179   43.170       2.2187
-193.179   46.328       2.1268
-193.179   49.486       2.3902
-193.179   52.644       3.7001
-193.179   55.803       4.1133
-193.179   58.961       4.1133
-193.179   62.119       4.1133
-193.179   65.277       4.1133
-193.179   68.435       4.1133
-193.179   71.593       4.1133
-193.179   74.751       4.1133
-193.179   77.910       4.1133
-193.179   81.068       4.1133
-193.179   84.226       4.1133
-193.179   87.384       4.1133
-193.179   90.542       4.1133
-193.179   93.700       4.1133
-193.179   96.858       4.1133
-193.179  100.017       4.1133
-193.179  103.175       4.1133
-193.179  106.333       4.1133
-193.179  109.491       4.1133
-193.179  112.649       4.1133
-193.179  115.807       4.1133
-193.179  118.965       4.1133
-193.179  122.124       4.1133
-193.179  125.282       4.1133
-193.179  128.440       4.1133
-193.179  131.598       4.1133
-193.179  134.756       4.1133
-193.179  137.914       4.1133
-193.179  141.072       4.1133
-193.179  144.230       4.1133
-193.179  147.389       4.1133
-193.179  150.547       4.1133
-193.179  153.705       4.1133
-193.179  156.863       4.1133
-193.179  160.021       4.1133
-193.179  163.179       4.1133
-193.179  166.337       4.1133
-193.179  169.496       4.1133
-193.179  172.654       4.1133
-193.179  175.812       4.1133
-193.179  178.970       4.1133
-193.179  182.128       4.1133
-193.179  185.286       4.1133
-193.179  188.444       4.1133
-193.179  191.603       4.1133
-193.179  194.761       4.1133
-193.179  197.919       4.1133
-193.179  201.077       4.1133
-193.179  204.235       4.1133
-193.179  207.393       4.1133
-193.179  210.551       4.1133
-193.179  213.710       4.1133
-193.179  216.868       3.2869
-193.179  220.026       4.1133
-189.591  -92.630       4.1133
-189.591  -89.472       4.1133
-189.591  -86.314       4.1133
-189.591  -83.156       4.1133
-189.591  -79.997       4.1133
-189.591  -76.839       4.1133
-189.591  -73.681       4.1133
-189.591  -70.523       4.1133
-189.591  -67.365       4.1133
-189.591  -64.207       4.1133
-189.591  -61.049       4.1133
-189.591  -57.890       4.1133
-189.591  -54.732       4.1133
-189.591  -51.574       4.1133
-189.591  -48.416       4.1133
-189.591  -45.258       4.1133
-189.591  -42.100       4.1133
-189.591  -38.942       4.1133
-189.591  -35.783       4.1133
-189.591  -32.625       4.1133
-189.591  -29.467       4.1133
-189.591  -26.309       4.1133
-189.591  -23.151       4.1133
-189.591  -19.993       4.1133
-189.591  -16.835       3.2869
-189.591  -13.677       2.4604
-189.591  -10.518       2.2187
-189.591   -7.360       2.0857
-189.591   -4.202       1.9142
-189.591   -1.044       1.7578
-189.591    2.114       1.6156
-189.591    5.272       1.5638
-189.591    8.430       1.8574
-189.591   11.589       1.8055
-189.591   14.747       1.8309
-189.591   17.905       1.8309
-189.591   21.063       2.4604
-189.591   24.221       1.9142
-189.591   27.379       1.5160
-189.591   30.537       1.2301
-189.591   33.696       1.6156
-189.591   36.854       1.7812
-189.591   40.012       2.1710
-189.591   43.170       2.3274
-189.591   46.328       2.4604
-189.591   49.486       2.7406
-189.591   52.644       4.1133
-189.591   55.803       3.0452
-189.591   58.961       4.1133
-189.591   62.119       4.1133
-189.591   65.277       4.1133
-189.591   68.435       4.1133
-189.591   71.593       4.1133
-189.591   74.751       4.1133
-189.591   77.910       4.1133
-189.591   81.068       4.1133
-189.591   84.226       4.1133
-189.591   87.384       4.1133
-189.591   90.542       4.1133
-189.591   93.700       4.1133
-189.591   96.858       4.1133
-189.591  100.017       4.1133
-189.591  103.175       4.1133
-189.591  106.333       4.1133
-189.591  109.491       4.1133
-189.591  112.649       4.1133
-189.591  115.807       4.1133
-189.591  118.965       4.1133
-189.591  122.124       4.1133
-189.591  125.282       4.1133
-189.591  128.440       4.1133
-189.591  131.598       4.1133
-189.591  134.756       4.1133
-189.591  137.914       4.1133
-189.591  141.072       4.1133
-189.591  144.230       4.1133
-189.591  147.389       4.1133
-189.591  150.547       4.1133
-189.591  153.705       4.1133
-189.591  156.863       4.1133
-189.591  160.021       4.1133
-189.591  163.179       4.1133
-189.591  166.337       4.1133
-189.591  169.496       4.1133
-189.591  172.654       4.1133
-189.591  175.812       4.1133
-189.591  178.970       4.1133
-189.591  182.128       4.1133
-189.591  185.286       4.1133
-189.591  188.444       4.1133
-189.591  191.603       4.1133
-189.591  194.761       4.1133
-189.591  197.919       4.1133
-189.591  201.077       4.1133
-189.591  204.235       4.1133
-189.591  207.393       4.1133
-189.591  210.551       4.1133
-189.591  213.710       4.1133
-189.591  216.868       4.1133
-189.591  220.026       4.1133
-186.002  -92.630       4.1133
-186.002  -89.472       4.1133
-186.002  -86.314       4.1133
-186.002  -83.156       4.1133
-186.002  -79.997       4.1133
-186.002  -76.839       4.1133
-186.002  -73.681       4.1133
-186.002  -70.523       4.1133
-186.002  -67.365       4.1133
-186.002  -64.207       4.1133
-186.002  -61.049       4.1133
-186.002  -57.890       4.1133
-186.002  -54.732       4.1133
-186.002  -51.574       4.1133
-186.002  -48.416       4.1133
-186.002  -45.258       4.1133
-186.002  -42.100       4.1133
-186.002  -38.942       4.1133
-186.002  -35.783       4.1133
-186.002  -32.625       4.1133
-186.002  -29.467       4.1133
-186.002  -26.309       4.1133
-186.002  -23.151       4.1133
-186.002  -19.993       4.1133
-186.002  -16.835       4.1133
-186.002  -13.677       4.1133
-186.002  -10.518       3.7001
-186.002   -7.360       2.0857
-186.002   -4.202       1.8055
-186.002   -1.044       1.9142
-186.002    2.114       1.7578
-186.002    5.272       1.5638
-186.002    8.430       1.5315
-186.002   11.589       1.5010
-186.002   14.747       1.9448
-186.002   17.905       1.7812
-186.002   21.063       1.9448
-186.002   24.221       1.7136
-186.002   27.379       1.6340
-186.002   30.537       1.8574
-186.002   33.696       2.0472
-186.002   36.854       1.9142
-186.002   40.012       2.3902
-186.002   43.170       1.9770
-186.002   46.328       2.6319
-186.002   49.486       2.3902
-186.002   52.644       2.3274
-186.002   55.803       3.0452
-186.002   58.961       3.7001
-186.002   62.119       4.1133
-186.002   65.277       4.1133
-186.002   68.435       4.1133
-186.002   71.593       4.1133
-186.002   74.751       4.1133
-186.002   77.910       4.1133
-186.002   81.068       4.1133
-186.002   84.226       4.1133
-186.002   87.384       4.1133
-186.002   90.542       4.1133
-186.002   93.700       4.1133
-186.002   96.858       4.1133
-186.002  100.017       4.1133
-186.002  103.175       4.1133
-186.002  106.333       4.1133
-186.002  109.491       4.1133
-186.002  112.649       4.1133
-186.002  115.807       4.1133
-186.002  118.965       4.1133
-186.002  122.124       4.1133
-186.002  125.282       4.1133
-186.002  128.440       4.1133
-186.002  131.598       4.1133
-186.002  134.756       4.1133
-186.002  137.914       4.1133
-186.002  141.072       4.1133
-186.002  144.230       4.1133
-186.002  147.389       4.1133
-186.002  150.547       4.1133
-186.002  153.705       4.1133
-186.002  156.863       4.1133
-186.002  160.021       4.1133
-186.002  163.179       4.1133
-186.002  166.337       4.1133
-186.002  169.496       4.1133
-186.002  172.654       4.1133
-186.002  175.812       4.1133
-186.002  178.970       4.1133
-186.002  182.128       4.1133
-186.002  185.286       4.1133
-186.002  188.444       4.1133
-186.002  191.603       4.1133
-186.002  194.761       4.1133
-186.002  197.919       4.1133
-186.002  201.077       4.1133
-186.002  204.235       4.1133
-186.002  207.393       4.1133
-186.002  210.551       4.1133
-186.002  213.710       4.1133
-186.002  216.868       4.1133
-186.002  220.026       4.1133
-182.414  -92.630       4.1133
-182.414  -89.472       4.1133
-182.414  -86.314       4.1133
-182.414  -83.156       4.1133
-182.414  -79.997       4.1133
-182.414  -76.839       4.1133
-182.414  -73.681       4.1133
-182.414  -70.523       4.1133
-182.414  -67.365       4.1133
-182.414  -64.207       4.1133
-182.414  -61.049       4.1133
-182.414  -57.890       4.1133
-182.414  -54.732       4.1133
-182.414  -51.574       4.1133
-182.414  -48.416       4.1133
-182.414  -45.258       4.1133
-182.414  -42.100       4.1133
-182.414  -38.942       4.1133
-182.414  -35.783       4.1133
-182.414  -32.625       4.1133
-182.414  -29.467       4.1133
-182.414  -26.309       4.1133
-182.414  -23.151       4.1133
-182.414  -19.993       4.1133
-182.414  -16.835       4.1133
-182.414  -13.677       4.1133
-182.414  -10.518       3.7001
-182.414   -7.360       2.0472
-182.414   -4.202       1.6529
-182.414   -1.044       1.6340
-182.414    2.114       1.6340
-182.414    5.272       1.5315
-182.414    8.430       1.7353
-182.414   11.589       1.7353
-182.414   14.747       1.8574
-182.414   17.905       1.8851
-182.414   21.063       1.6529
-182.414   24.221       2.1710
-182.414   27.379       2.4604
-182.414   30.537       2.2187
-182.414   33.696       2.4604
-182.414   36.854       2.1710
-182.414   40.012       2.4604
-182.414   43.170       1.4862
-182.414   46.328       2.1710
-182.414   49.486       2.6319
-182.414   52.644       2.2706
-182.414   55.803       3.7001
-182.414   58.961       2.8737
-182.414   62.119       4.1133
-182.414   65.277       4.1133
-182.414   68.435       4.1133
-182.414   71.593       4.1133
-182.414   74.751       4.1133
-182.414   77.910       4.1133
-182.414   81.068       4.1133
-182.414   84.226       4.1133
-182.414   87.384       4.1133
-182.414   90.542       4.1133
-182.414   93.700       4.1133
-182.414   96.858       4.1133
-182.414  100.017       4.1133
-182.414  103.175       4.1133
-182.414  106.333       4.1133
-182.414  109.491       4.1133
-182.414  112.649       4.1133
-182.414  115.807       4.1133
-182.414  118.965       4.1133
-182.414  122.124       4.1133
-182.414  125.282       4.1133
-182.414  128.440       4.1133
-182.414  131.598       4.1133
-182.414  134.756       4.1133
-182.414  137.914       4.1133
-182.414  141.072       4.1133
-182.414  144.230       4.1133
-182.414  147.389       4.1133
-182.414  150.547       4.1133
-182.414  153.705       4.1133
-182.414  156.863       4.1133
-182.414  160.021       4.1133
-182.414  163.179       4.1133
-182.414  166.337       4.1133
-182.414  169.496       4.1133
-182.414  172.654       4.1133
-182.414  175.812       4.1133
-182.414  178.970       4.1133
-182.414  182.128       4.1133
-182.414  185.286       4.1133
-182.414  188.444       4.1133
-182.414  191.603       4.1133
-182.414  194.761       4.1133
-182.414  197.919       4.1133
-182.414  201.077       4.1133
-182.414  204.235       4.1133
-182.414  207.393       4.1133
-182.414  210.551       4.1133
-182.414  213.710       4.1133
-182.414  216.868       4.1133
-182.414  220.026       4.1133
-178.825  -92.630       4.1133
-178.825  -89.472       4.1133
-178.825  -86.314       4.1133
-178.825  -83.156       4.1133
-178.825  -79.997       4.1133
-178.825  -76.839       4.1133
-178.825  -73.681       4.1133
-178.825  -70.523       4.1133
-178.825  -67.365       4.1133
-178.825  -64.207       4.1133
-178.825  -61.049       4.1133
-178.825  -57.890       4.1133
-178.825  -54.732       4.1133
-178.825  -51.574       4.1133
-178.825  -48.416       4.1133
-178.825  -45.258       4.1133
-178.825  -42.100       4.1133
-178.825  -38.942       4.1133
-178.825  -35.783       4.1133
-178.825  -32.625       4.1133
-178.825  -29.467       4.1133
-178.825  -26.309       4.1133
-178.825  -23.151       4.1133
-178.825  -19.993       4.1133
-178.825  -16.835       4.1133
-178.825  -13.677       4.1133
-178.825  -10.518       3.0452
-178.825   -7.360       2.0857
-178.825   -4.202       1.9770
-178.825   -1.044       1.9448
-178.825    2.114       1.8574
-178.825    5.272       1.8851
-178.825    8.430       2.3274
-178.825   11.589       2.3902
-178.825   14.747       1.9770
-178.825   17.905       1.9142
-178.825   21.063       1.8851
-178.825   24.221       1.9770
-178.825   27.379       1.5315
-178.825   30.537       1.8309
-178.825   33.696       2.2187
-178.825   36.854       2.7406
-178.825   40.012       2.4604
-178.825   43.170       2.0111
-178.825   46.328       2.1710
-178.825   49.486       2.8737
-178.825   52.644       2.7406
-178.825   55.803       2.5400
-178.825   58.961       2.2187
-178.825   62.119       3.7001
-178.825   65.277       4.1133
-178.825   68.435       4.1133
-178.825   71.593       4.1133
-178.825   74.751       4.1133
-178.825   77.910       4.1133
-178.825   81.068       4.1133
-178.825   84.226       4.1133
-178.825   87.384       4.1133
-178.825   90.542       4.1133
-178.825   93.700       4.1133
-178.825   96.858       4.1133
-178.825  100.017       4.1133
-178.825  103.175       4.1133
-178.825  106.333       4.1133
-178.825  109.491       4.1133
-178.825  112.649       4.1133
-178.825  115.807       4.1133
-178.825  118.965       4.1133
-178.825  122.124       4.1133
-178.825  125.282       4.1133
-178.825  128.440       4.1133
-178.825  131.598       4.1133
-178.825  134.756       4.1133
-178.825  137.914       4.1133
-178.825  141.072       4.1133
-178.825  144.230       4.1133
-178.825  147.389       4.1133
-178.825  150.547       4.1133
-178.825  153.705       4.1133
-178.825  156.863       4.1133
-178.825  160.021       4.1133
-178.825  163.179       4.1133
-178.825  166.337       4.1133
-178.825  169.496       4.1133
-178.825  172.654       4.1133
-178.825  175.812       4.1133
-178.825  178.970       4.1133
-178.825  182.128       4.1133
-178.825  185.286       4.1133
-178.825  188.444       4.1133
-178.825  191.603       4.1133
-178.825  194.761       4.1133
-178.825  197.919       4.1133
-178.825  201.077       4.1133
-178.825  204.235       4.1133
-178.825  207.393       4.1133
-178.825  210.551       4.1133
-178.825  213.710       4.1133
-178.825  216.868       4.1133
-178.825  220.026       4.1133
-175.237  -92.630       4.1133
-175.237  -89.472       4.1133
-175.237  -86.314       4.1133
-175.237  -83.156       4.1133
-175.237  -79.997       4.1133
-175.237  -76.839       4.1133
-175.237  -73.681       4.1133
-175.237  -70.523       4.1133
-175.237  -67.365       4.1133
-175.237  -64.207       4.1133
-175.237  -61.049       4.1133
-175.237  -57.890       4.1133
-175.237  -54.732       4.1133
-175.237  -51.574       4.1133
-175.237  -48.416       4.1133
-175.237  -45.258       4.1133
-175.237  -42.100       4.1133
-175.237  -38.942       4.1133
-175.237  -35.783       4.1133
-175.237  -32.625       4.1133
-175.237  -29.467       4.1133
-175.237  -26.309       4.1133
-175.237  -23.151       4.1133
-175.237  -19.993       4.1133
-175.237  -16.835       4.1133
-175.237  -13.677       2.8737
-175.237  -10.518       2.2706
-175.237   -7.360       2.0472
-175.237   -4.202       1.8309
-175.237   -1.044       1.8574
-175.237    2.114       2.1268
-175.237    5.272       2.3902
-175.237    8.430       2.2706
-175.237   11.589       2.0472
-175.237   14.747       1.8309
-175.237   17.905       2.0472
-175.237   21.063       1.9770
-175.237   24.221       2.3902
-175.237   27.379       1.5978
-175.237   30.537       1.6156
-175.237   33.696       2.2706
-175.237   36.854       3.0452
-175.237   40.012       2.3274
-175.237   43.170       2.3274
-175.237   46.328       2.4604
-175.237   49.486       3.0452
-175.237   52.644       2.4604
-175.237   55.803       1.8851
-175.237   58.961       1.7136
-175.237   62.119       2.8737
-175.237   65.277       4.1133
-175.237   68.435       4.1133
-175.237   71.593       4.1133
-175.237   74.751       4.1133
-175.237   77.910       4.1133
-175.237   81.068       4.1133
-175.237   84.226       4.1133
-175.237   87.384       4.1133
-175.237   90.542       4.1133
-175.237   93.700       4.1133
-175.237   96.858       4.1133
-175.237  100.017       4.1133
-175.237  103.175       4.1133
-175.237  106.333       4.1133
-175.237  109.491       4.1133
-175.237  112.649       4.1133
-175.237  115.807       4.1133
-175.237  118.965       4.1133
-175.237  122.124       4.1133
-175.237  125.282       4.1133
-175.237  128.440       4.1133
-175.237  131.598       4.1133
-175.237  134.756       4.1133
-175.237  137.914       4.1133
-175.237  141.072       4.1133
-175.237  144.230       4.1133
-175.237  147.389       4.1133
-175.237  150.547       4.1133
-175.237  153.705       4.1133
-175.237  156.863       4.1133
-175.237  160.021       4.1133
-175.237  163.179       4.1133
-175.237  166.337       4.1133
-175.237  169.496       4.1133
-175.237  172.654       4.1133
-175.237  175.812       4.1133
-175.237  178.970       4.1133
-175.237  182.128       4.1133
-175.237  185.286       4.1133
-175.237  188.444       4.1133
-175.237  191.603       4.1133
-175.237  194.761       4.1133
-175.237  197.919       4.1133
-175.237  201.077       4.1133
-175.237  204.235       4.1133
-175.237  207.393       4.1133
-175.237  210.551       4.1133
-175.237  213.710       4.1133
-175.237  216.868       4.1133
-175.237  220.026       4.1133
-171.648  -92.630       4.1133
-171.648  -89.472       4.1133
-171.648  -86.314       4.1133
-171.648  -83.156       4.1133
-171.648  -79.997       4.1133
-171.648  -76.839       4.1133
-171.648  -73.681       4.1133
-171.648  -70.523       4.1133
-171.648  -67.365       4.1133
-171.648  -64.207       4.1133
-171.648  -61.049       4.1133
-171.648  -57.890       4.1133
-171.648  -54.732       4.1133
-171.648  -51.574       4.1133
-171.648  -48.416       4.1133
-171.648  -45.258       4.1133
-171.648  -42.100       4.1133
-171.648  -38.942       4.1133
-171.648  -35.783       4.1133
-171.648  -32.625       4.1133
-171.648  -29.467       4.1133
-171.648  -26.309       4.1133
-171.648  -23.151       4.1133
-171.648  -19.993       3.0452
-171.648  -16.835       2.4604
-171.648  -13.677       2.0857
-171.648  -10.518       2.3274
-171.648   -7.360       1.8851
-171.648   -4.202       1.6340
-171.648   -1.044       1.8574
-171.648    2.114       2.2706
-171.648    5.272       2.3902
-171.648    8.430       2.2187
-171.648   11.589       2.1710
-171.648   14.747       1.7136
-171.648   17.905       1.4307
-171.648   21.063       2.0111
-171.648   24.221       2.5400
-171.648   27.379       2.2706
-171.648   30.537       2.5400
-171.648   33.696       2.6319
-171.648   36.854       3.7001
-171.648   40.012       3.2869
-171.648   43.170       2.5400
-171.648   46.328       2.3902
-171.648   49.486       2.8737
-171.648   52.644       2.6319
-171.648   55.803       1.9142
-171.648   58.961       2.0111
-171.648   62.119       2.5400
-171.648   65.277       4.1133
-171.648   68.435       4.1133
-171.648   71.593       4.1133
-171.648   74.751       4.1133
-171.648   77.910       4.1133
-171.648   81.068       4.1133
-171.648   84.226       4.1133
-171.648   87.384       4.1133
-171.648   90.542       4.1133
-171.648   93.700       4.1133
-171.648   96.858       4.1133
-171.648  100.017       4.1133
-171.648  103.175       4.1133
-171.648  106.333       4.1133
-171.648  109.491       4.1133
-171.648  112.649       4.1133
-171.648  115.807       4.1133
-171.648  118.965       4.1133
-171.648  122.124       4.1133
-171.648  125.282       4.1133
-171.648  128.440       4.1133
-171.648  131.598       4.1133
-171.648  134.756       4.1133
-171.648  137.914       4.1133
-171.648  141.072       4.1133
-171.648  144.230       4.1133
-171.648  147.389       4.1133
-171.648  150.547       4.1133
-171.648  153.705       4.1133
-171.648  156.863       4.1133
-171.648  160.021       4.1133
-171.648  163.179       4.1133
-171.648  166.337       4.1133
-171.648  169.496       4.1133
-171.648  172.654       4.1133
-171.648  175.812       4.1133
-171.648  178.970       4.1133
-171.648  182.128       4.1133
-171.648  185.286       4.1133
-171.648  188.444       4.1133
-171.648  191.603       4.1133
-171.648  194.761       4.1133
-171.648  197.919       4.1133
-171.648  201.077       4.1133
-171.648  204.235       4.1133
-171.648  207.393       4.1133
-171.648  210.551       4.1133
-171.648  213.710       4.1133
-171.648  216.868       4.1133
-171.648  220.026       4.1133
-168.060  -92.630       4.1133
-168.060  -89.472       4.1133
-168.060  -86.314       4.1133
-168.060  -83.156       4.1133
-168.060  -79.997       4.1133
-168.060  -76.839       4.1133
-168.060  -73.681       4.1133
-168.060  -70.523       4.1133
-168.060  -67.365       4.1133
-168.060  -64.207       4.1133
-168.060  -61.049       4.1133
-168.060  -57.890       4.1133
-168.060  -54.732       4.1133
-168.060  -51.574       4.1133
-168.060  -48.416       4.1133
-168.060  -45.258       4.1133
-168.060  -42.100       4.1133
-168.060  -38.942       4.1133
-168.060  -35.783       4.1133
-168.060  -32.625       4.1133
-168.060  -29.467       4.1133
-168.060  -26.309       4.1133
-168.060  -23.151       3.7001
-168.060  -19.993       3.0452
-168.060  -16.835       2.1710
-168.060  -13.677       2.4604
-168.060  -10.518       2.8737
-168.060   -7.360       2.3902
-168.060   -4.202       2.3902
-168.060   -1.044       1.9448
-168.060    2.114       2.2706
-168.060    5.272       2.2706
-168.060    8.430       2.3274
-168.060   11.589       1.6340
-168.060   14.747       1.4048
-168.060   17.905       1.4578
-168.060   21.063       1.6156
-168.060   24.221       2.0472
-168.060   27.379       3.2869
-168.060   30.537       3.0452
-168.060   33.696       3.7001
-168.060   36.854       2.2706
-168.060   40.012       2.6319
-168.060   43.170       2.7406
-168.060   46.328       2.6319
-168.060   49.486       2.2187
-168.060   52.644       2.8737
-168.060   55.803       3.0452
-168.060   58.961       3.2869
-168.060   62.119       3.0452
-168.060   65.277       4.1133
-168.060   68.435       4.1133
-168.060   71.593       4.1133
-168.060   74.751       4.1133
-168.060   77.910       4.1133
-168.060   81.068       4.1133
-168.060   84.226       4.1133
-168.060   87.384       4.1133
-168.060   90.542       4.1133
-168.060   93.700       4.1133
-168.060   96.858       4.1133
-168.060  100.017       4.1133
-168.060  103.175       4.1133
-168.060  106.333       4.1133
-168.060  109.491       4.1133
-168.060  112.649       4.1133
-168.060  115.807       4.1133
-168.060  118.965       4.1133
-168.060  122.124       4.1133
-168.060  125.282       4.1133
-168.060  128.440       4.1133
-168.060  131.598       4.1133
-168.060  134.756       4.1133
-168.060  137.914       4.1133
-168.060  141.072       4.1133
-168.060  144.230       4.1133
-168.060  147.389       4.1133
-168.060  150.547       4.1133
-168.060  153.705       4.1133
-168.060  156.863       4.1133
-168.060  160.021       4.1133
-168.060  163.179       4.1133
-168.060  166.337       4.1133
-168.060  169.496       4.1133
-168.060  172.654       4.1133
-168.060  175.812       4.1133
-168.060  178.970       4.1133
-168.060  182.128       4.1133
-168.060  185.286       4.1133
-168.060  188.444       4.1133
-168.060  191.603       4.1133
-168.060  194.761       4.1133
-168.060  197.919       4.1133
-168.060  201.077       4.1133
-168.060  204.235       4.1133
-168.060  207.393       4.1133
-168.060  210.551       4.1133
-168.060  213.710       4.1133
-168.060  216.868       4.1133
-168.060  220.026       4.1133
-164.471  -92.630       4.1133
-164.471  -89.472       4.1133
-164.471  -86.314       4.1133
-164.471  -83.156       4.1133
-164.471  -79.997       4.1133
-164.471  -76.839       4.1133
-164.471  -73.681       4.1133
-164.471  -70.523       4.1133
-164.471  -67.365       4.1133
-164.471  -64.207       4.1133
-164.471  -61.049       4.1133
-164.471  -57.890       4.1133
-164.471  -54.732       4.1133
-164.471  -51.574       4.1133
-164.471  -48.416       4.1133
-164.471  -45.258       4.1133
-164.471  -42.100       4.1133
-164.471  -38.942       4.1133
-164.471  -35.783       4.1133
-164.471  -32.625       4.1133
-164.471  -29.467       4.1133
-164.471  -26.309       4.1133
-164.471  -23.151       4.1133
-164.471  -19.993       3.7001
-164.471  -16.835       2.3274
-164.471  -13.677       3.0452
-164.471  -10.518       4.1133
-164.471   -7.360       4.1133
-164.471   -4.202       2.3902
-164.471   -1.044       2.3274
-164.471    2.114       1.5474
-164.471    5.272       1.8851
-164.471    8.430       1.5978
-164.471   11.589       1.3332
-164.471   14.747       1.5806
-164.471   17.905       1.6156
-164.471   21.063       1.7812
-164.471   24.221       1.9142
-164.471   27.379       3.0452
-164.471   30.537       3.2869
-164.471   33.696       3.7001
-164.471   36.854       2.3902
-164.471   40.012       2.3274
-164.471   43.170       3.2869
-164.471   46.328       2.7406
-164.471   49.486       2.2706
-164.471   52.644       2.5400
-164.471   55.803       3.2869
-164.471   58.961       3.7001
-164.471   62.119       3.7001
-164.471   65.277       4.1133
-164.471   68.435       4.1133
-164.471   71.593       4.1133
-164.471   74.751       4.1133
-164.471   77.910       4.1133
-164.471   81.068       4.1133
-164.471   84.226       4.1133
-164.471   87.384       4.1133
-164.471   90.542       4.1133
-164.471   93.700       4.1133
-164.471   96.858       4.1133
-164.471  100.017       4.1133
-164.471  103.175       4.1133
-164.471  106.333       4.1133
-164.471  109.491       4.1133
-164.471  112.649       4.1133
-164.471  115.807       4.1133
-164.471  118.965       4.1133
-164.471  122.124       4.1133
-164.471  125.282       4.1133
-164.471  128.440       4.1133
-164.471  131.598       4.1133
-164.471  134.756       4.1133
-164.471  137.914       4.1133
-164.471  141.072       4.1133
-164.471  144.230       4.1133
-164.471  147.389       4.1133
-164.471  150.547       4.1133
-164.471  153.705       4.1133
-164.471  156.863       4.1133
-164.471  160.021       4.1133
-164.471  163.179       4.1133
-164.471  166.337       4.1133
-164.471  169.496       4.1133
-164.471  172.654       4.1133
-164.471  175.812       4.1133
-164.471  178.970       4.1133
-164.471  182.128       4.1133
-164.471  185.286       4.1133
-164.471  188.444       4.1133
-164.471  191.603       4.1133
-164.471  194.761       4.1133
-164.471  197.919       4.1133
-164.471  201.077       4.1133
-164.471  204.235       4.1133
-164.471  207.393       4.1133
-164.471  210.551       4.1133
-164.471  213.710       4.1133
-164.471  216.868       4.1133
-164.471  220.026       4.1133
-160.883  -92.630       4.1133
-160.883  -89.472       4.1133
-160.883  -86.314       4.1133
-160.883  -83.156       4.1133
-160.883  -79.997       4.1133
-160.883  -76.839       4.1133
-160.883  -73.681       4.1133
-160.883  -70.523       4.1133
-160.883  -67.365       4.1133
-160.883  -64.207       4.1133
-160.883  -61.049       4.1133
-160.883  -57.890       4.1133
-160.883  -54.732       4.1133
-160.883  -51.574       4.1133
-160.883  -48.416       4.1133
-160.883  -45.258       4.1133
-160.883  -42.100       4.1133
-160.883  -38.942       4.1133
-160.883  -35.783       4.1133
-160.883  -32.625       4.1133
-160.883  -29.467       4.1133
-160.883  -26.309       4.1133
-160.883  -23.151       4.1133
-160.883  -19.993       3.7001
-160.883  -16.835       2.7406
-160.883  -13.677       4.1133
-160.883  -10.518       4.1133
-160.883   -7.360       3.2869
-160.883   -4.202       2.3902
-160.883   -1.044       2.0111
-160.883    2.114       1.6725
-160.883    5.272       1.2494
-160.883    8.430       1.3220
-160.883   11.589       1.2794
-160.883   14.747       1.3800
-160.883   17.905       1.7353
-160.883   21.063       1.8055
-160.883   24.221       2.2187
-160.883   27.379       4.1133
-160.883   30.537       4.1133
-160.883   33.696       2.8737
-160.883   36.854       4.1133
-160.883   40.012       4.1133
-160.883   43.170       3.2869
-160.883   46.328       3.0452
-160.883   49.486       3.0452
-160.883   52.644       3.0452
-160.883   55.803       3.0452
-160.883   58.961       3.0452
-160.883   62.119       4.1133
-160.883   65.277       4.1133
-160.883   68.435       4.1133
-160.883   71.593       4.1133
-160.883   74.751       4.1133
-160.883   77.910       4.1133
-160.883   81.068       4.1133
-160.883   84.226       4.1133
-160.883   87.384       4.1133
-160.883   90.542       4.1133
-160.883   93.700       4.1133
-160.883   96.858       4.1133
-160.883  100.017       4.1133
-160.883  103.175       4.1133
-160.883  106.333       4.1133
-160.883  109.491       4.1133
-160.883  112.649       4.1133
-160.883  115.807       4.1133
-160.883  118.965       4.1133
-160.883  122.124       4.1133
-160.883  125.282       4.1133
-160.883  128.440       4.1133
-160.883  131.598       4.1133
-160.883  134.756       4.1133
-160.883  137.914       4.1133
-160.883  141.072       4.1133
-160.883  144.230       4.1133
-160.883  147.389       4.1133
-160.883  150.547       4.1133
-160.883  153.705       4.1133
-160.883  156.863       4.1133
-160.883  160.021       4.1133
-160.883  163.179       4.1133
-160.883  166.337       4.1133
-160.883  169.496       4.1133
-160.883  172.654       4.1133
-160.883  175.812       4.1133
-160.883  178.970       4.1133
-160.883  182.128       4.1133
-160.883  185.286       4.1133
-160.883  188.444       4.1133
-160.883  191.603       4.1133
-160.883  194.761       4.1133
-160.883  197.919       4.1133
-160.883  201.077       4.1133
-160.883  204.235       4.1133
-160.883  207.393       4.1133
-160.883  210.551       4.1133
-160.883  213.710       4.1133
-160.883  216.868       4.1133
-160.883  220.026       4.1133
-157.295  -92.630       4.1133
-157.295  -89.472       4.1133
-157.295  -86.314       4.1133
-157.295  -83.156       4.1133
-157.295  -79.997       4.1133
-157.295  -76.839       4.1133
-157.295  -73.681       4.1133
-157.295  -70.523       4.1133
-157.295  -67.365       4.1133
-157.295  -64.207       4.1133
-157.295  -61.049       4.1133
-157.295  -57.890       4.1133
-157.295  -54.732       4.1133
-157.295  -51.574       4.1133
-157.295  -48.416       4.1133
-157.295  -45.258       4.1133
-157.295  -42.100       4.1133
-157.295  -38.942       4.1133
-157.295  -35.783       4.1133
-157.295  -32.625       4.1133
-157.295  -29.467       4.1133
-157.295  -26.309       4.1133
-157.295  -23.151       4.1133
-157.295  -19.993       4.1133
-157.295  -16.835       4.1133
-157.295  -13.677       4.1133
-157.295  -10.518       4.1133
-157.295   -7.360       4.1133
-157.295   -4.202       2.5400
-157.295   -1.044       1.7353
-157.295    2.114       1.6725
-157.295    5.272       1.5010
-157.295    8.430       0.9980
-157.295   11.589       1.1183
-157.295   14.747       1.4176
-157.295   17.905       1.6529
-157.295   21.063       1.7812
-157.295   24.221       2.6319
-157.295   27.379       4.1133
-157.295   30.537       4.1133
-157.295   33.696       3.7001
-157.295   36.854       4.1133
-157.295   40.012       4.1133
-157.295   43.170       4.1133
-157.295   46.328       4.1133
-157.295   49.486       4.1133
-157.295   52.644       4.1133
-157.295   55.803       4.1133
-157.295   58.961       4.1133
-157.295   62.119       4.1133
-157.295   65.277       4.1133
-157.295   68.435       4.1133
-157.295   71.593       4.1133
-157.295   74.751       4.1133
-157.295   77.910       4.1133
-157.295   81.068       4.1133
-157.295   84.226       4.1133
-157.295   87.384       4.1133
-157.295   90.542       4.1133
-157.295   93.700       4.1133
-157.295   96.858       4.1133
-157.295  100.017       4.1133
-157.295  103.175       4.1133
-157.295  106.333       4.1133
-157.295  109.491       4.1133
-157.295  112.649       4.1133
-157.295  115.807       4.1133
-157.295  118.965       4.1133
-157.295  122.124       4.1133
-157.295  125.282       4.1133
-157.295  128.440       4.1133
-157.295  131.598       4.1133
-157.295  134.756       4.1133
-157.295  137.914       4.1133
-157.295  141.072       4.1133
-157.295  144.230       4.1133
-157.295  147.389       4.1133
-157.295  150.547       4.1133
-157.295  153.705       4.1133
-157.295  156.863       4.1133
-157.295  160.021       4.1133
-157.295  163.179       4.1133
-157.295  166.337       4.1133
-157.295  169.496       4.1133
-157.295  172.654       4.1133
-157.295  175.812       4.1133
-157.295  178.970       4.1133
-157.295  182.128       4.1133
-157.295  185.286       4.1133
-157.295  188.444       4.1133
-157.295  191.603       4.1133
-157.295  194.761       4.1133
-157.295  197.919       4.1133
-157.295  201.077       4.1133
-157.295  204.235       4.1133
-157.295  207.393       4.1133
-157.295  210.551       4.1133
-157.295  213.710       4.1133
-157.295  216.868       4.1133
-157.295  220.026       4.1133
-153.706  -92.630       4.1133
-153.706  -89.472       4.1133
-153.706  -86.314       4.1133
-153.706  -83.156       4.1133
-153.706  -79.997       4.1133
-153.706  -76.839       4.1133
-153.706  -73.681       4.1133
-153.706  -70.523       4.1133
-153.706  -67.365       4.1133
-153.706  -64.207       4.1133
-153.706  -61.049       4.1133
-153.706  -57.890       4.1133
-153.706  -54.732       4.1133
-153.706  -51.574       4.1133
-153.706  -48.416       4.1133
-153.706  -45.258       4.1133
-153.706  -42.100       4.1133
-153.706  -38.942       4.1133
-153.706  -35.783       4.1133
-153.706  -32.625       4.1133
-153.706  -29.467       4.1133
-153.706  -26.309       4.1133
-153.706  -23.151       4.1133
-153.706  -19.993       4.1133
-153.706  -16.835       4.1133
-153.706  -13.677       4.1133
-153.706  -10.518       4.1133
-153.706   -7.360       3.7001
-153.706   -4.202       2.3274
-153.706   -1.044       1.6529
-153.706    2.114       1.3561
-153.706    5.272       1.1846
-153.706    8.430       1.0877
-153.706   11.589       1.1262
-153.706   14.747       1.0952
-153.706   17.905       1.1589
-153.706   21.063       2.1710
-153.706   24.221       2.6319
-153.706   27.379       4.1133
-153.706   30.537       4.1133
-153.706   33.696       4.1133
-153.706   36.854       4.1133
-153.706   40.012       4.1133
-153.706   43.170       4.1133
-153.706   46.328       4.1133
-153.706   49.486       4.1133
-153.706   52.644       4.1133
-153.706   55.803       4.1133
-153.706   58.961       4.1133
-153.706   62.119       4.1133
-153.706   65.277       4.1133
-153.706   68.435       4.1133
-153.706   71.593       4.1133
-153.706   74.751       4.1133
-153.706   77.910       4.1133
-153.706   81.068       4.1133
-153.706   84.226       4.1133
-153.706   87.384       4.1133
-153.706   90.542       4.1133
-153.706   93.700       4.1133
-153.706   96.858       4.1133
-153.706  100.017       4.1133
-153.706  103.175       4.1133
-153.706  106.333       4.1133
-153.706  109.491       4.1133
-153.706  112.649       4.1133
-153.706  115.807       4.1133
-153.706  118.965       4.1133
-153.706  122.124       4.1133
-153.706  125.282       4.1133
-153.706  128.440       4.1133
-153.706  131.598       4.1133
-153.706  134.756       4.1133
-153.706  137.914       4.1133
-153.706  141.072       4.1133
-153.706  144.230       4.1133
-153.706  147.389       4.1133
-153.706  150.547       4.1133
-153.706  153.705       4.1133
-153.706  156.863       4.1133
-153.706  160.021       4.1133
-153.706  163.179       4.1133
-153.706  166.337       4.1133
-153.706  169.496       4.1133
-153.706  172.654       4.1133
-153.706  175.812       4.1133
-153.706  178.970       4.1133
-153.706  182.128       4.1133
-153.706  185.286       4.1133
-153.706  188.444       4.1133
-153.706  191.603       4.1133
-153.706  194.761       4.1133
-153.706  197.919       4.1133
-153.706  201.077       4.1133
-153.706  204.235       4.1133
-153.706  207.393       4.1133
-153.706  210.551       4.1133
-153.706  213.710       4.1133
-153.706  216.868       4.1133
-153.706  220.026       4.1133
-150.118  -92.630       4.1133
-150.118  -89.472       4.1133
-150.118  -86.314       4.1133
-150.118  -83.156       4.1133
-150.118  -79.997       4.1133
-150.118  -76.839       4.1133
-150.118  -73.681       4.1133
-150.118  -70.523       4.1133
-150.118  -67.365       4.1133
-150.118  -64.207       4.1133
-150.118  -61.049       4.1133
-150.118  -57.890       4.1133
-150.118  -54.732       4.1133
-150.118  -51.574       4.1133
-150.118  -48.416       4.1133
-150.118  -45.258       4.1133
-150.118  -42.100       4.1133
-150.118  -38.942       4.1133
-150.118  -35.783       4.1133
-150.118  -32.625       4.1133
-150.118  -29.467       4.1133
-150.118  -26.309       4.1133
-150.118  -23.151       4.1133
-150.118  -19.993       4.1133
-150.118  -16.835       4.1133
-150.118  -13.677       4.1133
-150.118  -10.518       3.7001
-150.118   -7.360       4.1133
-150.118   -4.202       2.4604
-150.118   -1.044       1.8851
-150.118    2.114       1.3561
-150.118    5.272       1.2693
-150.118    8.430       1.0516
-150.118   11.589       1.2115
-150.118   14.747       1.2024
-150.118   17.905       1.5638
-150.118   21.063       2.0857
-150.118   24.221       2.7406
-150.118   27.379       3.7001
-150.118   30.537       4.1133
-150.118   33.696       4.1133
-150.118   36.854       4.1133
-150.118   40.012       4.1133
-150.118   43.170       4.1133
-150.118   46.328       4.1133
-150.118   49.486       4.1133
-150.118   52.644       4.1133
-150.118   55.803       4.1133
-150.118   58.961       4.1133
-150.118   62.119       4.1133
-150.118   65.277       4.1133
-150.118   68.435       4.1133
-150.118   71.593       4.1133
-150.118   74.751       4.1133
-150.118   77.910       4.1133
-150.118   81.068       4.1133
-150.118   84.226       4.1133
-150.118   87.384       4.1133
-150.118   90.542       4.1133
-150.118   93.700       4.1133
-150.118   96.858       4.1133
-150.118  100.017       4.1133
-150.118  103.175       4.1133
-150.118  106.333       4.1133
-150.118  109.491       4.1133
-150.118  112.649       4.1133
-150.118  115.807       4.1133
-150.118  118.965       4.1133
-150.118  122.124       4.1133
-150.118  125.282       4.1133
-150.118  128.440       4.1133
-150.118  131.598       4.1133
-150.118  134.756       4.1133
-150.118  137.914       4.1133
-150.118  141.072       4.1133
-150.118  144.230       4.1133
-150.118  147.389       4.1133
-150.118  150.547       4.1133
-150.118  153.705       4.1133
-150.118  156.863       4.1133
-150.118  160.021       4.1133
-150.118  163.179       4.1133
-150.118  166.337       4.1133
-150.118  169.496       4.1133
-150.118  172.654       4.1133
-150.118  175.812       4.1133
-150.118  178.970       4.1133
-150.118  182.128       4.1133
-150.118  185.286       4.1133
-150.118  188.444       4.1133
-150.118  191.603       4.1133
-150.118  194.761       4.1133
-150.118  197.919       4.1133
-150.118  201.077       4.1133
-150.118  204.235       4.1133
-150.118  207.393       4.1133
-150.118  210.551       4.1133
-150.118  213.710       4.1133
-150.118  216.868       4.1133
-150.118  220.026       4.1133
-146.529  -92.630       4.1133
-146.529  -89.472       4.1133
-146.529  -86.314       4.1133
-146.529  -83.156       4.1133
-146.529  -79.997       4.1133
-146.529  -76.839       4.1133
-146.529  -73.681       4.1133
-146.529  -70.523       4.1133
-146.529  -67.365       4.1133
-146.529  -64.207       4.1133
-146.529  -61.049       4.1133
-146.529  -57.890       4.1133
-146.529  -54.732       4.1133
-146.529  -51.574       4.1133
-146.529  -48.416       4.1133
-146.529  -45.258       4.1133
-146.529  -42.100       4.1133
-146.529  -38.942       4.1133
-146.529  -35.783       4.1133
-146.529  -32.625       4.1133
-146.529  -29.467       4.1133
-146.529  -26.309       4.1133
-146.529  -23.151       4.1133
-146.529  -19.993       4.1133
-146.529  -16.835       4.1133
-146.529  -13.677       2.8737
-146.529  -10.518       2.3902
-146.529   -7.360       2.7406
-146.529   -4.202       2.7406
-146.529   -1.044       2.2706
-146.529    2.114       1.4307
-146.529    5.272       1.3445
-146.529    8.430       1.2693
-146.529   11.589       1.4578
-146.529   14.747       1.2494
-146.529   17.905       1.1342
-146.529   21.063       1.5638
-146.529   24.221       2.0472
-146.529   27.379       3.7001
-146.529   30.537       2.4604
-146.529   33.696       3.7001
-146.529   36.854       4.1133
-146.529   40.012       4.1133
-146.529   43.170       4.1133
-146.529   46.328       4.1133
-146.529   49.486       4.1133
-146.529   52.644       4.1133
-146.529   55.803       4.1133
-146.529   58.961       4.1133
-146.529   62.119       4.1133
-146.529   65.277       4.1133
-146.529   68.435       4.1133
-146.529   71.593       4.1133
-146.529   74.751       4.1133
-146.529   77.910       4.1133
-146.529   81.068       4.1133
-146.529   84.226       4.1133
-146.529   87.384       4.1133
-146.529   90.542       4.1133
-146.529   93.700       4.1133
-146.529   96.858       4.1133
-146.529  100.017       4.1133
-146.529  103.175       4.1133
-146.529  106.333       4.1133
-146.529  109.491       4.1133
-146.529  112.649       4.1133
-146.529  115.807       4.1133
-146.529  118.965       4.1133
-146.529  122.124       4.1133
-146.529  125.282       4.1133
-146.529  128.440       4.1133
-146.529  131.598       4.1133
-146.529  134.756       4.1133
-146.529  137.914       4.1133
-146.529  141.072       4.1133
-146.529  144.230       4.1133
-146.529  147.389       4.1133
-146.529  150.547       4.1133
-146.529  153.705       4.1133
-146.529  156.863       4.1133
-146.529  160.021       4.1133
-146.529  163.179       4.1133
-146.529  166.337       4.1133
-146.529  169.496       4.1133
-146.529  172.654       4.1133
-146.529  175.812       4.1133
-146.529  178.970       4.1133
-146.529  182.128       4.1133
-146.529  185.286       4.1133
-146.529  188.444       4.1133
-146.529  191.603       4.1133
-146.529  194.761       4.1133
-146.529  197.919       4.1133
-146.529  201.077       4.1133
-146.529  204.235       4.1133
-146.529  207.393       4.1133
-146.529  210.551       4.1133
-146.529  213.710       4.1133
-146.529  216.868       4.1133
-146.529  220.026       4.1133
-142.941  -92.630       4.1133
-142.941  -89.472       4.1133
-142.941  -86.314       4.1133
-142.941  -83.156       4.1133
-142.941  -79.997       4.1133
-142.941  -76.839       4.1133
-142.941  -73.681       4.1133
-142.941  -70.523       4.1133
-142.941  -67.365       4.1133
-142.941  -64.207       4.1133
-142.941  -61.049       4.1133
-142.941  -57.890       4.1133
-142.941  -54.732       4.1133
-142.941  -51.574       4.1133
-142.941  -48.416       4.1133
-142.941  -45.258       4.1133
-142.941  -42.100       4.1133
-142.941  -38.942       4.1133
-142.941  -35.783       4.1133
-142.941  -32.625       4.1133
-142.941  -29.467       4.1133
-142.941  -26.309       4.1133
-142.941  -23.151       4.1133
-142.941  -19.993       4.1133
-142.941  -16.835       4.1133
-142.941  -13.677       3.7001
-142.941  -10.518       4.1133
-142.941   -7.360       2.7406
-142.941   -4.202       2.8737
-142.941   -1.044       2.2706
-142.941    2.114       1.4719
-142.941    5.272       1.4307
-142.941    8.430       1.4719
-142.941   11.589       1.3220
-142.941   14.747       1.1342
-142.941   17.905       1.2208
-142.941   21.063       1.3111
-142.941   24.221       2.2187
-142.941   27.379       2.6319
-142.941   30.537       2.0472
-142.941   33.696       2.7406
-142.941   36.854       3.7001
-142.941   40.012       4.1133
-142.941   43.170       4.1133
-142.941   46.328       4.1133
-142.941   49.486       4.1133
-142.941   52.644       4.1133
-142.941   55.803       4.1133
-142.941   58.961       4.1133
-142.941   62.119       4.1133
-142.941   65.277       4.1133
-142.941   68.435       4.1133
-142.941   71.593       4.1133
-142.941   74.751       4.1133
-142.941   77.910       4.1133
-142.941   81.068       4.1133
-142.941   84.226       4.1133
-142.941   87.384       4.1133
-142.941   90.542       4.1133
-142.941   93.700       4.1133
-142.941   96.858       4.1133
-142.941  100.017       4.1133
-142.941  103.175       4.1133
-142.941  106.333       4.1133
-142.941  109.491       4.1133
-142.941  112.649       4.1133
-142.941  115.807       4.1133
-142.941  118.965       4.1133
-142.941  122.124       4.1133
-142.941  125.282       4.1133
-142.941  128.440       4.1133
-142.941  131.598       4.1133
-142.941  134.756       4.1133
-142.941  137.914       4.1133
-142.941  141.072       4.1133
-142.941  144.230       4.1133
-142.941  147.389       4.1133
-142.941  150.547       4.1133
-142.941  153.705       4.1133
-142.941  156.863       4.1133
-142.941  160.021       4.1133
-142.941  163.179       4.1133
-142.941  166.337       4.1133
-142.941  169.496       4.1133
-142.941  172.654       4.1133
-142.941  175.812       4.1133
-142.941  178.970       4.1133
-142.941  182.128       4.1133
-142.941  185.286       4.1133
-142.941  188.444       4.1133
-142.941  191.603       4.1133
-142.941  194.761       4.1133
-142.941  197.919       4.1133
-142.941  201.077       4.1133
-142.941  204.235       4.1133
-142.941  207.393       4.1133
-142.941  210.551       4.1133
-142.941  213.710       4.1133
-142.941  216.868       4.1133
-142.941  220.026       4.1133
-139.352  -92.630       4.1133
-139.352  -89.472       4.1133
-139.352  -86.314       4.1133
-139.352  -83.156       4.1133
-139.352  -79.997       4.1133
-139.352  -76.839       4.1133
-139.352  -73.681       4.1133
-139.352  -70.523       4.1133
-139.352  -67.365       4.1133
-139.352  -64.207       4.1133
-139.352  -61.049       4.1133
-139.352  -57.890       4.1133
-139.352  -54.732       4.1133
-139.352  -51.574       4.1133
-139.352  -48.416       4.1133
-139.352  -45.258       4.1133
-139.352  -42.100       4.1133
-139.352  -38.942       4.1133
-139.352  -35.783       4.1133
-139.352  -32.625       4.1133
-139.352  -29.467       4.1133
-139.352  -26.309       4.1133
-139.352  -23.151       4.1133
-139.352  -19.993       4.1133
-139.352  -16.835       4.1133
-139.352  -13.677       4.1133
-139.352  -10.518       3.7001
-139.352   -7.360       2.7406
-139.352   -4.202       2.7406
-139.352   -1.044       3.0452
-139.352    2.114       1.9770
-139.352    5.272       1.4441
-139.352    8.430       1.1423
-139.352   11.589       1.1589
-139.352   14.747       1.0446
-139.352   17.905       1.0952
-139.352   21.063       1.5474
-139.352   24.221       2.0472
-139.352   27.379       2.3274
-139.352   30.537       1.9142
-139.352   33.696       2.0857
-139.352   36.854       2.6319
-139.352   40.012       3.7001
-139.352   43.170       4.1133
-139.352   46.328       4.1133
-139.352   49.486       4.1133
-139.352   52.644       4.1133
-139.352   55.803       4.1133
-139.352   58.961       4.1133
-139.352   62.119       4.1133
-139.352   65.277       4.1133
-139.352   68.435       4.1133
-139.352   71.593       4.1133
-139.352   74.751       4.1133
-139.352   77.910       4.1133
-139.352   81.068       4.1133
-139.352   84.226       4.1133
-139.352   87.384       4.1133
-139.352   90.542       4.1133
-139.352   93.700       4.1133
-139.352   96.858       4.1133
-139.352  100.017       4.1133
-139.352  103.175       4.1133
-139.352  106.333       4.1133
-139.352  109.491       4.1133
-139.352  112.649       4.1133
-139.352  115.807       4.1133
-139.352  118.965       4.1133
-139.352  122.124       4.1133
-139.352  125.282       4.1133
-139.352  128.440       4.1133
-139.352  131.598       4.1133
-139.352  134.756       4.1133
-139.352  137.914       4.1133
-139.352  141.072       4.1133
-139.352  144.230       4.1133
-139.352  147.389       4.1133
-139.352  150.547       4.1133
-139.352  153.705       4.1133
-139.352  156.863       4.1133
-139.352  160.021       4.1133
-139.352  163.179       4.1133
-139.352  166.337       4.1133
-139.352  169.496       4.1133
-139.352  172.654       4.1133
-139.352  175.812       4.1133
-139.352  178.970       4.1133
-139.352  182.128       4.1133
-139.352  185.286       4.1133
-139.352  188.444       4.1133
-139.352  191.603       4.1133
-139.352  194.761       4.1133
-139.352  197.919       4.1133
-139.352  201.077       4.1133
-139.352  204.235       4.1133
-139.352  207.393       4.1133
-139.352  210.551       4.1133
-139.352  213.710       4.1133
-139.352  216.868       4.1133
-139.352  220.026       4.1133
-135.764  -92.630       4.1133
-135.764  -89.472       4.1133
-135.764  -86.314       4.1133
-135.764  -83.156       4.1133
-135.764  -79.997       4.1133
-135.764  -76.839       4.1133
-135.764  -73.681       4.1133
-135.764  -70.523       4.1133
-135.764  -67.365       4.1133
-135.764  -64.207       4.1133
-135.764  -61.049       4.1133
-135.764  -57.890       4.1133
-135.764  -54.732       4.1133
-135.764  -51.574       4.1133
-135.764  -48.416       4.1133
-135.764  -45.258       4.1133
-135.764  -42.100       4.1133
-135.764  -38.942       4.1133
-135.764  -35.783       4.1133
-135.764  -32.625       4.1133
-135.764  -29.467       4.1133
-135.764  -26.309       4.1133
-135.764  -23.151       4.1133
-135.764  -19.993       4.1133
-135.764  -16.835       4.1133
-135.764  -13.677       4.1133
-135.764  -10.518       4.1133
-135.764   -7.360       3.2869
-135.764   -4.202       2.2706
-135.764   -1.044       2.3902
-135.764    2.114       2.3274
-135.764    5.272       1.7353
-135.764    8.430       1.4176
-135.764   11.589       1.5638
-135.764   14.747       1.3679
-135.764   17.905       1.2693
-135.764   21.063       1.7353
-135.764   24.221       1.5978
-135.764   27.379       2.0857
-135.764   30.537       2.8737
-135.764   33.696       2.6319
-135.764   36.854       2.3274
-135.764   40.012       3.2869
-135.764   43.170       3.2869
-135.764   46.328       4.1133
-135.764   49.486       4.1133
-135.764   52.644       4.1133
-135.764   55.803       4.1133
-135.764   58.961       4.1133
-135.764   62.119       4.1133
-135.764   65.277       4.1133
-135.764   68.435       4.1133
-135.764   71.593       4.1133
-135.764   74.751       4.1133
-135.764   77.910       4.1133
-135.764   81.068       4.1133
-135.764   84.226       4.1133
-135.764   87.384       4.1133
-135.764   90.542       4.1133
-135.764   93.700       4.1133
-135.764   96.858       4.1133
-135.764  100.017       4.1133
-135.764  103.175       4.1133
-135.764  106.333       4.1133
-135.764  109.491       4.1133
-135.764  112.649       4.1133
-135.764  115.807       4.1133
-135.764  118.965       4.1133
-135.764  122.124       4.1133
-135.764  125.282       4.1133
-135.764  128.440       4.1133
-135.764  131.598       4.1133
-135.764  134.756       4.1133
-135.764  137.914       4.1133
-135.764  141.072       4.1133
-135.764  144.230       4.1133
-135.764  147.389       4.1133
-135.764  150.547       4.1133
-135.764  153.705       4.1133
-135.764  156.863       4.1133
-135.764  160.021       4.1133
-135.764  163.179       4.1133
-135.764  166.337       4.1133
-135.764  169.496       4.1133
-135.764  172.654       4.1133
-135.764  175.812       4.1133
-135.764  178.970       4.1133
-135.764  182.128       4.1133
-135.764  185.286       4.1133
-135.764  188.444       4.1133
-135.764  191.603       4.1133
-135.764  194.761       4.1133
-135.764  197.919       4.1133
-135.764  201.077       4.1133
-135.764  204.235       4.1133
-135.764  207.393       4.1133
-135.764  210.551       4.1133
-135.764  213.710       4.1133
-135.764  216.868       4.1133
-135.764  220.026       4.1133
-132.176  -92.630       4.1133
-132.176  -89.472       4.1133
-132.176  -86.314       4.1133
-132.176  -83.156       4.1133
-132.176  -79.997       4.1133
-132.176  -76.839       4.1133
-132.176  -73.681       4.1133
-132.176  -70.523       4.1133
-132.176  -67.365       4.1133
-132.176  -64.207       4.1133
-132.176  -61.049       4.1133
-132.176  -57.890       4.1133
-132.176  -54.732       4.1133
-132.176  -51.574       4.1133
-132.176  -48.416       4.1133
-132.176  -45.258       4.1133
-132.176  -42.100       4.1133
-132.176  -38.942       4.1133
-132.176  -35.783       4.1133
-132.176  -32.625       4.1133
-132.176  -29.467       4.1133
-132.176  -26.309       4.1133
-132.176  -23.151       4.1133
-132.176  -19.993       4.1133
-132.176  -16.835       4.1133
-132.176  -13.677       4.1133
-132.176  -10.518       4.1133
-132.176   -7.360       4.1133
-132.176   -4.202       3.0452
-132.176   -1.044       2.5400
-132.176    2.114       1.6156
-132.176    5.272       1.9448
-132.176    8.430       1.7578
-132.176   11.589       1.4862
-132.176   14.747       1.5315
-132.176   17.905       1.3220
-132.176   21.063       1.8574
-132.176   24.221       1.9770
-132.176   27.379       1.9448
-132.176   30.537       3.2869
-132.176   33.696       3.7001
-132.176   36.854       2.8737
-132.176   40.012       2.8737
-132.176   43.170       2.3902
-132.176   46.328       3.7001
-132.176   49.486       4.1133
-132.176   52.644       4.1133
-132.176   55.803       4.1133
-132.176   58.961       4.1133
-132.176   62.119       4.1133
-132.176   65.277       4.1133
-132.176   68.435       4.1133
-132.176   71.593       4.1133
-132.176   74.751       4.1133
-132.176   77.910       4.1133
-132.176   81.068       4.1133
-132.176   84.226       4.1133
-132.176   87.384       4.1133
-132.176   90.542       4.1133
-132.176   93.700       4.1133
-132.176   96.858       4.1133
-132.176  100.017       4.1133
-132.176  103.175       4.1133
-132.176  106.333       4.1133
-132.176  109.491       4.1133
-132.176  112.649       4.1133
-132.176  115.807       4.1133
-132.176  118.965       4.1133
-132.176  122.124       4.1133
-132.176  125.282       4.1133
-132.176  128.440       4.1133
-132.176  131.598       4.1133
-132.176  134.756       4.1133
-132.176  137.914       4.1133
-132.176  141.072       4.1133
-132.176  144.230       4.1133
-132.176  147.389       4.1133
-132.176  150.547       4.1133
-132.176  153.705       4.1133
-132.176  156.863       4.1133
-132.176  160.021       4.1133
-132.176  163.179       4.1133
-132.176  166.337       4.1133
-132.176  169.496       4.1133
-132.176  172.654       4.1133
-132.176  175.812       4.1133
-132.176  178.970       4.1133
-132.176  182.128       4.1133
-132.176  185.286       4.1133
-132.176  188.444       4.1133
-132.176  191.603       4.1133
-132.176  194.761       4.1133
-132.176  197.919       4.1133
-132.176  201.077       4.1133
-132.176  204.235       4.1133
-132.176  207.393       4.1133
-132.176  210.551       4.1133
-132.176  213.710       4.1133
-132.176  216.868       4.1133
-132.176  220.026       4.1133
-128.587  -92.630       4.1133
-128.587  -89.472       4.1133
-128.587  -86.314       4.1133
-128.587  -83.156       4.1133
-128.587  -79.997       4.1133
-128.587  -76.839       4.1133
-128.587  -73.681       4.1133
-128.587  -70.523       4.1133
-128.587  -67.365       4.1133
-128.587  -64.207       4.1133
-128.587  -61.049       4.1133
-128.587  -57.890       4.1133
-128.587  -54.732       4.1133
-128.587  -51.574       4.1133
-128.587  -48.416       4.1133
-128.587  -45.258       4.1133
-128.587  -42.100       4.1133
-128.587  -38.942       4.1133
-128.587  -35.783       4.1133
-128.587  -32.625       4.1133
-128.587  -29.467       4.1133
-128.587  -26.309       4.1133
-128.587  -23.151       4.1133
-128.587  -19.993       4.1133
-128.587  -16.835       4.1133
-128.587  -13.677       4.1133
-128.587  -10.518       4.1133
-128.587   -7.360       4.1133
-128.587   -4.202       2.6319
-128.587   -1.044       2.1268
-128.587    2.114       1.5315
-128.587    5.272       1.7353
-128.587    8.430       2.1710
-128.587   11.589       1.6529
-128.587   14.747       1.6156
-128.587   17.905       1.3220
-128.587   21.063       1.4441
-128.587   24.221       1.8055
-128.587   27.379       2.2706
-128.587   30.537       3.7001
-128.587   33.696       4.1133
-128.587   36.854       4.1133
-128.587   40.012       4.1133
-128.587   43.170       4.1133
-128.587   46.328       4.1133
-128.587   49.486       4.1133
-128.587   52.644       4.1133
-128.587   55.803       4.1133
-128.587   58.961       4.1133
-128.587   62.119       4.1133
-128.587   65.277       4.1133
-128.587   68.435       4.1133
-128.587   71.593       4.1133
-128.587   74.751       4.1133
-128.587   77.910       4.1133
-128.587   81.068       4.1133
-128.587   84.226       4.1133
-128.587   87.384       4.1133
-128.587   90.542       4.1133
-128.587   93.700       4.1133
-128.587   96.858       4.1133
-128.587  100.017       4.1133
-128.587  103.175       4.1133
-128.587  106.333       4.1133
-128.587  109.491       4.1133
-128.587  112.649       4.1133
-128.587  115.807       4.1133
-128.587  118.965       4.1133
-128.587  122.124       4.1133
-128.587  125.282       4.1133
-128.587  128.440       4.1133
-128.587  131.598       4.1133
-128.587  134.756       4.1133
-128.587  137.914       4.1133
-128.587  141.072       4.1133
-128.587  144.230       4.1133
-128.587  147.389       4.1133
-128.587  150.547       4.1133
-128.587  153.705       4.1133
-128.587  156.863       4.1133
-128.587  160.021       4.1133
-128.587  163.179       4.1133
-128.587  166.337       4.1133
-128.587  169.496       4.1133
-128.587  172.654       4.1133
-128.587  175.812       4.1133
-128.587  178.970       4.1133
-128.587  182.128       4.1133
-128.587  185.286       4.1133
-128.587  188.444       4.1133
-128.587  191.603       4.1133
-128.587  194.761       4.1133
-128.587  197.919       4.1133
-128.587  201.077       4.1133
-128.587  204.235       4.1133
-128.587  207.393       4.1133
-128.587  210.551       4.1133
-128.587  213.710       4.1133
-128.587  216.868       4.1133
-128.587  220.026       4.1133
-124.999  -92.630       4.1133
-124.999  -89.472       4.1133
-124.999  -86.314       4.1133
-124.999  -83.156       4.1133
-124.999  -79.997       4.1133
-124.999  -76.839       4.1133
-124.999  -73.681       4.1133
-124.999  -70.523       4.1133
-124.999  -67.365       4.1133
-124.999  -64.207       4.1133
-124.999  -61.049       4.1133
-124.999  -57.890       4.1133
-124.999  -54.732       4.1133
-124.999  -51.574       4.1133
-124.999  -48.416       4.1133
-124.999  -45.258       4.1133
-124.999  -42.100       4.1133
-124.999  -38.942       4.1133
-124.999  -35.783       4.1133
-124.999  -32.625       4.1133
-124.999  -29.467       4.1133
-124.999  -26.309       4.1133
-124.999  -23.151       4.1133
-124.999  -19.993       4.1133
-124.999  -16.835       4.1133
-124.999  -13.677       4.1133
-124.999  -10.518       4.1133
-124.999   -7.360       4.1133
-124.999   -4.202       3.0452
-124.999   -1.044       2.7406
-124.999    2.114       2.1710
-124.999    5.272       2.0111
-124.999    8.430       2.4604
-124.999   11.589       2.0111
-124.999   14.747       1.5474
-124.999   17.905       1.0242
-124.999   21.063       1.4862
-124.999   24.221       2.3274
-124.999   27.379       2.2187
-124.999   30.537       3.7001
-124.999   33.696       4.1133
-124.999   36.854       4.1133
-124.999   40.012       4.1133
-124.999   43.170       4.1133
-124.999   46.328       4.1133
-124.999   49.486       4.1133
-124.999   52.644       4.1133
-124.999   55.803       4.1133
-124.999   58.961       4.1133
-124.999   62.119       4.1133
-124.999   65.277       4.1133
-124.999   68.435       4.1133
-124.999   71.593       4.1133
-124.999   74.751       4.1133
-124.999   77.910       4.1133
-124.999   81.068       4.1133
-124.999   84.226       4.1133
-124.999   87.384       4.1133
-124.999   90.542       4.1133
-124.999   93.700       4.1133
-124.999   96.858       4.1133
-124.999  100.017       4.1133
-124.999  103.175       4.1133
-124.999  106.333       4.1133
-124.999  109.491       4.1133
-124.999  112.649       4.1133
-124.999  115.807       4.1133
-124.999  118.965       4.1133
-124.999  122.124       4.1133
-124.999  125.282       4.1133
-124.999  128.440       4.1133
-124.999  131.598       4.1133
-124.999  134.756       4.1133
-124.999  137.914       4.1133
-124.999  141.072       4.1133
-124.999  144.230       4.1133
-124.999  147.389       4.1133
-124.999  150.547       4.1133
-124.999  153.705       4.1133
-124.999  156.863       4.1133
-124.999  160.021       4.1133
-124.999  163.179       4.1133
-124.999  166.337       4.1133
-124.999  169.496       4.1133
-124.999  172.654       4.1133
-124.999  175.812       4.1133
-124.999  178.970       4.1133
-124.999  182.128       4.1133
-124.999  185.286       4.1133
-124.999  188.444       4.1133
-124.999  191.603       4.1133
-124.999  194.761       4.1133
-124.999  197.919       4.1133
-124.999  201.077       4.1133
-124.999  204.235       4.1133
-124.999  207.393       4.1133
-124.999  210.551       4.1133
-124.999  213.710       4.1133
-124.999  216.868       4.1133
-124.999  220.026       4.1133
-121.410  -92.630       3.2869
-121.410  -89.472       3.7001
-121.410  -86.314       2.7406
-121.410  -83.156       4.1133
-121.410  -79.997       3.2869
-121.410  -76.839       4.1133
-121.410  -73.681       4.1133
-121.410  -70.523       4.1133
-121.410  -67.365       4.1133
-121.410  -64.207       4.1133
-121.410  -61.049       4.1133
-121.410  -57.890       4.1133
-121.410  -54.732       4.1133
-121.410  -51.574       4.1133
-121.410  -48.416       4.1133
-121.410  -45.258       4.1133
-121.410  -42.100       4.1133
-121.410  -38.942       4.1133
-121.410  -35.783       4.1133
-121.410  -32.625       4.1133
-121.410  -29.467       4.1133
-121.410  -26.309       4.1133
-121.410  -23.151       4.1133
-121.410  -19.993       4.1133
-121.410  -16.835       4.1133
-121.410  -13.677       4.1133
-121.410  -10.518       3.2869
-121.410   -7.360       3.0452
-121.410   -4.202       2.8737
-121.410   -1.044       2.1710
-121.410    2.114       1.8055
-121.410    5.272       1.9448
-121.410    8.430       2.0472
-121.410   11.589       2.2187
-121.410   14.747       2.0472
-121.410   17.905       1.6340
-121.410   21.063       1.7812
-121.410   24.221       2.3902
-121.410   27.379       3.2869
-121.410   30.537       3.0452
-121.410   33.696       2.8737
-121.410   36.854       4.1133
-121.410   40.012       4.1133
-121.410   43.170       4.1133
-121.410   46.328       4.1133
-121.410   49.486       4.1133
-121.410   52.644       4.1133
-121.410   55.803       4.1133
-121.410   58.961       4.1133
-121.410   62.119       4.1133
-121.410   65.277       4.1133
-121.410   68.435       4.1133
-121.410   71.593       4.1133
-121.410   74.751       4.1133
-121.410   77.910       4.1133
-121.410   81.068       4.1133
-121.410   84.226       4.1133
-121.410   87.384       4.1133
-121.410   90.542       4.1133
-121.410   93.700       4.1133
-121.410   96.858       4.1133
-121.410  100.017       4.1133
-121.410  103.175       4.1133
-121.410  106.333       4.1133
-121.410  109.491       4.1133
-121.410  112.649       4.1133
-121.410  115.807       4.1133
-121.410  118.965       4.1133
-121.410  122.124       4.1133
-121.410  125.282       4.1133
-121.410  128.440       4.1133
-121.410  131.598       4.1133
-121.410  134.756       4.1133
-121.410  137.914       4.1133
-121.410  141.072       4.1133
-121.410  144.230       4.1133
-121.410  147.389       4.1133
-121.410  150.547       4.1133
-121.410  153.705       4.1133
-121.410  156.863       4.1133
-121.410  160.021       4.1133
-121.410  163.179       4.1133
-121.410  166.337       4.1133
-121.410  169.496       4.1133
-121.410  172.654       4.1133
-121.410  175.812       4.1133
-121.410  178.970       4.1133
-121.410  182.128       4.1133
-121.410  185.286       4.1133
-121.410  188.444       4.1133
-121.410  191.603       4.1133
-121.410  194.761       4.1133
-121.410  197.919       4.1133
-121.410  201.077       4.1133
-121.410  204.235       4.1133
-121.410  207.393       4.1133
-121.410  210.551       4.1133
-121.410  213.710       4.1133
-121.410  216.868       4.1133
-121.410  220.026       4.1133
-117.822  -92.630       2.3274
-117.822  -89.472       1.8574
-117.822  -86.314       1.7353
-117.822  -83.156       1.7812
-117.822  -79.997       2.2706
-117.822  -76.839       2.3902
-117.822  -73.681       2.6319
-117.822  -70.523       3.7001
-117.822  -67.365       2.6319
-117.822  -64.207       4.1133
-117.822  -61.049       4.1133
-117.822  -57.890       4.1133
-117.822  -54.732       4.1133
-117.822  -51.574       4.1133
-117.822  -48.416       4.1133
-117.822  -45.258       4.1133
-117.822  -42.100       4.1133
-117.822  -38.942       4.1133
-117.822  -35.783       4.1133
-117.822  -32.625       4.1133
-117.822  -29.467       4.1133
-117.822  -26.309       4.1133
-117.822  -23.151       4.1133
-117.822  -19.993       4.1133
-117.822  -16.835       4.1133
-117.822  -13.677       3.0452
-117.822  -10.518       2.7406
-117.822   -7.360       2.3902
-117.822   -4.202       2.3902
-117.822   -1.044       2.1268
-117.822    2.114       1.9448
-117.822    5.272       1.8851
-117.822    8.430       2.2706
-117.822   11.589       2.1268
-117.822   14.747       2.6319
-117.822   17.905       2.7406
-117.822   21.063       2.5400
-117.822   24.221       2.6319
-117.822   27.379       3.7001
-117.822   30.537       3.7001
-117.822   33.696       4.1133
-117.822   36.854       4.1133
-117.822   40.012       4.1133
-117.822   43.170       4.1133
-117.822   46.328       4.1133
-117.822   49.486       4.1133
-117.822   52.644       4.1133
-117.822   55.803       4.1133
-117.822   58.961       4.1133
-117.822   62.119       4.1133
-117.822   65.277       4.1133
-117.822   68.435       4.1133
-117.822   71.593       4.1133
-117.822   74.751       4.1133
-117.822   77.910       4.1133
-117.822   81.068       4.1133
-117.822   84.226       4.1133
-117.822   87.384       4.1133
-117.822   90.542       4.1133
-117.822   93.700       4.1133
-117.822   96.858       4.1133
-117.822  100.017       4.1133
-117.822  103.175       4.1133
-117.822  106.333       4.1133
-117.822  109.491       4.1133
-117.822  112.649       4.1133
-117.822  115.807       4.1133
-117.822  118.965       4.1133
-117.822  122.124       4.1133
-117.822  125.282       4.1133
-117.822  128.440       4.1133
-117.822  131.598       4.1133
-117.822  134.756       4.1133
-117.822  137.914       4.1133
-117.822  141.072       4.1133
-117.822  144.230       4.1133
-117.822  147.389       4.1133
-117.822  150.547       4.1133
-117.822  153.705       4.1133
-117.822  156.863       4.1133
-117.822  160.021       4.1133
-117.822  163.179       4.1133
-117.822  166.337       4.1133
-117.822  169.496       4.1133
-117.822  172.654       4.1133
-117.822  175.812       4.1133
-117.822  178.970       4.1133
-117.822  182.128       4.1133
-117.822  185.286       4.1133
-117.822  188.444       4.1133
-117.822  191.603       4.1133
-117.822  194.761       4.1133
-117.822  197.919       4.1133
-117.822  201.077       4.1133
-117.822  204.235       4.1133
-117.822  207.393       4.1133
-117.822  210.551       4.1133
-117.822  213.710       4.1133
-117.822  216.868       4.1133
-117.822  220.026       4.1133
-114.233  -92.630       3.0452
-114.233  -89.472       2.4604
-114.233  -86.314       1.9142
-114.233  -83.156       1.6927
-114.233  -79.997       1.5806
-114.233  -76.839       1.4048
-114.233  -73.681       1.7812
-114.233  -70.523       1.7578
-114.233  -67.365       2.5400
-114.233  -64.207       3.7001
-114.233  -61.049       4.1133
-114.233  -57.890       4.1133
-114.233  -54.732       4.1133
-114.233  -51.574       4.1133
-114.233  -48.416       4.1133
-114.233  -45.258       4.1133
-114.233  -42.100       4.1133
-114.233  -38.942       4.1133
-114.233  -35.783       4.1133
-114.233  -32.625       4.1133
-114.233  -29.467       4.1133
-114.233  -26.309       4.1133
-114.233  -23.151       4.1133
-114.233  -19.993       4.1133
-114.233  -16.835       4.1133
-114.233  -13.677       3.7001
-114.233  -10.518       2.2706
-114.233   -7.360       2.2706
-114.233   -4.202       2.7406
-114.233   -1.044       2.1268
-114.233    2.114       1.9448
-114.233    5.272       1.7353
-114.233    8.430       2.0857
-114.233   11.589       2.6319
-114.233   14.747       2.7406
-114.233   17.905       2.5400
-114.233   21.063       2.5400
-114.233   24.221       2.7406
-114.233   27.379       3.2869
-114.233   30.537       4.1133
-114.233   33.696       4.1133
-114.233   36.854       4.1133
-114.233   40.012       4.1133
-114.233   43.170       4.1133
-114.233   46.328       4.1133
-114.233   49.486       4.1133
-114.233   52.644       4.1133
-114.233   55.803       4.1133
-114.233   58.961       4.1133
-114.233   62.119       4.1133
-114.233   65.277       4.1133
-114.233   68.435       4.1133
-114.233   71.593       4.1133
-114.233   74.751       4.1133
-114.233   77.910       4.1133
-114.233   81.068       4.1133
-114.233   84.226       4.1133
-114.233   87.384       4.1133
-114.233   90.542       4.1133
-114.233   93.700       4.1133
-114.233   96.858       4.1133
-114.233  100.017       4.1133
-114.233  103.175       4.1133
-114.233  106.333       4.1133
-114.233  109.491       4.1133
-114.233  112.649       4.1133
-114.233  115.807       4.1133
-114.233  118.965       4.1133
-114.233  122.124       4.1133
-114.233  125.282       4.1133
-114.233  128.440       4.1133
-114.233  131.598       4.1133
-114.233  134.756       4.1133
-114.233  137.914       4.1133
-114.233  141.072       4.1133
-114.233  144.230       4.1133
-114.233  147.389       4.1133
-114.233  150.547       4.1133
-114.233  153.705       4.1133
-114.233  156.863       4.1133
-114.233  160.021       4.1133
-114.233  163.179       4.1133
-114.233  166.337       4.1133
-114.233  169.496       4.1133
-114.233  172.654       4.1133
-114.233  175.812       4.1133
-114.233  178.970       4.1133
-114.233  182.128       4.1133
-114.233  185.286       4.1133
-114.233  188.444       4.1133
-114.233  191.603       4.1133
-114.233  194.761       4.1133
-114.233  197.919       4.1133
-114.233  201.077       4.1133
-114.233  204.235       4.1133
-114.233  207.393       4.1133
-114.233  210.551       4.1133
-114.233  213.710       4.1133
-114.233  216.868       4.1133
-114.233  220.026       4.1133
-110.645  -92.630       3.7001
-110.645  -89.472       2.3902
-110.645  -86.314       2.0857
-110.645  -83.156       1.8574
-110.645  -79.997       1.6725
-110.645  -76.839       1.7136
-110.645  -73.681       1.6927
-110.645  -70.523       1.7353
-110.645  -67.365       2.3274
-110.645  -64.207       4.1133
-110.645  -61.049       4.1133
-110.645  -57.890       4.1133
-110.645  -54.732       4.1133
-110.645  -51.574       4.1133
-110.645  -48.416       4.1133
-110.645  -45.258       4.1133
-110.645  -42.100       4.1133
-110.645  -38.942       4.1133
-110.645  -35.783       4.1133
-110.645  -32.625       4.1133
-110.645  -29.467       4.1133
-110.645  -26.309       4.1133
-110.645  -23.151       4.1133
-110.645  -19.993       4.1133
-110.645  -16.835       4.1133
-110.645  -13.677       3.2869
-110.645  -10.518       2.7406
-110.645   -7.360       2.8737
-110.645   -4.202       3.2869
-110.645   -1.044       4.1133
-110.645    2.114       2.8737
-110.645    5.272       3.0452
-110.645    8.430       3.7001
-110.645   11.589       4.1133
-110.645   14.747       4.1133
-110.645   17.905       3.7001
-110.645   21.063       3.2869
-110.645   24.221       4.1133
-110.645   27.379       4.1133
-110.645   30.537       4.1133
-110.645   33.696       4.1133
-110.645   36.854       4.1133
-110.645   40.012       4.1133
-110.645   43.170       4.1133
-110.645   46.328       4.1133
-110.645   49.486       4.1133
-110.645   52.644       4.1133
-110.645   55.803       4.1133
-110.645   58.961       4.1133
-110.645   62.119       4.1133
-110.645   65.277       4.1133
-110.645   68.435       4.1133
-110.645   71.593       4.1133
-110.645   74.751       4.1133
-110.645   77.910       4.1133
-110.645   81.068       4.1133
-110.645   84.226       4.1133
-110.645   87.384       4.1133
-110.645   90.542       4.1133
-110.645   93.700       4.1133
-110.645   96.858       4.1133
-110.645  100.017       4.1133
-110.645  103.175       4.1133
-110.645  106.333       4.1133
-110.645  109.491       4.1133
-110.645  112.649       4.1133
-110.645  115.807       4.1133
-110.645  118.965       4.1133
-110.645  122.124       4.1133
-110.645  125.282       4.1133
-110.645  128.440       4.1133
-110.645  131.598       4.1133
-110.645  134.756       4.1133
-110.645  137.914       4.1133
-110.645  141.072       4.1133
-110.645  144.230       4.1133
-110.645  147.389       4.1133
-110.645  150.547       4.1133
-110.645  153.705       4.1133
-110.645  156.863       4.1133
-110.645  160.021       4.1133
-110.645  163.179       4.1133
-110.645  166.337       4.1133
-110.645  169.496       4.1133
-110.645  172.654       4.1133
-110.645  175.812       4.1133
-110.645  178.970       4.1133
-110.645  182.128       4.1133
-110.645  185.286       4.1133
-110.645  188.444       4.1133
-110.645  191.603       4.1133
-110.645  194.761       4.1133
-110.645  197.919       4.1133
-110.645  201.077       4.1133
-110.645  204.235       4.1133
-110.645  207.393       4.1133
-110.645  210.551       4.1133
-110.645  213.710       4.1133
-110.645  216.868       4.1133
-110.645  220.026       4.1133
-107.056  -92.630       4.1133
-107.056  -89.472       2.3902
-107.056  -86.314       2.3902
-107.056  -83.156       2.0472
-107.056  -79.997       2.2706
-107.056  -76.839       2.2706
-107.056  -73.681       1.8851
-107.056  -70.523       1.8851
-107.056  -67.365       1.6529
-107.056  -64.207       2.2187
-107.056  -61.049       2.0111
-107.056  -57.890       2.8737
-107.056  -54.732       4.1133
-107.056  -51.574       4.1133
-107.056  -48.416       4.1133
-107.056  -45.258       4.1133
-107.056  -42.100       4.1133
-107.056  -38.942       4.1133
-107.056  -35.783       4.1133
-107.056  -32.625       4.1133
-107.056  -29.467       4.1133
-107.056  -26.309       4.1133
-107.056  -23.151       4.1133
-107.056  -19.993       4.1133
-107.056  -16.835       4.1133
-107.056  -13.677       2.3902
-107.056  -10.518       2.7406
-107.056   -7.360       3.2869
-107.056   -4.202       4.1133
-107.056   -1.044       4.1133
-107.056    2.114       4.1133
-107.056    5.272       4.1133
-107.056    8.430       4.1133
-107.056   11.589       4.1133
-107.056   14.747       4.1133
-107.056   17.905       4.1133
-107.056   21.063       4.1133
-107.056   24.221       4.1133
-107.056   27.379       4.1133
-107.056   30.537       4.1133
-107.056   33.696       4.1133
-107.056   36.854       4.1133
-107.056   40.012       4.1133
-107.056   43.170       4.1133
-107.056   46.328       4.1133
-107.056   49.486       4.1133
-107.056   52.644       4.1133
-107.056   55.803       4.1133
-107.056   58.961       4.1133
-107.056   62.119       4.1133
-107.056   65.277       4.1133
-107.056   68.435       4.1133
-107.056   71.593       4.1133
-107.056   74.751       4.1133
-107.056   77.910       4.1133
-107.056   81.068       4.1133
-107.056   84.226       4.1133
-107.056   87.384       4.1133
-107.056   90.542       4.1133
-107.056   93.700       4.1133
-107.056   96.858       4.1133
-107.056  100.017       4.1133
-107.056  103.175       4.1133
-107.056  106.333       4.1133
-107.056  109.491       4.1133
-107.056  112.649       4.1133
-107.056  115.807       4.1133
-107.056  118.965       4.1133
-107.056  122.124       4.1133
-107.056  125.282       4.1133
-107.056  128.440       4.1133
-107.056  131.598       4.1133
-107.056  134.756       4.1133
-107.056  137.914       4.1133
-107.056  141.072       4.1133
-107.056  144.230       4.1133
-107.056  147.389       4.1133
-107.056  150.547       4.1133
-107.056  153.705       4.1133
-107.056  156.863       4.1133
-107.056  160.021       4.1133
-107.056  163.179       4.1133
-107.056  166.337       4.1133
-107.056  169.496       4.1133
-107.056  172.654       4.1133
-107.056  175.812       4.1133
-107.056  178.970       4.1133
-107.056  182.128       4.1133
-107.056  185.286       4.1133
-107.056  188.444       4.1133
-107.056  191.603       4.1133
-107.056  194.761       4.1133
-107.056  197.919       4.1133
-107.056  201.077       4.1133
-107.056  204.235       4.1133
-107.056  207.393       4.1133
-107.056  210.551       4.1133
-107.056  213.710       4.1133
-107.056  216.868       4.1133
-107.056  220.026       4.1133
-103.468  -92.630       4.1133
-103.468  -89.472       3.7001
-103.468  -86.314       2.3274
-103.468  -83.156       1.7136
-103.468  -79.997       2.1710
-103.468  -76.839       2.5400
-103.468  -73.681       2.0472
-103.468  -70.523       1.6725
-103.468  -67.365       2.0472
-103.468  -64.207       1.7812
-103.468  -61.049       2.2706
-103.468  -57.890       3.0452
-103.468  -54.732       3.7001
-103.468  -51.574       4.1133
-103.468  -48.416       4.1133
-103.468  -45.258       4.1133
-103.468  -42.100       4.1133
-103.468  -38.942       4.1133
-103.468  -35.783       4.1133
-103.468  -32.625       4.1133
-103.468  -29.467       4.1133
-103.468  -26.309       4.1133
-103.468  -23.151       4.1133
-103.468  -19.993       4.1133
-103.468  -16.835       4.1133
-103.468  -13.677       4.1133
-103.468  -10.518       2.6319
-103.468   -7.360       4.1133
-103.468   -4.202       4.1133
-103.468   -1.044       4.1133
-103.468    2.114       4.1133
-103.468    5.272       4.1133
-103.468    8.430       4.1133
-103.468   11.589       4.1133
-103.468   14.747       4.1133
-103.468   17.905       4.1133
-103.468   21.063       4.1133
-103.468   24.221       4.1133
-103.468   27.379       4.1133
-103.468   30.537       4.1133
-103.468   33.696       4.1133
-103.468   36.854       4.1133
-103.468   40.012       4.1133
-103.468   43.170       4.1133
-103.468   46.328       4.1133
-103.468   49.486       4.1133
-103.468   52.644       4.1133
-103.468   55.803       4.1133
-103.468   58.961       4.1133
-103.468   62.119       4.1133
-103.468   65.277       4.1133
-103.468   68.435       4.1133
-103.468   71.593       4.1133
-103.468   74.751       4.1133
-103.468   77.910       4.1133
-103.468   81.068       4.1133
-103.468   84.226       4.1133
-103.468   87.384       4.1133
-103.468   90.542       4.1133
-103.468   93.700       4.1133
-103.468   96.858       4.1133
-103.468  100.017       4.1133
-103.468  103.175       4.1133
-103.468  106.333       4.1133
-103.468  109.491       4.1133
-103.468  112.649       4.1133
-103.468  115.807       4.1133
-103.468  118.965       4.1133
-103.468  122.124       4.1133
-103.468  125.282       4.1133
-103.468  128.440       4.1133
-103.468  131.598       4.1133
-103.468  134.756       4.1133
-103.468  137.914       4.1133
-103.468  141.072       4.1133
-103.468  144.230       4.1133
-103.468  147.389       4.1133
-103.468  150.547       4.1133
-103.468  153.705       4.1133
-103.468  156.863       4.1133
-103.468  160.021       4.1133
-103.468  163.179       4.1133
-103.468  166.337       4.1133
-103.468  169.496       4.1133
-103.468  172.654       4.1133
-103.468  175.812       4.1133
-103.468  178.970       4.1133
-103.468  182.128       4.1133
-103.468  185.286       4.1133
-103.468  188.444       4.1133
-103.468  191.603       4.1133
-103.468  194.761       4.1133
-103.468  197.919       4.1133
-103.468  201.077       4.1133
-103.468  204.235       4.1133
-103.468  207.393       4.1133
-103.468  210.551       4.1133
-103.468  213.710       4.1133
-103.468  216.868       4.1133
-103.468  220.026       4.1133
 -99.880  -92.630       4.1133
 -99.880  -89.472       4.1133
 -99.880  -86.314       3.2869
 -99.880  -83.156       1.9448
 -99.880  -79.997       1.8851
 -99.880  -76.839       2.8737
 -99.880  -73.681       2.5400
 -99.880  -70.523       2.0857
 -99.880  -67.365       2.1268
 -99.880  -64.207       1.8851
 -99.880  -61.049       3.0452
 -99.880  -57.890       4.1133
 -99.880  -54.732       4.1133
 -99.880  -51.574       4.1133
 -99.880  -48.416       4.1133
 -99.880  -45.258       4.1133
 -99.880  -42.100       4.1133
 -99.880  -38.942       4.1133
 -99.880  -35.783       4.1133
 -99.880  -32.625       4.1133
 -99.880  -29.467       4.1133
 -99.880  -26.309       4.1133
 -99.880  -23.151       3.2869
 -99.880  -19.993       3.2869
 -99.880  -16.835       4.1133
 -99.880  -13.677       3.2869
 -99.880  -10.518       3.0452
 -99.880   -7.360       3.7001
 -99.880   -4.202       4.1133
 -99.880   -1.044       4.1133
 -99.880    2.114       4.1133
 -99.880    5.272       4.1133
 -99.880    8.430       4.1133
 -99.880   11.589       4.1133
 -99.880   14.747       4.1133
 -99.880   17.905       4.1133
 -99.880   21.063       4.1133
 -99.880   24.221       4.1133
 -99.880   27.379       4.1133
 -99.880   30.537       4.1133
 -99.880   33.696       4.1133
 -99.880   36.854       4.1133
 -99.880   40.012       4.1133
 -99.880   43.170       4.1133
 -99.880   46.328       4.1133
 -99.880   49.486       4.1133
 -99.880   52.644       4.1133
 -99.880   55.803       4.1133
 -99.880   58.961       4.1133
 -99.880   62.119       4.1133
 -99.880   65.277       4.1133
 -99.880   68.435       4.1133
 -99.880   71.593       4.1133
 -99.880   74.751       4.1133
 -99.880   77.910       4.1133
 -99.880   81.068       4.1133
 -99.880   84.226       4.1133
 -99.880   87.384       4.1133
 -99.880   90.542       4.1133
 -99.880   93.700       4.1133
 -99.880   96.858       4.1133
 -99.880  100.017       4.1133
 -99.880  103.175       4.1133
 -99.880  106.333       4.1133
 -99.880  109.491       4.1133
 -99.880  112.649       4.1133
 -99.880  115.807       4.1133
 -99.880  118.965       4.1133
 -99.880  122.124       4.1133
 -99.880  125.282       4.1133
 -99.880  128.440       4.1133
 -99.880  131.598       4.1133
 -99.880  134.756       4.1133
 -99.880  137.914       4.1133
 -99.880  141.072       4.1133
 -99.880  144.230       4.1133
 -99.880  147.389       4.1133
 -99.880  150.547       4.1133
 -99.880  153.705       4.1133
 -99.880  156.863       4.1133
 -99.880  160.021       4.1133
 -99.880  163.179       4.1133
 -99.880  166.337       4.1133
 -99.880  169.496       4.1133
 -99.880  172.654       4.1133
 -99.880  175.812       4.1133
 -99.880  178.970       4.1133
 -99.880  182.128       4.1133
 -99.880  185.286       4.1133
 -99.880  188.444       4.1133
 -99.880  191.603       4.1133
 -99.880  194.761       4.1133
 -99.880  197.919       4.1133
 -99.880  201.077       4.1133
 -99.880  204.235       4.1133
 -99.880  207.393       4.1133
 -99.880  210.551       4.1133
 -99.880  213.710       4.1133
 -99.880  216.868       4.1133
 -99.880  220.026       4.1133
 -96.291  -92.630       4.1133
 -96.291  -89.472       4.1133
 -96.291  -86.314       4.1133
 -96.291  -83.156       2.8737
 -96.291  -79.997       2.6319
 -96.291  -76.839       2.3274
 -96.291  -73.681       4.1133
 -96.291  -70.523       2.7406
 -96.291  -67.365       3.0452
 -96.291  -64.207       2.8737
 -96.291  -61.049       4.1133
 -96.291  -57.890       4.1133
 -96.291  -54.732       4.1133
 -96.291  -51.574       4.1133
 -96.291  -48.416       4.1133
 -96.291  -45.258       4.1133
 -96.291  -42.100       4.1133
 -96.291  -38.942       4.1133
 -96.291  -35.783       4.1133
 -96.291  -32.625       4.1133
 -96.291  -29.467       4.1133
 -96.291  -26.309       3.7001
 -96.291  -23.151       2.5400
 -96.291  -19.993       2.6319
 -96.291  -16.835       2.3274
 -96.291  -13.677       2.4604
 -96.291  -10.518       4.1133
 -96.291   -7.360       3.7001
 -96.291   -4.202       2.3902
 -96.291   -1.044       2.7406
 -96.291    2.114       4.1133
 -96.291    5.272       4.1133
 -96.291    8.430       4.1133
 -96.291   11.589       4.1133
 -96.291   14.747       4.1133
 -96.291   17.905       4.1133
 -96.291   21.063       4.1133
 -96.291   24.221       4.1133
 -96.291   27.379       4.1133
 -96.291   30.537       4.1133
 -96.291   33.696       4.1133
 -96.291   36.854       4.1133
 -96.291   40.012       4.1133
 -96.291   43.170       4.1133
 -96.291   46.328       4.1133
 -96.291   49.486       4.1133
 -96.291   52.644       4.1133
 -96.291   55.803       4.1133
 -96.291   58.961       4.1133
 -96.291   62.119       4.1133
 -96.291   65.277       4.1133
 -96.291   68.435       4.1133
 -96.291   71.593       4.1133
 -96.291   74.751       4.1133
 -96.291   77.910       4.1133
 -96.291   81.068       4.1133
 -96.291   84.226       4.1133
 -96.291   87.384       4.1133
 -96.291   90.542       4.1133
 -96.291   93.700       4.1133
 -96.291   96.858       4.1133
 -96.291  100.017       4.1133
 -96.291  103.175       4.1133
 -96.291  106.333       4.1133
 -96.291  109.491       4.1133
 -96.291  112.649       4.1133
 -96.291  115.807       4.1133
 -96.291  118.965       4.1133
 -96.291  122.124       4.1133
 -96.291  125.282       4.1133
 -96.291  128.440       4.1133
 -96.291  131.598       4.1133
 -96.291  134.756       4.1133
 -96.291  137.914       4.1133
 -96.291  141.072       4.1133
 -96.291  144.230       4.1133
 -96.291  147.389       4.1133
 -96.291  150.547       4.1133
 -96.291  153.705       4.1133
 -96.291  156.863       4.1133
 -96.291  160.021       4.1133
 -96.291  163.179       4.1133
 -96.291  166.337       4.1133
 -96.291  169.496       4.1133
 -96.291  172.654       4.1133
 -96.291  175.812       4.1133
 -96.291  178.970       4.1133
 -96.291  182.128       4.1133
 -96.291  185.286       4.1133
 -96.291  188.444       4.1133
 -96.291  191.603       4.1133
 -96.291  194.761       4.1133
 -96.291  197.919       4.1133
 -96.291  201.077       4.1133
 -96.291  204.235       4.1133
 -96.291  207.393       4.1133
 -96.291  210.551       4.1133
 -96.291  213.710       4.1133
 -96.291  216.868       4.1133
 -96.291  220.026       4.1133
 -92.703  -92.630       4.1133
 -92.703  -89.472       4.1133
 -92.703  -86.314       4.1133
 -92.703  -83.156       4.1133
 -92.703  -79.997       4.1133
 -92.703  -76.839       4.1133
 -92.703  -73.681       4.1133
 -92.703  -70.523       3.2869
 -92.703  -67.365       2.8737
 -92.703  -64.207       3.2869
 -92.703  -61.049       4.1133
 -92.703  -57.890       4.1133
 -92.703  -54.732       4.1133
 -92.703  -51.574       4.1133
 -92.703  -48.416       4.1133
 -92.703  -45.258       4.1133
 -92.703  -42.100       4.1133
 -92.703  -38.942       4.1133
 -92.703  -35.783       4.1133
 -92.703  -32.625       4.1133
 -92.703  -29.467       4.1133
 -92.703  -26.309       3.7001
 -92.703  -23.151       2.3902
 -92.703  -19.993       2.0472
 -92.703  -16.835       2.0472
 -92.703  -13.677       2.2706
 -92.703  -10.518       2.8737
 -92.703   -7.360       3.7001
 -92.703   -4.202       2.2187
 -92.703   -1.044       2.6319
 -92.703    2.114       3.7001
 -92.703    5.272       4.1133
 -92.703    8.430       4.1133
 -92.703   11.589       4.1133
 -92.703   14.747       4.1133
 -92.703   17.905       4.1133
 -92.703   21.063       4.1133
 -92.703   24.221       4.1133
 -92.703   27.379       4.1133
 -92.703   30.537       4.1133
 -92.703   33.696       4.1133
 -92.703   36.854       4.1133
 -92.703   40.012       4.1133
 -92.703   43.170       4.1133
 -92.703   46.328       4.1133
 -92.703   49.486       4.1133
 -92.703   52.644       4.1133
 -92.703   55.803       4.1133
 -92.703   58.961       4.1133
 -92.703   62.119       4.1133
 -92.703   65.277       4.1133
 -92.703   68.435       4.1133
 -92.703   71.593       4.1133
 -92.703   74.751       4.1133
 -92.703   77.910       4.1133
 -92.703   81.068       4.1133
 -92.703   84.226       4.1133
 -92.703   87.384       4.1133
 -92.703   90.542       4.1133
 -92.703   93.700       4.1133
 -92.703   96.858       4.1133
 -92.703  100.017       4.1133
 -92.703  103.175       4.1133
 -92.703  106.333       4.1133
 -92.703  109.491       4.1133
 -92.703  112.649       4.1133
 -92.703  115.807       4.1133
 -92.703  118.965       4.1133
 -92.703  122.124       4.1133
 -92.703  125.282       4.1133
 -92.703  128.440       4.1133
 -92.703  131.598       4.1133
 -92.703  134.756       4.1133
 -92.703  137.914       4.1133
 -92.703  141.072       4.1133
 -92.703  144.230       4.1133
 -92.703  147.389       4.1133
 -92.703  150.547       4.1133
 -92.703  153.705       4.1133
 -92.703  156.863       4.1133
 -92.703  160.021       4.1133
 -92.703  163.179       4.1133
 -92.703  166.337       4.1133
 -92.703  169.496       4.1133
 -92.703  172.654       4.1133
 -92.703  175.812       4.1133
 -92.703  178.970       4.1133
 -92.703  182.128       4.1133
 -92.703  185.286       4.1133
 -92.703  188.444       4.1133
 -92.703  191.603       4.1133
 -92.703  194.761       4.1133
 -92.703  197.919       4.1133
 -92.703  201.077       4.1133
 -92.703  204.235       4.1133
 -92.703  207.393       4.1133
 -92.703  210.551       4.1133
 -92.703  213.710       4.1133
 -92.703  216.868       4.1133
 -92.703  220.026       4.1133
 -89.114  -92.630       4.1133
 -89.114  -89.472       4.1133
 -89.114  -86.314       4.1133
 -89.114  -83.156       4.1133
 -89.114  -79.997       4.1133
 -89.114  -76.839       3.0452
 -89.114  -73.681       3.2869
 -89.114  -70.523       3.0452
 -89.114  -67.365       2.8737
 -89.114  -64.207       4.1133
 -89.114  -61.049       4.1133
 -89.114  -57.890       4.1133
 -89.114  -54.732       4.1133
 -89.114  -51.574       4.1133
 -89.114  -48.416       4.1133
 -89.114  -45.258       4.1133
 -89.114  -42.100       4.1133
 -89.114  -38.942       4.1133
 -89.114  -35.783       4.1133
 -89.114  -32.625       4.1133
 -89.114  -29.467       4.1133
 -89.114  -26.309       4.1133
 -89.114  -23.151       2.2706
 -89.114  -19.993       2.0111
 -89.114  -16.835       1.7136
 -89.114  -13.677       2.2706
 -89.114  -10.518       2.0857
 -89.114   -7.360       2.4604
 -89.114   -4.202       2.2187
 -89.114   -1.044       2.5400
 -89.114    2.114       3.2869
 -89.114    5.272       4.1133
 -89.114    8.430       4.1133
 -89.114   11.589       4.1133
 -89.114   14.747       4.1133
 -89.114   17.905       4.1133
 -89.114   21.063       4.1133
 -89.114   24.221       4.1133
 -89.114   27.379       4.1133
 -89.114   30.537       4.1133
 -89.114   33.696       4.1133
 -89.114   36.854       4.1133
 -89.114   40.012       4.1133
 -89.114   43.170       4.1133
 -89.114   46.328       4.1133
 -89.114   49.486       4.1133
 -89.114   52.644       4.1133
 -89.114   55.803       4.1133
 -89.114   58.961       4.1133
 -89.114   62.119       4.1133
 -89.114   65.277       4.1133
 -89.114   68.435       4.1133
 -89.114   71.593       4.1133
 -89.114   74.751       4.1133
 -89.114   77.910       4.1133
 -89.114   81.068       4.1133
 -89.114   84.226       4.1133
 -89.114   87.384       4.1133
 -89.114   90.542       4.1133
 -89.114   93.700       4.1133
 -89.114   96.858       4.1133
 -89.114  100.017       4.1133
 -89.114  103.175       4.1133
 -89.114  106.333       4.1133
 -89.114  109.491       4.1133
 -89.114  112.649       4.1133
 -89.114  115.807       4.1133
 -89.114  118.965       4.1133
 -89.114  122.124       4.1133
 -89.114  125.282       4.1133
 -89.114  128.440       4.1133
 -89.114  131.598       4.1133
 -89.114  134.756       4.1133
 -89.114  137.914       4.1133
 -89.114  141.072       4.1133
 -89.114  144.230       4.1133
 -89.114  147.389       4.1133
 -89.114  150.547       4.1133
 -89.114  153.705       4.1133
 -89.114  156.863       4.1133
 -89.114  160.021       4.1133
 -89.114  163.179       4.1133
 -89.114  166.337       4.1133
 -89.114  169.496       4.1133
 -89.114  172.654       4.1133
 -89.114  175.812       4.1133
 -89.114  178.970       4.1133
 -89.114  182.128       4.1133
 -89.114  185.286       4.1133
 -89.114  188.444       4.1133
 -89.114  191.603       4.1133
 -89.114  194.761       4.1133
 -89.114  197.919       4.1133
 -89.114  201.077       4.1133
 -89.114  204.235       4.1133
 -89.114  207.393       4.1133
 -89.114  210.551       4.1133
 -89.114  213.710       4.1133
 -89.114  216.868       4.1133
 -89.114  220.026       4.1133
 -85.526  -92.630       4.1133
 -85.526  -89.472       4.1133
 -85.526  -86.314       4.1133
 -85.526  -83.156       4.1133
 -85.526  -79.997       4.1133
 -85.526  -76.839       3.2869
 -85.526  -73.681       2.6319
 -85.526  -70.523       3.0452
 -85.526  -67.365       3.0452
 -85.526  -64.207       3.0452
 -85.526  -61.049       3.7001
 -85.526  -57.890       4.1133
 -85.526  -54.732       4.1133
 -85.526  -51.574       3.7001
 -85.526  -48.416       3.7001
 -85.526  -45.258       4.1133
 -85.526  -42.100       4.1133
 -85.526  -38.942       4.1133
 -85.526  -35.783       4.1133
 -85.526  -32.625       4.1133
 -85.526  -29.467       4.1133
 -85.526  -26.309       4.1133
 -85.526  -23.151       3.2869
 -85.526  -19.993       2.7406
 -85.526  -16.835       2.1710
 -85.526  -13.677       1.8851
 -85.526  -10.518       1.8851
 -85.526   -7.360       2.0472
 -85.526   -4.202       2.6319
 -85.526   -1.044       3.0452
 -85.526    2.114       4.1133
 -85.526    5.272       4.1133
 -85.526    8.430       4.1133
 -85.526   11.589       4.1133
 -85.526   14.747       4.1133
 -85.526   17.905       4.1133
 -85.526   21.063       4.1133
 -85.526   24.221       4.1133
 -85.526   27.379       4.1133
 -85.526   30.537       4.1133
 -85.526   33.696       4.1133
 -85.526   36.854       4.1133
 -85.526   40.012       4.1133
 -85.526   43.170       4.1133
 -85.526   46.328       4.1133
 -85.526   49.486       4.1133
 -85.526   52.644       4.1133
 -85.526   55.803       4.1133
 -85.526   58.961       4.1133
 -85.526   62.119       4.1133
 -85.526   65.277       4.1133
 -85.526   68.435       4.1133
 -85.526   71.593       4.1133
 -85.526   74.751       4.1133
 -85.526   77.910       4.1133
 -85.526   81.068       4.1133
 -85.526   84.226       4.1133
 -85.526   87.384       4.1133
 -85.526   90.542       4.1133
 -85.526   93.700       4.1133
 -85.526   96.858       4.1133
 -85.526  100.017       4.1133
 -85.526  103.175       4.1133
 -85.526  106.333       4.1133
 -85.526  109.491       4.1133
 -85.526  112.649       4.1133
 -85.526  115.807       4.1133
 -85.526  118.965       4.1133
 -85.526  122.124       4.1133
 -85.526  125.282       4.1133
 -85.526  128.440       4.1133
 -85.526  131.598       4.1133
 -85.526  134.756       4.1133
 -85.526  137.914       4.1133
 -85.526  141.072       4.1133
 -85.526  144.230       4.1133
 -85.526  147.389       4.1133
 -85.526  150.547       4.1133
 -85.526  153.705       4.1133
 -85.526  156.863       4.1133
 -85.526  160.021       4.1133
 -85.526  163.179       4.1133
 -85.526  166.337       4.1133
 -85.526  169.496       4.1133
 -85.526  172.654       4.1133
 -85.526  175.812       4.1133
 -85.526  178.970       4.1133
 -85.526  182.128       4.1133
 -85.526  185.286       4.1133
 -85.526  188.444       4.1133
 -85.526  191.603       4.1133
 -85.526  194.761       4.1133
 -85.526  197.919       4.1133
 -85.526  201.077       4.1133
 -85.526  204.235       4.1133
 -85.526  207.393       4.1133
 -85.526  210.551       4.1133
 -85.526  213.710       4.1133
 -85.526  216.868       4.1133
 -85.526  220.026       4.1133
 -81.937  -92.630       4.1133
 -81.937  -89.472       4.1133
 -81.937  -86.314       4.1133
 -81.937  -83.156       4.1133
 -81.937  -79.997       4.1133
 -81.937  -76.839       2.7406
 -81.937  -73.681       1.9770
 -81.937  -70.523       1.9770
 -81.937  -67.365       2.7406
 -81.937  -64.207       2.8737
 -81.937  -61.049       2.7406
 -81.937  -57.890       2.8737
 -81.937  -54.732       2.6319
 -81.937  -51.574       2.8737
 -81.937  -48.416       2.7406
 -81.937  -45.258       4.1133
 -81.937  -42.100       4.1133
 -81.937  -38.942       4.1133
 -81.937  -35.783       4.1133
 -81.937  -32.625       4.1133
 -81.937  -29.467       4.1133
 -81.937  -26.309       4.1133
 -81.937  -23.151       3.2869
 -81.937  -19.993       2.3274
 -81.937  -16.835       2.2706
 -81.937  -13.677       2.8737
 -81.937  -10.518       2.1710
 -81.937   -7.360       2.1268
 -81.937   -4.202       2.0472
 -81.937   -1.044       2.7406
 -81.937    2.114       4.1133
 -81.937    5.272       4.1133
 -81.937    8.430       4.1133
 -81.937   11.589       4.1133
 -81.937   14.747       4.1133
 -81.937   17.905       4.1133
 -81.937   21.063       4.1133
 -81.937   24.221       4.1133
 -81.937   27.379       4.1133
 -81.937   30.537       4.1133
 -81.937   33.696       4.1133
 -81.937   36.854       4.1133
 -81.937   40.012       4.1133
 -81.937   43.170       4.1133
 -81.937   46.328       4.1133
 -81.937   49.486       4.1133
 -81.937   52.644       4.1133
 -81.937   55.803       4.1133
 -81.937   58.961       4.1133
 -81.937   62.119       4.1133
 -81.937   65.277       4.1133
 -81.937   68.435       4.1133
 -81.937   71.593       4.1133
 -81.937   74.751       4.1133
 -81.937   77.910       4.1133
 -81.937   81.068       4.1133
 -81.937   84.226       4.1133
 -81.937   87.384       4.1133
 -81.937   90.542       4.1133
 -81.937   93.700       4.1133
 -81.937   96.858       4.1133
 -81.937  100.017       4.1133
 -81.937  103.175       4.1133
 -81.937  106.333       4.1133
 -81.937  109.491       4.1133
 -81.937  112.649       4.1133
 -81.937  115.807       4.1133
 -81.937  118.965       4.1133
 -81.937  122.124       4.1133
 -81.937  125.282       4.1133
 -81.937  128.440       4.1133
 -81.937  131.598       4.1133
 -81.937  134.756       4.1133
 -81.937  137.914       4.1133
 -81.937  141.072       4.1133
 -81.937  144.230       4.1133
 -81.937  147.389       4.1133
 -81.937  150.547       4.1133
 -81.937  153.705       4.1133
 -81.937  156.863       4.1133
 -81.937  160.021       4.1133
 -81.937  163.179       4.1133
 -81.937  166.337       4.1133
 -81.937  169.496       4.1133
 -81.937  172.654       4.1133
 -81.937  175.812       4.1133
 -81.937  178.970       4.1133
 -81.937  182.128       4.1133
 -81.937  185.286       4.1133
 -81.937  188.444       4.1133
 -81.937  191.603       4.1133
 -81.937  194.761       4.1133
 -81.937  197.919       4.1133
 -81.937  201.077       4.1133
 -81.937  204.235       4.1133
 -81.937  207.393       4.1133
 -81.937  210.551       4.1133
 -81.937  213.710       4.1133
 -81.937  216.868       4.1133
 -81.937  220.026       4.1133
 -78.349  -92.630       4.1133
 -78.349  -89.472       4.1133
 -78.349  -86.314       4.1133
 -78.349  -83.156       4.1133
 -78.349  -79.997       4.1133
 -78.349  -76.839       2.8737
 -78.349  -73.681       2.8737
 -78.349  -70.523       2.7406
 -78.349  -67.365       2.7406
 -78.349  -64.207       3.7001
 -78.349  -61.049       4.1133
 -78.349  -57.890       2.6319
 -78.349  -54.732       2.2706
 -78.349  -51.574       2.0111
 -78.349  -48.416       3.2869
 -78.349  -45.258       4.1133
 -78.349  -42.100       4.1133
 -78.349  -38.942       4.1133
 -78.349  -35.783       4.1133
 -78.349  -32.625       4.1133
 -78.349  -29.467       4.1133
 -78.349  -26.309       4.1133
 -78.349  -23.151       2.8737
 -78.349  -19.993       2.8737
 -78.349  -16.835       4.1133
 -78.349  -13.677       3.7001
 -78.349  -10.518       2.6319
 -78.349   -7.360       2.7406
 -78.349   -4.202       2.4604
 -78.349   -1.044       2.6319
 -78.349    2.114       3.7001
 -78.349    5.272       4.1133
 -78.349    8.430       4.1133
 -78.349   11.589       4.1133
 -78.349   14.747       4.1133
 -78.349   17.905       4.1133
 -78.349   21.063       4.1133
 -78.349   24.221       4.1133
 -78.349   27.379       4.1133
 -78.349   30.537       4.1133
 -78.349   33.696       4.1133
 -78.349   36.854       4.1133
 -78.349   40.012       4.1133
 -78.349   43.170       4.1133
 -78.349   46.328       4.1133
 -78.349   49.486       4.1133
 -78.349   52.644       4.1133
 -78.349   55.803       4.1133
 -78.349   58.961       4.1133
 -78.349   62.119       4.1133
 -78.349   65.277       4.1133
 -78.349   68.435       4.1133
 -78.349   71.593       4.1133
 -78.349   74.751       4.1133
 -78.349   77.910       4.1133
 -78.349   81.068       4.1133
 -78.349   84.226       4.1133
 -78.349   87.384       4.1133
 -78.349   90.542       4.1133
 -78.349   93.700       4.1133
 -78.349   96.858       4.1133
 -78.349  100.017       4.1133
 -78.349  103.175       4.1133
 -78.349  106.333       4.1133
 -78.349  109.491       4.1133
 -78.349  112.649       4.1133
 -78.349  115.807       4.1133
 -78.349  118.965       4.1133
 -78.349  122.124       4.1133
 -78.349  125.282       4.1133
 -78.349  128.440       4.1133
 -78.349  131.598       4.1133
 -78.349  134.756       4.1133
 -78.349  137.914       4.1133
 -78.349  141.072       4.1133
 -78.349  144.230       4.1133
 -78.349  147.389       4.1133
 -78.349  150.547       4.1133
 -78.349  153.705       4.1133
 -78.349  156.863       4.1133
 -78.349  160.021       4.1133
 -78.349  163.179       4.1133
 -78.349  166.337       4.1133
 -78.349  169.496       4.1133
 -78.349  172.654       4.1133
 -78.349  175.812       4.1133
 -78.349  178.970       4.1133
 -78.349  182.128       4.1133
 -78.349  185.286       4.1133
 -78.349  188.444       4.1133
 -78.349  191.603       4.1133
 -78.349  194.761       4.1133
 -78.349  197.919       4.1133
 -78.349  201.077       4.1133
 -78.349  204.235       4.1133
 -78.349  207.393       4.1133
 -78.349  210.551       4.1133
 -78.349  213.710       4.1133
 -78.349  216.868       4.1133
 -78.349  220.026       4.1133
 -74.760  -92.630       4.1133
 -74.760  -89.472       4.1133
 -74.760  -86.314       4.1133
 -74.760  -83.156       4.1133
 -74.760  -79.997       4.1133
 -74.760  -76.839       4.1133
 -74.760  -73.681       4.1133
 -74.760  -70.523       3.0452
 -74.760  -67.365       3.7001
 -74.760  -64.207       2.6319
 -74.760  -61.049       2.5400
 -74.760  -57.890       2.1710
 -74.760  -54.732       2.0472
 -74.760  -51.574       2.1710
 -74.760  -48.416       4.1133
 -74.760  -45.258       3.2869
 -74.760  -42.100       3.2869
 -74.760  -38.942       4.1133
 -74.760  -35.783       4.1133
 -74.760  -32.625       4.1133
 -74.760  -29.467       4.1133
 -74.760  -26.309       4.1133
 -74.760  -23.151       3.2869
 -74.760  -19.993       3.2869
 -74.760  -16.835       4.1133
 -74.760  -13.677       3.0452
 -74.760  -10.518       2.5400
 -74.760   -7.360       2.1710
 -74.760   -4.202       3.0452
 -74.760   -1.044       2.7406
 -74.760    2.114       4.1133
 -74.760    5.272       4.1133
 -74.760    8.430       4.1133
 -74.760   11.589       4.1133
 -74.760   14.747       4.1133
 -74.760   17.905       4.1133
 -74.760   21.063       4.1133
 -74.760   24.221       4.1133
 -74.760   27.379       4.1133
 -74.760   30.537       4.1133
 -74.760   33.696       4.1133
 -74.760   36.854       4.1133
 -74.760   40.012       4.1133
 -74.760   43.170       4.1133
 -74.760   46.328       4.1133
 -74.760   49.486       4.1133
 -74.760   52.644       4.1133
 -74.760   55.803       4.1133
 -74.760   58.961       4.1133
 -74.760   62.119       4.1133
 -74.760   65.277       4.1133
 -74.760   68.435       4.1133
 -74.760   71.593       4.1133
 -74.760   74.751       4.1133
 -74.760   77.910       4.1133
 -74.760   81.068       4.1133
 -74.760   84.226       4.1133
 -74.760   87.384       4.1133
 -74.760   90.542       4.1133
 -74.760   93.700       4.1133
 -74.760   96.858       4.1133
 -74.760  100.017       4.1133
 -74.760  103.175       4.1133
 -74.760  106.333       4.1133
 -74.760  109.491       4.1133
 -74.760  112.649       4.1133
 -74.760  115.807       4.1133
 -74.760  118.965       4.1133
 -74.760  122.124       4.1133
 -74.760  125.282       4.1133
 -74.760  128.440       4.1133
 -74.760  131.598       4.1133
 -74.760  134.756       4.1133
 -74.760  137.914       4.1133
 -74.760  141.072       4.1133
 -74.760  144.230       4.1133
 -74.760  147.389       4.1133
 -74.760  150.547       4.1133
 -74.760  153.705       4.1133
 -74.760  156.863       4.1133
 -74.760  160.021       4.1133
 -74.760  163.179       4.1133
 -74.760  166.337       4.1133
 -74.760  169.496       4.1133
 -74.760  172.654       4.1133
 -74.760  175.812       4.1133
 -74.760  178.970       4.1133
 -74.760  182.128       4.1133
 -74.760  185.286       4.1133
 -74.760  188.444       4.1133
 -74.760  191.603       4.1133
 -74.760  194.761       4.1133
 -74.760  197.919       4.1133
 -74.760  201.077       4.1133
 -74.760  204.235       4.1133
 -74.760  207.393       4.1133
 -74.760  210.551       4.1133
 -74.760  213.710       4.1133
 -74.760  216.868       4.1133
 -74.760  220.026       4.1133
 -71.172  -92.630       4.1133
 -71.172  -89.472       4.1133
 -71.172  -86.314       4.1133
 -71.172  -83.156       4.1133
 -71.172  -79.997       4.1133
 -71.172  -76.839       4.1133
 -71.172  -73.681       4.1133
 -71.172  -70.523       4.1133
 -71.172  -67.365       3.2869
 -71.172  -64.207       2.7406
 -71.172  -61.049       1.9448
 -71.172  -57.890       1.9142
 -71.172  -54.732       2.0857
 -71.172  -51.574       2.4604
 -71.172  -48.416       2.4604
 -71.172  -45.258       2.1268
 -71.172  -42.100       1.9770
 -71.172  -38.942       2.8737
 -71.172  -35.783       4.1133
 -71.172  -32.625       4.1133
 -71.172  -29.467       4.1133
 -71.172  -26.309       4.1133
 -71.172  -23.151       2.8737
 -71.172  -19.993       2.5400
 -71.172  -16.835       2.8737
 -71.172  -13.677       2.4604
 -71.172  -10.518       2.2706
 -71.172   -7.360       2.0857
 -71.172   -4.202       1.9142
 -71.172   -1.044       1.9142
 -71.172    2.114       2.4604
 -71.172    5.272       3.2869
 -71.172    8.430       4.1133
 -71.172   11.589       4.1133
 -71.172   14.747       4.1133
 -71.172   17.905       4.1133
 -71.172   21.063       4.1133
 -71.172   24.221       4.1133
 -71.172   27.379       4.1133
 -71.172   30.537       4.1133
 -71.172   33.696       4.1133
 -71.172   36.854       4.1133
 -71.172   40.012       4.1133
 -71.172   43.170       4.1133
 -71.172   46.328       4.1133
 -71.172   49.486       4.1133
 -71.172   52.644       4.1133
 -71.172   55.803       4.1133
 -71.172   58.961       4.1133
 -71.172   62.119       4.1133
 -71.172   65.277       4.1133
 -71.172   68.435       4.1133
 -71.172   71.593       4.1133
 -71.172   74.751       4.1133
 -71.172   77.910       4.1133
 -71.172   81.068       4.1133
 -71.172   84.226       4.1133
 -71.172   87.384       4.1133
 -71.172   90.542       4.1133
 -71.172   93.700       4.1133
 -71.172   96.858       4.1133
 -71.172  100.017       4.1133
 -71.172  103.175       4.1133
 -71.172  106.333       4.1133
 -71.172  109.491       4.1133
 -71.172  112.649       4.1133
 -71.172  115.807       4.1133
 -71.172  118.965       4.1133
 -71.172  122.124       4.1133
 -71.172  125.282       4.1133
 -71.172  128.440       4.1133
 -71.172  131.598       4.1133
 -71.172  134.756       4.1133
 -71.172  137.914       4.1133
 -71.172  141.072       4.1133
 -71.172  144.230       4.1133
 -71.172  147.389       4.1133
 -71.172  150.547       4.1133
 -71.172  153.705       4.1133
 -71.172  156.863       4.1133
 -71.172  160.021       4.1133
 -71.172  163.179       4.1133
 -71.172  166.337       4.1133
 -71.172  169.496       4.1133
 -71.172  172.654       4.1133
 -71.172  175.812       4.1133
 -71.172  178.970       4.1133
 -71.172  182.128       4.1133
 -71.172  185.286       4.1133
 -71.172  188.444       4.1133
 -71.172  191.603       4.1133
 -71.172  194.761       4.1133
 -71.172  197.919       4.1133
 -71.172  201.077       4.1133
 -71.172  204.235       4.1133
 -71.172  207.393       4.1133
 -71.172  210.551       4.1133
 -71.172  213.710       4.1133
 -71.172  216.868       4.1133
 -71.172  220.026       4.1133
 -67.584  -92.630       4.1133
 -67.584  -89.472       4.1133
 -67.584  -86.314       4.1133
 -67.584  -83.156       4.1133
 -67.584  -79.997       4.1133
 -67.584  -76.839       4.1133
 -67.584  -73.681       4.1133
 -67.584  -70.523       4.1133
 -67.584  -67.365       4.1133
 -67.584  -64.207       3.2869
 -67.584  -61.049       2.1268
 -67.584  -57.890       1.7812
 -67.584  -54.732       1.8309
 -67.584  -51.574       1.5978
 -67.584  -48.416       1.8574
 -67.584  -45.258       2.5400
 -67.584  -42.100       2.4604
 -67.584  -38.942       2.7406
 -67.584  -35.783       2.5400
 -67.584  -32.625       2.6319
 -67.584  -29.467       4.1133
 -67.584  -26.309       4.1133
 -67.584  -23.151       3.0452
 -67.584  -19.993       2.2187
 -67.584  -16.835       2.0472
 -67.584  -13.677       1.9770
 -67.584  -10.518       1.8574
 -67.584   -7.360       1.8574
 -67.584   -4.202       2.4604
 -67.584   -1.044       2.2187
 -67.584    2.114       2.8737
 -67.584    5.272       2.6319
 -67.584    8.430       4.1133
 -67.584   11.589       4.1133
 -67.584   14.747       4.1133
 -67.584   17.905       4.1133
 -67.584   21.063       4.1133
 -67.584   24.221       4.1133
 -67.584   27.379       4.1133
 -67.584   30.537       4.1133
 -67.584   33.696       4.1133
 -67.584   36.854       4.1133
 -67.584   40.012       4.1133
 -67.584   43.170       4.1133
 -67.584   46.328       4.1133
 -67.584   49.486       4.1133
 -67.584   52.644       4.1133
 -67.584   55.803       4.1133
 -67.584   58.961       4.1133
 -67.584   62.119       4.1133
 -67.584   65.277       4.1133
 -67.584   68.435       4.1133
 -67.584   71.593       4.1133
 -67.584   74.751       4.1133
 -67.584   77.910       4.1133
 -67.584   81.068       4.1133
 -67.584   84.226       4.1133
 -67.584   87.384       4.1133
 -67.584   90.542       4.1133
 -67.584   93.700       4.1133
 -67.584   96.858       4.1133
 -67.584  100.017       4.1133
 -67.584  103.175       4.1133
 -67.584  106.333       4.1133
 -67.584  109.491       4.1133
 -67.584  112.649       4.1133
 -67.584  115.807       4.1133
 -67.584  118.965       4.1133
 -67.584  122.124       4.1133
 -67.584  125.282       4.1133
 -67.584  128.440       4.1133
 -67.584  131.598       4.1133
 -67.584  134.756       4.1133
 -67.584  137.914       4.1133
 -67.584  141.072       4.1133
 -67.584  144.230       4.1133
 -67.584  147.389       4.1133
 -67.584  150.547       4.1133
 -67.584  153.705       4.1133
 -67.584  156.863       4.1133
 -67.584  160.021       4.1133
 -67.584  163.179       4.1133
 -67.584  166.337       4.1133
 -67.584  169.496       4.1133
 -67.584  172.654       4.1133
 -67.584  175.812       4.1133
 -67.584  178.970       4.1133
 -67.584  182.128       4.1133
 -67.584  185.286       4.1133
 -67.584  188.444       4.1133
 -67.584  191.603       4.1133
 -67.584  194.761       4.1133
 -67.584  197.919       4.1133
 -67.584  201.077       4.1133
 -67.584  204.235       4.1133
 -67.584  207.393       4.1133
 -67.584  210.551       4.1133
 -67.584  213.710       4.1133
 -67.584  216.868       4.1133
 -67.584  220.026       4.1133
 -63.995  -92.630       4.1133
 -63.995  -89.472       4.1133
 -63.995  -86.314       4.1133
 -63.995  -83.156       4.1133
 -63.995  -79.997       4.1133
 -63.995  -76.839       4.1133
 -63.995  -73.681       4.1133
 -63.995  -70.523       4.1133
 -63.995  -67.365       4.1133
 -63.995  -64.207       3.2869
 -63.995  -61.049       2.3274
 -63.995  -57.890       2.6319
 -63.995  -54.732       2.4604
 -63.995  -51.574       1.6927
 -63.995  -48.416       1.8851
 -63.995  -45.258       2.6319
 -63.995  -42.100       3.2869
 -63.995  -38.942       2.6319
 -63.995  -35.783       2.2187
 -63.995  -32.625       2.6319
 -63.995  -29.467       2.7406
 -63.995  -26.309       3.7001
 -63.995  -23.151       2.4604
 -63.995  -19.993       2.0857
 -63.995  -16.835       2.0111
 -63.995  -13.677       2.0857
 -63.995  -10.518       1.8574
 -63.995   -7.360       1.6529
 -63.995   -4.202       1.7136
 -63.995   -1.044       2.2706
 -63.995    2.114       2.6319
 -63.995    5.272       2.6319
 -63.995    8.430       4.1133
 -63.995   11.589       4.1133
 -63.995   14.747       4.1133
 -63.995   17.905       4.1133
 -63.995   21.063       4.1133
 -63.995   24.221       4.1133
 -63.995   27.379       4.1133
 -63.995   30.537       4.1133
 -63.995   33.696       4.1133
 -63.995   36.854       4.1133
 -63.995   40.012       4.1133
 -63.995   43.170       4.1133
 -63.995   46.328       4.1133
 -63.995   49.486       4.1133
 -63.995   52.644       4.1133
 -63.995   55.803       4.1133
 -63.995   58.961       4.1133
 -63.995   62.119       4.1133
 -63.995   65.277       4.1133
 -63.995   68.435       4.1133
 -63.995   71.593       4.1133
 -63.995   74.751       4.1133
 -63.995   77.910       4.1133
 -63.995   81.068       4.1133
 -63.995   84.226       4.1133
 -63.995   87.384       4.1133
 -63.995   90.542       4.1133
 -63.995   93.700       4.1133
 -63.995   96.858       4.1133
 -63.995  100.017       4.1133
 -63.995  103.175       4.1133
 -63.995  106.333       4.1133
 -63.995  109.491       4.1133
 -63.995  112.649       4.1133
 -63.995  115.807       4.1133
 -63.995  118.965       4.1133
 -63.995  122.124       4.1133
 -63.995  125.282       4.1133
 -63.995  128.440       4.1133
 -63.995  131.598       4.1133
 -63.995  134.756       4.1133
 -63.995  137.914       4.1133
 -63.995  141.072       4.1133
 -63.995  144.230       4.1133
 -63.995  147.389       4.1133
 -63.995  150.547       4.1133
 -63.995  153.705       4.1133
 -63.995  156.863       4.1133
 -63.995  160.021       4.1133
 -63.995  163.179       4.1133
 -63.995  166.337       4.1133
 -63.995  169.496       4.1133
 -63.995  172.654       4.1133
 -63.995  175.812       4.1133
 -63.995  178.970       4.1133
 -63.995  182.128       4.1133
 -63.995  185.286       4.1133
 -63.995  188.444       4.1133
 -63.995  191.603       4.1133
 -63.995  194.761       4.1133
 -63.995  197.919       4.1133
 -63.995  201.077       4.1133
 -63.995  204.235       4.1133
 -63.995  207.393       4.1133
 -63.995  210.551       4.1133
 -63.995  213.710       4.1133
 -63.995  216.868       4.1133
 -63.995  220.026       4.1133
 -60.407  -92.630       4.1133
 -60.407  -89.472       4.1133
 -60.407  -86.314       4.1133
 -60.407  -83.156       4.1133
 -60.407  -79.997       4.1133
 -60.407  -76.839       4.1133
 -60.407  -73.681       4.1133
 -60.407  -70.523       4.1133
 -60.407  -67.365       4.1133
 -60.407  -64.207       4.1133
 -60.407  -61.049       4.1133
 -60.407  -57.890       3.7001
 -60.407  -54.732       3.7001
 -60.407  -51.574       2.3902
 -60.407  -48.416       1.7812
 -60.407  -45.258       2.3274
 -60.407  -42.100       2.2706
 -60.407  -38.942       2.3274
 -60.407  -35.783       2.1710
 -60.407  -32.625       2.7406
 -60.407  -29.467       2.8737
 -60.407  -26.309       2.0472
 -60.407  -23.151       2.5400
 -60.407  -19.993       1.9770
 -60.407  -16.835       1.9770
 -60.407  -13.677       1.7812
 -60.407  -10.518       1.9448
 -60.407   -7.360       1.8574
 -60.407   -4.202       2.2187
 -60.407   -1.044       3.2869
 -60.407    2.114       3.0452
 -60.407    5.272       2.6319
 -60.407    8.430       4.1133
 -60.407   11.589       4.1133
 -60.407   14.747       4.1133
 -60.407   17.905       4.1133
 -60.407   21.063       4.1133
 -60.407   24.221       4.1133
 -60.407   27.379       4.1133
 -60.407   30.537       4.1133
 -60.407   33.696       4.1133
 -60.407   36.854       4.1133
 -60.407   40.012       4.1133
 -60.407   43.170       4.1133
 -60.407   46.328       4.1133
 -60.407   49.486       4.1133
 -60.407   52.644       4.1133
 -60.407   55.803       4.1133
 -60.407   58.961       4.1133
 -60.407   62.119       4.1133
 -60.407   65.277       4.1133
 -60.407   68.435       4.1133
 -60.407   71.593       4.1133
 -60.407   74.751       4.1133
 -60.407   77.910       4.1133
 -60.407   81.068       4.1133
 -60.407   84.226       4.1133
 -60.407   87.384       4.1133
 -60.407   90.542       4.1133
 -60.407   93.700       4.1133
 -60.407   96.858       4.1133
 -60.407  100.017       4.1133
 -60.407  103.175       4.1133
 -60.407  106.333       4.1133
 -60.407  109.491       4.1133
 -60.407  112.649       4.1133
 -60.407  115.807       4.1133
 -60.407  118.965       4.1133
 -60.407  122.124       4.1133
 -60.407  125.282       4.1133
 -60.407  128.440       4.1133
 -60.407  131.598       4.1133
 -60.407  134.756       4.1133
 -60.407  137.914       4.1133
 -60.407  141.072       4.1133
 -60.407  144.230       4.1133
 -60.407  147.389       4.1133
 -60.407  150.547       4.1133
 -60.407  153.705       4.1133
 -60.407  156.863       4.1133
 -60.407  160.021       4.1133
 -60.407  163.179       4.1133
 -60.407  166.337       4.1133
 -60.407  169.496       4.1133
 -60.407  172.654       4.1133
 -60.407  175.812       4.1133
 -60.407  178.970       4.1133
 -60.407  182.128       4.1133
 -60.407  185.286       4.1133
 -60.407  188.444       4.1133
 -60.407  191.603       4.1133
 -60.407  194.761       4.1133
 -60.407  197.919       4.1133
 -60.407  201.077       4.1133
 -60.407  204.235       4.1133
 -60.407  207.393       4.1133
 -60.407  210.551       4.1133
 -60.407  213.710       4.1133
 -60.407  216.868       4.1133
 -60.407  220.026       4.1133
 -56.818  -92.630       4.1133
 -56.818  -89.472       4.1133
 -56.818  -86.314       4.1133
 -56.818  -83.156       4.1133
 -56.818  -79.997       4.1133
 -56.818  -76.839       4.1133
 -56.818  -73.681       4.1133
 -56.818  -70.523       4.1133
 -56.818  -67.365       4.1133
 -56.818  -64.207       4.1133
 -56.818  -61.049       4.1133
 -56.818  -57.890       4.1133
 -56.818  -54.732       4.1133
 -56.818  -51.574       3.7001
 -56.818  -48.416       2.0857
 -56.818  -45.258       1.7812
 -56.818  -42.100       1.6529
 -56.818  -38.942       1.6725
 -56.818  -35.783       2.2187
 -56.818  -32.625       3.7001
 -56.818  -29.467       3.7001
 -56.818  -26.309       2.7406
 -56.818  -23.151       4.1133
 -56.818  -19.993       2.4604
 -56.818  -16.835       2.2187
 -56.818  -13.677       2.3274
 -56.818  -10.518       2.0472
 -56.818   -7.360       1.6725
 -56.818   -4.202       2.2187
 -56.818   -1.044       3.0452
 -56.818    2.114       4.1133
 -56.818    5.272       4.1133
 -56.818    8.430       4.1133
 -56.818   11.589       4.1133
 -56.818   14.747       4.1133
 -56.818   17.905       4.1133
 -56.818   21.063       4.1133
 -56.818   24.221       4.1133
 -56.818   27.379       4.1133
 -56.818   30.537       4.1133
 -56.818   33.696       4.1133
 -56.818   36.854       4.1133
 -56.818   40.012       4.1133
 -56.818   43.170       4.1133
 -56.818   46.328       4.1133
 -56.818   49.486       4.1133
 -56.818   52.644       4.1133
 -56.818   55.803       4.1133
 -56.818   58.961       4.1133
 -56.818   62.119       4.1133
 -56.818   65.277       4.1133
 -56.818   68.435       4.1133
 -56.818   71.593       4.1133
 -56.818   74.751       4.1133
 -56.818   77.910       4.1133
 -56.818   81.068       4.1133
 -56.818   84.226       4.1133
 -56.818   87.384       4.1133
 -56.818   90.542       4.1133
 -56.818   93.700       4.1133
 -56.818   96.858       4.1133
 -56.818  100.017       4.1133
 -56.818  103.175       4.1133
 -56.818  106.333       4.1133
 -56.818  109.491       4.1133
 -56.818  112.649       4.1133
 -56.818  115.807       4.1133
 -56.818  118.965       4.1133
 -56.818  122.124       4.1133
 -56.818  125.282       4.1133
 -56.818  128.440       4.1133
 -56.818  131.598       4.1133
 -56.818  134.756       4.1133
 -56.818  137.914       4.1133
 -56.818  141.072       4.1133
 -56.818  144.230       4.1133
 -56.818  147.389       4.1133
 -56.818  150.547       4.1133
 -56.818  153.705       4.1133
 -56.818  156.863       4.1133
 -56.818  160.021       4.1133
 -56.818  163.179       4.1133
 -56.818  166.337       4.1133
 -56.818  169.496       4.1133
 -56.818  172.654       4.1133
 -56.818  175.812       4.1133
 -56.818  178.970       4.1133
 -56.818  182.128       4.1133
 -56.818  185.286       4.1133
 -56.818  188.444       4.1133
 -56.818  191.603       4.1133
 -56.818  194.761       4.1133
 -56.818  197.919       4.1133
 -56.818  201.077       4.1133
 -56.818  204.235       4.1133
 -56.818  207.393       4.1133
 -56.818  210.551       4.1133
 -56.818  213.710       4.1133
 -56.818  216.868       4.1133
 -56.818  220.026       4.1133
 -53.230  -92.630       4.1133
 -53.230  -89.472       4.1133
 -53.230  -86.314       4.1133
 -53.230  -83.156       4.1133
 -53.230  -79.997       4.1133
 -53.230  -76.839       4.1133
 -53.230  -73.681       4.1133
 -53.230  -70.523       4.1133
 -53.230  -67.365       4.1133
 -53.230  -64.207       4.1133
 -53.230  -61.049       4.1133
 -53.230  -57.890       4.1133
 -53.230  -54.732       4.1133
 -53.230  -51.574       3.2869
 -53.230  -48.416       1.7812
 -53.230  -45.258       1.7812
 -53.230  -42.100       1.7136
 -53.230  -38.942       1.5638
 -53.230  -35.783       2.0857
 -53.230  -32.625       3.2869
 -53.230  -29.467       4.1133
 -53.230  -26.309       4.1133
 -53.230  -23.151       4.1133
 -53.230  -19.993       4.1133
 -53.230  -16.835       4.1133
 -53.230  -13.677       4.1133
 -53.230  -10.518       2.3274
 -53.230   -7.360       2.4604
 -53.230   -4.202       3.7001
 -53.230   -1.044       4.1133
 -53.230    2.114       4.1133
 -53.230    5.272       4.1133
 -53.230    8.430       4.1133
 -53.230   11.589       4.1133
 -53.230   14.747       4.1133
 -53.230   17.905       4.1133
 -53.230   21.063       4.1133
 -53.230   24.221       4.1133
 -53.230   27.379       4.1133
 -53.230   30.537       4.1133
 -53.230   33.696       4.1133
 -53.230   36.854       4.1133
 -53.230   40.012       4.1133
 -53.230   43.170       4.1133
 -53.230   46.328       4.1133
 -53.230   49.486       4.1133
 -53.230   52.644       4.1133
 -53.230   55.803       4.1133
 -53.230   58.961       4.1133
 -53.230   62.119       4.1133
 -53.230   65.277       4.1133
 -53.230   68.435       4.1133
 -53.230   71.593       4.1133
 -53.230   74.751       4.1133
 -53.230   77.910       4.1133
 -53.230   81.068       4.1133
 -53.230   84.226       4.1133
 -53.230   87.384       4.1133
 -53.230   90.542       4.1133
 -53.230   93.700       4.1133
 -53.230   96.858       4.1133
 -53.230  100.017       4.1133
 -53.230  103.175       4.1133
 -53.230  106.333       4.1133
 -53.230  109.491       4.1133
 -53.230  112.649       4.1133
 -53.230  115.807       4.1133
 -53.230  118.965       4.1133
 -53.230  122.124       4.1133
 -53.230  125.282       4.1133
 -53.230  128.440       4.1133
 -53.230  131.598       4.1133
 -53.230  134.756       4.1133
 -53.230  137.914       4.1133
 -53.230  141.072       4.1133
 -53.230  144.230       4.1133
 -53.230  147.389       4.1133
 -53.230  150.547       4.1133
 -53.230  153.705       4.1133
 -53.230  156.863       4.1133
 -53.230  160.021       4.1133
 -53.230  163.179       4.1133
 -53.230  166.337       4.1133
 -53.230  169.496       4.1133
 -53.230  172.654       4.1133
 -53.230  175.812       4.1133
 -53.230  178.970       4.1133
 -53.230  182.128       4.1133
 -53.230  185.286       4.1133
 -53.230  188.444       4.1133
 -53.230  191.603       4.1133
 -53.230  194.761       4.1133
 -53.230  197.919       4.1133
 -53.230  201.077       4.1133
 -53.230  204.235       4.1133
 -53.230  207.393       4.1133
 -53.230  210.551       4.1133
 -53.230  213.710       4.1133
 -53.230  216.868       4.1133
 -53.230  220.026       4.1133
 -49.641  -92.630       4.1133
 -49.641  -89.472       4.1133
 -49.641  -86.314       4.1133
 -49.641  -83.156       4.1133
 -49.641  -79.997       4.1133
 -49.641  -76.839       4.1133
 -49.641  -73.681       4.1133
 -49.641  -70.523       4.1133
 -49.641  -67.365       4.1133
 -49.641  -64.207       4.1133
 -49.641  -61.049       4.1133
 -49.641  -57.890       4.1133
 -49.641  -54.732       4.1133
 -49.641  -51.574       3.7001
 -49.641  -48.416       2.2706
 -49.641  -45.258       1.6156
 -49.641  -42.100       1.6927
 -49.641  -38.942       1.4307
 -49.641  -35.783       1.9770
 -49.641  -32.625       3.7001
 -49.641  -29.467       4.1133
 -49.641  -26.309       4.1133
 -49.641  -23.151       4.1133
 -49.641  -19.993       4.1133
 -49.641  -16.835       4.1133
 -49.641  -13.677       4.1133
 -49.641  -10.518       3.7001
 -49.641   -7.360       3.7001
 -49.641   -4.202       4.1133
 -49.641   -1.044       4.1133
 -49.641    2.114       4.1133
 -49.641    5.272       4.1133
 -49.641    8.430       4.1133
 -49.641   11.589       4.1133
 -49.641   14.747       4.1133
 -49.641   17.905       4.1133
 -49.641   21.063       4.1133
 -49.641   24.221       4.1133
 -49.641   27.379       4.1133
 -49.641   30.537       4.1133
 -49.641   33.696       4.1133
 -49.641   36.854       4.1133
 -49.641   40.012       4.1133
 -49.641   43.170       4.1133
 -49.641   46.328       4.1133
 -49.641   49.486       4.1133
 -49.641   52.644       4.1133
 -49.641   55.803       4.1133
 -49.641   58.961       4.1133
 -49.641   62.119       4.1133
 -49.641   65.277       4.1133
 -49.641   68.435       4.1133
 -49.641   71.593       4.1133
 -49.641   74.751       4.1133
 -49.641   77.910       4.1133
 -49.641   81.068       4.1133
 -49.641   84.226       4.1133
 -49.641   87.384       4.1133
 -49.641   90.542       4.1133
 -49.641   93.700       4.1133
 -49.641   96.858       4.1133
 -49.641  100.017       4.1133
 -49.641  103.175       4.1133
 -49.641  106.333       4.1133
 -49.641  109.491       4.1133
 -49.641  112.649       4.1133
 -49.641  115.807       4.1133
 -49.641  118.965       4.1133
 -49.641  122.124       4.1133
 -49.641  125.282       4.1133
 -49.641  128.440       4.1133
 -49.641  131.598       4.1133
 -49.641  134.756       4.1133
 -49.641  137.914       4.1133
 -49.641  141.072       4.1133
 -49.641  144.230       4.1133
 -49.641  147.389       4.1133
 -49.641  150.547       4.1133
 -49.641  153.705       4.1133
 -49.641  156.863       4.1133
 -49.641  160.021       4.1133
 -49.641  163.179       4.1133
 -49.641  166.337       4.1133
 -49.641  169.496       4.1133
 -49.641  172.654       4.1133
 -49.641  175.812       4.1133
 -49.641  178.970       4.1133
 -49.641  182.128       4.1133
 -49.641  185.286       4.1133
 -49.641  188.444       4.1133
 -49.641  191.603       4.1133
 -49.641  194.761       4.1133
 -49.641  197.919       4.1133
 -49.641  201.077       4.1133
 -49.641  204.235       4.1133
 -49.641  207.393       4.1133
 -49.641  210.551       4.1133
 -49.641  213.710       4.1133
 -49.641  216.868       4.1133
 -49.641  220.026       4.1133
 -46.053  -92.630       4.1133
 -46.053  -89.472       4.1133
 -46.053  -86.314       4.1133
 -46.053  -83.156       4.1133
 -46.053  -79.997       4.1133
 -46.053  -76.839       4.1133
 -46.053  -73.681       4.1133
 -46.053  -70.523       4.1133
 -46.053  -67.365       4.1133
 -46.053  -64.207       4.1133
 -46.053  -61.049       4.1133
 -46.053  -57.890       4.1133
 -46.053  -54.732       4.1133
 -46.053  -51.574       4.1133
 -46.053  -48.416       2.4604
 -46.053  -45.258       2.0857
 -46.053  -42.100       1.7353
 -46.053  -38.942       1.5638
 -46.053  -35.783       2.0111
 -46.053  -32.625       1.9448
 -46.053  -29.467       2.3902
 -46.053  -26.309       4.1133
 -46.053  -23.151       4.1133
 -46.053  -19.993       4.1133
 -46.053  -16.835       4.1133
 -46.053  -13.677       4.1133
 -46.053  -10.518       4.1133
 -46.053   -7.360       4.1133
 -46.053   -4.202       4.1133
 -46.053   -1.044       4.1133
 -46.053    2.114       4.1133
 -46.053    5.272       4.1133
 -46.053    8.430       4.1133
 -46.053   11.589       4.1133
 -46.053   14.747       4.1133
 -46.053   17.905       4.1133
 -46.053   21.063       4.1133
 -46.053   24.221       4.1133
 -46.053   27.379       4.1133
 -46.053   30.537       4.1133
 -46.053   33.696       4.1133
 -46.053   36.854       4.1133
 -46.053   40.012       4.1133
 -46.053   43.170       4.1133
 -46.053   46.328       4.1133
 -46.053   49.486       4.1133
 -46.053   52.644       4.1133
 -46.053   55.803       4.1133
 -46.053   58.961       4.1133
 -46.053   62.119       4.1133
 -46.053   65.277       4.1133
 -46.053   68.435       4.1133
 -46.053   71.593       4.1133
 -46.053   74.751       4.1133
 -46.053   77.910       4.1133
 -46.053   81.068       4.1133
 -46.053   84.226       4.1133
 -46.053   87.384       4.1133
 -46.053   90.542       4.1133
 -46.053   93.700       4.1133
 -46.053   96.858       4.1133
 -46.053  100.017       4.1133
 -46.053  103.175       4.1133
 -46.053  106.333       4.1133
 -46.053  109.491       4.1133
 -46.053  112.649       4.1133
 -46.053  115.807       4.1133
 -46.053  118.965       4.1133
 -46.053  122.124       4.1133
 -46.053  125.282       4.1133
 -46.053  128.440       4.1133
 -46.053  131.598       4.1133
 -46.053  134.756       4.1133
 -46.053  137.914       4.1133
 -46.053  141.072       4.1133
 -46.053  144.230       4.1133
 -46.053  147.389       4.1133
 -46.053  150.547       4.1133
 -46.053  153.705       4.1133
 -46.053  156.863       4.1133
 -46.053  160.021       4.1133
 -46.053  163.179       4.1133
 -46.053  166.337       4.1133
 -46.053  169.496       4.1133
 -46.053  172.654       4.1133
 -46.053  175.812       4.1133
 -46.053  178.970       4.1133
 -46.053  182.128       4.1133
 -46.053  185.286       4.1133
 -46.053  188.444       4.1133
 -46.053  191.603       4.1133
 -46.053  194.761       4.1133
 -46.053  197.919       4.1133
 -46.053  201.077       4.1133
 -46.053  204.235       4.1133
 -46.053  207.393       4.1133
 -46.053  210.551       4.1133
 -46.053  213.710       4.1133
 -46.053  216.868       4.1133
 -46.053  220.026       4.1133
 -42.465  -92.630       4.1133
 -42.465  -89.472       4.1133
 -42.465  -86.314       4.1133
 -42.465  -83.156       4.1133
 -42.465  -79.997       4.1133
 -42.465  -76.839       4.1133
 -42.465  -73.681       4.1133
 -42.465  -70.523       4.1133
 -42.465  -67.365       4.1133
 -42.465  -64.207       4.1133
 -42.465  -61.049       4.1133
 -42.465  -57.890       4.1133
 -42.465  -54.732       4.1133
 -42.465  -51.574       4.1133
 -42.465  -48.416       3.2869
 -42.465  -45.258       2.5400
 -42.465  -42.100       2.6319
 -42.465  -38.942       2.4604
 -42.465  -35.783       2.1268
 -42.465  -32.625       2.1268
 -42.465  -29.467       1.9142
 -42.465  -26.309       3.2869
 -42.465  -23.151       3.2869
 -42.465  -19.993       4.1133
 -42.465  -16.835       4.1133
 -42.465  -13.677       4.1133
 -42.465  -10.518       4.1133
 -42.465   -7.360       4.1133
 -42.465   -4.202       4.1133
 -42.465   -1.044       4.1133
 -42.465    2.114       4.1133
 -42.465    5.272       4.1133
 -42.465    8.430       4.1133
 -42.465   11.589       4.1133
 -42.465   14.747       4.1133
 -42.465   17.905       4.1133
 -42.465   21.063       4.1133
 -42.465   24.221       4.1133
 -42.465   27.379       4.1133
 -42.465   30.537       4.1133
 -42.465   33.696       4.1133
 -42.465   36.854       4.1133
 -42.465   40.012       4.1133
 -42.465   43.170       4.1133
 -42.465   46.328       4.1133
 -42.465   49.486       4.1133
 -42.465   52.644       4.1133
 -42.465   55.803       4.1133
 -42.465   58.961       4.1133
 -42.465   62.119       4.1133
 -42.465   65.277       4.1133
 -42.465   68.435       4.1133
 -42.465   71.593       4.1133
 -42.465   74.751       4.1133
 -42.465   77.910       4.1133
 -42.465   81.068       4.1133
 -42.465   84.226       4.1133
 -42.465   87.384       4.1133
 -42.465   90.542       4.1133
 -42.465   93.700       4.1133
 -42.465   96.858       4.1133
 -42.465  100.017       4.1133
 -42.465  103.175       4.1133
 -42.465  106.333       4.1133
 -42.465  109.491       4.1133
 -42.465  112.649       4.1133
 -42.465  115.807       4.1133
 -42.465  118.965       4.1133
 -42.465  122.124       4.1133
 -42.465  125.282       4.1133
 -42.465  128.440       4.1133
 -42.465  131.598       4.1133
 -42.465  134.756       4.1133
 -42.465  137.914       4.1133
 -42.465  141.072       4.1133
 -42.465  144.230       4.1133
 -42.465  147.389       4.1133
 -42.465  150.547       4.1133
 -42.465  153.705       4.1133
 -42.465  156.863       4.1133
 -42.465  160.021       4.1133
 -42.465  163.179       4.1133
 -42.465  166.337       4.1133
 -42.465  169.496       4.1133
 -42.465  172.654       4.1133
 -42.465  175.812       4.1133
 -42.465  178.970       4.1133
 -42.465  182.128       4.1133
 -42.465  185.286       4.1133
 -42.465  188.444       4.1133
 -42.465  191.603       4.1133
 -42.465  194.761       4.1133
 -42.465  197.919       4.1133
 -42.465  201.077       4.1133
 -42.465  204.235       4.1133
 -42.465  207.393       4.1133
 -42.465  210.551       4.1133
 -42.465  213.710       4.1133
 -42.465  216.868       4.1133
 -42.465  220.026       4.1133
 -38.876  -92.630       4.1133
 -38.876  -89.472       4.1133
 -38.876  -86.314       4.1133
 -38.876  -83.156       4.1133
 -38.876  -79.997       4.1133
 -38.876  -76.839       4.1133
 -38.876  -73.681       4.1133
 -38.876  -70.523       4.1133
 -38.876  -67.365       4.1133
 -38.876  -64.207       4.1133
 -38.876  -61.049       4.1133
 -38.876  -57.890       4.1133
 -38.876  -54.732       4.1133
 -38.876  -51.574       4.1133
 -38.876  -48.416       2.8737
 -38.876  -45.258       2.4604
 -38.876  -42.100       2.7406
 -38.876  -38.942       1.8055
 -38.876  -35.783       1.6156
 -38.876  -32.625       1.6529
 -38.876  -29.467       1.6529
 -38.876  -26.309       2.1268
 -38.876  -23.151       4.1133
 -38.876  -19.993       4.1133
 -38.876  -16.835       4.1133
 -38.876  -13.677       4.1133
 -38.876  -10.518       4.1133
 -38.876   -7.360       4.1133
 -38.876   -4.202       4.1133
 -38.876   -1.044       4.1133
 -38.876    2.114       4.1133
 -38.876    5.272       4.1133
 -38.876    8.430       4.1133
 -38.876   11.589       4.1133
 -38.876   14.747       4.1133
 -38.876   17.905       4.1133
 -38.876   21.063       4.1133
 -38.876   24.221       4.1133
 -38.876   27.379       4.1133
 -38.876   30.537       4.1133
 -38.876   33.696       4.1133
 -38.876   36.854       4.1133
 -38.876   40.012       4.1133
 -38.876   43.170       4.1133
 -38.876   46.328       4.1133
 -38.876   49.486       4.1133
 -38.876   52.644       4.1133
 -38.876   55.803       4.1133
 -38.876   58.961       4.1133
 -38.876   62.119       4.1133
 -38.876   65.277       4.1133
 -38.876   68.435       4.1133
 -38.876   71.593       4.1133
 -38.876   74.751       4.1133
 -38.876   77.910       4.1133
 -38.876   81.068       4.1133
 -38.876   84.226       4.1133
 -38.876   87.384       4.1133
 -38.876   90.542       4.1133
 -38.876   93.700       4.1133
 -38.876   96.858       4.1133
 -38.876  100.017       4.1133
 -38.876  103.175       4.1133
 -38.876  106.333       4.1133
 -38.876  109.491       4.1133
 -38.876  112.649       4.1133
 -38.876  115.807       4.1133
 -38.876  118.965       4.1133
 -38.876  122.124       4.1133
 -38.876  125.282       4.1133
 -38.876  128.440       4.1133
 -38.876  131.598       4.1133
 -38.876  134.756       4.1133
 -38.876  137.914       4.1133
 -38.876  141.072       4.1133
 -38.876  144.230       4.1133
 -38.876  147.389       4.1133
 -38.876  150.547       4.1133
 -38.876  153.705       4.1133
 -38.876  156.863       4.1133
 -38.876  160.021       4.1133
 -38.876  163.179       4.1133
 -38.876  166.337       4.1133
 -38.876  169.496       4.1133
 -38.876  172.654       4.1133
 -38.876  175.812       4.1133
 -38.876  178.970       4.1133
 -38.876  182.128       4.1133
 -38.876  185.286       4.1133
 -38.876  188.444       4.1133
 -38.876  191.603       4.1133
 -38.876  194.761       4.1133
 -38.876  197.919       4.1133
 -38.876  201.077       4.1133
 -38.876  204.235       4.1133
 -38.876  207.393       4.1133
 -38.876  210.551       4.1133
 -38.876  213.710       4.1133
 -38.876  216.868       4.1133
 -38.876  220.026       4.1133
 -35.288  -92.630       4.1133
 -35.288  -89.472       4.1133
 -35.288  -86.314       4.1133
 -35.288  -83.156       4.1133
 -35.288  -79.997       4.1133
 -35.288  -76.839       4.1133
 -35.288  -73.681       4.1133
 -35.288  -70.523       4.1133
 -35.288  -67.365       4.1133
 -35.288  -64.207       4.1133
 -35.288  -61.049       4.1133
 -35.288  -57.890       4.1133
 -35.288  -54.732       4.1133
 -35.288  -51.574       2.8737
 -35.288  -48.416       2.0472
 -35.288  -45.258       2.2706
 -35.288  -42.100       1.8851
 -35.288  -38.942       1.4719
 -35.288  -35.783       1.6340
 -35.288  -32.625       1.7136
 -35.288  -29.467       1.7136
 -35.288  -26.309       2.8737
 -35.288  -23.151       4.1133
 -35.288  -19.993       4.1133
 -35.288  -16.835       4.1133
 -35.288  -13.677       4.1133
 -35.288  -10.518       4.1133
 -35.288   -7.360       4.1133
 -35.288   -4.202       4.1133
 -35.288   -1.044       4.1133
 -35.288    2.114       4.1133
 -35.288    5.272       4.1133
 -35.288    8.430       4.1133
 -35.288   11.589       4.1133
 -35.288   14.747       4.1133
 -35.288   17.905       4.1133
 -35.288   21.063       4.1133
 -35.288   24.221       4.1133
 -35.288   27.379       4.1133
 -35.288   30.537       4.1133
 -35.288   33.696       4.1133
 -35.288   36.854       4.1133
 -35.288   40.012       4.1133
 -35.288   43.170       4.1133
 -35.288   46.328       4.1133
 -35.288   49.486       4.1133
 -35.288   52.644       4.1133
 -35.288   55.803       4.1133
 -35.288   58.961       4.1133
 -35.288   62.119       4.1133
 -35.288   65.277       4.1133
 -35.288   68.435       4.1133
 -35.288   71.593       4.1133
 -35.288   74.751       4.1133
 -35.288   77.910       4.1133
 -35.288   81.068       4.1133
 -35.288   84.226       4.1133
 -35.288   87.384       4.1133
 -35.288   90.542       4.1133
 -35.288   93.700       4.1133
 -35.288   96.858       4.1133
 -35.288  100.017       4.1133
 -35.288  103.175       4.1133
 -35.288  106.333       4.1133
 -35.288  109.491       4.1133
 -35.288  112.649       4.1133
 -35.288  115.807       4.1133
 -35.288  118.965       4.1133
 -35.288  122.124       4.1133
 -35.288  125.282       4.1133
 -35.288  128.440       4.1133
 -35.288  131.598       4.1133
 -35.288  134.756       4.1133
 -35.288  137.914       4.1133
 -35.288  141.072       4.1133
 -35.288  144.230       4.1133
 -35.288  147.389       4.1133
 -35.288  150.547       4.1133
 -35.288  153.705       4.1133
 -35.288  156.863       4.1133
 -35.288  160.021       4.1133
 -35.288  163.179       4.1133
 -35.288  166.337       4.1133
 -35.288  169.496       4.1133
 -35.288  172.654       4.1133
 -35.288  175.812       4.1133
 -35.288  178.970       4.1133
 -35.288  182.128       4.1133
 -35.288  185.286       4.1133
 -35.288  188.444       4.1133
 -35.288  191.603       4.1133
 -35.288  194.761       4.1133
 -35.288  197.919       4.1133
 -35.288  201.077       4.1133
 -35.288  204.235       4.1133
 -35.288  207.393       4.1133
 -35.288  210.551       4.1133
 -35.288  213.710       4.1133
 -35.288  216.868       4.1133
 -35.288  220.026       4.1133
 -31.699  -92.630       4.1133
 -31.699  -89.472       4.1133
 -31.699  -86.314       4.1133
 -31.699  -83.156       4.1133
 -31.699  -79.997       4.1133
 -31.699  -76.839       4.1133
 -31.699  -73.681       4.1133
 -31.699  -70.523       4.1133
 -31.699  -67.365       4.1133
 -31.699  -64.207       4.1133
 -31.699  -61.049       4.1133
 -31.699  -57.890       4.1133
 -31.699  -54.732       4.1133
 -31.699  -51.574       2.8737
 -31.699  -48.416       2.4604
 -31.699  -45.258       2.0111
 -31.699  -42.100       2.3274
 -31.699  -38.942       1.9142
 -31.699  -35.783       1.8055
 -31.699  -32.625       1.7578
 -31.699  -29.467       2.0472
 -31.699  -26.309       3.0452
 -31.699  -23.151       4.1133
 -31.699  -19.993       4.1133
 -31.699  -16.835       4.1133
 -31.699  -13.677       4.1133
 -31.699  -10.518       4.1133
 -31.699   -7.360       4.1133
 -31.699   -4.202       4.1133
 -31.699   -1.044       4.1133
 -31.699    2.114       4.1133
 -31.699    5.272       4.1133
 -31.699    8.430       4.1133
 -31.699   11.589       4.1133
 -31.699   14.747       4.1133
 -31.699   17.905       4.1133
 -31.699   21.063       4.1133
 -31.699   24.221       4.1133
 -31.699   27.379       4.1133
 -31.699   30.537       4.1133
 -31.699   33.696       4.1133
 -31.699   36.854       4.1133
 -31.699   40.012       4.1133
 -31.699   43.170       4.1133
 -31.699   46.328       4.1133
 -31.699   49.486       4.1133
 -31.699   52.644       4.1133
 -31.699   55.803       4.1133
 -31.699   58.961       4.1133
 -31.699   62.119       4.1133
 -31.699   65.277       4.1133
 -31.699   68.435       4.1133
 -31.699   71.593       4.1133
 -31.699   74.751       4.1133
 -31.699   77.910       4.1133
 -31.699   81.068       4.1133
 -31.699   84.226       4.1133
 -31.699   87.384       4.1133
 -31.699   90.542       4.1133
 -31.699   93.700       4.1133
 -31.699   96.858       4.1133
 -31.699  100.017       4.1133
 -31.699  103.175       4.1133
 -31.699  106.333       4.1133
 -31.699  109.491       4.1133
 -31.699  112.649       4.1133
 -31.699  115.807       4.1133
 -31.699  118.965       4.1133
 -31.699  122.124       4.1133
 -31.699  125.282       4.1133
 -31.699  128.440       4.1133
 -31.699  131.598       4.1133
 -31.699  134.756       4.1133
 -31.699  137.914       4.1133
 -31.699  141.072       4.1133
 -31.699  144.230       4.1133
 -31.699  147.389       4.1133
 -31.699  150.547       4.1133
 -31.699  153.705       4.1133
 -31.699  156.863       4.1133
 -31.699  160.021       4.1133
 -31.699  163.179       4.1133
 -31.699  166.337       4.1133
 -31.699  169.496       4.1133
 -31.699  172.654       4.1133
 -31.699  175.812       4.1133
 -31.699  178.970       4.1133
 -31.699  182.128       4.1133
 -31.699  185.286       4.1133
 -31.699  188.444       4.1133
 -31.699  191.603       4.1133
 -31.699  194.761       4.1133
 -31.699  197.919       4.1133
 -31.699  201.077       4.1133
 -31.699  204.235       4.1133
 -31.699  207.393       4.1133
 -31.699  210.551       4.1133
 -31.699  213.710       4.1133
 -31.699  216.868       4.1133
 -31.699  220.026       4.1133
 -28.111  -92.630       4.1133
 -28.111  -89.472       4.1133
 -28.111  -86.314       4.1133
 -28.111  -83.156       4.1133
 -28.111  -79.997       4.1133
 -28.111  -76.839       4.1133
 -28.111  -73.681       4.1133
 -28.111  -70.523       4.1133
 -28.111  -67.365       4.1133
 -28.111  -64.207       4.1133
 -28.111  -61.049       4.1133
 -28.111  -57.890       4.1133
 -28.111  -54.732       4.1133
 -28.111  -51.574       4.1133
 -28.111  -48.416       4.1133
 -28.111  -45.258       2.8737
 -28.111  -42.100       2.0472
 -28.111  -38.942       2.1710
 -28.111  -35.783       1.9448
 -28.111  -32.625       1.9448
 -28.111  -29.467       2.3902
 -28.111  -26.309       3.7001
 -28.111  -23.151       4.1133
 -28.111  -19.993       4.1133
 -28.111  -16.835       4.1133
 -28.111  -13.677       4.1133
 -28.111  -10.518       4.1133
 -28.111   -7.360       4.1133
 -28.111   -4.202       4.1133
 -28.111   -1.044       4.1133
 -28.111    2.114       4.1133
 -28.111    5.272       4.1133
 -28.111    8.430       4.1133
 -28.111   11.589       4.1133
 -28.111   14.747       4.1133
 -28.111   17.905       4.1133
 -28.111   21.063       4.1133
 -28.111   24.221       4.1133
 -28.111   27.379       4.1133
 -28.111   30.537       4.1133
 -28.111   33.696       4.1133
 -28.111   36.854       4.1133
 -28.111   40.012       4.1133
 -28.111   43.170       4.1133
 -28.111   46.328       4.1133
 -28.111   49.486       4.1133
 -28.111   52.644       4.1133
 -28.111   55.803       4.1133
 -28.111   58.961       4.1133
 -28.111   62.119       4.1133
 -28.111   65.277       4.1133
 -28.111   68.435       4.1133
 -28.111   71.593       4.1133
 -28.111   74.751       4.1133
 -28.111   77.910       4.1133
 -28.111   81.068       4.1133
 -28.111   84.226       4.1133
 -28.111   87.384       4.1133
 -28.111   90.542       4.1133
 -28.111   93.700       4.1133
 -28.111   96.858       4.1133
 -28.111  100.017       4.1133
 -28.111  103.175       4.1133
 -28.111  106.333       4.1133
 -28.111  109.491       4.1133
 -28.111  112.649       4.1133
 -28.111  115.807       4.1133
 -28.111  118.965       4.1133
 -28.111  122.124       4.1133
 -28.111  125.282       4.1133
 -28.111  128.440       4.1133
 -28.111  131.598       4.1133
 -28.111  134.756       4.1133
 -28.111  137.914       4.1133
 -28.111  141.072       4.1133
 -28.111  144.230       4.1133
 -28.111  147.389       4.1133
 -28.111  150.547       4.1133
 -28.111  153.705       4.1133
 -28.111  156.863       4.1133
 -28.111  160.021       4.1133
 -28.111  163.179       4.1133
 -28.111  166.337       4.1133
 -28.111  169.496       4.1133
 -28.111  172.654       4.1133
 -28.111  175.812       4.1133
 -28.111  178.970       4.1133
 -28.111  182.128       4.1133
 -28.111  185.286       4.1133
 -28.111  188.444       4.1133
 -28.111  191.603       4.1133
 -28.111  194.761       4.1133
 -28.111  197.919       4.1133
 -28.111  201.077       4.1133
 -28.111  204.235       4.1133
 -28.111  207.393       4.1133
 -28.111  210.551       4.1133
 -28.111  213.710       4.1133
 -28.111  216.868       4.1133
 -28.111  220.026       4.1133
 -24.522  -92.630       4.1133
 -24.522  -89.472       4.1133
 -24.522  -86.314       4.1133
 -24.522  -83.156       4.1133
 -24.522  -79.997       4.1133
 -24.522  -76.839       4.1133
 -24.522  -73.681       4.1133
 -24.522  -70.523       4.1133
 -24.522  -67.365       4.1133
 -24.522  -64.207       4.1133
 -24.522  -61.049       4.1133
 -24.522  -57.890       4.1133
 -24.522  -54.732       4.1133
 -24.522  -51.574       4.1133
 -24.522  -48.416       3.0452
 -24.522  -45.258       3.0452
 -24.522  -42.100       2.5400
 -24.522  -38.942       2.4604
 -24.522  -35.783       2.3902
 -24.522  -32.625       2.0472
 -24.522  -29.467       2.8737
 -24.522  -26.309       4.1133
 -24.522  -23.151       4.1133
 -24.522  -19.993       4.1133
 -24.522  -16.835       4.1133
 -24.522  -13.677       4.1133
 -24.522  -10.518       4.1133
 -24.522   -7.360       4.1133
 -24.522   -4.202       4.1133
 -24.522   -1.044       4.1133
 -24.522    2.114       4.1133
 -24.522    5.272       4.1133
 -24.522    8.430       4.1133
 -24.522   11.589       4.1133
 -24.522   14.747       4.1133
 -24.522   17.905       4.1133
 -24.522   21.063       4.1133
 -24.522   24.221       4.1133
 -24.522   27.379       4.1133
 -24.522   30.537       4.1133
 -24.522   33.696       4.1133
 -24.522   36.854       4.1133
 -24.522   40.012       4.1133
 -24.522   43.170       4.1133
 -24.522   46.328       4.1133
 -24.522   49.486       4.1133
 -24.522   52.644       4.1133
 -24.522   55.803       4.1133
 -24.522   58.961       4.1133
 -24.522   62.119       4.1133
 -24.522   65.277       4.1133
 -24.522   68.435       4.1133
 -24.522   71.593       4.1133
 -24.522   74.751       4.1133
 -24.522   77.910       4.1133
 -24.522   81.068       4.1133
 -24.522   84.226       4.1133
 -24.522   87.384       4.1133
 -24.522   90.542       4.1133
 -24.522   93.700       4.1133
 -24.522   96.858       4.1133
 -24.522  100.017       4.1133
 -24.522  103.175       4.1133
 -24.522  106.333       4.1133
 -24.522  109.491       4.1133
 -24.522  112.649       4.1133
 -24.522  115.807       4.1133
 -24.522  118.965       4.1133
 -24.522  122.124       4.1133
 -24.522  125.282       4.1133
 -24.522  128.440       4.1133
 -24.522  131.598       4.1133
 -24.522  134.756       4.1133
 -24.522  137.914       4.1133
 -24.522  141.072       4.1133
 -24.522  144.230       4.1133
 -24.522  147.389       4.1133
 -24.522  150.547       4.1133
 -24.522  153.705       4.1133
 -24.522  156.863       4.1133
 -24.522  160.021       4.1133
 -24.522  163.179       4.1133
 -24.522  166.337       4.1133
 -24.522  169.496       4.1133
 -24.522  172.654       4.1133
 -24.522  175.812       4.1133
 -24.522  178.970       4.1133
 -24.522  182.128       4.1133
 -24.522  185.286       4.1133
 -24.522  188.444       4.1133
 -24.522  191.603       4.1133
 -24.522  194.761       4.1133
 -24.522  197.919       4.1133
 -24.522  201.077       4.1133
 -24.522  204.235       4.1133
 -24.522  207.393       4.1133
 -24.522  210.551       4.1133
 -24.522  213.710       4.1133
 -24.522  216.868       4.1133
 -24.522  220.026       4.1133
 -20.934  -92.630       4.1133
 -20.934  -89.472       4.1133
 -20.934  -86.314       4.1133
 -20.934  -83.156       4.1133
 -20.934  -79.997       4.1133
 -20.934  -76.839       4.1133
 -20.934  -73.681       4.1133
 -20.934  -70.523       4.1133
 -20.934  -67.365       4.1133
 -20.934  -64.207       4.1133
 -20.934  -61.049       4.1133
 -20.934  -57.890       4.1133
 -20.934  -54.732       4.1133
 -20.934  -51.574       4.1133
 -20.934  -48.416       3.2869
 -20.934  -45.258       2.8737
 -20.934  -42.100       3.2869
 -20.934  -38.942       4.1133
 -20.934  -35.783       2.1710
 -20.934  -32.625       2.5400
 -20.934  -29.467       3.0452
 -20.934  -26.309       4.1133
 -20.934  -23.151       4.1133
 -20.934  -19.993       4.1133
 -20.934  -16.835       4.1133
 -20.934  -13.677       4.1133
 -20.934  -10.518       4.1133
 -20.934   -7.360       4.1133
 -20.934   -4.202       4.1133
 -20.934   -1.044       4.1133
 -20.934    2.114       4.1133
 -20.934    5.272       4.1133
 -20.934    8.430       4.1133
 -20.934   11.589       4.1133
 -20.934   14.747       4.1133
 -20.934   17.905       4.1133
 -20.934   21.063       4.1133
 -20.934   24.221       4.1133
 -20.934   27.379       4.1133
 -20.934   30.537       4.1133
 -20.934   33.696       4.1133
 -20.934   36.854       4.1133
 -20.934   40.012       4.1133
 -20.934   43.170       4.1133
 -20.934   46.328       4.1133
 -20.934   49.486       4.1133
 -20.934   52.644       4.1133
 -20.934   55.803       4.1133
 -20.934   58.961       4.1133
 -20.934   62.119       4.1133
 -20.934   65.277       4.1133
 -20.934   68.435       4.1133
 -20.934   71.593       4.1133
 -20.934   74.751       4.1133
 -20.934   77.910       4.1133
 -20.934   81.068       4.1133
 -20.934   84.226       4.1133
 -20.934   87.384       4.1133
 -20.934   90.542       4.1133
 -20.934   93.700       4.1133
 -20.934   96.858       4.1133
 -20.934  100.017       4.1133
 -20.934  103.175       4.1133
 -20.934  106.333       4.1133
 -20.934  109.491       4.1133
 -20.934  112.649       4.1133
 -20.934  115.807       4.1133
 -20.934  118.965       4.1133
 -20.934  122.124       4.1133
 -20.934  125.282       4.1133
 -20.934  128.440       4.1133
 -20.934  131.598       4.1133
 -20.934  134.756       4.1133
 -20.934  137.914       4.1133
 -20.934  141.072       4.1133
 -20.934  144.230       4.1133
 -20.934  147.389       4.1133
 -20.934  150.547       4.1133
 -20.934  153.705       4.1133
 -20.934  156.863       4.1133
 -20.934  160.021       4.1133
 -20.934  163.179       4.1133
 -20.934  166.337       4.1133
 -20.934  169.496       4.1133
 -20.934  172.654       4.1133
 -20.934  175.812       4.1133
 -20.934  178.970       4.1133
 -20.934  182.128       4.1133
 -20.934  185.286       4.1133
 -20.934  188.444       4.1133
 -20.934  191.603       4.1133
 -20.934  194.761       4.1133
 -20.934  197.919       4.1133
 -20.934  201.077       4.1133
 -20.934  204.235       4.1133
 -20.934  207.393       4.1133
 -20.934  210.551       4.1133
 -20.934  213.710       4.1133
 -20.934  216.868       4.1133
 -20.934  220.026       4.1133
 -17.345  -92.630       4.1133
 -17.345  -89.472       4.1133
 -17.345  -86.314       4.1133
 -17.345  -83.156       4.1133
 -17.345  -79.997       4.1133
 -17.345  -76.839       4.1133
 -17.345  -73.681       4.1133
 -17.345  -70.523       4.1133
 -17.345  -67.365       4.1133
 -17.345  -64.207       4.1133
 -17.345  -61.049       4.1133
 -17.345  -57.890       4.1133
 -17.345  -54.732       4.1133
 -17.345  -51.574       4.1133
 -17.345  -48.416       4.1133
 -17.345  -45.258       3.0452
 -17.345  -42.100       3.2869
 -17.345  -38.942       2.8737
 -17.345  -35.783       3.7001
 -17.345  -32.625       3.7001
 -17.345  -29.467       3.2869
 -17.345  -26.309       4.1133
 -17.345  -23.151       4.1133
 -17.345  -19.993       4.1133
 -17.345  -16.835       4.1133
 -17.345  -13.677       4.1133
 -17.345  -10.518       4.1133
 -17.345   -7.360       4.1133
 -17.345   -4.202       4.1133
 -17.345   -1.044       4.1133
 -17.345    2.114       4.1133
 -17.345    5.272       4.1133
 -17.345    8.430       4.1133
 -17.345   11.589       4.1133
 -17.345   14.747       4.1133
 -17.345   17.905       4.1133
 -17.345   21.063       4.1133
 -17.345   24.221       4.1133
 -17.345   27.379       4.1133
 -17.345   30.537       4.1133
 -17.345   33.696       4.1133
 -17.345   36.854       4.1133
 -17.345   40.012       4.1133
 -17.345   43.170       4.1133
 -17.345   46.328       4.1133
 -17.345   49.486       4.1133
 -17.345   52.644       4.1133
 -17.345   55.803       4.1133
 -17.345   58.961       4.1133
 -17.345   62.119       4.1133
 -17.345   65.277       4.1133
 -17.345   68.435       4.1133
 -17.345   71.593       4.1133
 -17.345   74.751       4.1133
 -17.345   77.910       4.1133
 -17.345   81.068       4.1133
 -17.345   84.226       4.1133
 -17.345   87.384       4.1133
 -17.345   90.542       4.1133
 -17.345   93.700       4.1133
 -17.345   96.858       4.1133
 -17.345  100.017       4.1133
 -17.345  103.175       4.1133
 -17.345  106.333       4.1133
 -17.345  109.491       4.1133
 -17.345  112.649       4.1133
 -17.345  115.807       4.1133
 -17.345  118.965       4.1133
 -17.345  122.124       4.1133
 -17.345  125.282       4.1133
 -17.345  128.440       4.1133
 -17.345  131.598       4.1133
 -17.345  134.756       4.1133
 -17.345  137.914       4.1133
 -17.345  141.072       4.1133
 -17.345  144.230       4.1133
 -17.345  147.389       4.1133
 -17.345  150.547       4.1133
 -17.345  153.705       4.1133
 -17.345  156.863       4.1133
 -17.345  160.021       4.1133
 -17.345  163.179       4.1133
 -17.345  166.337       4.1133
 -17.345  169.496       4.1133
 -17.345  172.654       4.1133
 -17.345  175.812       4.1133
 -17.345  178.970       4.1133
 -17.345  182.128       4.1133
 -17.345  185.286       4.1133
 -17.345  188.444       4.1133
 -17.345  191.603       4.1133
 -17.345  194.761       4.1133
 -17.345  197.919       4.1133
 -17.345  201.077       4.1133
 -17.345  204.235       4.1133
 -17.345  207.393       4.1133
 -17.345  210.551       4.1133
 -17.345  213.710       4.1133
 -17.345  216.868       4.1133
 -17.345  220.026       4.1133
