-333.314 -121.372       4.5132
-333.314 -117.512       4.5132
-333.314 -113.652       4.5132
-333.314 -109.792       4.5132
-333.314 -105.932       4.5132
-333.314 -102.072       4.5132
-333.314  -98.212       4.5132
-333.314  -94.352       4.5132
-333.314  -90.492       4.5132
-333.314  -86.633       4.5132
-333.314  -82.773       4.5132
-333.314  -78.913       4.5132
-333.314  -75.053       4.5132
-333.314  -71.193       4.5132
-333.314  -67.333       4.5132
-333.314  -63.473       4.5132
-333.314  -59.613       4.5132
-333.314  -55.753       4.5132
-333.314  -51.893       4.5132
-333.314  -48.033       4.5132
-333.314  -44.173       4.5132
-333.314  -40.313       4.5132
-333.314  -36.453       4.5132
-333.314  -32.593       4.5132
-333.314  -28.733       4.5132
-333.314  -24.873       4.5132
-333.314  -21.014       4.5132
-333.314  -17.154       4.5132
-333.314  -13.294       4.5132
-333.314   -9.434       4.5132
-333.314   -5.574       4.5132
-333.314   -1.714       4.5132
-333.314    2.146       4.5132
-333.314    6.006       4.5132
-333.314    9.866       4.5132
-333.314   13.726       4.5132
-333.314   17.586       4.5132
-333.314   21.446       4.1000
-333.314   25.306       2.7901
-333.314   29.166       3.0318
-333.314   33.026       4.1000
-333.314   36.886       3.6867
-333.314   40.745       3.1405
-333.314   44.605       3.6867
-333.314   48.465       4.5132
-333.314   52.325       4.5132
-333.314   56.185       4.5132
-333.314   60.045       4.5132
-333.314   63.905       4.5132
-333.314   67.765       4.5132
-333.314   71.625       4.5132
-333.314   75.485       4.5132
-333.314   79.345       4.5132
-333.314   83.205       4.5132
-333.314   87.065       4.5132
-333.314   90.925       4.5132
-333.314   94.785       4.5132
-333.314   98.645       4.5132
-333.314  102.505       4.5132
-333.314  106.364       4.5132
-333.314  110.224       4.5132
-333.314  114.084       4.5132
-333.314  117.944       4.5132
-333.314  121.804       4.5132
-333.314  125.664       4.5132
-333.314  129.524       4.5132
-333.314  133.384       4.5132
-333.314  137.244       4.5132
-333.314  141.104       4.5132
-333.314  144.964       4.5132
-333.314  148.824       4.5132
-333.314  152.684       4.5132
-333.314  156.544       4.5132
-333.314  160.404       4.5132
-333.314  164.264       4.5132
-333.314  168.124       4.5132
-333.314  171.983       4.5132
-333.314  175.843       4.5132
-333.314  179.703       4.5132
-333.314  183.563       4.5132
-333.314  187.423       4.5132
-333.314  191.283       4.1000
-333.314  195.143       4.5132
-333.314  199.003       4.5132
-333.314  202.863       4.5132
-333.314  206.723       4.5132
-333.314  210.583       4.5132
-333.314  214.443       4.5132
-333.314  218.303       4.5132
-333.314  222.163       4.5132
-333.314  226.023       4.5132
-333.314  229.883       4.5132
-333.314  233.742       4.5132
-333.314  237.602       4.5132
-333.314  241.462       4.5132
-333.314  245.322       4.5132
-333.314  249.182       4.5132
-333.314  253.042       4.5132
-333.314  256.902       4.5132
-333.314  260.762       4.5132
-330.245 -121.372       4.5132
-330.245 -117.512       4.5132
-330.245 -113.652       4.5132
-330.245 -109.792       4.5132
-330.245 -105.932       4.5132
-330.245 -102.072       4.5132
-330.245  -98.212       4.5132
-330.245  -94.352       4.5132
-330.245  -90.492       4.5132
-330.245  -86.633       4.5132
-330.245  -82.773       4.5132
-330.245  -78.913       4.5132
-330.245  -75.053       4.5132
-330.245  -71.193       4.5132
-330.245  -67.333       4.5132
-330.245  -63.473       4.5132
-330.245  -59.613       4.5132
-330.245  -55.753       4.5132
-330.245  -51.893       4.5132
-330.245  -48.033       4.5132
-330.245  -44.173       4.5132
-330.245  -40.313       4.5132
-330.245  -36.453       4.5132
-330.245  -32.593       4.5132
-330.245  -28.733       4.5132
-330.245  -24.873       4.5132
-330.245  -21.014       4.5132
-330.245  -17.154       4.5132
-330.245  -13.294       4.5132
-330.245   -9.434       4.5132
-330.245   -5.574       4.5132
-330.245   -1.714       4.5132
-330.245    2.146       4.5132
-330.245    6.006       4.5132
-330.245    9.866       2.7901
-330.245   13.726       2.9399
-330.245   17.586       4.1000
-330.245   21.446       2.8603
-330.245   25.306       2.2053
-330.245   29.166       2.2850
-330.245   33.026       2.2053
-330.245   36.886       2.2307
-330.245   40.745       2.6186
-330.245   44.605       3.1405
-330.245   48.465       4.5132
-330.245   52.325       4.5132
-330.245   56.185       4.5132
-330.245   60.045       4.5132
-330.245   63.905       4.5132
-330.245   67.765       4.5132
-330.245   71.625       4.5132
-330.245   75.485       4.5132
-330.245   79.345       4.5132
-330.245   83.205       4.5132
-330.245   87.065       4.5132
-330.245   90.925       4.5132
-330.245   94.785       4.5132
-330.245   98.645       4.5132
-330.245  102.505       4.5132
-330.245  106.364       4.5132
-330.245  110.224       4.5132
-330.245  114.084       4.5132
-330.245  117.944       4.5132
-330.245  121.804       4.5132
-330.245  125.664       4.5132
-330.245  129.524       4.5132
-330.245  133.384       4.5132
-330.245  137.244       4.5132
-330.245  141.104       4.5132
-330.245  144.964       4.5132
-330.245  148.824       4.5132
-330.245  152.684       4.5132
-330.245  156.544       4.5132
-330.245  160.404       4.5132
-330.245  164.264       4.5132
-330.245  168.124       4.5132
-330.245  171.983       4.5132
-330.245  175.843       4.5132
-330.245  179.703       4.5132
-330.245  183.563       4.5132
-330.245  187.423       4.5132
-330.245  191.283       4.5132
-330.245  195.143       4.5132
-330.245  199.003       4.5132
-330.245  202.863       4.5132
-330.245  206.723       4.5132
-330.245  210.583       4.5132
-330.245  214.443       4.5132
-330.245  218.303       4.5132
-330.245  222.163       4.5132
-330.245  226.023       4.5132
-330.245  229.883       4.5132
-330.245  233.742       4.5132
-330.245  237.602       4.5132
-330.245  241.462       4.5132
-330.245  245.322       4.5132
-330.245  249.182       4.5132
-330.245  253.042       4.5132
-330.245  256.902       4.5132
-330.245  260.762       4.5132
-327.177 -121.372       4.5132
-327.177 -117.512       4.5132
-327.177 -113.652       4.5132
-327.177 -109.792       4.5132
-327.177 -105.932       4.5132
-327.177 -102.072       4.5132
-327.177  -98.212       4.5132
-327.177  -94.352       4.5132
-327.177  -90.492       4.5132
-327.177  -86.633       4.5132
-327.177  -82.773       4.5132
-327.177  -78.913       4.5132
-327.177  -75.053       4.5132
-327.177  -71.193       4.5132
-327.177  -67.333       4.5132
-327.177  -63.473       4.5132
-327.177  -59.613       4.5132
-327.177  -55.753       4.5132
-327.177  -51.893       4.5132
-327.177  -48.033       4.5132
-327.177  -44.173       4.5132
-327.177  -40.313       4.5132
-327.177  -36.453       4.5132
-327.177  -32.593       4.5132
-327.177  -28.733       4.5132
-327.177  -24.873       4.5132
-327.177  -21.014       4.5132
-327.177  -17.154       4.5132
-327.177  -13.294       4.5132
-327.177   -9.434       4.5132
-327.177   -5.574       4.5132
-327.177   -1.714       4.5132
-327.177    2.146       3.4450
-327.177    6.006       2.7901
-327.177    9.866       2.1351
-327.177   13.726       2.7273
-327.177   17.586       2.5267
-327.177   21.446       2.5267
-327.177   25.306       2.0338
-327.177   29.166       1.8577
-327.177   33.026       2.3446
-327.177   36.886       2.2850
-327.177   40.745       2.3140
-327.177   44.605       2.9399
-327.177   48.465       4.5132
-327.177   52.325       4.5132
-327.177   56.185       4.5132
-327.177   60.045       4.5132
-327.177   63.905       4.5132
-327.177   67.765       4.5132
-327.177   71.625       4.5132
-327.177   75.485       4.5132
-327.177   79.345       4.5132
-327.177   83.205       4.5132
-327.177   87.065       4.5132
-327.177   90.925       4.5132
-327.177   94.785       4.5132
-327.177   98.645       4.5132
-327.177  102.505       4.5132
-327.177  106.364       4.5132
-327.177  110.224       4.5132
-327.177  114.084       4.5132
-327.177  117.944       4.5132
-327.177  121.804       4.5132
-327.177  125.664       4.5132
-327.177  129.524       4.5132
-327.177  133.384       4.5132
-327.177  137.244       4.5132
-327.177  141.104       4.5132
-327.177  144.964       4.5132
-327.177  148.824       4.5132
-327.177  152.684       4.5132
-327.177  156.544       4.5132
-327.177  160.404       4.5132
-327.177  164.264       4.5132
-327.177  168.124       4.5132
-327.177  171.983       4.5132
-327.177  175.843       4.5132
-327.177  179.703       4.5132
-327.177  183.563       4.5132
-327.177  187.423       4.5132
-327.177  191.283       4.5132
-327.177  195.143       4.5132
-327.177  199.003       4.5132
-327.177  202.863       4.5132
-327.177  206.723       4.5132
-327.177  210.583       4.5132
-327.177  214.443       4.5132
-327.177  218.303       4.5132
-327.177  222.163       4.5132
-327.177  226.023       4.5132
-327.177  229.883       4.5132
-327.177  233.742       4.5132
-327.177  237.602       4.5132
-327.177  241.462       4.5132
-327.177  245.322       4.5132
-327.177  249.182       4.5132
-327.177  253.042       4.5132
-327.177  256.902       4.5132
-327.177  260.762       4.5132
-324.108 -121.372       4.5132
-324.108 -117.512       4.5132
-324.108 -113.652       4.5132
-324.108 -109.792       4.5132
-324.108 -105.932       4.5132
-324.108 -102.072       4.5132
-324.108  -98.212       4.5132
-324.108  -94.352       4.5132
-324.108  -90.492       4.5132
-324.108  -86.633       4.5132
-324.108  -82.773       4.5132
-324.108  -78.913       4.5132
-324.108  -75.053       4.5132
-324.108  -71.193       4.5132
-324.108  -67.333       4.5132
-324.108  -63.473       4.5132
-324.108  -59.613       4.5132
-324.108  -55.753       4.5132
-324.108  -51.893       4.5132
-324.108  -48.033       4.5132
-324.108  -44.173       4.5132
-324.108  -40.313       4.5132
-324.108  -36.453       4.5132
-324.108  -32.593       4.5132
-324.108  -28.733       3.6867
-324.108  -24.873       4.1000
-324.108  -21.014       3.1405
-324.108  -17.154       2.9399
-324.108  -13.294       3.6867
-324.108   -9.434       4.5132
-324.108   -5.574       4.5132
-324.108   -1.714       3.4450
-324.108    2.146       2.4855
-324.108    6.006       2.3446
-324.108    9.866       1.7798
-324.108   13.726       1.8047
-324.108   17.586       2.1576
-324.108   21.446       2.2850
-324.108   25.306       2.3446
-324.108   29.166       2.0528
-324.108   33.026       4.5132
-324.108   36.886       3.0318
-324.108   40.745       2.7901
-324.108   44.605       3.4450
-324.108   48.465       3.1405
-324.108   52.325       4.5132
-324.108   56.185       4.5132
-324.108   60.045       4.5132
-324.108   63.905       4.5132
-324.108   67.765       4.5132
-324.108   71.625       4.5132
-324.108   75.485       4.5132
-324.108   79.345       4.5132
-324.108   83.205       3.4450
-324.108   87.065       3.6867
-324.108   90.925       3.4450
-324.108   94.785       4.5132
-324.108   98.645       4.5132
-324.108  102.505       4.5132
-324.108  106.364       4.5132
-324.108  110.224       4.5132
-324.108  114.084       4.5132
-324.108  117.944       4.5132
-324.108  121.804       4.5132
-324.108  125.664       4.5132
-324.108  129.524       4.5132
-324.108  133.384       4.5132
-324.108  137.244       4.5132
-324.108  141.104       4.5132
-324.108  144.964       4.5132
-324.108  148.824       4.5132
-324.108  152.684       4.5132
-324.108  156.544       4.5132
-324.108  160.404       4.5132
-324.108  164.264       4.5132
-324.108  168.124       4.5132
-324.108  171.983       4.5132
-324.108  175.843       4.5132
-324.108  179.703       4.5132
-324.108  183.563       4.5132
-324.108  187.423       4.5132
-324.108  191.283       4.5132
-324.108  195.143       4.5132
-324.108  199.003       4.5132
-324.108  202.863       4.5132
-324.108  206.723       4.5132
-324.108  210.583       4.5132
-324.108  214.443       4.5132
-324.108  218.303       4.5132
-324.108  222.163       4.5132
-324.108  226.023       4.5132
-324.108  229.883       4.5132
-324.108  233.742       4.5132
-324.108  237.602       4.5132
-324.108  241.462       4.5132
-324.108  245.322       4.5132
-324.108  249.182       4.5132
-324.108  253.042       4.5132
-324.108  256.902       4.5132
-324.108  260.762       4.5132
-321.040 -121.372       4.5132
-321.040 -117.512       4.5132
-321.040 -113.652       4.5132
-321.040 -109.792       4.5132
-321.040 -105.932       4.5132
-321.040 -102.072       4.5132
-321.040  -98.212       4.5132
-321.040  -94.352       4.5132
-321.040  -90.492       4.5132
-321.040  -86.633       4.5132
-321.040  -82.773       4.5132
-321.040  -78.913       4.5132
-321.040  -75.053       4.5132
-321.040  -71.193       4.5132
-321.040  -67.333       4.5132
-321.040  -63.473       4.5132
-321.040  -59.613       4.5132
-321.040  -55.753       4.5132
-321.040  -51.893       4.5132
-321.040  -48.033       4.5132
-321.040  -44.173       4.5132
-321.040  -40.313       4.5132
-321.040  -36.453       4.5132
-321.040  -32.593       2.3768
-321.040  -28.733       2.9399
-321.040  -24.873       2.3446
-321.040  -21.014       2.5709
-321.040  -17.154       2.2850
-321.040  -13.294       2.3446
-321.040   -9.434       3.0318
-321.040   -5.574       3.0318
-321.040   -1.714       1.9804
-321.040    2.146       1.7330
-321.040    6.006       1.8861
-321.040    9.866       1.7798
-321.040   13.726       2.0528
-321.040   17.586       2.3768
-321.040   21.446       2.5709
-321.040   25.306       2.0925
-321.040   29.166       2.0925
-321.040   33.026       2.8603
-321.040   36.886       2.7273
-321.040   40.745       2.7273
-321.040   44.605       2.5267
-321.040   48.465       2.4471
-321.040   52.325       2.9399
-321.040   56.185       3.6867
-321.040   60.045       4.5132
-321.040   63.905       4.5132
-321.040   67.765       4.5132
-321.040   71.625       4.5132
-321.040   75.485       4.1000
-321.040   79.345       3.1405
-321.040   83.205       2.9399
-321.040   87.065       3.6867
-321.040   90.925       3.0318
-321.040   94.785       4.5132
-321.040   98.645       4.5132
-321.040  102.505       4.5132
-321.040  106.364       4.5132
-321.040  110.224       4.5132
-321.040  114.084       4.5132
-321.040  117.944       4.5132
-321.040  121.804       4.5132
-321.040  125.664       4.5132
-321.040  129.524       4.5132
-321.040  133.384       4.5132
-321.040  137.244       4.5132
-321.040  141.104       4.5132
-321.040  144.964       4.5132
-321.040  148.824       4.5132
-321.040  152.684       4.5132
-321.040  156.544       4.5132
-321.040  160.404       4.5132
-321.040  164.264       4.5132
-321.040  168.124       4.5132
-321.040  171.983       4.5132
-321.040  175.843       4.5132
-321.040  179.703       4.5132
-321.040  183.563       4.5132
-321.040  187.423       4.5132
-321.040  191.283       4.5132
-321.040  195.143       4.5132
-321.040  199.003       4.5132
-321.040  202.863       4.5132
-321.040  206.723       4.5132
-321.040  210.583       4.5132
-321.040  214.443       4.5132
-321.040  218.303       4.5132
-321.040  222.163       4.5132
-321.040  226.023       4.5132
-321.040  229.883       4.5132
-321.040  233.742       4.5132
-321.040  237.602       4.5132
-321.040  241.462       4.5132
-321.040  245.322       4.5132
-321.040  249.182       4.5132
-321.040  253.042       4.5132
-321.040  256.902       4.5132
-321.040  260.762       4.5132
-317.971 -121.372       4.5132
-317.971 -117.512       4.5132
-317.971 -113.652       4.5132
-317.971 -109.792       4.5132
-317.971 -105.932       4.5132
-317.971 -102.072       4.5132
-317.971  -98.212       4.5132
-317.971  -94.352       4.5132
-317.971  -90.492       4.5132
-317.971  -86.633       4.5132
-317.971  -82.773       4.5132
-317.971  -78.913       4.5132
-317.971  -75.053       4.5132
-317.971  -71.193       4.5132
-317.971  -67.333       4.5132
-317.971  -63.473       4.5132
-317.971  -59.613       4.5132
-317.971  -55.753       4.5132
-317.971  -51.893       4.5132
-317.971  -48.033       4.5132
-317.971  -44.173       3.6867
-317.971  -40.313       3.2735
-317.971  -36.453       2.1810
-317.971  -32.593       2.5709
-317.971  -28.733       2.2053
-317.971  -24.873       1.8861
-317.971  -21.014       1.9636
-317.971  -17.154       2.0528
-317.971  -13.294       2.1134
-317.971   -9.434       2.4109
-317.971   -5.574       2.5267
-317.971   -1.714       1.5933
-317.971    2.146       1.3427
-317.971    6.006       1.6691
-317.971    9.866       2.1810
-317.971   13.726       2.3140
-317.971   17.586       1.7219
-317.971   21.446       2.0528
-317.971   25.306       1.5758
-317.971   29.166       1.5758
-317.971   33.026       1.4656
-317.971   36.886       1.6897
-317.971   40.745       2.6704
-317.971   44.605       2.1810
-317.971   48.465       2.5709
-317.971   52.325       2.7273
-317.971   56.185       3.2735
-317.971   60.045       4.1000
-317.971   63.905       4.5132
-317.971   67.765       4.5132
-317.971   71.625       2.6704
-317.971   75.485       2.7901
-317.971   79.345       3.1405
-317.971   83.205       2.2850
-317.971   87.065       2.6186
-317.971   90.925       2.7273
-317.971   94.785       4.5132
-317.971   98.645       3.2735
-317.971  102.505       4.5132
-317.971  106.364       4.5132
-317.971  110.224       4.5132
-317.971  114.084       4.5132
-317.971  117.944       4.5132
-317.971  121.804       4.5132
-317.971  125.664       4.5132
-317.971  129.524       4.5132
-317.971  133.384       4.5132
-317.971  137.244       4.5132
-317.971  141.104       4.5132
-317.971  144.964       4.5132
-317.971  148.824       4.5132
-317.971  152.684       4.5132
-317.971  156.544       4.5132
-317.971  160.404       4.5132
-317.971  164.264       4.5132
-317.971  168.124       4.5132
-317.971  171.983       4.5132
-317.971  175.843       4.5132
-317.971  179.703       4.5132
-317.971  183.563       4.5132
-317.971  187.423       4.5132
-317.971  191.283       4.5132
-317.971  195.143       4.5132
-317.971  199.003       4.5132
-317.971  202.863       4.5132
-317.971  206.723       4.5132
-317.971  210.583       4.5132
-317.971  214.443       4.5132
-317.971  218.303       4.5132
-317.971  222.163       4.5132
-317.971  226.023       4.5132
-317.971  229.883       4.5132
-317.971  233.742       4.5132
-317.971  237.602       4.5132
-317.971  241.462       4.5132
-317.971  245.322       4.5132
-317.971  249.182       4.5132
-317.971  253.042       4.5132
-317.971  256.902       4.5132
-317.971  260.762       4.5132
-314.902 -121.372       4.5132
-314.902 -117.512       4.5132
-314.902 -113.652       4.5132
-314.902 -109.792       4.5132
-314.902 -105.932       4.5132
-314.902 -102.072       4.5132
-314.902  -98.212       4.5132
-314.902  -94.352       4.5132
-314.902  -90.492       4.5132
-314.902  -86.633       4.5132
-314.902  -82.773       4.5132
-314.902  -78.913       4.5132
-314.902  -75.053       4.5132
-314.902  -71.193       4.5132
-314.902  -67.333       4.5132
-314.902  -63.473       3.1405
-314.902  -59.613       4.1000
-314.902  -55.753       4.1000
-314.902  -51.893       3.1405
-314.902  -48.033       3.1405
-314.902  -44.173       2.8603
-314.902  -40.313       2.2850
-314.902  -36.453       1.9473
-314.902  -32.593       1.8577
-314.902  -28.733       1.5261
-314.902  -24.873       1.6897
-314.902  -21.014       1.5261
-314.902  -17.154       1.7798
-314.902  -13.294       1.9804
-314.902   -9.434       2.2850
-314.902   -5.574       1.8175
-314.902   -1.714       1.5672
-314.902    2.146       1.5422
-314.902    6.006       2.0155
-314.902    9.866       3.1405
-314.902   13.726       2.4855
-314.902   17.586       2.0723
-314.902   21.446       1.7219
-314.902   25.306       1.5845
-314.902   29.166       1.8717
-314.902   33.026       1.6691
-314.902   36.886       1.5587
-314.902   40.745       2.4855
-314.902   44.605       2.7273
-314.902   48.465       3.4450
-314.902   52.325       4.5132
-314.902   56.185       3.4450
-314.902   60.045       2.3140
-314.902   63.905       2.6186
-314.902   67.765       3.0318
-314.902   71.625       2.9399
-314.902   75.485       2.3446
-314.902   79.345       2.4109
-314.902   83.205       2.5709
-314.902   87.065       1.8861
-314.902   90.925       2.2572
-314.902   94.785       2.4109
-314.902   98.645       2.4855
-314.902  102.505       3.6867
-314.902  106.364       4.5132
-314.902  110.224       4.5132
-314.902  114.084       3.2735
-314.902  117.944       2.6186
-314.902  121.804       3.6867
-314.902  125.664       4.5132
-314.902  129.524       4.5132
-314.902  133.384       4.5132
-314.902  137.244       4.5132
-314.902  141.104       4.5132
-314.902  144.964       4.5132
-314.902  148.824       4.5132
-314.902  152.684       4.5132
-314.902  156.544       4.5132
-314.902  160.404       4.5132
-314.902  164.264       4.5132
-314.902  168.124       4.5132
-314.902  171.983       4.5132
-314.902  175.843       4.5132
-314.902  179.703       4.5132
-314.902  183.563       4.5132
-314.902  187.423       4.5132
-314.902  191.283       4.5132
-314.902  195.143       4.5132
-314.902  199.003       4.5132
-314.902  202.863       4.5132
-314.902  206.723       4.5132
-314.902  210.583       4.5132
-314.902  214.443       4.5132
-314.902  218.303       4.5132
-314.902  222.163       4.5132
-314.902  226.023       4.5132
-314.902  229.883       4.5132
-314.902  233.742       4.5132
-314.902  237.602       4.5132
-314.902  241.462       4.5132
-314.902  245.322       4.5132
-314.902  249.182       4.5132
-314.902  253.042       4.5132
-314.902  256.902       4.5132
-314.902  260.762       4.5132
-311.834 -121.372       4.5132
-311.834 -117.512       4.5132
-311.834 -113.652       4.5132
-311.834 -109.792       4.5132
-311.834 -105.932       4.5132
-311.834 -102.072       4.5132
-311.834  -98.212       4.5132
-311.834  -94.352       4.5132
-311.834  -90.492       4.5132
-311.834  -86.633       4.5132
-311.834  -82.773       4.5132
-311.834  -78.913       4.5132
-311.834  -75.053       4.5132
-311.834  -71.193       3.2735
-311.834  -67.333       2.6704
-311.834  -63.473       2.2053
-311.834  -59.613       1.8861
-311.834  -55.753       1.9473
-311.834  -51.893       1.7330
-311.834  -48.033       2.4855
-311.834  -44.173       2.3768
-311.834  -40.313       2.2572
-311.834  -36.453       2.4471
-311.834  -32.593       1.7219
-311.834  -28.733       1.7921
-311.834  -24.873       1.8717
-311.834  -21.014       1.9314
-311.834  -17.154       1.8577
-311.834  -13.294       2.4109
-311.834   -9.434       1.4585
-311.834   -5.574       1.5341
-311.834   -1.714       1.8440
-311.834    2.146       2.4471
-311.834    6.006       2.4855
-311.834    9.866       2.6186
-311.834   13.726       2.3446
-311.834   17.586       3.2735
-311.834   21.446       2.7273
-311.834   25.306       3.0318
-311.834   29.166       3.0318
-311.834   33.026       3.1405
-311.834   36.886       1.9977
-311.834   40.745       2.4109
-311.834   44.605       3.6867
-311.834   48.465       4.5132
-311.834   52.325       4.5132
-311.834   56.185       3.6867
-311.834   60.045       2.4471
-311.834   63.905       2.6704
-311.834   67.765       3.6867
-311.834   71.625       3.4450
-311.834   75.485       2.6186
-311.834   79.345       2.3446
-311.834   83.205       2.0925
-311.834   87.065       1.7444
-311.834   90.925       1.9473
-311.834   94.785       1.8047
-311.834   98.645       1.8577
-311.834  102.505       2.3768
-311.834  106.364       3.1405
-311.834  110.224       3.4450
-311.834  114.084       2.3140
-311.834  117.944       1.9159
-311.834  121.804       2.4109
-311.834  125.664       4.5132
-311.834  129.524       4.5132
-311.834  133.384       4.5132
-311.834  137.244       4.5132
-311.834  141.104       4.5132
-311.834  144.964       4.5132
-311.834  148.824       4.5132
-311.834  152.684       4.5132
-311.834  156.544       4.5132
-311.834  160.404       4.5132
-311.834  164.264       4.5132
-311.834  168.124       4.5132
-311.834  171.983       4.5132
-311.834  175.843       4.5132
-311.834  179.703       4.5132
-311.834  183.563       4.5132
-311.834  187.423       4.5132
-311.834  191.283       4.5132
-311.834  195.143       4.5132
-311.834  199.003       4.5132
-311.834  202.863       4.5132
-311.834  206.723       4.5132
-311.834  210.583       4.5132
-311.834  214.443       4.5132
-311.834  218.303       4.5132
-311.834  222.163       4.5132
-311.834  226.023       4.5132
-311.834  229.883       4.5132
-311.834  233.742       4.5132
-311.834  237.602       4.5132
-311.834  241.462       4.5132
-311.834  245.322       4.5132
-311.834  249.182       4.5132
-311.834  253.042       4.5132
-311.834  256.902       4.5132
-311.834  260.762       4.5132
-308.765 -121.372       4.5132
-308.765 -117.512       4.5132
-308.765 -113.652       4.5132
-308.765 -109.792       4.5132
-308.765 -105.932       4.5132
-308.765 -102.072       4.5132
-308.765  -98.212       3.4450
-308.765  -94.352       4.1000
-308.765  -90.492       4.5132
-308.765  -86.633       4.5132
-308.765  -82.773       4.5132
-308.765  -78.913       4.5132
-308.765  -75.053       4.5132
-308.765  -71.193       3.0318
-308.765  -67.333       2.2572
-308.765  -63.473       1.4951
-308.765  -59.613       1.4376
-308.765  -55.753       1.3427
-308.765  -51.893       1.8577
-308.765  -48.033       1.9636
-308.765  -44.173       1.9008
-308.765  -40.313       2.5267
-308.765  -36.453       2.4109
-308.765  -32.593       1.7798
-308.765  -28.733       2.0528
-308.765  -24.873       2.0338
-308.765  -21.014       3.0318
-308.765  -17.154       2.8603
-308.765  -13.294       2.2307
-308.765   -9.434       2.1134
-308.765   -5.574       2.1351
-308.765   -1.714       2.9399
-308.765    2.146       3.4450
-308.765    6.006       4.1000
-308.765    9.866       4.5132
-308.765   13.726       3.6867
-308.765   17.586       4.5132
-308.765   21.446       4.5132
-308.765   25.306       4.5132
-308.765   29.166       4.5132
-308.765   33.026       4.5132
-308.765   36.886       3.6867
-308.765   40.745       3.6867
-308.765   44.605       4.5132
-308.765   48.465       4.5132
-308.765   52.325       4.5132
-308.765   56.185       4.5132
-308.765   60.045       3.6867
-308.765   63.905       4.5132
-308.765   67.765       4.5132
-308.765   71.625       4.5132
-308.765   75.485       2.9399
-308.765   79.345       2.5267
-308.765   83.205       2.3140
-308.765   87.065       1.9473
-308.765   90.925       2.0155
-308.765   94.785       2.1134
-308.765   98.645       1.7678
-308.765  102.505       1.6395
-308.765  106.364       1.7219
-308.765  110.224       2.2572
-308.765  114.084       1.8306
-308.765  117.944       1.6023
-308.765  121.804       1.9473
-308.765  125.664       2.5709
-308.765  129.524       2.5709
-308.765  133.384       3.6867
-308.765  137.244       4.5132
-308.765  141.104       4.5132
-308.765  144.964       4.5132
-308.765  148.824       4.5132
-308.765  152.684       3.4450
-308.765  156.544       4.5132
-308.765  160.404       4.5132
-308.765  164.264       4.5132
-308.765  168.124       4.5132
-308.765  171.983       4.5132
-308.765  175.843       4.5132
-308.765  179.703       4.5132
-308.765  183.563       4.5132
-308.765  187.423       4.5132
-308.765  191.283       4.5132
-308.765  195.143       4.5132
-308.765  199.003       4.5132
-308.765  202.863       4.5132
-308.765  206.723       4.5132
-308.765  210.583       4.5132
-308.765  214.443       4.5132
-308.765  218.303       4.5132
-308.765  222.163       4.5132
-308.765  226.023       4.5132
-308.765  229.883       4.5132
-308.765  233.742       4.5132
-308.765  237.602       4.5132
-308.765  241.462       4.5132
-308.765  245.322       4.5132
-308.765  249.182       4.5132
-308.765  253.042       4.5132
-308.765  256.902       4.5132
-308.765  260.762       4.5132
-305.697 -121.372       4.5132
-305.697 -117.512       4.5132
-305.697 -113.652       4.5132
-305.697 -109.792       4.5132
-305.697 -105.932       4.5132
-305.697 -102.072       4.5132
-305.697  -98.212       2.7273
-305.697  -94.352       3.4450
-305.697  -90.492       3.6867
-305.697  -86.633       4.5132
-305.697  -82.773       3.1405
-305.697  -78.913       3.1405
-305.697  -75.053       4.1000
-305.697  -71.193       2.0723
-305.697  -67.333       1.8440
-305.697  -63.473       1.1845
-305.697  -59.613       1.1208
-305.697  -55.753       1.4951
-305.697  -51.893       1.7921
-305.697  -48.033       2.0925
-305.697  -44.173       1.7444
-305.697  -40.313       1.6395
-305.697  -36.453       1.8175
-305.697  -32.593       1.7560
-305.697  -28.733       1.6492
-305.697  -24.873       2.0528
-305.697  -21.014       3.1405
-305.697  -17.154       2.1351
-305.697  -13.294       2.0723
-305.697   -9.434       2.5709
-305.697   -5.574       4.1000
-305.697   -1.714       4.5132
-305.697    2.146       4.5132
-305.697    6.006       4.5132
-305.697    9.866       4.5132
-305.697   13.726       4.5132
-305.697   17.586       4.5132
-305.697   21.446       4.5132
-305.697   25.306       4.5132
-305.697   29.166       4.5132
-305.697   33.026       4.5132
-305.697   36.886       4.5132
-305.697   40.745       4.5132
-305.697   44.605       4.5132
-305.697   48.465       4.5132
-305.697   52.325       4.5132
-305.697   56.185       4.5132
-305.697   60.045       4.5132
-305.697   63.905       4.5132
-305.697   67.765       4.5132
-305.697   71.625       4.5132
-305.697   75.485       4.5132
-305.697   79.345       3.6867
-305.697   83.205       3.2735
-305.697   87.065       2.5267
-305.697   90.925       1.9473
-305.697   94.785       2.0155
-305.697   98.645       1.8861
-305.697  102.505       1.5672
-305.697  106.364       1.7921
-305.697  110.224       1.7921
-305.697  114.084       1.2311
-305.697  117.944       1.5027
-305.697  121.804       1.7921
-305.697  125.664       1.5504
-305.697  129.524       2.1351
-305.697  133.384       2.6186
-305.697  137.244       3.4450
-305.697  141.104       2.9399
-305.697  144.964       2.7273
-305.697  148.824       2.9399
-305.697  152.684       4.5132
-305.697  156.544       3.4450
-305.697  160.404       4.5132
-305.697  164.264       4.5132
-305.697  168.124       4.5132
-305.697  171.983       4.5132
-305.697  175.843       4.5132
-305.697  179.703       4.5132
-305.697  183.563       4.5132
-305.697  187.423       4.5132
-305.697  191.283       4.5132
-305.697  195.143       4.5132
-305.697  199.003       4.5132
-305.697  202.863       4.5132
-305.697  206.723       4.5132
-305.697  210.583       4.5132
-305.697  214.443       4.5132
-305.697  218.303       4.5132
-305.697  222.163       4.5132
-305.697  226.023       4.5132
-305.697  229.883       4.5132
-305.697  233.742       4.5132
-305.697  237.602       4.5132
-305.697  241.462       4.5132
-305.697  245.322       4.5132
-305.697  249.182       4.5132
-305.697  253.042       4.5132
-305.697  256.902       4.5132
-305.697  260.762       4.5132
-302.628 -121.372       4.5132
-302.628 -117.512       4.5132
-302.628 -113.652       4.5132
-302.628 -109.792       4.5132
-302.628 -105.932       3.4450
-302.628 -102.072       2.8603
-302.628  -98.212       2.5267
-302.628  -94.352       3.1405
-302.628  -90.492       2.7273
-302.628  -86.633       3.4450
-302.628  -82.773       1.9636
-302.628  -78.913       2.2850
-302.628  -75.053       2.3446
-302.628  -71.193       2.0155
-302.628  -67.333       1.2215
-302.628  -63.473       1.1089
-302.628  -59.613       1.1168
-302.628  -55.753       1.4729
-302.628  -51.893       2.1134
-302.628  -48.033       2.3446
-302.628  -44.173       1.5182
-302.628  -40.313       1.2870
-302.628  -36.453       1.9473
-302.628  -32.593       1.9314
-302.628  -28.733       2.2850
-302.628  -24.873       3.1405
-302.628  -21.014       3.2735
-302.628  -17.154       3.0318
-302.628  -13.294       3.0318
-302.628   -9.434       3.2735
-302.628   -5.574       4.5132
-302.628   -1.714       4.5132
-302.628    2.146       4.5132
-302.628    6.006       4.5132
-302.628    9.866       4.5132
-302.628   13.726       4.5132
-302.628   17.586       4.5132
-302.628   21.446       4.5132
-302.628   25.306       4.5132
-302.628   29.166       4.5132
-302.628   33.026       4.5132
-302.628   36.886       4.5132
-302.628   40.745       4.5132
-302.628   44.605       4.5132
-302.628   48.465       4.5132
-302.628   52.325       4.5132
-302.628   56.185       4.5132
-302.628   60.045       4.5132
-302.628   63.905       4.5132
-302.628   67.765       4.5132
-302.628   71.625       4.5132
-302.628   75.485       4.5132
-302.628   79.345       4.5132
-302.628   83.205       4.5132
-302.628   87.065       3.4450
-302.628   90.925       2.0338
-302.628   94.785       1.8861
-302.628   98.645       1.9314
-302.628  102.505       1.4376
-302.628  106.364       1.3666
-302.628  110.224       1.8306
-302.628  114.084       1.0382
-302.628  117.944       0.8738
-302.628  121.804       1.1010
-302.628  125.664       1.2508
-302.628  129.524       1.7444
-302.628  133.384       2.7273
-302.628  137.244       3.1405
-302.628  141.104       2.2307
-302.628  144.964       2.5267
-302.628  148.824       2.4855
-302.628  152.684       2.4855
-302.628  156.544       4.5132
-302.628  160.404       3.6867
-302.628  164.264       4.5132
-302.628  168.124       4.5132
-302.628  171.983       4.5132
-302.628  175.843       4.5132
-302.628  179.703       4.5132
-302.628  183.563       4.5132
-302.628  187.423       4.5132
-302.628  191.283       4.5132
-302.628  195.143       4.5132
-302.628  199.003       4.5132
-302.628  202.863       4.5132
-302.628  206.723       4.5132
-302.628  210.583       4.5132
-302.628  214.443       4.5132
-302.628  218.303       4.5132
-302.628  222.163       4.5132
-302.628  226.023       4.5132
-302.628  229.883       4.5132
-302.628  233.742       4.5132
-302.628  237.602       4.5132
-302.628  241.462       4.5132
-302.628  245.322       4.5132
-302.628  249.182       4.5132
-302.628  253.042       4.5132
-302.628  256.902       4.5132
-302.628  260.762       4.5132
-299.559 -121.372       4.5132
-299.559 -117.512       4.5132
-299.559 -113.652       4.5132
-299.559 -109.792       3.6867
-299.559 -105.932       2.3140
-299.559 -102.072       2.3768
-299.559  -98.212       1.9314
-299.559  -94.352       2.2572
-299.559  -90.492       2.2053
-299.559  -86.633       2.3140
-299.559  -82.773       1.9314
-299.559  -78.913       2.5267
-299.559  -75.053       1.9159
-299.559  -71.193       1.6492
-299.559  -67.333       1.1289
-299.559  -63.473       1.1890
-299.559  -59.613       1.4240
-299.559  -55.753       1.8047
-299.559  -51.893       2.1576
-299.559  -48.033       1.6591
-299.559  -44.173       1.3727
-299.559  -40.313       1.6300
-299.559  -36.453       2.3140
-299.559  -32.593       2.7901
-299.559  -28.733       4.5132
-299.559  -24.873       4.1000
-299.559  -21.014       4.5132
-299.559  -17.154       4.5132
-299.559  -13.294       4.5132
-299.559   -9.434       4.5132
-299.559   -5.574       4.5132
-299.559   -1.714       4.5132
-299.559    2.146       4.5132
-299.559    6.006       4.5132
-299.559    9.866       4.5132
-299.559   13.726       4.5132
-299.559   17.586       4.5132
-299.559   21.446       4.5132
-299.559   25.306       4.5132
-299.559   29.166       4.5132
-299.559   33.026       4.5132
-299.559   36.886       4.5132
-299.559   40.745       4.5132
-299.559   44.605       4.5132
-299.559   48.465       4.5132
-299.559   52.325       4.5132
-299.559   56.185       4.5132
-299.559   60.045       4.5132
-299.559   63.905       4.5132
-299.559   67.765       4.5132
-299.559   71.625       4.5132
-299.559   75.485       4.5132
-299.559   79.345       4.5132
-299.559   83.205       4.5132
-299.559   87.065       3.2735
-299.559   90.925       2.6186
-299.559   94.785       2.6186
-299.559   98.645       2.0338
-299.559  102.505       1.7678
-299.559  106.364       1.8861
-299.559  110.224       1.7560
-299.559  114.084       1.1582
-299.559  117.944       0.8059
-299.559  121.804       0.8083
-299.559  125.664       0.8872
-299.559  129.524       1.3032
-299.559  133.384       2.0528
-299.559  137.244       3.4450
-299.559  141.104       3.1405
-299.559  144.964       3.0318
-299.559  148.824       2.3140
-299.559  152.684       2.7901
-299.559  156.544       3.4450
-299.559  160.404       3.0318
-299.559  164.264       4.1000
-299.559  168.124       4.5132
-299.559  171.983       4.5132
-299.559  175.843       4.5132
-299.559  179.703       4.5132
-299.559  183.563       4.5132
-299.559  187.423       4.5132
-299.559  191.283       4.5132
-299.559  195.143       4.5132
-299.559  199.003       4.5132
-299.559  202.863       4.5132
-299.559  206.723       4.5132
-299.559  210.583       4.5132
-299.559  214.443       4.5132
-299.559  218.303       4.5132
-299.559  222.163       4.5132
-299.559  226.023       4.5132
-299.559  229.883       4.5132
-299.559  233.742       4.5132
-299.559  237.602       4.5132
-299.559  241.462       4.5132
-299.559  245.322       4.5132
-299.559  249.182       4.5132
-299.559  253.042       4.5132
-299.559  256.902       4.5132
-299.559  260.762       4.5132
-296.491 -121.372       4.5132
-296.491 -117.512       4.5132
-296.491 -113.652       4.1000
-296.491 -109.792       3.0318
-296.491 -105.932       2.2572
-296.491 -102.072       2.0155
-296.491  -98.212       1.8306
-296.491  -94.352       1.9804
-296.491  -90.492       2.7273
-296.491  -86.633       3.0318
-296.491  -82.773       2.8603
-296.491  -78.913       2.4855
-296.491  -75.053       1.7678
-296.491  -71.193       1.5933
-296.491  -67.333       1.4585
-296.491  -63.473       1.3789
-296.491  -59.613       1.6114
-296.491  -55.753       1.8306
-296.491  -51.893       1.4174
-296.491  -48.033       1.4514
-296.491  -44.173       1.4729
-296.491  -40.313       1.8861
-296.491  -36.453       2.7901
-296.491  -32.593       3.0318
-296.491  -28.733       4.5132
-296.491  -24.873       4.5132
-296.491  -21.014       4.5132
-296.491  -17.154       4.5132
-296.491  -13.294       4.5132
-296.491   -9.434       4.5132
-296.491   -5.574       4.5132
-296.491   -1.714       4.5132
-296.491    2.146       4.5132
-296.491    6.006       4.5132
-296.491    9.866       4.5132
-296.491   13.726       4.5132
-296.491   17.586       4.5132
-296.491   21.446       4.5132
-296.491   25.306       4.5132
-296.491   29.166       4.5132
-296.491   33.026       4.5132
-296.491   36.886       4.5132
-296.491   40.745       4.5132
-296.491   44.605       4.5132
-296.491   48.465       4.5132
-296.491   52.325       4.5132
-296.491   56.185       4.5132
-296.491   60.045       4.5132
-296.491   63.905       4.5132
-296.491   67.765       4.5132
-296.491   71.625       4.5132
-296.491   75.485       4.5132
-296.491   79.345       4.5132
-296.491   83.205       4.5132
-296.491   87.065       4.5132
-296.491   90.925       4.5132
-296.491   94.785       3.2735
-296.491   98.645       2.6186
-296.491  102.505       2.6704
-296.491  106.364       2.3140
-296.491  110.224       2.2053
-296.491  114.084       1.3486
-296.491  117.944       1.0075
-296.491  121.804       0.8228
-296.491  125.664       0.6146
-296.491  129.524       0.8179
-296.491  133.384       0.9179
-296.491  137.244       2.1810
-296.491  141.104       4.1000
-296.491  144.964       3.4450
-296.491  148.824       2.6704
-296.491  152.684       2.9399
-296.491  156.544       2.8603
-296.491  160.404       2.8603
-296.491  164.264       3.2735
-296.491  168.124       3.4450
-296.491  171.983       4.5132
-296.491  175.843       4.5132
-296.491  179.703       4.5132
-296.491  183.563       4.5132
-296.491  187.423       4.5132
-296.491  191.283       4.5132
-296.491  195.143       4.5132
-296.491  199.003       4.5132
-296.491  202.863       4.5132
-296.491  206.723       4.5132
-296.491  210.583       4.5132
-296.491  214.443       4.5132
-296.491  218.303       4.5132
-296.491  222.163       4.5132
-296.491  226.023       4.5132
-296.491  229.883       4.5132
-296.491  233.742       4.5132
-296.491  237.602       4.5132
-296.491  241.462       4.5132
-296.491  245.322       4.5132
-296.491  249.182       4.5132
-296.491  253.042       4.5132
-296.491  256.902       4.5132
-296.491  260.762       4.5132
-293.422 -121.372       4.5132
-293.422 -117.512       4.5132
-293.422 -113.652       3.2735
-293.422 -109.792       2.6186
-293.422 -105.932       2.2053
-293.422 -102.072       1.5758
-293.422  -98.212       1.4585
-293.422  -94.352       2.0723
-293.422  -90.492       2.4855
-293.422  -86.633       2.6186
-293.422  -82.773       2.7901
-293.422  -78.913       1.8440
-293.422  -75.053       1.6897
-293.422  -71.193       1.3427
-293.422  -67.333       1.2870
-293.422  -63.473       1.4043
-293.422  -59.613       1.8047
-293.422  -55.753       1.5261
-293.422  -51.893       1.6300
-293.422  -48.033       1.8047
-293.422  -44.173       1.7560
-293.422  -40.313       2.3140
-293.422  -36.453       2.3768
-293.422  -32.593       2.4471
-293.422  -28.733       3.6867
-293.422  -24.873       4.5132
-293.422  -21.014       4.5132
-293.422  -17.154       4.5132
-293.422  -13.294       4.5132
-293.422   -9.434       4.5132
-293.422   -5.574       4.5132
-293.422   -1.714       4.5132
-293.422    2.146       4.5132
-293.422    6.006       4.5132
-293.422    9.866       4.5132
-293.422   13.726       4.5132
-293.422   17.586       4.5132
-293.422   21.446       4.5132
-293.422   25.306       4.5132
-293.422   29.166       4.5132
-293.422   33.026       4.5132
-293.422   36.886       4.5132
-293.422   40.745       4.5132
-293.422   44.605       4.5132
-293.422   48.465       4.5132
-293.422   52.325       4.5132
-293.422   56.185       4.5132
-293.422   60.045       4.5132
-293.422   63.905       4.5132
-293.422   67.765       4.5132
-293.422   71.625       4.5132
-293.422   75.485       4.5132
-293.422   79.345       4.5132
-293.422   83.205       4.5132
-293.422   87.065       4.5132
-293.422   90.925       4.5132
-293.422   94.785       3.2735
-293.422   98.645       4.5132
-293.422  102.505       4.5132
-293.422  106.364       2.3140
-293.422  110.224       1.8175
-293.422  114.084       1.7110
-293.422  117.944       1.2215
-293.422  121.804       1.1249
-293.422  125.664       0.9534
-293.422  129.524       0.8179
-293.422  133.384       0.8554
-293.422  137.244       1.2459
-293.422  141.104       2.1134
-293.422  144.964       2.0925
-293.422  148.824       2.2307
-293.422  152.684       2.4471
-293.422  156.544       2.5709
-293.422  160.404       2.2053
-293.422  164.264       2.9399
-293.422  168.124       2.7273
-293.422  171.983       4.1000
-293.422  175.843       4.5132
-293.422  179.703       4.5132
-293.422  183.563       4.5132
-293.422  187.423       4.5132
-293.422  191.283       4.5132
-293.422  195.143       4.5132
-293.422  199.003       4.5132
-293.422  202.863       4.5132
-293.422  206.723       4.5132
-293.422  210.583       4.5132
-293.422  214.443       4.5132
-293.422  218.303       4.5132
-293.422  222.163       4.5132
-293.422  226.023       4.5132
-293.422  229.883       4.5132
-293.422  233.742       4.5132
-293.422  237.602       4.5132
-293.422  241.462       4.5132
-293.422  245.322       4.5132
-293.422  249.182       4.5132
-293.422  253.042       4.5132
-293.422  256.902       4.5132
-293.422  260.762       4.5132
-290.354 -121.372       3.2735
-290.354 -117.512       3.6867
-290.354 -113.652       3.4450
-290.354 -109.792       2.4855
-290.354 -105.932       1.9636
-290.354 -102.072       1.4308
-290.354  -98.212       1.8306
-290.354  -94.352       2.7901
-290.354  -90.492       3.4450
-290.354  -86.633       3.0318
-290.354  -82.773       2.1810
-290.354  -78.913       1.8306
-290.354  -75.053       1.4174
-290.354  -71.193       1.1455
-290.354  -67.333       1.6023
-290.354  -63.473       1.8577
-290.354  -59.613       1.7798
-290.354  -55.753       1.8861
-290.354  -51.893       2.4109
-290.354  -48.033       2.5709
-290.354  -44.173       3.0318
-290.354  -40.313       2.1134
-290.354  -36.453       2.0155
-290.354  -32.593       1.8861
-290.354  -28.733       2.4471
-290.354  -24.873       4.5132
-290.354  -21.014       4.5132
-290.354  -17.154       4.5132
-290.354  -13.294       4.5132
-290.354   -9.434       4.5132
-290.354   -5.574       4.5132
-290.354   -1.714       4.5132
-290.354    2.146       4.5132
-290.354    6.006       4.5132
-290.354    9.866       4.5132
-290.354   13.726       4.5132
-290.354   17.586       4.5132
-290.354   21.446       4.5132
-290.354   25.306       4.5132
-290.354   29.166       4.5132
-290.354   33.026       4.5132
-290.354   36.886       4.5132
-290.354   40.745       4.5132
-290.354   44.605       4.5132
-290.354   48.465       4.5132
-290.354   52.325       4.5132
-290.354   56.185       4.5132
-290.354   60.045       4.5132
-290.354   63.905       4.5132
-290.354   67.765       4.5132
-290.354   71.625       4.5132
-290.354   75.485       4.5132
-290.354   79.345       4.5132
-290.354   83.205       4.5132
-290.354   87.065       4.5132
-290.354   90.925       4.5132
-290.354   94.785       4.5132
-290.354   98.645       4.5132
-290.354  102.505       4.5132
-290.354  106.364       2.9399
-290.354  110.224       1.7798
-290.354  114.084       1.5504
-290.354  117.944       1.3255
-290.354  121.804       1.1249
-290.354  125.664       1.1497
-290.354  129.524       1.0633
-290.354  133.384       0.8900
-290.354  137.244       1.1089
-290.354  141.104       1.2764
-290.354  144.964       1.6591
-290.354  148.824       2.1351
-290.354  152.684       2.2307
-290.354  156.544       2.0925
-290.354  160.404       2.1351
-290.354  164.264       3.6867
-290.354  168.124       3.2735
-290.354  171.983       4.1000
-290.354  175.843       4.1000
-290.354  179.703       4.5132
-290.354  183.563       4.5132
-290.354  187.423       4.5132
-290.354  191.283       4.5132
-290.354  195.143       4.5132
-290.354  199.003       4.5132
-290.354  202.863       4.5132
-290.354  206.723       4.5132
-290.354  210.583       4.5132
-290.354  214.443       4.5132
-290.354  218.303       4.5132
-290.354  222.163       4.5132
-290.354  226.023       4.5132
-290.354  229.883       4.5132
-290.354  233.742       4.5132
-290.354  237.602       4.5132
-290.354  241.462       4.5132
-290.354  245.322       4.5132
-290.354  249.182       4.5132
-290.354  253.042       4.5132
-290.354  256.902       4.5132
-290.354  260.762       4.5132
-287.285 -121.372       3.2735
-287.285 -117.512       2.6704
-287.285 -113.652       2.7273
-287.285 -109.792       1.9473
-287.285 -105.932       2.1134
-287.285 -102.072       1.7921
-287.285  -98.212       2.3446
-287.285  -94.352       4.1000
-287.285  -90.492       3.6867
-287.285  -86.633       2.9399
-287.285  -82.773       2.0723
-287.285  -78.913       1.4951
-287.285  -75.053       1.3142
-287.285  -71.193       1.3605
-287.285  -67.333       1.8175
-287.285  -63.473       2.5709
-287.285  -59.613       2.1134
-287.285  -55.753       2.1576
-287.285  -51.893       2.5709
-287.285  -48.033       2.6704
-287.285  -44.173       2.5267
-287.285  -40.313       2.3140
-287.285  -36.453       1.8861
-287.285  -32.593       2.0338
-287.285  -28.733       3.2735
-287.285  -24.873       4.5132
-287.285  -21.014       4.5132
-287.285  -17.154       4.5132
-287.285  -13.294       4.5132
-287.285   -9.434       4.5132
-287.285   -5.574       4.5132
-287.285   -1.714       4.5132
-287.285    2.146       4.5132
-287.285    6.006       4.5132
-287.285    9.866       4.5132
-287.285   13.726       4.5132
-287.285   17.586       4.5132
-287.285   21.446       4.5132
-287.285   25.306       4.5132
-287.285   29.166       4.5132
-287.285   33.026       4.5132
-287.285   36.886       4.5132
-287.285   40.745       4.5132
-287.285   44.605       4.5132
-287.285   48.465       4.5132
-287.285   52.325       4.5132
-287.285   56.185       4.5132
-287.285   60.045       4.5132
-287.285   63.905       4.5132
-287.285   67.765       4.5132
-287.285   71.625       4.5132
-287.285   75.485       4.5132
-287.285   79.345       4.5132
-287.285   83.205       4.5132
-287.285   87.065       4.5132
-287.285   90.925       4.5132
-287.285   94.785       4.5132
-287.285   98.645       4.5132
-287.285  102.505       4.1000
-287.285  106.364       2.6186
-287.285  110.224       1.8717
-287.285  114.084       1.3032
-287.285  117.944       1.5104
-287.285  121.804       1.7002
-287.285  125.664       1.3032
-287.285  129.524       1.2610
-287.285  133.384       1.1049
-287.285  137.244       1.1128
-287.285  141.104       0.9237
-287.285  144.964       0.9295
-287.285  148.824       1.4951
-287.285  152.684       2.0925
-287.285  156.544       1.8440
-287.285  160.404       2.2850
-287.285  164.264       2.6704
-287.285  168.124       4.5132
-287.285  171.983       4.1000
-287.285  175.843       4.5132
-287.285  179.703       4.5132
-287.285  183.563       4.5132
-287.285  187.423       4.5132
-287.285  191.283       4.5132
-287.285  195.143       4.5132
-287.285  199.003       4.5132
-287.285  202.863       4.5132
-287.285  206.723       4.5132
-287.285  210.583       4.5132
-287.285  214.443       4.5132
-287.285  218.303       4.5132
-287.285  222.163       4.5132
-287.285  226.023       4.5132
-287.285  229.883       4.5132
-287.285  233.742       4.5132
-287.285  237.602       4.5132
-287.285  241.462       4.5132
-287.285  245.322       4.5132
-287.285  249.182       4.5132
-287.285  253.042       4.5132
-287.285  256.902       4.5132
-287.285  260.762       4.5132
-284.216 -121.372       4.1000
-284.216 -117.512       3.6867
-284.216 -113.652       2.4471
-284.216 -109.792       2.6704
-284.216 -105.932       2.4471
-284.216 -102.072       2.4471
-284.216  -98.212       2.7273
-284.216  -94.352       3.1405
-284.216  -90.492       3.6867
-284.216  -86.633       2.6186
-284.216  -82.773       1.6793
-284.216  -78.913       1.3486
-284.216  -75.053       1.3546
-284.216  -71.193       1.8175
-284.216  -67.333       2.3446
-284.216  -63.473       2.7901
-284.216  -59.613       2.9399
-284.216  -55.753       2.6704
-284.216  -51.893       3.0318
-284.216  -48.033       2.9399
-284.216  -44.173       3.1405
-284.216  -40.313       3.6867
-284.216  -36.453       2.8603
-284.216  -32.593       3.4450
-284.216  -28.733       4.5132
-284.216  -24.873       4.5132
-284.216  -21.014       4.5132
-284.216  -17.154       4.5132
-284.216  -13.294       4.5132
-284.216   -9.434       4.5132
-284.216   -5.574       4.5132
-284.216   -1.714       4.5132
-284.216    2.146       4.5132
-284.216    6.006       4.5132
-284.216    9.866       4.5132
-284.216   13.726       4.5132
-284.216   17.586       4.5132
-284.216   21.446       4.5132
-284.216   25.306       4.5132
-284.216   29.166       4.5132
-284.216   33.026       4.5132
-284.216   36.886       4.5132
-284.216   40.745       4.5132
-284.216   44.605       4.5132
-284.216   48.465       4.5132
-284.216   52.325       4.5132
-284.216   56.185       4.5132
-284.216   60.045       3.1405
-284.216   63.905       3.2735
-284.216   67.765       4.5132
-284.216   71.625       4.5132
-284.216   75.485       4.5132
-284.216   79.345       4.5132
-284.216   83.205       4.5132
-284.216   87.065       4.5132
-284.216   90.925       4.5132
-284.216   94.785       2.8603
-284.216   98.645       2.4855
-284.216  102.505       2.7273
-284.216  106.364       2.7273
-284.216  110.224       1.9473
-284.216  114.084       2.0155
-284.216  117.944       1.9977
-284.216  121.804       2.1351
-284.216  125.664       1.6395
-284.216  129.524       1.2712
-284.216  133.384       1.2459
-284.216  137.244       1.1625
-284.216  141.104       0.8452
-284.216  144.964       0.5942
-284.216  148.824       0.9976
-284.216  152.684       1.6395
-284.216  156.544       1.9804
-284.216  160.404       1.8717
-284.216  164.264       2.1576
-284.216  168.124       2.5267
-284.216  171.983       3.4450
-284.216  175.843       3.4450
-284.216  179.703       4.5132
-284.216  183.563       2.9399
-284.216  187.423       3.2735
-284.216  191.283       4.5132
-284.216  195.143       4.5132
-284.216  199.003       4.5132
-284.216  202.863       4.5132
-284.216  206.723       4.5132
-284.216  210.583       4.5132
-284.216  214.443       4.5132
-284.216  218.303       4.5132
-284.216  222.163       4.5132
-284.216  226.023       4.5132
-284.216  229.883       4.5132
-284.216  233.742       4.5132
-284.216  237.602       4.5132
-284.216  241.462       4.5132
-284.216  245.322       4.5132
-284.216  249.182       4.5132
-284.216  253.042       4.5132
-284.216  256.902       4.5132
-284.216  260.762       4.5132
-281.148 -121.372       4.5132
-281.148 -117.512       4.5132
-281.148 -113.652       2.8603
-281.148 -109.792       2.5267
-281.148 -105.932       2.6186
-281.148 -102.072       3.2735
-281.148  -98.212       2.3768
-281.148  -94.352       2.2053
-281.148  -90.492       2.8603
-281.148  -86.633       2.4471
-281.148  -82.773       1.7798
-281.148  -78.913       1.4951
-281.148  -75.053       1.5422
-281.148  -71.193       1.7219
-281.148  -67.333       2.0723
-281.148  -63.473       2.2850
-281.148  -59.613       2.3140
-281.148  -55.753       2.6704
-281.148  -51.893       3.2735
-281.148  -48.033       3.6867
-281.148  -44.173       3.6867
-281.148  -40.313       3.6867
-281.148  -36.453       4.5132
-281.148  -32.593       4.5132
-281.148  -28.733       4.5132
-281.148  -24.873       4.5132
-281.148  -21.014       4.5132
-281.148  -17.154       4.5132
-281.148  -13.294       4.5132
-281.148   -9.434       4.5132
-281.148   -5.574       4.5132
-281.148   -1.714       4.5132
-281.148    2.146       4.5132
-281.148    6.006       4.5132
-281.148    9.866       4.5132
-281.148   13.726       4.5132
-281.148   17.586       4.5132
-281.148   21.446       4.5132
-281.148   25.306       4.5132
-281.148   29.166       4.5132
-281.148   33.026       4.5132
-281.148   36.886       4.5132
-281.148   40.745       4.5132
-281.148   44.605       4.5132
-281.148   48.465       4.5132
-281.148   52.325       4.1000
-281.148   56.185       3.1405
-281.148   60.045       3.1405
-281.148   63.905       3.2735
-281.148   67.765       2.6186
-281.148   71.625       3.2735
-281.148   75.485       3.0318
-281.148   79.345       3.4450
-281.148   83.205       4.5132
-281.148   87.065       4.5132
-281.148   90.925       4.5132
-281.148   94.785       3.6867
-281.148   98.645       2.0723
-281.148  102.505       2.2053
-281.148  106.364       2.2307
-281.148  110.224       1.9473
-281.148  114.084       2.5267
-281.148  117.944       2.9399
-281.148  121.804       2.3446
-281.148  125.664       1.6793
-281.148  129.524       1.2263
-281.148  133.384       1.1890
-281.148  137.244       1.2977
-281.148  141.104       0.9751
-281.148  144.964       0.6215
-281.148  148.824       0.4409
-281.148  152.684       0.8711
-281.148  156.544       1.7219
-281.148  160.404       1.8175
-281.148  164.264       2.3768
-281.148  168.124       2.4855
-281.148  171.983       2.4471
-281.148  175.843       2.8603
-281.148  179.703       4.1000
-281.148  183.563       2.3446
-281.148  187.423       2.5267
-281.148  191.283       3.4450
-281.148  195.143       4.5132
-281.148  199.003       4.5132
-281.148  202.863       4.5132
-281.148  206.723       4.5132
-281.148  210.583       4.5132
-281.148  214.443       4.5132
-281.148  218.303       4.5132
-281.148  222.163       4.5132
-281.148  226.023       4.5132
-281.148  229.883       4.5132
-281.148  233.742       4.5132
-281.148  237.602       4.5132
-281.148  241.462       4.5132
-281.148  245.322       4.5132
-281.148  249.182       4.5132
-281.148  253.042       4.5132
-281.148  256.902       4.5132
-281.148  260.762       4.5132
-278.079 -121.372       4.5132
-278.079 -117.512       4.5132
-278.079 -113.652       3.0318
-278.079 -109.792       2.1810
-278.079 -105.932       2.6186
-278.079 -102.072       2.5267
-278.079  -98.212       2.8603
-278.079  -94.352       1.9008
-278.079  -90.492       2.1576
-278.079  -86.633       2.1134
-278.079  -82.773       1.6492
-278.079  -78.913       1.3312
-278.079  -75.053       1.6897
-278.079  -71.193       1.5422
-278.079  -67.333       2.1134
-278.079  -63.473       2.3446
-278.079  -59.613       2.1810
-278.079  -55.753       3.2735
-278.079  -51.893       4.5132
-278.079  -48.033       4.5132
-278.079  -44.173       4.5132
-278.079  -40.313       4.5132
-278.079  -36.453       4.5132
-278.079  -32.593       4.5132
-278.079  -28.733       4.5132
-278.079  -24.873       4.5132
-278.079  -21.014       4.5132
-278.079  -17.154       4.5132
-278.079  -13.294       4.5132
-278.079   -9.434       4.5132
-278.079   -5.574       4.5132
-278.079   -1.714       4.5132
-278.079    2.146       4.5132
-278.079    6.006       4.5132
-278.079    9.866       4.5132
-278.079   13.726       4.5132
-278.079   17.586       4.5132
-278.079   21.446       4.5132
-278.079   25.306       4.5132
-278.079   29.166       4.5132
-278.079   33.026       4.5132
-278.079   36.886       4.5132
-278.079   40.745       4.5132
-278.079   44.605       4.5132
-278.079   48.465       4.5132
-278.079   52.325       4.5132
-278.079   56.185       2.5267
-278.079   60.045       3.2735
-278.079   63.905       2.6704
-278.079   67.765       2.2850
-278.079   71.625       2.6186
-278.079   75.485       2.0723
-278.079   79.345       2.3768
-278.079   83.205       2.3768
-278.079   87.065       3.2735
-278.079   90.925       4.5132
-278.079   94.785       3.0318
-278.079   98.645       2.3446
-278.079  102.505       2.7273
-278.079  106.364       2.4855
-278.079  110.224       1.9008
-278.079  114.084       2.2850
-278.079  117.944       2.3446
-278.079  121.804       2.1134
-278.079  125.664       1.8861
-278.079  129.524       1.6691
-278.079  133.384       1.5422
-278.079  137.244       1.3142
-278.079  141.104       0.8554
-278.079  144.964       0.5251
-278.079  148.824       0.5447
-278.079  152.684       0.5634
-278.079  156.544       0.9910
-278.079  160.404       1.5182
-278.079  164.264       2.1134
-278.079  168.124       2.7901
-278.079  171.983       2.6186
-278.079  175.843       2.3446
-278.079  179.703       2.7901
-278.079  183.563       2.3140
-278.079  187.423       2.0338
-278.079  191.283       3.2735
-278.079  195.143       4.5132
-278.079  199.003       4.5132
-278.079  202.863       4.5132
-278.079  206.723       4.5132
-278.079  210.583       4.5132
-278.079  214.443       4.5132
-278.079  218.303       4.5132
-278.079  222.163       4.5132
-278.079  226.023       4.5132
-278.079  229.883       4.5132
-278.079  233.742       4.5132
-278.079  237.602       4.5132
-278.079  241.462       4.5132
-278.079  245.322       4.5132
-278.079  249.182       4.5132
-278.079  253.042       4.5132
-278.079  256.902       4.5132
-278.079  260.762       4.5132
-275.011 -121.372       4.5132
-275.011 -117.512       4.5132
-275.011 -113.652       4.5132
-275.011 -109.792       2.7273
-275.011 -105.932       2.2850
-275.011 -102.072       2.6704
-275.011  -98.212       3.1405
-275.011  -94.352       1.8577
-275.011  -90.492       1.6492
-275.011  -86.633       1.7678
-275.011  -82.773       1.3727
-275.011  -78.913       1.5933
-275.011  -75.053       1.3605
-275.011  -71.193       1.7002
-275.011  -67.333       2.6704
-275.011  -63.473       2.4471
-275.011  -59.613       2.7901
-275.011  -55.753       2.9399
-275.011  -51.893       4.5132
-275.011  -48.033       4.5132
-275.011  -44.173       4.5132
-275.011  -40.313       4.5132
-275.011  -36.453       4.5132
-275.011  -32.593       4.5132
-275.011  -28.733       4.5132
-275.011  -24.873       4.5132
-275.011  -21.014       4.5132
-275.011  -17.154       4.5132
-275.011  -13.294       4.5132
-275.011   -9.434       4.5132
-275.011   -5.574       4.5132
-275.011   -1.714       4.5132
-275.011    2.146       4.5132
-275.011    6.006       4.5132
-275.011    9.866       4.5132
-275.011   13.726       4.5132
-275.011   17.586       4.5132
-275.011   21.446       4.5132
-275.011   25.306       4.5132
-275.011   29.166       4.5132
-275.011   33.026       4.5132
-275.011   36.886       4.5132
-275.011   40.745       4.5132
-275.011   44.605       4.5132
-275.011   48.465       4.5132
-275.011   52.325       4.5132
-275.011   56.185       4.5132
-275.011   60.045       3.6867
-275.011   63.905       2.7901
-275.011   67.765       2.5267
-275.011   71.625       1.9804
-275.011   75.485       2.0925
-275.011   79.345       1.7921
-275.011   83.205       1.7444
-275.011   87.065       2.7901
-275.011   90.925       2.9399
-275.011   94.785       2.5709
-275.011   98.645       2.3140
-275.011  102.505       3.0318
-275.011  106.364       2.7273
-275.011  110.224       2.8603
-275.011  114.084       2.7901
-275.011  117.944       2.2053
-275.011  121.804       2.2307
-275.011  125.664       2.4855
-275.011  129.524       2.5709
-275.011  133.384       2.0723
-275.011  137.244       1.6206
-275.011  141.104       0.9066
-275.011  144.964       0.6996
-275.011  148.824       0.7239
-275.011  152.684       0.7116
-275.011  156.544       0.8326
-275.011  160.404       1.1168
-275.011  164.264       1.6591
-275.011  168.124       1.9008
-275.011  171.983       2.2053
-275.011  175.843       2.0155
-275.011  179.703       1.8577
-275.011  183.563       2.0723
-275.011  187.423       2.3768
-275.011  191.283       3.4450
-275.011  195.143       4.5132
-275.011  199.003       4.5132
-275.011  202.863       4.5132
-275.011  206.723       4.5132
-275.011  210.583       4.5132
-275.011  214.443       4.5132
-275.011  218.303       4.5132
-275.011  222.163       4.5132
-275.011  226.023       4.5132
-275.011  229.883       4.5132
-275.011  233.742       4.5132
-275.011  237.602       4.5132
-275.011  241.462       4.5132
-275.011  245.322       4.5132
-275.011  249.182       4.5132
-275.011  253.042       4.5132
-275.011  256.902       4.5132
-275.011  260.762       4.5132
-271.942 -121.372       4.5132
-271.942 -117.512       4.5132
-271.942 -113.652       4.1000
-271.942 -109.792       4.5132
-271.942 -105.932       3.6867
-271.942 -102.072       3.4450
-271.942  -98.212       3.1405
-271.942  -94.352       1.9804
-271.942  -90.492       1.4445
-271.942  -86.633       1.5027
-271.942  -82.773       1.3255
-271.942  -78.913       1.6300
-271.942  -75.053       1.5933
-271.942  -71.193       1.7330
-271.942  -67.333       2.2572
-271.942  -63.473       2.3140
-271.942  -59.613       2.8603
-271.942  -55.753       3.6867
-271.942  -51.893       4.5132
-271.942  -48.033       4.5132
-271.942  -44.173       4.5132
-271.942  -40.313       4.5132
-271.942  -36.453       4.5132
-271.942  -32.593       4.5132
-271.942  -28.733       4.5132
-271.942  -24.873       4.5132
-271.942  -21.014       4.5132
-271.942  -17.154       4.5132
-271.942  -13.294       4.5132
-271.942   -9.434       4.5132
-271.942   -5.574       4.5132
-271.942   -1.714       4.5132
-271.942    2.146       4.5132
-271.942    6.006       4.5132
-271.942    9.866       4.5132
-271.942   13.726       4.5132
-271.942   17.586       4.5132
-271.942   21.446       4.5132
-271.942   25.306       4.5132
-271.942   29.166       4.5132
-271.942   33.026       4.5132
-271.942   36.886       4.5132
-271.942   40.745       4.5132
-271.942   44.605       4.5132
-271.942   48.465       4.5132
-271.942   52.325       4.5132
-271.942   56.185       4.5132
-271.942   60.045       3.6867
-271.942   63.905       2.2572
-271.942   67.765       2.2307
-271.942   71.625       1.9473
-271.942   75.485       1.8717
-271.942   79.345       1.6897
-271.942   83.205       1.9636
-271.942   87.065       2.2850
-271.942   90.925       2.3446
-271.942   94.785       1.9159
-271.942   98.645       1.8175
-271.942  102.505       1.8861
-271.942  106.364       2.1134
-271.942  110.224       2.7273
-271.942  114.084       2.7901
-271.942  117.944       2.5267
-271.942  121.804       2.8603
-271.942  125.664       3.4450
-271.942  129.524       2.7901
-271.942  133.384       2.2307
-271.942  137.244       1.4514
-271.942  141.104       1.0856
-271.942  144.964       0.8872
-271.942  148.824       0.9151
-271.942  152.684       0.9151
-271.942  156.544       0.9534
-271.942  160.404       1.0560
-271.942  164.264       1.4240
-271.942  168.124       1.3142
-271.942  171.983       1.8717
-271.942  175.843       1.9314
-271.942  179.703       1.5027
-271.942  183.563       1.6206
-271.942  187.423       1.6691
-271.942  191.283       2.7273
-271.942  195.143       4.1000
-271.942  199.003       4.5132
-271.942  202.863       4.5132
-271.942  206.723       4.5132
-271.942  210.583       4.5132
-271.942  214.443       4.5132
-271.942  218.303       4.5132
-271.942  222.163       4.5132
-271.942  226.023       4.5132
-271.942  229.883       4.5132
-271.942  233.742       4.5132
-271.942  237.602       4.5132
-271.942  241.462       4.5132
-271.942  245.322       4.5132
-271.942  249.182       4.5132
-271.942  253.042       4.5132
-271.942  256.902       4.5132
-271.942  260.762       4.5132
-268.873 -121.372       4.5132
-268.873 -117.512       4.5132
-268.873 -113.652       4.5132
-268.873 -109.792       4.5132
-268.873 -105.932       4.5132
-268.873 -102.072       3.4450
-268.873  -98.212       2.4109
-268.873  -94.352       2.2053
-268.873  -90.492       1.5845
-268.873  -86.633       1.7219
-268.873  -82.773       1.8175
-268.873  -78.913       2.2053
-268.873  -75.053       2.3140
-268.873  -71.193       2.1576
-268.873  -67.333       2.5709
-268.873  -63.473       3.4450
-268.873  -59.613       4.5132
-268.873  -55.753       4.5132
-268.873  -51.893       4.5132
-268.873  -48.033       4.5132
-268.873  -44.173       4.5132
-268.873  -40.313       4.5132
-268.873  -36.453       4.5132
-268.873  -32.593       4.5132
-268.873  -28.733       4.5132
-268.873  -24.873       4.5132
-268.873  -21.014       4.5132
-268.873  -17.154       4.5132
-268.873  -13.294       4.5132
-268.873   -9.434       4.5132
-268.873   -5.574       4.5132
-268.873   -1.714       4.5132
-268.873    2.146       4.5132
-268.873    6.006       4.5132
-268.873    9.866       4.5132
-268.873   13.726       4.5132
-268.873   17.586       4.5132
-268.873   21.446       4.5132
-268.873   25.306       4.5132
-268.873   29.166       4.5132
-268.873   33.026       4.5132
-268.873   36.886       4.5132
-268.873   40.745       4.5132
-268.873   44.605       4.5132
-268.873   48.465       4.5132
-268.873   52.325       4.5132
-268.873   56.185       4.5132
-268.873   60.045       4.5132
-268.873   63.905       3.0318
-268.873   67.765       2.7901
-268.873   71.625       2.1576
-268.873   75.485       2.1810
-268.873   79.345       2.1134
-268.873   83.205       2.2053
-268.873   87.065       2.1134
-268.873   90.925       2.1810
-268.873   94.785       2.2850
-268.873   98.645       1.7798
-268.873  102.505       1.6206
-268.873  106.364       1.6492
-268.873  110.224       1.9008
-268.873  114.084       2.2572
-268.873  117.944       2.0338
-268.873  121.804       2.5709
-268.873  125.664       2.7273
-268.873  129.524       2.4471
-268.873  133.384       2.2850
-268.873  137.244       1.8047
-268.873  141.104       1.2817
-268.873  144.964       1.2215
-268.873  148.824       1.0971
-268.873  152.684       1.0781
-268.873  156.544       1.0347
-268.873  160.404       1.0524
-268.873  164.264       1.0243
-268.873  168.124       1.0278
-268.873  171.983       1.2263
-268.873  175.843       1.6492
-268.873  179.703       1.4108
-268.873  183.563       1.5933
-268.873  187.423       1.7219
-268.873  191.283       2.3140
-268.873  195.143       2.6186
-268.873  199.003       3.4450
-268.873  202.863       4.5132
-268.873  206.723       4.5132
-268.873  210.583       4.5132
-268.873  214.443       4.5132
-268.873  218.303       4.5132
-268.873  222.163       4.5132
-268.873  226.023       4.5132
-268.873  229.883       4.5132
-268.873  233.742       4.5132
-268.873  237.602       4.5132
-268.873  241.462       4.5132
-268.873  245.322       4.5132
-268.873  249.182       4.5132
-268.873  253.042       4.5132
-268.873  256.902       4.5132
-268.873  260.762       4.5132
-265.805 -121.372       4.5132
-265.805 -117.512       4.5132
-265.805 -113.652       4.5132
-265.805 -109.792       4.5132
-265.805 -105.932       4.5132
-265.805 -102.072       2.6186
-265.805  -98.212       2.7901
-265.805  -94.352       2.4471
-265.805  -90.492       1.9473
-265.805  -86.633       1.9977
-265.805  -82.773       2.8603
-265.805  -78.913       3.1405
-265.805  -75.053       4.1000
-265.805  -71.193       3.4450
-265.805  -67.333       4.5132
-265.805  -63.473       4.5132
-265.805  -59.613       4.5132
-265.805  -55.753       4.5132
-265.805  -51.893       4.5132
-265.805  -48.033       4.5132
-265.805  -44.173       4.5132
-265.805  -40.313       4.5132
-265.805  -36.453       4.5132
-265.805  -32.593       4.5132
-265.805  -28.733       4.5132
-265.805  -24.873       4.5132
-265.805  -21.014       4.5132
-265.805  -17.154       4.5132
-265.805  -13.294       4.5132
-265.805   -9.434       4.5132
-265.805   -5.574       4.5132
-265.805   -1.714       4.5132
-265.805    2.146       4.5132
-265.805    6.006       4.5132
-265.805    9.866       4.5132
-265.805   13.726       4.5132
-265.805   17.586       4.5132
-265.805   21.446       4.5132
-265.805   25.306       4.5132
-265.805   29.166       4.5132
-265.805   33.026       4.5132
-265.805   36.886       4.5132
-265.805   40.745       4.5132
-265.805   44.605       4.5132
-265.805   48.465       4.5132
-265.805   52.325       4.5132
-265.805   56.185       4.5132
-265.805   60.045       4.5132
-265.805   63.905       3.4450
-265.805   67.765       4.1000
-265.805   71.625       2.6186
-265.805   75.485       2.2053
-265.805   79.345       1.8440
-265.805   83.205       2.2053
-265.805   87.065       2.5267
-265.805   90.925       2.9399
-265.805   94.785       2.7273
-265.805   98.645       2.0723
-265.805  102.505       2.0338
-265.805  106.364       1.6492
-265.805  110.224       1.7560
-265.805  114.084       2.2572
-265.805  117.944       2.4109
-265.805  121.804       2.8603
-265.805  125.664       3.6867
-265.805  129.524       4.5132
-265.805  133.384       2.7901
-265.805  137.244       1.8577
-265.805  141.104       1.2215
-265.805  144.964       1.0142
-265.805  148.824       0.9473
-265.805  152.684       0.8791
-265.805  156.544       0.8872
-265.805  160.404       1.0041
-265.805  164.264       1.0706
-265.805  168.124       1.0347
-265.805  171.983       0.8818
-265.805  175.843       1.4174
-265.805  179.703       1.4376
-265.805  183.563       1.7444
-265.805  187.423       1.9008
-265.805  191.283       2.2850
-265.805  195.143       2.6186
-265.805  199.003       4.1000
-265.805  202.863       4.5132
-265.805  206.723       4.5132
-265.805  210.583       4.5132
-265.805  214.443       4.5132
-265.805  218.303       4.5132
-265.805  222.163       4.5132
-265.805  226.023       4.5132
-265.805  229.883       4.5132
-265.805  233.742       4.5132
-265.805  237.602       4.5132
-265.805  241.462       4.5132
-265.805  245.322       4.5132
-265.805  249.182       4.5132
-265.805  253.042       4.5132
-265.805  256.902       4.5132
-265.805  260.762       4.5132
-262.736 -121.372       4.5132
-262.736 -117.512       4.5132
-262.736 -113.652       4.5132
-262.736 -109.792       4.5132
-262.736 -105.932       3.1405
-262.736 -102.072       2.3768
-262.736  -98.212       3.1405
-262.736  -94.352       3.4450
-262.736  -90.492       2.9399
-262.736  -86.633       3.1405
-262.736  -82.773       4.5132
-262.736  -78.913       4.5132
-262.736  -75.053       4.1000
-262.736  -71.193       4.5132
-262.736  -67.333       4.5132
-262.736  -63.473       4.5132
-262.736  -59.613       4.5132
-262.736  -55.753       4.5132
-262.736  -51.893       4.5132
-262.736  -48.033       4.5132
-262.736  -44.173       4.5132
-262.736  -40.313       4.5132
-262.736  -36.453       4.5132
-262.736  -32.593       4.5132
-262.736  -28.733       4.5132
-262.736  -24.873       4.5132
-262.736  -21.014       4.5132
-262.736  -17.154       4.5132
-262.736  -13.294       4.5132
-262.736   -9.434       4.5132
-262.736   -5.574       4.5132
-262.736   -1.714       4.5132
-262.736    2.146       4.5132
-262.736    6.006       4.5132
-262.736    9.866       4.5132
-262.736   13.726       4.5132
-262.736   17.586       4.5132
-262.736   21.446       4.5132
-262.736   25.306       4.5132
-262.736   29.166       4.5132
-262.736   33.026       4.5132
-262.736   36.886       4.5132
-262.736   40.745       4.5132
-262.736   44.605       4.5132
-262.736   48.465       4.5132
-262.736   52.325       4.5132
-262.736   56.185       4.5132
-262.736   60.045       4.5132
-262.736   63.905       4.5132
-262.736   67.765       4.5132
-262.736   71.625       4.5132
-262.736   75.485       2.2053
-262.736   79.345       1.6114
-262.736   83.205       2.0528
-262.736   87.065       2.8603
-262.736   90.925       4.5132
-262.736   94.785       3.6867
-262.736   98.645       2.9399
-262.736  102.505       2.3140
-262.736  106.364       1.8861
-262.736  110.224       1.6395
-262.736  114.084       2.3768
-262.736  117.944       2.8603
-262.736  121.804       4.1000
-262.736  125.664       4.5132
-262.736  129.524       4.5132
-262.736  133.384       3.2735
-262.736  137.244       1.9314
-262.736  141.104       1.3032
-262.736  144.964       1.1845
-262.736  148.824       1.0933
-262.736  152.684       0.7872
-262.736  156.544       0.7646
-262.736  160.404       0.9122
-262.736  164.264       0.9595
-262.736  168.124       1.0041
-262.736  171.983       0.8302
-262.736  175.843       1.0894
-262.736  179.703       1.4445
-262.736  183.563       1.8306
-262.736  187.423       2.1576
-262.736  191.283       2.9399
-262.736  195.143       3.1405
-262.736  199.003       4.5132
-262.736  202.863       4.5132
-262.736  206.723       4.5132
-262.736  210.583       4.5132
-262.736  214.443       4.5132
-262.736  218.303       4.5132
-262.736  222.163       4.5132
-262.736  226.023       4.5132
-262.736  229.883       4.5132
-262.736  233.742       4.5132
-262.736  237.602       4.5132
-262.736  241.462       4.5132
-262.736  245.322       4.5132
-262.736  249.182       4.5132
-262.736  253.042       4.5132
-262.736  256.902       4.5132
-262.736  260.762       4.5132
-259.668 -121.372       4.5132
-259.668 -117.512       4.5132
-259.668 -113.652       4.5132
-259.668 -109.792       4.5132
-259.668 -105.932       4.5132
-259.668 -102.072       2.9399
-259.668  -98.212       4.5132
-259.668  -94.352       4.5132
-259.668  -90.492       4.5132
-259.668  -86.633       4.5132
-259.668  -82.773       4.5132
-259.668  -78.913       4.5132
-259.668  -75.053       4.5132
-259.668  -71.193       4.5132
-259.668  -67.333       4.5132
-259.668  -63.473       4.5132
-259.668  -59.613       4.5132
-259.668  -55.753       4.5132
-259.668  -51.893       4.5132
-259.668  -48.033       4.5132
-259.668  -44.173       4.5132
-259.668  -40.313       4.5132
-259.668  -36.453       4.5132
-259.668  -32.593       4.5132
-259.668  -28.733       4.5132
-259.668  -24.873       4.5132
-259.668  -21.014       4.5132
-259.668  -17.154       4.5132
-259.668  -13.294       4.5132
-259.668   -9.434       4.5132
-259.668   -5.574       4.5132
-259.668   -1.714       4.5132
-259.668    2.146       4.5132
-259.668    6.006       4.5132
-259.668    9.866       4.5132
-259.668   13.726       4.5132
-259.668   17.586       4.5132
-259.668   21.446       4.5132
-259.668   25.306       4.5132
-259.668   29.166       4.5132
-259.668   33.026       4.5132
-259.668   36.886       4.5132
-259.668   40.745       4.5132
-259.668   44.605       4.5132
-259.668   48.465       4.5132
-259.668   52.325       4.5132
-259.668   56.185       4.5132
-259.668   60.045       4.5132
-259.668   63.905       4.5132
-259.668   67.765       4.5132
-259.668   71.625       4.5132
-259.668   75.485       2.6704
-259.668   79.345       1.6492
-259.668   83.205       1.8047
-259.668   87.065       2.6704
-259.668   90.925       2.7901
-259.668   94.785       2.6704
-259.668   98.645       2.7901
-259.668  102.505       3.2735
-259.668  106.364       2.4109
-259.668  110.224       2.3768
-259.668  114.084       2.7901
-259.668  117.944       4.1000
-259.668  121.804       4.1000
-259.668  125.664       4.5132
-259.668  129.524       4.5132
-259.668  133.384       3.4450
-259.668  137.244       2.5709
-259.668  141.104       2.3140
-259.668  144.964       1.6300
-259.668  148.824       0.9976
-259.668  152.684       0.8685
-259.668  156.544       0.6574
-259.668  160.404       0.6820
-259.668  164.264       0.6996
-259.668  168.124       0.6392
-259.668  171.983       0.9503
-259.668  175.843       1.1089
-259.668  179.703       1.3312
-259.668  183.563       1.4376
-259.668  187.423       2.0338
-259.668  191.283       2.1134
-259.668  195.143       2.1576
-259.668  199.003       3.1405
-259.668  202.863       4.5132
-259.668  206.723       4.5132
-259.668  210.583       4.5132
-259.668  214.443       4.5132
-259.668  218.303       4.5132
-259.668  222.163       4.5132
-259.668  226.023       4.5132
-259.668  229.883       4.5132
-259.668  233.742       4.5132
-259.668  237.602       4.5132
-259.668  241.462       4.5132
-259.668  245.322       4.5132
-259.668  249.182       4.5132
-259.668  253.042       4.5132
-259.668  256.902       4.5132
-259.668  260.762       4.5132
-256.599 -121.372       4.5132
-256.599 -117.512       4.5132
-256.599 -113.652       4.5132
-256.599 -109.792       4.5132
-256.599 -105.932       4.5132
-256.599 -102.072       4.5132
-256.599  -98.212       4.5132
-256.599  -94.352       4.5132
-256.599  -90.492       4.5132
-256.599  -86.633       4.5132
-256.599  -82.773       4.5132
-256.599  -78.913       4.5132
-256.599  -75.053       4.5132
-256.599  -71.193       4.5132
-256.599  -67.333       4.5132
-256.599  -63.473       4.5132
-256.599  -59.613       4.5132
-256.599  -55.753       4.5132
-256.599  -51.893       4.5132
-256.599  -48.033       4.5132
-256.599  -44.173       4.5132
-256.599  -40.313       4.5132
-256.599  -36.453       4.5132
-256.599  -32.593       4.5132
-256.599  -28.733       4.5132
-256.599  -24.873       4.5132
-256.599  -21.014       4.5132
-256.599  -17.154       4.5132
-256.599  -13.294       4.5132
-256.599   -9.434       4.5132
-256.599   -5.574       4.5132
-256.599   -1.714       4.5132
-256.599    2.146       4.5132
-256.599    6.006       4.5132
-256.599    9.866       4.5132
-256.599   13.726       4.5132
-256.599   17.586       4.5132
-256.599   21.446       4.5132
-256.599   25.306       4.5132
-256.599   29.166       4.5132
-256.599   33.026       4.5132
-256.599   36.886       4.5132
-256.599   40.745       4.5132
-256.599   44.605       4.5132
-256.599   48.465       4.5132
-256.599   52.325       4.5132
-256.599   56.185       4.5132
-256.599   60.045       4.5132
-256.599   63.905       4.5132
-256.599   67.765       4.5132
-256.599   71.625       4.1000
-256.599   75.485       2.5709
-256.599   79.345       2.2850
-256.599   83.205       2.2850
-256.599   87.065       2.1576
-256.599   90.925       2.3140
-256.599   94.785       2.4471
-256.599   98.645       2.2053
-256.599  102.505       3.2735
-256.599  106.364       4.5132
-256.599  110.224       4.5132
-256.599  114.084       4.5132
-256.599  117.944       4.5132
-256.599  121.804       4.5132
-256.599  125.664       4.5132
-256.599  129.524       4.5132
-256.599  133.384       4.5132
-256.599  137.244       3.4450
-256.599  141.104       2.5709
-256.599  144.964       1.5182
-256.599  148.824       1.1168
-256.599  152.684       0.9094
-256.599  156.544       0.7302
-256.599  160.404       0.7056
-256.599  164.264       0.6267
-256.599  168.124       0.4619
-256.599  171.983       0.7281
-256.599  175.843       1.0347
-256.599  179.703       1.1049
-256.599  183.563       1.4876
-256.599  187.423       1.5341
-256.599  191.283       2.1134
-256.599  195.143       1.9636
-256.599  199.003       2.3446
-256.599  202.863       3.4450
-256.599  206.723       4.5132
-256.599  210.583       4.5132
-256.599  214.443       4.5132
-256.599  218.303       4.5132
-256.599  222.163       4.5132
-256.599  226.023       4.5132
-256.599  229.883       4.5132
-256.599  233.742       4.5132
-256.599  237.602       4.5132
-256.599  241.462       4.5132
-256.599  245.322       4.5132
-256.599  249.182       4.5132
-256.599  253.042       4.5132
-256.599  256.902       4.5132
-256.599  260.762       4.5132
-253.530 -121.372       4.5132
-253.530 -117.512       4.5132
-253.530 -113.652       4.5132
-253.530 -109.792       4.5132
-253.530 -105.932       4.5132
-253.530 -102.072       4.5132
-253.530  -98.212       4.5132
-253.530  -94.352       4.5132
-253.530  -90.492       4.5132
-253.530  -86.633       4.5132
-253.530  -82.773       4.5132
-253.530  -78.913       4.5132
-253.530  -75.053       4.5132
-253.530  -71.193       4.5132
-253.530  -67.333       4.5132
-253.530  -63.473       4.5132
-253.530  -59.613       4.5132
-253.530  -55.753       4.5132
-253.530  -51.893       4.5132
-253.530  -48.033       4.5132
-253.530  -44.173       4.5132
-253.530  -40.313       4.5132
-253.530  -36.453       4.5132
-253.530  -32.593       4.5132
-253.530  -28.733       4.5132
-253.530  -24.873       4.5132
-253.530  -21.014       4.5132
-253.530  -17.154       4.5132
-253.530  -13.294       4.5132
-253.530   -9.434       4.5132
-253.530   -5.574       4.5132
-253.530   -1.714       4.5132
-253.530    2.146       4.5132
-253.530    6.006       4.5132
-253.530    9.866       4.5132
-253.530   13.726       4.5132
-253.530   17.586       4.5132
-253.530   21.446       4.5132
-253.530   25.306       4.5132
-253.530   29.166       4.5132
-253.530   33.026       4.5132
-253.530   36.886       4.5132
-253.530   40.745       4.5132
-253.530   44.605       4.5132
-253.530   48.465       4.5132
-253.530   52.325       4.5132
-253.530   56.185       4.5132
-253.530   60.045       4.5132
-253.530   63.905       4.5132
-253.530   67.765       4.5132
-253.530   71.625       4.1000
-253.530   75.485       3.2735
-253.530   79.345       2.2850
-253.530   83.205       2.7901
-253.530   87.065       2.5267
-253.530   90.925       2.2850
-253.530   94.785       2.1576
-253.530   98.645       2.2053
-253.530  102.505       2.5709
-253.530  106.364       4.5132
-253.530  110.224       4.5132
-253.530  114.084       4.5132
-253.530  117.944       4.5132
-253.530  121.804       4.5132
-253.530  125.664       4.5132
-253.530  129.524       4.5132
-253.530  133.384       4.5132
-253.530  137.244       4.5132
-253.530  141.104       3.2735
-253.530  144.964       1.9804
-253.530  148.824       1.5261
-253.530  152.684       1.2870
-253.530  156.544       1.0781
-253.530  160.404       0.8477
-253.530  164.264       0.6574
-253.530  168.124       0.5959
-253.530  171.983       0.6556
-253.530  175.843       0.8059
-253.530  179.703       0.8503
-253.530  183.563       1.3851
-253.530  187.423       1.4585
-253.530  191.283       1.7921
-253.530  195.143       2.2572
-253.530  199.003       2.0925
-253.530  202.863       3.0318
-253.530  206.723       4.5132
-253.530  210.583       4.5132
-253.530  214.443       4.5132
-253.530  218.303       4.5132
-253.530  222.163       4.5132
-253.530  226.023       4.5132
-253.530  229.883       4.5132
-253.530  233.742       4.5132
-253.530  237.602       4.5132
-253.530  241.462       4.5132
-253.530  245.322       4.5132
-253.530  249.182       4.5132
-253.530  253.042       4.5132
-253.530  256.902       4.5132
-253.530  260.762       4.5132
-250.462 -121.372       4.5132
-250.462 -117.512       4.5132
-250.462 -113.652       4.5132
-250.462 -109.792       4.5132
-250.462 -105.932       4.5132
-250.462 -102.072       4.5132
-250.462  -98.212       4.5132
-250.462  -94.352       4.5132
-250.462  -90.492       4.5132
-250.462  -86.633       4.5132
-250.462  -82.773       4.5132
-250.462  -78.913       4.5132
-250.462  -75.053       4.5132
-250.462  -71.193       4.5132
-250.462  -67.333       4.5132
-250.462  -63.473       4.5132
-250.462  -59.613       4.5132
-250.462  -55.753       4.5132
-250.462  -51.893       4.5132
-250.462  -48.033       4.5132
-250.462  -44.173       4.5132
-250.462  -40.313       4.5132
-250.462  -36.453       4.5132
-250.462  -32.593       4.5132
-250.462  -28.733       4.5132
-250.462  -24.873       4.5132
-250.462  -21.014       4.5132
-250.462  -17.154       4.5132
-250.462  -13.294       4.5132
-250.462   -9.434       4.5132
-250.462   -5.574       4.5132
-250.462   -1.714       4.5132
-250.462    2.146       4.5132
-250.462    6.006       4.5132
-250.462    9.866       4.5132
-250.462   13.726       4.5132
-250.462   17.586       4.5132
-250.462   21.446       4.5132
-250.462   25.306       4.5132
-250.462   29.166       4.5132
-250.462   33.026       4.5132
-250.462   36.886       4.5132
-250.462   40.745       4.5132
-250.462   44.605       4.5132
-250.462   48.465       4.5132
-250.462   52.325       4.5132
-250.462   56.185       4.5132
-250.462   60.045       4.5132
-250.462   63.905       4.5132
-250.462   67.765       4.5132
-250.462   71.625       3.4450
-250.462   75.485       3.6867
-250.462   79.345       2.4855
-250.462   83.205       2.3768
-250.462   87.065       2.9399
-250.462   90.925       2.2053
-250.462   94.785       2.2850
-250.462   98.645       2.0925
-250.462  102.505       2.9399
-250.462  106.364       4.5132
-250.462  110.224       4.5132
-250.462  114.084       4.5132
-250.462  117.944       4.5132
-250.462  121.804       4.5132
-250.462  125.664       4.5132
-250.462  129.524       4.5132
-250.462  133.384       4.5132
-250.462  137.244       3.6867
-250.462  141.104       3.2735
-250.462  144.964       2.2850
-250.462  148.824       2.0528
-250.462  152.684       1.9314
-250.462  156.544       1.3255
-250.462  160.404       0.9038
-250.462  164.264       0.8845
-250.462  168.124       0.7942
-250.462  171.983       0.7096
-250.462  175.843       0.7281
-250.462  179.703       0.6060
-250.462  183.563       1.0524
-250.462  187.423       1.5758
-250.462  191.283       1.3789
-250.462  195.143       1.6691
-250.462  199.003       2.2850
-250.462  202.863       2.0925
-250.462  206.723       2.8603
-250.462  210.583       3.6867
-250.462  214.443       4.5132
-250.462  218.303       4.5132
-250.462  222.163       4.5132
-250.462  226.023       4.5132
-250.462  229.883       4.5132
-250.462  233.742       4.5132
-250.462  237.602       4.5132
-250.462  241.462       4.5132
-250.462  245.322       4.5132
-250.462  249.182       4.5132
-250.462  253.042       4.5132
-250.462  256.902       4.5132
-250.462  260.762       4.5132
-247.393 -121.372       4.5132
-247.393 -117.512       4.5132
-247.393 -113.652       4.5132
-247.393 -109.792       4.5132
-247.393 -105.932       4.5132
-247.393 -102.072       4.5132
-247.393  -98.212       4.5132
-247.393  -94.352       4.5132
-247.393  -90.492       4.5132
-247.393  -86.633       4.5132
-247.393  -82.773       4.5132
-247.393  -78.913       4.5132
-247.393  -75.053       4.5132
-247.393  -71.193       4.5132
-247.393  -67.333       4.5132
-247.393  -63.473       4.5132
-247.393  -59.613       4.5132
-247.393  -55.753       4.5132
-247.393  -51.893       4.5132
-247.393  -48.033       4.5132
-247.393  -44.173       4.5132
-247.393  -40.313       4.5132
-247.393  -36.453       4.5132
-247.393  -32.593       4.5132
-247.393  -28.733       4.5132
-247.393  -24.873       4.5132
-247.393  -21.014       4.5132
-247.393  -17.154       4.5132
-247.393  -13.294       4.5132
-247.393   -9.434       4.5132
-247.393   -5.574       4.5132
-247.393   -1.714       4.5132
-247.393    2.146       4.5132
-247.393    6.006       4.5132
-247.393    9.866       4.5132
-247.393   13.726       4.5132
-247.393   17.586       4.5132
-247.393   21.446       4.5132
-247.393   25.306       4.5132
-247.393   29.166       4.5132
-247.393   33.026       4.5132
-247.393   36.886       4.5132
-247.393   40.745       4.5132
-247.393   44.605       4.5132
-247.393   48.465       4.5132
-247.393   52.325       4.5132
-247.393   56.185       4.5132
-247.393   60.045       4.5132
-247.393   63.905       4.5132
-247.393   67.765       4.5132
-247.393   71.625       3.4450
-247.393   75.485       3.6867
-247.393   79.345       2.6704
-247.393   83.205       2.4855
-247.393   87.065       2.4471
-247.393   90.925       2.3446
-247.393   94.785       2.0925
-247.393   98.645       1.9636
-247.393  102.505       2.1810
-247.393  106.364       3.6867
-247.393  110.224       4.5132
-247.393  114.084       4.5132
-247.393  117.944       4.5132
-247.393  121.804       4.5132
-247.393  125.664       4.5132
-247.393  129.524       4.5132
-247.393  133.384       4.5132
-247.393  137.244       3.6867
-247.393  141.104       4.1000
-247.393  144.964       2.1810
-247.393  148.824       2.0925
-247.393  152.684       1.9008
-247.393  156.544       1.5672
-247.393  160.404       1.1756
-247.393  164.264       0.9910
-247.393  168.124       0.9534
-247.393  171.983       0.8179
-247.393  175.843       0.6267
-247.393  179.703       0.5004
-247.393  183.563       0.8155
-247.393  187.423       1.2508
-247.393  191.283       1.2074
-247.393  195.143       1.2559
-247.393  199.003       2.1134
-247.393  202.863       2.6186
-247.393  206.723       1.9804
-247.393  210.583       2.2053
-247.393  214.443       3.4450
-247.393  218.303       3.4450
-247.393  222.163       4.5132
-247.393  226.023       4.5132
-247.393  229.883       4.5132
-247.393  233.742       4.5132
-247.393  237.602       4.5132
-247.393  241.462       4.5132
-247.393  245.322       4.5132
-247.393  249.182       4.5132
-247.393  253.042       4.5132
-247.393  256.902       4.5132
-247.393  260.762       4.5132
-244.325 -121.372       4.5132
-244.325 -117.512       4.5132
-244.325 -113.652       4.5132
-244.325 -109.792       4.5132
-244.325 -105.932       4.5132
-244.325 -102.072       4.5132
-244.325  -98.212       4.5132
-244.325  -94.352       4.5132
-244.325  -90.492       4.5132
-244.325  -86.633       4.5132
-244.325  -82.773       4.5132
-244.325  -78.913       4.5132
-244.325  -75.053       4.5132
-244.325  -71.193       4.5132
-244.325  -67.333       4.5132
-244.325  -63.473       4.5132
-244.325  -59.613       4.5132
-244.325  -55.753       4.5132
-244.325  -51.893       4.5132
-244.325  -48.033       4.5132
-244.325  -44.173       4.5132
-244.325  -40.313       4.5132
-244.325  -36.453       4.5132
-244.325  -32.593       4.5132
-244.325  -28.733       4.5132
-244.325  -24.873       4.5132
-244.325  -21.014       4.5132
-244.325  -17.154       4.5132
-244.325  -13.294       4.5132
-244.325   -9.434       4.5132
-244.325   -5.574       4.5132
-244.325   -1.714       4.5132
-244.325    2.146       4.5132
-244.325    6.006       4.5132
-244.325    9.866       4.5132
-244.325   13.726       4.5132
-244.325   17.586       4.5132
-244.325   21.446       4.5132
-244.325   25.306       4.5132
-244.325   29.166       4.5132
-244.325   33.026       4.5132
-244.325   36.886       4.5132
-244.325   40.745       4.5132
-244.325   44.605       4.5132
-244.325   48.465       4.5132
-244.325   52.325       4.5132
-244.325   56.185       4.5132
-244.325   60.045       4.5132
-244.325   63.905       4.5132
-244.325   67.765       4.5132
-244.325   71.625       4.5132
-244.325   75.485       4.5132
-244.325   79.345       4.1000
-244.325   83.205       2.9399
-244.325   87.065       3.0318
-244.325   90.925       3.6867
-244.325   94.785       2.7273
-244.325   98.645       2.4109
-244.325  102.505       2.0528
-244.325  106.364       2.0155
-244.325  110.224       2.7273
-244.325  114.084       4.5132
-244.325  117.944       4.5132
-244.325  121.804       4.5132
-244.325  125.664       4.5132
-244.325  129.524       4.5132
-244.325  133.384       4.5132
-244.325  137.244       4.5132
-244.325  141.104       3.4450
-244.325  144.964       2.6704
-244.325  148.824       2.4109
-244.325  152.684       1.9159
-244.325  156.544       1.6793
-244.325  160.404       1.3978
-244.325  164.264       1.2610
-244.325  168.124       1.1981
-244.325  171.983       1.0175
-244.325  175.843       0.7580
-244.325  179.703       0.5992
-244.325  183.563       0.8059
-244.325  187.423       1.1289
-244.325  191.283       1.2459
-244.325  195.143       1.5104
-244.325  199.003       1.8717
-244.325  202.863       2.1351
-244.325  206.723       2.1351
-244.325  210.583       1.8717
-244.325  214.443       2.4109
-244.325  218.303       3.4450
-244.325  222.163       4.5132
-244.325  226.023       4.5132
-244.325  229.883       4.5132
-244.325  233.742       4.5132
-244.325  237.602       4.5132
-244.325  241.462       4.5132
-244.325  245.322       4.5132
-244.325  249.182       4.5132
-244.325  253.042       4.5132
-244.325  256.902       4.5132
-244.325  260.762       4.5132
-241.256 -121.372       4.5132
-241.256 -117.512       4.5132
-241.256 -113.652       4.5132
-241.256 -109.792       4.5132
-241.256 -105.932       4.5132
-241.256 -102.072       4.5132
-241.256  -98.212       4.5132
-241.256  -94.352       4.5132
-241.256  -90.492       4.5132
-241.256  -86.633       4.5132
-241.256  -82.773       4.5132
-241.256  -78.913       4.5132
-241.256  -75.053       4.5132
-241.256  -71.193       4.5132
-241.256  -67.333       4.5132
-241.256  -63.473       4.5132
-241.256  -59.613       4.5132
-241.256  -55.753       4.5132
-241.256  -51.893       4.5132
-241.256  -48.033       4.5132
-241.256  -44.173       4.5132
-241.256  -40.313       4.5132
-241.256  -36.453       4.5132
-241.256  -32.593       4.5132
-241.256  -28.733       4.5132
-241.256  -24.873       4.5132
-241.256  -21.014       4.5132
-241.256  -17.154       4.5132
-241.256  -13.294       4.5132
-241.256   -9.434       4.5132
-241.256   -5.574       4.5132
-241.256   -1.714       4.5132
-241.256    2.146       4.5132
-241.256    6.006       4.5132
-241.256    9.866       4.5132
-241.256   13.726       4.5132
-241.256   17.586       4.5132
-241.256   21.446       4.5132
-241.256   25.306       4.5132
-241.256   29.166       4.5132
-241.256   33.026       4.5132
-241.256   36.886       4.5132
-241.256   40.745       4.5132
-241.256   44.605       4.5132
-241.256   48.465       4.5132
-241.256   52.325       4.5132
-241.256   56.185       4.5132
-241.256   60.045       4.5132
-241.256   63.905       4.5132
-241.256   67.765       4.5132
-241.256   71.625       4.5132
-241.256   75.485       4.5132
-241.256   79.345       4.5132
-241.256   83.205       4.1000
-241.256   87.065       4.5132
-241.256   90.925       3.6867
-241.256   94.785       2.8603
-241.256   98.645       2.7901
-241.256  102.505       2.2850
-241.256  106.364       1.9977
-241.256  110.224       2.3446
-241.256  114.084       3.6867
-241.256  117.944       4.5132
-241.256  121.804       4.5132
-241.256  125.664       4.5132
-241.256  129.524       4.5132
-241.256  133.384       4.5132
-241.256  137.244       4.5132
-241.256  141.104       3.6867
-241.256  144.964       3.6867
-241.256  148.824       1.9314
-241.256  152.684       1.8577
-241.256  156.544       2.0925
-241.256  160.404       1.4445
-241.256  164.264       1.4043
-241.256  168.124       1.4729
-241.256  171.983       1.4376
-241.256  175.843       1.0108
-241.256  179.703       0.9354
-241.256  183.563       0.9066
-241.256  187.423       1.0347
-241.256  191.283       1.3142
-241.256  195.143       1.5933
-241.256  199.003       2.0723
-241.256  202.863       2.2053
-241.256  206.723       1.5845
-241.256  210.583       1.4951
-241.256  214.443       1.9314
-241.256  218.303       2.9399
-241.256  222.163       3.4450
-241.256  226.023       4.5132
-241.256  229.883       4.5132
-241.256  233.742       4.5132
-241.256  237.602       4.5132
-241.256  241.462       4.5132
-241.256  245.322       4.5132
-241.256  249.182       4.5132
-241.256  253.042       4.5132
-241.256  256.902       4.5132
-241.256  260.762       4.5132
-238.187 -121.372       4.5132
-238.187 -117.512       4.5132
-238.187 -113.652       4.5132
-238.187 -109.792       4.5132
-238.187 -105.932       4.5132
-238.187 -102.072       4.5132
-238.187  -98.212       4.5132
-238.187  -94.352       4.5132
-238.187  -90.492       4.5132
-238.187  -86.633       4.5132
-238.187  -82.773       4.5132
-238.187  -78.913       4.5132
-238.187  -75.053       4.5132
-238.187  -71.193       4.5132
-238.187  -67.333       4.5132
-238.187  -63.473       4.5132
-238.187  -59.613       4.5132
-238.187  -55.753       4.5132
-238.187  -51.893       4.5132
-238.187  -48.033       4.5132
-238.187  -44.173       4.5132
-238.187  -40.313       4.5132
-238.187  -36.453       4.5132
-238.187  -32.593       4.5132
-238.187  -28.733       4.5132
-238.187  -24.873       4.5132
-238.187  -21.014       4.5132
-238.187  -17.154       4.5132
-238.187  -13.294       4.5132
-238.187   -9.434       4.5132
-238.187   -5.574       4.5132
-238.187   -1.714       4.5132
-238.187    2.146       4.5132
-238.187    6.006       4.5132
-238.187    9.866       4.5132
-238.187   13.726       4.5132
-238.187   17.586       4.5132
-238.187   21.446       4.5132
-238.187   25.306       4.5132
-238.187   29.166       4.5132
-238.187   33.026       4.5132
-238.187   36.886       4.5132
-238.187   40.745       4.5132
-238.187   44.605       4.5132
-238.187   48.465       4.5132
-238.187   52.325       4.5132
-238.187   56.185       4.5132
-238.187   60.045       4.5132
-238.187   63.905       4.5132
-238.187   67.765       4.5132
-238.187   71.625       4.5132
-238.187   75.485       4.5132
-238.187   79.345       4.5132
-238.187   83.205       4.5132
-238.187   87.065       4.5132
-238.187   90.925       2.5267
-238.187   94.785       2.0155
-238.187   98.645       2.2572
-238.187  102.505       2.4855
-238.187  106.364       2.4109
-238.187  110.224       2.7901
-238.187  114.084       3.6867
-238.187  117.944       4.5132
-238.187  121.804       4.5132
-238.187  125.664       4.5132
-238.187  129.524       4.5132
-238.187  133.384       4.5132
-238.187  137.244       4.5132
-238.187  141.104       3.2735
-238.187  144.964       3.2735
-238.187  148.824       2.1576
-238.187  152.684       1.9159
-238.187  156.544       1.8717
-238.187  160.404       1.4043
-238.187  164.264       1.5182
-238.187  168.124       1.4108
-238.187  171.983       1.5845
-238.187  175.843       1.4656
-238.187  179.703       1.2661
-238.187  183.563       1.1455
-238.187  187.423       1.1010
-238.187  191.283       1.1936
-238.187  195.143       1.7002
-238.187  199.003       1.9473
-238.187  202.863       2.0723
-238.187  206.723       1.4514
-238.187  210.583       1.4376
-238.187  214.443       1.6023
-238.187  218.303       2.2307
-238.187  222.163       2.8603
-238.187  226.023       3.6867
-238.187  229.883       4.5132
-238.187  233.742       4.5132
-238.187  237.602       4.5132
-238.187  241.462       4.5132
-238.187  245.322       4.5132
-238.187  249.182       4.5132
-238.187  253.042       4.5132
-238.187  256.902       4.5132
-238.187  260.762       4.5132
-235.119 -121.372       4.5132
-235.119 -117.512       4.5132
-235.119 -113.652       4.5132
-235.119 -109.792       4.5132
-235.119 -105.932       4.5132
-235.119 -102.072       4.5132
-235.119  -98.212       4.5132
-235.119  -94.352       4.5132
-235.119  -90.492       4.5132
-235.119  -86.633       4.5132
-235.119  -82.773       4.5132
-235.119  -78.913       4.5132
-235.119  -75.053       4.5132
-235.119  -71.193       4.5132
-235.119  -67.333       4.5132
-235.119  -63.473       4.5132
-235.119  -59.613       4.5132
-235.119  -55.753       4.5132
-235.119  -51.893       4.5132
-235.119  -48.033       4.5132
-235.119  -44.173       4.5132
-235.119  -40.313       4.5132
-235.119  -36.453       4.5132
-235.119  -32.593       4.5132
-235.119  -28.733       4.5132
-235.119  -24.873       4.5132
-235.119  -21.014       4.5132
-235.119  -17.154       4.5132
-235.119  -13.294       4.5132
-235.119   -9.434       4.5132
-235.119   -5.574       4.5132
-235.119   -1.714       4.5132
-235.119    2.146       4.5132
-235.119    6.006       4.5132
-235.119    9.866       4.5132
-235.119   13.726       4.5132
-235.119   17.586       4.5132
-235.119   21.446       4.5132
-235.119   25.306       4.5132
-235.119   29.166       4.5132
-235.119   33.026       4.5132
-235.119   36.886       4.5132
-235.119   40.745       4.5132
-235.119   44.605       4.5132
-235.119   48.465       4.5132
-235.119   52.325       4.5132
-235.119   56.185       4.5132
-235.119   60.045       4.5132
-235.119   63.905       4.5132
-235.119   67.765       4.5132
-235.119   71.625       4.5132
-235.119   75.485       4.5132
-235.119   79.345       4.5132
-235.119   83.205       4.5132
-235.119   87.065       4.5132
-235.119   90.925       2.4109
-235.119   94.785       1.9804
-235.119   98.645       1.9159
-235.119  102.505       2.9399
-235.119  106.364       2.7901
-235.119  110.224       4.1000
-235.119  114.084       4.5132
-235.119  117.944       4.5132
-235.119  121.804       4.5132
-235.119  125.664       4.5132
-235.119  129.524       4.5132
-235.119  133.384       4.5132
-235.119  137.244       4.5132
-235.119  141.104       3.2735
-235.119  144.964       2.9399
-235.119  148.824       2.7901
-235.119  152.684       2.3140
-235.119  156.544       2.0338
-235.119  160.404       1.8440
-235.119  164.264       1.6023
-235.119  168.124       1.6492
-235.119  171.983       1.7798
-235.119  175.843       1.7110
-235.119  179.703       1.5341
-235.119  183.563       1.2074
-235.119  187.423       1.3666
-235.119  191.283       1.1712
-235.119  195.143       1.7002
-235.119  199.003       1.7678
-235.119  202.863       1.7798
-235.119  206.723       1.7560
-235.119  210.583       1.6492
-235.119  214.443       1.9314
-235.119  218.303       2.0155
-235.119  222.163       3.0318
-235.119  226.023       3.4450
-235.119  229.883       4.5132
-235.119  233.742       4.5132
-235.119  237.602       4.5132
-235.119  241.462       4.5132
-235.119  245.322       4.5132
-235.119  249.182       4.5132
-235.119  253.042       4.5132
-235.119  256.902       4.5132
-235.119  260.762       4.5132
-232.050 -121.372       4.5132
-232.050 -117.512       4.5132
-232.050 -113.652       4.5132
-232.050 -109.792       4.5132
-232.050 -105.932       4.5132
-232.050 -102.072       4.5132
-232.050  -98.212       4.5132
-232.050  -94.352       4.5132
-232.050  -90.492       4.5132
-232.050  -86.633       4.5132
-232.050  -82.773       4.5132
-232.050  -78.913       4.5132
-232.050  -75.053       4.5132
-232.050  -71.193       4.5132
-232.050  -67.333       4.5132
-232.050  -63.473       4.5132
-232.050  -59.613       4.5132
-232.050  -55.753       4.5132
-232.050  -51.893       4.5132
-232.050  -48.033       4.5132
-232.050  -44.173       4.5132
-232.050  -40.313       4.5132
-232.050  -36.453       4.5132
-232.050  -32.593       4.5132
-232.050  -28.733       4.5132
-232.050  -24.873       4.5132
-232.050  -21.014       4.5132
-232.050  -17.154       4.5132
-232.050  -13.294       4.5132
-232.050   -9.434       4.5132
-232.050   -5.574       4.5132
-232.050   -1.714       4.5132
-232.050    2.146       4.5132
-232.050    6.006       4.5132
-232.050    9.866       4.5132
-232.050   13.726       4.5132
-232.050   17.586       4.5132
-232.050   21.446       4.5132
-232.050   25.306       4.5132
-232.050   29.166       4.5132
-232.050   33.026       4.5132
-232.050   36.886       4.5132
-232.050   40.745       4.5132
-232.050   44.605       4.5132
-232.050   48.465       4.5132
-232.050   52.325       4.5132
-232.050   56.185       4.5132
-232.050   60.045       4.5132
-232.050   63.905       4.5132
-232.050   67.765       4.5132
-232.050   71.625       4.5132
-232.050   75.485       4.5132
-232.050   79.345       4.5132
-232.050   83.205       4.1000
-232.050   87.065       3.0318
-232.050   90.925       2.3140
-232.050   94.785       2.2307
-232.050   98.645       1.9636
-232.050  102.505       2.5267
-232.050  106.364       2.9399
-232.050  110.224       3.6867
-232.050  114.084       4.5132
-232.050  117.944       4.5132
-232.050  121.804       4.5132
-232.050  125.664       4.5132
-232.050  129.524       4.5132
-232.050  133.384       4.5132
-232.050  137.244       4.5132
-232.050  141.104       2.9399
-232.050  144.964       2.4109
-232.050  148.824       2.7901
-232.050  152.684       2.3446
-232.050  156.544       2.0925
-232.050  160.404       1.8861
-232.050  164.264       1.5845
-232.050  168.124       1.8861
-232.050  171.983       1.9977
-232.050  175.843       1.4951
-232.050  179.703       1.6023
-232.050  183.563       1.2661
-232.050  187.423       1.5504
-232.050  191.283       1.3727
-232.050  195.143       1.3789
-232.050  199.003       1.6395
-232.050  202.863       1.8175
-232.050  206.723       1.7002
-232.050  210.583       1.7678
-232.050  214.443       2.3446
-232.050  218.303       2.2572
-232.050  222.163       2.7901
-232.050  226.023       4.5132
-232.050  229.883       4.5132
-232.050  233.742       4.5132
-232.050  237.602       4.5132
-232.050  241.462       4.5132
-232.050  245.322       4.5132
-232.050  249.182       4.5132
-232.050  253.042       4.5132
-232.050  256.902       4.5132
-232.050  260.762       4.5132
-228.982 -121.372       4.5132
-228.982 -117.512       4.5132
-228.982 -113.652       4.5132
-228.982 -109.792       4.5132
-228.982 -105.932       4.5132
-228.982 -102.072       4.5132
-228.982  -98.212       4.5132
-228.982  -94.352       4.5132
-228.982  -90.492       4.5132
-228.982  -86.633       4.5132
-228.982  -82.773       4.5132
-228.982  -78.913       4.5132
-228.982  -75.053       4.5132
-228.982  -71.193       4.5132
-228.982  -67.333       4.5132
-228.982  -63.473       4.5132
-228.982  -59.613       4.5132
-228.982  -55.753       4.5132
-228.982  -51.893       4.5132
-228.982  -48.033       4.5132
-228.982  -44.173       4.5132
-228.982  -40.313       4.5132
-228.982  -36.453       4.5132
-228.982  -32.593       4.5132
-228.982  -28.733       4.5132
-228.982  -24.873       4.5132
-228.982  -21.014       4.5132
-228.982  -17.154       4.5132
-228.982  -13.294       4.5132
-228.982   -9.434       4.5132
-228.982   -5.574       4.5132
-228.982   -1.714       4.5132
-228.982    2.146       4.5132
-228.982    6.006       4.5132
-228.982    9.866       4.5132
-228.982   13.726       4.5132
-228.982   17.586       4.5132
-228.982   21.446       4.5132
-228.982   25.306       4.5132
-228.982   29.166       4.5132
-228.982   33.026       4.5132
-228.982   36.886       4.5132
-228.982   40.745       4.5132
-228.982   44.605       4.5132
-228.982   48.465       4.5132
-228.982   52.325       4.5132
-228.982   56.185       4.5132
-228.982   60.045       4.5132
-228.982   63.905       4.5132
-228.982   67.765       4.5132
-228.982   71.625       4.5132
-228.982   75.485       4.5132
-228.982   79.345       2.8603
-228.982   83.205       2.4855
-228.982   87.065       2.0723
-228.982   90.925       1.7560
-228.982   94.785       2.4109
-228.982   98.645       2.3446
-228.982  102.505       2.6186
-228.982  106.364       2.2307
-228.982  110.224       3.0318
-228.982  114.084       4.5132
-228.982  117.944       4.5132
-228.982  121.804       4.5132
-228.982  125.664       4.5132
-228.982  129.524       4.5132
-228.982  133.384       4.5132
-228.982  137.244       4.5132
-228.982  141.104       2.7273
-228.982  144.964       1.9636
-228.982  148.824       2.3140
-228.982  152.684       2.9399
-228.982  156.544       2.1576
-228.982  160.404       1.6793
-228.982  164.264       1.4376
-228.982  168.124       1.7921
-228.982  171.983       1.8175
-228.982  175.843       1.6395
-228.982  179.703       1.6023
-228.982  183.563       1.5341
-228.982  187.423       1.4514
-228.982  191.283       1.7330
-228.982  195.143       1.4043
-228.982  199.003       1.5587
-228.982  202.863       1.8861
-228.982  206.723       1.3605
-228.982  210.583       1.4585
-228.982  214.443       1.7219
-228.982  218.303       2.2850
-228.982  222.163       3.6867
-228.982  226.023       4.5132
-228.982  229.883       4.5132
-228.982  233.742       4.5132
-228.982  237.602       4.5132
-228.982  241.462       4.5132
-228.982  245.322       4.5132
-228.982  249.182       4.5132
-228.982  253.042       4.5132
-228.982  256.902       4.5132
-228.982  260.762       4.5132
-225.913 -121.372       4.5132
-225.913 -117.512       4.5132
-225.913 -113.652       4.5132
-225.913 -109.792       4.5132
-225.913 -105.932       4.5132
-225.913 -102.072       4.5132
-225.913  -98.212       4.5132
-225.913  -94.352       4.5132
-225.913  -90.492       4.5132
-225.913  -86.633       4.5132
-225.913  -82.773       4.5132
-225.913  -78.913       4.5132
-225.913  -75.053       4.5132
-225.913  -71.193       4.5132
-225.913  -67.333       4.5132
-225.913  -63.473       4.5132
-225.913  -59.613       4.5132
-225.913  -55.753       4.5132
-225.913  -51.893       4.5132
-225.913  -48.033       4.5132
-225.913  -44.173       4.5132
-225.913  -40.313       4.5132
-225.913  -36.453       4.5132
-225.913  -32.593       4.5132
-225.913  -28.733       4.5132
-225.913  -24.873       4.5132
-225.913  -21.014       4.5132
-225.913  -17.154       4.5132
-225.913  -13.294       4.5132
-225.913   -9.434       4.5132
-225.913   -5.574       4.5132
-225.913   -1.714       4.5132
-225.913    2.146       4.5132
-225.913    6.006       4.5132
-225.913    9.866       4.5132
-225.913   13.726       4.5132
-225.913   17.586       4.5132
-225.913   21.446       4.5132
-225.913   25.306       4.5132
-225.913   29.166       4.5132
-225.913   33.026       4.5132
-225.913   36.886       4.5132
-225.913   40.745       4.5132
-225.913   44.605       4.5132
-225.913   48.465       4.5132
-225.913   52.325       4.5132
-225.913   56.185       4.5132
-225.913   60.045       4.5132
-225.913   63.905       4.5132
-225.913   67.765       4.5132
-225.913   71.625       4.5132
-225.913   75.485       4.5132
-225.913   79.345       2.7273
-225.913   83.205       2.2572
-225.913   87.065       2.2307
-225.913   90.925       1.7444
-225.913   94.785       2.0925
-225.913   98.645       2.1576
-225.913  102.505       2.7901
-225.913  106.364       2.2053
-225.913  110.224       2.4471
-225.913  114.084       4.1000
-225.913  117.944       4.5132
-225.913  121.804       4.5132
-225.913  125.664       4.5132
-225.913  129.524       4.5132
-225.913  133.384       4.5132
-225.913  137.244       4.5132
-225.913  141.104       2.9399
-225.913  144.964       2.0528
-225.913  148.824       2.0925
-225.913  152.684       2.4855
-225.913  156.544       2.3768
-225.913  160.404       1.7560
-225.913  164.264       1.7798
-225.913  168.124       1.8306
-225.913  171.983       2.0723
-225.913  175.843       2.1810
-225.913  179.703       1.5672
-225.913  183.563       1.5758
-225.913  187.423       1.5845
-225.913  191.283       2.1351
-225.913  195.143       1.7798
-225.913  199.003       1.7921
-225.913  202.863       1.6897
-225.913  206.723       1.3666
-225.913  210.583       1.4043
-225.913  214.443       1.4729
-225.913  218.303       1.9314
-225.913  222.163       2.7901
-225.913  226.023       4.1000
-225.913  229.883       4.5132
-225.913  233.742       4.5132
-225.913  237.602       4.5132
-225.913  241.462       4.5132
-225.913  245.322       4.5132
-225.913  249.182       4.5132
-225.913  253.042       4.5132
-225.913  256.902       4.5132
-225.913  260.762       4.5132
-222.844 -121.372       4.5132
-222.844 -117.512       4.5132
-222.844 -113.652       4.5132
-222.844 -109.792       4.5132
-222.844 -105.932       4.5132
-222.844 -102.072       4.5132
-222.844  -98.212       4.5132
-222.844  -94.352       4.5132
-222.844  -90.492       4.5132
-222.844  -86.633       4.5132
-222.844  -82.773       4.5132
-222.844  -78.913       4.5132
-222.844  -75.053       4.5132
-222.844  -71.193       4.5132
-222.844  -67.333       4.5132
-222.844  -63.473       4.5132
-222.844  -59.613       4.5132
-222.844  -55.753       4.5132
-222.844  -51.893       4.5132
-222.844  -48.033       4.5132
-222.844  -44.173       4.5132
-222.844  -40.313       4.5132
-222.844  -36.453       4.5132
-222.844  -32.593       4.5132
-222.844  -28.733       4.5132
-222.844  -24.873       4.5132
-222.844  -21.014       4.5132
-222.844  -17.154       4.5132
-222.844  -13.294       4.5132
-222.844   -9.434       4.5132
-222.844   -5.574       4.5132
-222.844   -1.714       4.5132
-222.844    2.146       4.5132
-222.844    6.006       4.5132
-222.844    9.866       4.5132
-222.844   13.726       4.5132
-222.844   17.586       4.5132
-222.844   21.446       4.5132
-222.844   25.306       4.5132
-222.844   29.166       4.5132
-222.844   33.026       4.5132
-222.844   36.886       4.5132
-222.844   40.745       4.5132
-222.844   44.605       4.5132
-222.844   48.465       4.5132
-222.844   52.325       4.5132
-222.844   56.185       4.5132
-222.844   60.045       4.5132
-222.844   63.905       4.5132
-222.844   67.765       4.5132
-222.844   71.625       4.5132
-222.844   75.485       4.5132
-222.844   79.345       3.2735
-222.844   83.205       2.5267
-222.844   87.065       2.2572
-222.844   90.925       2.3768
-222.844   94.785       1.9314
-222.844   98.645       2.0925
-222.844  102.505       2.2572
-222.844  106.364       2.1134
-222.844  110.224       2.1810
-222.844  114.084       3.4450
-222.844  117.944       4.5132
-222.844  121.804       4.5132
-222.844  125.664       4.5132
-222.844  129.524       4.5132
-222.844  133.384       4.5132
-222.844  137.244       4.5132
-222.844  141.104       4.5132
-222.844  144.964       3.2735
-222.844  148.824       2.8603
-222.844  152.684       2.1576
-222.844  156.544       2.3768
-222.844  160.404       1.7560
-222.844  164.264       1.8440
-222.844  168.124       2.3768
-222.844  171.983       2.1810
-222.844  175.843       2.0338
-222.844  179.703       1.6591
-222.844  183.563       2.0155
-222.844  187.423       2.0723
-222.844  191.283       2.7273
-222.844  195.143       2.1351
-222.844  199.003       2.2053
-222.844  202.863       2.0723
-222.844  206.723       1.4376
-222.844  210.583       1.3312
-222.844  214.443       1.5027
-222.844  218.303       1.7678
-222.844  222.163       2.1576
-222.844  226.023       3.6867
-222.844  229.883       4.5132
-222.844  233.742       4.5132
-222.844  237.602       4.5132
-222.844  241.462       4.5132
-222.844  245.322       4.5132
-222.844  249.182       4.5132
-222.844  253.042       4.5132
-222.844  256.902       4.5132
-222.844  260.762       4.5132
-219.776 -121.372       4.5132
-219.776 -117.512       4.5132
-219.776 -113.652       4.5132
-219.776 -109.792       4.5132
-219.776 -105.932       4.5132
-219.776 -102.072       4.5132
-219.776  -98.212       4.5132
-219.776  -94.352       4.5132
-219.776  -90.492       4.5132
-219.776  -86.633       4.5132
-219.776  -82.773       4.5132
-219.776  -78.913       4.5132
-219.776  -75.053       4.5132
-219.776  -71.193       4.5132
-219.776  -67.333       4.5132
-219.776  -63.473       4.5132
-219.776  -59.613       4.5132
-219.776  -55.753       4.5132
-219.776  -51.893       4.5132
-219.776  -48.033       4.5132
-219.776  -44.173       4.5132
-219.776  -40.313       4.5132
-219.776  -36.453       4.5132
-219.776  -32.593       4.5132
-219.776  -28.733       4.5132
-219.776  -24.873       4.5132
-219.776  -21.014       4.5132
-219.776  -17.154       4.5132
-219.776  -13.294       4.5132
-219.776   -9.434       4.5132
-219.776   -5.574       4.5132
-219.776   -1.714       4.5132
-219.776    2.146       4.5132
-219.776    6.006       4.5132
-219.776    9.866       4.5132
-219.776   13.726       4.5132
-219.776   17.586       4.5132
-219.776   21.446       4.5132
-219.776   25.306       4.5132
-219.776   29.166       4.5132
-219.776   33.026       4.5132
-219.776   36.886       4.5132
-219.776   40.745       4.5132
-219.776   44.605       4.5132
-219.776   48.465       4.5132
-219.776   52.325       4.5132
-219.776   56.185       4.5132
-219.776   60.045       4.5132
-219.776   63.905       4.5132
-219.776   67.765       4.5132
-219.776   71.625       4.5132
-219.776   75.485       4.5132
-219.776   79.345       3.2735
-219.776   83.205       3.0318
-219.776   87.065       2.0723
-219.776   90.925       2.5267
-219.776   94.785       2.2572
-219.776   98.645       2.0723
-219.776  102.505       1.8717
-219.776  106.364       1.9314
-219.776  110.224       2.0925
-219.776  114.084       2.7901
-219.776  117.944       4.5132
-219.776  121.804       4.5132
-219.776  125.664       4.1000
-219.776  129.524       4.5132
-219.776  133.384       4.5132
-219.776  137.244       4.5132
-219.776  141.104       4.5132
-219.776  144.964       4.5132
-219.776  148.824       4.1000
-219.776  152.684       2.0155
-219.776  156.544       2.5267
-219.776  160.404       2.1810
-219.776  164.264       2.2572
-219.776  168.124       2.7273
-219.776  171.983       2.0528
-219.776  175.843       1.7921
-219.776  179.703       2.2053
-219.776  183.563       3.1405
-219.776  187.423       4.5132
-219.776  191.283       3.1405
-219.776  195.143       2.4855
-219.776  199.003       2.5709
-219.776  202.863       1.9473
-219.776  206.723       1.7560
-219.776  210.583       1.5758
-219.776  214.443       2.0528
-219.776  218.303       1.9159
-219.776  222.163       2.2850
-219.776  226.023       3.4450
-219.776  229.883       4.5132
-219.776  233.742       4.5132
-219.776  237.602       4.5132
-219.776  241.462       4.5132
-219.776  245.322       4.5132
-219.776  249.182       4.5132
-219.776  253.042       4.5132
-219.776  256.902       4.5132
-219.776  260.762       4.5132
-216.707 -121.372       4.5132
-216.707 -117.512       4.5132
-216.707 -113.652       4.5132
-216.707 -109.792       4.5132
-216.707 -105.932       4.5132
-216.707 -102.072       4.5132
-216.707  -98.212       4.5132
-216.707  -94.352       4.5132
-216.707  -90.492       4.5132
-216.707  -86.633       4.5132
-216.707  -82.773       4.5132
-216.707  -78.913       4.5132
-216.707  -75.053       4.5132
-216.707  -71.193       4.5132
-216.707  -67.333       4.5132
-216.707  -63.473       4.5132
-216.707  -59.613       4.5132
-216.707  -55.753       4.5132
-216.707  -51.893       4.5132
-216.707  -48.033       4.5132
-216.707  -44.173       4.5132
-216.707  -40.313       4.5132
-216.707  -36.453       4.5132
-216.707  -32.593       4.5132
-216.707  -28.733       4.5132
-216.707  -24.873       4.5132
-216.707  -21.014       4.5132
-216.707  -17.154       4.5132
-216.707  -13.294       4.5132
-216.707   -9.434       4.5132
-216.707   -5.574       4.5132
-216.707   -1.714       4.5132
-216.707    2.146       4.5132
-216.707    6.006       4.5132
-216.707    9.866       4.5132
-216.707   13.726       4.5132
-216.707   17.586       4.5132
-216.707   21.446       4.5132
-216.707   25.306       4.5132
-216.707   29.166       4.5132
-216.707   33.026       4.5132
-216.707   36.886       4.5132
-216.707   40.745       4.5132
-216.707   44.605       4.5132
-216.707   48.465       4.5132
-216.707   52.325       4.5132
-216.707   56.185       4.5132
-216.707   60.045       4.5132
-216.707   63.905       4.5132
-216.707   67.765       4.5132
-216.707   71.625       4.5132
-216.707   75.485       3.4450
-216.707   79.345       2.5709
-216.707   83.205       2.2850
-216.707   87.065       1.9977
-216.707   90.925       2.0338
-216.707   94.785       2.5267
-216.707   98.645       3.4450
-216.707  102.505       2.6704
-216.707  106.364       2.2053
-216.707  110.224       2.0155
-216.707  114.084       2.6704
-216.707  117.944       3.6867
-216.707  121.804       4.5132
-216.707  125.664       2.7901
-216.707  129.524       3.6867
-216.707  133.384       4.5132
-216.707  137.244       4.5132
-216.707  141.104       4.5132
-216.707  144.964       4.5132
-216.707  148.824       4.5132
-216.707  152.684       2.4109
-216.707  156.544       2.3140
-216.707  160.404       2.6704
-216.707  164.264       2.2307
-216.707  168.124       3.1405
-216.707  171.983       2.7901
-216.707  175.843       2.4471
-216.707  179.703       2.0338
-216.707  183.563       2.5709
-216.707  187.423       4.5132
-216.707  191.283       4.5132
-216.707  195.143       2.6704
-216.707  199.003       2.4471
-216.707  202.863       1.8306
-216.707  206.723       2.1810
-216.707  210.583       1.6492
-216.707  214.443       1.7678
-216.707  218.303       1.9977
-216.707  222.163       3.0318
-216.707  226.023       4.5132
-216.707  229.883       4.5132
-216.707  233.742       4.5132
-216.707  237.602       4.5132
-216.707  241.462       4.5132
-216.707  245.322       4.5132
-216.707  249.182       4.5132
-216.707  253.042       4.5132
-216.707  256.902       4.5132
-216.707  260.762       4.5132
-213.639 -121.372       4.5132
-213.639 -117.512       4.5132
-213.639 -113.652       4.5132
-213.639 -109.792       4.5132
-213.639 -105.932       4.5132
-213.639 -102.072       4.5132
-213.639  -98.212       4.5132
-213.639  -94.352       4.5132
-213.639  -90.492       4.5132
-213.639  -86.633       4.5132
-213.639  -82.773       4.5132
-213.639  -78.913       4.5132
-213.639  -75.053       4.5132
-213.639  -71.193       4.5132
-213.639  -67.333       4.5132
-213.639  -63.473       4.5132
-213.639  -59.613       4.5132
-213.639  -55.753       4.5132
-213.639  -51.893       4.5132
-213.639  -48.033       4.5132
-213.639  -44.173       4.5132
-213.639  -40.313       4.5132
-213.639  -36.453       4.5132
-213.639  -32.593       4.5132
-213.639  -28.733       4.5132
-213.639  -24.873       4.5132
-213.639  -21.014       4.5132
-213.639  -17.154       4.5132
-213.639  -13.294       4.5132
-213.639   -9.434       4.5132
-213.639   -5.574       4.5132
-213.639   -1.714       4.5132
-213.639    2.146       4.5132
-213.639    6.006       4.5132
-213.639    9.866       4.5132
-213.639   13.726       4.5132
-213.639   17.586       4.5132
-213.639   21.446       4.5132
-213.639   25.306       4.5132
-213.639   29.166       4.5132
-213.639   33.026       4.5132
-213.639   36.886       4.5132
-213.639   40.745       4.5132
-213.639   44.605       4.5132
-213.639   48.465       4.5132
-213.639   52.325       4.5132
-213.639   56.185       4.5132
-213.639   60.045       4.5132
-213.639   63.905       4.5132
-213.639   67.765       3.4450
-213.639   71.625       2.4109
-213.639   75.485       2.1576
-213.639   79.345       2.7273
-213.639   83.205       2.0723
-213.639   87.065       1.8717
-213.639   90.925       2.2053
-213.639   94.785       2.5267
-213.639   98.645       3.0318
-213.639  102.505       3.0318
-213.639  106.364       2.5267
-213.639  110.224       2.3446
-213.639  114.084       3.2735
-213.639  117.944       3.4450
-213.639  121.804       2.9399
-213.639  125.664       2.8603
-213.639  129.524       3.2735
-213.639  133.384       4.5132
-213.639  137.244       4.5132
-213.639  141.104       4.5132
-213.639  144.964       4.5132
-213.639  148.824       4.5132
-213.639  152.684       3.1405
-213.639  156.544       2.0925
-213.639  160.404       2.1576
-213.639  164.264       2.4471
-213.639  168.124       4.1000
-213.639  171.983       3.6867
-213.639  175.843       2.2307
-213.639  179.703       2.0723
-213.639  183.563       2.7901
-213.639  187.423       3.0318
-213.639  191.283       4.5132
-213.639  195.143       4.1000
-213.639  199.003       2.3768
-213.639  202.863       1.6492
-213.639  206.723       2.0528
-213.639  210.583       2.0155
-213.639  214.443       1.9159
-213.639  218.303       2.4855
-213.639  222.163       3.4450
-213.639  226.023       4.1000
-213.639  229.883       4.5132
-213.639  233.742       4.5132
-213.639  237.602       4.5132
-213.639  241.462       4.5132
-213.639  245.322       4.5132
-213.639  249.182       4.5132
-213.639  253.042       4.5132
-213.639  256.902       4.5132
-213.639  260.762       4.5132
-210.570 -121.372       4.5132
-210.570 -117.512       4.5132
-210.570 -113.652       4.5132
-210.570 -109.792       4.5132
-210.570 -105.932       4.5132
-210.570 -102.072       4.5132
-210.570  -98.212       4.5132
-210.570  -94.352       4.5132
-210.570  -90.492       4.5132
-210.570  -86.633       4.5132
-210.570  -82.773       4.5132
-210.570  -78.913       4.5132
-210.570  -75.053       4.5132
-210.570  -71.193       4.5132
-210.570  -67.333       4.5132
-210.570  -63.473       4.5132
-210.570  -59.613       4.5132
-210.570  -55.753       4.5132
-210.570  -51.893       4.5132
-210.570  -48.033       4.5132
-210.570  -44.173       4.5132
-210.570  -40.313       4.5132
-210.570  -36.453       4.5132
-210.570  -32.593       4.5132
-210.570  -28.733       4.5132
-210.570  -24.873       4.5132
-210.570  -21.014       4.5132
-210.570  -17.154       4.5132
-210.570  -13.294       4.5132
-210.570   -9.434       4.5132
-210.570   -5.574       4.5132
-210.570   -1.714       4.5132
-210.570    2.146       4.5132
-210.570    6.006       4.5132
-210.570    9.866       4.5132
-210.570   13.726       4.5132
-210.570   17.586       4.5132
-210.570   21.446       4.5132
-210.570   25.306       4.5132
-210.570   29.166       4.5132
-210.570   33.026       4.5132
-210.570   36.886       4.5132
-210.570   40.745       4.5132
-210.570   44.605       4.5132
-210.570   48.465       4.5132
-210.570   52.325       4.5132
-210.570   56.185       4.5132
-210.570   60.045       4.5132
-210.570   63.905       4.5132
-210.570   67.765       3.2735
-210.570   71.625       2.3768
-210.570   75.485       1.7921
-210.570   79.345       2.7273
-210.570   83.205       2.2307
-210.570   87.065       1.8717
-210.570   90.925       2.3768
-210.570   94.785       2.2850
-210.570   98.645       2.5709
-210.570  102.505       2.4471
-210.570  106.364       2.4471
-210.570  110.224       2.3140
-210.570  114.084       2.2307
-210.570  117.944       2.2053
-210.570  121.804       3.0318
-210.570  125.664       2.4471
-210.570  129.524       3.6867
-210.570  133.384       4.5132
-210.570  137.244       4.5132
-210.570  141.104       4.5132
-210.570  144.964       4.5132
-210.570  148.824       4.5132
-210.570  152.684       3.6867
-210.570  156.544       2.8603
-210.570  160.404       2.3140
-210.570  164.264       2.8603
-210.570  168.124       4.5132
-210.570  171.983       4.5132
-210.570  175.843       2.5709
-210.570  179.703       2.1810
-210.570  183.563       3.2735
-210.570  187.423       4.1000
-210.570  191.283       4.5132
-210.570  195.143       3.6867
-210.570  199.003       2.2053
-210.570  202.863       1.6492
-210.570  206.723       1.5341
-210.570  210.583       2.4471
-210.570  214.443       2.4109
-210.570  218.303       3.1405
-210.570  222.163       3.6867
-210.570  226.023       4.5132
-210.570  229.883       4.5132
-210.570  233.742       4.5132
-210.570  237.602       4.5132
-210.570  241.462       4.5132
-210.570  245.322       4.5132
-210.570  249.182       4.5132
-210.570  253.042       4.5132
-210.570  256.902       4.5132
-210.570  260.762       4.5132
-207.501 -121.372       4.5132
-207.501 -117.512       4.5132
-207.501 -113.652       4.5132
-207.501 -109.792       4.5132
-207.501 -105.932       4.5132
-207.501 -102.072       4.5132
-207.501  -98.212       4.5132
-207.501  -94.352       4.5132
-207.501  -90.492       4.5132
-207.501  -86.633       4.5132
-207.501  -82.773       4.5132
-207.501  -78.913       4.5132
-207.501  -75.053       4.5132
-207.501  -71.193       4.5132
-207.501  -67.333       4.5132
-207.501  -63.473       4.5132
-207.501  -59.613       4.5132
-207.501  -55.753       4.5132
-207.501  -51.893       4.5132
-207.501  -48.033       4.5132
-207.501  -44.173       4.5132
-207.501  -40.313       4.5132
-207.501  -36.453       4.5132
-207.501  -32.593       4.5132
-207.501  -28.733       4.5132
-207.501  -24.873       4.5132
-207.501  -21.014       4.5132
-207.501  -17.154       4.5132
-207.501  -13.294       4.5132
-207.501   -9.434       4.5132
-207.501   -5.574       4.5132
-207.501   -1.714       4.5132
-207.501    2.146       4.5132
-207.501    6.006       4.5132
-207.501    9.866       4.5132
-207.501   13.726       4.5132
-207.501   17.586       4.5132
-207.501   21.446       4.5132
-207.501   25.306       4.5132
-207.501   29.166       4.5132
-207.501   33.026       4.5132
-207.501   36.886       4.5132
-207.501   40.745       4.5132
-207.501   44.605       4.5132
-207.501   48.465       4.5132
-207.501   52.325       4.5132
-207.501   56.185       4.5132
-207.501   60.045       4.5132
-207.501   63.905       4.5132
-207.501   67.765       2.8603
-207.501   71.625       2.5267
-207.501   75.485       1.9159
-207.501   79.345       1.9008
-207.501   83.205       2.2850
-207.501   87.065       2.3768
-207.501   90.925       2.1351
-207.501   94.785       2.3768
-207.501   98.645       2.6186
-207.501  102.505       2.3140
-207.501  106.364       2.0723
-207.501  110.224       2.0155
-207.501  114.084       1.9314
-207.501  117.944       2.2572
-207.501  121.804       2.0723
-207.501  125.664       2.3768
-207.501  129.524       3.4450
-207.501  133.384       4.5132
-207.501  137.244       4.5132
-207.501  141.104       4.5132
-207.501  144.964       4.5132
-207.501  148.824       4.5132
-207.501  152.684       4.1000
-207.501  156.544       2.4855
-207.501  160.404       2.2572
-207.501  164.264       2.5709
-207.501  168.124       2.8603
-207.501  171.983       4.5132
-207.501  175.843       2.8603
-207.501  179.703       1.9977
-207.501  183.563       3.4450
-207.501  187.423       3.2735
-207.501  191.283       3.6867
-207.501  195.143       4.1000
-207.501  199.003       2.3768
-207.501  202.863       1.7002
-207.501  206.723       1.6691
-207.501  210.583       1.9314
-207.501  214.443       2.6704
-207.501  218.303       3.6867
-207.501  222.163       4.5132
-207.501  226.023       4.5132
-207.501  229.883       4.5132
-207.501  233.742       4.5132
-207.501  237.602       4.5132
-207.501  241.462       4.5132
-207.501  245.322       4.5132
-207.501  249.182       4.5132
-207.501  253.042       4.5132
-207.501  256.902       4.5132
-207.501  260.762       4.5132
-204.433 -121.372       4.5132
-204.433 -117.512       4.5132
-204.433 -113.652       4.5132
-204.433 -109.792       4.5132
-204.433 -105.932       4.5132
-204.433 -102.072       4.5132
-204.433  -98.212       4.5132
-204.433  -94.352       4.5132
-204.433  -90.492       4.5132
-204.433  -86.633       4.5132
-204.433  -82.773       4.5132
-204.433  -78.913       4.5132
-204.433  -75.053       4.5132
-204.433  -71.193       4.5132
-204.433  -67.333       4.5132
-204.433  -63.473       4.5132
-204.433  -59.613       4.5132
-204.433  -55.753       4.5132
-204.433  -51.893       4.5132
-204.433  -48.033       4.5132
-204.433  -44.173       4.5132
-204.433  -40.313       4.5132
-204.433  -36.453       4.5132
-204.433  -32.593       4.5132
-204.433  -28.733       4.5132
-204.433  -24.873       4.5132
-204.433  -21.014       4.5132
-204.433  -17.154       4.5132
-204.433  -13.294       4.5132
-204.433   -9.434       4.5132
-204.433   -5.574       4.5132
-204.433   -1.714       4.5132
-204.433    2.146       4.5132
-204.433    6.006       4.5132
-204.433    9.866       4.5132
-204.433   13.726       4.5132
-204.433   17.586       4.5132
-204.433   21.446       4.5132
-204.433   25.306       4.5132
-204.433   29.166       4.5132
-204.433   33.026       4.5132
-204.433   36.886       4.5132
-204.433   40.745       4.5132
-204.433   44.605       4.5132
-204.433   48.465       4.5132
-204.433   52.325       4.5132
-204.433   56.185       4.5132
-204.433   60.045       4.5132
-204.433   63.905       4.5132
-204.433   67.765       3.1405
-204.433   71.625       2.6186
-204.433   75.485       2.5267
-204.433   79.345       2.0338
-204.433   83.205       1.8861
-204.433   87.065       2.1576
-204.433   90.925       2.7901
-204.433   94.785       2.8603
-204.433   98.645       2.4855
-204.433  102.505       2.0528
-204.433  106.364       2.0338
-204.433  110.224       2.3140
-204.433  114.084       1.9473
-204.433  117.944       2.5267
-204.433  121.804       2.8603
-204.433  125.664       2.5709
-204.433  129.524       4.5132
-204.433  133.384       4.5132
-204.433  137.244       4.5132
-204.433  141.104       4.5132
-204.433  144.964       4.5132
-204.433  148.824       4.5132
-204.433  152.684       4.1000
-204.433  156.544       2.9399
-204.433  160.404       2.5709
-204.433  164.264       2.1810
-204.433  168.124       2.0723
-204.433  171.983       2.2572
-204.433  175.843       2.4471
-204.433  179.703       2.7273
-204.433  183.563       4.5132
-204.433  187.423       2.7901
-204.433  191.283       3.2735
-204.433  195.143       3.6867
-204.433  199.003       2.2053
-204.433  202.863       1.4876
-204.433  206.723       1.2817
-204.433  210.583       1.9473
-204.433  214.443       2.7273
-204.433  218.303       3.4450
-204.433  222.163       4.5132
-204.433  226.023       4.5132
-204.433  229.883       4.5132
-204.433  233.742       4.5132
-204.433  237.602       4.5132
-204.433  241.462       4.5132
-204.433  245.322       4.5132
-204.433  249.182       4.5132
-204.433  253.042       4.5132
-204.433  256.902       4.5132
-204.433  260.762       4.5132
-201.364 -121.372       4.5132
-201.364 -117.512       4.5132
-201.364 -113.652       4.5132
-201.364 -109.792       4.5132
-201.364 -105.932       4.5132
-201.364 -102.072       4.5132
-201.364  -98.212       4.5132
-201.364  -94.352       4.5132
-201.364  -90.492       4.5132
-201.364  -86.633       4.5132
-201.364  -82.773       4.5132
-201.364  -78.913       4.5132
-201.364  -75.053       4.5132
-201.364  -71.193       4.5132
-201.364  -67.333       4.5132
-201.364  -63.473       4.5132
-201.364  -59.613       4.5132
-201.364  -55.753       4.5132
-201.364  -51.893       4.5132
-201.364  -48.033       4.5132
-201.364  -44.173       4.5132
-201.364  -40.313       4.5132
-201.364  -36.453       4.5132
-201.364  -32.593       4.5132
-201.364  -28.733       4.5132
-201.364  -24.873       4.5132
-201.364  -21.014       4.5132
-201.364  -17.154       4.5132
-201.364  -13.294       4.5132
-201.364   -9.434       4.5132
-201.364   -5.574       4.5132
-201.364   -1.714       4.5132
-201.364    2.146       4.5132
-201.364    6.006       4.5132
-201.364    9.866       4.5132
-201.364   13.726       4.5132
-201.364   17.586       4.5132
-201.364   21.446       4.5132
-201.364   25.306       4.5132
-201.364   29.166       4.5132
-201.364   33.026       4.5132
-201.364   36.886       4.5132
-201.364   40.745       4.5132
-201.364   44.605       4.5132
-201.364   48.465       4.5132
-201.364   52.325       4.5132
-201.364   56.185       4.5132
-201.364   60.045       4.5132
-201.364   63.905       4.5132
-201.364   67.765       3.2735
-201.364   71.625       2.1576
-201.364   75.485       2.1576
-201.364   79.345       2.0338
-201.364   83.205       2.1810
-201.364   87.065       1.7444
-201.364   90.925       2.2053
-201.364   94.785       2.2850
-201.364   98.645       2.8603
-201.364  102.505       2.7901
-201.364  106.364       2.3140
-201.364  110.224       2.1576
-201.364  114.084       2.1351
-201.364  117.944       2.7273
-201.364  121.804       4.1000
-201.364  125.664       4.1000
-201.364  129.524       2.6186
-201.364  133.384       3.4450
-201.364  137.244       4.5132
-201.364  141.104       4.5132
-201.364  144.964       4.5132
-201.364  148.824       2.9399
-201.364  152.684       2.7273
-201.364  156.544       2.4855
-201.364  160.404       2.0338
-201.364  164.264       2.0925
-201.364  168.124       2.2307
-201.364  171.983       2.5267
-201.364  175.843       2.8603
-201.364  179.703       3.6867
-201.364  183.563       4.5132
-201.364  187.423       3.6867
-201.364  191.283       3.1405
-201.364  195.143       2.1351
-201.364  199.003       2.3446
-201.364  202.863       1.6023
-201.364  206.723       1.2764
-201.364  210.583       1.7002
-201.364  214.443       2.5267
-201.364  218.303       4.1000
-201.364  222.163       4.5132
-201.364  226.023       4.5132
-201.364  229.883       4.5132
-201.364  233.742       4.5132
-201.364  237.602       4.5132
-201.364  241.462       4.5132
-201.364  245.322       4.5132
-201.364  249.182       4.5132
-201.364  253.042       4.5132
-201.364  256.902       4.5132
-201.364  260.762       4.5132
-198.296 -121.372       4.5132
-198.296 -117.512       4.5132
-198.296 -113.652       4.5132
-198.296 -109.792       4.5132
-198.296 -105.932       4.5132
-198.296 -102.072       4.5132
-198.296  -98.212       4.5132
-198.296  -94.352       4.5132
-198.296  -90.492       4.5132
-198.296  -86.633       4.5132
-198.296  -82.773       4.5132
-198.296  -78.913       4.5132
-198.296  -75.053       4.5132
-198.296  -71.193       4.5132
-198.296  -67.333       4.5132
-198.296  -63.473       4.5132
-198.296  -59.613       4.5132
-198.296  -55.753       4.5132
-198.296  -51.893       4.5132
-198.296  -48.033       4.5132
-198.296  -44.173       4.5132
-198.296  -40.313       4.5132
-198.296  -36.453       4.5132
-198.296  -32.593       4.5132
-198.296  -28.733       4.5132
-198.296  -24.873       4.5132
-198.296  -21.014       4.5132
-198.296  -17.154       4.5132
-198.296  -13.294       4.5132
-198.296   -9.434       4.5132
-198.296   -5.574       4.5132
-198.296   -1.714       4.5132
-198.296    2.146       4.5132
-198.296    6.006       4.5132
-198.296    9.866       4.5132
-198.296   13.726       4.5132
-198.296   17.586       4.5132
-198.296   21.446       4.5132
-198.296   25.306       4.5132
-198.296   29.166       4.5132
-198.296   33.026       4.5132
-198.296   36.886       4.5132
-198.296   40.745       4.5132
-198.296   44.605       4.5132
-198.296   48.465       4.5132
-198.296   52.325       4.5132
-198.296   56.185       4.5132
-198.296   60.045       4.5132
-198.296   63.905       4.5132
-198.296   67.765       2.7273
-198.296   71.625       2.7273
-198.296   75.485       2.0723
-198.296   79.345       1.8047
-198.296   83.205       2.1134
-198.296   87.065       2.1576
-198.296   90.925       1.9473
-198.296   94.785       2.3768
-198.296   98.645       2.9399
-198.296  102.505       2.9399
-198.296  106.364       2.3446
-198.296  110.224       2.0338
-198.296  114.084       2.7901
-198.296  117.944       4.1000
-198.296  121.804       4.5132
-198.296  125.664       4.5132
-198.296  129.524       2.7901
-198.296  133.384       2.5709
-198.296  137.244       4.5132
-198.296  141.104       4.1000
-198.296  144.964       2.3768
-198.296  148.824       2.3768
-198.296  152.684       2.2850
-198.296  156.544       2.1576
-198.296  160.404       1.7330
-198.296  164.264       2.0528
-198.296  168.124       1.9636
-198.296  171.983       2.3768
-198.296  175.843       4.5132
-198.296  179.703       4.5132
-198.296  183.563       4.5132
-198.296  187.423       4.5132
-198.296  191.283       2.7273
-198.296  195.143       2.0528
-198.296  199.003       1.9008
-198.296  202.863       1.4876
-198.296  206.723       1.3486
-198.296  210.583       1.6395
-198.296  214.443       2.2850
-198.296  218.303       4.1000
-198.296  222.163       4.5132
-198.296  226.023       4.5132
-198.296  229.883       4.5132
-198.296  233.742       4.5132
-198.296  237.602       4.5132
-198.296  241.462       4.5132
-198.296  245.322       4.5132
-198.296  249.182       4.5132
-198.296  253.042       4.5132
-198.296  256.902       4.5132
-198.296  260.762       4.5132
-195.227 -121.372       4.5132
-195.227 -117.512       4.5132
-195.227 -113.652       4.5132
-195.227 -109.792       4.5132
-195.227 -105.932       4.5132
-195.227 -102.072       4.5132
-195.227  -98.212       4.5132
-195.227  -94.352       4.5132
-195.227  -90.492       4.5132
-195.227  -86.633       4.5132
-195.227  -82.773       4.5132
-195.227  -78.913       4.5132
-195.227  -75.053       4.5132
-195.227  -71.193       4.5132
-195.227  -67.333       4.5132
-195.227  -63.473       4.5132
-195.227  -59.613       4.5132
-195.227  -55.753       4.5132
-195.227  -51.893       4.5132
-195.227  -48.033       4.5132
-195.227  -44.173       4.5132
-195.227  -40.313       4.5132
-195.227  -36.453       4.5132
-195.227  -32.593       4.5132
-195.227  -28.733       4.5132
-195.227  -24.873       4.5132
-195.227  -21.014       4.5132
-195.227  -17.154       4.5132
-195.227  -13.294       4.5132
-195.227   -9.434       4.5132
-195.227   -5.574       4.5132
-195.227   -1.714       4.5132
-195.227    2.146       4.5132
-195.227    6.006       4.5132
-195.227    9.866       4.5132
-195.227   13.726       4.5132
-195.227   17.586       4.5132
-195.227   21.446       4.5132
-195.227   25.306       4.5132
-195.227   29.166       4.5132
-195.227   33.026       4.5132
-195.227   36.886       4.5132
-195.227   40.745       4.5132
-195.227   44.605       4.5132
-195.227   48.465       4.5132
-195.227   52.325       4.5132
-195.227   56.185       4.5132
-195.227   60.045       4.5132
-195.227   63.905       2.8603
-195.227   67.765       2.9399
-195.227   71.625       3.1405
-195.227   75.485       2.4109
-195.227   79.345       2.0155
-195.227   83.205       2.2053
-195.227   87.065       2.1134
-195.227   90.925       2.3768
-195.227   94.785       2.7901
-195.227   98.645       3.4450
-195.227  102.505       3.4450
-195.227  106.364       2.7273
-195.227  110.224       2.8603
-195.227  114.084       4.1000
-195.227  117.944       4.1000
-195.227  121.804       4.1000
-195.227  125.664       4.1000
-195.227  129.524       2.3446
-195.227  133.384       2.5709
-195.227  137.244       4.1000
-195.227  141.104       3.1405
-195.227  144.964       2.6704
-195.227  148.824       2.2850
-195.227  152.684       1.8306
-195.227  156.544       2.1576
-195.227  160.404       2.2307
-195.227  164.264       2.5709
-195.227  168.124       1.8861
-195.227  171.983       2.8603
-195.227  175.843       3.6867
-195.227  179.703       4.5132
-195.227  183.563       4.5132
-195.227  187.423       4.5132
-195.227  191.283       2.7901
-195.227  195.143       1.9473
-195.227  199.003       1.7444
-195.227  202.863       1.4043
-195.227  206.723       1.2360
-195.227  210.583       1.5845
-195.227  214.443       2.2307
-195.227  218.303       4.1000
-195.227  222.163       3.2735
-195.227  226.023       4.5132
-195.227  229.883       4.5132
-195.227  233.742       4.5132
-195.227  237.602       4.5132
-195.227  241.462       4.5132
-195.227  245.322       4.5132
-195.227  249.182       4.5132
-195.227  253.042       4.5132
-195.227  256.902       4.5132
-195.227  260.762       4.5132
-192.158 -121.372       4.5132
-192.158 -117.512       4.5132
-192.158 -113.652       4.5132
-192.158 -109.792       4.5132
-192.158 -105.932       4.5132
-192.158 -102.072       4.5132
-192.158  -98.212       4.5132
-192.158  -94.352       4.5132
-192.158  -90.492       4.5132
-192.158  -86.633       4.5132
-192.158  -82.773       4.5132
-192.158  -78.913       4.5132
-192.158  -75.053       4.5132
-192.158  -71.193       4.5132
-192.158  -67.333       4.5132
-192.158  -63.473       4.5132
-192.158  -59.613       4.5132
-192.158  -55.753       4.5132
-192.158  -51.893       4.5132
-192.158  -48.033       4.5132
-192.158  -44.173       4.5132
-192.158  -40.313       4.5132
-192.158  -36.453       4.5132
-192.158  -32.593       4.5132
-192.158  -28.733       4.5132
-192.158  -24.873       4.5132
-192.158  -21.014       4.5132
-192.158  -17.154       4.5132
-192.158  -13.294       4.5132
-192.158   -9.434       4.5132
-192.158   -5.574       4.5132
-192.158   -1.714       4.5132
-192.158    2.146       4.5132
-192.158    6.006       4.5132
-192.158    9.866       4.5132
-192.158   13.726       4.5132
-192.158   17.586       4.5132
-192.158   21.446       4.5132
-192.158   25.306       4.5132
-192.158   29.166       4.5132
-192.158   33.026       4.5132
-192.158   36.886       4.5132
-192.158   40.745       4.5132
-192.158   44.605       4.5132
-192.158   48.465       4.5132
-192.158   52.325       4.5132
-192.158   56.185       4.5132
-192.158   60.045       4.5132
-192.158   63.905       3.4450
-192.158   67.765       3.4450
-192.158   71.625       3.6867
-192.158   75.485       2.7273
-192.158   79.345       2.3446
-192.158   83.205       1.9314
-192.158   87.065       1.9636
-192.158   90.925       3.0318
-192.158   94.785       3.4450
-192.158   98.645       3.1405
-192.158  102.505       3.4450
-192.158  106.364       4.1000
-192.158  110.224       3.2735
-192.158  114.084       2.5709
-192.158  117.944       3.1405
-192.158  121.804       3.4450
-192.158  125.664       4.5132
-192.158  129.524       3.0318
-192.158  133.384       3.4450
-192.158  137.244       4.5132
-192.158  141.104       3.1405
-192.158  144.964       3.0318
-192.158  148.824       2.3140
-192.158  152.684       1.8047
-192.158  156.544       1.6492
-192.158  160.404       1.8047
-192.158  164.264       1.9159
-192.158  168.124       2.3140
-192.158  171.983       2.9399
-192.158  175.843       3.6867
-192.158  179.703       4.5132
-192.158  183.563       4.5132
-192.158  187.423       4.5132
-192.158  191.283       3.4450
-192.158  195.143       2.5267
-192.158  199.003       1.4802
-192.158  202.863       1.2817
-192.158  206.723       1.3427
-192.158  210.583       1.7219
-192.158  214.443       2.2307
-192.158  218.303       4.5132
-192.158  222.163       2.1810
-192.158  226.023       2.4855
-192.158  229.883       3.0318
-192.158  233.742       4.5132
-192.158  237.602       4.5132
-192.158  241.462       4.5132
-192.158  245.322       4.5132
-192.158  249.182       4.5132
-192.158  253.042       4.5132
-192.158  256.902       4.5132
-192.158  260.762       4.5132
-189.090 -121.372       4.5132
-189.090 -117.512       4.5132
-189.090 -113.652       4.5132
-189.090 -109.792       4.5132
-189.090 -105.932       4.5132
-189.090 -102.072       4.5132
-189.090  -98.212       4.5132
-189.090  -94.352       4.5132
-189.090  -90.492       4.5132
-189.090  -86.633       4.5132
-189.090  -82.773       4.5132
-189.090  -78.913       4.5132
-189.090  -75.053       4.5132
-189.090  -71.193       4.5132
-189.090  -67.333       4.5132
-189.090  -63.473       4.5132
-189.090  -59.613       4.5132
-189.090  -55.753       4.5132
-189.090  -51.893       4.5132
-189.090  -48.033       4.5132
-189.090  -44.173       4.5132
-189.090  -40.313       4.5132
-189.090  -36.453       4.5132
-189.090  -32.593       4.5132
-189.090  -28.733       4.5132
-189.090  -24.873       4.5132
-189.090  -21.014       4.5132
-189.090  -17.154       4.5132
-189.090  -13.294       4.5132
-189.090   -9.434       4.5132
-189.090   -5.574       4.5132
-189.090   -1.714       4.5132
-189.090    2.146       4.5132
-189.090    6.006       4.5132
-189.090    9.866       4.5132
-189.090   13.726       4.5132
-189.090   17.586       4.5132
-189.090   21.446       4.5132
-189.090   25.306       4.5132
-189.090   29.166       4.5132
-189.090   33.026       4.5132
-189.090   36.886       4.5132
-189.090   40.745       4.5132
-189.090   44.605       4.5132
-189.090   48.465       4.5132
-189.090   52.325       4.5132
-189.090   56.185       4.1000
-189.090   60.045       4.5132
-189.090   63.905       4.5132
-189.090   67.765       3.0318
-189.090   71.625       2.7273
-189.090   75.485       2.6704
-189.090   79.345       2.3768
-189.090   83.205       2.0723
-189.090   87.065       1.9977
-189.090   90.925       3.1405
-189.090   94.785       4.5132
-189.090   98.645       3.6867
-189.090  102.505       3.0318
-189.090  106.364       3.0318
-189.090  110.224       3.6867
-189.090  114.084       2.7901
-189.090  117.944       3.4450
-189.090  121.804       2.9399
-189.090  125.664       4.5132
-189.090  129.524       4.1000
-189.090  133.384       2.6186
-189.090  137.244       2.9399
-189.090  141.104       3.2735
-189.090  144.964       2.5709
-189.090  148.824       2.3446
-189.090  152.684       1.9314
-189.090  156.544       1.3978
-189.090  160.404       1.5261
-189.090  164.264       1.7330
-189.090  168.124       2.1810
-189.090  171.983       3.6867
-189.090  175.843       4.5132
-189.090  179.703       4.5132
-189.090  183.563       4.5132
-189.090  187.423       4.5132
-189.090  191.283       3.6867
-189.090  195.143       2.7901
-189.090  199.003       1.9804
-189.090  202.863       1.4876
-189.090  206.723       1.7330
-189.090  210.583       1.8717
-189.090  214.443       2.1351
-189.090  218.303       3.6867
-189.090  222.163       2.4471
-189.090  226.023       2.1810
-189.090  229.883       2.2572
-189.090  233.742       4.1000
-189.090  237.602       4.5132
-189.090  241.462       4.5132
-189.090  245.322       4.5132
-189.090  249.182       4.5132
-189.090  253.042       4.5132
-189.090  256.902       4.5132
-189.090  260.762       4.5132
-186.021 -121.372       4.5132
-186.021 -117.512       4.5132
-186.021 -113.652       4.5132
-186.021 -109.792       4.5132
-186.021 -105.932       4.5132
-186.021 -102.072       4.5132
-186.021  -98.212       4.5132
-186.021  -94.352       4.5132
-186.021  -90.492       4.5132
-186.021  -86.633       4.5132
-186.021  -82.773       4.5132
-186.021  -78.913       4.5132
-186.021  -75.053       4.5132
-186.021  -71.193       4.5132
-186.021  -67.333       4.5132
-186.021  -63.473       4.5132
-186.021  -59.613       4.5132
-186.021  -55.753       4.5132
-186.021  -51.893       4.5132
-186.021  -48.033       4.5132
-186.021  -44.173       4.5132
-186.021  -40.313       4.5132
-186.021  -36.453       4.5132
-186.021  -32.593       4.5132
-186.021  -28.733       4.5132
-186.021  -24.873       4.5132
-186.021  -21.014       4.5132
-186.021  -17.154       4.5132
-186.021  -13.294       4.5132
-186.021   -9.434       4.5132
-186.021   -5.574       4.5132
-186.021   -1.714       4.5132
-186.021    2.146       4.5132
-186.021    6.006       4.5132
-186.021    9.866       4.5132
-186.021   13.726       4.5132
-186.021   17.586       4.5132
-186.021   21.446       4.5132
-186.021   25.306       4.5132
-186.021   29.166       4.5132
-186.021   33.026       4.5132
-186.021   36.886       4.5132
-186.021   40.745       4.5132
-186.021   44.605       4.5132
-186.021   48.465       4.5132
-186.021   52.325       4.5132
-186.021   56.185       2.8603
-186.021   60.045       2.9399
-186.021   63.905       3.0318
-186.021   67.765       2.8603
-186.021   71.625       2.3140
-186.021   75.485       3.2735
-186.021   79.345       2.7273
-186.021   83.205       2.2850
-186.021   87.065       2.3446
-186.021   90.925       3.4450
-186.021   94.785       4.5132
-186.021   98.645       2.3768
-186.021  102.505       2.1810
-186.021  106.364       2.5709
-186.021  110.224       2.6704
-186.021  114.084       2.7273
-186.021  117.944       3.4450
-186.021  121.804       2.7273
-186.021  125.664       2.8603
-186.021  129.524       2.9399
-186.021  133.384       2.5709
-186.021  137.244       3.6867
-186.021  141.104       4.1000
-186.021  144.964       3.4450
-186.021  148.824       2.4855
-186.021  152.684       2.0338
-186.021  156.544       1.4802
-186.021  160.404       1.7330
-186.021  164.264       2.2053
-186.021  168.124       2.6704
-186.021  171.983       3.1405
-186.021  175.843       2.8603
-186.021  179.703       4.1000
-186.021  183.563       4.5132
-186.021  187.423       4.5132
-186.021  191.283       2.8603
-186.021  195.143       2.5709
-186.021  199.003       2.2850
-186.021  202.863       1.8717
-186.021  206.723       1.7921
-186.021  210.583       1.4729
-186.021  214.443       1.8047
-186.021  218.303       2.7273
-186.021  222.163       2.7901
-186.021  226.023       2.1576
-186.021  229.883       2.9399
-186.021  233.742       3.4450
-186.021  237.602       4.5132
-186.021  241.462       4.5132
-186.021  245.322       4.5132
-186.021  249.182       4.5132
-186.021  253.042       4.5132
-186.021  256.902       4.5132
-186.021  260.762       4.5132
-182.953 -121.372       4.5132
-182.953 -117.512       4.5132
-182.953 -113.652       4.5132
-182.953 -109.792       4.5132
-182.953 -105.932       4.5132
-182.953 -102.072       4.5132
-182.953  -98.212       4.5132
-182.953  -94.352       4.5132
-182.953  -90.492       4.5132
-182.953  -86.633       4.5132
-182.953  -82.773       4.5132
-182.953  -78.913       4.5132
-182.953  -75.053       4.5132
-182.953  -71.193       4.5132
-182.953  -67.333       4.5132
-182.953  -63.473       4.5132
-182.953  -59.613       4.5132
-182.953  -55.753       4.5132
-182.953  -51.893       4.5132
-182.953  -48.033       4.5132
-182.953  -44.173       4.5132
-182.953  -40.313       4.5132
-182.953  -36.453       4.5132
-182.953  -32.593       4.5132
-182.953  -28.733       4.5132
-182.953  -24.873       4.5132
-182.953  -21.014       4.5132
-182.953  -17.154       4.5132
-182.953  -13.294       4.5132
-182.953   -9.434       4.5132
-182.953   -5.574       4.5132
-182.953   -1.714       4.5132
-182.953    2.146       4.5132
-182.953    6.006       4.5132
-182.953    9.866       4.5132
-182.953   13.726       4.5132
-182.953   17.586       4.5132
-182.953   21.446       4.5132
-182.953   25.306       4.5132
-182.953   29.166       4.5132
-182.953   33.026       4.5132
-182.953   36.886       4.5132
-182.953   40.745       4.5132
-182.953   44.605       4.5132
-182.953   48.465       4.5132
-182.953   52.325       4.1000
-182.953   56.185       3.1405
-182.953   60.045       3.0318
-182.953   63.905       2.8603
-182.953   67.765       2.5709
-182.953   71.625       2.6704
-182.953   75.485       2.2572
-182.953   79.345       2.1134
-182.953   83.205       2.5267
-182.953   87.065       3.0318
-182.953   90.925       4.1000
-182.953   94.785       3.6867
-182.953   98.645       2.1810
-182.953  102.505       2.0155
-182.953  106.364       2.5709
-182.953  110.224       2.5267
-182.953  114.084       3.4450
-182.953  117.944       3.1405
-182.953  121.804       2.6186
-182.953  125.664       2.0723
-182.953  129.524       3.1405
-182.953  133.384       2.9399
-182.953  137.244       4.5132
-182.953  141.104       4.5132
-182.953  144.964       4.5132
-182.953  148.824       2.4109
-182.953  152.684       2.0723
-182.953  156.544       1.7002
-182.953  160.404       1.7002
-182.953  164.264       1.7002
-182.953  168.124       2.3140
-182.953  171.983       2.3446
-182.953  175.843       2.2850
-182.953  179.703       2.7901
-182.953  183.563       4.1000
-182.953  187.423       4.5132
-182.953  191.283       4.1000
-182.953  195.143       3.1405
-182.953  199.003       2.3140
-182.953  202.863       2.0925
-182.953  206.723       1.9159
-182.953  210.583       1.2559
-182.953  214.443       1.6114
-182.953  218.303       2.4471
-182.953  222.163       2.8603
-182.953  226.023       2.0155
-182.953  229.883       2.1351
-182.953  233.742       3.0318
-182.953  237.602       4.5132
-182.953  241.462       4.5132
-182.953  245.322       4.5132
-182.953  249.182       4.5132
-182.953  253.042       4.5132
-182.953  256.902       4.5132
-182.953  260.762       4.5132
-179.884 -121.372       4.5132
-179.884 -117.512       4.5132
-179.884 -113.652       4.5132
-179.884 -109.792       4.5132
-179.884 -105.932       4.5132
-179.884 -102.072       4.5132
-179.884  -98.212       4.5132
-179.884  -94.352       4.5132
-179.884  -90.492       4.5132
-179.884  -86.633       4.5132
-179.884  -82.773       4.5132
-179.884  -78.913       4.5132
-179.884  -75.053       4.5132
-179.884  -71.193       4.5132
-179.884  -67.333       4.5132
-179.884  -63.473       4.5132
-179.884  -59.613       4.5132
-179.884  -55.753       4.5132
-179.884  -51.893       4.5132
-179.884  -48.033       4.5132
-179.884  -44.173       4.5132
-179.884  -40.313       4.5132
-179.884  -36.453       4.5132
-179.884  -32.593       4.5132
-179.884  -28.733       4.5132
-179.884  -24.873       4.5132
-179.884  -21.014       4.5132
-179.884  -17.154       4.5132
-179.884  -13.294       4.5132
-179.884   -9.434       4.5132
-179.884   -5.574       4.5132
-179.884   -1.714       4.5132
-179.884    2.146       4.5132
-179.884    6.006       4.5132
-179.884    9.866       4.5132
-179.884   13.726       4.5132
-179.884   17.586       4.5132
-179.884   21.446       4.5132
-179.884   25.306       4.5132
-179.884   29.166       4.5132
-179.884   33.026       4.5132
-179.884   36.886       4.5132
-179.884   40.745       4.5132
-179.884   44.605       4.5132
-179.884   48.465       4.5132
-179.884   52.325       4.5132
-179.884   56.185       2.6186
-179.884   60.045       2.8603
-179.884   63.905       2.3768
-179.884   67.765       2.5709
-179.884   71.625       2.6186
-179.884   75.485       2.4855
-179.884   79.345       2.3768
-179.884   83.205       2.8603
-179.884   87.065       3.2735
-179.884   90.925       4.1000
-179.884   94.785       2.3446
-179.884   98.645       2.1134
-179.884  102.505       2.1810
-179.884  106.364       2.7901
-179.884  110.224       2.4109
-179.884  114.084       3.0318
-179.884  117.944       4.1000
-179.884  121.804       3.2735
-179.884  125.664       2.3446
-179.884  129.524       2.4109
-179.884  133.384       3.0318
-179.884  137.244       4.5132
-179.884  141.104       4.5132
-179.884  144.964       4.5132
-179.884  148.824       2.7273
-179.884  152.684       2.3768
-179.884  156.544       2.0155
-179.884  160.404       1.5758
-179.884  164.264       1.8440
-179.884  168.124       2.0528
-179.884  171.983       1.7002
-179.884  175.843       1.9977
-179.884  179.703       2.0723
-179.884  183.563       2.9399
-179.884  187.423       2.7901
-179.884  191.283       2.7273
-179.884  195.143       2.8603
-179.884  199.003       2.1810
-179.884  202.863       2.2307
-179.884  206.723       2.0528
-179.884  210.583       1.3312
-179.884  214.443       1.3978
-179.884  218.303       1.9977
-179.884  222.163       2.2307
-179.884  226.023       1.9977
-179.884  229.883       1.5182
-179.884  233.742       2.7901
-179.884  237.602       3.0318
-179.884  241.462       4.5132
-179.884  245.322       4.5132
-179.884  249.182       4.5132
-179.884  253.042       4.5132
-179.884  256.902       4.5132
-179.884  260.762       4.5132
-176.815 -121.372       4.5132
-176.815 -117.512       4.5132
-176.815 -113.652       4.5132
-176.815 -109.792       4.5132
-176.815 -105.932       4.5132
-176.815 -102.072       4.5132
-176.815  -98.212       4.5132
-176.815  -94.352       4.5132
-176.815  -90.492       4.5132
-176.815  -86.633       4.5132
-176.815  -82.773       4.5132
-176.815  -78.913       4.5132
-176.815  -75.053       4.5132
-176.815  -71.193       4.5132
-176.815  -67.333       4.5132
-176.815  -63.473       4.5132
-176.815  -59.613       4.5132
-176.815  -55.753       4.5132
-176.815  -51.893       4.5132
-176.815  -48.033       4.5132
-176.815  -44.173       4.5132
-176.815  -40.313       4.5132
-176.815  -36.453       4.5132
-176.815  -32.593       4.5132
-176.815  -28.733       4.5132
-176.815  -24.873       4.5132
-176.815  -21.014       4.5132
-176.815  -17.154       4.5132
-176.815  -13.294       4.5132
-176.815   -9.434       4.5132
-176.815   -5.574       4.5132
-176.815   -1.714       4.5132
-176.815    2.146       4.5132
-176.815    6.006       4.5132
-176.815    9.866       4.5132
-176.815   13.726       4.5132
-176.815   17.586       4.5132
-176.815   21.446       4.5132
-176.815   25.306       4.5132
-176.815   29.166       4.5132
-176.815   33.026       4.5132
-176.815   36.886       4.5132
-176.815   40.745       4.5132
-176.815   44.605       4.5132
-176.815   48.465       4.5132
-176.815   52.325       4.5132
-176.815   56.185       4.5132
-176.815   60.045       3.1405
-176.815   63.905       2.0723
-176.815   67.765       1.7678
-176.815   71.625       2.6186
-176.815   75.485       2.2307
-176.815   79.345       2.7901
-176.815   83.205       2.4855
-176.815   87.065       2.6704
-176.815   90.925       3.6867
-176.815   94.785       3.0318
-176.815   98.645       2.7273
-176.815  102.505       3.0318
-176.815  106.364       3.1405
-176.815  110.224       2.6704
-176.815  114.084       3.2735
-176.815  117.944       2.7901
-176.815  121.804       4.5132
-176.815  125.664       3.2735
-176.815  129.524       3.0318
-176.815  133.384       4.1000
-176.815  137.244       4.5132
-176.815  141.104       4.5132
-176.815  144.964       4.5132
-176.815  148.824       3.1405
-176.815  152.684       2.4471
-176.815  156.544       1.9159
-176.815  160.404       1.7444
-176.815  164.264       2.3140
-176.815  168.124       2.1351
-176.815  171.983       1.8440
-176.815  175.843       1.7921
-176.815  179.703       2.2850
-176.815  183.563       1.9473
-176.815  187.423       2.7901
-176.815  191.283       2.8603
-176.815  195.143       2.1810
-176.815  199.003       2.5709
-176.815  202.863       2.7901
-176.815  206.723       2.0338
-176.815  210.583       1.4951
-176.815  214.443       1.3427
-176.815  218.303       1.7444
-176.815  222.163       1.5261
-176.815  226.023       1.5422
-176.815  229.883       1.5672
-176.815  233.742       1.5261
-176.815  237.602       1.9159
-176.815  241.462       3.0318
-176.815  245.322       4.5132
-176.815  249.182       4.5132
-176.815  253.042       4.5132
-176.815  256.902       4.5132
-176.815  260.762       4.5132
-173.747 -121.372       4.5132
-173.747 -117.512       4.5132
-173.747 -113.652       4.5132
-173.747 -109.792       4.5132
-173.747 -105.932       4.5132
-173.747 -102.072       4.5132
-173.747  -98.212       4.5132
-173.747  -94.352       4.5132
-173.747  -90.492       4.5132
-173.747  -86.633       4.5132
-173.747  -82.773       4.5132
-173.747  -78.913       4.5132
-173.747  -75.053       4.5132
-173.747  -71.193       4.5132
-173.747  -67.333       4.5132
-173.747  -63.473       4.5132
-173.747  -59.613       4.5132
-173.747  -55.753       4.5132
-173.747  -51.893       4.5132
-173.747  -48.033       4.5132
-173.747  -44.173       4.5132
-173.747  -40.313       4.5132
-173.747  -36.453       4.5132
-173.747  -32.593       4.5132
-173.747  -28.733       4.5132
-173.747  -24.873       4.5132
-173.747  -21.014       4.5132
-173.747  -17.154       4.5132
-173.747  -13.294       4.5132
-173.747   -9.434       4.5132
-173.747   -5.574       4.5132
-173.747   -1.714       4.5132
-173.747    2.146       4.5132
-173.747    6.006       4.5132
-173.747    9.866       4.5132
-173.747   13.726       4.5132
-173.747   17.586       4.5132
-173.747   21.446       4.5132
-173.747   25.306       4.5132
-173.747   29.166       4.5132
-173.747   33.026       4.5132
-173.747   36.886       4.5132
-173.747   40.745       4.5132
-173.747   44.605       4.5132
-173.747   48.465       4.5132
-173.747   52.325       4.5132
-173.747   56.185       3.2735
-173.747   60.045       2.7273
-173.747   63.905       2.6186
-173.747   67.765       2.2053
-173.747   71.625       2.3140
-173.747   75.485       3.2735
-173.747   79.345       2.6186
-173.747   83.205       2.8603
-173.747   87.065       2.9399
-173.747   90.925       4.1000
-173.747   94.785       4.5132
-173.747   98.645       3.6867
-173.747  102.505       4.5132
-173.747  106.364       4.1000
-173.747  110.224       2.4109
-173.747  114.084       2.6186
-173.747  117.944       3.4450
-173.747  121.804       3.4450
-173.747  125.664       4.1000
-173.747  129.524       3.4450
-173.747  133.384       4.1000
-173.747  137.244       4.5132
-173.747  141.104       4.5132
-173.747  144.964       4.5132
-173.747  148.824       2.6704
-173.747  152.684       2.5267
-173.747  156.544       2.1576
-173.747  160.404       1.6591
-173.747  164.264       1.9636
-173.747  168.124       2.5267
-173.747  171.983       2.3446
-173.747  175.843       2.0528
-173.747  179.703       2.6704
-173.747  183.563       2.0528
-173.747  187.423       2.2572
-173.747  191.283       2.7273
-173.747  195.143       2.2053
-173.747  199.003       2.5709
-173.747  202.863       2.3768
-173.747  206.723       1.9636
-173.747  210.583       1.4514
-173.747  214.443       1.2215
-173.747  218.303       1.6395
-173.747  222.163       1.3978
-173.747  226.023       1.1049
-173.747  229.883       1.2263
-173.747  233.742       1.2074
-173.747  237.602       1.2215
-173.747  241.462       2.2572
-173.747  245.322       3.2735
-173.747  249.182       4.5132
-173.747  253.042       4.5132
-173.747  256.902       4.5132
-173.747  260.762       4.5132
-170.678 -121.372       4.5132
-170.678 -117.512       4.5132
-170.678 -113.652       4.5132
-170.678 -109.792       4.5132
-170.678 -105.932       4.5132
-170.678 -102.072       4.5132
-170.678  -98.212       4.5132
-170.678  -94.352       4.5132
-170.678  -90.492       4.5132
-170.678  -86.633       4.5132
-170.678  -82.773       4.5132
-170.678  -78.913       4.5132
-170.678  -75.053       4.5132
-170.678  -71.193       4.5132
-170.678  -67.333       4.5132
-170.678  -63.473       4.5132
-170.678  -59.613       4.5132
-170.678  -55.753       4.5132
-170.678  -51.893       4.5132
-170.678  -48.033       4.5132
-170.678  -44.173       4.5132
-170.678  -40.313       4.5132
-170.678  -36.453       4.5132
-170.678  -32.593       4.5132
-170.678  -28.733       4.5132
-170.678  -24.873       4.5132
-170.678  -21.014       4.5132
-170.678  -17.154       4.5132
-170.678  -13.294       4.5132
-170.678   -9.434       4.5132
-170.678   -5.574       4.5132
-170.678   -1.714       4.5132
-170.678    2.146       4.5132
-170.678    6.006       4.5132
-170.678    9.866       4.5132
-170.678   13.726       4.5132
-170.678   17.586       4.5132
-170.678   21.446       4.5132
-170.678   25.306       4.5132
-170.678   29.166       4.5132
-170.678   33.026       4.5132
-170.678   36.886       4.5132
-170.678   40.745       4.5132
-170.678   44.605       4.5132
-170.678   48.465       4.5132
-170.678   52.325       3.6867
-170.678   56.185       2.4855
-170.678   60.045       2.1810
-170.678   63.905       2.4855
-170.678   67.765       2.0925
-170.678   71.625       1.9636
-170.678   75.485       2.5709
-170.678   79.345       2.3768
-170.678   83.205       2.5267
-170.678   87.065       3.0318
-170.678   90.925       3.2735
-170.678   94.785       4.5132
-170.678   98.645       4.5132
-170.678  102.505       3.2735
-170.678  106.364       4.5132
-170.678  110.224       2.6704
-170.678  114.084       2.4471
-170.678  117.944       4.1000
-170.678  121.804       3.4450
-170.678  125.664       4.1000
-170.678  129.524       4.5132
-170.678  133.384       4.5132
-170.678  137.244       4.5132
-170.678  141.104       4.5132
-170.678  144.964       4.5132
-170.678  148.824       2.6186
-170.678  152.684       2.7273
-170.678  156.544       2.5709
-170.678  160.404       1.5758
-170.678  164.264       1.8047
-170.678  168.124       2.4855
-170.678  171.983       3.2735
-170.678  175.843       2.7273
-170.678  179.703       2.4855
-170.678  183.563       2.6186
-170.678  187.423       1.9473
-170.678  191.283       2.6704
-170.678  195.143       2.3446
-170.678  199.003       2.5267
-170.678  202.863       2.4855
-170.678  206.723       1.9314
-170.678  210.583       1.5504
-170.678  214.443       1.2817
-170.678  218.303       1.5261
-170.678  222.163       1.6395
-170.678  226.023       1.2027
-170.678  229.883       0.7602
-170.678  233.742       0.8452
-170.678  237.602       1.0417
-170.678  241.462       1.2764
-170.678  245.322       2.5267
-170.678  249.182       4.5132
-170.678  253.042       4.5132
-170.678  256.902       4.5132
-170.678  260.762       4.5132
-167.610 -121.372       4.5132
-167.610 -117.512       4.5132
-167.610 -113.652       4.5132
-167.610 -109.792       4.5132
-167.610 -105.932       4.5132
-167.610 -102.072       4.5132
-167.610  -98.212       4.5132
-167.610  -94.352       4.5132
-167.610  -90.492       4.5132
-167.610  -86.633       4.5132
-167.610  -82.773       4.5132
-167.610  -78.913       4.5132
-167.610  -75.053       4.5132
-167.610  -71.193       4.5132
-167.610  -67.333       4.5132
-167.610  -63.473       4.5132
-167.610  -59.613       4.5132
-167.610  -55.753       4.5132
-167.610  -51.893       4.5132
-167.610  -48.033       4.5132
-167.610  -44.173       4.5132
-167.610  -40.313       4.5132
-167.610  -36.453       4.5132
-167.610  -32.593       4.5132
-167.610  -28.733       4.5132
-167.610  -24.873       4.5132
-167.610  -21.014       4.5132
-167.610  -17.154       4.5132
-167.610  -13.294       4.5132
-167.610   -9.434       4.5132
-167.610   -5.574       4.5132
-167.610   -1.714       4.5132
-167.610    2.146       4.5132
-167.610    6.006       4.5132
-167.610    9.866       4.5132
-167.610   13.726       4.5132
-167.610   17.586       4.5132
-167.610   21.446       4.5132
-167.610   25.306       4.5132
-167.610   29.166       4.5132
-167.610   33.026       4.5132
-167.610   36.886       4.5132
-167.610   40.745       4.5132
-167.610   44.605       4.5132
-167.610   48.465       4.1000
-167.610   52.325       3.0318
-167.610   56.185       2.6704
-167.610   60.045       2.5709
-167.610   63.905       2.4471
-167.610   67.765       1.9636
-167.610   71.625       2.0155
-167.610   75.485       2.4855
-167.610   79.345       2.1134
-167.610   83.205       2.3140
-167.610   87.065       2.9399
-167.610   90.925       3.0318
-167.610   94.785       3.6867
-167.610   98.645       4.5132
-167.610  102.505       4.5132
-167.610  106.364       3.4450
-167.610  110.224       3.1405
-167.610  114.084       2.6704
-167.610  117.944       2.9399
-167.610  121.804       3.1405
-167.610  125.664       4.5132
-167.610  129.524       4.5132
-167.610  133.384       4.5132
-167.610  137.244       4.5132
-167.610  141.104       4.5132
-167.610  144.964       4.5132
-167.610  148.824       3.6867
-167.610  152.684       2.9399
-167.610  156.544       2.6186
-167.610  160.404       1.7798
-167.610  164.264       1.7219
-167.610  168.124       2.2850
-167.610  171.983       3.6867
-167.610  175.843       2.4855
-167.610  179.703       2.4855
-167.610  183.563       2.2572
-167.610  187.423       2.1351
-167.610  191.283       3.6867
-167.610  195.143       4.5132
-167.610  199.003       3.1405
-167.610  202.863       2.2572
-167.610  206.723       1.4951
-167.610  210.583       1.5104
-167.610  214.443       1.4802
-167.610  218.303       1.5104
-167.610  222.163       1.7110
-167.610  226.023       1.6591
-167.610  229.883       0.6839
-167.610  233.742       0.5163
-167.610  237.602       0.6630
-167.610  241.462       0.8503
-167.610  245.322       1.7330
-167.610  249.182       2.4471
-167.610  253.042       4.5132
-167.610  256.902       4.5132
-167.610  260.762       4.5132
-164.541 -121.372       4.5132
-164.541 -117.512       4.5132
-164.541 -113.652       4.5132
-164.541 -109.792       4.5132
-164.541 -105.932       4.5132
-164.541 -102.072       4.5132
-164.541  -98.212       4.5132
-164.541  -94.352       4.5132
-164.541  -90.492       4.5132
-164.541  -86.633       4.5132
-164.541  -82.773       4.5132
-164.541  -78.913       4.5132
-164.541  -75.053       4.5132
-164.541  -71.193       4.5132
-164.541  -67.333       4.5132
-164.541  -63.473       4.5132
-164.541  -59.613       4.5132
-164.541  -55.753       4.5132
-164.541  -51.893       4.5132
-164.541  -48.033       4.5132
-164.541  -44.173       4.5132
-164.541  -40.313       4.5132
-164.541  -36.453       4.5132
-164.541  -32.593       4.5132
-164.541  -28.733       4.5132
-164.541  -24.873       4.5132
-164.541  -21.014       4.5132
-164.541  -17.154       4.5132
-164.541  -13.294       4.5132
-164.541   -9.434       4.5132
-164.541   -5.574       4.5132
-164.541   -1.714       4.5132
-164.541    2.146       4.5132
-164.541    6.006       4.5132
-164.541    9.866       4.5132
-164.541   13.726       4.5132
-164.541   17.586       4.5132
-164.541   21.446       4.5132
-164.541   25.306       4.5132
-164.541   29.166       4.5132
-164.541   33.026       4.5132
-164.541   36.886       4.5132
-164.541   40.745       4.5132
-164.541   44.605       4.5132
-164.541   48.465       4.5132
-164.541   52.325       3.2735
-164.541   56.185       2.2307
-164.541   60.045       2.3768
-164.541   63.905       2.5709
-164.541   67.765       2.7901
-164.541   71.625       2.2307
-164.541   75.485       1.9159
-164.541   79.345       1.8577
-164.541   83.205       1.8047
-164.541   87.065       2.3140
-164.541   90.925       2.8603
-164.541   94.785       2.9399
-164.541   98.645       3.6867
-164.541  102.505       4.5132
-164.541  106.364       4.1000
-164.541  110.224       3.6867
-164.541  114.084       2.8603
-164.541  117.944       4.5132
-164.541  121.804       4.5132
-164.541  125.664       4.5132
-164.541  129.524       4.5132
-164.541  133.384       4.5132
-164.541  137.244       4.5132
-164.541  141.104       4.5132
-164.541  144.964       4.5132
-164.541  148.824       3.0318
-164.541  152.684       3.0318
-164.541  156.544       2.5709
-164.541  160.404       1.9159
-164.541  164.264       1.7678
-164.541  168.124       1.9977
-164.541  171.983       3.6867
-164.541  175.843       3.0318
-164.541  179.703       2.6186
-164.541  183.563       2.3140
-164.541  187.423       4.1000
-164.541  191.283       4.1000
-164.541  195.143       4.5132
-164.541  199.003       4.1000
-164.541  202.863       1.9804
-164.541  206.723       1.7678
-164.541  210.583       1.6691
-164.541  214.443       1.7330
-164.541  218.303       2.0155
-164.541  222.163       2.3768
-164.541  226.023       2.1810
-164.541  229.883       1.1249
-164.541  233.742       0.3951
-164.541  237.602       0.3728
-164.541  241.462       0.4396
-164.541  245.322       1.1413
-164.541  249.182       1.4308
-164.541  253.042       2.2053
-164.541  256.902       4.5132
-164.541  260.762       4.5132
-161.472 -121.372       4.5132
-161.472 -117.512       4.5132
-161.472 -113.652       4.5132
-161.472 -109.792       4.5132
-161.472 -105.932       4.5132
-161.472 -102.072       4.5132
-161.472  -98.212       4.5132
-161.472  -94.352       4.5132
-161.472  -90.492       4.5132
-161.472  -86.633       4.5132
-161.472  -82.773       4.5132
-161.472  -78.913       4.5132
-161.472  -75.053       4.5132
-161.472  -71.193       4.5132
-161.472  -67.333       4.5132
-161.472  -63.473       4.5132
-161.472  -59.613       4.5132
-161.472  -55.753       4.5132
-161.472  -51.893       4.5132
-161.472  -48.033       4.5132
-161.472  -44.173       4.5132
-161.472  -40.313       4.5132
-161.472  -36.453       4.5132
-161.472  -32.593       4.5132
-161.472  -28.733       4.5132
-161.472  -24.873       4.5132
-161.472  -21.014       4.5132
-161.472  -17.154       4.5132
-161.472  -13.294       4.5132
-161.472   -9.434       4.5132
-161.472   -5.574       4.5132
-161.472   -1.714       4.5132
-161.472    2.146       4.5132
-161.472    6.006       4.5132
-161.472    9.866       4.5132
-161.472   13.726       4.5132
-161.472   17.586       4.5132
-161.472   21.446       4.5132
-161.472   25.306       4.5132
-161.472   29.166       4.5132
-161.472   33.026       4.5132
-161.472   36.886       4.5132
-161.472   40.745       4.5132
-161.472   44.605       4.5132
-161.472   48.465       4.5132
-161.472   52.325       2.7901
-161.472   56.185       2.0723
-161.472   60.045       2.2307
-161.472   63.905       2.8603
-161.472   67.765       2.5709
-161.472   71.625       2.1810
-161.472   75.485       2.1134
-161.472   79.345       1.9636
-161.472   83.205       1.7798
-161.472   87.065       2.3140
-161.472   90.925       3.4450
-161.472   94.785       2.7901
-161.472   98.645       3.6867
-161.472  102.505       4.5132
-161.472  106.364       4.5132
-161.472  110.224       4.5132
-161.472  114.084       4.5132
-161.472  117.944       4.5132
-161.472  121.804       4.5132
-161.472  125.664       4.5132
-161.472  129.524       4.5132
-161.472  133.384       4.5132
-161.472  137.244       4.5132
-161.472  141.104       4.5132
-161.472  144.964       4.5132
-161.472  148.824       2.5267
-161.472  152.684       2.1351
-161.472  156.544       2.6186
-161.472  160.404       1.9159
-161.472  164.264       1.8717
-161.472  168.124       2.3140
-161.472  171.983       2.2572
-161.472  175.843       2.3446
-161.472  179.703       1.9473
-161.472  183.563       2.4855
-161.472  187.423       2.7273
-161.472  191.283       3.1405
-161.472  195.143       4.5132
-161.472  199.003       3.6867
-161.472  202.863       2.5267
-161.472  206.723       2.0723
-161.472  210.583       1.6300
-161.472  214.443       2.1134
-161.472  218.303       2.6186
-161.472  222.163       2.6704
-161.472  226.023       2.9399
-161.472  229.883       1.4174
-161.472  233.742       0.7365
-161.472  237.602       0.5341
-161.472  241.462       0.2984
-161.472  245.322       0.5860
-161.472  249.182       1.0312
-161.472  253.042       1.8577
-161.472  256.902       3.6867
-161.472  260.762       4.5132
-158.404 -121.372       4.5132
-158.404 -117.512       4.5132
-158.404 -113.652       4.5132
-158.404 -109.792       4.5132
-158.404 -105.932       4.5132
-158.404 -102.072       4.5132
-158.404  -98.212       4.5132
-158.404  -94.352       4.5132
-158.404  -90.492       4.5132
-158.404  -86.633       4.5132
-158.404  -82.773       4.5132
-158.404  -78.913       4.5132
-158.404  -75.053       4.5132
-158.404  -71.193       4.5132
-158.404  -67.333       4.5132
-158.404  -63.473       4.5132
-158.404  -59.613       4.5132
-158.404  -55.753       4.5132
-158.404  -51.893       4.5132
-158.404  -48.033       4.5132
-158.404  -44.173       4.5132
-158.404  -40.313       4.5132
-158.404  -36.453       4.5132
-158.404  -32.593       4.5132
-158.404  -28.733       4.5132
-158.404  -24.873       4.5132
-158.404  -21.014       4.5132
-158.404  -17.154       4.5132
-158.404  -13.294       4.5132
-158.404   -9.434       4.5132
-158.404   -5.574       4.5132
-158.404   -1.714       4.5132
-158.404    2.146       4.5132
-158.404    6.006       4.5132
-158.404    9.866       4.5132
-158.404   13.726       4.5132
-158.404   17.586       4.5132
-158.404   21.446       4.5132
-158.404   25.306       4.5132
-158.404   29.166       4.5132
-158.404   33.026       4.5132
-158.404   36.886       4.5132
-158.404   40.745       4.5132
-158.404   44.605       4.5132
-158.404   48.465       4.5132
-158.404   52.325       3.6867
-158.404   56.185       2.4471
-158.404   60.045       4.1000
-158.404   63.905       3.6867
-158.404   67.765       2.7901
-158.404   71.625       2.2053
-158.404   75.485       1.8175
-158.404   79.345       2.3446
-158.404   83.205       2.6186
-158.404   87.065       2.6186
-158.404   90.925       3.4450
-158.404   94.785       2.7901
-158.404   98.645       2.7273
-158.404  102.505       4.5132
-158.404  106.364       4.5132
-158.404  110.224       4.5132
-158.404  114.084       4.5132
-158.404  117.944       4.5132
-158.404  121.804       3.4450
-158.404  125.664       3.2735
-158.404  129.524       3.1405
-158.404  133.384       3.1405
-158.404  137.244       4.5132
-158.404  141.104       4.1000
-158.404  144.964       3.4450
-158.404  148.824       2.9399
-158.404  152.684       2.0723
-158.404  156.544       2.0925
-158.404  160.404       2.0925
-158.404  164.264       2.4109
-158.404  168.124       3.1405
-158.404  171.983       2.2053
-158.404  175.843       1.9314
-158.404  179.703       1.9804
-158.404  183.563       2.1576
-158.404  187.423       2.0338
-158.404  191.283       3.2735
-158.404  195.143       4.5132
-158.404  199.003       3.2735
-158.404  202.863       2.5267
-158.404  206.723       1.9977
-158.404  210.583       1.4585
-158.404  214.443       2.1351
-158.404  218.303       3.6867
-158.404  222.163       4.1000
-158.404  226.023       2.8603
-158.404  229.883       1.6395
-158.404  233.742       1.2870
-158.404  237.602       0.7872
-158.404  241.462       0.4487
-158.404  245.322       0.4474
-158.404  249.182       0.7450
-158.404  253.042       1.5261
-158.404  256.902       3.6867
-158.404  260.762       4.5132
-155.335 -121.372       4.5132
-155.335 -117.512       4.5132
-155.335 -113.652       4.5132
-155.335 -109.792       4.5132
-155.335 -105.932       4.5132
-155.335 -102.072       4.5132
-155.335  -98.212       4.5132
-155.335  -94.352       4.5132
-155.335  -90.492       4.5132
-155.335  -86.633       4.5132
-155.335  -82.773       4.5132
-155.335  -78.913       4.5132
-155.335  -75.053       4.5132
-155.335  -71.193       4.5132
-155.335  -67.333       4.5132
-155.335  -63.473       4.5132
-155.335  -59.613       4.5132
-155.335  -55.753       4.5132
-155.335  -51.893       4.5132
-155.335  -48.033       4.5132
-155.335  -44.173       4.5132
-155.335  -40.313       4.5132
-155.335  -36.453       4.5132
-155.335  -32.593       4.5132
-155.335  -28.733       4.5132
-155.335  -24.873       4.5132
-155.335  -21.014       4.5132
-155.335  -17.154       4.5132
-155.335  -13.294       4.5132
-155.335   -9.434       4.5132
-155.335   -5.574       4.5132
-155.335   -1.714       4.5132
-155.335    2.146       4.5132
-155.335    6.006       4.5132
-155.335    9.866       4.5132
-155.335   13.726       4.5132
-155.335   17.586       4.5132
-155.335   21.446       4.5132
-155.335   25.306       4.5132
-155.335   29.166       4.5132
-155.335   33.026       4.5132
-155.335   36.886       4.5132
-155.335   40.745       4.5132
-155.335   44.605       4.5132
-155.335   48.465       4.5132
-155.335   52.325       4.1000
-155.335   56.185       4.5132
-155.335   60.045       4.5132
-155.335   63.905       4.1000
-155.335   67.765       2.1351
-155.335   71.625       1.8306
-155.335   75.485       1.9159
-155.335   79.345       2.5709
-155.335   83.205       2.7273
-155.335   87.065       2.9399
-155.335   90.925       3.4450
-155.335   94.785       3.4450
-155.335   98.645       3.2735
-155.335  102.505       3.4450
-155.335  106.364       3.0318
-155.335  110.224       4.5132
-155.335  114.084       4.5132
-155.335  117.944       4.5132
-155.335  121.804       3.6867
-155.335  125.664       2.4855
-155.335  129.524       2.6704
-155.335  133.384       3.4450
-155.335  137.244       4.5132
-155.335  141.104       4.1000
-155.335  144.964       3.2735
-155.335  148.824       3.2735
-155.335  152.684       2.5709
-155.335  156.544       2.2307
-155.335  160.404       2.7901
-155.335  164.264       2.8603
-155.335  168.124       2.6186
-155.335  171.983       1.8717
-155.335  175.843       1.7798
-155.335  179.703       1.5504
-155.335  183.563       1.5261
-155.335  187.423       1.7002
-155.335  191.283       4.1000
-155.335  195.143       4.5132
-155.335  199.003       2.7273
-155.335  202.863       2.4855
-155.335  206.723       2.1134
-155.335  210.583       1.6492
-155.335  214.443       2.1810
-155.335  218.303       4.1000
-155.335  222.163       4.5132
-155.335  226.023       2.6186
-155.335  229.883       1.7330
-155.335  233.742       1.6395
-155.335  237.602       1.1455
-155.335  241.462       0.6859
-155.335  245.322       0.5401
-155.335  249.182       0.6009
-155.335  253.042       1.4729
-155.335  256.902       3.0318
-155.335  260.762       4.5132
-152.267 -121.372       4.5132
-152.267 -117.512       4.5132
-152.267 -113.652       4.5132
-152.267 -109.792       4.5132
-152.267 -105.932       4.5132
-152.267 -102.072       4.5132
-152.267  -98.212       4.5132
-152.267  -94.352       4.5132
-152.267  -90.492       4.5132
-152.267  -86.633       4.5132
-152.267  -82.773       4.5132
-152.267  -78.913       4.5132
-152.267  -75.053       4.5132
-152.267  -71.193       4.5132
-152.267  -67.333       4.5132
-152.267  -63.473       4.5132
-152.267  -59.613       4.5132
-152.267  -55.753       4.5132
-152.267  -51.893       4.5132
-152.267  -48.033       4.5132
-152.267  -44.173       4.5132
-152.267  -40.313       4.5132
-152.267  -36.453       4.5132
-152.267  -32.593       4.5132
-152.267  -28.733       4.5132
-152.267  -24.873       4.5132
-152.267  -21.014       4.5132
-152.267  -17.154       4.5132
-152.267  -13.294       4.5132
-152.267   -9.434       4.5132
-152.267   -5.574       4.5132
-152.267   -1.714       4.5132
-152.267    2.146       4.5132
-152.267    6.006       4.5132
-152.267    9.866       4.5132
-152.267   13.726       4.5132
-152.267   17.586       4.5132
-152.267   21.446       4.5132
-152.267   25.306       4.5132
-152.267   29.166       4.5132
-152.267   33.026       4.5132
-152.267   36.886       4.5132
-152.267   40.745       4.5132
-152.267   44.605       4.5132
-152.267   48.465       4.5132
-152.267   52.325       4.5132
-152.267   56.185       4.5132
-152.267   60.045       4.5132
-152.267   63.905       4.1000
-152.267   67.765       2.4109
-152.267   71.625       2.3446
-152.267   75.485       2.5267
-152.267   79.345       2.3446
-152.267   83.205       2.3768
-152.267   87.065       3.0318
-152.267   90.925       3.6867
-152.267   94.785       3.4450
-152.267   98.645       2.7901
-152.267  102.505       3.0318
-152.267  106.364       2.6186
-152.267  110.224       3.1405
-152.267  114.084       4.5132
-152.267  117.944       4.5132
-152.267  121.804       3.6867
-152.267  125.664       2.3768
-152.267  129.524       2.6186
-152.267  133.384       3.4450
-152.267  137.244       4.1000
-152.267  141.104       4.1000
-152.267  144.964       2.6186
-152.267  148.824       3.2735
-152.267  152.684       3.0318
-152.267  156.544       3.1405
-152.267  160.404       4.5132
-152.267  164.264       3.1405
-152.267  168.124       2.2307
-152.267  171.983       2.0338
-152.267  175.843       1.7444
-152.267  179.703       1.6023
-152.267  183.563       1.2764
-152.267  187.423       1.6793
-152.267  191.283       3.1405
-152.267  195.143       4.5132
-152.267  199.003       3.2735
-152.267  202.863       2.6704
-152.267  206.723       1.7921
-152.267  210.583       1.6591
-152.267  214.443       3.0318
-152.267  218.303       4.5132
-152.267  222.163       4.5132
-152.267  226.023       2.7273
-152.267  229.883       2.2572
-152.267  233.742       2.0723
-152.267  237.602       1.4729
-152.267  241.462       0.8872
-152.267  245.322       0.6094
-152.267  249.182       0.8845
-152.267  253.042       1.8440
-152.267  256.902       3.2735
-152.267  260.762       4.5132
-149.198 -121.372       4.5132
-149.198 -117.512       4.5132
-149.198 -113.652       4.5132
-149.198 -109.792       4.5132
-149.198 -105.932       4.5132
-149.198 -102.072       4.5132
-149.198  -98.212       4.5132
-149.198  -94.352       4.5132
-149.198  -90.492       4.5132
-149.198  -86.633       4.5132
-149.198  -82.773       4.5132
-149.198  -78.913       4.5132
-149.198  -75.053       4.5132
-149.198  -71.193       4.5132
-149.198  -67.333       4.5132
-149.198  -63.473       4.5132
-149.198  -59.613       4.5132
-149.198  -55.753       4.5132
-149.198  -51.893       4.5132
-149.198  -48.033       4.5132
-149.198  -44.173       4.5132
-149.198  -40.313       4.5132
-149.198  -36.453       4.5132
-149.198  -32.593       4.5132
-149.198  -28.733       4.5132
-149.198  -24.873       4.5132
-149.198  -21.014       4.5132
-149.198  -17.154       4.5132
-149.198  -13.294       4.5132
-149.198   -9.434       4.5132
-149.198   -5.574       4.5132
-149.198   -1.714       4.5132
-149.198    2.146       4.5132
-149.198    6.006       4.5132
-149.198    9.866       4.5132
-149.198   13.726       4.5132
-149.198   17.586       4.5132
-149.198   21.446       4.5132
-149.198   25.306       4.5132
-149.198   29.166       4.5132
-149.198   33.026       4.5132
-149.198   36.886       4.5132
-149.198   40.745       4.5132
-149.198   44.605       4.5132
-149.198   48.465       4.5132
-149.198   52.325       4.5132
-149.198   56.185       4.5132
-149.198   60.045       4.5132
-149.198   63.905       4.5132
-149.198   67.765       3.2735
-149.198   71.625       3.2735
-149.198   75.485       4.5132
-149.198   79.345       3.2735
-149.198   83.205       2.9399
-149.198   87.065       3.6867
-149.198   90.925       2.7273
-149.198   94.785       3.1405
-149.198   98.645       3.0318
-149.198  102.505       2.5267
-149.198  106.364       2.0528
-149.198  110.224       2.2850
-149.198  114.084       3.2735
-149.198  117.944       4.5132
-149.198  121.804       4.5132
-149.198  125.664       2.6186
-149.198  129.524       2.0723
-149.198  133.384       2.3140
-149.198  137.244       2.2307
-149.198  141.104       3.6867
-149.198  144.964       4.5132
-149.198  148.824       4.5132
-149.198  152.684       4.1000
-149.198  156.544       4.5132
-149.198  160.404       4.5132
-149.198  164.264       3.2735
-149.198  168.124       2.3446
-149.198  171.983       2.3446
-149.198  175.843       1.6591
-149.198  179.703       1.7219
-149.198  183.563       1.5758
-149.198  187.423       1.9473
-149.198  191.283       2.9399
-149.198  195.143       3.6867
-149.198  199.003       2.4855
-149.198  202.863       2.1351
-149.198  206.723       1.5845
-149.198  210.583       1.6691
-149.198  214.443       3.0318
-149.198  218.303       4.5132
-149.198  222.163       4.5132
-149.198  226.023       4.1000
-149.198  229.883       2.3768
-149.198  233.742       2.3446
-149.198  237.602       1.9977
-149.198  241.462       1.1168
-149.198  245.322       0.7281
-149.198  249.182       1.4308
-149.198  253.042       2.0338
-149.198  256.902       4.1000
-149.198  260.762       4.5132
-146.129 -121.372       4.5132
-146.129 -117.512       4.5132
-146.129 -113.652       4.5132
-146.129 -109.792       4.5132
-146.129 -105.932       4.5132
-146.129 -102.072       4.5132
-146.129  -98.212       4.5132
-146.129  -94.352       4.5132
-146.129  -90.492       4.5132
-146.129  -86.633       4.5132
-146.129  -82.773       4.5132
-146.129  -78.913       4.5132
-146.129  -75.053       4.5132
-146.129  -71.193       4.5132
-146.129  -67.333       4.5132
-146.129  -63.473       4.5132
-146.129  -59.613       4.5132
-146.129  -55.753       4.5132
-146.129  -51.893       4.5132
-146.129  -48.033       4.5132
-146.129  -44.173       4.5132
-146.129  -40.313       4.5132
-146.129  -36.453       4.5132
-146.129  -32.593       4.5132
-146.129  -28.733       4.5132
-146.129  -24.873       4.5132
-146.129  -21.014       4.5132
-146.129  -17.154       4.5132
-146.129  -13.294       4.5132
-146.129   -9.434       4.5132
-146.129   -5.574       4.5132
-146.129   -1.714       4.5132
-146.129    2.146       4.5132
-146.129    6.006       4.5132
-146.129    9.866       4.5132
-146.129   13.726       4.5132
-146.129   17.586       4.5132
-146.129   21.446       4.5132
-146.129   25.306       4.5132
-146.129   29.166       4.5132
-146.129   33.026       4.5132
-146.129   36.886       4.5132
-146.129   40.745       4.5132
-146.129   44.605       4.5132
-146.129   48.465       4.5132
-146.129   52.325       4.5132
-146.129   56.185       4.5132
-146.129   60.045       4.5132
-146.129   63.905       4.5132
-146.129   67.765       4.5132
-146.129   71.625       4.5132
-146.129   75.485       4.5132
-146.129   79.345       4.5132
-146.129   83.205       4.5132
-146.129   87.065       3.4450
-146.129   90.925       3.0318
-146.129   94.785       3.0318
-146.129   98.645       2.8603
-146.129  102.505       2.1351
-146.129  106.364       2.5267
-146.129  110.224       2.5267
-146.129  114.084       4.1000
-146.129  117.944       4.5132
-146.129  121.804       4.5132
-146.129  125.664       2.5709
-146.129  129.524       2.2850
-146.129  133.384       2.0155
-146.129  137.244       2.5267
-146.129  141.104       4.5132
-146.129  144.964       4.5132
-146.129  148.824       4.5132
-146.129  152.684       4.5132
-146.129  156.544       4.5132
-146.129  160.404       4.5132
-146.129  164.264       4.5132
-146.129  168.124       3.6867
-146.129  171.983       3.6867
-146.129  175.843       1.9314
-146.129  179.703       1.8175
-146.129  183.563       1.6492
-146.129  187.423       1.8306
-146.129  191.283       3.0318
-146.129  195.143       3.0318
-146.129  199.003       2.4471
-146.129  202.863       1.8717
-146.129  206.723       1.5587
-146.129  210.583       2.0338
-146.129  214.443       2.3768
-146.129  218.303       4.1000
-146.129  222.163       4.5132
-146.129  226.023       4.5132
-146.129  229.883       2.6704
-146.129  233.742       2.0528
-146.129  237.602       2.4109
-146.129  241.462       1.7110
-146.129  245.322       1.0933
-146.129  249.182       1.5933
-146.129  253.042       2.2572
-146.129  256.902       4.1000
-146.129  260.762       4.5132
-143.061 -121.372       4.5132
-143.061 -117.512       4.5132
-143.061 -113.652       4.5132
-143.061 -109.792       4.5132
-143.061 -105.932       4.5132
-143.061 -102.072       4.5132
-143.061  -98.212       4.5132
-143.061  -94.352       4.5132
-143.061  -90.492       4.5132
-143.061  -86.633       4.5132
-143.061  -82.773       4.5132
-143.061  -78.913       4.5132
-143.061  -75.053       4.5132
-143.061  -71.193       4.5132
-143.061  -67.333       4.5132
-143.061  -63.473       4.5132
-143.061  -59.613       4.5132
-143.061  -55.753       4.5132
-143.061  -51.893       4.5132
-143.061  -48.033       4.5132
-143.061  -44.173       4.5132
-143.061  -40.313       4.5132
-143.061  -36.453       4.5132
-143.061  -32.593       4.5132
-143.061  -28.733       4.5132
-143.061  -24.873       4.5132
-143.061  -21.014       4.5132
-143.061  -17.154       4.5132
-143.061  -13.294       4.5132
-143.061   -9.434       4.5132
-143.061   -5.574       4.5132
-143.061   -1.714       4.5132
-143.061    2.146       4.5132
-143.061    6.006       4.5132
-143.061    9.866       4.5132
-143.061   13.726       4.5132
-143.061   17.586       4.5132
-143.061   21.446       4.5132
-143.061   25.306       4.5132
-143.061   29.166       4.5132
-143.061   33.026       4.5132
-143.061   36.886       4.5132
-143.061   40.745       4.5132
-143.061   44.605       4.5132
-143.061   48.465       4.5132
-143.061   52.325       4.5132
-143.061   56.185       4.5132
-143.061   60.045       4.5132
-143.061   63.905       4.5132
-143.061   67.765       4.5132
-143.061   71.625       4.5132
-143.061   75.485       4.5132
-143.061   79.345       4.5132
-143.061   83.205       4.5132
-143.061   87.065       4.5132
-143.061   90.925       2.2572
-143.061   94.785       2.2850
-143.061   98.645       2.5709
-143.061  102.505       2.1576
-143.061  106.364       2.2307
-143.061  110.224       2.3768
-143.061  114.084       3.4450
-143.061  117.944       4.5132
-143.061  121.804       2.4471
-143.061  125.664       2.0155
-143.061  129.524       2.2307
-143.061  133.384       1.9159
-143.061  137.244       3.1405
-143.061  141.104       3.6867
-143.061  144.964       4.1000
-143.061  148.824       4.5132
-143.061  152.684       4.5132
-143.061  156.544       4.5132
-143.061  160.404       4.5132
-143.061  164.264       4.5132
-143.061  168.124       4.5132
-143.061  171.983       4.1000
-143.061  175.843       4.1000
-143.061  179.703       2.2307
-143.061  183.563       1.9159
-143.061  187.423       2.2850
-143.061  191.283       2.6704
-143.061  195.143       3.2735
-143.061  199.003       2.0528
-143.061  202.863       1.8175
-143.061  206.723       1.8717
-143.061  210.583       1.8047
-143.061  214.443       2.0338
-143.061  218.303       3.6867
-143.061  222.163       4.5132
-143.061  226.023       4.5132
-143.061  229.883       2.6186
-143.061  233.742       2.6186
-143.061  237.602       1.8047
-143.061  241.462       2.4471
-143.061  245.322       1.7219
-143.061  249.182       1.6691
-143.061  253.042       1.6793
-143.061  256.902       2.3446
-143.061  260.762       4.5132
-139.992 -121.372       4.5132
-139.992 -117.512       4.5132
-139.992 -113.652       4.5132
-139.992 -109.792       4.5132
-139.992 -105.932       4.5132
-139.992 -102.072       4.5132
-139.992  -98.212       4.5132
-139.992  -94.352       4.5132
-139.992  -90.492       4.5132
-139.992  -86.633       4.5132
-139.992  -82.773       4.5132
-139.992  -78.913       4.5132
-139.992  -75.053       4.5132
-139.992  -71.193       4.5132
-139.992  -67.333       4.5132
-139.992  -63.473       4.5132
-139.992  -59.613       4.5132
-139.992  -55.753       4.5132
-139.992  -51.893       4.5132
-139.992  -48.033       4.5132
-139.992  -44.173       4.5132
-139.992  -40.313       4.5132
-139.992  -36.453       4.5132
-139.992  -32.593       4.5132
-139.992  -28.733       4.5132
-139.992  -24.873       4.5132
-139.992  -21.014       4.5132
-139.992  -17.154       4.5132
-139.992  -13.294       4.5132
-139.992   -9.434       4.5132
-139.992   -5.574       4.5132
-139.992   -1.714       4.5132
-139.992    2.146       4.5132
-139.992    6.006       4.5132
-139.992    9.866       4.5132
-139.992   13.726       4.5132
-139.992   17.586       4.5132
-139.992   21.446       4.5132
-139.992   25.306       4.5132
-139.992   29.166       4.5132
-139.992   33.026       4.5132
-139.992   36.886       4.5132
-139.992   40.745       4.5132
-139.992   44.605       4.5132
-139.992   48.465       4.5132
-139.992   52.325       4.5132
-139.992   56.185       4.5132
-139.992   60.045       4.5132
-139.992   63.905       4.5132
-139.992   67.765       4.5132
-139.992   71.625       4.5132
-139.992   75.485       4.5132
-139.992   79.345       4.5132
-139.992   83.205       4.5132
-139.992   87.065       4.1000
-139.992   90.925       2.6704
-139.992   94.785       2.1351
-139.992   98.645       2.0723
-139.992  102.505       2.2307
-139.992  106.364       2.2572
-139.992  110.224       2.7273
-139.992  114.084       4.1000
-139.992  117.944       4.5132
-139.992  121.804       2.3446
-139.992  125.664       2.0925
-139.992  129.524       1.8306
-139.992  133.384       1.7002
-139.992  137.244       2.0338
-139.992  141.104       3.2735
-139.992  144.964       3.6867
-139.992  148.824       4.5132
-139.992  152.684       4.5132
-139.992  156.544       4.5132
-139.992  160.404       4.5132
-139.992  164.264       3.6867
-139.992  168.124       4.1000
-139.992  171.983       2.7901
-139.992  175.843       2.8603
-139.992  179.703       2.3768
-139.992  183.563       2.0155
-139.992  187.423       2.1576
-139.992  191.283       2.3446
-139.992  195.143       2.8603
-139.992  199.003       2.1576
-139.992  202.863       1.8577
-139.992  206.723       1.5341
-139.992  210.583       1.4951
-139.992  214.443       2.0528
-139.992  218.303       3.4450
-139.992  222.163       4.5132
-139.992  226.023       3.1405
-139.992  229.883       2.4109
-139.992  233.742       3.6867
-139.992  237.602       2.0528
-139.992  241.462       2.0528
-139.992  245.322       1.8577
-139.992  249.182       1.8440
-139.992  253.042       1.7678
-139.992  256.902       2.3446
-139.992  260.762       4.1000
-136.924 -121.372       4.5132
-136.924 -117.512       4.5132
-136.924 -113.652       4.5132
-136.924 -109.792       4.5132
-136.924 -105.932       4.5132
-136.924 -102.072       4.5132
-136.924  -98.212       4.5132
-136.924  -94.352       4.5132
-136.924  -90.492       4.5132
-136.924  -86.633       4.5132
-136.924  -82.773       4.5132
-136.924  -78.913       4.5132
-136.924  -75.053       4.5132
-136.924  -71.193       4.5132
-136.924  -67.333       4.5132
-136.924  -63.473       4.5132
-136.924  -59.613       4.5132
-136.924  -55.753       4.5132
-136.924  -51.893       4.5132
-136.924  -48.033       4.5132
-136.924  -44.173       4.5132
-136.924  -40.313       4.5132
-136.924  -36.453       4.5132
-136.924  -32.593       4.5132
-136.924  -28.733       4.5132
-136.924  -24.873       4.5132
-136.924  -21.014       4.5132
-136.924  -17.154       4.5132
-136.924  -13.294       4.5132
-136.924   -9.434       4.5132
-136.924   -5.574       4.5132
-136.924   -1.714       4.5132
-136.924    2.146       4.5132
-136.924    6.006       4.5132
-136.924    9.866       4.5132
-136.924   13.726       4.5132
-136.924   17.586       4.5132
-136.924   21.446       4.5132
-136.924   25.306       4.5132
-136.924   29.166       4.5132
-136.924   33.026       4.5132
-136.924   36.886       4.5132
-136.924   40.745       4.5132
-136.924   44.605       4.5132
-136.924   48.465       4.5132
-136.924   52.325       4.5132
-136.924   56.185       4.5132
-136.924   60.045       4.5132
-136.924   63.905       4.5132
-136.924   67.765       4.5132
-136.924   71.625       4.5132
-136.924   75.485       4.5132
-136.924   79.345       4.5132
-136.924   83.205       4.5132
-136.924   87.065       4.5132
-136.924   90.925       2.6186
-136.924   94.785       2.2572
-136.924   98.645       2.2572
-136.924  102.505       2.4109
-136.924  106.364       2.5709
-136.924  110.224       2.3140
-136.924  114.084       3.4450
-136.924  117.944       3.1405
-136.924  121.804       2.2053
-136.924  125.664       1.8047
-136.924  129.524       2.1810
-136.924  133.384       1.8047
-136.924  137.244       1.9977
-136.924  141.104       2.1134
-136.924  144.964       2.7273
-136.924  148.824       4.5132
-136.924  152.684       4.5132
-136.924  156.544       4.5132
-136.924  160.404       4.5132
-136.924  164.264       4.1000
-136.924  168.124       2.4109
-136.924  171.983       2.0155
-136.924  175.843       2.4109
-136.924  179.703       2.6704
-136.924  183.563       2.4109
-136.924  187.423       2.3768
-136.924  191.283       2.3768
-136.924  195.143       2.4855
-136.924  199.003       2.4471
-136.924  202.863       1.7798
-136.924  206.723       1.5422
-136.924  210.583       1.8577
-136.924  214.443       2.1134
-136.924  218.303       2.7273
-136.924  222.163       4.5132
-136.924  226.023       4.5132
-136.924  229.883       4.1000
-136.924  233.742       4.1000
-136.924  237.602       2.5709
-136.924  241.462       1.9473
-136.924  245.322       1.9314
-136.924  249.182       1.4585
-136.924  253.042       2.7273
-136.924  256.902       2.6186
-136.924  260.762       4.1000
-133.855 -121.372       4.5132
-133.855 -117.512       4.5132
-133.855 -113.652       4.5132
-133.855 -109.792       4.5132
-133.855 -105.932       4.5132
-133.855 -102.072       4.5132
-133.855  -98.212       4.5132
-133.855  -94.352       4.5132
-133.855  -90.492       4.5132
-133.855  -86.633       4.5132
-133.855  -82.773       4.5132
-133.855  -78.913       4.5132
-133.855  -75.053       4.5132
-133.855  -71.193       4.5132
-133.855  -67.333       4.5132
-133.855  -63.473       4.5132
-133.855  -59.613       4.5132
-133.855  -55.753       4.5132
-133.855  -51.893       4.5132
-133.855  -48.033       4.5132
-133.855  -44.173       4.5132
-133.855  -40.313       4.5132
-133.855  -36.453       4.5132
-133.855  -32.593       4.5132
-133.855  -28.733       4.5132
-133.855  -24.873       4.5132
-133.855  -21.014       4.5132
-133.855  -17.154       4.5132
-133.855  -13.294       4.5132
-133.855   -9.434       4.5132
-133.855   -5.574       4.5132
-133.855   -1.714       4.5132
-133.855    2.146       4.5132
-133.855    6.006       4.5132
-133.855    9.866       4.5132
-133.855   13.726       4.5132
-133.855   17.586       4.5132
-133.855   21.446       4.5132
-133.855   25.306       4.5132
-133.855   29.166       4.5132
-133.855   33.026       4.5132
-133.855   36.886       4.5132
-133.855   40.745       4.5132
-133.855   44.605       4.5132
-133.855   48.465       4.5132
-133.855   52.325       4.5132
-133.855   56.185       4.5132
-133.855   60.045       4.5132
-133.855   63.905       4.5132
-133.855   67.765       4.5132
-133.855   71.625       4.5132
-133.855   75.485       4.5132
-133.855   79.345       4.5132
-133.855   83.205       4.5132
-133.855   87.065       4.5132
-133.855   90.925       3.2735
-133.855   94.785       2.9399
-133.855   98.645       3.2735
-133.855  102.505       2.6186
-133.855  106.364       1.9977
-133.855  110.224       2.2307
-133.855  114.084       2.5267
-133.855  117.944       3.0318
-133.855  121.804       2.6186
-133.855  125.664       2.2053
-133.855  129.524       2.3446
-133.855  133.384       2.4855
-133.855  137.244       2.1134
-133.855  141.104       2.1810
-133.855  144.964       3.0318
-133.855  148.824       4.5132
-133.855  152.684       4.5132
-133.855  156.544       4.5132
-133.855  160.404       4.5132
-133.855  164.264       4.1000
-133.855  168.124       2.3140
-133.855  171.983       1.7560
-133.855  175.843       1.9636
-133.855  179.703       2.1576
-133.855  183.563       2.1351
-133.855  187.423       1.9636
-133.855  191.283       2.4109
-133.855  195.143       1.9977
-133.855  199.003       2.5267
-133.855  202.863       2.2053
-133.855  206.723       1.8717
-133.855  210.583       2.4471
-133.855  214.443       3.4450
-133.855  218.303       3.1405
-133.855  222.163       4.5132
-133.855  226.023       4.5132
-133.855  229.883       4.5132
-133.855  233.742       4.5132
-133.855  237.602       3.0318
-133.855  241.462       2.5267
-133.855  245.322       1.8440
-133.855  249.182       1.2360
-133.855  253.042       1.8047
-133.855  256.902       2.5267
-133.855  260.762       4.1000
-130.786 -121.372       4.5132
-130.786 -117.512       4.5132
-130.786 -113.652       4.5132
-130.786 -109.792       4.5132
-130.786 -105.932       4.5132
-130.786 -102.072       4.5132
-130.786  -98.212       4.5132
-130.786  -94.352       4.5132
-130.786  -90.492       4.5132
-130.786  -86.633       4.5132
-130.786  -82.773       4.5132
-130.786  -78.913       4.5132
-130.786  -75.053       4.5132
-130.786  -71.193       4.5132
-130.786  -67.333       4.5132
-130.786  -63.473       4.5132
-130.786  -59.613       4.5132
-130.786  -55.753       4.5132
-130.786  -51.893       4.5132
-130.786  -48.033       4.5132
-130.786  -44.173       4.5132
-130.786  -40.313       4.5132
-130.786  -36.453       4.5132
-130.786  -32.593       4.5132
-130.786  -28.733       4.5132
-130.786  -24.873       4.5132
-130.786  -21.014       4.5132
-130.786  -17.154       4.5132
-130.786  -13.294       4.5132
-130.786   -9.434       4.5132
-130.786   -5.574       4.5132
-130.786   -1.714       4.5132
-130.786    2.146       4.5132
-130.786    6.006       4.5132
-130.786    9.866       4.5132
-130.786   13.726       4.5132
-130.786   17.586       4.5132
-130.786   21.446       4.5132
-130.786   25.306       4.5132
-130.786   29.166       4.5132
-130.786   33.026       4.5132
-130.786   36.886       4.5132
-130.786   40.745       4.5132
-130.786   44.605       4.5132
-130.786   48.465       4.5132
-130.786   52.325       4.5132
-130.786   56.185       4.5132
-130.786   60.045       4.5132
-130.786   63.905       4.5132
-130.786   67.765       4.5132
-130.786   71.625       4.5132
-130.786   75.485       4.5132
-130.786   79.345       4.5132
-130.786   83.205       4.5132
-130.786   87.065       4.5132
-130.786   90.925       4.5132
-130.786   94.785       4.5132
-130.786   98.645       4.5132
-130.786  102.505       3.0318
-130.786  106.364       2.3140
-130.786  110.224       2.7273
-130.786  114.084       2.7901
-130.786  117.944       2.6704
-130.786  121.804       2.8603
-130.786  125.664       3.0318
-130.786  129.524       2.6704
-130.786  133.384       2.5267
-130.786  137.244       1.7444
-130.786  141.104       2.0528
-130.786  144.964       3.4450
-130.786  148.824       4.5132
-130.786  152.684       4.5132
-130.786  156.544       4.5132
-130.786  160.404       4.5132
-130.786  164.264       4.5132
-130.786  168.124       2.4109
-130.786  171.983       1.9314
-130.786  175.843       1.8717
-130.786  179.703       2.0925
-130.786  183.563       1.8047
-130.786  187.423       2.0723
-130.786  191.283       2.4109
-130.786  195.143       2.1810
-130.786  199.003       2.5267
-130.786  202.863       2.2053
-130.786  206.723       2.2850
-130.786  210.583       4.1000
-130.786  214.443       4.5132
-130.786  218.303       4.5132
-130.786  222.163       4.5132
-130.786  226.023       4.5132
-130.786  229.883       4.5132
-130.786  233.742       4.5132
-130.786  237.602       3.0318
-130.786  241.462       4.1000
-130.786  245.322       2.5267
-130.786  249.182       1.6793
-130.786  253.042       1.4240
-130.786  256.902       2.2053
-130.786  260.762       4.5132
-127.718 -121.372       4.5132
-127.718 -117.512       4.5132
-127.718 -113.652       4.5132
-127.718 -109.792       4.5132
-127.718 -105.932       4.5132
-127.718 -102.072       4.5132
-127.718  -98.212       4.5132
-127.718  -94.352       4.5132
-127.718  -90.492       4.5132
-127.718  -86.633       4.5132
-127.718  -82.773       4.5132
-127.718  -78.913       4.5132
-127.718  -75.053       4.5132
-127.718  -71.193       4.5132
-127.718  -67.333       4.5132
-127.718  -63.473       4.5132
-127.718  -59.613       4.5132
-127.718  -55.753       4.5132
-127.718  -51.893       4.5132
-127.718  -48.033       4.5132
-127.718  -44.173       4.5132
-127.718  -40.313       4.5132
-127.718  -36.453       4.5132
-127.718  -32.593       4.5132
-127.718  -28.733       4.5132
-127.718  -24.873       4.5132
-127.718  -21.014       4.5132
-127.718  -17.154       4.5132
-127.718  -13.294       4.5132
-127.718   -9.434       4.5132
-127.718   -5.574       4.5132
-127.718   -1.714       4.5132
-127.718    2.146       4.5132
-127.718    6.006       4.5132
-127.718    9.866       4.5132
-127.718   13.726       4.5132
-127.718   17.586       4.5132
-127.718   21.446       4.5132
-127.718   25.306       4.5132
-127.718   29.166       4.5132
-127.718   33.026       4.5132
-127.718   36.886       4.5132
-127.718   40.745       4.5132
-127.718   44.605       4.5132
-127.718   48.465       4.5132
-127.718   52.325       4.5132
-127.718   56.185       4.5132
-127.718   60.045       4.5132
-127.718   63.905       4.5132
-127.718   67.765       4.5132
-127.718   71.625       4.5132
-127.718   75.485       4.5132
-127.718   79.345       4.5132
-127.718   83.205       4.5132
-127.718   87.065       4.5132
-127.718   90.925       4.5132
-127.718   94.785       4.5132
-127.718   98.645       4.5132
-127.718  102.505       4.1000
-127.718  106.364       2.7901
-127.718  110.224       2.4855
-127.718  114.084       2.7901
-127.718  117.944       2.7273
-127.718  121.804       2.4471
-127.718  125.664       2.7273
-127.718  129.524       3.1405
-127.718  133.384       2.3140
-127.718  137.244       1.5933
-127.718  141.104       1.6114
-127.718  144.964       2.1810
-127.718  148.824       4.1000
-127.718  152.684       4.5132
-127.718  156.544       4.5132
-127.718  160.404       4.5132
-127.718  164.264       4.5132
-127.718  168.124       3.0318
-127.718  171.983       2.2572
-127.718  175.843       1.7219
-127.718  179.703       2.1576
-127.718  183.563       1.9159
-127.718  187.423       1.6897
-127.718  191.283       1.7560
-127.718  195.143       1.8175
-127.718  199.003       1.9314
-127.718  202.863       2.2307
-127.718  206.723       1.9159
-127.718  210.583       3.0318
-127.718  214.443       4.5132
-127.718  218.303       4.5132
-127.718  222.163       4.5132
-127.718  226.023       4.5132
-127.718  229.883       4.1000
-127.718  233.742       3.2735
-127.718  237.602       2.7273
-127.718  241.462       2.3446
-127.718  245.322       3.0318
-127.718  249.182       1.8861
-127.718  253.042       1.1669
-127.718  256.902       1.5845
-127.718  260.762       3.6867
-124.649 -121.372       4.5132
-124.649 -117.512       4.5132
-124.649 -113.652       4.5132
-124.649 -109.792       4.5132
-124.649 -105.932       4.5132
-124.649 -102.072       4.5132
-124.649  -98.212       4.5132
-124.649  -94.352       4.5132
-124.649  -90.492       4.5132
-124.649  -86.633       4.5132
-124.649  -82.773       4.5132
-124.649  -78.913       4.5132
-124.649  -75.053       4.5132
-124.649  -71.193       4.5132
-124.649  -67.333       4.5132
-124.649  -63.473       4.5132
-124.649  -59.613       4.5132
-124.649  -55.753       4.5132
-124.649  -51.893       4.5132
-124.649  -48.033       4.5132
-124.649  -44.173       4.5132
-124.649  -40.313       4.5132
-124.649  -36.453       4.5132
-124.649  -32.593       4.5132
-124.649  -28.733       4.5132
-124.649  -24.873       4.5132
-124.649  -21.014       4.5132
-124.649  -17.154       4.5132
-124.649  -13.294       4.5132
-124.649   -9.434       4.5132
-124.649   -5.574       4.5132
-124.649   -1.714       4.5132
-124.649    2.146       4.5132
-124.649    6.006       4.5132
-124.649    9.866       4.5132
-124.649   13.726       4.5132
-124.649   17.586       4.5132
-124.649   21.446       4.5132
-124.649   25.306       4.5132
-124.649   29.166       4.5132
-124.649   33.026       4.5132
-124.649   36.886       4.5132
-124.649   40.745       4.5132
-124.649   44.605       4.5132
-124.649   48.465       4.5132
-124.649   52.325       4.5132
-124.649   56.185       4.5132
-124.649   60.045       4.5132
-124.649   63.905       4.5132
-124.649   67.765       4.5132
-124.649   71.625       4.5132
-124.649   75.485       4.5132
-124.649   79.345       4.5132
-124.649   83.205       4.5132
-124.649   87.065       4.5132
-124.649   90.925       4.5132
-124.649   94.785       4.5132
-124.649   98.645       4.5132
-124.649  102.505       4.5132
-124.649  106.364       3.0318
-124.649  110.224       2.3768
-124.649  114.084       2.0723
-124.649  117.944       2.3446
-124.649  121.804       2.6186
-124.649  125.664       3.0318
-124.649  129.524       2.3768
-124.649  133.384       1.8577
-124.649  137.244       1.3789
-124.649  141.104       1.4308
-124.649  144.964       2.0155
-124.649  148.824       2.8603
-124.649  152.684       4.5132
-124.649  156.544       4.5132
-124.649  160.404       4.5132
-124.649  164.264       4.5132
-124.649  168.124       3.6867
-124.649  171.983       2.0925
-124.649  175.843       1.9314
-124.649  179.703       2.0528
-124.649  183.563       1.7921
-124.649  187.423       1.8717
-124.649  191.283       1.9159
-124.649  195.143       1.6793
-124.649  199.003       1.8440
-124.649  202.863       2.0723
-124.649  206.723       2.1576
-124.649  210.583       3.6867
-124.649  214.443       4.5132
-124.649  218.303       4.5132
-124.649  222.163       4.5132
-124.649  226.023       4.5132
-124.649  229.883       4.5132
-124.649  233.742       2.6186
-124.649  237.602       2.7273
-124.649  241.462       2.2307
-124.649  245.322       2.4109
-124.649  249.182       1.9977
-124.649  253.042       1.0706
-124.649  256.902       1.1249
-124.649  260.762       2.9399
-121.581 -121.372       4.5132
-121.581 -117.512       4.5132
-121.581 -113.652       4.5132
-121.581 -109.792       4.5132
-121.581 -105.932       4.5132
-121.581 -102.072       4.5132
-121.581  -98.212       4.5132
-121.581  -94.352       4.5132
-121.581  -90.492       4.5132
-121.581  -86.633       4.5132
-121.581  -82.773       4.5132
-121.581  -78.913       4.5132
-121.581  -75.053       4.5132
-121.581  -71.193       4.5132
-121.581  -67.333       4.5132
-121.581  -63.473       4.5132
-121.581  -59.613       4.5132
-121.581  -55.753       4.5132
-121.581  -51.893       4.5132
-121.581  -48.033       4.5132
-121.581  -44.173       4.5132
-121.581  -40.313       4.5132
-121.581  -36.453       4.5132
-121.581  -32.593       4.5132
-121.581  -28.733       4.5132
-121.581  -24.873       4.5132
-121.581  -21.014       4.5132
-121.581  -17.154       4.5132
-121.581  -13.294       4.5132
-121.581   -9.434       4.5132
-121.581   -5.574       4.5132
-121.581   -1.714       4.5132
-121.581    2.146       4.5132
-121.581    6.006       4.5132
-121.581    9.866       4.5132
-121.581   13.726       4.5132
-121.581   17.586       4.5132
-121.581   21.446       4.5132
-121.581   25.306       4.5132
-121.581   29.166       4.5132
-121.581   33.026       4.5132
-121.581   36.886       4.5132
-121.581   40.745       4.5132
-121.581   44.605       4.5132
-121.581   48.465       4.5132
-121.581   52.325       4.5132
-121.581   56.185       4.5132
-121.581   60.045       4.5132
-121.581   63.905       4.5132
-121.581   67.765       4.5132
-121.581   71.625       4.5132
-121.581   75.485       4.5132
-121.581   79.345       4.5132
-121.581   83.205       4.5132
-121.581   87.065       4.5132
-121.581   90.925       4.5132
-121.581   94.785       4.5132
-121.581   98.645       4.5132
-121.581  102.505       4.5132
-121.581  106.364       4.1000
-121.581  110.224       2.5709
-121.581  114.084       2.5267
-121.581  117.944       2.5267
-121.581  121.804       2.7901
-121.581  125.664       2.6186
-121.581  129.524       1.4445
-121.581  133.384       1.1049
-121.581  137.244       1.1413
-121.581  141.104       1.4585
-121.581  144.964       1.8306
-121.581  148.824       2.2572
-121.581  152.684       3.1405
-121.581  156.544       4.5132
-121.581  160.404       3.0318
-121.581  164.264       2.6704
-121.581  168.124       2.7273
-121.581  171.983       1.9314
-121.581  175.843       2.1134
-121.581  179.703       1.7110
-121.581  183.563       1.8861
-121.581  187.423       2.1810
-121.581  191.283       2.1576
-121.581  195.143       2.0528
-121.581  199.003       1.7678
-121.581  202.863       2.1351
-121.581  206.723       2.7273
-121.581  210.583       3.1405
-121.581  214.443       4.5132
-121.581  218.303       4.5132
-121.581  222.163       4.5132
-121.581  226.023       4.5132
-121.581  229.883       4.1000
-121.581  233.742       2.9399
-121.581  237.602       3.4450
-121.581  241.462       2.7901
-121.581  245.322       2.1810
-121.581  249.182       2.3446
-121.581  253.042       1.1330
-121.581  256.902       0.8845
-121.581  260.762       2.4471
-118.512 -121.372       4.5132
-118.512 -117.512       4.5132
-118.512 -113.652       4.5132
-118.512 -109.792       4.5132
-118.512 -105.932       4.5132
-118.512 -102.072       4.5132
-118.512  -98.212       4.5132
-118.512  -94.352       4.5132
-118.512  -90.492       4.5132
-118.512  -86.633       4.5132
-118.512  -82.773       4.5132
-118.512  -78.913       4.5132
-118.512  -75.053       4.5132
-118.512  -71.193       4.5132
-118.512  -67.333       4.5132
-118.512  -63.473       4.5132
-118.512  -59.613       4.5132
-118.512  -55.753       4.5132
-118.512  -51.893       4.5132
-118.512  -48.033       4.5132
-118.512  -44.173       4.5132
-118.512  -40.313       4.5132
-118.512  -36.453       4.5132
-118.512  -32.593       4.5132
-118.512  -28.733       4.5132
-118.512  -24.873       4.5132
-118.512  -21.014       4.5132
-118.512  -17.154       4.5132
-118.512  -13.294       4.5132
-118.512   -9.434       4.5132
-118.512   -5.574       4.5132
-118.512   -1.714       4.5132
-118.512    2.146       4.5132
-118.512    6.006       4.5132
-118.512    9.866       4.5132
-118.512   13.726       4.5132
-118.512   17.586       4.5132
-118.512   21.446       4.5132
-118.512   25.306       4.5132
-118.512   29.166       4.5132
-118.512   33.026       4.5132
-118.512   36.886       4.5132
-118.512   40.745       4.5132
-118.512   44.605       4.5132
-118.512   48.465       4.5132
-118.512   52.325       4.5132
-118.512   56.185       4.5132
-118.512   60.045       4.5132
-118.512   63.905       4.5132
-118.512   67.765       4.5132
-118.512   71.625       4.5132
-118.512   75.485       4.5132
-118.512   79.345       4.5132
-118.512   83.205       4.5132
-118.512   87.065       4.5132
-118.512   90.925       4.5132
-118.512   94.785       4.5132
-118.512   98.645       4.5132
-118.512  102.505       4.5132
-118.512  106.364       4.5132
-118.512  110.224       4.5132
-118.512  114.084       3.1405
-118.512  117.944       3.2735
-118.512  121.804       2.8603
-118.512  125.664       1.6591
-118.512  129.524       0.8228
-118.512  133.384       0.6464
-118.512  137.244       0.8764
-118.512  141.104       1.3369
-118.512  144.964       1.3605
-118.512  148.824       1.4656
-118.512  152.684       2.4109
-118.512  156.544       3.4450
-118.512  160.404       2.6186
-118.512  164.264       2.2850
-118.512  168.124       2.7273
-118.512  171.983       2.5267
-118.512  175.843       2.2572
-118.512  179.703       1.7002
-118.512  183.563       2.0155
-118.512  187.423       1.9804
-118.512  191.283       1.7678
-118.512  195.143       1.7798
-118.512  199.003       1.6591
-118.512  202.863       2.3140
-118.512  206.723       2.5709
-118.512  210.583       2.9399
-118.512  214.443       4.1000
-118.512  218.303       4.5132
-118.512  222.163       4.5132
-118.512  226.023       4.5132
-118.512  229.883       4.5132
-118.512  233.742       3.4450
-118.512  237.602       2.3768
-118.512  241.462       3.4450
-118.512  245.322       2.7901
-118.512  249.182       3.2735
-118.512  253.042       1.1845
-118.512  256.902       0.8155
-118.512  260.762       1.9159
-115.443 -121.372       4.5132
-115.443 -117.512       4.5132
-115.443 -113.652       4.5132
-115.443 -109.792       4.5132
-115.443 -105.932       4.5132
-115.443 -102.072       4.5132
-115.443  -98.212       4.5132
-115.443  -94.352       4.5132
-115.443  -90.492       4.5132
-115.443  -86.633       4.5132
-115.443  -82.773       4.5132
-115.443  -78.913       4.5132
-115.443  -75.053       4.5132
-115.443  -71.193       4.5132
-115.443  -67.333       4.5132
-115.443  -63.473       4.5132
-115.443  -59.613       4.5132
-115.443  -55.753       4.5132
-115.443  -51.893       4.5132
-115.443  -48.033       4.5132
-115.443  -44.173       4.5132
-115.443  -40.313       4.5132
-115.443  -36.453       4.5132
-115.443  -32.593       4.5132
-115.443  -28.733       4.5132
-115.443  -24.873       4.5132
-115.443  -21.014       4.5132
-115.443  -17.154       4.5132
-115.443  -13.294       4.5132
-115.443   -9.434       4.5132
-115.443   -5.574       4.5132
-115.443   -1.714       4.5132
-115.443    2.146       4.5132
-115.443    6.006       4.5132
-115.443    9.866       4.5132
-115.443   13.726       4.5132
-115.443   17.586       4.5132
-115.443   21.446       4.5132
-115.443   25.306       4.5132
-115.443   29.166       4.5132
-115.443   33.026       4.5132
-115.443   36.886       4.5132
-115.443   40.745       4.5132
-115.443   44.605       4.5132
-115.443   48.465       4.5132
-115.443   52.325       4.5132
-115.443   56.185       4.5132
-115.443   60.045       4.5132
-115.443   63.905       4.5132
-115.443   67.765       4.5132
-115.443   71.625       4.5132
-115.443   75.485       4.5132
-115.443   79.345       4.5132
-115.443   83.205       4.5132
-115.443   87.065       4.5132
-115.443   90.925       4.5132
-115.443   94.785       4.5132
-115.443   98.645       4.5132
-115.443  102.505       4.5132
-115.443  106.364       4.5132
-115.443  110.224       4.5132
-115.443  114.084       4.5132
-115.443  117.944       3.4450
-115.443  121.804       2.1576
-115.443  125.664       1.1936
-115.443  129.524       0.6976
-115.443  133.384       0.5746
-115.443  137.244       0.8302
-115.443  141.104       1.0971
-115.443  144.964       1.1936
-115.443  148.824       1.1249
-115.443  152.684       1.7002
-115.443  156.544       3.6867
-115.443  160.404       3.0318
-115.443  164.264       1.9473
-115.443  168.124       2.1810
-115.443  171.983       3.1405
-115.443  175.843       3.0318
-115.443  179.703       2.3140
-115.443  183.563       2.2053
-115.443  187.423       1.7219
-115.443  191.283       1.7219
-115.443  195.143       1.7798
-115.443  199.003       1.6492
-115.443  202.863       1.9804
-115.443  206.723       2.0528
-115.443  210.583       2.3140
-115.443  214.443       3.4450
-115.443  218.303       4.5132
-115.443  222.163       4.5132
-115.443  226.023       4.5132
-115.443  229.883       4.5132
-115.443  233.742       3.1405
-115.443  237.602       2.5267
-115.443  241.462       2.4855
-115.443  245.322       3.2735
-115.443  249.182       3.4450
-115.443  253.042       1.4951
-115.443  256.902       0.9751
-115.443  260.762       1.9473
-112.375 -121.372       4.5132
-112.375 -117.512       4.5132
-112.375 -113.652       4.5132
-112.375 -109.792       4.5132
-112.375 -105.932       4.5132
-112.375 -102.072       4.5132
-112.375  -98.212       4.5132
-112.375  -94.352       4.5132
-112.375  -90.492       4.5132
-112.375  -86.633       4.5132
-112.375  -82.773       4.5132
-112.375  -78.913       4.5132
-112.375  -75.053       4.5132
-112.375  -71.193       4.5132
-112.375  -67.333       4.5132
-112.375  -63.473       4.5132
-112.375  -59.613       4.5132
-112.375  -55.753       4.5132
-112.375  -51.893       4.5132
-112.375  -48.033       4.5132
-112.375  -44.173       4.5132
-112.375  -40.313       4.5132
-112.375  -36.453       4.5132
-112.375  -32.593       4.5132
-112.375  -28.733       4.5132
-112.375  -24.873       4.5132
-112.375  -21.014       4.5132
-112.375  -17.154       4.5132
-112.375  -13.294       4.5132
-112.375   -9.434       4.5132
-112.375   -5.574       4.5132
-112.375   -1.714       4.5132
-112.375    2.146       4.5132
-112.375    6.006       4.5132
-112.375    9.866       4.5132
-112.375   13.726       4.5132
-112.375   17.586       4.5132
-112.375   21.446       4.5132
-112.375   25.306       4.5132
-112.375   29.166       4.5132
-112.375   33.026       4.5132
-112.375   36.886       4.5132
-112.375   40.745       4.5132
-112.375   44.605       4.5132
-112.375   48.465       4.5132
-112.375   52.325       4.5132
-112.375   56.185       4.5132
-112.375   60.045       4.5132
-112.375   63.905       4.5132
-112.375   67.765       4.5132
-112.375   71.625       4.5132
-112.375   75.485       4.5132
-112.375   79.345       4.5132
-112.375   83.205       4.5132
-112.375   87.065       4.5132
-112.375   90.925       4.5132
-112.375   94.785       4.5132
-112.375   98.645       4.5132
-112.375  102.505       4.5132
-112.375  106.364       4.5132
-112.375  110.224       4.5132
-112.375  114.084       3.4450
-112.375  117.944       2.5267
-112.375  121.804       1.7330
-112.375  125.664       0.9878
-112.375  129.524       0.4962
-112.375  133.384       0.5666
-112.375  137.244       0.7157
-112.375  141.104       0.6976
-112.375  144.964       0.9534
-112.375  148.824       1.0278
-112.375  152.684       1.7560
-112.375  156.544       3.6867
-112.375  160.404       3.2735
-112.375  164.264       2.0723
-112.375  168.124       2.1810
-112.375  171.983       2.9399
-112.375  175.843       2.7901
-112.375  179.703       2.4109
-112.375  183.563       1.8861
-112.375  187.423       1.6691
-112.375  191.283       1.9473
-112.375  195.143       1.8717
-112.375  199.003       1.4514
-112.375  202.863       2.1576
-112.375  206.723       1.8861
-112.375  210.583       2.4855
-112.375  214.443       3.6867
-112.375  218.303       4.5132
-112.375  222.163       4.5132
-112.375  226.023       4.5132
-112.375  229.883       4.5132
-112.375  233.742       2.9399
-112.375  237.602       2.0925
-112.375  241.462       2.3446
-112.375  245.322       3.6867
-112.375  249.182       4.5132
-112.375  253.042       2.6704
-112.375  256.902       1.2508
-112.375  260.762       2.0925
-109.306 -121.372       4.5132
-109.306 -117.512       4.5132
-109.306 -113.652       4.5132
-109.306 -109.792       4.5132
-109.306 -105.932       4.5132
-109.306 -102.072       4.5132
-109.306  -98.212       4.5132
-109.306  -94.352       4.5132
-109.306  -90.492       4.5132
-109.306  -86.633       4.5132
-109.306  -82.773       4.5132
-109.306  -78.913       4.5132
-109.306  -75.053       4.5132
-109.306  -71.193       4.5132
-109.306  -67.333       4.5132
-109.306  -63.473       4.5132
-109.306  -59.613       4.5132
-109.306  -55.753       4.5132
-109.306  -51.893       4.5132
-109.306  -48.033       4.5132
-109.306  -44.173       4.5132
-109.306  -40.313       4.5132
-109.306  -36.453       4.5132
-109.306  -32.593       4.5132
-109.306  -28.733       4.5132
-109.306  -24.873       4.5132
-109.306  -21.014       4.5132
-109.306  -17.154       4.5132
-109.306  -13.294       4.5132
-109.306   -9.434       4.5132
-109.306   -5.574       4.5132
-109.306   -1.714       4.5132
-109.306    2.146       4.5132
-109.306    6.006       4.5132
-109.306    9.866       4.5132
-109.306   13.726       4.5132
-109.306   17.586       4.5132
-109.306   21.446       4.5132
-109.306   25.306       4.5132
-109.306   29.166       4.5132
-109.306   33.026       4.5132
-109.306   36.886       4.5132
-109.306   40.745       4.5132
-109.306   44.605       4.5132
-109.306   48.465       4.5132
-109.306   52.325       4.5132
-109.306   56.185       4.5132
-109.306   60.045       4.5132
-109.306   63.905       4.5132
-109.306   67.765       4.5132
-109.306   71.625       4.5132
-109.306   75.485       4.5132
-109.306   79.345       4.5132
-109.306   83.205       4.5132
-109.306   87.065       4.5132
-109.306   90.925       4.5132
-109.306   94.785       4.5132
-109.306   98.645       4.5132
-109.306  102.505       4.5132
-109.306  106.364       4.5132
-109.306  110.224       4.5132
-109.306  114.084       3.1405
-109.306  117.944       1.7002
-109.306  121.804       1.1330
-109.306  125.664       0.7178
-109.306  129.524       0.4011
-109.306  133.384       0.5105
-109.306  137.244       0.6215
-109.306  141.104       0.4552
-109.306  144.964       0.9237
-109.306  148.824       1.2661
-109.306  152.684       1.9636
-109.306  156.544       4.5132
-109.306  160.404       4.1000
-109.306  164.264       3.0318
-109.306  168.124       2.4471
-109.306  171.983       2.6704
-109.306  175.843       2.7273
-109.306  179.703       2.4471
-109.306  183.563       2.3140
-109.306  187.423       2.0925
-109.306  191.283       2.0338
-109.306  195.143       2.2850
-109.306  199.003       1.8306
-109.306  202.863       1.7444
-109.306  206.723       1.8717
-109.306  210.583       2.5709
-109.306  214.443       3.1405
-109.306  218.303       4.5132
-109.306  222.163       4.5132
-109.306  226.023       4.5132
-109.306  229.883       4.5132
-109.306  233.742       3.4450
-109.306  237.602       2.0528
-109.306  241.462       4.1000
-109.306  245.322       4.5132
-109.306  249.182       4.5132
-109.306  253.042       4.5132
-109.306  256.902       1.9636
-109.306  260.762       2.6186
-106.238 -121.372       4.5132
-106.238 -117.512       4.5132
-106.238 -113.652       4.5132
-106.238 -109.792       4.5132
-106.238 -105.932       4.5132
-106.238 -102.072       4.5132
-106.238  -98.212       4.5132
-106.238  -94.352       4.5132
-106.238  -90.492       4.5132
-106.238  -86.633       4.5132
-106.238  -82.773       4.5132
-106.238  -78.913       4.5132
-106.238  -75.053       4.5132
-106.238  -71.193       4.5132
-106.238  -67.333       4.5132
-106.238  -63.473       4.5132
-106.238  -59.613       4.5132
-106.238  -55.753       4.5132
-106.238  -51.893       4.5132
-106.238  -48.033       4.5132
-106.238  -44.173       4.5132
-106.238  -40.313       4.5132
-106.238  -36.453       4.5132
-106.238  -32.593       4.5132
-106.238  -28.733       4.5132
-106.238  -24.873       4.5132
-106.238  -21.014       4.5132
-106.238  -17.154       4.5132
-106.238  -13.294       4.5132
-106.238   -9.434       4.5132
-106.238   -5.574       4.5132
-106.238   -1.714       4.5132
-106.238    2.146       4.5132
-106.238    6.006       4.5132
-106.238    9.866       4.5132
-106.238   13.726       4.5132
-106.238   17.586       4.5132
-106.238   21.446       4.5132
-106.238   25.306       4.5132
-106.238   29.166       4.5132
-106.238   33.026       4.5132
-106.238   36.886       4.5132
-106.238   40.745       4.5132
-106.238   44.605       4.5132
-106.238   48.465       4.5132
-106.238   52.325       4.5132
-106.238   56.185       4.5132
-106.238   60.045       4.5132
-106.238   63.905       4.5132
-106.238   67.765       4.5132
-106.238   71.625       4.5132
-106.238   75.485       4.5132
-106.238   79.345       4.5132
-106.238   83.205       4.5132
-106.238   87.065       4.5132
-106.238   90.925       4.5132
-106.238   94.785       4.5132
-106.238   98.645       4.5132
-106.238  102.505       4.5132
-106.238  106.364       4.5132
-106.238  110.224       4.5132
-106.238  114.084       2.2850
-106.238  117.944       1.2027
-106.238  121.804       0.5976
-106.238  125.664       0.3963
-106.238  129.524       0.5417
-106.238  133.384       0.7758
-106.238  137.244       0.5976
-106.238  141.104       0.4345
-106.238  144.964       0.9534
-106.238  148.824       1.3666
-106.238  152.684       2.6186
-106.238  156.544       4.1000
-106.238  160.404       4.5132
-106.238  164.264       4.5132
-106.238  168.124       2.6704
-106.238  171.983       2.4855
-106.238  175.843       4.1000
-106.238  179.703       2.7901
-106.238  183.563       2.0155
-106.238  187.423       1.7444
-106.238  191.283       1.7560
-106.238  195.143       1.7921
-106.238  199.003       1.7002
-106.238  202.863       1.6793
-106.238  206.723       1.7921
-106.238  210.583       2.2053
-106.238  214.443       2.5267
-106.238  218.303       4.5132
-106.238  222.163       4.5132
-106.238  226.023       4.5132
-106.238  229.883       4.5132
-106.238  233.742       4.5132
-106.238  237.602       4.5132
-106.238  241.462       4.5132
-106.238  245.322       4.5132
-106.238  249.182       4.5132
-106.238  253.042       4.5132
-106.238  256.902       4.5132
-106.238  260.762       4.5132
-103.169 -121.372       4.5132
-103.169 -117.512       4.5132
-103.169 -113.652       4.5132
-103.169 -109.792       4.5132
-103.169 -105.932       4.5132
-103.169 -102.072       4.5132
-103.169  -98.212       4.5132
-103.169  -94.352       4.5132
-103.169  -90.492       4.5132
-103.169  -86.633       4.5132
-103.169  -82.773       4.5132
-103.169  -78.913       4.5132
-103.169  -75.053       4.5132
-103.169  -71.193       4.5132
-103.169  -67.333       4.5132
-103.169  -63.473       4.5132
-103.169  -59.613       4.5132
-103.169  -55.753       4.5132
-103.169  -51.893       4.5132
-103.169  -48.033       4.5132
-103.169  -44.173       4.5132
-103.169  -40.313       4.5132
-103.169  -36.453       4.5132
-103.169  -32.593       4.5132
-103.169  -28.733       4.5132
-103.169  -24.873       4.5132
-103.169  -21.014       4.5132
-103.169  -17.154       4.5132
-103.169  -13.294       4.5132
-103.169   -9.434       4.5132
-103.169   -5.574       4.5132
-103.169   -1.714       4.5132
-103.169    2.146       4.5132
-103.169    6.006       4.5132
-103.169    9.866       4.5132
-103.169   13.726       4.5132
-103.169   17.586       4.5132
-103.169   21.446       4.5132
-103.169   25.306       4.5132
-103.169   29.166       4.5132
-103.169   33.026       4.5132
-103.169   36.886       4.5132
-103.169   40.745       4.5132
-103.169   44.605       4.5132
-103.169   48.465       4.5132
-103.169   52.325       4.5132
-103.169   56.185       4.5132
-103.169   60.045       4.5132
-103.169   63.905       4.5132
-103.169   67.765       4.5132
-103.169   71.625       4.5132
-103.169   75.485       4.5132
-103.169   79.345       4.5132
-103.169   83.205       4.5132
-103.169   87.065       4.5132
-103.169   90.925       4.5132
-103.169   94.785       4.5132
-103.169   98.645       4.5132
-103.169  102.505       4.5132
-103.169  106.364       4.5132
-103.169  110.224       3.4450
-103.169  114.084       1.8047
-103.169  117.944       0.8203
-103.169  121.804       0.2433
-103.169  125.664       0.1149
-103.169  129.524       0.4396
-103.169  133.384       0.9751
-103.169  137.244       0.7157
-103.169  141.104       0.6501
-103.169  144.964       1.1890
-103.169  148.824       1.8717
-103.169  152.684       2.8603
-103.169  156.544       4.5132
-103.169  160.404       4.5132
-103.169  164.264       4.5132
-103.169  168.124       2.4855
-103.169  171.983       2.7273
-103.169  175.843       4.1000
-103.169  179.703       2.9399
-103.169  183.563       2.1351
-103.169  187.423       2.0925
-103.169  191.283       1.7330
-103.169  195.143       1.6206
-103.169  199.003       1.3666
-103.169  202.863       1.6691
-103.169  206.723       1.6897
-103.169  210.583       3.0318
-103.169  214.443       4.1000
-103.169  218.303       4.5132
-103.169  222.163       4.5132
-103.169  226.023       4.5132
-103.169  229.883       4.5132
-103.169  233.742       4.5132
-103.169  237.602       4.5132
-103.169  241.462       4.5132
-103.169  245.322       4.5132
-103.169  249.182       4.5132
-103.169  253.042       4.5132
-103.169  256.902       4.5132
-103.169  260.762       4.5132
-100.100 -121.372       4.5132
-100.100 -117.512       4.5132
-100.100 -113.652       4.5132
-100.100 -109.792       4.5132
-100.100 -105.932       4.5132
-100.100 -102.072       4.5132
-100.100  -98.212       4.5132
-100.100  -94.352       4.5132
-100.100  -90.492       4.5132
-100.100  -86.633       4.5132
-100.100  -82.773       4.5132
-100.100  -78.913       4.5132
-100.100  -75.053       4.5132
-100.100  -71.193       4.5132
-100.100  -67.333       4.5132
-100.100  -63.473       4.5132
-100.100  -59.613       4.5132
-100.100  -55.753       4.5132
-100.100  -51.893       4.5132
-100.100  -48.033       4.5132
-100.100  -44.173       4.5132
-100.100  -40.313       4.5132
-100.100  -36.453       4.5132
-100.100  -32.593       4.5132
-100.100  -28.733       4.5132
-100.100  -24.873       4.5132
-100.100  -21.014       4.5132
-100.100  -17.154       4.5132
-100.100  -13.294       4.5132
-100.100   -9.434       4.5132
-100.100   -5.574       4.5132
-100.100   -1.714       4.5132
-100.100    2.146       4.5132
-100.100    6.006       4.5132
-100.100    9.866       4.5132
-100.100   13.726       4.5132
-100.100   17.586       4.5132
-100.100   21.446       4.5132
-100.100   25.306       4.5132
-100.100   29.166       4.5132
-100.100   33.026       4.5132
-100.100   36.886       4.5132
-100.100   40.745       4.5132
-100.100   44.605       4.5132
-100.100   48.465       4.5132
-100.100   52.325       4.5132
-100.100   56.185       4.5132
-100.100   60.045       4.5132
-100.100   63.905       4.5132
-100.100   67.765       4.5132
-100.100   71.625       4.5132
-100.100   75.485       4.5132
-100.100   79.345       4.5132
-100.100   83.205       4.5132
-100.100   87.065       4.5132
-100.100   90.925       4.5132
-100.100   94.785       4.5132
-100.100   98.645       4.5132
-100.100  102.505       4.5132
-100.100  106.364       4.5132
-100.100  110.224       3.4450
-100.100  114.084       1.7110
-100.100  117.944       0.6762
-100.100  121.804       0.1630
-100.100  125.664       0.0690
-100.100  129.524       0.5105
-100.100  133.384       1.1372
-100.100  137.244       0.8452
-100.100  141.104       0.7281
-100.100  144.964       1.0382
-100.100  148.824       1.9636
-100.100  152.684       3.0318
-100.100  156.544       4.1000
-100.100  160.404       4.5132
-100.100  164.264       4.5132
-100.100  168.124       3.6867
-100.100  171.983       2.8603
-100.100  175.843       3.1405
-100.100  179.703       2.6704
-100.100  183.563       1.8440
-100.100  187.423       1.6793
-100.100  191.283       1.7219
-100.100  195.143       1.3142
-100.100  199.003       1.4043
-100.100  202.863       1.6300
-100.100  206.723       1.8577
-100.100  210.583       3.0318
-100.100  214.443       4.5132
-100.100  218.303       4.5132
-100.100  222.163       4.5132
-100.100  226.023       4.5132
-100.100  229.883       4.5132
-100.100  233.742       4.5132
-100.100  237.602       4.5132
-100.100  241.462       4.5132
-100.100  245.322       4.5132
-100.100  249.182       4.5132
-100.100  253.042       4.5132
-100.100  256.902       4.5132
-100.100  260.762       4.5132
 -97.032 -121.372       4.5132
 -97.032 -117.512       4.5132
 -97.032 -113.652       4.5132
 -97.032 -109.792       4.5132
 -97.032 -105.932       4.5132
 -97.032 -102.072       4.5132
 -97.032  -98.212       4.5132
 -97.032  -94.352       4.5132
 -97.032  -90.492       4.5132
 -97.032  -86.633       4.5132
 -97.032  -82.773       4.5132
 -97.032  -78.913       4.5132
 -97.032  -75.053       4.5132
 -97.032  -71.193       4.5132
 -97.032  -67.333       4.5132
 -97.032  -63.473       4.5132
 -97.032  -59.613       4.5132
 -97.032  -55.753       4.5132
 -97.032  -51.893       4.5132
 -97.032  -48.033       4.5132
 -97.032  -44.173       4.5132
 -97.032  -40.313       4.5132
 -97.032  -36.453       4.5132
 -97.032  -32.593       4.5132
 -97.032  -28.733       4.5132
 -97.032  -24.873       4.5132
 -97.032  -21.014       4.5132
 -97.032  -17.154       4.5132
 -97.032  -13.294       4.5132
 -97.032   -9.434       4.5132
 -97.032   -5.574       4.5132
 -97.032   -1.714       4.5132
 -97.032    2.146       4.5132
 -97.032    6.006       4.5132
 -97.032    9.866       4.5132
 -97.032   13.726       4.5132
 -97.032   17.586       4.5132
 -97.032   21.446       4.5132
 -97.032   25.306       4.5132
 -97.032   29.166       4.5132
 -97.032   33.026       4.5132
 -97.032   36.886       4.5132
 -97.032   40.745       4.5132
 -97.032   44.605       4.5132
 -97.032   48.465       4.5132
 -97.032   52.325       4.5132
 -97.032   56.185       4.5132
 -97.032   60.045       4.5132
 -97.032   63.905       4.5132
 -97.032   67.765       4.5132
 -97.032   71.625       4.5132
 -97.032   75.485       4.5132
 -97.032   79.345       4.5132
 -97.032   83.205       4.5132
 -97.032   87.065       4.5132
 -97.032   90.925       4.5132
 -97.032   94.785       4.5132
 -97.032   98.645       4.5132
 -97.032  102.505       4.5132
 -97.032  106.364       4.5132
 -97.032  110.224       4.5132
 -97.032  114.084       1.8440
 -97.032  117.944       0.6820
 -97.032  121.804       0.0621
 -97.032  125.664       0.1330
 -97.032  129.524       0.6781
 -97.032  133.384       1.2977
 -97.032  137.244       0.9473
 -97.032  141.104       0.9719
 -97.032  144.964       1.2508
 -97.032  148.824       1.7921
 -97.032  152.684       3.6867
 -97.032  156.544       4.5132
 -97.032  160.404       4.5132
 -97.032  164.264       4.5132
 -97.032  168.124       4.5132
 -97.032  171.983       4.5132
 -97.032  175.843       4.5132
 -97.032  179.703       2.4471
 -97.032  183.563       1.7219
 -97.032  187.423       1.3727
 -97.032  191.283       1.7002
 -97.032  195.143       1.6023
 -97.032  199.003       1.5341
 -97.032  202.863       1.5261
 -97.032  206.723       1.9977
 -97.032  210.583       3.2735
 -97.032  214.443       4.5132
 -97.032  218.303       4.1000
 -97.032  222.163       4.5132
 -97.032  226.023       4.5132
 -97.032  229.883       4.5132
 -97.032  233.742       4.5132
 -97.032  237.602       4.5132
 -97.032  241.462       4.5132
 -97.032  245.322       4.5132
 -97.032  249.182       4.5132
 -97.032  253.042       4.5132
 -97.032  256.902       4.5132
 -97.032  260.762       4.5132
 -93.963 -121.372       4.5132
 -93.963 -117.512       4.5132
 -93.963 -113.652       4.5132
 -93.963 -109.792       4.5132
 -93.963 -105.932       4.5132
 -93.963 -102.072       4.5132
 -93.963  -98.212       4.5132
 -93.963  -94.352       4.5132
 -93.963  -90.492       4.5132
 -93.963  -86.633       4.5132
 -93.963  -82.773       4.5132
 -93.963  -78.913       4.5132
 -93.963  -75.053       4.5132
 -93.963  -71.193       4.5132
 -93.963  -67.333       4.5132
 -93.963  -63.473       4.5132
 -93.963  -59.613       4.5132
 -93.963  -55.753       4.5132
 -93.963  -51.893       4.5132
 -93.963  -48.033       4.5132
 -93.963  -44.173       4.5132
 -93.963  -40.313       4.5132
 -93.963  -36.453       4.5132
 -93.963  -32.593       4.5132
 -93.963  -28.733       4.5132
 -93.963  -24.873       4.5132
 -93.963  -21.014       4.5132
 -93.963  -17.154       4.5132
 -93.963  -13.294       4.5132
 -93.963   -9.434       4.5132
 -93.963   -5.574       4.5132
 -93.963   -1.714       4.5132
 -93.963    2.146       4.5132
 -93.963    6.006       4.5132
 -93.963    9.866       4.5132
 -93.963   13.726       4.5132
 -93.963   17.586       4.5132
 -93.963   21.446       4.5132
 -93.963   25.306       4.5132
 -93.963   29.166       4.5132
 -93.963   33.026       4.5132
 -93.963   36.886       4.5132
 -93.963   40.745       4.5132
 -93.963   44.605       4.5132
 -93.963   48.465       4.5132
 -93.963   52.325       4.5132
 -93.963   56.185       4.5132
 -93.963   60.045       4.5132
 -93.963   63.905       4.5132
 -93.963   67.765       4.5132
 -93.963   71.625       4.5132
 -93.963   75.485       4.5132
 -93.963   79.345       4.5132
 -93.963   83.205       4.5132
 -93.963   87.065       4.5132
 -93.963   90.925       4.5132
 -93.963   94.785       4.5132
 -93.963   98.645       4.5132
 -93.963  102.505       4.5132
 -93.963  106.364       4.5132
 -93.963  110.224       4.5132
 -93.963  114.084       2.1134
 -93.963  117.944       0.8427
 -93.963  121.804       0.0581
 -93.963  125.664       0.1470
 -93.963  129.524       0.7056
 -93.963  133.384       1.1845
 -93.963  137.244       0.8252
 -93.963  141.104       0.9266
 -93.963  144.964       1.4876
 -93.963  148.824       2.2053
 -93.963  152.684       4.5132
 -93.963  156.544       4.5132
 -93.963  160.404       4.5132
 -93.963  164.264       4.5132
 -93.963  168.124       4.5132
 -93.963  171.983       4.5132
 -93.963  175.843       4.5132
 -93.963  179.703       2.3768
 -93.963  183.563       1.8577
 -93.963  187.423       1.6492
 -93.963  191.283       1.9314
 -93.963  195.143       1.9314
 -93.963  199.003       1.6691
 -93.963  202.863       1.7110
 -93.963  206.723       1.9159
 -93.963  210.583       2.4471
 -93.963  214.443       3.2735
 -93.963  218.303       3.2735
 -93.963  222.163       4.5132
 -93.963  226.023       4.5132
 -93.963  229.883       4.5132
 -93.963  233.742       4.5132
 -93.963  237.602       4.5132
 -93.963  241.462       4.5132
 -93.963  245.322       4.5132
 -93.963  249.182       4.5132
 -93.963  253.042       4.5132
 -93.963  256.902       4.5132
 -93.963  260.762       4.5132
 -90.895 -121.372       4.5132
 -90.895 -117.512       4.5132
 -90.895 -113.652       4.5132
 -90.895 -109.792       4.5132
 -90.895 -105.932       4.5132
 -90.895 -102.072       4.5132
 -90.895  -98.212       4.5132
 -90.895  -94.352       4.5132
 -90.895  -90.492       4.5132
 -90.895  -86.633       4.5132
 -90.895  -82.773       4.5132
 -90.895  -78.913       4.5132
 -90.895  -75.053       4.5132
 -90.895  -71.193       4.5132
 -90.895  -67.333       4.5132
 -90.895  -63.473       4.5132
 -90.895  -59.613       4.5132
 -90.895  -55.753       4.5132
 -90.895  -51.893       4.5132
 -90.895  -48.033       4.5132
 -90.895  -44.173       4.5132
 -90.895  -40.313       4.5132
 -90.895  -36.453       4.5132
 -90.895  -32.593       4.5132
 -90.895  -28.733       4.5132
 -90.895  -24.873       4.5132
 -90.895  -21.014       4.5132
 -90.895  -17.154       4.5132
 -90.895  -13.294       4.5132
 -90.895   -9.434       4.5132
 -90.895   -5.574       4.5132
 -90.895   -1.714       4.5132
 -90.895    2.146       4.5132
 -90.895    6.006       4.5132
 -90.895    9.866       4.5132
 -90.895   13.726       4.5132
 -90.895   17.586       4.5132
 -90.895   21.446       4.5132
 -90.895   25.306       4.5132
 -90.895   29.166       4.5132
 -90.895   33.026       4.5132
 -90.895   36.886       4.5132
 -90.895   40.745       4.5132
 -90.895   44.605       4.5132
 -90.895   48.465       4.5132
 -90.895   52.325       4.5132
 -90.895   56.185       4.5132
 -90.895   60.045       4.5132
 -90.895   63.905       4.5132
 -90.895   67.765       4.5132
 -90.895   71.625       4.5132
 -90.895   75.485       4.5132
 -90.895   79.345       4.5132
 -90.895   83.205       4.5132
 -90.895   87.065       4.5132
 -90.895   90.925       4.5132
 -90.895   94.785       4.5132
 -90.895   98.645       4.5132
 -90.895  102.505       4.5132
 -90.895  106.364       4.5132
 -90.895  110.224       4.5132
 -90.895  114.084       2.5267
 -90.895  117.944       0.8131
 -90.895  121.804      -0.0000
 -90.895  125.664       0.1502
 -90.895  129.524       0.8477
 -90.895  133.384       1.2977
 -90.895  137.244       0.9910
 -90.895  141.104       1.0744
 -90.895  144.964       1.7002
 -90.895  148.824       2.6186
 -90.895  152.684       4.5132
 -90.895  156.544       4.5132
 -90.895  160.404       4.5132
 -90.895  164.264       4.5132
 -90.895  168.124       4.5132
 -90.895  171.983       4.5132
 -90.895  175.843       4.1000
 -90.895  179.703       2.6704
 -90.895  183.563       1.9636
 -90.895  187.423       2.0925
 -90.895  191.283       2.1134
 -90.895  195.143       2.0925
 -90.895  199.003       1.6206
 -90.895  202.863       1.4876
 -90.895  206.723       1.4108
 -90.895  210.583       1.7219
 -90.895  214.443       2.2572
 -90.895  218.303       2.4855
 -90.895  222.163       4.5132
 -90.895  226.023       4.5132
 -90.895  229.883       4.5132
 -90.895  233.742       4.5132
 -90.895  237.602       4.5132
 -90.895  241.462       4.5132
 -90.895  245.322       4.5132
 -90.895  249.182       4.5132
 -90.895  253.042       4.5132
 -90.895  256.902       4.5132
 -90.895  260.762       4.5132
 -87.826 -121.372       4.5132
 -87.826 -117.512       4.5132
 -87.826 -113.652       4.5132
 -87.826 -109.792       4.5132
 -87.826 -105.932       4.5132
 -87.826 -102.072       4.5132
 -87.826  -98.212       4.5132
 -87.826  -94.352       4.5132
 -87.826  -90.492       4.5132
 -87.826  -86.633       4.5132
 -87.826  -82.773       4.5132
 -87.826  -78.913       4.5132
 -87.826  -75.053       4.5132
 -87.826  -71.193       4.5132
 -87.826  -67.333       4.5132
 -87.826  -63.473       4.5132
 -87.826  -59.613       4.5132
 -87.826  -55.753       4.5132
 -87.826  -51.893       4.5132
 -87.826  -48.033       4.5132
 -87.826  -44.173       4.5132
 -87.826  -40.313       4.5132
 -87.826  -36.453       4.5132
 -87.826  -32.593       4.5132
 -87.826  -28.733       4.5132
 -87.826  -24.873       4.5132
 -87.826  -21.014       4.5132
 -87.826  -17.154       4.5132
 -87.826  -13.294       4.5132
 -87.826   -9.434       4.5132
 -87.826   -5.574       4.5132
 -87.826   -1.714       4.5132
 -87.826    2.146       4.5132
 -87.826    6.006       4.5132
 -87.826    9.866       4.5132
 -87.826   13.726       4.5132
 -87.826   17.586       4.5132
 -87.826   21.446       4.5132
 -87.826   25.306       4.5132
 -87.826   29.166       4.5132
 -87.826   33.026       4.5132
 -87.826   36.886       4.5132
 -87.826   40.745       4.5132
 -87.826   44.605       4.5132
 -87.826   48.465       4.5132
 -87.826   52.325       4.5132
 -87.826   56.185       4.5132
 -87.826   60.045       4.5132
 -87.826   63.905       4.5132
 -87.826   67.765       4.5132
 -87.826   71.625       4.5132
 -87.826   75.485       4.5132
 -87.826   79.345       4.5132
 -87.826   83.205       4.5132
 -87.826   87.065       4.5132
 -87.826   90.925       4.5132
 -87.826   94.785       4.5132
 -87.826   98.645       4.5132
 -87.826  102.505       4.5132
 -87.826  106.364       4.5132
 -87.826  110.224       4.5132
 -87.826  114.084       2.0528
 -87.826  117.944       0.6667
 -87.826  121.804       0.1478
 -87.826  125.664       0.2260
 -87.826  129.524       1.0108
 -87.826  133.384       1.6114
 -87.826  137.244       1.1712
 -87.826  141.104       1.5672
 -87.826  144.964       2.0338
 -87.826  148.824       3.6867
 -87.826  152.684       4.5132
 -87.826  156.544       4.5132
 -87.826  160.404       4.5132
 -87.826  164.264       4.5132
 -87.826  168.124       4.5132
 -87.826  171.983       4.5132
 -87.826  175.843       4.5132
 -87.826  179.703       4.5132
 -87.826  183.563       3.2735
 -87.826  187.423       2.4855
 -87.826  191.283       3.0318
 -87.826  195.143       1.9473
 -87.826  199.003       1.5504
 -87.826  202.863       1.5672
 -87.826  206.723       1.6793
 -87.826  210.583       1.6206
 -87.826  214.443       1.9977
 -87.826  218.303       2.6186
 -87.826  222.163       3.2735
 -87.826  226.023       4.5132
 -87.826  229.883       4.5132
 -87.826  233.742       4.5132
 -87.826  237.602       4.5132
 -87.826  241.462       4.5132
 -87.826  245.322       4.5132
 -87.826  249.182       4.5132
 -87.826  253.042       4.5132
 -87.826  256.902       4.5132
 -87.826  260.762       4.5132
 -84.757 -121.372       4.5132
 -84.757 -117.512       4.5132
 -84.757 -113.652       4.5132
 -84.757 -109.792       4.5132
 -84.757 -105.932       4.5132
 -84.757 -102.072       4.5132
 -84.757  -98.212       4.5132
 -84.757  -94.352       4.5132
 -84.757  -90.492       4.5132
 -84.757  -86.633       4.5132
 -84.757  -82.773       4.5132
 -84.757  -78.913       4.5132
 -84.757  -75.053       4.5132
 -84.757  -71.193       4.5132
 -84.757  -67.333       4.5132
 -84.757  -63.473       4.5132
 -84.757  -59.613       4.5132
 -84.757  -55.753       4.5132
 -84.757  -51.893       4.5132
 -84.757  -48.033       4.5132
 -84.757  -44.173       4.5132
 -84.757  -40.313       4.5132
 -84.757  -36.453       4.5132
 -84.757  -32.593       4.5132
 -84.757  -28.733       4.5132
 -84.757  -24.873       4.5132
 -84.757  -21.014       4.5132
 -84.757  -17.154       4.5132
 -84.757  -13.294       4.5132
 -84.757   -9.434       4.5132
 -84.757   -5.574       4.5132
 -84.757   -1.714       4.5132
 -84.757    2.146       4.5132
 -84.757    6.006       4.5132
 -84.757    9.866       4.5132
 -84.757   13.726       4.5132
 -84.757   17.586       4.5132
 -84.757   21.446       4.5132
 -84.757   25.306       4.5132
 -84.757   29.166       4.5132
 -84.757   33.026       4.5132
 -84.757   36.886       4.5132
 -84.757   40.745       4.5132
 -84.757   44.605       4.5132
 -84.757   48.465       4.5132
 -84.757   52.325       4.5132
 -84.757   56.185       4.5132
 -84.757   60.045       4.5132
 -84.757   63.905       4.5132
 -84.757   67.765       4.5132
 -84.757   71.625       4.5132
 -84.757   75.485       4.5132
 -84.757   79.345       4.5132
 -84.757   83.205       4.5132
 -84.757   87.065       4.5132
 -84.757   90.925       4.5132
 -84.757   94.785       4.5132
 -84.757   98.645       4.5132
 -84.757  102.505       4.5132
 -84.757  106.364       4.5132
 -84.757  110.224       4.1000
 -84.757  114.084       2.0723
 -84.757  117.944       0.8326
 -84.757  121.804       0.3045
 -84.757  125.664       0.4182
 -84.757  129.524       1.3978
 -84.757  133.384       1.8440
 -84.757  137.244       1.3978
 -84.757  141.104       1.6793
 -84.757  144.964       2.2572
 -84.757  148.824       4.1000
 -84.757  152.684       4.5132
 -84.757  156.544       4.5132
 -84.757  160.404       4.5132
 -84.757  164.264       4.5132
 -84.757  168.124       4.5132
 -84.757  171.983       4.5132
 -84.757  175.843       4.5132
 -84.757  179.703       4.5132
 -84.757  183.563       4.5132
 -84.757  187.423       3.1405
 -84.757  191.283       3.0318
 -84.757  195.143       2.1351
 -84.757  199.003       1.3666
 -84.757  202.863       1.6300
 -84.757  206.723       1.6206
 -84.757  210.583       1.5933
 -84.757  214.443       2.2053
 -84.757  218.303       2.3140
 -84.757  222.163       3.2735
 -84.757  226.023       2.9399
 -84.757  229.883       4.5132
 -84.757  233.742       4.5132
 -84.757  237.602       4.5132
 -84.757  241.462       4.5132
 -84.757  245.322       4.5132
 -84.757  249.182       4.5132
 -84.757  253.042       4.5132
 -84.757  256.902       4.5132
 -84.757  260.762       4.5132
 -81.689 -121.372       4.5132
 -81.689 -117.512       4.5132
 -81.689 -113.652       4.5132
 -81.689 -109.792       4.5132
 -81.689 -105.932       4.5132
 -81.689 -102.072       4.5132
 -81.689  -98.212       4.5132
 -81.689  -94.352       4.5132
 -81.689  -90.492       4.5132
 -81.689  -86.633       4.5132
 -81.689  -82.773       4.5132
 -81.689  -78.913       4.5132
 -81.689  -75.053       4.5132
 -81.689  -71.193       4.5132
 -81.689  -67.333       4.5132
 -81.689  -63.473       4.5132
 -81.689  -59.613       4.5132
 -81.689  -55.753       4.5132
 -81.689  -51.893       4.5132
 -81.689  -48.033       4.5132
 -81.689  -44.173       4.5132
 -81.689  -40.313       4.5132
 -81.689  -36.453       4.5132
 -81.689  -32.593       4.5132
 -81.689  -28.733       4.5132
 -81.689  -24.873       4.5132
 -81.689  -21.014       4.5132
 -81.689  -17.154       4.5132
 -81.689  -13.294       4.5132
 -81.689   -9.434       4.5132
 -81.689   -5.574       4.5132
 -81.689   -1.714       4.5132
 -81.689    2.146       4.5132
 -81.689    6.006       4.5132
 -81.689    9.866       4.5132
 -81.689   13.726       4.5132
 -81.689   17.586       4.5132
 -81.689   21.446       4.5132
 -81.689   25.306       4.5132
 -81.689   29.166       4.5132
 -81.689   33.026       4.5132
 -81.689   36.886       4.5132
 -81.689   40.745       4.5132
 -81.689   44.605       4.5132
 -81.689   48.465       4.5132
 -81.689   52.325       4.5132
 -81.689   56.185       4.5132
 -81.689   60.045       4.5132
 -81.689   63.905       4.5132
 -81.689   67.765       4.5132
 -81.689   71.625       4.5132
 -81.689   75.485       4.5132
 -81.689   79.345       4.5132
 -81.689   83.205       4.5132
 -81.689   87.065       4.5132
 -81.689   90.925       4.5132
 -81.689   94.785       4.5132
 -81.689   98.645       4.5132
 -81.689  102.505       4.5132
 -81.689  106.364       4.5132
 -81.689  110.224       3.6867
 -81.689  114.084       2.5709
 -81.689  117.944       1.0075
 -81.689  121.804       0.5860
 -81.689  125.664       0.6094
 -81.689  129.524       1.6300
 -81.689  133.384       2.2053
 -81.689  137.244       2.1576
 -81.689  141.104       2.2053
 -81.689  144.964       2.6704
 -81.689  148.824       4.5132
 -81.689  152.684       4.5132
 -81.689  156.544       4.5132
 -81.689  160.404       4.5132
 -81.689  164.264       4.5132
 -81.689  168.124       4.5132
 -81.689  171.983       4.5132
 -81.689  175.843       4.5132
 -81.689  179.703       4.5132
 -81.689  183.563       4.5132
 -81.689  187.423       4.1000
 -81.689  191.283       2.7901
 -81.689  195.143       1.8861
 -81.689  199.003       1.6492
 -81.689  202.863       1.6395
 -81.689  206.723       1.5672
 -81.689  210.583       2.0528
 -81.689  214.443       2.6186
 -81.689  218.303       1.9473
 -81.689  222.163       2.7273
 -81.689  226.023       2.2307
 -81.689  229.883       3.6867
 -81.689  233.742       4.5132
 -81.689  237.602       4.5132
 -81.689  241.462       4.5132
 -81.689  245.322       4.5132
 -81.689  249.182       4.5132
 -81.689  253.042       4.5132
 -81.689  256.902       4.5132
 -81.689  260.762       4.5132
 -78.620 -121.372       4.5132
 -78.620 -117.512       4.5132
 -78.620 -113.652       4.5132
 -78.620 -109.792       4.5132
 -78.620 -105.932       4.5132
 -78.620 -102.072       4.5132
 -78.620  -98.212       4.5132
 -78.620  -94.352       4.5132
 -78.620  -90.492       4.5132
 -78.620  -86.633       4.5132
 -78.620  -82.773       4.5132
 -78.620  -78.913       4.5132
 -78.620  -75.053       4.5132
 -78.620  -71.193       4.5132
 -78.620  -67.333       4.5132
 -78.620  -63.473       4.5132
 -78.620  -59.613       4.5132
 -78.620  -55.753       4.5132
 -78.620  -51.893       4.5132
 -78.620  -48.033       4.5132
 -78.620  -44.173       4.5132
 -78.620  -40.313       4.5132
 -78.620  -36.453       4.5132
 -78.620  -32.593       4.5132
 -78.620  -28.733       4.5132
 -78.620  -24.873       4.5132
 -78.620  -21.014       4.5132
 -78.620  -17.154       4.5132
 -78.620  -13.294       4.5132
 -78.620   -9.434       4.5132
 -78.620   -5.574       4.5132
 -78.620   -1.714       4.5132
 -78.620    2.146       4.5132
 -78.620    6.006       4.5132
 -78.620    9.866       4.5132
 -78.620   13.726       4.5132
 -78.620   17.586       4.5132
 -78.620   21.446       4.5132
 -78.620   25.306       4.5132
 -78.620   29.166       4.5132
 -78.620   33.026       4.5132
 -78.620   36.886       4.5132
 -78.620   40.745       4.5132
 -78.620   44.605       4.5132
 -78.620   48.465       4.5132
 -78.620   52.325       4.5132
 -78.620   56.185       4.5132
 -78.620   60.045       4.5132
 -78.620   63.905       4.5132
 -78.620   67.765       4.5132
 -78.620   71.625       4.5132
 -78.620   75.485       4.5132
 -78.620   79.345       4.5132
 -78.620   83.205       4.5132
 -78.620   87.065       4.5132
 -78.620   90.925       4.5132
 -78.620   94.785       4.5132
 -78.620   98.645       4.5132
 -78.620  102.505       4.5132
 -78.620  106.364       4.5132
 -78.620  110.224       3.6867
 -78.620  114.084       1.9804
 -78.620  117.944       1.1981
 -78.620  121.804       0.6267
 -78.620  125.664       0.7781
 -78.620  129.524       1.7219
 -78.620  133.384       2.8603
 -78.620  137.244       3.2735
 -78.620  141.104       2.8603
 -78.620  144.964       3.4450
 -78.620  148.824       4.5132
 -78.620  152.684       4.5132
 -78.620  156.544       4.5132
 -78.620  160.404       4.5132
 -78.620  164.264       4.5132
 -78.620  168.124       4.5132
 -78.620  171.983       4.5132
 -78.620  175.843       4.5132
 -78.620  179.703       4.5132
 -78.620  183.563       4.5132
 -78.620  187.423       3.6867
 -78.620  191.283       2.2850
 -78.620  195.143       1.9636
 -78.620  199.003       1.6023
 -78.620  202.863       1.8577
 -78.620  206.723       1.9636
 -78.620  210.583       2.0723
 -78.620  214.443       2.3768
 -78.620  218.303       2.4855
 -78.620  222.163       2.5709
 -78.620  226.023       3.0318
 -78.620  229.883       4.5132
 -78.620  233.742       4.5132
 -78.620  237.602       4.5132
 -78.620  241.462       4.5132
 -78.620  245.322       4.5132
 -78.620  249.182       4.5132
 -78.620  253.042       4.5132
 -78.620  256.902       4.5132
 -78.620  260.762       4.5132
 -75.552 -121.372       4.5132
 -75.552 -117.512       4.5132
 -75.552 -113.652       4.5132
 -75.552 -109.792       4.5132
 -75.552 -105.932       4.5132
 -75.552 -102.072       4.5132
 -75.552  -98.212       4.5132
 -75.552  -94.352       4.5132
 -75.552  -90.492       4.5132
 -75.552  -86.633       4.5132
 -75.552  -82.773       4.5132
 -75.552  -78.913       4.5132
 -75.552  -75.053       4.5132
 -75.552  -71.193       4.5132
 -75.552  -67.333       4.5132
 -75.552  -63.473       4.5132
 -75.552  -59.613       4.5132
 -75.552  -55.753       4.5132
 -75.552  -51.893       4.5132
 -75.552  -48.033       4.5132
 -75.552  -44.173       4.5132
 -75.552  -40.313       4.5132
 -75.552  -36.453       4.5132
 -75.552  -32.593       4.5132
 -75.552  -28.733       4.5132
 -75.552  -24.873       4.5132
 -75.552  -21.014       4.5132
 -75.552  -17.154       4.5132
 -75.552  -13.294       4.5132
 -75.552   -9.434       4.5132
 -75.552   -5.574       4.5132
 -75.552   -1.714       4.5132
 -75.552    2.146       4.5132
 -75.552    6.006       4.5132
 -75.552    9.866       4.5132
 -75.552   13.726       4.5132
 -75.552   17.586       4.5132
 -75.552   21.446       4.5132
 -75.552   25.306       4.5132
 -75.552   29.166       4.5132
 -75.552   33.026       4.5132
 -75.552   36.886       4.5132
 -75.552   40.745       4.5132
 -75.552   44.605       4.5132
 -75.552   48.465       4.5132
 -75.552   52.325       4.5132
 -75.552   56.185       4.5132
 -75.552   60.045       4.5132
 -75.552   63.905       4.5132
 -75.552   67.765       4.5132
 -75.552   71.625       4.5132
 -75.552   75.485       4.5132
 -75.552   79.345       4.5132
 -75.552   83.205       4.5132
 -75.552   87.065       4.5132
 -75.552   90.925       4.5132
 -75.552   94.785       4.5132
 -75.552   98.645       4.5132
 -75.552  102.505       4.5132
 -75.552  106.364       4.5132
 -75.552  110.224       3.0318
 -75.552  114.084       1.7219
 -75.552  117.944       1.3427
 -75.552  121.804       0.9384
 -75.552  125.664       1.0175
 -75.552  129.524       1.9159
 -75.552  133.384       4.1000
 -75.552  137.244       4.5132
 -75.552  141.104       3.4450
 -75.552  144.964       4.5132
 -75.552  148.824       4.5132
 -75.552  152.684       4.5132
 -75.552  156.544       4.5132
 -75.552  160.404       4.5132
 -75.552  164.264       4.5132
 -75.552  168.124       4.5132
 -75.552  171.983       4.5132
 -75.552  175.843       4.5132
 -75.552  179.703       4.5132
 -75.552  183.563       4.5132
 -75.552  187.423       3.2735
 -75.552  191.283       2.2572
 -75.552  195.143       1.8861
 -75.552  199.003       1.6591
 -75.552  202.863       1.7002
 -75.552  206.723       1.7798
 -75.552  210.583       2.0925
 -75.552  214.443       2.4471
 -75.552  218.303       2.4471
 -75.552  222.163       2.7901
 -75.552  226.023       4.5132
 -75.552  229.883       4.5132
 -75.552  233.742       4.5132
 -75.552  237.602       4.5132
 -75.552  241.462       4.5132
 -75.552  245.322       4.5132
 -75.552  249.182       4.5132
 -75.552  253.042       4.5132
 -75.552  256.902       4.5132
 -75.552  260.762       4.5132
 -72.483 -121.372       4.5132
 -72.483 -117.512       4.5132
 -72.483 -113.652       4.5132
 -72.483 -109.792       4.5132
 -72.483 -105.932       4.5132
 -72.483 -102.072       4.5132
 -72.483  -98.212       4.5132
 -72.483  -94.352       4.5132
 -72.483  -90.492       4.5132
 -72.483  -86.633       4.5132
 -72.483  -82.773       4.5132
 -72.483  -78.913       4.5132
 -72.483  -75.053       4.5132
 -72.483  -71.193       4.5132
 -72.483  -67.333       4.5132
 -72.483  -63.473       4.5132
 -72.483  -59.613       4.5132
 -72.483  -55.753       4.5132
 -72.483  -51.893       4.5132
 -72.483  -48.033       4.5132
 -72.483  -44.173       4.5132
 -72.483  -40.313       4.5132
 -72.483  -36.453       4.5132
 -72.483  -32.593       4.5132
 -72.483  -28.733       4.5132
 -72.483  -24.873       4.5132
 -72.483  -21.014       4.5132
 -72.483  -17.154       4.5132
 -72.483  -13.294       4.5132
 -72.483   -9.434       4.5132
 -72.483   -5.574       4.5132
 -72.483   -1.714       4.5132
 -72.483    2.146       4.5132
 -72.483    6.006       4.5132
 -72.483    9.866       4.5132
 -72.483   13.726       4.5132
 -72.483   17.586       4.5132
 -72.483   21.446       4.5132
 -72.483   25.306       4.5132
 -72.483   29.166       4.5132
 -72.483   33.026       4.5132
 -72.483   36.886       4.5132
 -72.483   40.745       4.5132
 -72.483   44.605       4.5132
 -72.483   48.465       4.5132
 -72.483   52.325       4.5132
 -72.483   56.185       4.5132
 -72.483   60.045       4.5132
 -72.483   63.905       4.5132
 -72.483   67.765       4.5132
 -72.483   71.625       4.5132
 -72.483   75.485       4.5132
 -72.483   79.345       4.5132
 -72.483   83.205       4.5132
 -72.483   87.065       4.5132
 -72.483   90.925       4.5132
 -72.483   94.785       4.5132
 -72.483   98.645       4.5132
 -72.483  102.505       4.5132
 -72.483  106.364       4.5132
 -72.483  110.224       3.2735
 -72.483  114.084       1.6492
 -72.483  117.944       1.2661
 -72.483  121.804       1.0312
 -72.483  125.664       1.0933
 -72.483  129.524       1.9636
 -72.483  133.384       4.5132
 -72.483  137.244       4.5132
 -72.483  141.104       4.5132
 -72.483  144.964       4.5132
 -72.483  148.824       4.5132
 -72.483  152.684       4.5132
 -72.483  156.544       4.5132
 -72.483  160.404       4.5132
 -72.483  164.264       4.5132
 -72.483  168.124       4.5132
 -72.483  171.983       4.5132
 -72.483  175.843       4.5132
 -72.483  179.703       4.5132
 -72.483  183.563       4.5132
 -72.483  187.423       4.5132
 -72.483  191.283       3.1405
 -72.483  195.143       2.2572
 -72.483  199.003       1.9804
 -72.483  202.863       1.7219
 -72.483  206.723       1.8440
 -72.483  210.583       1.7110
 -72.483  214.443       2.3140
 -72.483  218.303       2.1134
 -72.483  222.163       3.4450
 -72.483  226.023       4.5132
 -72.483  229.883       4.5132
 -72.483  233.742       4.5132
 -72.483  237.602       4.5132
 -72.483  241.462       4.5132
 -72.483  245.322       4.5132
 -72.483  249.182       4.5132
 -72.483  253.042       4.5132
 -72.483  256.902       4.5132
 -72.483  260.762       4.5132
 -69.414 -121.372       4.5132
 -69.414 -117.512       4.5132
 -69.414 -113.652       4.5132
 -69.414 -109.792       4.5132
 -69.414 -105.932       4.5132
 -69.414 -102.072       4.5132
 -69.414  -98.212       4.5132
 -69.414  -94.352       4.5132
 -69.414  -90.492       4.5132
 -69.414  -86.633       4.5132
 -69.414  -82.773       4.5132
 -69.414  -78.913       4.5132
 -69.414  -75.053       4.5132
 -69.414  -71.193       4.5132
 -69.414  -67.333       4.5132
 -69.414  -63.473       4.5132
 -69.414  -59.613       4.5132
 -69.414  -55.753       4.5132
 -69.414  -51.893       4.5132
 -69.414  -48.033       4.5132
 -69.414  -44.173       4.5132
 -69.414  -40.313       4.5132
 -69.414  -36.453       4.5132
 -69.414  -32.593       4.5132
 -69.414  -28.733       4.5132
 -69.414  -24.873       4.5132
 -69.414  -21.014       4.5132
 -69.414  -17.154       4.5132
 -69.414  -13.294       4.5132
 -69.414   -9.434       4.5132
 -69.414   -5.574       4.5132
 -69.414   -1.714       4.5132
 -69.414    2.146       4.5132
 -69.414    6.006       4.5132
 -69.414    9.866       4.5132
 -69.414   13.726       4.5132
 -69.414   17.586       4.5132
 -69.414   21.446       4.5132
 -69.414   25.306       4.5132
 -69.414   29.166       4.5132
 -69.414   33.026       4.5132
 -69.414   36.886       4.5132
 -69.414   40.745       4.5132
 -69.414   44.605       4.5132
 -69.414   48.465       4.5132
 -69.414   52.325       4.5132
 -69.414   56.185       4.5132
 -69.414   60.045       4.5132
 -69.414   63.905       4.5132
 -69.414   67.765       4.5132
 -69.414   71.625       4.5132
 -69.414   75.485       4.5132
 -69.414   79.345       4.5132
 -69.414   83.205       4.5132
 -69.414   87.065       4.5132
 -69.414   90.925       4.5132
 -69.414   94.785       4.5132
 -69.414   98.645       4.5132
 -69.414  102.505       4.5132
 -69.414  106.364       4.5132
 -69.414  110.224       3.4450
 -69.414  114.084       1.6591
 -69.414  117.944       1.1330
 -69.414  121.804       0.8900
 -69.414  125.664       1.1625
 -69.414  129.524       1.6897
 -69.414  133.384       4.5132
 -69.414  137.244       4.5132
 -69.414  141.104       4.5132
 -69.414  144.964       4.5132
 -69.414  148.824       4.5132
 -69.414  152.684       4.5132
 -69.414  156.544       4.5132
 -69.414  160.404       4.5132
 -69.414  164.264       4.5132
 -69.414  168.124       4.5132
 -69.414  171.983       4.5132
 -69.414  175.843       4.5132
 -69.414  179.703       4.5132
 -69.414  183.563       4.5132
 -69.414  187.423       4.5132
 -69.414  191.283       4.5132
 -69.414  195.143       2.6704
 -69.414  199.003       2.3446
 -69.414  202.863       2.3768
 -69.414  206.723       2.1576
 -69.414  210.583       2.0155
 -69.414  214.443       2.3768
 -69.414  218.303       2.3446
 -69.414  222.163       4.1000
 -69.414  226.023       4.5132
 -69.414  229.883       4.5132
 -69.414  233.742       4.5132
 -69.414  237.602       4.5132
 -69.414  241.462       4.5132
 -69.414  245.322       4.5132
 -69.414  249.182       4.5132
 -69.414  253.042       4.5132
 -69.414  256.902       4.5132
 -69.414  260.762       4.5132
 -66.346 -121.372       4.5132
 -66.346 -117.512       4.5132
 -66.346 -113.652       4.5132
 -66.346 -109.792       4.5132
 -66.346 -105.932       4.5132
 -66.346 -102.072       4.5132
 -66.346  -98.212       4.5132
 -66.346  -94.352       4.5132
 -66.346  -90.492       4.5132
 -66.346  -86.633       4.5132
 -66.346  -82.773       4.5132
 -66.346  -78.913       4.5132
 -66.346  -75.053       4.5132
 -66.346  -71.193       4.5132
 -66.346  -67.333       4.5132
 -66.346  -63.473       4.5132
 -66.346  -59.613       4.5132
 -66.346  -55.753       4.5132
 -66.346  -51.893       4.5132
 -66.346  -48.033       4.5132
 -66.346  -44.173       4.5132
 -66.346  -40.313       4.5132
 -66.346  -36.453       4.5132
 -66.346  -32.593       4.5132
 -66.346  -28.733       4.5132
 -66.346  -24.873       4.5132
 -66.346  -21.014       4.5132
 -66.346  -17.154       4.5132
 -66.346  -13.294       4.5132
 -66.346   -9.434       4.5132
 -66.346   -5.574       4.5132
 -66.346   -1.714       4.5132
 -66.346    2.146       4.5132
 -66.346    6.006       4.5132
 -66.346    9.866       4.5132
 -66.346   13.726       4.5132
 -66.346   17.586       4.5132
 -66.346   21.446       4.5132
 -66.346   25.306       4.5132
 -66.346   29.166       4.5132
 -66.346   33.026       4.5132
 -66.346   36.886       4.5132
 -66.346   40.745       4.5132
 -66.346   44.605       4.5132
 -66.346   48.465       4.5132
 -66.346   52.325       4.5132
 -66.346   56.185       4.5132
 -66.346   60.045       4.5132
 -66.346   63.905       4.5132
 -66.346   67.765       4.5132
 -66.346   71.625       4.5132
 -66.346   75.485       4.5132
 -66.346   79.345       4.5132
 -66.346   83.205       4.5132
 -66.346   87.065       4.5132
 -66.346   90.925       4.5132
 -66.346   94.785       4.5132
 -66.346   98.645       4.5132
 -66.346  102.505       4.5132
 -66.346  106.364       4.5132
 -66.346  110.224       2.7273
 -66.346  114.084       1.5422
 -66.346  117.944       1.0312
 -66.346  121.804       0.6611
 -66.346  125.664       0.8872
 -66.346  129.524       1.5341
 -66.346  133.384       3.4450
 -66.346  137.244       4.5132
 -66.346  141.104       4.5132
 -66.346  144.964       4.5132
 -66.346  148.824       4.5132
 -66.346  152.684       4.5132
 -66.346  156.544       4.5132
 -66.346  160.404       4.5132
 -66.346  164.264       4.5132
 -66.346  168.124       4.5132
 -66.346  171.983       4.5132
 -66.346  175.843       4.5132
 -66.346  179.703       4.5132
 -66.346  183.563       4.5132
 -66.346  187.423       4.5132
 -66.346  191.283       4.5132
 -66.346  195.143       2.7273
 -66.346  199.003       2.0155
 -66.346  202.863       2.2572
 -66.346  206.723       2.8603
 -66.346  210.583       2.2053
 -66.346  214.443       2.7273
 -66.346  218.303       3.1405
 -66.346  222.163       4.5132
 -66.346  226.023       4.5132
 -66.346  229.883       4.5132
 -66.346  233.742       4.5132
 -66.346  237.602       4.5132
 -66.346  241.462       4.5132
 -66.346  245.322       4.5132
 -66.346  249.182       4.5132
 -66.346  253.042       4.5132
 -66.346  256.902       4.5132
 -66.346  260.762       4.5132
 -63.277 -121.372       4.5132
 -63.277 -117.512       4.5132
 -63.277 -113.652       4.5132
 -63.277 -109.792       4.5132
 -63.277 -105.932       4.5132
 -63.277 -102.072       4.5132
 -63.277  -98.212       4.5132
 -63.277  -94.352       4.5132
 -63.277  -90.492       4.5132
 -63.277  -86.633       4.5132
 -63.277  -82.773       4.5132
 -63.277  -78.913       4.5132
 -63.277  -75.053       4.5132
 -63.277  -71.193       4.5132
 -63.277  -67.333       4.5132
 -63.277  -63.473       4.5132
 -63.277  -59.613       4.5132
 -63.277  -55.753       4.5132
 -63.277  -51.893       4.5132
 -63.277  -48.033       4.5132
 -63.277  -44.173       4.5132
 -63.277  -40.313       4.5132
 -63.277  -36.453       4.5132
 -63.277  -32.593       4.5132
 -63.277  -28.733       4.5132
 -63.277  -24.873       4.5132
 -63.277  -21.014       4.5132
 -63.277  -17.154       4.5132
 -63.277  -13.294       4.5132
 -63.277   -9.434       4.5132
 -63.277   -5.574       4.5132
 -63.277   -1.714       4.5132
 -63.277    2.146       4.5132
 -63.277    6.006       4.5132
 -63.277    9.866       4.5132
 -63.277   13.726       4.5132
 -63.277   17.586       4.5132
 -63.277   21.446       4.5132
 -63.277   25.306       4.5132
 -63.277   29.166       4.5132
 -63.277   33.026       4.5132
 -63.277   36.886       4.5132
 -63.277   40.745       4.5132
 -63.277   44.605       4.5132
 -63.277   48.465       4.5132
 -63.277   52.325       4.5132
 -63.277   56.185       4.5132
 -63.277   60.045       4.5132
 -63.277   63.905       4.5132
 -63.277   67.765       4.5132
 -63.277   71.625       4.5132
 -63.277   75.485       4.5132
 -63.277   79.345       4.5132
 -63.277   83.205       4.5132
 -63.277   87.065       4.5132
 -63.277   90.925       4.5132
 -63.277   94.785       4.5132
 -63.277   98.645       4.5132
 -63.277  102.505       4.5132
 -63.277  106.364       4.5132
 -63.277  110.224       2.9399
 -63.277  114.084       1.8175
 -63.277  117.944       1.1168
 -63.277  121.804       0.6501
 -63.277  125.664       0.7137
 -63.277  129.524       1.2977
 -63.277  133.384       2.8603
 -63.277  137.244       4.5132
 -63.277  141.104       4.5132
 -63.277  144.964       4.5132
 -63.277  148.824       4.5132
 -63.277  152.684       4.5132
 -63.277  156.544       4.5132
 -63.277  160.404       4.5132
 -63.277  164.264       4.5132
 -63.277  168.124       4.5132
 -63.277  171.983       4.5132
 -63.277  175.843       4.5132
 -63.277  179.703       4.5132
 -63.277  183.563       4.5132
 -63.277  187.423       4.5132
 -63.277  191.283       4.5132
 -63.277  195.143       2.3446
 -63.277  199.003       1.5104
 -63.277  202.863       1.9473
 -63.277  206.723       3.2735
 -63.277  210.583       2.1351
 -63.277  214.443       2.4471
 -63.277  218.303       3.1405
 -63.277  222.163       4.5132
 -63.277  226.023       4.5132
 -63.277  229.883       4.5132
 -63.277  233.742       4.5132
 -63.277  237.602       4.5132
 -63.277  241.462       4.5132
 -63.277  245.322       4.5132
 -63.277  249.182       4.5132
 -63.277  253.042       4.5132
 -63.277  256.902       4.5132
 -63.277  260.762       4.5132
 -60.209 -121.372       4.5132
 -60.209 -117.512       4.5132
 -60.209 -113.652       4.5132
 -60.209 -109.792       4.5132
 -60.209 -105.932       4.5132
 -60.209 -102.072       4.5132
 -60.209  -98.212       4.5132
 -60.209  -94.352       4.5132
 -60.209  -90.492       4.5132
 -60.209  -86.633       4.5132
 -60.209  -82.773       4.5132
 -60.209  -78.913       4.5132
 -60.209  -75.053       4.5132
 -60.209  -71.193       4.5132
 -60.209  -67.333       4.5132
 -60.209  -63.473       4.5132
 -60.209  -59.613       4.5132
 -60.209  -55.753       4.5132
 -60.209  -51.893       4.5132
 -60.209  -48.033       4.5132
 -60.209  -44.173       4.5132
 -60.209  -40.313       4.5132
 -60.209  -36.453       4.5132
 -60.209  -32.593       4.5132
 -60.209  -28.733       4.5132
 -60.209  -24.873       4.5132
 -60.209  -21.014       4.5132
 -60.209  -17.154       4.5132
 -60.209  -13.294       4.5132
 -60.209   -9.434       4.5132
 -60.209   -5.574       4.5132
 -60.209   -1.714       4.5132
 -60.209    2.146       4.5132
 -60.209    6.006       4.5132
 -60.209    9.866       4.5132
 -60.209   13.726       4.5132
 -60.209   17.586       4.5132
 -60.209   21.446       4.5132
 -60.209   25.306       4.5132
 -60.209   29.166       4.5132
 -60.209   33.026       4.5132
 -60.209   36.886       4.5132
 -60.209   40.745       4.5132
 -60.209   44.605       4.5132
 -60.209   48.465       4.5132
 -60.209   52.325       4.5132
 -60.209   56.185       4.5132
 -60.209   60.045       4.5132
 -60.209   63.905       4.5132
 -60.209   67.765       4.5132
 -60.209   71.625       4.5132
 -60.209   75.485       4.5132
 -60.209   79.345       4.5132
 -60.209   83.205       4.5132
 -60.209   87.065       4.5132
 -60.209   90.925       4.5132
 -60.209   94.785       4.5132
 -60.209   98.645       4.5132
 -60.209  102.505       4.5132
 -60.209  106.364       4.5132
 -60.209  110.224       4.5132
 -60.209  114.084       2.4471
 -60.209  117.944       1.3727
 -60.209  121.804       0.7472
 -60.209  125.664       0.6611
 -60.209  129.524       1.1372
 -60.209  133.384       2.3446
 -60.209  137.244       4.5132
 -60.209  141.104       4.5132
 -60.209  144.964       4.5132
 -60.209  148.824       4.5132
 -60.209  152.684       4.5132
 -60.209  156.544       4.5132
 -60.209  160.404       4.5132
 -60.209  164.264       4.5132
 -60.209  168.124       4.5132
 -60.209  171.983       4.5132
 -60.209  175.843       4.5132
 -60.209  179.703       4.5132
 -60.209  183.563       4.5132
 -60.209  187.423       4.5132
 -60.209  191.283       4.5132
 -60.209  195.143       1.8047
 -60.209  199.003       1.4308
 -60.209  202.863       1.4729
 -60.209  206.723       2.6186
 -60.209  210.583       3.2735
 -60.209  214.443       2.6186
 -60.209  218.303       3.4450
 -60.209  222.163       4.5132
 -60.209  226.023       4.5132
 -60.209  229.883       4.5132
 -60.209  233.742       4.5132
 -60.209  237.602       4.5132
 -60.209  241.462       4.5132
 -60.209  245.322       4.5132
 -60.209  249.182       4.5132
 -60.209  253.042       4.5132
 -60.209  256.902       4.5132
 -60.209  260.762       4.5132
 -57.140 -121.372       4.5132
 -57.140 -117.512       4.5132
 -57.140 -113.652       4.5132
 -57.140 -109.792       4.5132
 -57.140 -105.932       4.5132
 -57.140 -102.072       4.5132
 -57.140  -98.212       4.5132
 -57.140  -94.352       4.5132
 -57.140  -90.492       4.5132
 -57.140  -86.633       4.5132
 -57.140  -82.773       4.5132
 -57.140  -78.913       4.5132
 -57.140  -75.053       4.5132
 -57.140  -71.193       4.5132
 -57.140  -67.333       4.5132
 -57.140  -63.473       4.5132
 -57.140  -59.613       4.5132
 -57.140  -55.753       4.5132
 -57.140  -51.893       4.5132
 -57.140  -48.033       4.5132
 -57.140  -44.173       4.5132
 -57.140  -40.313       4.5132
 -57.140  -36.453       4.5132
 -57.140  -32.593       4.5132
 -57.140  -28.733       4.5132
 -57.140  -24.873       4.5132
 -57.140  -21.014       4.5132
 -57.140  -17.154       4.5132
 -57.140  -13.294       4.5132
 -57.140   -9.434       4.5132
 -57.140   -5.574       4.5132
 -57.140   -1.714       4.5132
 -57.140    2.146       4.5132
 -57.140    6.006       4.5132
 -57.140    9.866       4.5132
 -57.140   13.726       4.5132
 -57.140   17.586       4.5132
 -57.140   21.446       4.5132
 -57.140   25.306       4.5132
 -57.140   29.166       4.5132
 -57.140   33.026       4.5132
 -57.140   36.886       4.5132
 -57.140   40.745       4.5132
 -57.140   44.605       4.5132
 -57.140   48.465       4.5132
 -57.140   52.325       4.5132
 -57.140   56.185       4.5132
 -57.140   60.045       4.5132
 -57.140   63.905       4.5132
 -57.140   67.765       4.5132
 -57.140   71.625       4.5132
 -57.140   75.485       4.5132
 -57.140   79.345       4.5132
 -57.140   83.205       4.5132
 -57.140   87.065       4.5132
 -57.140   90.925       4.5132
 -57.140   94.785       4.5132
 -57.140   98.645       4.5132
 -57.140  102.505       4.5132
 -57.140  106.364       4.5132
 -57.140  110.224       4.5132
 -57.140  114.084       3.2735
 -57.140  117.944       1.7002
 -57.140  121.804       1.0744
 -57.140  125.664       0.7450
 -57.140  129.524       0.9626
 -57.140  133.384       2.2307
 -57.140  137.244       4.5132
 -57.140  141.104       4.5132
 -57.140  144.964       4.5132
 -57.140  148.824       4.5132
 -57.140  152.684       4.5132
 -57.140  156.544       4.5132
 -57.140  160.404       4.5132
 -57.140  164.264       4.5132
 -57.140  168.124       4.5132
 -57.140  171.983       4.5132
 -57.140  175.843       4.5132
 -57.140  179.703       4.5132
 -57.140  183.563       4.5132
 -57.140  187.423       4.5132
 -57.140  191.283       3.6867
 -57.140  195.143       2.1351
 -57.140  199.003       1.5341
 -57.140  202.863       1.6114
 -57.140  206.723       2.9399
 -57.140  210.583       3.0318
 -57.140  214.443       3.0318
 -57.140  218.303       4.1000
 -57.140  222.163       4.1000
 -57.140  226.023       4.5132
 -57.140  229.883       4.5132
 -57.140  233.742       4.5132
 -57.140  237.602       4.5132
 -57.140  241.462       4.5132
 -57.140  245.322       4.5132
 -57.140  249.182       4.5132
 -57.140  253.042       4.5132
 -57.140  256.902       4.5132
 -57.140  260.762       4.5132
 -54.071 -121.372       4.5132
 -54.071 -117.512       4.5132
 -54.071 -113.652       4.5132
 -54.071 -109.792       4.5132
 -54.071 -105.932       4.5132
 -54.071 -102.072       4.5132
 -54.071  -98.212       4.5132
 -54.071  -94.352       4.5132
 -54.071  -90.492       4.5132
 -54.071  -86.633       4.5132
 -54.071  -82.773       4.5132
 -54.071  -78.913       4.5132
 -54.071  -75.053       4.5132
 -54.071  -71.193       4.5132
 -54.071  -67.333       4.5132
 -54.071  -63.473       4.5132
 -54.071  -59.613       4.5132
 -54.071  -55.753       4.5132
 -54.071  -51.893       4.5132
 -54.071  -48.033       4.5132
 -54.071  -44.173       4.5132
 -54.071  -40.313       4.5132
 -54.071  -36.453       4.5132
 -54.071  -32.593       4.5132
 -54.071  -28.733       4.5132
 -54.071  -24.873       4.5132
 -54.071  -21.014       4.5132
 -54.071  -17.154       4.5132
 -54.071  -13.294       4.5132
 -54.071   -9.434       4.5132
 -54.071   -5.574       4.5132
 -54.071   -1.714       4.5132
 -54.071    2.146       4.5132
 -54.071    6.006       4.5132
 -54.071    9.866       4.5132
 -54.071   13.726       4.5132
 -54.071   17.586       4.5132
 -54.071   21.446       4.5132
 -54.071   25.306       4.5132
 -54.071   29.166       4.5132
 -54.071   33.026       4.5132
 -54.071   36.886       4.5132
 -54.071   40.745       4.5132
 -54.071   44.605       4.5132
 -54.071   48.465       4.5132
 -54.071   52.325       4.5132
 -54.071   56.185       4.5132
 -54.071   60.045       4.5132
 -54.071   63.905       4.5132
 -54.071   67.765       4.5132
 -54.071   71.625       4.5132
 -54.071   75.485       4.5132
 -54.071   79.345       4.5132
 -54.071   83.205       4.5132
 -54.071   87.065       4.5132
 -54.071   90.925       4.5132
 -54.071   94.785       4.5132
 -54.071   98.645       4.5132
 -54.071  102.505       4.5132
 -54.071  106.364       4.5132
 -54.071  110.224       4.5132
 -54.071  114.084       4.5132
 -54.071  117.944       2.7273
 -54.071  121.804       1.9314
 -54.071  125.664       1.2263
 -54.071  129.524       0.8872
 -54.071  133.384       1.7002
 -54.071  137.244       3.4450
 -54.071  141.104       4.5132
 -54.071  144.964       4.5132
 -54.071  148.824       4.5132
 -54.071  152.684       4.5132
 -54.071  156.544       4.5132
 -54.071  160.404       4.5132
 -54.071  164.264       4.5132
 -54.071  168.124       4.5132
 -54.071  171.983       4.5132
 -54.071  175.843       4.5132
 -54.071  179.703       4.5132
 -54.071  183.563       4.5132
 -54.071  187.423       4.1000
 -54.071  191.283       3.0318
 -54.071  195.143       2.2053
 -54.071  199.003       1.8717
 -54.071  202.863       2.1576
 -54.071  206.723       3.1405
 -54.071  210.583       3.1405
 -54.071  214.443       4.5132
 -54.071  218.303       4.5132
 -54.071  222.163       4.5132
 -54.071  226.023       4.5132
 -54.071  229.883       4.5132
 -54.071  233.742       4.5132
 -54.071  237.602       4.5132
 -54.071  241.462       4.5132
 -54.071  245.322       4.5132
 -54.071  249.182       4.5132
 -54.071  253.042       4.5132
 -54.071  256.902       4.5132
 -54.071  260.762       4.5132
 -51.003 -121.372       4.5132
 -51.003 -117.512       4.5132
 -51.003 -113.652       4.5132
 -51.003 -109.792       4.5132
 -51.003 -105.932       4.5132
 -51.003 -102.072       4.5132
 -51.003  -98.212       4.5132
 -51.003  -94.352       4.5132
 -51.003  -90.492       4.5132
 -51.003  -86.633       4.5132
 -51.003  -82.773       4.5132
 -51.003  -78.913       4.5132
 -51.003  -75.053       4.5132
 -51.003  -71.193       4.5132
 -51.003  -67.333       4.5132
 -51.003  -63.473       4.5132
 -51.003  -59.613       4.5132
 -51.003  -55.753       4.5132
 -51.003  -51.893       4.5132
 -51.003  -48.033       4.5132
 -51.003  -44.173       4.5132
 -51.003  -40.313       4.5132
 -51.003  -36.453       4.5132
 -51.003  -32.593       4.5132
 -51.003  -28.733       4.5132
 -51.003  -24.873       4.5132
 -51.003  -21.014       4.5132
 -51.003  -17.154       4.5132
 -51.003  -13.294       4.5132
 -51.003   -9.434       4.5132
 -51.003   -5.574       4.5132
 -51.003   -1.714       4.5132
 -51.003    2.146       4.5132
 -51.003    6.006       4.5132
 -51.003    9.866       4.5132
 -51.003   13.726       4.5132
 -51.003   17.586       4.5132
 -51.003   21.446       4.5132
 -51.003   25.306       4.5132
 -51.003   29.166       4.5132
 -51.003   33.026       4.5132
 -51.003   36.886       4.5132
 -51.003   40.745       4.5132
 -51.003   44.605       4.5132
 -51.003   48.465       4.5132
 -51.003   52.325       4.5132
 -51.003   56.185       4.5132
 -51.003   60.045       4.5132
 -51.003   63.905       4.5132
 -51.003   67.765       4.5132
 -51.003   71.625       4.5132
 -51.003   75.485       4.5132
 -51.003   79.345       4.5132
 -51.003   83.205       4.5132
 -51.003   87.065       4.5132
 -51.003   90.925       4.5132
 -51.003   94.785       4.5132
 -51.003   98.645       4.5132
 -51.003  102.505       4.5132
 -51.003  106.364       4.5132
 -51.003  110.224       4.5132
 -51.003  114.084       4.5132
 -51.003  117.944       4.5132
 -51.003  121.804       3.1405
 -51.003  125.664       1.7921
 -51.003  129.524       1.2409
 -51.003  133.384       1.6691
 -51.003  137.244       2.7901
 -51.003  141.104       4.5132
 -51.003  144.964       4.5132
 -51.003  148.824       4.5132
 -51.003  152.684       4.5132
 -51.003  156.544       4.5132
 -51.003  160.404       4.5132
 -51.003  164.264       4.5132
 -51.003  168.124       4.5132
 -51.003  171.983       4.5132
 -51.003  175.843       4.5132
 -51.003  179.703       4.5132
 -51.003  183.563       4.5132
 -51.003  187.423       4.1000
 -51.003  191.283       2.5267
 -51.003  195.143       2.1810
 -51.003  199.003       2.7901
 -51.003  202.863       2.5709
 -51.003  206.723       3.0318
 -51.003  210.583       4.5132
 -51.003  214.443       4.5132
 -51.003  218.303       4.5132
 -51.003  222.163       4.5132
 -51.003  226.023       4.5132
 -51.003  229.883       4.5132
 -51.003  233.742       4.5132
 -51.003  237.602       4.5132
 -51.003  241.462       4.5132
 -51.003  245.322       4.5132
 -51.003  249.182       4.5132
 -51.003  253.042       4.5132
 -51.003  256.902       4.5132
 -51.003  260.762       4.5132
 -47.934 -121.372       4.5132
 -47.934 -117.512       4.5132
 -47.934 -113.652       4.5132
 -47.934 -109.792       4.5132
 -47.934 -105.932       4.5132
 -47.934 -102.072       4.5132
 -47.934  -98.212       4.5132
 -47.934  -94.352       4.5132
 -47.934  -90.492       4.5132
 -47.934  -86.633       4.5132
 -47.934  -82.773       4.5132
 -47.934  -78.913       4.5132
 -47.934  -75.053       4.5132
 -47.934  -71.193       4.5132
 -47.934  -67.333       4.5132
 -47.934  -63.473       4.5132
 -47.934  -59.613       4.5132
 -47.934  -55.753       4.5132
 -47.934  -51.893       4.5132
 -47.934  -48.033       4.5132
 -47.934  -44.173       4.5132
 -47.934  -40.313       4.5132
 -47.934  -36.453       4.5132
 -47.934  -32.593       4.5132
 -47.934  -28.733       4.5132
 -47.934  -24.873       4.5132
 -47.934  -21.014       4.5132
 -47.934  -17.154       4.5132
 -47.934  -13.294       4.5132
 -47.934   -9.434       4.5132
 -47.934   -5.574       4.5132
 -47.934   -1.714       4.5132
 -47.934    2.146       4.5132
 -47.934    6.006       4.5132
 -47.934    9.866       4.5132
 -47.934   13.726       4.5132
 -47.934   17.586       4.5132
 -47.934   21.446       4.5132
 -47.934   25.306       4.5132
 -47.934   29.166       4.5132
 -47.934   33.026       4.5132
 -47.934   36.886       4.5132
 -47.934   40.745       4.5132
 -47.934   44.605       4.5132
 -47.934   48.465       4.5132
 -47.934   52.325       4.5132
 -47.934   56.185       4.5132
 -47.934   60.045       4.5132
 -47.934   63.905       4.5132
 -47.934   67.765       4.5132
 -47.934   71.625       4.5132
 -47.934   75.485       4.5132
 -47.934   79.345       4.5132
 -47.934   83.205       4.5132
 -47.934   87.065       4.5132
 -47.934   90.925       4.5132
 -47.934   94.785       4.5132
 -47.934   98.645       4.5132
 -47.934  102.505       4.5132
 -47.934  106.364       4.5132
 -47.934  110.224       4.5132
 -47.934  114.084       4.5132
 -47.934  117.944       4.5132
 -47.934  121.804       4.1000
 -47.934  125.664       2.5267
 -47.934  129.524       1.9159
 -47.934  133.384       2.2572
 -47.934  137.244       3.1405
 -47.934  141.104       4.5132
 -47.934  144.964       4.5132
 -47.934  148.824       4.5132
 -47.934  152.684       4.5132
 -47.934  156.544       4.5132
 -47.934  160.404       4.5132
 -47.934  164.264       4.5132
 -47.934  168.124       4.5132
 -47.934  171.983       4.5132
 -47.934  175.843       4.5132
 -47.934  179.703       4.5132
 -47.934  183.563       4.5132
 -47.934  187.423       3.0318
 -47.934  191.283       1.9804
 -47.934  195.143       2.1810
 -47.934  199.003       2.8603
 -47.934  202.863       3.2735
 -47.934  206.723       4.5132
 -47.934  210.583       4.5132
 -47.934  214.443       4.5132
 -47.934  218.303       4.5132
 -47.934  222.163       4.5132
 -47.934  226.023       4.5132
 -47.934  229.883       4.5132
 -47.934  233.742       4.5132
 -47.934  237.602       4.5132
 -47.934  241.462       4.5132
 -47.934  245.322       4.5132
 -47.934  249.182       4.5132
 -47.934  253.042       4.5132
 -47.934  256.902       4.5132
 -47.934  260.762       4.5132
 -44.866 -121.372       4.5132
 -44.866 -117.512       4.5132
 -44.866 -113.652       4.5132
 -44.866 -109.792       4.5132
 -44.866 -105.932       4.5132
 -44.866 -102.072       4.5132
 -44.866  -98.212       4.5132
 -44.866  -94.352       4.5132
 -44.866  -90.492       4.5132
 -44.866  -86.633       4.5132
 -44.866  -82.773       4.5132
 -44.866  -78.913       4.5132
 -44.866  -75.053       4.5132
 -44.866  -71.193       4.5132
 -44.866  -67.333       4.5132
 -44.866  -63.473       4.5132
 -44.866  -59.613       4.5132
 -44.866  -55.753       4.5132
 -44.866  -51.893       4.5132
 -44.866  -48.033       4.5132
 -44.866  -44.173       4.5132
 -44.866  -40.313       4.5132
 -44.866  -36.453       4.5132
 -44.866  -32.593       4.5132
 -44.866  -28.733       4.5132
 -44.866  -24.873       4.5132
 -44.866  -21.014       4.5132
 -44.866  -17.154       4.5132
 -44.866  -13.294       4.5132
 -44.866   -9.434       4.5132
 -44.866   -5.574       4.5132
 -44.866   -1.714       4.5132
 -44.866    2.146       4.5132
 -44.866    6.006       4.5132
 -44.866    9.866       4.5132
 -44.866   13.726       4.5132
 -44.866   17.586       4.5132
 -44.866   21.446       4.5132
 -44.866   25.306       4.5132
 -44.866   29.166       4.5132
 -44.866   33.026       4.5132
 -44.866   36.886       4.5132
 -44.866   40.745       4.5132
 -44.866   44.605       4.5132
 -44.866   48.465       4.5132
 -44.866   52.325       4.5132
 -44.866   56.185       4.5132
 -44.866   60.045       4.5132
 -44.866   63.905       4.5132
 -44.866   67.765       4.5132
 -44.866   71.625       4.5132
 -44.866   75.485       4.5132
 -44.866   79.345       4.5132
 -44.866   83.205       4.5132
 -44.866   87.065       4.5132
 -44.866   90.925       4.5132
 -44.866   94.785       4.5132
 -44.866   98.645       4.5132
 -44.866  102.505       4.5132
 -44.866  106.364       4.5132
 -44.866  110.224       4.5132
 -44.866  114.084       4.5132
 -44.866  117.944       4.5132
 -44.866  121.804       4.5132
 -44.866  125.664       2.7273
 -44.866  129.524       2.1134
 -44.866  133.384       2.5267
 -44.866  137.244       4.5132
 -44.866  141.104       4.5132
 -44.866  144.964       4.5132
 -44.866  148.824       4.5132
 -44.866  152.684       4.5132
 -44.866  156.544       4.5132
 -44.866  160.404       4.5132
 -44.866  164.264       4.5132
 -44.866  168.124       4.5132
 -44.866  171.983       4.5132
 -44.866  175.843       4.5132
 -44.866  179.703       4.5132
 -44.866  183.563       4.5132
 -44.866  187.423       2.3446
 -44.866  191.283       1.9159
 -44.866  195.143       2.4109
 -44.866  199.003       2.5709
 -44.866  202.863       4.5132
 -44.866  206.723       4.5132
 -44.866  210.583       4.5132
 -44.866  214.443       4.5132
 -44.866  218.303       4.5132
 -44.866  222.163       4.5132
 -44.866  226.023       4.5132
 -44.866  229.883       4.5132
 -44.866  233.742       4.5132
 -44.866  237.602       4.5132
 -44.866  241.462       4.5132
 -44.866  245.322       4.5132
 -44.866  249.182       4.5132
 -44.866  253.042       4.5132
 -44.866  256.902       4.5132
 -44.866  260.762       4.5132
 -41.797 -121.372       4.5132
 -41.797 -117.512       4.5132
 -41.797 -113.652       4.5132
 -41.797 -109.792       4.5132
 -41.797 -105.932       4.5132
 -41.797 -102.072       4.5132
 -41.797  -98.212       4.5132
 -41.797  -94.352       4.5132
 -41.797  -90.492       4.5132
 -41.797  -86.633       4.5132
 -41.797  -82.773       4.5132
 -41.797  -78.913       4.5132
 -41.797  -75.053       4.5132
 -41.797  -71.193       4.5132
 -41.797  -67.333       4.5132
 -41.797  -63.473       4.5132
 -41.797  -59.613       4.5132
 -41.797  -55.753       4.5132
 -41.797  -51.893       4.5132
 -41.797  -48.033       4.5132
 -41.797  -44.173       4.5132
 -41.797  -40.313       4.5132
 -41.797  -36.453       4.5132
 -41.797  -32.593       4.5132
 -41.797  -28.733       4.5132
 -41.797  -24.873       4.5132
 -41.797  -21.014       4.5132
 -41.797  -17.154       4.5132
 -41.797  -13.294       4.5132
 -41.797   -9.434       4.5132
 -41.797   -5.574       4.5132
 -41.797   -1.714       4.5132
 -41.797    2.146       4.5132
 -41.797    6.006       4.5132
 -41.797    9.866       4.5132
 -41.797   13.726       4.5132
 -41.797   17.586       4.5132
 -41.797   21.446       4.5132
 -41.797   25.306       4.5132
 -41.797   29.166       4.5132
 -41.797   33.026       4.5132
 -41.797   36.886       4.5132
 -41.797   40.745       4.5132
 -41.797   44.605       4.5132
 -41.797   48.465       4.5132
 -41.797   52.325       4.5132
 -41.797   56.185       4.5132
 -41.797   60.045       4.5132
 -41.797   63.905       4.5132
 -41.797   67.765       4.5132
 -41.797   71.625       4.5132
 -41.797   75.485       4.5132
 -41.797   79.345       4.5132
 -41.797   83.205       4.5132
 -41.797   87.065       4.5132
 -41.797   90.925       4.5132
 -41.797   94.785       4.5132
 -41.797   98.645       4.5132
 -41.797  102.505       4.5132
 -41.797  106.364       4.5132
 -41.797  110.224       4.5132
 -41.797  114.084       4.5132
 -41.797  117.944       4.5132
 -41.797  121.804       4.5132
 -41.797  125.664       3.1405
 -41.797  129.524       3.1405
 -41.797  133.384       4.5132
 -41.797  137.244       4.5132
 -41.797  141.104       4.5132
 -41.797  144.964       4.5132
 -41.797  148.824       4.5132
 -41.797  152.684       4.5132
 -41.797  156.544       4.5132
 -41.797  160.404       4.5132
 -41.797  164.264       4.5132
 -41.797  168.124       4.5132
 -41.797  171.983       4.5132
 -41.797  175.843       4.5132
 -41.797  179.703       4.5132
 -41.797  183.563       3.4450
 -41.797  187.423       2.3768
 -41.797  191.283       2.1134
 -41.797  195.143       3.1405
 -41.797  199.003       3.2735
 -41.797  202.863       4.1000
 -41.797  206.723       4.5132
 -41.797  210.583       4.5132
 -41.797  214.443       4.5132
 -41.797  218.303       4.5132
 -41.797  222.163       4.5132
 -41.797  226.023       4.5132
 -41.797  229.883       4.5132
 -41.797  233.742       4.5132
 -41.797  237.602       4.5132
 -41.797  241.462       4.5132
 -41.797  245.322       4.5132
 -41.797  249.182       4.5132
 -41.797  253.042       4.5132
 -41.797  256.902       4.5132
 -41.797  260.762       4.5132
 -38.728 -121.372       4.5132
 -38.728 -117.512       4.5132
 -38.728 -113.652       4.5132
 -38.728 -109.792       4.5132
 -38.728 -105.932       4.5132
 -38.728 -102.072       4.5132
 -38.728  -98.212       4.5132
 -38.728  -94.352       4.5132
 -38.728  -90.492       4.5132
 -38.728  -86.633       4.5132
 -38.728  -82.773       4.5132
 -38.728  -78.913       4.5132
 -38.728  -75.053       4.5132
 -38.728  -71.193       4.5132
 -38.728  -67.333       4.5132
 -38.728  -63.473       4.5132
 -38.728  -59.613       4.5132
 -38.728  -55.753       4.5132
 -38.728  -51.893       4.5132
 -38.728  -48.033       4.5132
 -38.728  -44.173       4.5132
 -38.728  -40.313       4.5132
 -38.728  -36.453       4.5132
 -38.728  -32.593       4.5132
 -38.728  -28.733       4.5132
 -38.728  -24.873       4.5132
 -38.728  -21.014       4.5132
 -38.728  -17.154       4.5132
 -38.728  -13.294       4.5132
 -38.728   -9.434       4.5132
 -38.728   -5.574       4.5132
 -38.728   -1.714       4.5132
 -38.728    2.146       4.5132
 -38.728    6.006       4.5132
 -38.728    9.866       4.5132
 -38.728   13.726       4.5132
 -38.728   17.586       4.5132
 -38.728   21.446       4.5132
 -38.728   25.306       4.5132
 -38.728   29.166       4.5132
 -38.728   33.026       4.5132
 -38.728   36.886       4.5132
 -38.728   40.745       4.5132
 -38.728   44.605       4.5132
 -38.728   48.465       4.5132
 -38.728   52.325       4.5132
 -38.728   56.185       4.5132
 -38.728   60.045       4.5132
 -38.728   63.905       4.5132
 -38.728   67.765       4.5132
 -38.728   71.625       4.5132
 -38.728   75.485       4.5132
 -38.728   79.345       4.5132
 -38.728   83.205       4.5132
 -38.728   87.065       4.5132
 -38.728   90.925       4.5132
 -38.728   94.785       4.5132
 -38.728   98.645       4.5132
 -38.728  102.505       4.5132
 -38.728  106.364       4.5132
 -38.728  110.224       4.5132
 -38.728  114.084       4.5132
 -38.728  117.944       4.5132
 -38.728  121.804       4.5132
 -38.728  125.664       4.5132
 -38.728  129.524       4.5132
 -38.728  133.384       4.5132
 -38.728  137.244       4.5132
 -38.728  141.104       4.5132
 -38.728  144.964       4.5132
 -38.728  148.824       4.5132
 -38.728  152.684       4.5132
 -38.728  156.544       4.5132
 -38.728  160.404       4.5132
 -38.728  164.264       4.5132
 -38.728  168.124       4.5132
 -38.728  171.983       4.5132
 -38.728  175.843       4.5132
 -38.728  179.703       4.1000
 -38.728  183.563       2.5709
 -38.728  187.423       2.2307
 -38.728  191.283       2.5267
 -38.728  195.143       4.5132
 -38.728  199.003       4.5132
 -38.728  202.863       4.5132
 -38.728  206.723       4.5132
 -38.728  210.583       4.5132
 -38.728  214.443       4.5132
 -38.728  218.303       4.5132
 -38.728  222.163       4.5132
 -38.728  226.023       4.5132
 -38.728  229.883       4.5132
 -38.728  233.742       4.5132
 -38.728  237.602       4.5132
 -38.728  241.462       4.5132
 -38.728  245.322       4.5132
 -38.728  249.182       4.5132
 -38.728  253.042       4.5132
 -38.728  256.902       4.5132
 -38.728  260.762       4.5132
 -35.660 -121.372       4.5132
 -35.660 -117.512       4.5132
 -35.660 -113.652       4.5132
 -35.660 -109.792       4.5132
 -35.660 -105.932       4.5132
 -35.660 -102.072       4.5132
 -35.660  -98.212       4.5132
 -35.660  -94.352       4.5132
 -35.660  -90.492       4.5132
 -35.660  -86.633       4.5132
 -35.660  -82.773       4.5132
 -35.660  -78.913       4.5132
 -35.660  -75.053       4.5132
 -35.660  -71.193       4.5132
 -35.660  -67.333       4.5132
 -35.660  -63.473       4.5132
 -35.660  -59.613       4.5132
 -35.660  -55.753       4.5132
 -35.660  -51.893       4.5132
 -35.660  -48.033       4.5132
 -35.660  -44.173       4.5132
 -35.660  -40.313       4.5132
 -35.660  -36.453       4.5132
 -35.660  -32.593       4.5132
 -35.660  -28.733       4.5132
 -35.660  -24.873       4.5132
 -35.660  -21.014       4.5132
 -35.660  -17.154       4.5132
 -35.660  -13.294       4.5132
 -35.660   -9.434       4.5132
 -35.660   -5.574       4.5132
 -35.660   -1.714       4.5132
 -35.660    2.146       4.5132
 -35.660    6.006       4.5132
 -35.660    9.866       4.5132
 -35.660   13.726       4.5132
 -35.660   17.586       4.5132
 -35.660   21.446       4.5132
 -35.660   25.306       4.5132
 -35.660   29.166       4.5132
 -35.660   33.026       4.5132
 -35.660   36.886       4.5132
 -35.660   40.745       4.5132
 -35.660   44.605       4.5132
 -35.660   48.465       4.5132
 -35.660   52.325       4.5132
 -35.660   56.185       4.5132
 -35.660   60.045       4.5132
 -35.660   63.905       4.5132
 -35.660   67.765       4.5132
 -35.660   71.625       4.5132
 -35.660   75.485       4.5132
 -35.660   79.345       4.5132
 -35.660   83.205       4.5132
 -35.660   87.065       4.5132
 -35.660   90.925       4.5132
 -35.660   94.785       4.5132
 -35.660   98.645       4.5132
 -35.660  102.505       4.5132
 -35.660  106.364       4.5132
 -35.660  110.224       4.5132
 -35.660  114.084       4.5132
 -35.660  117.944       4.5132
 -35.660  121.804       4.5132
 -35.660  125.664       4.5132
 -35.660  129.524       4.5132
 -35.660  133.384       4.5132
 -35.660  137.244       4.5132
 -35.660  141.104       4.5132
 -35.660  144.964       4.5132
 -35.660  148.824       4.5132
 -35.660  152.684       4.5132
 -35.660  156.544       4.5132
 -35.660  160.404       4.5132
 -35.660  164.264       4.5132
 -35.660  168.124       4.5132
 -35.660  171.983       4.5132
 -35.660  175.843       4.5132
 -35.660  179.703       4.5132
 -35.660  183.563       2.4855
 -35.660  187.423       2.5709
 -35.660  191.283       4.5132
 -35.660  195.143       4.5132
 -35.660  199.003       4.5132
 -35.660  202.863       4.5132
 -35.660  206.723       4.5132
 -35.660  210.583       4.5132
 -35.660  214.443       4.5132
 -35.660  218.303       4.5132
 -35.660  222.163       4.5132
 -35.660  226.023       4.5132
 -35.660  229.883       4.5132
 -35.660  233.742       4.5132
 -35.660  237.602       4.5132
 -35.660  241.462       4.5132
 -35.660  245.322       4.5132
 -35.660  249.182       4.5132
 -35.660  253.042       4.5132
 -35.660  256.902       4.5132
 -35.660  260.762       4.5132
 -32.591 -121.372       4.5132
 -32.591 -117.512       4.5132
 -32.591 -113.652       4.5132
 -32.591 -109.792       4.5132
 -32.591 -105.932       4.5132
 -32.591 -102.072       4.5132
 -32.591  -98.212       4.5132
 -32.591  -94.352       4.5132
 -32.591  -90.492       4.5132
 -32.591  -86.633       4.5132
 -32.591  -82.773       4.5132
 -32.591  -78.913       4.5132
 -32.591  -75.053       4.5132
 -32.591  -71.193       4.5132
 -32.591  -67.333       4.5132
 -32.591  -63.473       4.5132
 -32.591  -59.613       4.5132
 -32.591  -55.753       4.5132
 -32.591  -51.893       4.5132
 -32.591  -48.033       4.5132
 -32.591  -44.173       4.5132
 -32.591  -40.313       4.5132
 -32.591  -36.453       4.5132
 -32.591  -32.593       4.5132
 -32.591  -28.733       4.5132
 -32.591  -24.873       4.5132
 -32.591  -21.014       4.5132
 -32.591  -17.154       4.5132
 -32.591  -13.294       4.5132
 -32.591   -9.434       4.5132
 -32.591   -5.574       4.5132
 -32.591   -1.714       4.5132
 -32.591    2.146       4.5132
 -32.591    6.006       4.5132
 -32.591    9.866       4.5132
 -32.591   13.726       4.5132
 -32.591   17.586       4.5132
 -32.591   21.446       4.5132
 -32.591   25.306       4.5132
 -32.591   29.166       4.5132
 -32.591   33.026       4.5132
 -32.591   36.886       4.5132
 -32.591   40.745       4.5132
 -32.591   44.605       4.5132
 -32.591   48.465       4.5132
 -32.591   52.325       4.5132
 -32.591   56.185       4.5132
 -32.591   60.045       4.5132
 -32.591   63.905       4.5132
 -32.591   67.765       4.5132
 -32.591   71.625       4.5132
 -32.591   75.485       4.5132
 -32.591   79.345       4.5132
 -32.591   83.205       4.5132
 -32.591   87.065       4.5132
 -32.591   90.925       4.5132
 -32.591   94.785       4.5132
 -32.591   98.645       4.5132
 -32.591  102.505       4.5132
 -32.591  106.364       4.5132
 -32.591  110.224       4.5132
 -32.591  114.084       4.5132
 -32.591  117.944       4.5132
 -32.591  121.804       4.5132
 -32.591  125.664       4.5132
 -32.591  129.524       4.5132
 -32.591  133.384       4.5132
 -32.591  137.244       4.5132
 -32.591  141.104       4.5132
 -32.591  144.964       4.5132
 -32.591  148.824       4.5132
 -32.591  152.684       4.5132
 -32.591  156.544       4.5132
 -32.591  160.404       4.5132
 -32.591  164.264       4.5132
 -32.591  168.124       4.5132
 -32.591  171.983       4.5132
 -32.591  175.843       4.5132
 -32.591  179.703       4.5132
 -32.591  183.563       3.0318
 -32.591  187.423       3.4450
 -32.591  191.283       4.5132
 -32.591  195.143       4.5132
 -32.591  199.003       4.5132
 -32.591  202.863       4.5132
 -32.591  206.723       4.5132
 -32.591  210.583       4.5132
 -32.591  214.443       4.5132
 -32.591  218.303       4.5132
 -32.591  222.163       4.5132
 -32.591  226.023       4.5132
 -32.591  229.883       4.5132
 -32.591  233.742       4.5132
 -32.591  237.602       4.5132
 -32.591  241.462       4.5132
 -32.591  245.322       4.5132
 -32.591  249.182       4.5132
 -32.591  253.042       4.5132
 -32.591  256.902       4.5132
 -32.591  260.762       4.5132
 -29.523 -121.372       4.5132
 -29.523 -117.512       4.5132
 -29.523 -113.652       4.5132
 -29.523 -109.792       4.5132
 -29.523 -105.932       4.5132
 -29.523 -102.072       4.5132
 -29.523  -98.212       4.5132
 -29.523  -94.352       4.5132
 -29.523  -90.492       4.5132
 -29.523  -86.633       4.5132
 -29.523  -82.773       4.5132
 -29.523  -78.913       4.5132
 -29.523  -75.053       4.5132
 -29.523  -71.193       4.5132
 -29.523  -67.333       4.5132
 -29.523  -63.473       4.5132
 -29.523  -59.613       4.5132
 -29.523  -55.753       4.5132
 -29.523  -51.893       4.5132
 -29.523  -48.033       4.5132
 -29.523  -44.173       4.5132
 -29.523  -40.313       4.5132
 -29.523  -36.453       4.5132
 -29.523  -32.593       4.5132
 -29.523  -28.733       4.5132
 -29.523  -24.873       4.5132
 -29.523  -21.014       4.5132
 -29.523  -17.154       4.5132
 -29.523  -13.294       4.5132
 -29.523   -9.434       4.5132
 -29.523   -5.574       4.5132
 -29.523   -1.714       4.5132
 -29.523    2.146       4.5132
 -29.523    6.006       4.5132
 -29.523    9.866       4.5132
 -29.523   13.726       4.5132
 -29.523   17.586       4.5132
 -29.523   21.446       4.5132
 -29.523   25.306       4.5132
 -29.523   29.166       4.5132
 -29.523   33.026       4.5132
 -29.523   36.886       4.5132
 -29.523   40.745       4.5132
 -29.523   44.605       4.5132
 -29.523   48.465       4.5132
 -29.523   52.325       4.5132
 -29.523   56.185       4.5132
 -29.523   60.045       4.5132
 -29.523   63.905       4.5132
 -29.523   67.765       4.5132
 -29.523   71.625       4.5132
 -29.523   75.485       4.5132
 -29.523   79.345       4.5132
 -29.523   83.205       4.5132
 -29.523   87.065       4.5132
 -29.523   90.925       4.5132
 -29.523   94.785       4.5132
 -29.523   98.645       4.5132
 -29.523  102.505       4.5132
 -29.523  106.364       4.5132
 -29.523  110.224       4.5132
 -29.523  114.084       4.5132
 -29.523  117.944       4.5132
 -29.523  121.804       4.5132
 -29.523  125.664       4.5132
 -29.523  129.524       4.5132
 -29.523  133.384       4.5132
 -29.523  137.244       4.5132
 -29.523  141.104       4.5132
 -29.523  144.964       4.5132
 -29.523  148.824       4.5132
 -29.523  152.684       4.5132
 -29.523  156.544       4.5132
 -29.523  160.404       4.5132
 -29.523  164.264       4.5132
 -29.523  168.124       4.5132
 -29.523  171.983       4.5132
 -29.523  175.843       4.5132
 -29.523  179.703       4.5132
 -29.523  183.563       4.5132
 -29.523  187.423       4.1000
 -29.523  191.283       4.5132
 -29.523  195.143       4.5132
 -29.523  199.003       4.5132
 -29.523  202.863       4.5132
 -29.523  206.723       4.5132
 -29.523  210.583       4.5132
 -29.523  214.443       4.5132
 -29.523  218.303       4.5132
 -29.523  222.163       4.5132
 -29.523  226.023       4.5132
 -29.523  229.883       4.5132
 -29.523  233.742       4.5132
 -29.523  237.602       4.5132
 -29.523  241.462       4.5132
 -29.523  245.322       4.5132
 -29.523  249.182       4.5132
 -29.523  253.042       4.5132
 -29.523  256.902       4.5132
 -29.523  260.762       4.5132
