-390.557 -142.642       4.2328
-390.557 -138.715       4.2328
-390.557 -134.789       4.2328
-390.557 -130.862       4.2328
-390.557 -126.936       4.2328
-390.557 -123.009       4.2328
-390.557 -119.082       4.2328
-390.557 -115.156       4.2328
-390.557 -111.229       4.2328
-390.557 -107.303       4.2328
-390.557 -103.376       4.2328
-390.557  -99.450       4.2328
-390.557  -95.523       4.2328
-390.557  -91.596       4.2328
-390.557  -87.670       4.2328
-390.557  -83.743       4.2328
-390.557  -79.817       4.2328
-390.557  -75.890       4.2328
-390.557  -71.963       4.2328
-390.557  -68.037       4.2328
-390.557  -64.110       4.2328
-390.557  -60.184       4.2328
-390.557  -56.257       4.2328
-390.557  -52.330       4.2328
-390.557  -48.404       4.2328
-390.557  -44.477       4.2328
-390.557  -40.551       4.2328
-390.557  -36.624       4.2328
-390.557  -32.697       4.2328
-390.557  -28.771       4.2328
-390.557  -24.844       4.2328
-390.557  -20.918       4.2328
-390.557  -16.991       4.2328
-390.557  -13.065       4.2328
-390.557   -9.138       4.2328
-390.557   -5.211       4.2328
-390.557   -1.285       4.2328
-390.557    2.642       4.2328
-390.557    6.568       4.2328
-390.557   10.495       4.2328
-390.557   14.422       4.2328
-390.557   18.348       4.2328
-390.557   22.275       4.2328
-390.557   26.201       4.2328
-390.557   30.128       4.2328
-390.557   34.055       4.2328
-390.557   37.981       4.2328
-390.557   41.908       4.2328
-390.557   45.834       4.2328
-390.557   49.761       2.9931
-390.557   53.688       2.6595
-390.557   57.614       2.2904
-390.557   61.541       1.7173
-390.557   65.467       2.0336
-390.557   69.394       1.9768
-390.557   73.320       2.5799
-390.557   77.247       2.8600
-390.557   81.174       2.8600
-390.557   85.100       3.8195
-390.557   89.027       4.2328
-390.557   92.953       4.2328
-390.557   96.880       4.2328
-390.557  100.807       4.2328
-390.557  104.733       4.2328
-390.557  108.660       4.2328
-390.557  112.586       4.2328
-390.557  116.513       4.2328
-390.557  120.440       4.2328
-390.557  124.366       4.2328
-390.557  128.293       4.2328
-390.557  132.219       4.2328
-390.557  136.146       4.2328
-390.557  140.072       4.2328
-390.557  143.999       4.2328
-390.557  147.926       4.2328
-390.557  151.852       4.2328
-390.557  155.779       4.2328
-390.557  159.705       4.2328
-390.557  163.632       4.2328
-390.557  167.559       4.2328
-390.557  171.485       4.2328
-390.557  175.412       4.2328
-390.557  179.338       4.2328
-390.557  183.265       4.2328
-390.557  187.192       4.2328
-390.557  191.118       4.2328
-390.557  195.045       4.2328
-390.557  198.971       4.2328
-390.557  202.898       4.2328
-390.557  206.825       4.2328
-390.557  210.751       4.2328
-390.557  214.678       4.2328
-390.557  218.604       4.2328
-390.557  222.531       4.2328
-390.557  226.457       4.2328
-390.557  230.384       4.2328
-390.557  234.311       4.2328
-390.557  238.237       4.2328
-390.557  242.164       4.2328
-390.557  246.090       4.2328
-386.628 -142.642       4.2328
-386.628 -138.715       4.2328
-386.628 -134.789       4.2328
-386.628 -130.862       4.2328
-386.628 -126.936       4.2328
-386.628 -123.009       4.2328
-386.628 -119.082       4.2328
-386.628 -115.156       4.2328
-386.628 -111.229       4.2328
-386.628 -107.303       4.2328
-386.628 -103.376       4.2328
-386.628  -99.450       4.2328
-386.628  -95.523       4.2328
-386.628  -91.596       4.2328
-386.628  -87.670       4.2328
-386.628  -83.743       4.2328
-386.628  -79.817       4.2328
-386.628  -75.890       4.2328
-386.628  -71.963       4.2328
-386.628  -68.037       4.2328
-386.628  -64.110       4.2328
-386.628  -60.184       4.2328
-386.628  -56.257       4.2328
-386.628  -52.330       4.2328
-386.628  -48.404       4.2328
-386.628  -44.477       4.2328
-386.628  -40.551       4.2328
-386.628  -36.624       4.2328
-386.628  -32.697       4.2328
-386.628  -28.771       4.2328
-386.628  -24.844       4.2328
-386.628  -20.918       4.2328
-386.628  -16.991       4.2328
-386.628  -13.065       4.2328
-386.628   -9.138       4.2328
-386.628   -5.211       4.2328
-386.628   -1.285       4.2328
-386.628    2.642       4.2328
-386.628    6.568       4.2328
-386.628   10.495       4.2328
-386.628   14.422       4.2328
-386.628   18.348       4.2328
-386.628   22.275       4.2328
-386.628   26.201       4.2328
-386.628   30.128       4.2328
-386.628   34.055       4.2328
-386.628   37.981       4.2328
-386.628   41.908       4.2328
-386.628   45.834       4.2328
-386.628   49.761       3.1646
-386.628   53.688       2.0045
-386.628   57.614       1.8121
-386.628   61.541       1.1571
-386.628   65.467       1.3218
-386.628   69.394       1.3218
-386.628   73.320       1.5501
-386.628   77.247       2.0336
-386.628   81.174       2.0336
-386.628   85.100       2.1666
-386.628   89.027       3.1646
-386.628   92.953       4.2328
-386.628   96.880       4.2328
-386.628  100.807       4.2328
-386.628  104.733       4.2328
-386.628  108.660       4.2328
-386.628  112.586       4.2328
-386.628  116.513       4.2328
-386.628  120.440       4.2328
-386.628  124.366       4.2328
-386.628  128.293       4.2328
-386.628  132.219       4.2328
-386.628  136.146       4.2328
-386.628  140.072       4.2328
-386.628  143.999       4.2328
-386.628  147.926       4.2328
-386.628  151.852       4.2328
-386.628  155.779       4.2328
-386.628  159.705       4.2328
-386.628  163.632       4.2328
-386.628  167.559       4.2328
-386.628  171.485       4.2328
-386.628  175.412       4.2328
-386.628  179.338       4.2328
-386.628  183.265       4.2328
-386.628  187.192       4.2328
-386.628  191.118       4.2328
-386.628  195.045       4.2328
-386.628  198.971       4.2328
-386.628  202.898       4.2328
-386.628  206.825       4.2328
-386.628  210.751       4.2328
-386.628  214.678       4.2328
-386.628  218.604       4.2328
-386.628  222.531       4.2328
-386.628  226.457       4.2328
-386.628  230.384       4.2328
-386.628  234.311       4.2328
-386.628  238.237       4.2328
-386.628  242.164       4.2328
-386.628  246.090       4.2328
-382.699 -142.642       4.2328
-382.699 -138.715       4.2328
-382.699 -134.789       4.2328
-382.699 -130.862       4.2328
-382.699 -126.936       4.2328
-382.699 -123.009       4.2328
-382.699 -119.082       4.2328
-382.699 -115.156       4.2328
-382.699 -111.229       4.2328
-382.699 -107.303       4.2328
-382.699 -103.376       4.2328
-382.699  -99.450       4.2328
-382.699  -95.523       4.2328
-382.699  -91.596       4.2328
-382.699  -87.670       4.2328
-382.699  -83.743       4.2328
-382.699  -79.817       4.2328
-382.699  -75.890       4.2328
-382.699  -71.963       4.2328
-382.699  -68.037       4.2328
-382.699  -64.110       4.2328
-382.699  -60.184       4.2328
-382.699  -56.257       4.2328
-382.699  -52.330       4.2328
-382.699  -48.404       4.2328
-382.699  -44.477       4.2328
-382.699  -40.551       4.2328
-382.699  -36.624       4.2328
-382.699  -32.697       4.2328
-382.699  -28.771       4.2328
-382.699  -24.844       4.2328
-382.699  -20.918       4.2328
-382.699  -16.991       4.2328
-382.699  -13.065       4.2328
-382.699   -9.138       4.2328
-382.699   -5.211       4.2328
-382.699   -1.285       4.2328
-382.699    2.642       4.2328
-382.699    6.568       4.2328
-382.699   10.495       4.2328
-382.699   14.422       4.2328
-382.699   18.348       4.2328
-382.699   22.275       4.2328
-382.699   26.201       2.9931
-382.699   30.128       2.5799
-382.699   34.055       2.2462
-382.699   37.981       2.0642
-382.699   41.908       2.3900
-382.699   45.834       2.6595
-382.699   49.761       3.8195
-382.699   53.688       2.4468
-382.699   57.614       1.6509
-382.699   61.541       1.5242
-382.699   65.467       1.5370
-382.699   69.394       1.4873
-382.699   73.320       1.7919
-382.699   77.247       1.7919
-382.699   81.174       1.8772
-382.699   85.100       2.0964
-382.699   89.027       2.9931
-382.699   92.953       4.2328
-382.699   96.880       4.2328
-382.699  100.807       4.2328
-382.699  104.733       4.2328
-382.699  108.660       4.2328
-382.699  112.586       4.2328
-382.699  116.513       4.2328
-382.699  120.440       4.2328
-382.699  124.366       4.2328
-382.699  128.293       4.2328
-382.699  132.219       4.2328
-382.699  136.146       4.2328
-382.699  140.072       4.2328
-382.699  143.999       4.2328
-382.699  147.926       4.2328
-382.699  151.852       4.2328
-382.699  155.779       4.2328
-382.699  159.705       4.2328
-382.699  163.632       4.2328
-382.699  167.559       4.2328
-382.699  171.485       4.2328
-382.699  175.412       4.2328
-382.699  179.338       4.2328
-382.699  183.265       4.2328
-382.699  187.192       4.2328
-382.699  191.118       4.2328
-382.699  195.045       4.2328
-382.699  198.971       4.2328
-382.699  202.898       4.2328
-382.699  206.825       4.2328
-382.699  210.751       4.2328
-382.699  214.678       4.2328
-382.699  218.604       4.2328
-382.699  222.531       4.2328
-382.699  226.457       4.2328
-382.699  230.384       4.2328
-382.699  234.311       4.2328
-382.699  238.237       4.2328
-382.699  242.164       4.2328
-382.699  246.090       4.2328
-378.770 -142.642       4.2328
-378.770 -138.715       4.2328
-378.770 -134.789       4.2328
-378.770 -130.862       4.2328
-378.770 -126.936       4.2328
-378.770 -123.009       4.2328
-378.770 -119.082       4.2328
-378.770 -115.156       4.2328
-378.770 -111.229       4.2328
-378.770 -107.303       4.2328
-378.770 -103.376       4.2328
-378.770  -99.450       4.2328
-378.770  -95.523       4.2328
-378.770  -91.596       4.2328
-378.770  -87.670       4.2328
-378.770  -83.743       4.2328
-378.770  -79.817       4.2328
-378.770  -75.890       4.2328
-378.770  -71.963       4.2328
-378.770  -68.037       4.2328
-378.770  -64.110       4.2328
-378.770  -60.184       4.2328
-378.770  -56.257       4.2328
-378.770  -52.330       4.2328
-378.770  -48.404       4.2328
-378.770  -44.477       4.2328
-378.770  -40.551       4.2328
-378.770  -36.624       4.2328
-378.770  -32.697       4.2328
-378.770  -28.771       4.2328
-378.770  -24.844       4.2328
-378.770  -20.918       4.2328
-378.770  -16.991       4.2328
-378.770  -13.065       4.2328
-378.770   -9.138       4.2328
-378.770   -5.211       4.2328
-378.770   -1.285       4.2328
-378.770    2.642       4.2328
-378.770    6.568       4.2328
-378.770   10.495       4.2328
-378.770   14.422       4.2328
-378.770   18.348       4.2328
-378.770   22.275       2.9931
-378.770   26.201       2.3381
-378.770   30.128       1.9503
-378.770   34.055       2.0964
-378.770   37.981       1.7000
-378.770   41.908       1.7000
-378.770   45.834       1.8121
-378.770   49.761       1.8547
-378.770   53.688       2.3381
-378.770   57.614       1.9006
-378.770   61.541       1.9249
-378.770   65.467       1.4198
-378.770   69.394       1.3591
-378.770   73.320       1.3040
-378.770   77.247       1.3402
-378.770   81.174       1.2700
-378.770   85.100       1.4755
-378.770   89.027       2.2462
-378.770   92.953       2.3900
-378.770   96.880       2.9931
-378.770  100.807       3.1646
-378.770  104.733       4.2328
-378.770  108.660       4.2328
-378.770  112.586       4.2328
-378.770  116.513       3.8195
-378.770  120.440       4.2328
-378.770  124.366       4.2328
-378.770  128.293       4.2328
-378.770  132.219       4.2328
-378.770  136.146       4.2328
-378.770  140.072       4.2328
-378.770  143.999       4.2328
-378.770  147.926       4.2328
-378.770  151.852       4.2328
-378.770  155.779       4.2328
-378.770  159.705       4.2328
-378.770  163.632       4.2328
-378.770  167.559       4.2328
-378.770  171.485       4.2328
-378.770  175.412       4.2328
-378.770  179.338       4.2328
-378.770  183.265       4.2328
-378.770  187.192       4.2328
-378.770  191.118       4.2328
-378.770  195.045       4.2328
-378.770  198.971       4.2328
-378.770  202.898       4.2328
-378.770  206.825       4.2328
-378.770  210.751       4.2328
-378.770  214.678       4.2328
-378.770  218.604       4.2328
-378.770  222.531       4.2328
-378.770  226.457       4.2328
-378.770  230.384       4.2328
-378.770  234.311       4.2328
-378.770  238.237       4.2328
-378.770  242.164       4.2328
-378.770  246.090       4.2328
-374.840 -142.642       4.2328
-374.840 -138.715       4.2328
-374.840 -134.789       4.2328
-374.840 -130.862       4.2328
-374.840 -126.936       4.2328
-374.840 -123.009       4.2328
-374.840 -119.082       4.2328
-374.840 -115.156       4.2328
-374.840 -111.229       4.2328
-374.840 -107.303       4.2328
-374.840 -103.376       4.2328
-374.840  -99.450       4.2328
-374.840  -95.523       4.2328
-374.840  -91.596       4.2328
-374.840  -87.670       4.2328
-374.840  -83.743       4.2328
-374.840  -79.817       4.2328
-374.840  -75.890       4.2328
-374.840  -71.963       4.2328
-374.840  -68.037       4.2328
-374.840  -64.110       4.2328
-374.840  -60.184       4.2328
-374.840  -56.257       4.2328
-374.840  -52.330       4.2328
-374.840  -48.404       4.2328
-374.840  -44.477       4.2328
-374.840  -40.551       4.2328
-374.840  -36.624       4.2328
-374.840  -32.697       4.2328
-374.840  -28.771       4.2328
-374.840  -24.844       4.2328
-374.840  -20.918       4.2328
-374.840  -16.991       4.2328
-374.840  -13.065       4.2328
-374.840   -9.138       4.2328
-374.840   -5.211       4.2328
-374.840   -1.285       4.2328
-374.840    2.642       4.2328
-374.840    6.568       4.2328
-374.840   10.495       4.2328
-374.840   14.422       4.2328
-374.840   18.348       4.2328
-374.840   22.275       2.5799
-374.840   26.201       1.8330
-374.840   30.128       1.2617
-374.840   34.055       1.1571
-374.840   37.981       1.1047
-374.840   41.908       1.2617
-374.840   45.834       1.5117
-374.840   49.761       1.6204
-374.840   53.688       1.7534
-374.840   57.614       1.5117
-374.840   61.541       1.2377
-374.840   65.467       1.3309
-374.840   69.394       1.2536
-374.840   73.320       1.2071
-374.840   77.247       1.0394
-374.840   81.174       1.2953
-374.840   85.100       1.7534
-374.840   89.027       1.9503
-374.840   92.953       1.5635
-374.840   96.880       1.8547
-374.840  100.807       2.1305
-374.840  104.733       2.3900
-374.840  108.660       2.6595
-374.840  112.586       3.8195
-374.840  116.513       2.6595
-374.840  120.440       2.4468
-374.840  124.366       3.4063
-374.840  128.293       4.2328
-374.840  132.219       4.2328
-374.840  136.146       4.2328
-374.840  140.072       4.2328
-374.840  143.999       4.2328
-374.840  147.926       4.2328
-374.840  151.852       4.2328
-374.840  155.779       4.2328
-374.840  159.705       4.2328
-374.840  163.632       4.2328
-374.840  167.559       4.2328
-374.840  171.485       4.2328
-374.840  175.412       4.2328
-374.840  179.338       4.2328
-374.840  183.265       4.2328
-374.840  187.192       4.2328
-374.840  191.118       4.2328
-374.840  195.045       4.2328
-374.840  198.971       4.2328
-374.840  202.898       4.2328
-374.840  206.825       4.2328
-374.840  210.751       4.2328
-374.840  214.678       4.2328
-374.840  218.604       4.2328
-374.840  222.531       4.2328
-374.840  226.457       4.2328
-374.840  230.384       4.2328
-374.840  234.311       4.2328
-374.840  238.237       4.2328
-374.840  242.164       4.2328
-374.840  246.090       4.2328
-370.911 -142.642       4.2328
-370.911 -138.715       4.2328
-370.911 -134.789       4.2328
-370.911 -130.862       4.2328
-370.911 -126.936       4.2328
-370.911 -123.009       4.2328
-370.911 -119.082       4.2328
-370.911 -115.156       4.2328
-370.911 -111.229       4.2328
-370.911 -107.303       4.2328
-370.911 -103.376       4.2328
-370.911  -99.450       4.2328
-370.911  -95.523       4.2328
-370.911  -91.596       4.2328
-370.911  -87.670       4.2328
-370.911  -83.743       4.2328
-370.911  -79.817       4.2328
-370.911  -75.890       4.2328
-370.911  -71.963       4.2328
-370.911  -68.037       4.2328
-370.911  -64.110       4.2328
-370.911  -60.184       4.2328
-370.911  -56.257       4.2328
-370.911  -52.330       4.2328
-370.911  -48.404       4.2328
-370.911  -44.477       4.2328
-370.911  -40.551       4.2328
-370.911  -36.624       4.2328
-370.911  -32.697       4.2328
-370.911  -28.771       4.2328
-370.911  -24.844       4.2328
-370.911  -20.918       4.2328
-370.911  -16.991       4.2328
-370.911  -13.065       4.2328
-370.911   -9.138       4.2328
-370.911   -5.211       4.2328
-370.911   -1.285       4.2328
-370.911    2.642       4.2328
-370.911    6.568       4.2328
-370.911   10.495       4.2328
-370.911   14.422       4.2328
-370.911   18.348       4.2328
-370.911   22.275       4.2328
-370.911   26.201       2.2904
-370.911   30.128       1.7173
-370.911   34.055       1.4198
-370.911   37.981       1.4092
-370.911   41.908       1.4640
-370.911   45.834       1.5370
-370.911   49.761       1.5635
-370.911   53.688       1.5501
-370.911   57.614       1.5117
-370.911   61.541       1.4198
-370.911   65.467       1.4305
-370.911   69.394       1.2456
-370.911   73.320       0.9754
-370.911   77.247       0.8821
-370.911   81.174       1.1047
-370.911   85.100       1.5242
-370.911   89.027       1.8330
-370.911   92.953       1.9768
-370.911   96.880       2.7514
-370.911  100.807       2.3381
-370.911  104.733       2.5096
-370.911  108.660       2.2904
-370.911  112.586       2.0045
-370.911  116.513       1.7534
-370.911  120.440       1.3887
-370.911  124.366       1.7723
-370.911  128.293       2.2462
-370.911  132.219       2.9931
-370.911  136.146       4.2328
-370.911  140.072       4.2328
-370.911  143.999       4.2328
-370.911  147.926       4.2328
-370.911  151.852       4.2328
-370.911  155.779       4.2328
-370.911  159.705       4.2328
-370.911  163.632       4.2328
-370.911  167.559       4.2328
-370.911  171.485       4.2328
-370.911  175.412       4.2328
-370.911  179.338       4.2328
-370.911  183.265       4.2328
-370.911  187.192       4.2328
-370.911  191.118       4.2328
-370.911  195.045       4.2328
-370.911  198.971       4.2328
-370.911  202.898       4.2328
-370.911  206.825       4.2328
-370.911  210.751       4.2328
-370.911  214.678       4.2328
-370.911  218.604       4.2328
-370.911  222.531       4.2328
-370.911  226.457       4.2328
-370.911  230.384       4.2328
-370.911  234.311       4.2328
-370.911  238.237       4.2328
-370.911  242.164       4.2328
-370.911  246.090       4.2328
-366.982 -142.642       4.2328
-366.982 -138.715       4.2328
-366.982 -134.789       4.2328
-366.982 -130.862       4.2328
-366.982 -126.936       4.2328
-366.982 -123.009       4.2328
-366.982 -119.082       4.2328
-366.982 -115.156       4.2328
-366.982 -111.229       4.2328
-366.982 -107.303       4.2328
-366.982 -103.376       4.2328
-366.982  -99.450       4.2328
-366.982  -95.523       4.2328
-366.982  -91.596       4.2328
-366.982  -87.670       4.2328
-366.982  -83.743       4.2328
-366.982  -79.817       4.2328
-366.982  -75.890       4.2328
-366.982  -71.963       4.2328
-366.982  -68.037       4.2328
-366.982  -64.110       4.2328
-366.982  -60.184       4.2328
-366.982  -56.257       4.2328
-366.982  -52.330       4.2328
-366.982  -48.404       4.2328
-366.982  -44.477       4.2328
-366.982  -40.551       4.2328
-366.982  -36.624       4.2328
-366.982  -32.697       4.2328
-366.982  -28.771       4.2328
-366.982  -24.844       4.2328
-366.982  -20.918       4.2328
-366.982  -16.991       4.2328
-366.982  -13.065       4.2328
-366.982   -9.138       4.2328
-366.982   -5.211       4.2328
-366.982   -1.285       4.2328
-366.982    2.642       4.2328
-366.982    6.568       4.2328
-366.982   10.495       4.2328
-366.982   14.422       4.2328
-366.982   18.348       4.2328
-366.982   22.275       3.4063
-366.982   26.201       2.7514
-366.982   30.128       1.9006
-366.982   34.055       1.2953
-366.982   37.981       1.4526
-366.982   41.908       1.6204
-366.982   45.834       1.6668
-366.982   49.761       1.2867
-366.982   53.688       1.2700
-366.982   57.614       1.3040
-366.982   61.541       1.3688
-366.982   65.467       1.2377
-366.982   69.394       1.2953
-366.982   73.320       1.3040
-366.982   77.247       1.0923
-366.982   81.174       1.1997
-366.982   85.100       1.3309
-366.982   89.027       1.1710
-366.982   92.953       1.4526
-366.982   96.880       1.9006
-366.982  100.807       2.1305
-366.982  104.733       1.9768
-366.982  108.660       2.0336
-366.982  112.586       2.0336
-366.982  116.513       1.6204
-366.982  120.440       1.2146
-366.982  124.366       1.1571
-366.982  128.293       1.6355
-366.982  132.219       1.8121
-366.982  136.146       2.0336
-366.982  140.072       3.1646
-366.982  143.999       4.2328
-366.982  147.926       4.2328
-366.982  151.852       4.2328
-366.982  155.779       4.2328
-366.982  159.705       4.2328
-366.982  163.632       4.2328
-366.982  167.559       4.2328
-366.982  171.485       4.2328
-366.982  175.412       4.2328
-366.982  179.338       4.2328
-366.982  183.265       4.2328
-366.982  187.192       4.2328
-366.982  191.118       4.2328
-366.982  195.045       4.2328
-366.982  198.971       4.2328
-366.982  202.898       4.2328
-366.982  206.825       4.2328
-366.982  210.751       4.2328
-366.982  214.678       4.2328
-366.982  218.604       4.2328
-366.982  222.531       4.2328
-366.982  226.457       4.2328
-366.982  230.384       4.2328
-366.982  234.311       4.2328
-366.982  238.237       4.2328
-366.982  242.164       4.2328
-366.982  246.090       4.2328
-363.053 -142.642       4.2328
-363.053 -138.715       4.2328
-363.053 -134.789       4.2328
-363.053 -130.862       4.2328
-363.053 -126.936       4.2328
-363.053 -123.009       4.2328
-363.053 -119.082       4.2328
-363.053 -115.156       4.2328
-363.053 -111.229       4.2328
-363.053 -107.303       4.2328
-363.053 -103.376       4.2328
-363.053  -99.450       4.2328
-363.053  -95.523       4.2328
-363.053  -91.596       4.2328
-363.053  -87.670       4.2328
-363.053  -83.743       4.2328
-363.053  -79.817       4.2328
-363.053  -75.890       4.2328
-363.053  -71.963       4.2328
-363.053  -68.037       4.2328
-363.053  -64.110       4.2328
-363.053  -60.184       4.2328
-363.053  -56.257       4.2328
-363.053  -52.330       4.2328
-363.053  -48.404       4.2328
-363.053  -44.477       4.2328
-363.053  -40.551       4.2328
-363.053  -36.624       4.2328
-363.053  -32.697       4.2328
-363.053  -28.771       4.2328
-363.053  -24.844       4.2328
-363.053  -20.918       4.2328
-363.053  -16.991       4.2328
-363.053  -13.065       4.2328
-363.053   -9.138       4.2328
-363.053   -5.211       4.2328
-363.053   -1.285       4.2328
-363.053    2.642       4.2328
-363.053    6.568       4.2328
-363.053   10.495       4.2328
-363.053   14.422       4.2328
-363.053   18.348       4.2328
-363.053   22.275       2.9931
-363.053   26.201       2.6595
-363.053   30.128       1.9249
-363.053   34.055       1.5913
-363.053   37.981       1.3402
-363.053   41.908       1.2867
-363.053   45.834       1.5501
-363.053   49.761       1.1781
-363.053   53.688       0.9605
-363.053   57.614       1.0682
-363.053   61.541       1.0119
-363.053   65.467       1.1852
-363.053   69.394       1.1436
-363.053   73.320       1.1047
-363.053   77.247       1.1047
-363.053   81.174       0.9411
-363.053   85.100       1.0450
-363.053   89.027       0.9754
-363.053   92.953       1.2377
-363.053   96.880       1.6056
-363.053  100.807       1.4526
-363.053  104.733       1.2953
-363.053  108.660       1.9249
-363.053  112.586       2.0642
-363.053  116.513       2.0964
-363.053  120.440       1.4415
-363.053  124.366       1.2536
-363.053  128.293       1.1047
-363.053  132.219       1.0507
-363.053  136.146       1.1571
-363.053  140.072       1.7723
-363.053  143.999       3.8195
-363.053  147.926       4.2328
-363.053  151.852       4.2328
-363.053  155.779       4.2328
-363.053  159.705       4.2328
-363.053  163.632       4.2328
-363.053  167.559       4.2328
-363.053  171.485       4.2328
-363.053  175.412       4.2328
-363.053  179.338       4.2328
-363.053  183.265       4.2328
-363.053  187.192       4.2328
-363.053  191.118       4.2328
-363.053  195.045       4.2328
-363.053  198.971       4.2328
-363.053  202.898       4.2328
-363.053  206.825       4.2328
-363.053  210.751       4.2328
-363.053  214.678       4.2328
-363.053  218.604       4.2328
-363.053  222.531       4.2328
-363.053  226.457       4.2328
-363.053  230.384       4.2328
-363.053  234.311       4.2328
-363.053  238.237       4.2328
-363.053  242.164       4.2328
-363.053  246.090       4.2328
-359.124 -142.642       4.2328
-359.124 -138.715       4.2328
-359.124 -134.789       4.2328
-359.124 -130.862       4.2328
-359.124 -126.936       4.2328
-359.124 -123.009       4.2328
-359.124 -119.082       4.2328
-359.124 -115.156       4.2328
-359.124 -111.229       4.2328
-359.124 -107.303       4.2328
-359.124 -103.376       4.2328
-359.124  -99.450       4.2328
-359.124  -95.523       4.2328
-359.124  -91.596       4.2328
-359.124  -87.670       4.2328
-359.124  -83.743       4.2328
-359.124  -79.817       4.2328
-359.124  -75.890       4.2328
-359.124  -71.963       4.2328
-359.124  -68.037       4.2328
-359.124  -64.110       4.2328
-359.124  -60.184       4.2328
-359.124  -56.257       4.2328
-359.124  -52.330       4.2328
-359.124  -48.404       4.2328
-359.124  -44.477       4.2328
-359.124  -40.551       4.2328
-359.124  -36.624       4.2328
-359.124  -32.697       4.2328
-359.124  -28.771       4.2328
-359.124  -24.844       4.2328
-359.124  -20.918       4.2328
-359.124  -16.991       4.2328
-359.124  -13.065       4.2328
-359.124   -9.138       4.2328
-359.124   -5.211       4.2328
-359.124   -1.285       4.2328
-359.124    2.642       4.2328
-359.124    6.568       4.2328
-359.124   10.495       4.2328
-359.124   14.422       4.2328
-359.124   18.348       4.2328
-359.124   22.275       4.2328
-359.124   26.201       2.5799
-359.124   30.128       2.0642
-359.124   34.055       2.5096
-359.124   37.981       1.9503
-359.124   41.908       1.5635
-359.124   45.834       1.4305
-359.124   49.761       1.4305
-359.124   53.688       1.0565
-359.124   57.614       0.8821
-359.124   61.541       0.7543
-359.124   65.467       0.9908
-359.124   69.394       0.9605
-359.124   73.320       0.8245
-359.124   77.247       0.8526
-359.124   81.174       0.8908
-359.124   85.100       0.9269
-359.124   89.027       0.8567
-359.124   92.953       0.9177
-359.124   96.880       1.1369
-359.124  100.807       1.3688
-359.124  104.733       1.3887
-359.124  108.660       1.6056
-359.124  112.586       1.4640
-359.124  116.513       1.7534
-359.124  120.440       1.7000
-359.124  124.366       1.3309
-359.124  128.293       1.2071
-359.124  132.219       0.7578
-359.124  136.146       0.8952
-359.124  140.072       1.2617
-359.124  143.999       2.1666
-359.124  147.926       3.8195
-359.124  151.852       4.2328
-359.124  155.779       4.2328
-359.124  159.705       4.2328
-359.124  163.632       4.2328
-359.124  167.559       4.2328
-359.124  171.485       4.2328
-359.124  175.412       4.2328
-359.124  179.338       4.2328
-359.124  183.265       4.2328
-359.124  187.192       4.2328
-359.124  191.118       4.2328
-359.124  195.045       4.2328
-359.124  198.971       4.2328
-359.124  202.898       4.2328
-359.124  206.825       4.2328
-359.124  210.751       4.2328
-359.124  214.678       4.2328
-359.124  218.604       4.2328
-359.124  222.531       4.2328
-359.124  226.457       4.2328
-359.124  230.384       4.2328
-359.124  234.311       4.2328
-359.124  238.237       4.2328
-359.124  242.164       4.2328
-359.124  246.090       4.2328
-355.195 -142.642       4.2328
-355.195 -138.715       4.2328
-355.195 -134.789       4.2328
-355.195 -130.862       4.2328
-355.195 -126.936       4.2328
-355.195 -123.009       4.2328
-355.195 -119.082       4.2328
-355.195 -115.156       4.2328
-355.195 -111.229       4.2328
-355.195 -107.303       4.2328
-355.195 -103.376       4.2328
-355.195  -99.450       4.2328
-355.195  -95.523       4.2328
-355.195  -91.596       4.2328
-355.195  -87.670       4.2328
-355.195  -83.743       4.2328
-355.195  -79.817       4.2328
-355.195  -75.890       4.2328
-355.195  -71.963       4.2328
-355.195  -68.037       4.2328
-355.195  -64.110       4.2328
-355.195  -60.184       4.2328
-355.195  -56.257       4.2328
-355.195  -52.330       4.2328
-355.195  -48.404       4.2328
-355.195  -44.477       4.2328
-355.195  -40.551       4.2328
-355.195  -36.624       4.2328
-355.195  -32.697       4.2328
-355.195  -28.771       4.2328
-355.195  -24.844       4.2328
-355.195  -20.918       4.2328
-355.195  -16.991       4.2328
-355.195  -13.065       4.2328
-355.195   -9.138       4.2328
-355.195   -5.211       4.2328
-355.195   -1.285       4.2328
-355.195    2.642       4.2328
-355.195    6.568       4.2328
-355.195   10.495       4.2328
-355.195   14.422       4.2328
-355.195   18.348       4.2328
-355.195   22.275       4.2328
-355.195   26.201       2.8600
-355.195   30.128       2.4468
-355.195   34.055       2.1666
-355.195   37.981       1.8121
-355.195   41.908       1.4640
-355.195   45.834       1.7000
-355.195   49.761       1.8547
-355.195   53.688       1.3989
-355.195   57.614       1.1781
-355.195   61.541       0.9411
-355.195   65.467       0.7939
-355.195   69.394       0.7405
-355.195   73.320       0.7976
-355.195   77.247       0.6978
-355.195   81.174       0.7106
-355.195   85.100       0.7684
-355.195   89.027       0.7792
-355.195   92.953       0.6790
-355.195   96.880       0.8052
-355.195  100.807       1.1238
-355.195  104.733       0.9605
-355.195  108.660       0.9856
-355.195  112.586       0.8735
-355.195  116.513       1.0012
-355.195  120.440       1.5370
-355.195  124.366       1.5242
-355.195  128.293       1.2071
-355.195  132.219       1.0338
-355.195  136.146       1.2071
-355.195  140.072       1.4873
-355.195  143.999       1.8547
-355.195  147.926       2.0642
-355.195  151.852       2.8600
-355.195  155.779       3.8195
-355.195  159.705       4.2328
-355.195  163.632       4.2328
-355.195  167.559       4.2328
-355.195  171.485       4.2328
-355.195  175.412       4.2328
-355.195  179.338       4.2328
-355.195  183.265       4.2328
-355.195  187.192       4.2328
-355.195  191.118       4.2328
-355.195  195.045       4.2328
-355.195  198.971       4.2328
-355.195  202.898       4.2328
-355.195  206.825       4.2328
-355.195  210.751       4.2328
-355.195  214.678       4.2328
-355.195  218.604       4.2328
-355.195  222.531       4.2328
-355.195  226.457       4.2328
-355.195  230.384       4.2328
-355.195  234.311       4.2328
-355.195  238.237       4.2328
-355.195  242.164       4.2328
-355.195  246.090       4.2328
-351.266 -142.642       4.2328
-351.266 -138.715       4.2328
-351.266 -134.789       4.2328
-351.266 -130.862       4.2328
-351.266 -126.936       4.2328
-351.266 -123.009       4.2328
-351.266 -119.082       4.2328
-351.266 -115.156       4.2328
-351.266 -111.229       4.2328
-351.266 -107.303       4.2328
-351.266 -103.376       4.2328
-351.266  -99.450       4.2328
-351.266  -95.523       4.2328
-351.266  -91.596       4.2328
-351.266  -87.670       4.2328
-351.266  -83.743       4.2328
-351.266  -79.817       4.2328
-351.266  -75.890       4.2328
-351.266  -71.963       4.2328
-351.266  -68.037       4.2328
-351.266  -64.110       4.2328
-351.266  -60.184       4.2328
-351.266  -56.257       4.2328
-351.266  -52.330       4.2328
-351.266  -48.404       4.2328
-351.266  -44.477       4.2328
-351.266  -40.551       4.2328
-351.266  -36.624       4.2328
-351.266  -32.697       4.2328
-351.266  -28.771       4.2328
-351.266  -24.844       4.2328
-351.266  -20.918       4.2328
-351.266  -16.991       4.2328
-351.266  -13.065       4.2328
-351.266   -9.138       4.2328
-351.266   -5.211       4.2328
-351.266   -1.285       4.2328
-351.266    2.642       4.2328
-351.266    6.568       4.2328
-351.266   10.495       4.2328
-351.266   14.422       4.2328
-351.266   18.348       3.8195
-351.266   22.275       2.2904
-351.266   26.201       2.0045
-351.266   30.128       1.9006
-351.266   34.055       1.7919
-351.266   37.981       1.6832
-351.266   41.908       1.6668
-351.266   45.834       1.7000
-351.266   49.761       1.6509
-351.266   53.688       1.8547
-351.266   57.614       1.5117
-351.266   61.541       1.1924
-351.266   65.467       1.0227
-351.266   69.394       0.8167
-351.266   73.320       1.0623
-351.266   77.247       1.2783
-351.266   81.174       0.9960
-351.266   85.100       1.0862
-351.266   89.027       1.0065
-351.266   92.953       0.7902
-351.266   96.880       0.9086
-351.266  100.807       1.1238
-351.266  104.733       0.9754
-351.266  108.660       0.9086
-351.266  112.586       1.2299
-351.266  116.513       0.9856
-351.266  120.440       1.0801
-351.266  124.366       1.1110
-351.266  128.293       1.3040
-351.266  132.219       1.4092
-351.266  136.146       1.4994
-351.266  140.072       1.5501
-351.266  143.999       1.2700
-351.266  147.926       1.6204
-351.266  151.852       1.7000
-351.266  155.779       2.1305
-351.266  159.705       2.8600
-351.266  163.632       4.2328
-351.266  167.559       4.2328
-351.266  171.485       4.2328
-351.266  175.412       4.2328
-351.266  179.338       4.2328
-351.266  183.265       4.2328
-351.266  187.192       4.2328
-351.266  191.118       4.2328
-351.266  195.045       4.2328
-351.266  198.971       4.2328
-351.266  202.898       4.2328
-351.266  206.825       4.2328
-351.266  210.751       4.2328
-351.266  214.678       4.2328
-351.266  218.604       4.2328
-351.266  222.531       4.2328
-351.266  226.457       4.2328
-351.266  230.384       4.2328
-351.266  234.311       4.2328
-351.266  238.237       4.2328
-351.266  242.164       4.2328
-351.266  246.090       4.2328
-347.336 -142.642       4.2328
-347.336 -138.715       4.2328
-347.336 -134.789       4.2328
-347.336 -130.862       4.2328
-347.336 -126.936       4.2328
-347.336 -123.009       4.2328
-347.336 -119.082       4.2328
-347.336 -115.156       4.2328
-347.336 -111.229       4.2328
-347.336 -107.303       4.2328
-347.336 -103.376       4.2328
-347.336  -99.450       4.2328
-347.336  -95.523       4.2328
-347.336  -91.596       4.2328
-347.336  -87.670       4.2328
-347.336  -83.743       4.2328
-347.336  -79.817       4.2328
-347.336  -75.890       4.2328
-347.336  -71.963       4.2328
-347.336  -68.037       4.2328
-347.336  -64.110       4.2328
-347.336  -60.184       4.2328
-347.336  -56.257       4.2328
-347.336  -52.330       4.2328
-347.336  -48.404       4.2328
-347.336  -44.477       4.2328
-347.336  -40.551       4.2328
-347.336  -36.624       4.2328
-347.336  -32.697       4.2328
-347.336  -28.771       4.2328
-347.336  -24.844       4.2328
-347.336  -20.918       4.2328
-347.336  -16.991       4.2328
-347.336  -13.065       4.2328
-347.336   -9.138       4.2328
-347.336   -5.211       4.2328
-347.336   -1.285       4.2328
-347.336    2.642       4.2328
-347.336    6.568       3.8195
-347.336   10.495       3.4063
-347.336   14.422       2.6595
-347.336   18.348       2.9931
-347.336   22.275       1.9249
-347.336   26.201       1.7919
-347.336   30.128       1.6355
-347.336   34.055       1.9249
-347.336   37.981       2.3381
-347.336   41.908       2.8600
-347.336   45.834       2.1666
-347.336   49.761       1.7534
-347.336   53.688       1.9768
-347.336   57.614       1.3040
-347.336   61.541       1.2536
-347.336   65.467       1.1110
-347.336   69.394       1.1369
-347.336   73.320       1.0173
-347.336   77.247       1.3309
-347.336   81.174       1.4198
-347.336   85.100       1.6204
-347.336   89.027       1.2536
-347.336   92.953       1.2617
-347.336   96.880       1.1303
-347.336  100.807       1.2867
-347.336  104.733       1.3040
-347.336  108.660       1.1110
-347.336  112.586       1.3591
-347.336  116.513       1.3309
-347.336  120.440       1.3402
-347.336  124.366       1.4640
-347.336  128.293       1.4526
-347.336  132.219       1.3887
-347.336  136.146       1.1640
-347.336  140.072       1.3040
-347.336  143.999       1.1710
-347.336  147.926       1.2783
-347.336  151.852       1.6355
-347.336  155.779       1.8330
-347.336  159.705       2.5799
-347.336  163.632       2.9931
-347.336  167.559       3.4063
-347.336  171.485       4.2328
-347.336  175.412       4.2328
-347.336  179.338       4.2328
-347.336  183.265       4.2328
-347.336  187.192       4.2328
-347.336  191.118       4.2328
-347.336  195.045       4.2328
-347.336  198.971       4.2328
-347.336  202.898       4.2328
-347.336  206.825       4.2328
-347.336  210.751       4.2328
-347.336  214.678       4.2328
-347.336  218.604       4.2328
-347.336  222.531       4.2328
-347.336  226.457       4.2328
-347.336  230.384       4.2328
-347.336  234.311       4.2328
-347.336  238.237       4.2328
-347.336  242.164       4.2328
-347.336  246.090       4.2328
-343.407 -142.642       4.2328
-343.407 -138.715       4.2328
-343.407 -134.789       4.2328
-343.407 -130.862       4.2328
-343.407 -126.936       4.2328
-343.407 -123.009       4.2328
-343.407 -119.082       4.2328
-343.407 -115.156       4.2328
-343.407 -111.229       4.2328
-343.407 -107.303       4.2328
-343.407 -103.376       4.2328
-343.407  -99.450       4.2328
-343.407  -95.523       4.2328
-343.407  -91.596       4.2328
-343.407  -87.670       4.2328
-343.407  -83.743       4.2328
-343.407  -79.817       4.2328
-343.407  -75.890       4.2328
-343.407  -71.963       4.2328
-343.407  -68.037       4.2328
-343.407  -64.110       4.2328
-343.407  -60.184       4.2328
-343.407  -56.257       4.2328
-343.407  -52.330       4.2328
-343.407  -48.404       4.2328
-343.407  -44.477       4.2328
-343.407  -40.551       4.2328
-343.407  -36.624       4.2328
-343.407  -32.697       4.2328
-343.407  -28.771       4.2328
-343.407  -24.844       4.2328
-343.407  -20.918       4.2328
-343.407  -16.991       4.2328
-343.407  -13.065       4.2328
-343.407   -9.138       4.2328
-343.407   -5.211       4.2328
-343.407   -1.285       3.8195
-343.407    2.642       3.4063
-343.407    6.568       2.5799
-343.407   10.495       2.3381
-343.407   14.422       2.3381
-343.407   18.348       2.2462
-343.407   22.275       1.9768
-343.407   26.201       1.9006
-343.407   30.128       1.9249
-343.407   34.055       3.4063
-343.407   37.981       2.9931
-343.407   41.908       4.2328
-343.407   45.834       4.2328
-343.407   49.761       2.6595
-343.407   53.688       2.0642
-343.407   57.614       1.5635
-343.407   61.541       1.7000
-343.407   65.467       1.6355
-343.407   69.394       1.3786
-343.407   73.320       1.6509
-343.407   77.247       1.6355
-343.407   81.174       1.6668
-343.407   85.100       1.5370
-343.407   89.027       1.3496
-343.407   92.953       1.4873
-343.407   96.880       1.1303
-343.407  100.807       1.4092
-343.407  104.733       1.3591
-343.407  108.660       1.4994
-343.407  112.586       1.4305
-343.407  116.513       1.4873
-343.407  120.440       1.3040
-343.407  124.366       1.4305
-343.407  128.293       1.5370
-343.407  132.219       1.7000
-343.407  136.146       1.3786
-343.407  140.072       1.1369
-343.407  143.999       1.1924
-343.407  147.926       1.2456
-343.407  151.852       1.5635
-343.407  155.779       1.8330
-343.407  159.705       2.2051
-343.407  163.632       2.7514
-343.407  167.559       3.1646
-343.407  171.485       4.2328
-343.407  175.412       4.2328
-343.407  179.338       4.2328
-343.407  183.265       4.2328
-343.407  187.192       4.2328
-343.407  191.118       4.2328
-343.407  195.045       4.2328
-343.407  198.971       4.2328
-343.407  202.898       4.2328
-343.407  206.825       4.2328
-343.407  210.751       4.2328
-343.407  214.678       4.2328
-343.407  218.604       4.2328
-343.407  222.531       4.2328
-343.407  226.457       4.2328
-343.407  230.384       4.2328
-343.407  234.311       4.2328
-343.407  238.237       4.2328
-343.407  242.164       4.2328
-343.407  246.090       4.2328
-339.478 -142.642       4.2328
-339.478 -138.715       4.2328
-339.478 -134.789       4.2328
-339.478 -130.862       4.2328
-339.478 -126.936       4.2328
-339.478 -123.009       4.2328
-339.478 -119.082       4.2328
-339.478 -115.156       4.2328
-339.478 -111.229       4.2328
-339.478 -107.303       4.2328
-339.478 -103.376       4.2328
-339.478  -99.450       4.2328
-339.478  -95.523       4.2328
-339.478  -91.596       4.2328
-339.478  -87.670       4.2328
-339.478  -83.743       4.2328
-339.478  -79.817       4.2328
-339.478  -75.890       4.2328
-339.478  -71.963       4.2328
-339.478  -68.037       4.2328
-339.478  -64.110       4.2328
-339.478  -60.184       4.2328
-339.478  -56.257       4.2328
-339.478  -52.330       4.2328
-339.478  -48.404       4.2328
-339.478  -44.477       4.2328
-339.478  -40.551       4.2328
-339.478  -36.624       4.2328
-339.478  -32.697       4.2328
-339.478  -28.771       4.2328
-339.478  -24.844       4.2328
-339.478  -20.918       4.2328
-339.478  -16.991       4.2328
-339.478  -13.065       4.2328
-339.478   -9.138       4.2328
-339.478   -5.211       4.2328
-339.478   -1.285       2.9931
-339.478    2.642       3.1646
-339.478    6.568       2.6595
-339.478   10.495       2.5799
-339.478   14.422       2.1305
-339.478   18.348       2.5799
-339.478   22.275       2.3900
-339.478   26.201       2.5096
-339.478   30.128       2.8600
-339.478   34.055       4.2328
-339.478   37.981       4.2328
-339.478   41.908       4.2328
-339.478   45.834       3.8195
-339.478   49.761       2.8600
-339.478   53.688       2.6595
-339.478   57.614       2.2462
-339.478   61.541       2.5096
-339.478   65.467       2.3381
-339.478   69.394       2.2051
-339.478   73.320       1.7173
-339.478   77.247       2.1305
-339.478   81.174       2.0045
-339.478   85.100       2.0336
-339.478   89.027       1.6668
-339.478   92.953       1.4873
-339.478   96.880       1.2222
-339.478  100.807       1.1852
-339.478  104.733       1.4755
-339.478  108.660       1.2953
-339.478  112.586       1.3989
-339.478  116.513       1.4640
-339.478  120.440       1.4873
-339.478  124.366       1.2377
-339.478  128.293       1.2867
-339.478  132.219       1.4873
-339.478  136.146       1.7173
-339.478  140.072       1.6204
-339.478  143.999       1.4755
-339.478  147.926       1.4755
-339.478  151.852       1.4640
-339.478  155.779       1.4092
-339.478  159.705       1.4873
-339.478  163.632       1.6056
-339.478  167.559       2.2904
-339.478  171.485       2.5799
-339.478  175.412       4.2328
-339.478  179.338       4.2328
-339.478  183.265       4.2328
-339.478  187.192       4.2328
-339.478  191.118       4.2328
-339.478  195.045       4.2328
-339.478  198.971       4.2328
-339.478  202.898       4.2328
-339.478  206.825       4.2328
-339.478  210.751       4.2328
-339.478  214.678       4.2328
-339.478  218.604       4.2328
-339.478  222.531       4.2328
-339.478  226.457       4.2328
-339.478  230.384       4.2328
-339.478  234.311       4.2328
-339.478  238.237       4.2328
-339.478  242.164       4.2328
-339.478  246.090       4.2328
-335.549 -142.642       4.2328
-335.549 -138.715       4.2328
-335.549 -134.789       4.2328
-335.549 -130.862       4.2328
-335.549 -126.936       4.2328
-335.549 -123.009       4.2328
-335.549 -119.082       4.2328
-335.549 -115.156       4.2328
-335.549 -111.229       4.2328
-335.549 -107.303       4.2328
-335.549 -103.376       4.2328
-335.549  -99.450       4.2328
-335.549  -95.523       4.2328
-335.549  -91.596       4.2328
-335.549  -87.670       4.2328
-335.549  -83.743       4.2328
-335.549  -79.817       4.2328
-335.549  -75.890       4.2328
-335.549  -71.963       4.2328
-335.549  -68.037       4.2328
-335.549  -64.110       4.2328
-335.549  -60.184       4.2328
-335.549  -56.257       4.2328
-335.549  -52.330       4.2328
-335.549  -48.404       4.2328
-335.549  -44.477       4.2328
-335.549  -40.551       4.2328
-335.549  -36.624       4.2328
-335.549  -32.697       4.2328
-335.549  -28.771       4.2328
-335.549  -24.844       4.2328
-335.549  -20.918       4.2328
-335.549  -16.991       3.8195
-335.549  -13.065       3.4063
-335.549   -9.138       2.5096
-335.549   -5.211       2.1666
-335.549   -1.285       3.4063
-335.549    2.642       2.5096
-335.549    6.568       2.0964
-335.549   10.495       2.2462
-335.549   14.422       2.5799
-335.549   18.348       3.4063
-335.549   22.275       4.2328
-335.549   26.201       2.9931
-335.549   30.128       4.2328
-335.549   34.055       3.1646
-335.549   37.981       3.8195
-335.549   41.908       4.2328
-335.549   45.834       4.2328
-335.549   49.761       3.4063
-335.549   53.688       3.8195
-335.549   57.614       3.8195
-335.549   61.541       2.3381
-335.549   65.467       1.9768
-335.549   69.394       2.0964
-335.549   73.320       2.0642
-335.549   77.247       1.8547
-335.549   81.174       2.1666
-335.549   85.100       2.2462
-335.549   89.027       1.7351
-335.549   92.953       1.4415
-335.549   96.880       1.3591
-335.549  100.807       1.4873
-335.549  104.733       1.6355
-335.549  108.660       1.5117
-335.549  112.586       1.4640
-335.549  116.513       1.4092
-335.549  120.440       1.5242
-335.549  124.366       1.1571
-335.549  128.293       1.0450
-335.549  132.219       1.4198
-335.549  136.146       1.2617
-335.549  140.072       1.1781
-335.549  143.999       1.3786
-335.549  147.926       1.6668
-335.549  151.852       1.6668
-335.549  155.779       1.4415
-335.549  159.705       1.3496
-335.549  163.632       1.3786
-335.549  167.559       1.6056
-335.549  171.485       1.8330
-335.549  175.412       2.7514
-335.549  179.338       4.2328
-335.549  183.265       4.2328
-335.549  187.192       4.2328
-335.549  191.118       4.2328
-335.549  195.045       4.2328
-335.549  198.971       4.2328
-335.549  202.898       4.2328
-335.549  206.825       4.2328
-335.549  210.751       4.2328
-335.549  214.678       4.2328
-335.549  218.604       4.2328
-335.549  222.531       4.2328
-335.549  226.457       4.2328
-335.549  230.384       4.2328
-335.549  234.311       4.2328
-335.549  238.237       4.2328
-335.549  242.164       4.2328
-335.549  246.090       4.2328
-331.620 -142.642       4.2328
-331.620 -138.715       4.2328
-331.620 -134.789       4.2328
-331.620 -130.862       4.2328
-331.620 -126.936       4.2328
-331.620 -123.009       4.2328
-331.620 -119.082       4.2328
-331.620 -115.156       4.2328
-331.620 -111.229       4.2328
-331.620 -107.303       4.2328
-331.620 -103.376       4.2328
-331.620  -99.450       4.2328
-331.620  -95.523       4.2328
-331.620  -91.596       4.2328
-331.620  -87.670       4.2328
-331.620  -83.743       4.2328
-331.620  -79.817       4.2328
-331.620  -75.890       4.2328
-331.620  -71.963       4.2328
-331.620  -68.037       4.2328
-331.620  -64.110       4.2328
-331.620  -60.184       4.2328
-331.620  -56.257       4.2328
-331.620  -52.330       4.2328
-331.620  -48.404       4.2328
-331.620  -44.477       4.2328
-331.620  -40.551       4.2328
-331.620  -36.624       4.2328
-331.620  -32.697       4.2328
-331.620  -28.771       4.2328
-331.620  -24.844       4.2328
-331.620  -20.918       4.2328
-331.620  -16.991       3.8195
-331.620  -13.065       2.6595
-331.620   -9.138       2.5096
-331.620   -5.211       2.6595
-331.620   -1.285       2.4468
-331.620    2.642       2.2462
-331.620    6.568       1.9006
-331.620   10.495       1.9249
-331.620   14.422       1.9249
-331.620   18.348       2.5096
-331.620   22.275       4.2328
-331.620   26.201       4.2328
-331.620   30.128       4.2328
-331.620   34.055       2.9931
-331.620   37.981       3.4063
-331.620   41.908       3.4063
-331.620   45.834       2.9931
-331.620   49.761       3.1646
-331.620   53.688       3.8195
-331.620   57.614       3.1646
-331.620   61.541       2.1305
-331.620   65.467       1.3887
-331.620   69.394       1.8121
-331.620   73.320       1.7173
-331.620   77.247       2.4468
-331.620   81.174       2.3900
-331.620   85.100       1.8547
-331.620   89.027       1.7173
-331.620   92.953       1.4198
-331.620   96.880       1.2456
-331.620  100.807       1.4092
-331.620  104.733       1.4092
-331.620  108.660       1.3496
-331.620  112.586       1.2456
-331.620  116.513       1.1174
-331.620  120.440       1.5913
-331.620  124.366       1.4415
-331.620  128.293       1.1997
-331.620  132.219       1.5242
-331.620  136.146       1.7173
-331.620  140.072       1.3887
-331.620  143.999       1.6509
-331.620  147.926       1.9503
-331.620  151.852       2.0336
-331.620  155.779       2.0336
-331.620  159.705       1.8121
-331.620  163.632       1.5773
-331.620  167.559       1.7919
-331.620  171.485       2.1666
-331.620  175.412       2.5799
-331.620  179.338       2.6595
-331.620  183.265       3.8195
-331.620  187.192       4.2328
-331.620  191.118       4.2328
-331.620  195.045       4.2328
-331.620  198.971       4.2328
-331.620  202.898       4.2328
-331.620  206.825       4.2328
-331.620  210.751       4.2328
-331.620  214.678       4.2328
-331.620  218.604       4.2328
-331.620  222.531       4.2328
-331.620  226.457       4.2328
-331.620  230.384       4.2328
-331.620  234.311       4.2328
-331.620  238.237       4.2328
-331.620  242.164       4.2328
-331.620  246.090       4.2328
-327.691 -142.642       4.2328
-327.691 -138.715       4.2328
-327.691 -134.789       4.2328
-327.691 -130.862       4.2328
-327.691 -126.936       4.2328
-327.691 -123.009       4.2328
-327.691 -119.082       4.2328
-327.691 -115.156       4.2328
-327.691 -111.229       4.2328
-327.691 -107.303       4.2328
-327.691 -103.376       4.2328
-327.691  -99.450       4.2328
-327.691  -95.523       4.2328
-327.691  -91.596       4.2328
-327.691  -87.670       4.2328
-327.691  -83.743       4.2328
-327.691  -79.817       4.2328
-327.691  -75.890       4.2328
-327.691  -71.963       4.2328
-327.691  -68.037       4.2328
-327.691  -64.110       4.2328
-327.691  -60.184       4.2328
-327.691  -56.257       4.2328
-327.691  -52.330       4.2328
-327.691  -48.404       4.2328
-327.691  -44.477       3.8195
-327.691  -40.551       3.4063
-327.691  -36.624       4.2328
-327.691  -32.697       4.2328
-327.691  -28.771       4.2328
-327.691  -24.844       4.2328
-327.691  -20.918       3.8195
-327.691  -16.991       2.4468
-327.691  -13.065       2.2904
-327.691   -9.138       2.2462
-327.691   -5.211       2.2051
-327.691   -1.285       2.5096
-327.691    2.642       2.3381
-327.691    6.568       1.8121
-327.691   10.495       1.4305
-327.691   14.422       1.7534
-327.691   18.348       2.2051
-327.691   22.275       3.8195
-327.691   26.201       3.8195
-327.691   30.128       3.4063
-327.691   34.055       3.4063
-327.691   37.981       3.4063
-327.691   41.908       2.5799
-327.691   45.834       2.6595
-327.691   49.761       2.3381
-327.691   53.688       2.9931
-327.691   57.614       2.7514
-327.691   61.541       2.2051
-327.691   65.467       1.6056
-327.691   69.394       1.6204
-327.691   73.320       2.2462
-327.691   77.247       3.1646
-327.691   81.174       2.8600
-327.691   85.100       1.8772
-327.691   89.027       1.8330
-327.691   92.953       1.2783
-327.691   96.880       1.0623
-327.691  100.807       1.3129
-327.691  104.733       1.1047
-327.691  108.660       1.1110
-327.691  112.586       1.1571
-327.691  116.513       1.2617
-327.691  120.440       1.3887
-327.691  124.366       1.4198
-327.691  128.293       1.4994
-327.691  132.219       1.8547
-327.691  136.146       1.9768
-327.691  140.072       1.8772
-327.691  143.999       2.0045
-327.691  147.926       2.0336
-327.691  151.852       1.9503
-327.691  155.779       2.5799
-327.691  159.705       2.7514
-327.691  163.632       1.7723
-327.691  167.559       1.8772
-327.691  171.485       1.6832
-327.691  175.412       2.5096
-327.691  179.338       2.3900
-327.691  183.265       2.3900
-327.691  187.192       4.2328
-327.691  191.118       4.2328
-327.691  195.045       4.2328
-327.691  198.971       4.2328
-327.691  202.898       4.2328
-327.691  206.825       4.2328
-327.691  210.751       4.2328
-327.691  214.678       4.2328
-327.691  218.604       4.2328
-327.691  222.531       4.2328
-327.691  226.457       4.2328
-327.691  230.384       4.2328
-327.691  234.311       4.2328
-327.691  238.237       4.2328
-327.691  242.164       4.2328
-327.691  246.090       4.2328
-323.762 -142.642       4.2328
-323.762 -138.715       4.2328
-323.762 -134.789       4.2328
-323.762 -130.862       4.2328
-323.762 -126.936       4.2328
-323.762 -123.009       4.2328
-323.762 -119.082       4.2328
-323.762 -115.156       4.2328
-323.762 -111.229       4.2328
-323.762 -107.303       4.2328
-323.762 -103.376       4.2328
-323.762  -99.450       4.2328
-323.762  -95.523       4.2328
-323.762  -91.596       4.2328
-323.762  -87.670       4.2328
-323.762  -83.743       4.2328
-323.762  -79.817       4.2328
-323.762  -75.890       4.2328
-323.762  -71.963       4.2328
-323.762  -68.037       4.2328
-323.762  -64.110       4.2328
-323.762  -60.184       4.2328
-323.762  -56.257       3.4063
-323.762  -52.330       2.1305
-323.762  -48.404       2.4468
-323.762  -44.477       3.1646
-323.762  -40.551       2.7514
-323.762  -36.624       2.8600
-323.762  -32.697       2.8600
-323.762  -28.771       2.5096
-323.762  -24.844       2.1305
-323.762  -20.918       2.2051
-323.762  -16.991       2.1666
-323.762  -13.065       2.3900
-323.762   -9.138       2.0336
-323.762   -5.211       2.0336
-323.762   -1.285       2.2462
-323.762    2.642       2.1305
-323.762    6.568       1.7534
-323.762   10.495       1.6355
-323.762   14.422       1.5635
-323.762   18.348       2.3900
-323.762   22.275       2.9931
-323.762   26.201       3.4063
-323.762   30.128       3.4063
-323.762   34.055       2.8600
-323.762   37.981       2.3900
-323.762   41.908       2.0964
-323.762   45.834       1.7534
-323.762   49.761       1.9768
-323.762   53.688       2.6595
-323.762   57.614       2.7514
-323.762   61.541       2.2462
-323.762   65.467       1.9006
-323.762   69.394       2.3381
-323.762   73.320       2.8600
-323.762   77.247       2.3381
-323.762   81.174       1.9006
-323.762   85.100       1.7919
-323.762   89.027       1.5635
-323.762   92.953       1.1369
-323.762   96.880       1.0984
-323.762  100.807       1.2146
-323.762  104.733       1.3129
-323.762  108.660       1.1174
-323.762  112.586       1.2783
-323.762  116.513       1.6509
-323.762  120.440       1.7000
-323.762  124.366       1.7173
-323.762  128.293       1.9249
-323.762  132.219       1.5913
-323.762  136.146       1.5501
-323.762  140.072       2.0045
-323.762  143.999       2.7514
-323.762  147.926       2.3900
-323.762  151.852       1.9006
-323.762  155.779       1.7534
-323.762  159.705       2.5096
-323.762  163.632       2.2051
-323.762  167.559       1.7351
-323.762  171.485       1.9249
-323.762  175.412       2.1666
-323.762  179.338       2.2904
-323.762  183.265       2.6595
-323.762  187.192       2.5096
-323.762  191.118       4.2328
-323.762  195.045       4.2328
-323.762  198.971       4.2328
-323.762  202.898       4.2328
-323.762  206.825       4.2328
-323.762  210.751       4.2328
-323.762  214.678       4.2328
-323.762  218.604       4.2328
-323.762  222.531       4.2328
-323.762  226.457       4.2328
-323.762  230.384       4.2328
-323.762  234.311       4.2328
-323.762  238.237       4.2328
-323.762  242.164       4.2328
-323.762  246.090       4.2328
-319.832 -142.642       4.2328
-319.832 -138.715       4.2328
-319.832 -134.789       4.2328
-319.832 -130.862       4.2328
-319.832 -126.936       4.2328
-319.832 -123.009       4.2328
-319.832 -119.082       4.2328
-319.832 -115.156       4.2328
-319.832 -111.229       4.2328
-319.832 -107.303       4.2328
-319.832 -103.376       4.2328
-319.832  -99.450       4.2328
-319.832  -95.523       4.2328
-319.832  -91.596       4.2328
-319.832  -87.670       4.2328
-319.832  -83.743       4.2328
-319.832  -79.817       4.2328
-319.832  -75.890       4.2328
-319.832  -71.963       4.2328
-319.832  -68.037       4.2328
-319.832  -64.110       4.2328
-319.832  -60.184       4.2328
-319.832  -56.257       2.8600
-319.832  -52.330       2.1305
-319.832  -48.404       1.7919
-319.832  -44.477       2.0642
-319.832  -40.551       2.8600
-319.832  -36.624       2.4468
-319.832  -32.697       2.5799
-319.832  -28.771       2.1666
-319.832  -24.844       1.7723
-319.832  -20.918       1.9249
-319.832  -16.991       2.0964
-319.832  -13.065       2.0964
-319.832   -9.138       1.6832
-319.832   -5.211       1.8330
-319.832   -1.285       1.9006
-319.832    2.642       2.2462
-319.832    6.568       2.0642
-319.832   10.495       1.6355
-319.832   14.422       1.8330
-319.832   18.348       2.0045
-319.832   22.275       3.1646
-319.832   26.201       2.7514
-319.832   30.128       2.2051
-319.832   34.055       1.8121
-319.832   37.981       1.8330
-319.832   41.908       1.5242
-319.832   45.834       1.9006
-319.832   49.761       2.3900
-319.832   53.688       3.1646
-319.832   57.614       3.1646
-319.832   61.541       1.9249
-319.832   65.467       2.2462
-319.832   69.394       2.8600
-319.832   73.320       2.5096
-319.832   77.247       2.4468
-319.832   81.174       1.9503
-319.832   85.100       1.6832
-319.832   89.027       1.7000
-319.832   92.953       1.3496
-319.832   96.880       1.3402
-319.832  100.807       1.4092
-319.832  104.733       1.3591
-319.832  108.660       1.5635
-319.832  112.586       1.7351
-319.832  116.513       1.7351
-319.832  120.440       1.6832
-319.832  124.366       1.6056
-319.832  128.293       1.7000
-319.832  132.219       1.4415
-319.832  136.146       1.6668
-319.832  140.072       2.0045
-319.832  143.999       2.5799
-319.832  147.926       2.6595
-319.832  151.852       1.9503
-319.832  155.779       1.6668
-319.832  159.705       2.3381
-319.832  163.632       2.5799
-319.832  167.559       2.6595
-319.832  171.485       2.3900
-319.832  175.412       2.3900
-319.832  179.338       2.4468
-319.832  183.265       2.5096
-319.832  187.192       2.2462
-319.832  191.118       2.7514
-319.832  195.045       3.8195
-319.832  198.971       4.2328
-319.832  202.898       4.2328
-319.832  206.825       4.2328
-319.832  210.751       4.2328
-319.832  214.678       4.2328
-319.832  218.604       4.2328
-319.832  222.531       4.2328
-319.832  226.457       4.2328
-319.832  230.384       4.2328
-319.832  234.311       4.2328
-319.832  238.237       4.2328
-319.832  242.164       4.2328
-319.832  246.090       4.2328
-315.903 -142.642       4.2328
-315.903 -138.715       4.2328
-315.903 -134.789       4.2328
-315.903 -130.862       4.2328
-315.903 -126.936       4.2328
-315.903 -123.009       4.2328
-315.903 -119.082       4.2328
-315.903 -115.156       4.2328
-315.903 -111.229       4.2328
-315.903 -107.303       4.2328
-315.903 -103.376       4.2328
-315.903  -99.450       4.2328
-315.903  -95.523       4.2328
-315.903  -91.596       4.2328
-315.903  -87.670       4.2328
-315.903  -83.743       4.2328
-315.903  -79.817       4.2328
-315.903  -75.890       4.2328
-315.903  -71.963       4.2328
-315.903  -68.037       4.2328
-315.903  -64.110       4.2328
-315.903  -60.184       4.2328
-315.903  -56.257       3.4063
-315.903  -52.330       2.6595
-315.903  -48.404       2.0045
-315.903  -44.477       2.0336
-315.903  -40.551       2.5096
-315.903  -36.624       2.7514
-315.903  -32.697       1.9503
-315.903  -28.771       1.4994
-315.903  -24.844       1.7534
-315.903  -20.918       1.8330
-315.903  -16.991       1.6668
-315.903  -13.065       2.0336
-315.903   -9.138       1.7919
-315.903   -5.211       1.7919
-315.903   -1.285       1.7919
-315.903    2.642       1.8121
-315.903    6.568       1.5242
-315.903   10.495       1.6204
-315.903   14.422       2.5799
-315.903   18.348       2.3900
-315.903   22.275       2.6595
-315.903   26.201       2.0642
-315.903   30.128       1.4526
-315.903   34.055       1.7173
-315.903   37.981       1.6668
-315.903   41.908       1.3402
-315.903   45.834       1.5242
-315.903   49.761       2.2051
-315.903   53.688       1.9768
-315.903   57.614       2.0964
-315.903   61.541       1.8121
-315.903   65.467       1.7723
-315.903   69.394       2.1305
-315.903   73.320       1.9503
-315.903   77.247       1.7919
-315.903   81.174       2.0045
-315.903   85.100       2.1305
-315.903   89.027       2.0045
-315.903   92.953       1.4994
-315.903   96.880       1.1640
-315.903  100.807       1.4415
-315.903  104.733       1.2783
-315.903  108.660       1.0450
-315.903  112.586       1.4198
-315.903  116.513       1.5913
-315.903  120.440       1.6832
-315.903  124.366       1.5117
-315.903  128.293       1.3688
-315.903  132.219       1.4092
-315.903  136.146       1.6204
-315.903  140.072       1.9249
-315.903  143.999       3.4063
-315.903  147.926       2.3900
-315.903  151.852       2.0964
-315.903  155.779       1.9006
-315.903  159.705       2.5799
-315.903  163.632       2.6595
-315.903  167.559       2.9931
-315.903  171.485       3.1646
-315.903  175.412       2.3900
-315.903  179.338       2.7514
-315.903  183.265       3.8195
-315.903  187.192       2.8600
-315.903  191.118       3.4063
-315.903  195.045       4.2328
-315.903  198.971       4.2328
-315.903  202.898       4.2328
-315.903  206.825       4.2328
-315.903  210.751       4.2328
-315.903  214.678       4.2328
-315.903  218.604       4.2328
-315.903  222.531       4.2328
-315.903  226.457       4.2328
-315.903  230.384       4.2328
-315.903  234.311       4.2328
-315.903  238.237       4.2328
-315.903  242.164       4.2328
-315.903  246.090       4.2328
-311.974 -142.642       4.2328
-311.974 -138.715       4.2328
-311.974 -134.789       4.2328
-311.974 -130.862       4.2328
-311.974 -126.936       4.2328
-311.974 -123.009       4.2328
-311.974 -119.082       4.2328
-311.974 -115.156       4.2328
-311.974 -111.229       4.2328
-311.974 -107.303       4.2328
-311.974 -103.376       4.2328
-311.974  -99.450       4.2328
-311.974  -95.523       4.2328
-311.974  -91.596       4.2328
-311.974  -87.670       4.2328
-311.974  -83.743       4.2328
-311.974  -79.817       4.2328
-311.974  -75.890       4.2328
-311.974  -71.963       4.2328
-311.974  -68.037       4.2328
-311.974  -64.110       2.5096
-311.974  -60.184       2.5799
-311.974  -56.257       3.1646
-311.974  -52.330       2.2904
-311.974  -48.404       1.7000
-311.974  -44.477       1.5117
-311.974  -40.551       2.2051
-311.974  -36.624       3.1646
-311.974  -32.697       2.0336
-311.974  -28.771       2.2462
-311.974  -24.844       2.5096
-311.974  -20.918       2.5799
-311.974  -16.991       1.8772
-311.974  -13.065       2.3900
-311.974   -9.138       1.9503
-311.974   -5.211       1.5242
-311.974   -1.285       1.4526
-311.974    2.642       1.8330
-311.974    6.568       1.6509
-311.974   10.495       2.0336
-311.974   14.422       3.1646
-311.974   18.348       3.4063
-311.974   22.275       1.9249
-311.974   26.201       1.7919
-311.974   30.128       2.1305
-311.974   34.055       2.2904
-311.974   37.981       1.8547
-311.974   41.908       1.5773
-311.974   45.834       1.6832
-311.974   49.761       1.4640
-311.974   53.688       1.2617
-311.974   57.614       1.5635
-311.974   61.541       1.5370
-311.974   65.467       1.5773
-311.974   69.394       1.4198
-311.974   73.320       1.4526
-311.974   77.247       1.4755
-311.974   81.174       1.2146
-311.974   85.100       1.1369
-311.974   89.027       1.5370
-311.974   92.953       1.5370
-311.974   96.880       1.4092
-311.974  100.807       1.4092
-311.974  104.733       1.1303
-311.974  108.660       0.9131
-311.974  112.586       1.1174
-311.974  116.513       1.5242
-311.974  120.440       1.4526
-311.974  124.366       1.5242
-311.974  128.293       1.3591
-311.974  132.219       1.5635
-311.974  136.146       2.0964
-311.974  140.072       2.2462
-311.974  143.999       2.6595
-311.974  147.926       3.1646
-311.974  151.852       2.5096
-311.974  155.779       2.1666
-311.974  159.705       2.8600
-311.974  163.632       2.6595
-311.974  167.559       2.4468
-311.974  171.485       2.5096
-311.974  175.412       2.5096
-311.974  179.338       2.1666
-311.974  183.265       2.6595
-311.974  187.192       3.8195
-311.974  191.118       4.2328
-311.974  195.045       4.2328
-311.974  198.971       4.2328
-311.974  202.898       4.2328
-311.974  206.825       4.2328
-311.974  210.751       4.2328
-311.974  214.678       4.2328
-311.974  218.604       4.2328
-311.974  222.531       4.2328
-311.974  226.457       4.2328
-311.974  230.384       4.2328
-311.974  234.311       4.2328
-311.974  238.237       4.2328
-311.974  242.164       4.2328
-311.974  246.090       4.2328
-308.045 -142.642       4.2328
-308.045 -138.715       4.2328
-308.045 -134.789       4.2328
-308.045 -130.862       4.2328
-308.045 -126.936       4.2328
-308.045 -123.009       4.2328
-308.045 -119.082       4.2328
-308.045 -115.156       4.2328
-308.045 -111.229       4.2328
-308.045 -107.303       4.2328
-308.045 -103.376       4.2328
-308.045  -99.450       4.2328
-308.045  -95.523       4.2328
-308.045  -91.596       4.2328
-308.045  -87.670       4.2328
-308.045  -83.743       4.2328
-308.045  -79.817       4.2328
-308.045  -75.890       4.2328
-308.045  -71.963       3.8195
-308.045  -68.037       2.5799
-308.045  -64.110       1.7919
-308.045  -60.184       2.0336
-308.045  -56.257       2.2904
-308.045  -52.330       1.8330
-308.045  -48.404       1.7000
-308.045  -44.477       1.5913
-308.045  -40.551       1.9249
-308.045  -36.624       2.3381
-308.045  -32.697       1.9249
-308.045  -28.771       1.7919
-308.045  -24.844       2.0336
-308.045  -20.918       1.9503
-308.045  -16.991       1.8547
-308.045  -13.065       2.3381
-308.045   -9.138       1.8121
-308.045   -5.211       1.6355
-308.045   -1.285       1.5913
-308.045    2.642       2.0964
-308.045    6.568       2.0642
-308.045   10.495       2.8600
-308.045   14.422       2.8600
-308.045   18.348       2.9931
-308.045   22.275       1.8772
-308.045   26.201       1.7534
-308.045   30.128       2.4468
-308.045   34.055       2.7514
-308.045   37.981       2.7514
-308.045   41.908       2.2051
-308.045   45.834       1.5635
-308.045   49.761       1.4305
-308.045   53.688       1.3688
-308.045   57.614       1.4873
-308.045   61.541       1.4415
-308.045   65.467       1.4755
-308.045   69.394       1.3218
-308.045   73.320       1.3040
-308.045   77.247       1.1924
-308.045   81.174       0.9177
-308.045   85.100       0.8364
-308.045   89.027       0.9960
-308.045   92.953       1.0801
-308.045   96.880       1.0507
-308.045  100.807       1.2456
-308.045  104.733       1.1781
-308.045  108.660       1.2867
-308.045  112.586       1.3786
-308.045  116.513       1.1852
-308.045  120.440       1.6509
-308.045  124.366       1.8121
-308.045  128.293       2.1666
-308.045  132.219       1.9768
-308.045  136.146       1.8121
-308.045  140.072       2.2051
-308.045  143.999       2.7514
-308.045  147.926       2.7514
-308.045  151.852       2.9931
-308.045  155.779       2.9931
-308.045  159.705       3.1646
-308.045  163.632       2.6595
-308.045  167.559       2.3381
-308.045  171.485       2.3381
-308.045  175.412       2.5096
-308.045  179.338       1.9006
-308.045  183.265       2.0642
-308.045  187.192       2.9931
-308.045  191.118       4.2328
-308.045  195.045       4.2328
-308.045  198.971       4.2328
-308.045  202.898       4.2328
-308.045  206.825       4.2328
-308.045  210.751       4.2328
-308.045  214.678       4.2328
-308.045  218.604       4.2328
-308.045  222.531       4.2328
-308.045  226.457       4.2328
-308.045  230.384       4.2328
-308.045  234.311       4.2328
-308.045  238.237       4.2328
-308.045  242.164       4.2328
-308.045  246.090       4.2328
-304.116 -142.642       4.2328
-304.116 -138.715       4.2328
-304.116 -134.789       4.2328
-304.116 -130.862       4.2328
-304.116 -126.936       4.2328
-304.116 -123.009       4.2328
-304.116 -119.082       4.2328
-304.116 -115.156       4.2328
-304.116 -111.229       4.2328
-304.116 -107.303       4.2328
-304.116 -103.376       4.2328
-304.116  -99.450       4.2328
-304.116  -95.523       4.2328
-304.116  -91.596       4.2328
-304.116  -87.670       4.2328
-304.116  -83.743       4.2328
-304.116  -79.817       4.2328
-304.116  -75.890       3.8195
-304.116  -71.963       2.2904
-304.116  -68.037       1.7723
-304.116  -64.110       2.2462
-304.116  -60.184       1.7723
-304.116  -56.257       1.9768
-304.116  -52.330       1.7351
-304.116  -48.404       1.4994
-304.116  -44.477       1.9249
-304.116  -40.551       2.0964
-304.116  -36.624       2.1666
-304.116  -32.697       1.9503
-304.116  -28.771       1.4640
-304.116  -24.844       1.4994
-304.116  -20.918       1.8547
-304.116  -16.991       2.0642
-304.116  -13.065       2.3381
-304.116   -9.138       2.3381
-304.116   -5.211       2.8600
-304.116   -1.285       2.5799
-304.116    2.642       2.3900
-304.116    6.568       3.8195
-304.116   10.495       4.2328
-304.116   14.422       2.2462
-304.116   18.348       3.8195
-304.116   22.275       2.9931
-304.116   26.201       2.9931
-304.116   30.128       3.1646
-304.116   34.055       2.0045
-304.116   37.981       2.1305
-304.116   41.908       1.8330
-304.116   45.834       1.6668
-304.116   49.761       1.3496
-304.116   53.688       1.3688
-304.116   57.614       1.3496
-304.116   61.541       1.2456
-304.116   65.467       1.4092
-304.116   69.394       1.3989
-304.116   73.320       1.4526
-304.116   77.247       1.7173
-304.116   81.174       1.1303
-304.116   85.100       0.9654
-304.116   89.027       1.1110
-304.116   92.953       1.0173
-304.116   96.880       1.2299
-304.116  100.807       1.2617
-304.116  104.733       0.8609
-304.116  108.660       1.0282
-304.116  112.586       1.2456
-304.116  116.513       1.7173
-304.116  120.440       1.6509
-304.116  124.366       2.0642
-304.116  128.293       2.0336
-304.116  132.219       1.7000
-304.116  136.146       1.4526
-304.116  140.072       1.6832
-304.116  143.999       2.4468
-304.116  147.926       2.7514
-304.116  151.852       3.1646
-304.116  155.779       2.5096
-304.116  159.705       2.3381
-304.116  163.632       2.2904
-304.116  167.559       1.7534
-304.116  171.485       1.7723
-304.116  175.412       2.0045
-304.116  179.338       1.9249
-304.116  183.265       2.2904
-304.116  187.192       2.3900
-304.116  191.118       3.8195
-304.116  195.045       4.2328
-304.116  198.971       4.2328
-304.116  202.898       4.2328
-304.116  206.825       4.2328
-304.116  210.751       4.2328
-304.116  214.678       4.2328
-304.116  218.604       4.2328
-304.116  222.531       4.2328
-304.116  226.457       4.2328
-304.116  230.384       4.2328
-304.116  234.311       4.2328
-304.116  238.237       4.2328
-304.116  242.164       4.2328
-304.116  246.090       4.2328
-300.187 -142.642       4.2328
-300.187 -138.715       4.2328
-300.187 -134.789       4.2328
-300.187 -130.862       4.2328
-300.187 -126.936       4.2328
-300.187 -123.009       4.2328
-300.187 -119.082       4.2328
-300.187 -115.156       4.2328
-300.187 -111.229       4.2328
-300.187 -107.303       4.2328
-300.187 -103.376       4.2328
-300.187  -99.450       4.2328
-300.187  -95.523       4.2328
-300.187  -91.596       4.2328
-300.187  -87.670       4.2328
-300.187  -83.743       4.2328
-300.187  -79.817       4.2328
-300.187  -75.890       3.8195
-300.187  -71.963       2.0045
-300.187  -68.037       1.6509
-300.187  -64.110       1.6832
-300.187  -60.184       1.5635
-300.187  -56.257       1.8121
-300.187  -52.330       1.4526
-300.187  -48.404       1.5635
-300.187  -44.477       1.6832
-300.187  -40.551       1.7351
-300.187  -36.624       2.0964
-300.187  -32.697       1.4415
-300.187  -28.771       1.5242
-300.187  -24.844       1.7351
-300.187  -20.918       2.2051
-300.187  -16.991       2.0045
-300.187  -13.065       2.2904
-300.187   -9.138       2.1305
-300.187   -5.211       2.2462
-300.187   -1.285       1.8772
-300.187    2.642       1.7534
-300.187    6.568       1.7351
-300.187   10.495       3.4063
-300.187   14.422       2.3381
-300.187   18.348       2.0336
-300.187   22.275       2.6595
-300.187   26.201       2.6595
-300.187   30.128       2.9931
-300.187   34.055       2.7514
-300.187   37.981       2.2462
-300.187   41.908       1.5773
-300.187   45.834       1.6056
-300.187   49.761       1.5635
-300.187   53.688       1.4092
-300.187   57.614       1.3887
-300.187   61.541       1.0923
-300.187   65.467       1.3496
-300.187   69.394       1.4994
-300.187   73.320       1.7919
-300.187   77.247       1.9768
-300.187   81.174       1.4755
-300.187   85.100       1.2299
-300.187   89.027       1.2456
-300.187   92.953       1.2299
-300.187   96.880       1.3496
-300.187  100.807       1.2222
-300.187  104.733       0.9754
-300.187  108.660       0.8693
-300.187  112.586       0.8609
-300.187  116.513       1.2456
-300.187  120.440       1.2953
-300.187  124.366       1.6355
-300.187  128.293       1.7723
-300.187  132.219       1.5773
-300.187  136.146       1.3496
-300.187  140.072       1.3040
-300.187  143.999       1.7173
-300.187  147.926       2.3381
-300.187  151.852       2.2462
-300.187  155.779       2.3900
-300.187  159.705       1.9006
-300.187  163.632       2.1305
-300.187  167.559       1.9503
-300.187  171.485       1.7723
-300.187  175.412       1.8772
-300.187  179.338       1.9503
-300.187  183.265       2.2462
-300.187  187.192       2.5096
-300.187  191.118       2.7514
-300.187  195.045       2.9931
-300.187  198.971       4.2328
-300.187  202.898       4.2328
-300.187  206.825       4.2328
-300.187  210.751       4.2328
-300.187  214.678       4.2328
-300.187  218.604       4.2328
-300.187  222.531       4.2328
-300.187  226.457       4.2328
-300.187  230.384       4.2328
-300.187  234.311       4.2328
-300.187  238.237       4.2328
-300.187  242.164       4.2328
-300.187  246.090       4.2328
-296.258 -142.642       4.2328
-296.258 -138.715       4.2328
-296.258 -134.789       4.2328
-296.258 -130.862       4.2328
-296.258 -126.936       4.2328
-296.258 -123.009       4.2328
-296.258 -119.082       4.2328
-296.258 -115.156       4.2328
-296.258 -111.229       4.2328
-296.258 -107.303       4.2328
-296.258 -103.376       4.2328
-296.258  -99.450       4.2328
-296.258  -95.523       4.2328
-296.258  -91.596       4.2328
-296.258  -87.670       4.2328
-296.258  -83.743       4.2328
-296.258  -79.817       4.2328
-296.258  -75.890       3.8195
-296.258  -71.963       2.4468
-296.258  -68.037       1.6355
-296.258  -64.110       1.2377
-296.258  -60.184       1.7534
-296.258  -56.257       1.8330
-296.258  -52.330       1.7534
-296.258  -48.404       1.4755
-296.258  -44.477       1.3688
-296.258  -40.551       1.2783
-296.258  -36.624       1.5242
-296.258  -32.697       1.5635
-296.258  -28.771       1.0119
-296.258  -24.844       1.3309
-296.258  -20.918       1.5501
-296.258  -16.991       1.5117
-296.258  -13.065       1.5913
-296.258   -9.138       1.8121
-296.258   -5.211       1.9006
-296.258   -1.285       1.6355
-296.258    2.642       1.7351
-296.258    6.568       2.2462
-296.258   10.495       2.8600
-296.258   14.422       2.2051
-296.258   18.348       2.1305
-296.258   22.275       2.7514
-296.258   26.201       3.8195
-296.258   30.128       3.8195
-296.258   34.055       3.1646
-296.258   37.981       1.7534
-296.258   41.908       1.8330
-296.258   45.834       1.7919
-296.258   49.761       1.4526
-296.258   53.688       1.2867
-296.258   57.614       1.2071
-296.258   61.541       1.1997
-296.258   65.467       1.0984
-296.258   69.394       1.2536
-296.258   73.320       1.2867
-296.258   77.247       1.5913
-296.258   81.174       1.4640
-296.258   85.100       1.1303
-296.258   89.027       1.1303
-296.258   92.953       1.0923
-296.258   96.880       1.1852
-296.258  100.807       1.5913
-296.258  104.733       1.3591
-296.258  108.660       0.9041
-296.258  112.586       0.9805
-296.258  116.513       1.0862
-296.258  120.440       0.8364
-296.258  124.366       0.8651
-296.258  128.293       1.0394
-296.258  132.219       1.2222
-296.258  136.146       1.3218
-296.258  140.072       1.2146
-296.258  143.999       1.4873
-296.258  147.926       1.8121
-296.258  151.852       2.2904
-296.258  155.779       1.9006
-296.258  159.705       1.8547
-296.258  163.632       1.9006
-296.258  167.559       1.8121
-296.258  171.485       1.6355
-296.258  175.412       1.3496
-296.258  179.338       1.4640
-296.258  183.265       1.5635
-296.258  187.192       2.0964
-296.258  191.118       2.0045
-296.258  195.045       2.0336
-296.258  198.971       2.5799
-296.258  202.898       3.8195
-296.258  206.825       4.2328
-296.258  210.751       4.2328
-296.258  214.678       4.2328
-296.258  218.604       4.2328
-296.258  222.531       4.2328
-296.258  226.457       4.2328
-296.258  230.384       4.2328
-296.258  234.311       4.2328
-296.258  238.237       4.2328
-296.258  242.164       4.2328
-296.258  246.090       4.2328
-292.329 -142.642       4.2328
-292.329 -138.715       4.2328
-292.329 -134.789       4.2328
-292.329 -130.862       4.2328
-292.329 -126.936       4.2328
-292.329 -123.009       4.2328
-292.329 -119.082       4.2328
-292.329 -115.156       4.2328
-292.329 -111.229       4.2328
-292.329 -107.303       4.2328
-292.329 -103.376       4.2328
-292.329  -99.450       4.2328
-292.329  -95.523       4.2328
-292.329  -91.596       4.2328
-292.329  -87.670       4.2328
-292.329  -83.743       4.2328
-292.329  -79.817       4.2328
-292.329  -75.890       3.8195
-292.329  -71.963       2.5096
-292.329  -68.037       1.7000
-292.329  -64.110       1.9006
-292.329  -60.184       1.9503
-292.329  -56.257       2.3381
-292.329  -52.330       1.8772
-292.329  -48.404       1.7723
-292.329  -44.477       1.3402
-292.329  -40.551       1.2867
-292.329  -36.624       1.8330
-292.329  -32.697       1.9249
-292.329  -28.771       1.3129
-292.329  -24.844       1.1924
-292.329  -20.918       1.3786
-292.329  -16.991       1.3989
-292.329  -13.065       1.8330
-292.329   -9.138       1.6056
-292.329   -5.211       1.8330
-292.329   -1.285       1.7723
-292.329    2.642       2.7514
-292.329    6.568       2.4468
-292.329   10.495       2.0336
-292.329   14.422       2.2051
-292.329   18.348       2.2462
-292.329   22.275       2.3381
-292.329   26.201       2.0045
-292.329   30.128       2.2904
-292.329   34.055       2.5096
-292.329   37.981       2.2051
-292.329   41.908       2.0336
-292.329   45.834       1.5913
-292.329   49.761       1.4873
-292.329   53.688       1.3218
-292.329   57.614       1.1436
-292.329   61.541       1.2867
-292.329   65.467       1.1781
-292.329   69.394       1.4198
-292.329   73.320       1.5635
-292.329   77.247       1.5370
-292.329   81.174       1.5913
-292.329   85.100       1.1503
-292.329   89.027       1.4305
-292.329   92.953       1.2700
-292.329   96.880       1.5773
-292.329  100.807       1.7000
-292.329  104.733       1.4640
-292.329  108.660       1.3129
-292.329  112.586       1.4526
-292.329  116.513       1.4305
-292.329  120.440       1.0450
-292.329  124.366       0.9041
-292.329  128.293       0.9041
-292.329  132.219       1.1640
-292.329  136.146       1.3786
-292.329  140.072       1.5635
-292.329  143.999       1.6204
-292.329  147.926       1.7723
-292.329  151.852       1.9006
-292.329  155.779       1.6056
-292.329  159.705       1.4755
-292.329  163.632       1.6668
-292.329  167.559       1.4755
-292.329  171.485       1.3887
-292.329  175.412       1.2617
-292.329  179.338       1.2377
-292.329  183.265       1.3496
-292.329  187.192       1.4198
-292.329  191.118       1.5635
-292.329  195.045       1.8330
-292.329  198.971       2.3381
-292.329  202.898       4.2328
-292.329  206.825       4.2328
-292.329  210.751       4.2328
-292.329  214.678       4.2328
-292.329  218.604       4.2328
-292.329  222.531       4.2328
-292.329  226.457       4.2328
-292.329  230.384       4.2328
-292.329  234.311       4.2328
-292.329  238.237       4.2328
-292.329  242.164       4.2328
-292.329  246.090       4.2328
-288.399 -142.642       4.2328
-288.399 -138.715       4.2328
-288.399 -134.789       4.2328
-288.399 -130.862       4.2328
-288.399 -126.936       4.2328
-288.399 -123.009       4.2328
-288.399 -119.082       4.2328
-288.399 -115.156       4.2328
-288.399 -111.229       4.2328
-288.399 -107.303       4.2328
-288.399 -103.376       4.2328
-288.399  -99.450       4.2328
-288.399  -95.523       4.2328
-288.399  -91.596       4.2328
-288.399  -87.670       4.2328
-288.399  -83.743       4.2328
-288.399  -79.817       4.2328
-288.399  -75.890       4.2328
-288.399  -71.963       2.4468
-288.399  -68.037       2.2462
-288.399  -64.110       2.7514
-288.399  -60.184       2.4468
-288.399  -56.257       2.4468
-288.399  -52.330       1.8772
-288.399  -48.404       1.7173
-288.399  -44.477       1.3309
-288.399  -40.551       1.5635
-288.399  -36.624       1.7351
-288.399  -32.697       1.4526
-288.399  -28.771       1.3786
-288.399  -24.844       1.6509
-288.399  -20.918       1.5242
-288.399  -16.991       1.3218
-288.399  -13.065       1.7351
-288.399   -9.138       2.2462
-288.399   -5.211       1.8330
-288.399   -1.285       2.5096
-288.399    2.642       1.9768
-288.399    6.568       2.2462
-288.399   10.495       2.9931
-288.399   14.422       2.0642
-288.399   18.348       2.8600
-288.399   22.275       2.1305
-288.399   26.201       1.7919
-288.399   30.128       1.8330
-288.399   34.055       1.9249
-288.399   37.981       2.2051
-288.399   41.908       2.5799
-288.399   45.834       1.8547
-288.399   49.761       1.8547
-288.399   53.688       1.6204
-288.399   57.614       1.7723
-288.399   61.541       1.9249
-288.399   65.467       1.8772
-288.399   69.394       1.8547
-288.399   73.320       1.8772
-288.399   77.247       2.5799
-288.399   81.174       1.9503
-288.399   85.100       1.5501
-288.399   89.027       1.4198
-288.399   92.953       1.3786
-288.399   96.880       1.5635
-288.399  100.807       1.4755
-288.399  104.733       1.6509
-288.399  108.660       1.6056
-288.399  112.586       1.4873
-288.399  116.513       1.7919
-288.399  120.440       1.5501
-288.399  124.366       1.2299
-288.399  128.293       1.2456
-288.399  132.219       1.4092
-288.399  136.146       1.4640
-288.399  140.072       1.4305
-288.399  143.999       2.0642
-288.399  147.926       1.9503
-288.399  151.852       2.0964
-288.399  155.779       2.3381
-288.399  159.705       1.3309
-288.399  163.632       1.3786
-288.399  167.559       1.2867
-288.399  171.485       1.4415
-288.399  175.412       1.5242
-288.399  179.338       1.5913
-288.399  183.265       1.4640
-288.399  187.192       1.1369
-288.399  191.118       1.2222
-288.399  195.045       2.2904
-288.399  198.971       2.6595
-288.399  202.898       4.2328
-288.399  206.825       4.2328
-288.399  210.751       4.2328
-288.399  214.678       4.2328
-288.399  218.604       4.2328
-288.399  222.531       4.2328
-288.399  226.457       4.2328
-288.399  230.384       4.2328
-288.399  234.311       4.2328
-288.399  238.237       4.2328
-288.399  242.164       4.2328
-288.399  246.090       4.2328
-284.470 -142.642       4.2328
-284.470 -138.715       4.2328
-284.470 -134.789       4.2328
-284.470 -130.862       4.2328
-284.470 -126.936       4.2328
-284.470 -123.009       4.2328
-284.470 -119.082       4.2328
-284.470 -115.156       4.2328
-284.470 -111.229       4.2328
-284.470 -107.303       4.2328
-284.470 -103.376       4.2328
-284.470  -99.450       4.2328
-284.470  -95.523       4.2328
-284.470  -91.596       4.2328
-284.470  -87.670       4.2328
-284.470  -83.743       4.2328
-284.470  -79.817       2.9931
-284.470  -75.890       2.4468
-284.470  -71.963       2.3381
-284.470  -68.037       1.9768
-284.470  -64.110       1.8772
-284.470  -60.184       2.1666
-284.470  -56.257       1.9768
-284.470  -52.330       1.9006
-284.470  -48.404       1.6056
-284.470  -44.477       1.7919
-284.470  -40.551       1.9503
-284.470  -36.624       1.4305
-284.470  -32.697       1.6056
-284.470  -28.771       2.0045
-284.470  -24.844       1.8772
-284.470  -20.918       1.8121
-284.470  -16.991       2.2904
-284.470  -13.065       3.4063
-284.470   -9.138       2.3381
-284.470   -5.211       2.1305
-284.470   -1.285       1.6204
-284.470    2.642       1.7919
-284.470    6.568       2.2904
-284.470   10.495       2.9931
-284.470   14.422       3.4063
-284.470   18.348       2.9931
-284.470   22.275       1.8330
-284.470   26.201       1.7173
-284.470   30.128       1.7534
-284.470   34.055       2.0964
-284.470   37.981       1.9768
-284.470   41.908       1.8121
-284.470   45.834       2.3381
-284.470   49.761       2.3900
-284.470   53.688       2.6595
-284.470   57.614       2.5799
-284.470   61.541       1.9249
-284.470   65.467       2.5096
-284.470   69.394       2.2051
-284.470   73.320       2.1666
-284.470   77.247       2.6595
-284.470   81.174       2.3381
-284.470   85.100       1.8121
-284.470   89.027       2.4468
-284.470   92.953       1.9503
-284.470   96.880       2.0964
-284.470  100.807       1.9503
-284.470  104.733       1.6668
-284.470  108.660       1.7534
-284.470  112.586       1.6509
-284.470  116.513       1.3402
-284.470  120.440       1.2377
-284.470  124.366       1.4092
-284.470  128.293       1.4305
-284.470  132.219       1.1238
-284.470  136.146       1.1436
-284.470  140.072       1.3989
-284.470  143.999       1.6832
-284.470  147.926       1.9768
-284.470  151.852       2.3381
-284.470  155.779       2.6595
-284.470  159.705       1.8330
-284.470  163.632       1.4526
-284.470  167.559       1.3887
-284.470  171.485       1.5913
-284.470  175.412       1.7919
-284.470  179.338       1.6204
-284.470  183.265       1.3129
-284.470  187.192       1.0338
-284.470  191.118       0.9704
-284.470  195.045       1.3496
-284.470  198.971       2.6595
-284.470  202.898       4.2328
-284.470  206.825       4.2328
-284.470  210.751       4.2328
-284.470  214.678       4.2328
-284.470  218.604       4.2328
-284.470  222.531       4.2328
-284.470  226.457       4.2328
-284.470  230.384       4.2328
-284.470  234.311       4.2328
-284.470  238.237       4.2328
-284.470  242.164       4.2328
-284.470  246.090       4.2328
-280.541 -142.642       4.2328
-280.541 -138.715       4.2328
-280.541 -134.789       4.2328
-280.541 -130.862       4.2328
-280.541 -126.936       4.2328
-280.541 -123.009       4.2328
-280.541 -119.082       4.2328
-280.541 -115.156       4.2328
-280.541 -111.229       4.2328
-280.541 -107.303       4.2328
-280.541 -103.376       4.2328
-280.541  -99.450       4.2328
-280.541  -95.523       4.2328
-280.541  -91.596       4.2328
-280.541  -87.670       2.9931
-280.541  -83.743       2.5799
-280.541  -79.817       1.9503
-280.541  -75.890       2.2051
-280.541  -71.963       1.9006
-280.541  -68.037       1.6355
-280.541  -64.110       1.9249
-280.541  -60.184       2.0964
-280.541  -56.257       1.7173
-280.541  -52.330       1.6056
-280.541  -48.404       1.3040
-280.541  -44.477       1.5773
-280.541  -40.551       1.7000
-280.541  -36.624       1.7000
-280.541  -32.697       2.0045
-280.541  -28.771       2.2904
-280.541  -24.844       2.5799
-280.541  -20.918       3.1646
-280.541  -16.991       3.8195
-280.541  -13.065       4.2328
-280.541   -9.138       3.8195
-280.541   -5.211       2.3381
-280.541   -1.285       2.3381
-280.541    2.642       2.2462
-280.541    6.568       2.2051
-280.541   10.495       2.5096
-280.541   14.422       2.8600
-280.541   18.348       2.2462
-280.541   22.275       1.4755
-280.541   26.201       1.4994
-280.541   30.128       1.7919
-280.541   34.055       2.2462
-280.541   37.981       1.9249
-280.541   41.908       1.8547
-280.541   45.834       2.2904
-280.541   49.761       2.2904
-280.541   53.688       2.5799
-280.541   57.614       3.1646
-280.541   61.541       2.3381
-280.541   65.467       2.5799
-280.541   69.394       2.5096
-280.541   73.320       2.7514
-280.541   77.247       2.0964
-280.541   81.174       2.1666
-280.541   85.100       2.2904
-280.541   89.027       2.0964
-280.541   92.953       2.5096
-280.541   96.880       3.1646
-280.541  100.807       2.5799
-280.541  104.733       1.9006
-280.541  108.660       1.8547
-280.541  112.586       1.7173
-280.541  116.513       1.3688
-280.541  120.440       1.2953
-280.541  124.366       1.3786
-280.541  128.293       1.4640
-280.541  132.219       1.5501
-280.541  136.146       1.3496
-280.541  140.072       1.2456
-280.541  143.999       1.3786
-280.541  147.926       1.3591
-280.541  151.852       1.8547
-280.541  155.779       2.2051
-280.541  159.705       1.9249
-280.541  163.632       1.6668
-280.541  167.559       1.5370
-280.541  171.485       1.7534
-280.541  175.412       2.9931
-280.541  179.338       2.2904
-280.541  183.265       1.3309
-280.541  187.192       1.1110
-280.541  191.118       1.0623
-280.541  195.045       1.3786
-280.541  198.971       1.9768
-280.541  202.898       3.1646
-280.541  206.825       3.8195
-280.541  210.751       4.2328
-280.541  214.678       4.2328
-280.541  218.604       4.2328
-280.541  222.531       4.2328
-280.541  226.457       4.2328
-280.541  230.384       4.2328
-280.541  234.311       4.2328
-280.541  238.237       4.2328
-280.541  242.164       4.2328
-280.541  246.090       4.2328
-276.612 -142.642       4.2328
-276.612 -138.715       4.2328
-276.612 -134.789       4.2328
-276.612 -130.862       4.2328
-276.612 -126.936       4.2328
-276.612 -123.009       4.2328
-276.612 -119.082       4.2328
-276.612 -115.156       4.2328
-276.612 -111.229       4.2328
-276.612 -107.303       4.2328
-276.612 -103.376       4.2328
-276.612  -99.450       4.2328
-276.612  -95.523       4.2328
-276.612  -91.596       3.4063
-276.612  -87.670       2.7514
-276.612  -83.743       2.1666
-276.612  -79.817       2.0964
-276.612  -75.890       1.7723
-276.612  -71.963       1.7534
-276.612  -68.037       1.6832
-276.612  -64.110       1.9768
-276.612  -60.184       1.5913
-276.612  -56.257       1.4526
-276.612  -52.330       1.7723
-276.612  -48.404       1.8121
-276.612  -44.477       2.0045
-276.612  -40.551       1.9006
-276.612  -36.624       2.6595
-276.612  -32.697       3.8195
-276.612  -28.771       2.8600
-276.612  -24.844       3.8195
-276.612  -20.918       4.2328
-276.612  -16.991       4.2328
-276.612  -13.065       4.2328
-276.612   -9.138       4.2328
-276.612   -5.211       3.8195
-276.612   -1.285       2.3900
-276.612    2.642       2.3381
-276.612    6.568       2.3900
-276.612   10.495       2.2051
-276.612   14.422       2.2051
-276.612   18.348       1.8547
-276.612   22.275       1.5242
-276.612   26.201       1.9503
-276.612   30.128       2.1305
-276.612   34.055       1.9503
-276.612   37.981       2.0964
-276.612   41.908       2.2051
-276.612   45.834       1.9249
-276.612   49.761       1.9249
-276.612   53.688       2.3381
-276.612   57.614       1.9503
-276.612   61.541       2.3381
-276.612   65.467       1.7723
-276.612   69.394       2.0964
-276.612   73.320       2.5096
-276.612   77.247       1.9768
-276.612   81.174       2.0964
-276.612   85.100       2.1305
-276.612   89.027       2.1666
-276.612   92.953       2.3381
-276.612   96.880       2.8600
-276.612  100.807       2.2904
-276.612  104.733       2.1666
-276.612  108.660       1.9249
-276.612  112.586       1.9006
-276.612  116.513       1.6668
-276.612  120.440       1.2536
-276.612  124.366       1.1369
-276.612  128.293       1.0565
-276.612  132.219       1.2953
-276.612  136.146       1.4198
-276.612  140.072       1.5635
-276.612  143.999       1.5501
-276.612  147.926       1.7351
-276.612  151.852       1.7723
-276.612  155.779       1.8121
-276.612  159.705       1.3496
-276.612  163.632       1.2299
-276.612  167.559       1.4415
-276.612  171.485       1.4640
-276.612  175.412       1.9503
-276.612  179.338       1.9768
-276.612  183.265       1.6204
-276.612  187.192       1.5773
-276.612  191.118       1.4198
-276.612  195.045       1.2617
-276.612  198.971       1.7351
-276.612  202.898       2.7514
-276.612  206.825       2.8600
-276.612  210.751       4.2328
-276.612  214.678       4.2328
-276.612  218.604       4.2328
-276.612  222.531       4.2328
-276.612  226.457       4.2328
-276.612  230.384       4.2328
-276.612  234.311       4.2328
-276.612  238.237       4.2328
-276.612  242.164       4.2328
-276.612  246.090       4.2328
-272.683 -142.642       4.2328
-272.683 -138.715       4.2328
-272.683 -134.789       4.2328
-272.683 -130.862       4.2328
-272.683 -126.936       4.2328
-272.683 -123.009       4.2328
-272.683 -119.082       4.2328
-272.683 -115.156       4.2328
-272.683 -111.229       4.2328
-272.683 -107.303       4.2328
-272.683 -103.376       4.2328
-272.683  -99.450       4.2328
-272.683  -95.523       4.2328
-272.683  -91.596       2.8600
-272.683  -87.670       2.2051
-272.683  -83.743       2.8600
-272.683  -79.817       2.8600
-272.683  -75.890       2.3381
-272.683  -71.963       2.1305
-272.683  -68.037       2.0045
-272.683  -64.110       1.7919
-272.683  -60.184       1.3129
-272.683  -56.257       1.4305
-272.683  -52.330       1.5913
-272.683  -48.404       2.5096
-272.683  -44.477       2.6595
-272.683  -40.551       3.1646
-272.683  -36.624       3.4063
-272.683  -32.697       4.2328
-272.683  -28.771       4.2328
-272.683  -24.844       3.8195
-272.683  -20.918       3.4063
-272.683  -16.991       3.4063
-272.683  -13.065       2.5799
-272.683   -9.138       3.4063
-272.683   -5.211       2.8600
-272.683   -1.285       1.9768
-272.683    2.642       1.8330
-272.683    6.568       2.3900
-272.683   10.495       1.8772
-272.683   14.422       2.0045
-272.683   18.348       1.6832
-272.683   22.275       1.8547
-272.683   26.201       2.4468
-272.683   30.128       2.2051
-272.683   34.055       2.2462
-272.683   37.981       2.2904
-272.683   41.908       2.3381
-272.683   45.834       2.0045
-272.683   49.761       2.0964
-272.683   53.688       1.8547
-272.683   57.614       1.7000
-272.683   61.541       2.0642
-272.683   65.467       1.9006
-272.683   69.394       1.9006
-272.683   73.320       2.0336
-272.683   77.247       1.8547
-272.683   81.174       2.0964
-272.683   85.100       2.6595
-272.683   89.027       2.5096
-272.683   92.953       2.5799
-272.683   96.880       2.5096
-272.683  100.807       2.7514
-272.683  104.733       1.9768
-272.683  108.660       1.6355
-272.683  112.586       1.8772
-272.683  116.513       1.9006
-272.683  120.440       1.5370
-272.683  124.366       1.4092
-272.683  128.293       1.2222
-272.683  132.219       1.1852
-272.683  136.146       1.7173
-272.683  140.072       2.1666
-272.683  143.999       2.3381
-272.683  147.926       2.2462
-272.683  151.852       2.2051
-272.683  155.779       1.5242
-272.683  159.705       1.4305
-272.683  163.632       1.1997
-272.683  167.559       1.1174
-272.683  171.485       1.3309
-272.683  175.412       1.3496
-272.683  179.338       1.8330
-272.683  183.265       1.4092
-272.683  187.192       1.3218
-272.683  191.118       1.2783
-272.683  195.045       1.3218
-272.683  198.971       1.4526
-272.683  202.898       2.5799
-272.683  206.825       2.5096
-272.683  210.751       4.2328
-272.683  214.678       4.2328
-272.683  218.604       4.2328
-272.683  222.531       4.2328
-272.683  226.457       4.2328
-272.683  230.384       4.2328
-272.683  234.311       4.2328
-272.683  238.237       4.2328
-272.683  242.164       4.2328
-272.683  246.090       4.2328
-268.754 -142.642       4.2328
-268.754 -138.715       4.2328
-268.754 -134.789       4.2328
-268.754 -130.862       4.2328
-268.754 -126.936       4.2328
-268.754 -123.009       4.2328
-268.754 -119.082       4.2328
-268.754 -115.156       4.2328
-268.754 -111.229       4.2328
-268.754 -107.303       4.2328
-268.754 -103.376       4.2328
-268.754  -99.450       4.2328
-268.754  -95.523       3.8195
-268.754  -91.596       3.1646
-268.754  -87.670       2.5799
-268.754  -83.743       4.2328
-268.754  -79.817       4.2328
-268.754  -75.890       2.2462
-268.754  -71.963       1.9503
-268.754  -68.037       2.2462
-268.754  -64.110       1.3218
-268.754  -60.184       1.1710
-268.754  -56.257       1.1997
-268.754  -52.330       1.5773
-268.754  -48.404       1.5501
-268.754  -44.477       2.3900
-268.754  -40.551       2.7514
-268.754  -36.624       2.5096
-268.754  -32.697       4.2328
-268.754  -28.771       2.9931
-268.754  -24.844       2.2904
-268.754  -20.918       2.1666
-268.754  -16.991       2.3381
-268.754  -13.065       2.1666
-268.754   -9.138       2.5096
-268.754   -5.211       2.9931
-268.754   -1.285       2.7514
-268.754    2.642       1.8121
-268.754    6.568       2.0045
-268.754   10.495       1.9249
-268.754   14.422       2.1305
-268.754   18.348       2.0642
-268.754   22.275       2.3900
-268.754   26.201       2.5799
-268.754   30.128       2.2904
-268.754   34.055       2.5096
-268.754   37.981       3.1646
-268.754   41.908       2.9931
-268.754   45.834       2.6595
-268.754   49.761       2.1666
-268.754   53.688       2.2051
-268.754   57.614       1.7173
-268.754   61.541       2.0964
-268.754   65.467       1.8547
-268.754   69.394       2.2051
-268.754   73.320       2.2051
-268.754   77.247       2.0045
-268.754   81.174       2.0336
-268.754   85.100       2.5096
-268.754   89.027       2.3900
-268.754   92.953       2.2904
-268.754   96.880       2.3900
-268.754  100.807       2.2051
-268.754  104.733       1.9503
-268.754  108.660       1.7723
-268.754  112.586       1.7173
-268.754  116.513       2.0045
-268.754  120.440       2.3900
-268.754  124.366       1.6204
-268.754  128.293       1.1436
-268.754  132.219       1.2953
-268.754  136.146       1.4198
-268.754  140.072       1.7534
-268.754  143.999       1.9249
-268.754  147.926       2.0336
-268.754  151.852       2.2051
-268.754  155.779       1.2456
-268.754  159.705       1.0565
-268.754  163.632       1.3402
-268.754  167.559       1.5913
-268.754  171.485       1.6204
-268.754  175.412       1.2536
-268.754  179.338       1.2456
-268.754  183.265       1.6204
-268.754  187.192       1.4640
-268.754  191.118       1.3402
-268.754  195.045       1.3786
-268.754  198.971       1.4092
-268.754  202.898       1.7919
-268.754  206.825       2.0336
-268.754  210.751       2.6595
-268.754  214.678       3.8195
-268.754  218.604       4.2328
-268.754  222.531       4.2328
-268.754  226.457       4.2328
-268.754  230.384       4.2328
-268.754  234.311       4.2328
-268.754  238.237       4.2328
-268.754  242.164       4.2328
-268.754  246.090       4.2328
-264.825 -142.642       4.2328
-264.825 -138.715       4.2328
-264.825 -134.789       4.2328
-264.825 -130.862       4.2328
-264.825 -126.936       4.2328
-264.825 -123.009       4.2328
-264.825 -119.082       4.2328
-264.825 -115.156       4.2328
-264.825 -111.229       4.2328
-264.825 -107.303       4.2328
-264.825 -103.376       4.2328
-264.825  -99.450       4.2328
-264.825  -95.523       3.8195
-264.825  -91.596       2.7514
-264.825  -87.670       2.9931
-264.825  -83.743       3.4063
-264.825  -79.817       3.1646
-264.825  -75.890       2.6595
-264.825  -71.963       2.1305
-264.825  -68.037       2.1305
-264.825  -64.110       1.4092
-264.825  -60.184       1.4755
-264.825  -56.257       1.8330
-264.825  -52.330       2.1305
-264.825  -48.404       1.7919
-264.825  -44.477       2.3381
-264.825  -40.551       2.9931
-264.825  -36.624       3.1646
-264.825  -32.697       3.1646
-264.825  -28.771       2.3900
-264.825  -24.844       2.3381
-264.825  -20.918       2.1666
-264.825  -16.991       1.8547
-264.825  -13.065       1.9768
-264.825   -9.138       2.5799
-264.825   -5.211       3.4063
-264.825   -1.285       2.8600
-264.825    2.642       1.9503
-264.825    6.568       1.9503
-264.825   10.495       2.0045
-264.825   14.422       1.9249
-264.825   18.348       1.9503
-264.825   22.275       2.1305
-264.825   26.201       2.8600
-264.825   30.128       2.8600
-264.825   34.055       3.8195
-264.825   37.981       3.8195
-264.825   41.908       2.8600
-264.825   45.834       3.4063
-264.825   49.761       2.9931
-264.825   53.688       2.2904
-264.825   57.614       1.9249
-264.825   61.541       2.1666
-264.825   65.467       2.5799
-264.825   69.394       1.8330
-264.825   73.320       1.8121
-264.825   77.247       1.8330
-264.825   81.174       2.8600
-264.825   85.100       2.5096
-264.825   89.027       2.2051
-264.825   92.953       2.6595
-264.825   96.880       2.4468
-264.825  100.807       2.3381
-264.825  104.733       2.0045
-264.825  108.660       1.5370
-264.825  112.586       1.8121
-264.825  116.513       2.0964
-264.825  120.440       2.7514
-264.825  124.366       2.5799
-264.825  128.293       1.8330
-264.825  132.219       1.7000
-264.825  136.146       1.4092
-264.825  140.072       1.3309
-264.825  143.999       1.3688
-264.825  147.926       1.3496
-264.825  151.852       1.9006
-264.825  155.779       1.6832
-264.825  159.705       1.1781
-264.825  163.632       1.2146
-264.825  167.559       1.9503
-264.825  171.485       2.2462
-264.825  175.412       1.6668
-264.825  179.338       1.4640
-264.825  183.265       1.2953
-264.825  187.192       1.1571
-264.825  191.118       1.2867
-264.825  195.045       1.2536
-264.825  198.971       1.5635
-264.825  202.898       1.4415
-264.825  206.825       1.6509
-264.825  210.751       2.3900
-264.825  214.678       3.8195
-264.825  218.604       4.2328
-264.825  222.531       4.2328
-264.825  226.457       4.2328
-264.825  230.384       4.2328
-264.825  234.311       4.2328
-264.825  238.237       4.2328
-264.825  242.164       4.2328
-264.825  246.090       4.2328
-260.895 -142.642       4.2328
-260.895 -138.715       4.2328
-260.895 -134.789       4.2328
-260.895 -130.862       4.2328
-260.895 -126.936       4.2328
-260.895 -123.009       4.2328
-260.895 -119.082       4.2328
-260.895 -115.156       4.2328
-260.895 -111.229       4.2328
-260.895 -107.303       4.2328
-260.895 -103.376       4.2328
-260.895  -99.450       4.2328
-260.895  -95.523       4.2328
-260.895  -91.596       3.8195
-260.895  -87.670       4.2328
-260.895  -83.743       3.4063
-260.895  -79.817       2.8600
-260.895  -75.890       2.5096
-260.895  -71.963       1.9503
-260.895  -68.037       1.9249
-260.895  -64.110       1.3218
-260.895  -60.184       1.7000
-260.895  -56.257       1.7534
-260.895  -52.330       1.5913
-260.895  -48.404       1.9768
-260.895  -44.477       2.1666
-260.895  -40.551       2.8600
-260.895  -36.624       4.2328
-260.895  -32.697       2.9931
-260.895  -28.771       2.3381
-260.895  -24.844       2.2904
-260.895  -20.918       2.2904
-260.895  -16.991       1.7351
-260.895  -13.065       1.6668
-260.895   -9.138       1.9503
-260.895   -5.211       2.3381
-260.895   -1.285       2.1305
-260.895    2.642       2.0045
-260.895    6.568       2.5096
-260.895   10.495       2.1666
-260.895   14.422       2.0642
-260.895   18.348       2.3900
-260.895   22.275       2.5096
-260.895   26.201       2.8600
-260.895   30.128       2.9931
-260.895   34.055       4.2328
-260.895   37.981       4.2328
-260.895   41.908       4.2328
-260.895   45.834       3.4063
-260.895   49.761       3.1646
-260.895   53.688       2.2904
-260.895   57.614       2.5799
-260.895   61.541       2.4468
-260.895   65.467       2.5096
-260.895   69.394       2.3900
-260.895   73.320       2.2904
-260.895   77.247       2.1305
-260.895   81.174       2.5799
-260.895   85.100       3.8195
-260.895   89.027       2.3900
-260.895   92.953       2.3381
-260.895   96.880       2.3900
-260.895  100.807       3.1646
-260.895  104.733       2.0642
-260.895  108.660       1.8772
-260.895  112.586       2.6595
-260.895  116.513       3.1646
-260.895  120.440       2.5799
-260.895  124.366       2.6595
-260.895  128.293       3.4063
-260.895  132.219       2.8600
-260.895  136.146       1.7173
-260.895  140.072       1.4994
-260.895  143.999       1.4873
-260.895  147.926       1.3591
-260.895  151.852       1.7723
-260.895  155.779       1.6832
-260.895  159.705       1.7919
-260.895  163.632       1.2867
-260.895  167.559       1.6509
-260.895  171.485       2.1666
-260.895  175.412       2.0642
-260.895  179.338       1.5773
-260.895  183.265       1.2377
-260.895  187.192       1.2456
-260.895  191.118       1.4873
-260.895  195.045       1.6204
-260.895  198.971       1.3989
-260.895  202.898       1.2456
-260.895  206.825       1.3887
-260.895  210.751       1.6832
-260.895  214.678       2.9931
-260.895  218.604       2.5799
-260.895  222.531       4.2328
-260.895  226.457       4.2328
-260.895  230.384       4.2328
-260.895  234.311       4.2328
-260.895  238.237       4.2328
-260.895  242.164       4.2328
-260.895  246.090       4.2328
-256.966 -142.642       4.2328
-256.966 -138.715       4.2328
-256.966 -134.789       4.2328
-256.966 -130.862       4.2328
-256.966 -126.936       4.2328
-256.966 -123.009       4.2328
-256.966 -119.082       4.2328
-256.966 -115.156       4.2328
-256.966 -111.229       4.2328
-256.966 -107.303       4.2328
-256.966 -103.376       4.2328
-256.966  -99.450       4.2328
-256.966  -95.523       3.8195
-256.966  -91.596       2.6595
-256.966  -87.670       2.8600
-256.966  -83.743       3.4063
-256.966  -79.817       3.8195
-256.966  -75.890       2.6595
-256.966  -71.963       2.0642
-256.966  -68.037       1.5117
-256.966  -64.110       1.5773
-256.966  -60.184       1.5913
-256.966  -56.257       1.7173
-256.966  -52.330       1.6668
-256.966  -48.404       1.9768
-256.966  -44.477       2.2462
-256.966  -40.551       2.3381
-256.966  -36.624       2.5799
-256.966  -32.697       2.3900
-256.966  -28.771       2.0642
-256.966  -24.844       2.9931
-256.966  -20.918       2.1666
-256.966  -16.991       1.9006
-256.966  -13.065       1.7723
-256.966   -9.138       1.5242
-256.966   -5.211       1.5913
-256.966   -1.285       1.6204
-256.966    2.642       1.5635
-256.966    6.568       2.0336
-256.966   10.495       2.2462
-256.966   14.422       2.3900
-256.966   18.348       3.1646
-256.966   22.275       4.2328
-256.966   26.201       4.2328
-256.966   30.128       4.2328
-256.966   34.055       4.2328
-256.966   37.981       4.2328
-256.966   41.908       4.2328
-256.966   45.834       4.2328
-256.966   49.761       2.7514
-256.966   53.688       2.3381
-256.966   57.614       2.2462
-256.966   61.541       2.0964
-256.966   65.467       2.1305
-256.966   69.394       2.2904
-256.966   73.320       2.0964
-256.966   77.247       2.4468
-256.966   81.174       2.9931
-256.966   85.100       2.8600
-256.966   89.027       2.2462
-256.966   92.953       2.2462
-256.966   96.880       2.0964
-256.966  100.807       2.2462
-256.966  104.733       2.3900
-256.966  108.660       2.6595
-256.966  112.586       2.0964
-256.966  116.513       2.1666
-256.966  120.440       2.8600
-256.966  124.366       3.4063
-256.966  128.293       3.8195
-256.966  132.219       2.5096
-256.966  136.146       2.5096
-256.966  140.072       2.5096
-256.966  143.999       1.8330
-256.966  147.926       1.4873
-256.966  151.852       1.2953
-256.966  155.779       1.6509
-256.966  159.705       1.6832
-256.966  163.632       1.6355
-256.966  167.559       2.0045
-256.966  171.485       2.0964
-256.966  175.412       2.2904
-256.966  179.338       1.8772
-256.966  183.265       1.4415
-256.966  187.192       1.1781
-256.966  191.118       1.4305
-256.966  195.045       2.0336
-256.966  198.971       1.4755
-256.966  202.898       1.0984
-256.966  206.825       1.2146
-256.966  210.751       1.5117
-256.966  214.678       2.1666
-256.966  218.604       2.2462
-256.966  222.531       3.8195
-256.966  226.457       3.8195
-256.966  230.384       4.2328
-256.966  234.311       4.2328
-256.966  238.237       4.2328
-256.966  242.164       4.2328
-256.966  246.090       4.2328
-253.037 -142.642       4.2328
-253.037 -138.715       4.2328
-253.037 -134.789       4.2328
-253.037 -130.862       4.2328
-253.037 -126.936       4.2328
-253.037 -123.009       4.2328
-253.037 -119.082       4.2328
-253.037 -115.156       4.2328
-253.037 -111.229       4.2328
-253.037 -107.303       3.1646
-253.037 -103.376       2.7514
-253.037  -99.450       2.9931
-253.037  -95.523       2.6595
-253.037  -91.596       2.7514
-253.037  -87.670       3.4063
-253.037  -83.743       2.3900
-253.037  -79.817       2.5799
-253.037  -75.890       3.4063
-253.037  -71.963       2.1305
-253.037  -68.037       1.9006
-253.037  -64.110       1.6668
-253.037  -60.184       1.7000
-253.037  -56.257       2.2051
-253.037  -52.330       2.0964
-253.037  -48.404       2.5799
-253.037  -44.477       2.5096
-253.037  -40.551       2.0336
-253.037  -36.624       2.2051
-253.037  -32.697       2.1666
-253.037  -28.771       1.8121
-253.037  -24.844       1.9006
-253.037  -20.918       2.2051
-253.037  -16.991       1.8772
-253.037  -13.065       1.6668
-253.037   -9.138       1.8330
-253.037   -5.211       1.8121
-253.037   -1.285       1.9768
-253.037    2.642       1.9249
-253.037    6.568       2.1305
-253.037   10.495       2.8600
-253.037   14.422       3.1646
-253.037   18.348       4.2328
-253.037   22.275       4.2328
-253.037   26.201       4.2328
-253.037   30.128       4.2328
-253.037   34.055       4.2328
-253.037   37.981       4.2328
-253.037   41.908       4.2328
-253.037   45.834       4.2328
-253.037   49.761       3.8195
-253.037   53.688       2.6595
-253.037   57.614       3.1646
-253.037   61.541       2.5799
-253.037   65.467       2.7514
-253.037   69.394       2.5799
-253.037   73.320       2.1666
-253.037   77.247       2.4468
-253.037   81.174       2.5799
-253.037   85.100       2.5096
-253.037   89.027       2.5799
-253.037   92.953       2.1305
-253.037   96.880       2.4468
-253.037  100.807       1.9249
-253.037  104.733       2.1305
-253.037  108.660       2.3900
-253.037  112.586       1.9249
-253.037  116.513       2.0336
-253.037  120.440       2.9931
-253.037  124.366       3.8195
-253.037  128.293       3.4063
-253.037  132.219       3.1646
-253.037  136.146       2.9931
-253.037  140.072       2.5096
-253.037  143.999       1.8772
-253.037  147.926       1.6204
-253.037  151.852       1.6056
-253.037  155.779       2.0336
-253.037  159.705       1.7919
-253.037  163.632       1.9006
-253.037  167.559       2.0045
-253.037  171.485       1.3688
-253.037  175.412       1.6355
-253.037  179.338       1.6832
-253.037  183.265       1.3402
-253.037  187.192       1.0623
-253.037  191.118       1.1174
-253.037  195.045       1.7000
-253.037  198.971       2.2904
-253.037  202.898       1.8330
-253.037  206.825       1.6832
-253.037  210.751       1.9006
-253.037  214.678       1.9503
-253.037  218.604       1.4994
-253.037  222.531       1.7351
-253.037  226.457       3.1646
-253.037  230.384       4.2328
-253.037  234.311       4.2328
-253.037  238.237       4.2328
-253.037  242.164       4.2328
-253.037  246.090       4.2328
-249.108 -142.642       4.2328
-249.108 -138.715       4.2328
-249.108 -134.789       4.2328
-249.108 -130.862       4.2328
-249.108 -126.936       4.2328
-249.108 -123.009       4.2328
-249.108 -119.082       4.2328
-249.108 -115.156       4.2328
-249.108 -111.229       4.2328
-249.108 -107.303       2.7514
-249.108 -103.376       1.7173
-249.108  -99.450       1.6204
-249.108  -95.523       2.5096
-249.108  -91.596       2.2904
-249.108  -87.670       2.3900
-249.108  -83.743       2.2462
-249.108  -79.817       3.4063
-249.108  -75.890       4.2328
-249.108  -71.963       2.8600
-249.108  -68.037       2.3381
-249.108  -64.110       2.0642
-249.108  -60.184       1.7351
-249.108  -56.257       2.1666
-249.108  -52.330       2.8600
-249.108  -48.404       2.2462
-249.108  -44.477       2.0964
-249.108  -40.551       1.8547
-249.108  -36.624       1.6668
-249.108  -32.697       2.2904
-249.108  -28.771       2.1305
-249.108  -24.844       1.9249
-249.108  -20.918       2.0642
-249.108  -16.991       1.7173
-249.108  -13.065       1.7919
-249.108   -9.138       2.1666
-249.108   -5.211       2.8600
-249.108   -1.285       3.4063
-249.108    2.642       2.9931
-249.108    6.568       2.7514
-249.108   10.495       2.8600
-249.108   14.422       2.5096
-249.108   18.348       3.1646
-249.108   22.275       4.2328
-249.108   26.201       4.2328
-249.108   30.128       4.2328
-249.108   34.055       4.2328
-249.108   37.981       4.2328
-249.108   41.908       4.2328
-249.108   45.834       4.2328
-249.108   49.761       3.4063
-249.108   53.688       3.8195
-249.108   57.614       4.2328
-249.108   61.541       2.8600
-249.108   65.467       2.6595
-249.108   69.394       2.5096
-249.108   73.320       2.4468
-249.108   77.247       2.2904
-249.108   81.174       2.8600
-249.108   85.100       2.3900
-249.108   89.027       2.7514
-249.108   92.953       2.3381
-249.108   96.880       2.2904
-249.108  100.807       1.7000
-249.108  104.733       1.7173
-249.108  108.660       2.0964
-249.108  112.586       2.1305
-249.108  116.513       2.2904
-249.108  120.440       2.5096
-249.108  124.366       3.8195
-249.108  128.293       4.2328
-249.108  132.219       3.1646
-249.108  136.146       2.4468
-249.108  140.072       2.3900
-249.108  143.999       2.3900
-249.108  147.926       2.0964
-249.108  151.852       2.2462
-249.108  155.779       2.8600
-249.108  159.705       1.6204
-249.108  163.632       1.5370
-249.108  167.559       1.8330
-249.108  171.485       1.3402
-249.108  175.412       1.1924
-249.108  179.338       1.4873
-249.108  183.265       1.6668
-249.108  187.192       1.3887
-249.108  191.118       1.1436
-249.108  195.045       1.1710
-249.108  198.971       2.5799
-249.108  202.898       3.4063
-249.108  206.825       2.2462
-249.108  210.751       2.0642
-249.108  214.678       1.7534
-249.108  218.604       1.5635
-249.108  222.531       1.7000
-249.108  226.457       2.5799
-249.108  230.384       4.2328
-249.108  234.311       4.2328
-249.108  238.237       4.2328
-249.108  242.164       4.2328
-249.108  246.090       4.2328
-245.179 -142.642       4.2328
-245.179 -138.715       4.2328
-245.179 -134.789       4.2328
-245.179 -130.862       4.2328
-245.179 -126.936       4.2328
-245.179 -123.009       4.2328
-245.179 -119.082       4.2328
-245.179 -115.156       3.1646
-245.179 -111.229       2.3900
-245.179 -107.303       1.5501
-245.179 -103.376       1.1110
-245.179  -99.450       1.4198
-245.179  -95.523       2.0642
-245.179  -91.596       1.9768
-245.179  -87.670       1.9249
-245.179  -83.743       2.6595
-245.179  -79.817       3.8195
-245.179  -75.890       3.1646
-245.179  -71.963       2.0336
-245.179  -68.037       1.9249
-245.179  -64.110       1.9006
-245.179  -60.184       2.4468
-245.179  -56.257       2.3900
-245.179  -52.330       2.0642
-245.179  -48.404       2.2051
-245.179  -44.477       2.3381
-245.179  -40.551       1.9006
-245.179  -36.624       1.6204
-245.179  -32.697       1.7534
-245.179  -28.771       1.9006
-245.179  -24.844       1.9503
-245.179  -20.918       1.9503
-245.179  -16.991       2.0964
-245.179  -13.065       2.1666
-245.179   -9.138       2.6595
-245.179   -5.211       4.2328
-245.179   -1.285       4.2328
-245.179    2.642       4.2328
-245.179    6.568       3.4063
-245.179   10.495       2.6595
-245.179   14.422       2.6595
-245.179   18.348       3.1646
-245.179   22.275       3.4063
-245.179   26.201       3.4063
-245.179   30.128       4.2328
-245.179   34.055       4.2328
-245.179   37.981       4.2328
-245.179   41.908       4.2328
-245.179   45.834       4.2328
-245.179   49.761       2.3381
-245.179   53.688       2.5799
-245.179   57.614       2.8600
-245.179   61.541       2.3900
-245.179   65.467       2.6595
-245.179   69.394       3.4063
-245.179   73.320       2.9931
-245.179   77.247       2.0642
-245.179   81.174       1.7723
-245.179   85.100       1.9503
-245.179   89.027       2.3381
-245.179   92.953       2.1305
-245.179   96.880       2.2462
-245.179  100.807       2.0642
-245.179  104.733       2.0964
-245.179  108.660       2.1666
-245.179  112.586       1.8330
-245.179  116.513       2.0045
-245.179  120.440       2.0336
-245.179  124.366       2.2051
-245.179  128.293       2.5799
-245.179  132.219       2.5096
-245.179  136.146       1.9249
-245.179  140.072       1.5635
-245.179  143.999       2.1666
-245.179  147.926       2.1666
-245.179  151.852       2.2462
-245.179  155.779       2.2462
-245.179  159.705       2.3900
-245.179  163.632       1.9768
-245.179  167.559       1.6355
-245.179  171.485       1.6832
-245.179  175.412       1.1924
-245.179  179.338       1.0984
-245.179  183.265       1.5117
-245.179  187.192       1.7919
-245.179  191.118       1.4873
-245.179  195.045       1.5242
-245.179  198.971       1.6832
-245.179  202.898       2.3900
-245.179  206.825       3.1646
-245.179  210.751       2.0336
-245.179  214.678       1.6056
-245.179  218.604       1.4755
-245.179  222.531       1.8121
-245.179  226.457       2.3900
-245.179  230.384       2.5799
-245.179  234.311       3.1646
-245.179  238.237       4.2328
-245.179  242.164       4.2328
-245.179  246.090       4.2328
-241.250 -142.642       4.2328
-241.250 -138.715       4.2328
-241.250 -134.789       4.2328
-241.250 -130.862       4.2328
-241.250 -126.936       4.2328
-241.250 -123.009       4.2328
-241.250 -119.082       3.8195
-241.250 -115.156       2.6595
-241.250 -111.229       1.6509
-241.250 -107.303       1.2299
-241.250 -103.376       1.1303
-241.250  -99.450       1.4092
-241.250  -95.523       1.5370
-241.250  -91.596       1.7351
-241.250  -87.670       2.3900
-241.250  -83.743       3.8195
-241.250  -79.817       4.2328
-241.250  -75.890       4.2328
-241.250  -71.963       2.3900
-241.250  -68.037       2.0642
-241.250  -64.110       2.3900
-241.250  -60.184       2.3381
-241.250  -56.257       2.2051
-241.250  -52.330       2.1666
-241.250  -48.404       2.4468
-241.250  -44.477       2.3900
-241.250  -40.551       2.5096
-241.250  -36.624       2.1666
-241.250  -32.697       1.9006
-241.250  -28.771       1.9768
-241.250  -24.844       2.5096
-241.250  -20.918       3.8195
-241.250  -16.991       2.5096
-241.250  -13.065       2.0336
-241.250   -9.138       2.2462
-241.250   -5.211       2.4468
-241.250   -1.285       3.8195
-241.250    2.642       4.2328
-241.250    6.568       3.8195
-241.250   10.495       2.9931
-241.250   14.422       3.8195
-241.250   18.348       3.4063
-241.250   22.275       2.5096
-241.250   26.201       3.4063
-241.250   30.128       3.8195
-241.250   34.055       4.2328
-241.250   37.981       4.2328
-241.250   41.908       3.8195
-241.250   45.834       3.1646
-241.250   49.761       2.2462
-241.250   53.688       2.6595
-241.250   57.614       2.6595
-241.250   61.541       2.8600
-241.250   65.467       3.4063
-241.250   69.394       4.2328
-241.250   73.320       3.1646
-241.250   77.247       2.9931
-241.250   81.174       2.2051
-241.250   85.100       1.8330
-241.250   89.027       2.2462
-241.250   92.953       2.0045
-241.250   96.880       1.9249
-241.250  100.807       1.9006
-241.250  104.733       1.9006
-241.250  108.660       1.6832
-241.250  112.586       1.8330
-241.250  116.513       1.8772
-241.250  120.440       2.0336
-241.250  124.366       1.8772
-241.250  128.293       1.9249
-241.250  132.219       2.5096
-241.250  136.146       2.1666
-241.250  140.072       2.0642
-241.250  143.999       2.0045
-241.250  147.926       2.9931
-241.250  151.852       2.5799
-241.250  155.779       2.2051
-241.250  159.705       2.3900
-241.250  163.632       1.7534
-241.250  167.559       1.2700
-241.250  171.485       1.5117
-241.250  175.412       1.5635
-241.250  179.338       1.3218
-241.250  183.265       1.4640
-241.250  187.192       2.1305
-241.250  191.118       2.3381
-241.250  195.045       1.5117
-241.250  198.971       1.5913
-241.250  202.898       2.5799
-241.250  206.825       3.8195
-241.250  210.751       2.5096
-241.250  214.678       2.0642
-241.250  218.604       1.7173
-241.250  222.531       1.4755
-241.250  226.457       1.5913
-241.250  230.384       1.6509
-241.250  234.311       2.2051
-241.250  238.237       4.2328
-241.250  242.164       4.2328
-241.250  246.090       4.2328
-237.321 -142.642       4.2328
-237.321 -138.715       4.2328
-237.321 -134.789       4.2328
-237.321 -130.862       4.2328
-237.321 -126.936       4.2328
-237.321 -123.009       4.2328
-237.321 -119.082       3.4063
-237.321 -115.156       2.0964
-237.321 -111.229       1.6509
-237.321 -107.303       1.4092
-237.321 -103.376       1.1710
-237.321  -99.450       1.3402
-237.321  -95.523       1.5242
-237.321  -91.596       1.7351
-237.321  -87.670       2.2904
-237.321  -83.743       3.8195
-237.321  -79.817       4.2328
-237.321  -75.890       4.2328
-237.321  -71.963       2.8600
-237.321  -68.037       2.8600
-237.321  -64.110       2.2051
-237.321  -60.184       2.0964
-237.321  -56.257       2.1305
-237.321  -52.330       2.2904
-237.321  -48.404       2.1305
-237.321  -44.477       2.6595
-237.321  -40.551       3.1646
-237.321  -36.624       2.3381
-237.321  -32.697       2.0642
-237.321  -28.771       2.5096
-237.321  -24.844       2.8600
-237.321  -20.918       2.7514
-237.321  -16.991       2.1666
-237.321  -13.065       2.0642
-237.321   -9.138       2.8600
-237.321   -5.211       2.6595
-237.321   -1.285       3.4063
-237.321    2.642       4.2328
-237.321    6.568       3.8195
-237.321   10.495       3.4063
-237.321   14.422       4.2328
-237.321   18.348       3.8195
-237.321   22.275       2.8600
-237.321   26.201       3.8195
-237.321   30.128       4.2328
-237.321   34.055       4.2328
-237.321   37.981       3.4063
-237.321   41.908       2.4468
-237.321   45.834       2.1305
-237.321   49.761       1.8121
-237.321   53.688       2.2904
-237.321   57.614       2.9931
-237.321   61.541       3.4063
-237.321   65.467       2.3900
-237.321   69.394       4.2328
-237.321   73.320       2.9931
-237.321   77.247       2.7514
-237.321   81.174       2.5799
-237.321   85.100       2.3381
-237.321   89.027       2.3900
-237.321   92.953       2.4468
-237.321   96.880       2.2462
-237.321  100.807       1.7534
-237.321  104.733       1.5913
-237.321  108.660       1.6056
-237.321  112.586       1.5117
-237.321  116.513       1.7173
-237.321  120.440       1.9503
-237.321  124.366       1.8772
-237.321  128.293       1.8547
-237.321  132.219       2.2462
-237.321  136.146       2.4468
-237.321  140.072       3.1646
-237.321  143.999       3.1646
-237.321  147.926       2.3381
-237.321  151.852       2.5799
-237.321  155.779       2.5096
-237.321  159.705       2.5096
-237.321  163.632       2.2462
-237.321  167.559       1.6668
-237.321  171.485       1.4640
-237.321  175.412       1.8330
-237.321  179.338       1.3591
-237.321  183.265       1.2456
-237.321  187.192       1.8772
-237.321  191.118       1.8121
-237.321  195.045       1.3040
-237.321  198.971       1.4305
-237.321  202.898       1.7919
-237.321  206.825       2.8600
-237.321  210.751       3.1646
-237.321  214.678       1.7919
-237.321  218.604       1.4994
-237.321  222.531       1.2536
-237.321  226.457       1.1174
-237.321  230.384       1.4092
-237.321  234.311       2.4468
-237.321  238.237       4.2328
-237.321  242.164       4.2328
-237.321  246.090       4.2328
-233.391 -142.642       4.2328
-233.391 -138.715       4.2328
-233.391 -134.789       4.2328
-233.391 -130.862       4.2328
-233.391 -126.936       4.2328
-233.391 -123.009       4.2328
-233.391 -119.082       4.2328
-233.391 -115.156       2.7514
-233.391 -111.229       1.9768
-233.391 -107.303       1.7723
-233.391 -103.376       1.9503
-233.391  -99.450       1.6355
-233.391  -95.523       1.7534
-233.391  -91.596       2.0964
-233.391  -87.670       2.1305
-233.391  -83.743       3.4063
-233.391  -79.817       4.2328
-233.391  -75.890       4.2328
-233.391  -71.963       4.2328
-233.391  -68.037       3.8195
-233.391  -64.110       2.2904
-233.391  -60.184       2.0045
-233.391  -56.257       2.2462
-233.391  -52.330       1.7723
-233.391  -48.404       2.5096
-233.391  -44.477       2.9931
-233.391  -40.551       3.4063
-233.391  -36.624       2.8600
-233.391  -32.697       2.8600
-233.391  -28.771       4.2328
-233.391  -24.844       2.6595
-233.391  -20.918       3.1646
-233.391  -16.991       2.2462
-233.391  -13.065       2.1305
-233.391   -9.138       2.4468
-233.391   -5.211       3.4063
-233.391   -1.285       3.8195
-233.391    2.642       2.7514
-233.391    6.568       2.9931
-233.391   10.495       4.2328
-233.391   14.422       4.2328
-233.391   18.348       4.2328
-233.391   22.275       4.2328
-233.391   26.201       4.2328
-233.391   30.128       4.2328
-233.391   34.055       4.2328
-233.391   37.981       2.5799
-233.391   41.908       1.9768
-233.391   45.834       1.7723
-233.391   49.761       1.6832
-233.391   53.688       1.7534
-233.391   57.614       2.0642
-233.391   61.541       2.7514
-233.391   65.467       4.2328
-233.391   69.394       3.8195
-233.391   73.320       2.6595
-233.391   77.247       2.2462
-233.391   81.174       2.3900
-233.391   85.100       2.5799
-233.391   89.027       2.5096
-233.391   92.953       2.3900
-233.391   96.880       2.8600
-233.391  100.807       2.2904
-233.391  104.733       2.2051
-233.391  108.660       1.7534
-233.391  112.586       1.7351
-233.391  116.513       1.7723
-233.391  120.440       1.7000
-233.391  124.366       1.8547
-233.391  128.293       1.7534
-233.391  132.219       1.7723
-233.391  136.146       2.0045
-233.391  140.072       2.4468
-233.391  143.999       2.9931
-233.391  147.926       2.2051
-233.391  151.852       2.3381
-233.391  155.779       2.2051
-233.391  159.705       2.3900
-233.391  163.632       1.8330
-233.391  167.559       1.6509
-233.391  171.485       1.5501
-233.391  175.412       1.5242
-233.391  179.338       1.9249
-233.391  183.265       1.4994
-233.391  187.192       1.4305
-233.391  191.118       1.3040
-233.391  195.045       1.1436
-233.391  198.971       1.2222
-233.391  202.898       1.3040
-233.391  206.825       1.7534
-233.391  210.751       2.0045
-233.391  214.678       1.4873
-233.391  218.604       1.3989
-233.391  222.531       1.2299
-233.391  226.457       0.9411
-233.391  230.384       1.1710
-233.391  234.311       1.3989
-233.391  238.237       2.7514
-233.391  242.164       4.2328
-233.391  246.090       4.2328
-229.462 -142.642       4.2328
-229.462 -138.715       4.2328
-229.462 -134.789       4.2328
-229.462 -130.862       4.2328
-229.462 -126.936       4.2328
-229.462 -123.009       4.2328
-229.462 -119.082       3.8195
-229.462 -115.156       2.7514
-229.462 -111.229       1.9503
-229.462 -107.303       1.9006
-229.462 -103.376       1.9503
-229.462  -99.450       2.5799
-229.462  -95.523       2.4468
-229.462  -91.596       1.9503
-229.462  -87.670       2.1666
-229.462  -83.743       3.1646
-229.462  -79.817       3.4063
-229.462  -75.890       4.2328
-229.462  -71.963       4.2328
-229.462  -68.037       3.8195
-229.462  -64.110       2.8600
-229.462  -60.184       2.2462
-229.462  -56.257       2.3381
-229.462  -52.330       2.2462
-229.462  -48.404       2.4468
-229.462  -44.477       2.9931
-229.462  -40.551       3.8195
-229.462  -36.624       3.8195
-229.462  -32.697       4.2328
-229.462  -28.771       2.8600
-229.462  -24.844       2.6595
-229.462  -20.918       1.8330
-229.462  -16.991       1.6509
-229.462  -13.065       2.2051
-229.462   -9.138       2.5799
-229.462   -5.211       2.9931
-229.462   -1.285       3.8195
-229.462    2.642       4.2328
-229.462    6.568       4.2328
-229.462   10.495       4.2328
-229.462   14.422       4.2328
-229.462   18.348       4.2328
-229.462   22.275       4.2328
-229.462   26.201       4.2328
-229.462   30.128       4.2328
-229.462   34.055       4.2328
-229.462   37.981       2.3381
-229.462   41.908       2.4468
-229.462   45.834       2.2462
-229.462   49.761       2.5096
-229.462   53.688       2.0045
-229.462   57.614       2.1666
-229.462   61.541       2.3900
-229.462   65.467       3.1646
-229.462   69.394       2.5096
-229.462   73.320       2.1666
-229.462   77.247       1.9249
-229.462   81.174       2.8600
-229.462   85.100       2.5096
-229.462   89.027       2.3900
-229.462   92.953       2.5799
-229.462   96.880       2.0964
-229.462  100.807       2.2904
-229.462  104.733       3.8195
-229.462  108.660       2.7514
-229.462  112.586       2.1666
-229.462  116.513       1.8547
-229.462  120.440       1.6056
-229.462  124.366       1.7000
-229.462  128.293       1.8772
-229.462  132.219       1.7919
-229.462  136.146       1.7723
-229.462  140.072       1.7351
-229.462  143.999       2.1305
-229.462  147.926       1.9768
-229.462  151.852       1.8330
-229.462  155.779       2.2904
-229.462  159.705       2.0336
-229.462  163.632       1.7919
-229.462  167.559       1.5773
-229.462  171.485       1.8121
-229.462  175.412       1.6056
-229.462  179.338       1.7919
-229.462  183.265       1.4526
-229.462  187.192       0.9805
-229.462  191.118       0.9363
-229.462  195.045       1.0623
-229.462  198.971       1.2146
-229.462  202.898       1.3040
-229.462  206.825       1.4640
-229.462  210.751       2.1305
-229.462  214.678       1.6355
-229.462  218.604       1.5635
-229.462  222.531       1.5370
-229.462  226.457       1.3887
-229.462  230.384       1.2377
-229.462  234.311       1.2700
-229.462  238.237       1.7723
-229.462  242.164       2.9931
-229.462  246.090       4.2328
-225.533 -142.642       4.2328
-225.533 -138.715       4.2328
-225.533 -134.789       4.2328
-225.533 -130.862       4.2328
-225.533 -126.936       4.2328
-225.533 -123.009       4.2328
-225.533 -119.082       4.2328
-225.533 -115.156       2.5096
-225.533 -111.229       1.8547
-225.533 -107.303       1.8121
-225.533 -103.376       2.3900
-225.533  -99.450       3.8195
-225.533  -95.523       3.1646
-225.533  -91.596       2.6595
-225.533  -87.670       2.5096
-225.533  -83.743       4.2328
-225.533  -79.817       4.2328
-225.533  -75.890       4.2328
-225.533  -71.963       4.2328
-225.533  -68.037       4.2328
-225.533  -64.110       3.4063
-225.533  -60.184       3.8195
-225.533  -56.257       3.8195
-225.533  -52.330       3.1646
-225.533  -48.404       3.4063
-225.533  -44.477       2.6595
-225.533  -40.551       3.1646
-225.533  -36.624       3.1646
-225.533  -32.697       4.2328
-225.533  -28.771       3.1646
-225.533  -24.844       2.3900
-225.533  -20.918       1.7351
-225.533  -16.991       1.8121
-225.533  -13.065       2.6595
-225.533   -9.138       2.8600
-225.533   -5.211       2.8600
-225.533   -1.285       4.2328
-225.533    2.642       4.2328
-225.533    6.568       4.2328
-225.533   10.495       4.2328
-225.533   14.422       4.2328
-225.533   18.348       4.2328
-225.533   22.275       4.2328
-225.533   26.201       4.2328
-225.533   30.128       4.2328
-225.533   34.055       4.2328
-225.533   37.981       2.6595
-225.533   41.908       2.5799
-225.533   45.834       2.5096
-225.533   49.761       2.4468
-225.533   53.688       2.3381
-225.533   57.614       2.3900
-225.533   61.541       2.3381
-225.533   65.467       2.3381
-225.533   69.394       1.8121
-225.533   73.320       2.2462
-225.533   77.247       2.2051
-225.533   81.174       2.6595
-225.533   85.100       2.5096
-225.533   89.027       2.6595
-225.533   92.953       2.7514
-225.533   96.880       2.9931
-225.533  100.807       2.5799
-225.533  104.733       3.1646
-225.533  108.660       2.9931
-225.533  112.586       2.0964
-225.533  116.513       1.9768
-225.533  120.440       2.3900
-225.533  124.366       2.3381
-225.533  128.293       2.0964
-225.533  132.219       2.0964
-225.533  136.146       1.7534
-225.533  140.072       1.7000
-225.533  143.999       1.9503
-225.533  147.926       1.8772
-225.533  151.852       2.0642
-225.533  155.779       2.0642
-225.533  159.705       1.9006
-225.533  163.632       1.5913
-225.533  167.559       1.5773
-225.533  171.485       1.7173
-225.533  175.412       1.5242
-225.533  179.338       1.5370
-225.533  183.265       1.3218
-225.533  187.192       0.9754
-225.533  191.118       1.0119
-225.533  195.045       0.9556
-225.533  198.971       1.2377
-225.533  202.898       1.3402
-225.533  206.825       1.4415
-225.533  210.751       1.5773
-225.533  214.678       2.4468
-225.533  218.604       2.2462
-225.533  222.531       1.5242
-225.533  226.457       1.3887
-225.533  230.384       1.5501
-225.533  234.311       1.2617
-225.533  238.237       1.5635
-225.533  242.164       2.4468
-225.533  246.090       3.4063
-221.604 -142.642       4.2328
-221.604 -138.715       4.2328
-221.604 -134.789       4.2328
-221.604 -130.862       4.2328
-221.604 -126.936       4.2328
-221.604 -123.009       4.2328
-221.604 -119.082       4.2328
-221.604 -115.156       2.2462
-221.604 -111.229       1.8772
-221.604 -107.303       2.5799
-221.604 -103.376       2.6595
-221.604  -99.450       3.1646
-221.604  -95.523       3.4063
-221.604  -91.596       3.4063
-221.604  -87.670       4.2328
-221.604  -83.743       4.2328
-221.604  -79.817       4.2328
-221.604  -75.890       4.2328
-221.604  -71.963       4.2328
-221.604  -68.037       4.2328
-221.604  -64.110       3.4063
-221.604  -60.184       3.8195
-221.604  -56.257       3.8195
-221.604  -52.330       3.8195
-221.604  -48.404       3.8195
-221.604  -44.477       2.5799
-221.604  -40.551       2.9931
-221.604  -36.624       3.8195
-221.604  -32.697       4.2328
-221.604  -28.771       3.8195
-221.604  -24.844       2.5799
-221.604  -20.918       2.1305
-221.604  -16.991       2.0964
-221.604  -13.065       2.3900
-221.604   -9.138       2.5799
-221.604   -5.211       3.4063
-221.604   -1.285       4.2328
-221.604    2.642       4.2328
-221.604    6.568       4.2328
-221.604   10.495       4.2328
-221.604   14.422       4.2328
-221.604   18.348       4.2328
-221.604   22.275       4.2328
-221.604   26.201       4.2328
-221.604   30.128       4.2328
-221.604   34.055       3.8195
-221.604   37.981       2.3381
-221.604   41.908       2.0336
-221.604   45.834       2.5799
-221.604   49.761       3.4063
-221.604   53.688       2.7514
-221.604   57.614       2.9931
-221.604   61.541       2.3381
-221.604   65.467       1.9768
-221.604   69.394       1.5501
-221.604   73.320       1.7919
-221.604   77.247       1.9249
-221.604   81.174       2.5096
-221.604   85.100       2.2904
-221.604   89.027       2.9931
-221.604   92.953       2.5096
-221.604   96.880       2.4468
-221.604  100.807       2.8600
-221.604  104.733       2.5096
-221.604  108.660       2.4468
-221.604  112.586       1.7173
-221.604  116.513       2.0045
-221.604  120.440       2.8600
-221.604  124.366       2.7514
-221.604  128.293       2.3381
-221.604  132.219       2.8600
-221.604  136.146       2.6595
-221.604  140.072       2.3900
-221.604  143.999       2.1305
-221.604  147.926       2.0964
-221.604  151.852       2.3900
-221.604  155.779       1.6204
-221.604  159.705       1.9503
-221.604  163.632       1.4640
-221.604  167.559       1.2146
-221.604  171.485       1.2071
-221.604  175.412       1.2377
-221.604  179.338       1.2146
-221.604  183.265       1.3402
-221.604  187.192       1.2071
-221.604  191.118       1.0119
-221.604  195.045       1.2146
-221.604  198.971       1.0623
-221.604  202.898       1.0565
-221.604  206.825       1.1852
-221.604  210.751       1.5773
-221.604  214.678       2.0336
-221.604  218.604       2.5799
-221.604  222.531       1.6204
-221.604  226.457       1.3402
-221.604  230.384       1.3218
-221.604  234.311       1.6355
-221.604  238.237       1.7723
-221.604  242.164       1.9503
-221.604  246.090       2.3381
-217.675 -142.642       4.2328
-217.675 -138.715       4.2328
-217.675 -134.789       4.2328
-217.675 -130.862       4.2328
-217.675 -126.936       4.2328
-217.675 -123.009       4.2328
-217.675 -119.082       3.8195
-217.675 -115.156       2.3900
-217.675 -111.229       2.3381
-217.675 -107.303       2.3900
-217.675 -103.376       2.0045
-217.675  -99.450       3.1646
-217.675  -95.523       2.6595
-217.675  -91.596       2.8600
-217.675  -87.670       4.2328
-217.675  -83.743       4.2328
-217.675  -79.817       4.2328
-217.675  -75.890       4.2328
-217.675  -71.963       4.2328
-217.675  -68.037       4.2328
-217.675  -64.110       3.8195
-217.675  -60.184       2.8600
-217.675  -56.257       2.2904
-217.675  -52.330       2.2904
-217.675  -48.404       2.6595
-217.675  -44.477       2.7514
-217.675  -40.551       3.8195
-217.675  -36.624       4.2328
-217.675  -32.697       4.2328
-217.675  -28.771       4.2328
-217.675  -24.844       2.7514
-217.675  -20.918       2.1305
-217.675  -16.991       1.9768
-217.675  -13.065       2.1666
-217.675   -9.138       2.5799
-217.675   -5.211       2.8600
-217.675   -1.285       4.2328
-217.675    2.642       4.2328
-217.675    6.568       4.2328
-217.675   10.495       4.2328
-217.675   14.422       4.2328
-217.675   18.348       4.2328
-217.675   22.275       4.2328
-217.675   26.201       4.2328
-217.675   30.128       4.2328
-217.675   34.055       3.8195
-217.675   37.981       2.6595
-217.675   41.908       2.3900
-217.675   45.834       2.7514
-217.675   49.761       2.7514
-217.675   53.688       2.7514
-217.675   57.614       2.9931
-217.675   61.541       2.1305
-217.675   65.467       1.9768
-217.675   69.394       1.7351
-217.675   73.320       1.8330
-217.675   77.247       2.2462
-217.675   81.174       2.0964
-217.675   85.100       2.0045
-217.675   89.027       2.0642
-217.675   92.953       2.3381
-217.675   96.880       2.2462
-217.675  100.807       2.5096
-217.675  104.733       2.7514
-217.675  108.660       3.4063
-217.675  112.586       2.5096
-217.675  116.513       2.3381
-217.675  120.440       2.9931
-217.675  124.366       3.1646
-217.675  128.293       2.6595
-217.675  132.219       2.9931
-217.675  136.146       2.3900
-217.675  140.072       2.0642
-217.675  143.999       1.6668
-217.675  147.926       2.2051
-217.675  151.852       4.2328
-217.675  155.779       2.5799
-217.675  159.705       1.8772
-217.675  163.632       1.3218
-217.675  167.559       1.3129
-217.675  171.485       1.2536
-217.675  175.412       1.2617
-217.675  179.338       1.2377
-217.675  183.265       1.4092
-217.675  187.192       1.6355
-217.675  191.118       1.3129
-217.675  195.045       1.6056
-217.675  198.971       1.1303
-217.675  202.898       1.0741
-217.675  206.825       1.2377
-217.675  210.751       1.6509
-217.675  214.678       1.9006
-217.675  218.604       2.5799
-217.675  222.531       2.2051
-217.675  226.457       1.3309
-217.675  230.384       1.2953
-217.675  234.311       1.8547
-217.675  238.237       1.8772
-217.675  242.164       1.4640
-217.675  246.090       2.3381
-213.746 -142.642       4.2328
-213.746 -138.715       4.2328
-213.746 -134.789       4.2328
-213.746 -130.862       4.2328
-213.746 -126.936       4.2328
-213.746 -123.009       4.2328
-213.746 -119.082       4.2328
-213.746 -115.156       3.8195
-213.746 -111.229       2.5799
-213.746 -107.303       2.7514
-213.746 -103.376       2.8600
-213.746  -99.450       3.1646
-213.746  -95.523       2.5799
-213.746  -91.596       2.5096
-213.746  -87.670       4.2328
-213.746  -83.743       4.2328
-213.746  -79.817       4.2328
-213.746  -75.890       4.2328
-213.746  -71.963       4.2328
-213.746  -68.037       4.2328
-213.746  -64.110       2.5799
-213.746  -60.184       1.9249
-213.746  -56.257       2.5096
-213.746  -52.330       2.0642
-213.746  -48.404       2.0336
-213.746  -44.477       2.6595
-213.746  -40.551       4.2328
-213.746  -36.624       4.2328
-213.746  -32.697       4.2328
-213.746  -28.771       4.2328
-213.746  -24.844       2.9931
-213.746  -20.918       3.4063
-213.746  -16.991       2.1666
-213.746  -13.065       1.7919
-213.746   -9.138       2.7514
-213.746   -5.211       4.2328
-213.746   -1.285       4.2328
-213.746    2.642       4.2328
-213.746    6.568       4.2328
-213.746   10.495       4.2328
-213.746   14.422       4.2328
-213.746   18.348       4.2328
-213.746   22.275       4.2328
-213.746   26.201       4.2328
-213.746   30.128       4.2328
-213.746   34.055       4.2328
-213.746   37.981       3.1646
-213.746   41.908       2.7514
-213.746   45.834       4.2328
-213.746   49.761       3.1646
-213.746   53.688       2.8600
-213.746   57.614       2.5096
-213.746   61.541       2.2051
-213.746   65.467       1.8547
-213.746   69.394       1.8330
-213.746   73.320       2.2051
-213.746   77.247       2.0045
-213.746   81.174       2.0045
-213.746   85.100       2.2051
-213.746   89.027       2.2051
-213.746   92.953       2.6595
-213.746   96.880       2.5799
-213.746  100.807       2.6595
-213.746  104.733       4.2328
-213.746  108.660       4.2328
-213.746  112.586       2.8600
-213.746  116.513       2.2904
-213.746  120.440       2.7514
-213.746  124.366       2.9931
-213.746  128.293       2.7514
-213.746  132.219       2.2051
-213.746  136.146       2.3381
-213.746  140.072       2.0336
-213.746  143.999       1.8330
-213.746  147.926       2.5096
-213.746  151.852       2.8600
-213.746  155.779       2.4468
-213.746  159.705       1.8547
-213.746  163.632       1.5501
-213.746  167.559       1.6832
-213.746  171.485       1.6509
-213.746  175.412       1.5773
-213.746  179.338       1.4305
-213.746  183.265       1.7919
-213.746  187.192       2.1666
-213.746  191.118       1.6056
-213.746  195.045       1.6056
-213.746  198.971       1.1047
-213.746  202.898       1.0450
-213.746  206.825       1.1369
-213.746  210.751       1.3402
-213.746  214.678       1.5913
-213.746  218.604       2.0964
-213.746  222.531       2.3900
-213.746  226.457       1.3887
-213.746  230.384       1.6509
-213.746  234.311       2.1305
-213.746  238.237       1.8547
-213.746  242.164       1.5635
-213.746  246.090       1.9768
-209.817 -142.642       4.2328
-209.817 -138.715       4.2328
-209.817 -134.789       4.2328
-209.817 -130.862       4.2328
-209.817 -126.936       4.2328
-209.817 -123.009       4.2328
-209.817 -119.082       4.2328
-209.817 -115.156       3.1646
-209.817 -111.229       2.4468
-209.817 -107.303       2.6595
-209.817 -103.376       3.4063
-209.817  -99.450       3.1646
-209.817  -95.523       2.7514
-209.817  -91.596       2.4468
-209.817  -87.670       3.1646
-209.817  -83.743       3.1646
-209.817  -79.817       4.2328
-209.817  -75.890       4.2328
-209.817  -71.963       4.2328
-209.817  -68.037       3.1646
-209.817  -64.110       2.2904
-209.817  -60.184       1.8547
-209.817  -56.257       2.2462
-209.817  -52.330       1.8772
-209.817  -48.404       1.9006
-209.817  -44.477       2.9931
-209.817  -40.551       4.2328
-209.817  -36.624       4.2328
-209.817  -32.697       3.8195
-209.817  -28.771       2.7514
-209.817  -24.844       2.3900
-209.817  -20.918       2.6595
-209.817  -16.991       2.5799
-209.817  -13.065       1.8330
-209.817   -9.138       1.7723
-209.817   -5.211       2.4468
-209.817   -1.285       4.2328
-209.817    2.642       4.2328
-209.817    6.568       4.2328
-209.817   10.495       4.2328
-209.817   14.422       4.2328
-209.817   18.348       4.2328
-209.817   22.275       4.2328
-209.817   26.201       4.2328
-209.817   30.128       4.2328
-209.817   34.055       4.2328
-209.817   37.981       4.2328
-209.817   41.908       4.2328
-209.817   45.834       4.2328
-209.817   49.761       4.2328
-209.817   53.688       2.9931
-209.817   57.614       2.1305
-209.817   61.541       1.8547
-209.817   65.467       1.5773
-209.817   69.394       2.3381
-209.817   73.320       2.2462
-209.817   77.247       1.7173
-209.817   81.174       2.2462
-209.817   85.100       1.9249
-209.817   89.027       2.4468
-209.817   92.953       2.9931
-209.817   96.880       2.2051
-209.817  100.807       3.1646
-209.817  104.733       4.2328
-209.817  108.660       3.4063
-209.817  112.586       2.5799
-209.817  116.513       2.1666
-209.817  120.440       2.5096
-209.817  124.366       2.7514
-209.817  128.293       2.2462
-209.817  132.219       1.8121
-209.817  136.146       1.7351
-209.817  140.072       1.6509
-209.817  143.999       1.7000
-209.817  147.926       2.0336
-209.817  151.852       3.1646
-209.817  155.779       3.8195
-209.817  159.705       2.0045
-209.817  163.632       2.0964
-209.817  167.559       1.8121
-209.817  171.485       1.6832
-209.817  175.412       1.6355
-209.817  179.338       1.9249
-209.817  183.265       1.9249
-209.817  187.192       2.2904
-209.817  191.118       2.3900
-209.817  195.045       1.7173
-209.817  198.971       1.2783
-209.817  202.898       1.4755
-209.817  206.825       1.3496
-209.817  210.751       1.3688
-209.817  214.678       1.7534
-209.817  218.604       2.7514
-209.817  222.531       2.2904
-209.817  226.457       1.4755
-209.817  230.384       1.5913
-209.817  234.311       2.3900
-209.817  238.237       2.3900
-209.817  242.164       2.3381
-209.817  246.090       3.1646
-205.887 -142.642       4.2328
-205.887 -138.715       4.2328
-205.887 -134.789       4.2328
-205.887 -130.862       4.2328
-205.887 -126.936       4.2328
-205.887 -123.009       4.2328
-205.887 -119.082       2.9931
-205.887 -115.156       2.2904
-205.887 -111.229       2.7514
-205.887 -107.303       2.1305
-205.887 -103.376       2.1666
-205.887  -99.450       1.8547
-205.887  -95.523       2.1305
-205.887  -91.596       2.2051
-205.887  -87.670       2.0336
-205.887  -83.743       3.4063
-205.887  -79.817       3.8195
-205.887  -75.890       3.4063
-205.887  -71.963       2.7514
-205.887  -68.037       2.3900
-205.887  -64.110       1.9249
-205.887  -60.184       2.3381
-205.887  -56.257       2.1666
-205.887  -52.330       2.3900
-205.887  -48.404       2.5096
-205.887  -44.477       2.3900
-205.887  -40.551       2.8600
-205.887  -36.624       2.4468
-205.887  -32.697       3.8195
-205.887  -28.771       2.4468
-205.887  -24.844       2.7514
-205.887  -20.918       2.3381
-205.887  -16.991       2.4468
-205.887  -13.065       2.2051
-205.887   -9.138       2.5096
-205.887   -5.211       2.8600
-205.887   -1.285       4.2328
-205.887    2.642       4.2328
-205.887    6.568       4.2328
-205.887   10.495       4.2328
-205.887   14.422       4.2328
-205.887   18.348       4.2328
-205.887   22.275       4.2328
-205.887   26.201       4.2328
-205.887   30.128       4.2328
-205.887   34.055       4.2328
-205.887   37.981       4.2328
-205.887   41.908       4.2328
-205.887   45.834       3.8195
-205.887   49.761       2.3900
-205.887   53.688       2.5799
-205.887   57.614       2.0964
-205.887   61.541       2.0964
-205.887   65.467       1.6668
-205.887   69.394       1.9006
-205.887   73.320       1.8547
-205.887   77.247       2.0336
-205.887   81.174       2.7514
-205.887   85.100       2.1305
-205.887   89.027       2.1666
-205.887   92.953       2.4468
-205.887   96.880       2.0964
-205.887  100.807       2.3381
-205.887  104.733       2.5799
-205.887  108.660       2.1666
-205.887  112.586       2.5799
-205.887  116.513       2.1666
-205.887  120.440       2.0964
-205.887  124.366       2.4468
-205.887  128.293       2.0336
-205.887  132.219       1.5370
-205.887  136.146       1.5370
-205.887  140.072       1.8330
-205.887  143.999       2.3381
-205.887  147.926       2.2051
-205.887  151.852       2.9931
-205.887  155.779       2.3381
-205.887  159.705       2.0336
-205.887  163.632       1.9249
-205.887  167.559       2.7514
-205.887  171.485       1.5370
-205.887  175.412       1.3040
-205.887  179.338       2.0964
-205.887  183.265       2.2904
-205.887  187.192       2.5096
-205.887  191.118       2.7514
-205.887  195.045       2.4468
-205.887  198.971       1.4092
-205.887  202.898       1.2953
-205.887  206.825       1.4526
-205.887  210.751       1.7351
-205.887  214.678       1.9768
-205.887  218.604       3.1646
-205.887  222.531       2.0642
-205.887  226.457       1.9503
-205.887  230.384       1.5117
-205.887  234.311       2.4468
-205.887  238.237       3.8195
-205.887  242.164       2.8600
-205.887  246.090       4.2328
-201.958 -142.642       4.2328
-201.958 -138.715       4.2328
-201.958 -134.789       4.2328
-201.958 -130.862       4.2328
-201.958 -126.936       4.2328
-201.958 -123.009       4.2328
-201.958 -119.082       2.9931
-201.958 -115.156       2.2051
-201.958 -111.229       2.2051
-201.958 -107.303       2.1666
-201.958 -103.376       2.1305
-201.958  -99.450       1.7173
-201.958  -95.523       1.6668
-201.958  -91.596       1.7351
-201.958  -87.670       1.8330
-201.958  -83.743       2.5096
-201.958  -79.817       2.0642
-201.958  -75.890       1.9006
-201.958  -71.963       1.9006
-201.958  -68.037       1.9768
-201.958  -64.110       1.8772
-201.958  -60.184       2.0336
-201.958  -56.257       2.0642
-201.958  -52.330       2.4468
-201.958  -48.404       4.2328
-201.958  -44.477       2.7514
-201.958  -40.551       2.6595
-201.958  -36.624       2.5799
-201.958  -32.697       2.9931
-201.958  -28.771       2.3900
-201.958  -24.844       2.2904
-201.958  -20.918       1.9006
-201.958  -16.991       2.3900
-201.958  -13.065       2.8600
-201.958   -9.138       3.8195
-201.958   -5.211       4.2328
-201.958   -1.285       4.2328
-201.958    2.642       4.2328
-201.958    6.568       4.2328
-201.958   10.495       4.2328
-201.958   14.422       4.2328
-201.958   18.348       4.2328
-201.958   22.275       4.2328
-201.958   26.201       4.2328
-201.958   30.128       4.2328
-201.958   34.055       4.2328
-201.958   37.981       4.2328
-201.958   41.908       3.4063
-201.958   45.834       2.7514
-201.958   49.761       2.2904
-201.958   53.688       2.6595
-201.958   57.614       1.9006
-201.958   61.541       2.1666
-201.958   65.467       1.8121
-201.958   69.394       1.6832
-201.958   73.320       1.8547
-201.958   77.247       2.1666
-201.958   81.174       2.0964
-201.958   85.100       2.0964
-201.958   89.027       2.0964
-201.958   92.953       2.1305
-201.958   96.880       1.8121
-201.958  100.807       1.9768
-201.958  104.733       1.6509
-201.958  108.660       1.8121
-201.958  112.586       1.8772
-201.958  116.513       1.5773
-201.958  120.440       1.6056
-201.958  124.366       1.7919
-201.958  128.293       1.8121
-201.958  132.219       1.7351
-201.958  136.146       1.3786
-201.958  140.072       1.6204
-201.958  143.999       2.2462
-201.958  147.926       2.2051
-201.958  151.852       2.4468
-201.958  155.779       2.1666
-201.958  159.705       2.2051
-201.958  163.632       1.9249
-201.958  167.559       2.1305
-201.958  171.485       1.4198
-201.958  175.412       1.4198
-201.958  179.338       1.9503
-201.958  183.265       1.9503
-201.958  187.192       1.9249
-201.958  191.118       3.4063
-201.958  195.045       2.2462
-201.958  198.971       1.5773
-201.958  202.898       1.0565
-201.958  206.825       1.3218
-201.958  210.751       1.5117
-201.958  214.678       2.5096
-201.958  218.604       3.4063
-201.958  222.531       2.5096
-201.958  226.457       2.9931
-201.958  230.384       2.2462
-201.958  234.311       3.8195
-201.958  238.237       4.2328
-201.958  242.164       3.8195
-201.958  246.090       4.2328
-198.029 -142.642       4.2328
-198.029 -138.715       4.2328
-198.029 -134.789       4.2328
-198.029 -130.862       4.2328
-198.029 -126.936       4.2328
-198.029 -123.009       4.2328
-198.029 -119.082       4.2328
-198.029 -115.156       2.7514
-198.029 -111.229       2.0964
-198.029 -107.303       2.0964
-198.029 -103.376       1.8121
-198.029  -99.450       1.9503
-198.029  -95.523       2.2462
-198.029  -91.596       1.7534
-198.029  -87.670       1.7000
-198.029  -83.743       1.9768
-198.029  -79.817       1.8772
-198.029  -75.890       1.8772
-198.029  -71.963       1.5773
-198.029  -68.037       1.7351
-198.029  -64.110       1.5773
-198.029  -60.184       1.7000
-198.029  -56.257       2.3381
-198.029  -52.330       2.7514
-198.029  -48.404       3.1646
-198.029  -44.477       4.2328
-198.029  -40.551       2.5096
-198.029  -36.624       2.2462
-198.029  -32.697       2.7514
-198.029  -28.771       2.2462
-198.029  -24.844       2.5096
-198.029  -20.918       1.9249
-198.029  -16.991       1.9768
-198.029  -13.065       3.1646
-198.029   -9.138       4.2328
-198.029   -5.211       4.2328
-198.029   -1.285       4.2328
-198.029    2.642       4.2328
-198.029    6.568       4.2328
-198.029   10.495       4.2328
-198.029   14.422       4.2328
-198.029   18.348       4.2328
-198.029   22.275       4.2328
-198.029   26.201       4.2328
-198.029   30.128       4.2328
-198.029   34.055       4.2328
-198.029   37.981       4.2328
-198.029   41.908       4.2328
-198.029   45.834       2.5799
-198.029   49.761       2.1666
-198.029   53.688       2.3900
-198.029   57.614       2.6595
-198.029   61.541       2.2051
-198.029   65.467       1.6056
-198.029   69.394       1.6355
-198.029   73.320       2.0045
-198.029   77.247       2.3381
-198.029   81.174       2.3381
-198.029   85.100       2.5096
-198.029   89.027       2.6595
-198.029   92.953       2.2904
-198.029   96.880       2.1305
-198.029  100.807       1.9768
-198.029  104.733       1.9503
-198.029  108.660       1.7173
-198.029  112.586       1.8547
-198.029  116.513       1.6204
-198.029  120.440       1.5370
-198.029  124.366       1.6509
-198.029  128.293       1.7173
-198.029  132.219       1.5370
-198.029  136.146       1.6204
-198.029  140.072       1.7000
-198.029  143.999       1.9768
-198.029  147.926       2.5096
-198.029  151.852       2.8600
-198.029  155.779       2.5096
-198.029  159.705       1.9503
-198.029  163.632       2.0336
-198.029  167.559       1.9768
-198.029  171.485       1.7351
-198.029  175.412       1.5501
-198.029  179.338       2.1666
-198.029  183.265       2.7514
-198.029  187.192       2.6595
-198.029  191.118       2.5799
-198.029  195.045       2.0642
-198.029  198.971       1.9006
-198.029  202.898       1.2953
-198.029  206.825       1.0338
-198.029  210.751       1.1924
-198.029  214.678       1.7351
-198.029  218.604       2.4468
-198.029  222.531       3.4063
-198.029  226.457       4.2328
-198.029  230.384       4.2328
-198.029  234.311       4.2328
-198.029  238.237       4.2328
-198.029  242.164       4.2328
-198.029  246.090       4.2328
-194.100 -142.642       4.2328
-194.100 -138.715       4.2328
-194.100 -134.789       4.2328
-194.100 -130.862       4.2328
-194.100 -126.936       4.2328
-194.100 -123.009       4.2328
-194.100 -119.082       4.2328
-194.100 -115.156       2.5096
-194.100 -111.229       1.7351
-194.100 -107.303       1.9768
-194.100 -103.376       1.5242
-194.100  -99.450       1.9006
-194.100  -95.523       1.7534
-194.100  -91.596       1.5117
-194.100  -87.670       1.2299
-194.100  -83.743       1.5773
-194.100  -79.817       1.7723
-194.100  -75.890       1.7534
-194.100  -71.963       1.7173
-194.100  -68.037       1.4640
-194.100  -64.110       1.5242
-194.100  -60.184       1.7534
-194.100  -56.257       2.8600
-194.100  -52.330       3.8195
-194.100  -48.404       3.4063
-194.100  -44.477       2.8600
-194.100  -40.551       2.3381
-194.100  -36.624       2.1666
-194.100  -32.697       2.3381
-194.100  -28.771       2.7514
-194.100  -24.844       2.8600
-194.100  -20.918       2.5096
-194.100  -16.991       3.8195
-194.100  -13.065       3.4063
-194.100   -9.138       4.2328
-194.100   -5.211       4.2328
-194.100   -1.285       4.2328
-194.100    2.642       4.2328
-194.100    6.568       4.2328
-194.100   10.495       4.2328
-194.100   14.422       4.2328
-194.100   18.348       4.2328
-194.100   22.275       4.2328
-194.100   26.201       4.2328
-194.100   30.128       4.2328
-194.100   34.055       4.2328
-194.100   37.981       4.2328
-194.100   41.908       4.2328
-194.100   45.834       2.9931
-194.100   49.761       4.2328
-194.100   53.688       3.8195
-194.100   57.614       3.4063
-194.100   61.541       2.0964
-194.100   65.467       1.5242
-194.100   69.394       1.7919
-194.100   73.320       1.8772
-194.100   77.247       2.4468
-194.100   81.174       2.9931
-194.100   85.100       1.9768
-194.100   89.027       2.5096
-194.100   92.953       2.0045
-194.100   96.880       2.0045
-194.100  100.807       2.1666
-194.100  104.733       2.0964
-194.100  108.660       2.0045
-194.100  112.586       2.3381
-194.100  116.513       1.8547
-194.100  120.440       1.7000
-194.100  124.366       1.5370
-194.100  128.293       1.4526
-194.100  132.219       1.4873
-194.100  136.146       1.3989
-194.100  140.072       1.7351
-194.100  143.999       2.4468
-194.100  147.926       2.5799
-194.100  151.852       2.6595
-194.100  155.779       3.4063
-194.100  159.705       1.8547
-194.100  163.632       1.7723
-194.100  167.559       1.9503
-194.100  171.485       1.7919
-194.100  175.412       2.3900
-194.100  179.338       2.2051
-194.100  183.265       2.5096
-194.100  187.192       2.3900
-194.100  191.118       2.8600
-194.100  195.045       3.1646
-194.100  198.971       2.4468
-194.100  202.898       1.6056
-194.100  206.825       1.1047
-194.100  210.751       1.0862
-194.100  214.678       1.3218
-194.100  218.604       1.7351
-194.100  222.531       2.9931
-194.100  226.457       4.2328
-194.100  230.384       4.2328
-194.100  234.311       4.2328
-194.100  238.237       4.2328
-194.100  242.164       4.2328
-194.100  246.090       4.2328
-190.171 -142.642       4.2328
-190.171 -138.715       4.2328
-190.171 -134.789       4.2328
-190.171 -130.862       4.2328
-190.171 -126.936       4.2328
-190.171 -123.009       4.2328
-190.171 -119.082       4.2328
-190.171 -115.156       2.8600
-190.171 -111.229       1.8772
-190.171 -107.303       1.5370
-190.171 -103.376       1.1997
-190.171  -99.450       1.2783
-190.171  -95.523       1.2222
-190.171  -91.596       1.2867
-190.171  -87.670       1.3402
-190.171  -83.743       1.9503
-190.171  -79.817       2.3381
-190.171  -75.890       2.2904
-190.171  -71.963       1.5913
-190.171  -68.037       1.3496
-190.171  -64.110       1.5117
-190.171  -60.184       2.3381
-190.171  -56.257       2.2462
-190.171  -52.330       3.1646
-190.171  -48.404       2.7514
-190.171  -44.477       3.4063
-190.171  -40.551       2.5096
-190.171  -36.624       2.3381
-190.171  -32.697       2.6595
-190.171  -28.771       4.2328
-190.171  -24.844       3.8195
-190.171  -20.918       3.1646
-190.171  -16.991       4.2328
-190.171  -13.065       4.2328
-190.171   -9.138       4.2328
-190.171   -5.211       4.2328
-190.171   -1.285       4.2328
-190.171    2.642       3.8195
-190.171    6.568       2.5799
-190.171   10.495       2.5096
-190.171   14.422       4.2328
-190.171   18.348       4.2328
-190.171   22.275       4.2328
-190.171   26.201       4.2328
-190.171   30.128       4.2328
-190.171   34.055       4.2328
-190.171   37.981       4.2328
-190.171   41.908       2.8600
-190.171   45.834       2.2904
-190.171   49.761       2.2904
-190.171   53.688       2.2051
-190.171   57.614       2.2051
-190.171   61.541       2.0642
-190.171   65.467       1.8121
-190.171   69.394       2.0336
-190.171   73.320       2.0045
-190.171   77.247       2.2462
-190.171   81.174       2.4468
-190.171   85.100       2.1666
-190.171   89.027       1.9249
-190.171   92.953       1.9768
-190.171   96.880       1.7723
-190.171  100.807       2.2051
-190.171  104.733       2.4468
-190.171  108.660       2.1666
-190.171  112.586       2.2904
-190.171  116.513       1.9768
-190.171  120.440       1.9006
-190.171  124.366       1.6509
-190.171  128.293       1.5913
-190.171  132.219       1.4305
-190.171  136.146       1.5370
-190.171  140.072       1.7919
-190.171  143.999       2.0964
-190.171  147.926       2.3900
-190.171  151.852       2.3900
-190.171  155.779       3.1646
-190.171  159.705       2.1305
-190.171  163.632       1.5913
-190.171  167.559       2.0045
-190.171  171.485       2.0336
-190.171  175.412       2.5096
-190.171  179.338       2.7514
-190.171  183.265       2.7514
-190.171  187.192       2.4468
-190.171  191.118       2.8600
-190.171  195.045       3.8195
-190.171  198.971       2.4468
-190.171  202.898       1.4415
-190.171  206.825       1.5117
-190.171  210.751       1.2867
-190.171  214.678       1.1503
-190.171  218.604       1.4092
-190.171  222.531       1.7351
-190.171  226.457       3.1646
-190.171  230.384       4.2328
-190.171  234.311       4.2328
-190.171  238.237       4.2328
-190.171  242.164       4.2328
-190.171  246.090       4.2328
-186.242 -142.642       4.2328
-186.242 -138.715       4.2328
-186.242 -134.789       4.2328
-186.242 -130.862       4.2328
-186.242 -126.936       4.2328
-186.242 -123.009       4.2328
-186.242 -119.082       4.2328
-186.242 -115.156       2.9931
-186.242 -111.229       1.8121
-186.242 -107.303       1.2867
-186.242 -103.376       0.7473
-186.242  -99.450       0.7902
-186.242  -95.523       0.9556
-186.242  -91.596       1.1047
-186.242  -87.670       1.1781
-186.242  -83.743       1.7000
-186.242  -79.817       2.1305
-186.242  -75.890       2.2904
-186.242  -71.963       1.9006
-186.242  -68.037       1.7919
-186.242  -64.110       2.0045
-186.242  -60.184       2.0964
-186.242  -56.257       2.1305
-186.242  -52.330       2.3381
-186.242  -48.404       2.5799
-186.242  -44.477       2.2462
-186.242  -40.551       2.2051
-186.242  -36.624       2.1305
-186.242  -32.697       2.0336
-186.242  -28.771       2.2904
-186.242  -24.844       2.7514
-186.242  -20.918       3.4063
-186.242  -16.991       4.2328
-186.242  -13.065       4.2328
-186.242   -9.138       4.2328
-186.242   -5.211       4.2328
-186.242   -1.285       3.4063
-186.242    2.642       3.4063
-186.242    6.568       2.2051
-186.242   10.495       1.8330
-186.242   14.422       2.9931
-186.242   18.348       2.9931
-186.242   22.275       4.2328
-186.242   26.201       4.2328
-186.242   30.128       4.2328
-186.242   34.055       4.2328
-186.242   37.981       4.2328
-186.242   41.908       3.4063
-186.242   45.834       2.1666
-186.242   49.761       1.9006
-186.242   53.688       2.0642
-186.242   57.614       1.8547
-186.242   61.541       2.3381
-186.242   65.467       2.3900
-186.242   69.394       2.5096
-186.242   73.320       2.1305
-186.242   77.247       1.8330
-186.242   81.174       1.7351
-186.242   85.100       2.0336
-186.242   89.027       2.1305
-186.242   92.953       2.2904
-186.242   96.880       1.9249
-186.242  100.807       2.0045
-186.242  104.733       1.6668
-186.242  108.660       1.8547
-186.242  112.586       2.3900
-186.242  116.513       1.9006
-186.242  120.440       1.7000
-186.242  124.366       2.0336
-186.242  128.293       1.9503
-186.242  132.219       1.7723
-186.242  136.146       1.7351
-186.242  140.072       2.2904
-186.242  143.999       2.1666
-186.242  147.926       2.2051
-186.242  151.852       2.6595
-186.242  155.779       2.9931
-186.242  159.705       2.5096
-186.242  163.632       1.7723
-186.242  167.559       1.8772
-186.242  171.485       2.2462
-186.242  175.412       2.7514
-186.242  179.338       2.7514
-186.242  183.265       2.5799
-186.242  187.192       2.5799
-186.242  191.118       3.1646
-186.242  195.045       2.7514
-186.242  198.971       2.2051
-186.242  202.898       1.6355
-186.242  206.825       1.4640
-186.242  210.751       1.6204
-186.242  214.678       1.4198
-186.242  218.604       1.6056
-186.242  222.531       1.7000
-186.242  226.457       1.8330
-186.242  230.384       3.8195
-186.242  234.311       4.2328
-186.242  238.237       4.2328
-186.242  242.164       4.2328
-186.242  246.090       4.2328
-182.313 -142.642       4.2328
-182.313 -138.715       4.2328
-182.313 -134.789       3.8195
-182.313 -130.862       3.1646
-182.313 -126.936       2.9931
-182.313 -123.009       2.9931
-182.313 -119.082       2.5799
-182.313 -115.156       1.6204
-182.313 -111.229       1.2071
-182.313 -107.303       0.9556
-182.313 -103.376       0.6852
-182.313  -99.450       0.6068
-182.313  -95.523       0.6122
-182.313  -91.596       0.7074
-182.313  -87.670       1.0338
-182.313  -83.743       1.5635
-182.313  -79.817       1.6832
-182.313  -75.890       3.1646
-182.313  -71.963       2.5799
-182.313  -68.037       2.2904
-182.313  -64.110       2.2904
-182.313  -60.184       1.5773
-182.313  -56.257       1.3688
-182.313  -52.330       1.6204
-182.313  -48.404       2.0336
-182.313  -44.477       1.4198
-182.313  -40.551       1.5501
-182.313  -36.624       1.7919
-182.313  -32.697       1.3989
-182.313  -28.771       1.4755
-182.313  -24.844       2.3900
-182.313  -20.918       2.8600
-182.313  -16.991       3.8195
-182.313  -13.065       3.4063
-182.313   -9.138       3.1646
-182.313   -5.211       2.9931
-182.313   -1.285       2.2462
-182.313    2.642       2.6595
-182.313    6.568       2.0045
-182.313   10.495       1.7534
-182.313   14.422       2.2051
-182.313   18.348       2.9931
-182.313   22.275       2.8600
-182.313   26.201       4.2328
-182.313   30.128       4.2328
-182.313   34.055       4.2328
-182.313   37.981       3.4063
-182.313   41.908       3.4063
-182.313   45.834       2.3900
-182.313   49.761       2.7514
-182.313   53.688       2.3900
-182.313   57.614       2.7514
-182.313   61.541       2.8600
-182.313   65.467       3.1646
-182.313   69.394       2.6595
-182.313   73.320       2.0045
-182.313   77.247       1.5773
-182.313   81.174       1.7723
-182.313   85.100       1.7534
-182.313   89.027       1.6509
-182.313   92.953       1.8772
-182.313   96.880       2.0964
-182.313  100.807       1.8330
-182.313  104.733       1.5117
-182.313  108.660       1.3496
-182.313  112.586       1.7919
-182.313  116.513       1.9006
-182.313  120.440       1.6832
-182.313  124.366       1.7534
-182.313  128.293       1.9768
-182.313  132.219       1.9768
-182.313  136.146       2.0045
-182.313  140.072       1.8121
-182.313  143.999       2.0336
-182.313  147.926       2.1305
-182.313  151.852       2.6595
-182.313  155.779       3.1646
-182.313  159.705       2.8600
-182.313  163.632       2.1305
-182.313  167.559       1.5913
-182.313  171.485       2.0964
-182.313  175.412       3.8195
-182.313  179.338       2.8600
-182.313  183.265       2.3900
-182.313  187.192       2.5096
-182.313  191.118       2.3381
-182.313  195.045       2.9931
-182.313  198.971       2.2904
-182.313  202.898       1.9006
-182.313  206.825       1.5242
-182.313  210.751       1.6204
-182.313  214.678       1.2071
-182.313  218.604       1.4526
-182.313  222.531       1.6355
-182.313  226.457       1.4755
-182.313  230.384       2.7514
-182.313  234.311       4.2328
-182.313  238.237       4.2328
-182.313  242.164       4.2328
-182.313  246.090       4.2328
-178.383 -142.642       4.2328
-178.383 -138.715       4.2328
-178.383 -134.789       2.9931
-178.383 -130.862       2.4468
-178.383 -126.936       4.2328
-178.383 -123.009       2.2051
-178.383 -119.082       1.6832
-178.383 -115.156       1.2222
-178.383 -111.229       0.9041
-178.383 -107.303       0.6699
-178.383 -103.376       0.7439
-178.383  -99.450       0.7074
-178.383  -95.523       0.4732
-178.383  -91.596       0.5497
-178.383  -87.670       0.7237
-178.383  -83.743       0.9754
-178.383  -79.817       1.5117
-178.383  -75.890       2.0336
-178.383  -71.963       2.2462
-178.383  -68.037       2.3381
-178.383  -64.110       2.1305
-178.383  -60.184       1.5370
-178.383  -56.257       1.4305
-178.383  -52.330       2.0045
-178.383  -48.404       2.0336
-178.383  -44.477       1.4994
-178.383  -40.551       1.4092
-178.383  -36.624       1.6668
-178.383  -32.697       1.7723
-178.383  -28.771       1.7000
-178.383  -24.844       2.5799
-178.383  -20.918       3.1646
-178.383  -16.991       3.4063
-178.383  -13.065       2.8600
-178.383   -9.138       2.4468
-178.383   -5.211       2.9931
-178.383   -1.285       2.0336
-178.383    2.642       1.8547
-178.383    6.568       1.7351
-178.383   10.495       1.5913
-178.383   14.422       1.7000
-178.383   18.348       2.4468
-178.383   22.275       3.1646
-178.383   26.201       4.2328
-178.383   30.128       3.4063
-178.383   34.055       3.8195
-178.383   37.981       2.7514
-178.383   41.908       2.6595
-178.383   45.834       2.9931
-178.383   49.761       2.3381
-178.383   53.688       3.8195
-178.383   57.614       3.1646
-178.383   61.541       4.2328
-178.383   65.467       4.2328
-178.383   69.394       2.5799
-178.383   73.320       2.3381
-178.383   77.247       1.9768
-178.383   81.174       1.9768
-178.383   85.100       2.2051
-178.383   89.027       1.7534
-178.383   92.953       2.0045
-178.383   96.880       1.8330
-178.383  100.807       1.6204
-178.383  104.733       1.5773
-178.383  108.660       1.3496
-178.383  112.586       1.5773
-178.383  116.513       1.6204
-178.383  120.440       1.4873
-178.383  124.366       1.7919
-178.383  128.293       2.9931
-178.383  132.219       2.4468
-178.383  136.146       2.2904
-178.383  140.072       1.7919
-178.383  143.999       1.5913
-178.383  147.926       2.6595
-178.383  151.852       3.1646
-178.383  155.779       3.4063
-178.383  159.705       2.8600
-178.383  163.632       2.0964
-178.383  167.559       2.1666
-178.383  171.485       2.2462
-178.383  175.412       2.2462
-178.383  179.338       2.1305
-178.383  183.265       2.6595
-178.383  187.192       2.3900
-178.383  191.118       2.8600
-178.383  195.045       2.7514
-178.383  198.971       2.1305
-178.383  202.898       1.7723
-178.383  206.825       2.0964
-178.383  210.751       2.2462
-178.383  214.678       1.4994
-178.383  218.604       1.4305
-178.383  222.531       1.3402
-178.383  226.457       1.4755
-178.383  230.384       1.9006
-178.383  234.311       3.8195
-178.383  238.237       4.2328
-178.383  242.164       4.2328
-178.383  246.090       4.2328
-174.454 -142.642       4.2328
-174.454 -138.715       3.8195
-174.454 -134.789       3.1646
-174.454 -130.862       2.0336
-174.454 -126.936       1.7173
-174.454 -123.009       1.5635
-174.454 -119.082       1.6056
-174.454 -115.156       1.4305
-174.454 -111.229       1.2071
-174.454 -107.303       1.0065
-174.454 -103.376       0.8821
-174.454  -99.450       0.7171
-174.454  -95.523       0.6760
-174.454  -91.596       0.6883
-174.454  -87.670       0.7939
-174.454  -83.743       0.7976
-174.454  -79.817       1.1503
-174.454  -75.890       1.7000
-174.454  -71.963       1.7919
-174.454  -68.037       1.9503
-174.454  -64.110       1.9249
-174.454  -60.184       1.8547
-174.454  -56.257       1.6355
-174.454  -52.330       1.4198
-174.454  -48.404       1.6668
-174.454  -44.477       2.0045
-174.454  -40.551       1.6668
-174.454  -36.624       1.6355
-174.454  -32.697       2.2462
-174.454  -28.771       2.6595
-174.454  -24.844       2.3381
-174.454  -20.918       2.3381
-174.454  -16.991       2.8600
-174.454  -13.065       2.7514
-174.454   -9.138       2.3900
-174.454   -5.211       2.6595
-174.454   -1.285       1.9503
-174.454    2.642       1.5773
-174.454    6.568       1.9503
-174.454   10.495       1.9006
-174.454   14.422       1.8547
-174.454   18.348       1.9249
-174.454   22.275       2.6595
-174.454   26.201       3.4063
-174.454   30.128       2.7514
-174.454   34.055       2.0336
-174.454   37.981       1.9006
-174.454   41.908       1.8121
-174.454   45.834       2.1666
-174.454   49.761       2.9931
-174.454   53.688       3.4063
-174.454   57.614       4.2328
-174.454   61.541       4.2328
-174.454   65.467       3.8195
-174.454   69.394       2.3900
-174.454   73.320       2.6595
-174.454   77.247       1.8547
-174.454   81.174       1.9249
-174.454   85.100       1.9006
-174.454   89.027       1.8121
-174.454   92.953       1.8772
-174.454   96.880       2.0642
-174.454  100.807       1.7723
-174.454  104.733       1.7723
-174.454  108.660       1.6204
-174.454  112.586       1.6355
-174.454  116.513       1.3591
-174.454  120.440       1.3786
-174.454  124.366       1.6355
-174.454  128.293       2.4468
-174.454  132.219       2.7514
-174.454  136.146       2.7514
-174.454  140.072       1.7723
-174.454  143.999       1.6355
-174.454  147.926       1.9503
-174.454  151.852       1.9249
-174.454  155.779       2.3381
-174.454  159.705       2.6595
-174.454  163.632       1.7919
-174.454  167.559       2.0336
-174.454  171.485       2.2462
-174.454  175.412       1.9006
-174.454  179.338       2.0642
-174.454  183.265       2.5096
-174.454  187.192       2.2051
-174.454  191.118       2.0964
-174.454  195.045       3.4063
-174.454  198.971       2.1666
-174.454  202.898       2.0336
-174.454  206.825       2.2462
-174.454  210.751       2.3900
-174.454  214.678       1.8121
-174.454  218.604       1.3496
-174.454  222.531       1.4640
-174.454  226.457       1.4198
-174.454  230.384       1.4994
-174.454  234.311       2.8600
-174.454  238.237       4.2328
-174.454  242.164       4.2328
-174.454  246.090       4.2328
-170.525 -142.642       3.1646
-170.525 -138.715       2.5799
-170.525 -134.789       2.6595
-170.525 -130.862       1.6204
-170.525 -126.936       1.2536
-170.525 -123.009       1.3786
-170.525 -119.082       1.9249
-170.525 -115.156       2.1305
-170.525 -111.229       1.8547
-170.525 -107.303       1.2456
-170.525 -103.376       1.5242
-170.525  -99.450       1.1781
-170.525  -95.523       1.0507
-170.525  -91.596       1.0923
-170.525  -87.670       0.9556
-170.525  -83.743       0.8404
-170.525  -79.817       1.2700
-170.525  -75.890       1.4994
-170.525  -71.963       1.7723
-170.525  -68.037       1.7723
-170.525  -64.110       1.6832
-170.525  -60.184       1.5242
-170.525  -56.257       1.6832
-170.525  -52.330       2.2462
-170.525  -48.404       1.9006
-170.525  -44.477       2.0964
-170.525  -40.551       2.3381
-170.525  -36.624       1.9503
-170.525  -32.697       2.7514
-170.525  -28.771       3.1646
-170.525  -24.844       2.7514
-170.525  -20.918       2.1305
-170.525  -16.991       2.2462
-170.525  -13.065       2.2904
-170.525   -9.138       2.4468
-170.525   -5.211       2.4468
-170.525   -1.285       2.3900
-170.525    2.642       2.2462
-170.525    6.568       2.2462
-170.525   10.495       2.5096
-170.525   14.422       2.6595
-170.525   18.348       2.4468
-170.525   22.275       2.5096
-170.525   26.201       3.8195
-170.525   30.128       3.4063
-170.525   34.055       2.4468
-170.525   37.981       2.3900
-170.525   41.908       2.0336
-170.525   45.834       2.5799
-170.525   49.761       4.2328
-170.525   53.688       2.9931
-170.525   57.614       4.2328
-170.525   61.541       4.2328
-170.525   65.467       3.1646
-170.525   69.394       2.9931
-170.525   73.320       2.8600
-170.525   77.247       1.9768
-170.525   81.174       1.8772
-170.525   85.100       1.8547
-170.525   89.027       1.7000
-170.525   92.953       1.7534
-170.525   96.880       2.4468
-170.525  100.807       2.0336
-170.525  104.733       2.2904
-170.525  108.660       1.9249
-170.525  112.586       1.8547
-170.525  116.513       1.7000
-170.525  120.440       1.5635
-170.525  124.366       1.7534
-170.525  128.293       2.2462
-170.525  132.219       2.7514
-170.525  136.146       2.3900
-170.525  140.072       1.8772
-170.525  143.999       2.1305
-170.525  147.926       1.7000
-170.525  151.852       1.6509
-170.525  155.779       1.9249
-170.525  159.705       1.6668
-170.525  163.632       1.4198
-170.525  167.559       1.7534
-170.525  171.485       2.2462
-170.525  175.412       2.1305
-170.525  179.338       1.9768
-170.525  183.265       2.0336
-170.525  187.192       2.3381
-170.525  191.118       2.3381
-170.525  195.045       4.2328
-170.525  198.971       2.2462
-170.525  202.898       1.7723
-170.525  206.825       2.0336
-170.525  210.751       3.4063
-170.525  214.678       2.2904
-170.525  218.604       1.6355
-170.525  222.531       1.5635
-170.525  226.457       1.3496
-170.525  230.384       1.4755
-170.525  234.311       2.2462
-170.525  238.237       3.4063
-170.525  242.164       4.2328
-170.525  246.090       4.2328
-166.596 -142.642       2.3381
-166.596 -138.715       1.6056
-166.596 -134.789       1.9503
-166.596 -130.862       2.1666
-166.596 -126.936       2.5096
-166.596 -123.009       2.3900
-166.596 -119.082       4.2328
-166.596 -115.156       3.8195
-166.596 -111.229       2.5096
-166.596 -107.303       2.1666
-166.596 -103.376       1.7173
-166.596  -99.450       1.4526
-166.596  -95.523       1.6668
-166.596  -91.596       1.4873
-166.596  -87.670       1.4415
-166.596  -83.743       1.2867
-166.596  -79.817       1.3129
-166.596  -75.890       1.4994
-166.596  -71.963       2.4468
-166.596  -68.037       1.8330
-166.596  -64.110       1.5635
-166.596  -60.184       1.9006
-166.596  -56.257       1.7919
-166.596  -52.330       1.8547
-166.596  -48.404       1.9503
-166.596  -44.477       2.3900
-166.596  -40.551       2.3381
-166.596  -36.624       2.5799
-166.596  -32.697       2.5799
-166.596  -28.771       2.3900
-166.596  -24.844       2.2462
-166.596  -20.918       2.0336
-166.596  -16.991       2.0045
-166.596  -13.065       2.0045
-166.596   -9.138       2.0336
-166.596   -5.211       2.3900
-166.596   -1.285       2.1305
-166.596    2.642       1.6056
-166.596    6.568       2.2904
-166.596   10.495       2.8600
-166.596   14.422       2.8600
-166.596   18.348       2.5799
-166.596   22.275       2.7514
-166.596   26.201       4.2328
-166.596   30.128       4.2328
-166.596   34.055       3.4063
-166.596   37.981       2.8600
-166.596   41.908       3.1646
-166.596   45.834       3.8195
-166.596   49.761       2.8600
-166.596   53.688       2.7514
-166.596   57.614       2.8600
-166.596   61.541       3.4063
-166.596   65.467       2.9931
-166.596   69.394       2.9931
-166.596   73.320       3.8195
-166.596   77.247       2.2904
-166.596   81.174       2.1666
-166.596   85.100       1.8547
-166.596   89.027       1.7351
-166.596   92.953       1.5913
-166.596   96.880       2.0336
-166.596  100.807       2.0964
-166.596  104.733       2.0045
-166.596  108.660       1.9249
-166.596  112.586       2.0964
-166.596  116.513       1.8547
-166.596  120.440       2.8600
-166.596  124.366       2.2462
-166.596  128.293       2.5096
-166.596  132.219       3.1646
-166.596  136.146       3.8195
-166.596  140.072       3.1646
-166.596  143.999       2.1305
-166.596  147.926       1.4994
-166.596  151.852       1.5913
-166.596  155.779       1.7351
-166.596  159.705       1.3591
-166.596  163.632       1.3887
-166.596  167.559       1.4640
-166.596  171.485       2.1305
-166.596  175.412       1.9249
-166.596  179.338       2.0336
-166.596  183.265       2.3381
-166.596  187.192       2.1666
-166.596  191.118       2.9931
-166.596  195.045       4.2328
-166.596  198.971       2.4468
-166.596  202.898       2.2462
-166.596  206.825       2.9931
-166.596  210.751       3.4063
-166.596  214.678       2.4468
-166.596  218.604       1.8772
-166.596  222.531       2.1666
-166.596  226.457       1.8121
-166.596  230.384       2.1305
-166.596  234.311       2.5096
-166.596  238.237       3.4063
-166.596  242.164       4.2328
-166.596  246.090       4.2328
-162.667 -142.642       2.6595
-162.667 -138.715       2.2904
-162.667 -134.789       3.8195
-162.667 -130.862       4.2328
-162.667 -126.936       4.2328
-162.667 -123.009       3.8195
-162.667 -119.082       4.2328
-162.667 -115.156       4.2328
-162.667 -111.229       3.8195
-162.667 -107.303       2.2904
-162.667 -103.376       1.8121
-162.667  -99.450       2.2904
-162.667  -95.523       2.8600
-162.667  -91.596       2.3900
-162.667  -87.670       2.6595
-162.667  -83.743       1.8772
-162.667  -79.817       1.3786
-162.667  -75.890       1.4755
-162.667  -71.963       2.0964
-162.667  -68.037       1.8547
-162.667  -64.110       1.7000
-162.667  -60.184       1.7919
-162.667  -56.257       1.9006
-162.667  -52.330       1.7351
-162.667  -48.404       1.7919
-162.667  -44.477       2.4468
-162.667  -40.551       2.0045
-162.667  -36.624       2.4468
-162.667  -32.697       2.5799
-162.667  -28.771       2.6595
-162.667  -24.844       2.5799
-162.667  -20.918       2.2462
-162.667  -16.991       1.9768
-162.667  -13.065       2.0964
-162.667   -9.138       2.3900
-162.667   -5.211       2.6595
-162.667   -1.285       2.2051
-162.667    2.642       2.2051
-162.667    6.568       2.5799
-162.667   10.495       3.8195
-162.667   14.422       3.8195
-162.667   18.348       2.6595
-162.667   22.275       3.1646
-162.667   26.201       3.1646
-162.667   30.128       4.2328
-162.667   34.055       3.4063
-162.667   37.981       3.8195
-162.667   41.908       3.1646
-162.667   45.834       3.4063
-162.667   49.761       2.5096
-162.667   53.688       2.3900
-162.667   57.614       2.2051
-162.667   61.541       2.5799
-162.667   65.467       2.8600
-162.667   69.394       3.1646
-162.667   73.320       3.4063
-162.667   77.247       2.6595
-162.667   81.174       2.2462
-162.667   85.100       2.2462
-162.667   89.027       1.8547
-162.667   92.953       1.8121
-162.667   96.880       1.7919
-162.667  100.807       2.5096
-162.667  104.733       2.0045
-162.667  108.660       2.1305
-162.667  112.586       2.4468
-162.667  116.513       2.4468
-162.667  120.440       2.6595
-162.667  124.366       3.8195
-162.667  128.293       4.2328
-162.667  132.219       2.8600
-162.667  136.146       3.8195
-162.667  140.072       2.9931
-162.667  143.999       2.0336
-162.667  147.926       1.9249
-162.667  151.852       1.5501
-162.667  155.779       1.9768
-162.667  159.705       1.6509
-162.667  163.632       1.2783
-162.667  167.559       1.7723
-162.667  171.485       2.0045
-162.667  175.412       2.0964
-162.667  179.338       1.8547
-162.667  183.265       2.8600
-162.667  187.192       2.9931
-162.667  191.118       2.5096
-162.667  195.045       4.2328
-162.667  198.971       2.5799
-162.667  202.898       3.1646
-162.667  206.825       4.2328
-162.667  210.751       3.4063
-162.667  214.678       2.2462
-162.667  218.604       2.5096
-162.667  222.531       2.1666
-162.667  226.457       2.1666
-162.667  230.384       2.2462
-162.667  234.311       3.8195
-162.667  238.237       4.2328
-162.667  242.164       4.2328
-162.667  246.090       4.2328
-158.738 -142.642       4.2328
-158.738 -138.715       4.2328
-158.738 -134.789       4.2328
-158.738 -130.862       4.2328
-158.738 -126.936       4.2328
-158.738 -123.009       4.2328
-158.738 -119.082       4.2328
-158.738 -115.156       4.2328
-158.738 -111.229       4.2328
-158.738 -107.303       2.3900
-158.738 -103.376       2.2904
-158.738  -99.450       3.4063
-158.738  -95.523       3.8195
-158.738  -91.596       4.2328
-158.738  -87.670       2.7514
-158.738  -83.743       2.1305
-158.738  -79.817       1.7919
-158.738  -75.890       1.4755
-158.738  -71.963       1.7351
-158.738  -68.037       1.8330
-158.738  -64.110       1.6204
-158.738  -60.184       2.1305
-158.738  -56.257       2.5799
-158.738  -52.330       1.8772
-158.738  -48.404       1.6668
-158.738  -44.477       2.2051
-158.738  -40.551       2.3900
-158.738  -36.624       2.2462
-158.738  -32.697       2.7514
-158.738  -28.771       2.5799
-158.738  -24.844       2.5799
-158.738  -20.918       2.2904
-158.738  -16.991       1.9006
-158.738  -13.065       2.5096
-158.738   -9.138       2.9931
-158.738   -5.211       2.5799
-158.738   -1.285       2.8600
-158.738    2.642       3.8195
-158.738    6.568       4.2328
-158.738   10.495       4.2328
-158.738   14.422       4.2328
-158.738   18.348       2.9931
-158.738   22.275       2.7514
-158.738   26.201       3.1646
-158.738   30.128       3.8195
-158.738   34.055       2.6595
-158.738   37.981       2.5799
-158.738   41.908       2.8600
-158.738   45.834       3.1646
-158.738   49.761       2.7514
-158.738   53.688       1.9249
-158.738   57.614       2.2462
-158.738   61.541       2.3900
-158.738   65.467       3.1646
-158.738   69.394       2.8600
-158.738   73.320       2.8600
-158.738   77.247       2.8600
-158.738   81.174       2.8600
-158.738   85.100       2.3381
-158.738   89.027       2.4468
-158.738   92.953       2.2051
-158.738   96.880       2.0336
-158.738  100.807       2.0336
-158.738  104.733       1.9768
-158.738  108.660       2.2051
-158.738  112.586       1.9503
-158.738  116.513       1.8330
-158.738  120.440       2.9931
-158.738  124.366       3.4063
-158.738  128.293       4.2328
-158.738  132.219       3.4063
-158.738  136.146       4.2328
-158.738  140.072       2.2904
-158.738  143.999       2.5799
-158.738  147.926       2.1666
-158.738  151.852       1.8772
-158.738  155.779       2.0336
-158.738  159.705       1.7534
-158.738  163.632       1.9249
-158.738  167.559       1.6668
-158.738  171.485       1.7000
-158.738  175.412       1.6056
-158.738  179.338       2.1666
-158.738  183.265       2.5799
-158.738  187.192       4.2328
-158.738  191.118       3.8195
-158.738  195.045       4.2328
-158.738  198.971       2.7514
-158.738  202.898       2.8600
-158.738  206.825       4.2328
-158.738  210.751       3.1646
-158.738  214.678       2.3900
-158.738  218.604       2.0336
-158.738  222.531       2.0964
-158.738  226.457       1.9503
-158.738  230.384       3.4063
-158.738  234.311       4.2328
-158.738  238.237       4.2328
-158.738  242.164       4.2328
-158.738  246.090       4.2328
-154.809 -142.642       4.2328
-154.809 -138.715       4.2328
-154.809 -134.789       4.2328
-154.809 -130.862       4.2328
-154.809 -126.936       4.2328
-154.809 -123.009       4.2328
-154.809 -119.082       4.2328
-154.809 -115.156       4.2328
-154.809 -111.229       4.2328
-154.809 -107.303       3.8195
-154.809 -103.376       2.9931
-154.809  -99.450       4.2328
-154.809  -95.523       4.2328
-154.809  -91.596       4.2328
-154.809  -87.670       2.9931
-154.809  -83.743       1.7351
-154.809  -79.817       1.7000
-154.809  -75.890       1.2299
-154.809  -71.963       1.1924
-154.809  -68.037       1.3688
-154.809  -64.110       1.4873
-154.809  -60.184       1.8547
-154.809  -56.257       2.2051
-154.809  -52.330       2.2462
-154.809  -48.404       2.0642
-154.809  -44.477       1.9006
-154.809  -40.551       2.3900
-154.809  -36.624       2.8600
-154.809  -32.697       2.4468
-154.809  -28.771       2.4468
-154.809  -24.844       2.2462
-154.809  -20.918       3.4063
-154.809  -16.991       2.5096
-154.809  -13.065       2.9931
-154.809   -9.138       2.5799
-154.809   -5.211       2.6595
-154.809   -1.285       4.2328
-154.809    2.642       4.2328
-154.809    6.568       4.2328
-154.809   10.495       4.2328
-154.809   14.422       4.2328
-154.809   18.348       4.2328
-154.809   22.275       4.2328
-154.809   26.201       3.8195
-154.809   30.128       3.4063
-154.809   34.055       2.3381
-154.809   37.981       2.5096
-154.809   41.908       3.1646
-154.809   45.834       3.8195
-154.809   49.761       3.4063
-154.809   53.688       2.2904
-154.809   57.614       2.4468
-154.809   61.541       3.4063
-154.809   65.467       4.2328
-154.809   69.394       2.9931
-154.809   73.320       2.7514
-154.809   77.247       3.4063
-154.809   81.174       3.1646
-154.809   85.100       2.9931
-154.809   89.027       2.7514
-154.809   92.953       2.1666
-154.809   96.880       2.0045
-154.809  100.807       2.2904
-154.809  104.733       2.5096
-154.809  108.660       2.3900
-154.809  112.586       2.2462
-154.809  116.513       1.7919
-154.809  120.440       2.0964
-154.809  124.366       3.1646
-154.809  128.293       4.2328
-154.809  132.219       4.2328
-154.809  136.146       3.1646
-154.809  140.072       2.1666
-154.809  143.999       1.9503
-154.809  147.926       2.7514
-154.809  151.852       3.1646
-154.809  155.779       2.5799
-154.809  159.705       2.3381
-154.809  163.632       1.9249
-154.809  167.559       1.7000
-154.809  171.485       1.8121
-154.809  175.412       2.0336
-154.809  179.338       2.8600
-154.809  183.265       3.4063
-154.809  187.192       2.9931
-154.809  191.118       2.9931
-154.809  195.045       3.4063
-154.809  198.971       3.4063
-154.809  202.898       4.2328
-154.809  206.825       4.2328
-154.809  210.751       2.8600
-154.809  214.678       2.3900
-154.809  218.604       2.5799
-154.809  222.531       2.6595
-154.809  226.457       2.1666
-154.809  230.384       2.7514
-154.809  234.311       4.2328
-154.809  238.237       4.2328
-154.809  242.164       4.2328
-154.809  246.090       4.2328
-150.879 -142.642       4.2328
-150.879 -138.715       4.2328
-150.879 -134.789       4.2328
-150.879 -130.862       4.2328
-150.879 -126.936       4.2328
-150.879 -123.009       4.2328
-150.879 -119.082       4.2328
-150.879 -115.156       4.2328
-150.879 -111.229       4.2328
-150.879 -107.303       4.2328
-150.879 -103.376       4.2328
-150.879  -99.450       4.2328
-150.879  -95.523       4.2328
-150.879  -91.596       4.2328
-150.879  -87.670       3.4063
-150.879  -83.743       1.5635
-150.879  -79.817       1.5370
-150.879  -75.890       1.1997
-150.879  -71.963       1.1110
-150.879  -68.037       1.2377
-150.879  -64.110       1.6355
-150.879  -60.184       1.5370
-150.879  -56.257       2.1305
-150.879  -52.330       2.3381
-150.879  -48.404       2.2904
-150.879  -44.477       1.8330
-150.879  -40.551       2.0045
-150.879  -36.624       2.2904
-150.879  -32.697       2.7514
-150.879  -28.771       2.6595
-150.879  -24.844       2.7514
-150.879  -20.918       2.9931
-150.879  -16.991       2.9931
-150.879  -13.065       2.7514
-150.879   -9.138       3.8195
-150.879   -5.211       3.4063
-150.879   -1.285       4.2328
-150.879    2.642       4.2328
-150.879    6.568       4.2328
-150.879   10.495       4.2328
-150.879   14.422       4.2328
-150.879   18.348       3.1646
-150.879   22.275       3.1646
-150.879   26.201       2.7514
-150.879   30.128       3.1646
-150.879   34.055       2.3381
-150.879   37.981       3.1646
-150.879   41.908       4.2328
-150.879   45.834       4.2328
-150.879   49.761       3.8195
-150.879   53.688       2.3900
-150.879   57.614       2.3900
-150.879   61.541       2.8600
-150.879   65.467       4.2328
-150.879   69.394       3.1646
-150.879   73.320       3.8195
-150.879   77.247       2.8600
-150.879   81.174       2.1666
-150.879   85.100       2.2904
-150.879   89.027       2.5096
-150.879   92.953       2.0964
-150.879   96.880       1.8547
-150.879  100.807       1.8547
-150.879  104.733       2.2462
-150.879  108.660       2.3381
-150.879  112.586       2.2462
-150.879  116.513       2.0336
-150.879  120.440       2.0642
-150.879  124.366       2.9931
-150.879  128.293       3.8195
-150.879  132.219       4.2328
-150.879  136.146       3.1646
-150.879  140.072       2.8600
-150.879  143.999       2.5799
-150.879  147.926       3.1646
-150.879  151.852       4.2328
-150.879  155.779       3.4063
-150.879  159.705       4.2328
-150.879  163.632       2.0964
-150.879  167.559       1.9503
-150.879  171.485       1.6204
-150.879  175.412       2.1666
-150.879  179.338       2.3381
-150.879  183.265       4.2328
-150.879  187.192       3.8195
-150.879  191.118       2.9931
-150.879  195.045       3.4063
-150.879  198.971       4.2328
-150.879  202.898       4.2328
-150.879  206.825       4.2328
-150.879  210.751       4.2328
-150.879  214.678       2.9931
-150.879  218.604       2.0642
-150.879  222.531       2.3900
-150.879  226.457       2.3900
-150.879  230.384       2.3381
-150.879  234.311       2.9931
-150.879  238.237       4.2328
-150.879  242.164       4.2328
-150.879  246.090       4.2328
-146.950 -142.642       4.2328
-146.950 -138.715       4.2328
-146.950 -134.789       4.2328
-146.950 -130.862       4.2328
-146.950 -126.936       4.2328
-146.950 -123.009       4.2328
-146.950 -119.082       4.2328
-146.950 -115.156       4.2328
-146.950 -111.229       4.2328
-146.950 -107.303       4.2328
-146.950 -103.376       4.2328
-146.950  -99.450       4.2328
-146.950  -95.523       4.2328
-146.950  -91.596       4.2328
-146.950  -87.670       2.6595
-146.950  -83.743       1.8121
-146.950  -79.817       1.6056
-146.950  -75.890       1.4415
-146.950  -71.963       1.3402
-146.950  -68.037       1.6668
-146.950  -64.110       1.6355
-146.950  -60.184       2.0336
-146.950  -56.257       2.0642
-146.950  -52.330       2.3381
-146.950  -48.404       2.0045
-146.950  -44.477       1.8547
-146.950  -40.551       1.9006
-146.950  -36.624       2.2904
-146.950  -32.697       2.3900
-146.950  -28.771       2.8600
-146.950  -24.844       2.9931
-146.950  -20.918       2.5096
-146.950  -16.991       2.5799
-146.950  -13.065       2.8600
-146.950   -9.138       4.2328
-146.950   -5.211       4.2328
-146.950   -1.285       4.2328
-146.950    2.642       4.2328
-146.950    6.568       4.2328
-146.950   10.495       4.2328
-146.950   14.422       2.9931
-146.950   18.348       2.8600
-146.950   22.275       2.0642
-146.950   26.201       2.5799
-146.950   30.128       3.4063
-146.950   34.055       3.1646
-146.950   37.981       4.2328
-146.950   41.908       4.2328
-146.950   45.834       4.2328
-146.950   49.761       4.2328
-146.950   53.688       2.9931
-146.950   57.614       3.1646
-146.950   61.541       2.6595
-146.950   65.467       2.5799
-146.950   69.394       2.7514
-146.950   73.320       2.7514
-146.950   77.247       2.3900
-146.950   81.174       2.1666
-146.950   85.100       2.7514
-146.950   89.027       2.1305
-146.950   92.953       2.1305
-146.950   96.880       2.2051
-146.950  100.807       1.6056
-146.950  104.733       1.6832
-146.950  108.660       1.9768
-146.950  112.586       2.0964
-146.950  116.513       2.3381
-146.950  120.440       2.5096
-146.950  124.366       2.9931
-146.950  128.293       4.2328
-146.950  132.219       4.2328
-146.950  136.146       4.2328
-146.950  140.072       3.8195
-146.950  143.999       3.8195
-146.950  147.926       4.2328
-146.950  151.852       4.2328
-146.950  155.779       4.2328
-146.950  159.705       3.4063
-146.950  163.632       3.4063
-146.950  167.559       2.2904
-146.950  171.485       1.9249
-146.950  175.412       2.0642
-146.950  179.338       2.2462
-146.950  183.265       2.6595
-146.950  187.192       2.5799
-146.950  191.118       3.1646
-146.950  195.045       4.2328
-146.950  198.971       4.2328
-146.950  202.898       4.2328
-146.950  206.825       4.2328
-146.950  210.751       4.2328
-146.950  214.678       3.4063
-146.950  218.604       1.9006
-146.950  222.531       2.3900
-146.950  226.457       2.0964
-146.950  230.384       2.1305
-146.950  234.311       3.1646
-146.950  238.237       4.2328
-146.950  242.164       4.2328
-146.950  246.090       4.2328
-143.021 -142.642       4.2328
-143.021 -138.715       4.2328
-143.021 -134.789       4.2328
-143.021 -130.862       4.2328
-143.021 -126.936       4.2328
-143.021 -123.009       4.2328
-143.021 -119.082       4.2328
-143.021 -115.156       4.2328
-143.021 -111.229       4.2328
-143.021 -107.303       4.2328
-143.021 -103.376       4.2328
-143.021  -99.450       4.2328
-143.021  -95.523       4.2328
-143.021  -91.596       4.2328
-143.021  -87.670       4.2328
-143.021  -83.743       2.9931
-143.021  -79.817       2.1666
-143.021  -75.890       1.9503
-143.021  -71.963       1.7723
-143.021  -68.037       1.4526
-143.021  -64.110       1.5242
-143.021  -60.184       2.0642
-143.021  -56.257       2.2051
-143.021  -52.330       1.8121
-143.021  -48.404       1.5117
-143.021  -44.477       1.9503
-143.021  -40.551       1.8772
-143.021  -36.624       2.2051
-143.021  -32.697       2.9931
-143.021  -28.771       3.1646
-143.021  -24.844       3.8195
-143.021  -20.918       3.4063
-143.021  -16.991       2.9931
-143.021  -13.065       3.8195
-143.021   -9.138       4.2328
-143.021   -5.211       4.2328
-143.021   -1.285       4.2328
-143.021    2.642       4.2328
-143.021    6.568       4.2328
-143.021   10.495       4.2328
-143.021   14.422       2.2051
-143.021   18.348       2.0336
-143.021   22.275       1.8121
-143.021   26.201       2.2051
-143.021   30.128       2.5096
-143.021   34.055       3.4063
-143.021   37.981       4.2328
-143.021   41.908       4.2328
-143.021   45.834       3.4063
-143.021   49.761       4.2328
-143.021   53.688       3.1646
-143.021   57.614       3.8195
-143.021   61.541       3.1646
-143.021   65.467       2.5799
-143.021   69.394       2.5096
-143.021   73.320       2.9931
-143.021   77.247       1.9768
-143.021   81.174       2.1666
-143.021   85.100       1.9768
-143.021   89.027       2.0045
-143.021   92.953       1.9503
-143.021   96.880       2.1666
-143.021  100.807       1.6355
-143.021  104.733       1.7919
-143.021  108.660       1.9503
-143.021  112.586       1.6668
-143.021  116.513       1.6509
-143.021  120.440       1.8330
-143.021  124.366       2.1666
-143.021  128.293       2.9931
-143.021  132.219       3.4063
-143.021  136.146       2.8600
-143.021  140.072       2.9931
-143.021  143.999       3.1646
-143.021  147.926       4.2328
-143.021  151.852       4.2328
-143.021  155.779       4.2328
-143.021  159.705       3.8195
-143.021  163.632       3.8195
-143.021  167.559       2.9931
-143.021  171.485       2.3900
-143.021  175.412       2.2462
-143.021  179.338       2.4468
-143.021  183.265       2.4468
-143.021  187.192       2.1666
-143.021  191.118       2.8600
-143.021  195.045       4.2328
-143.021  198.971       4.2328
-143.021  202.898       4.2328
-143.021  206.825       4.2328
-143.021  210.751       4.2328
-143.021  214.678       4.2328
-143.021  218.604       2.6595
-143.021  222.531       2.3381
-143.021  226.457       1.9503
-143.021  230.384       1.8121
-143.021  234.311       2.4468
-143.021  238.237       4.2328
-143.021  242.164       4.2328
-143.021  246.090       4.2328
-139.092 -142.642       4.2328
-139.092 -138.715       4.2328
-139.092 -134.789       4.2328
-139.092 -130.862       4.2328
-139.092 -126.936       4.2328
-139.092 -123.009       4.2328
-139.092 -119.082       4.2328
-139.092 -115.156       4.2328
-139.092 -111.229       4.2328
-139.092 -107.303       4.2328
-139.092 -103.376       4.2328
-139.092  -99.450       4.2328
-139.092  -95.523       4.2328
-139.092  -91.596       4.2328
-139.092  -87.670       4.2328
-139.092  -83.743       3.8195
-139.092  -79.817       2.2462
-139.092  -75.890       1.8121
-139.092  -71.963       1.3989
-139.092  -68.037       1.2700
-139.092  -64.110       1.1852
-139.092  -60.184       1.8772
-139.092  -56.257       2.5096
-139.092  -52.330       1.8121
-139.092  -48.404       1.9503
-139.092  -44.477       2.2051
-139.092  -40.551       1.9503
-139.092  -36.624       2.3381
-139.092  -32.697       2.6595
-139.092  -28.771       2.9931
-139.092  -24.844       2.9931
-139.092  -20.918       2.7514
-139.092  -16.991       3.8195
-139.092  -13.065       4.2328
-139.092   -9.138       4.2328
-139.092   -5.211       4.2328
-139.092   -1.285       4.2328
-139.092    2.642       4.2328
-139.092    6.568       4.2328
-139.092   10.495       4.2328
-139.092   14.422       2.8600
-139.092   18.348       1.8330
-139.092   22.275       1.7534
-139.092   26.201       1.9249
-139.092   30.128       2.3900
-139.092   34.055       2.8600
-139.092   37.981       3.8195
-139.092   41.908       4.2328
-139.092   45.834       3.4063
-139.092   49.761       3.1646
-139.092   53.688       2.4468
-139.092   57.614       2.4468
-139.092   61.541       3.4063
-139.092   65.467       2.6595
-139.092   69.394       2.1666
-139.092   73.320       2.3381
-139.092   77.247       2.2904
-139.092   81.174       2.0045
-139.092   85.100       1.7351
-139.092   89.027       1.8330
-139.092   92.953       2.0964
-139.092   96.880       2.6595
-139.092  100.807       1.7723
-139.092  104.733       2.0045
-139.092  108.660       2.0045
-139.092  112.586       1.6355
-139.092  116.513       1.4198
-139.092  120.440       1.3688
-139.092  124.366       1.7534
-139.092  128.293       2.3900
-139.092  132.219       2.0642
-139.092  136.146       2.4468
-139.092  140.072       2.3900
-139.092  143.999       2.0642
-139.092  147.926       3.1646
-139.092  151.852       2.9931
-139.092  155.779       3.4063
-139.092  159.705       4.2328
-139.092  163.632       2.8600
-139.092  167.559       2.4468
-139.092  171.485       2.3381
-139.092  175.412       2.6595
-139.092  179.338       2.7514
-139.092  183.265       2.0045
-139.092  187.192       2.3381
-139.092  191.118       4.2328
-139.092  195.045       4.2328
-139.092  198.971       4.2328
-139.092  202.898       4.2328
-139.092  206.825       4.2328
-139.092  210.751       4.2328
-139.092  214.678       4.2328
-139.092  218.604       3.8195
-139.092  222.531       3.8195
-139.092  226.457       1.7351
-139.092  230.384       1.3496
-139.092  234.311       2.0642
-139.092  238.237       3.8195
-139.092  242.164       4.2328
-139.092  246.090       4.2328
-135.163 -142.642       4.2328
-135.163 -138.715       4.2328
-135.163 -134.789       4.2328
-135.163 -130.862       4.2328
-135.163 -126.936       4.2328
-135.163 -123.009       4.2328
-135.163 -119.082       4.2328
-135.163 -115.156       4.2328
-135.163 -111.229       4.2328
-135.163 -107.303       4.2328
-135.163 -103.376       4.2328
-135.163  -99.450       4.2328
-135.163  -95.523       4.2328
-135.163  -91.596       4.2328
-135.163  -87.670       4.2328
-135.163  -83.743       4.2328
-135.163  -79.817       2.5096
-135.163  -75.890       1.7723
-135.163  -71.963       1.4305
-135.163  -68.037       1.0565
-135.163  -64.110       1.5773
-135.163  -60.184       2.3900
-135.163  -56.257       2.4468
-135.163  -52.330       1.9249
-135.163  -48.404       2.3381
-135.163  -44.477       2.5096
-135.163  -40.551       2.0045
-135.163  -36.624       1.9249
-135.163  -32.697       1.9006
-135.163  -28.771       2.2051
-135.163  -24.844       2.9931
-135.163  -20.918       3.8195
-135.163  -16.991       4.2328
-135.163  -13.065       4.2328
-135.163   -9.138       4.2328
-135.163   -5.211       4.2328
-135.163   -1.285       4.2328
-135.163    2.642       4.2328
-135.163    6.568       4.2328
-135.163   10.495       4.2328
-135.163   14.422       2.7514
-135.163   18.348       2.1305
-135.163   22.275       2.2904
-135.163   26.201       2.3900
-135.163   30.128       2.6595
-135.163   34.055       3.4063
-135.163   37.981       4.2328
-135.163   41.908       4.2328
-135.163   45.834       3.4063
-135.163   49.761       2.5096
-135.163   53.688       2.2051
-135.163   57.614       1.9768
-135.163   61.541       2.6595
-135.163   65.467       2.1666
-135.163   69.394       1.7723
-135.163   73.320       1.8121
-135.163   77.247       2.2904
-135.163   81.174       1.7723
-135.163   85.100       1.8547
-135.163   89.027       1.8547
-135.163   92.953       2.0642
-135.163   96.880       2.5096
-135.163  100.807       1.9768
-135.163  104.733       1.9006
-135.163  108.660       1.7351
-135.163  112.586       1.1997
-135.163  116.513       1.2222
-135.163  120.440       1.6355
-135.163  124.366       1.4415
-135.163  128.293       1.7173
-135.163  132.219       2.0336
-135.163  136.146       1.9503
-135.163  140.072       1.6056
-135.163  143.999       1.4640
-135.163  147.926       1.5635
-135.163  151.852       1.6204
-135.163  155.779       1.8772
-135.163  159.705       2.4468
-135.163  163.632       2.7514
-135.163  167.559       4.2328
-135.163  171.485       2.7514
-135.163  175.412       2.6595
-135.163  179.338       2.5799
-135.163  183.265       2.3381
-135.163  187.192       3.4063
-135.163  191.118       4.2328
-135.163  195.045       4.2328
-135.163  198.971       4.2328
-135.163  202.898       4.2328
-135.163  206.825       4.2328
-135.163  210.751       4.2328
-135.163  214.678       4.2328
-135.163  218.604       4.2328
-135.163  222.531       4.2328
-135.163  226.457       2.3900
-135.163  230.384       1.9503
-135.163  234.311       1.5501
-135.163  238.237       2.8600
-135.163  242.164       4.2328
-135.163  246.090       4.2328
-131.234 -142.642       4.2328
-131.234 -138.715       4.2328
-131.234 -134.789       4.2328
-131.234 -130.862       4.2328
-131.234 -126.936       4.2328
-131.234 -123.009       4.2328
-131.234 -119.082       4.2328
-131.234 -115.156       4.2328
-131.234 -111.229       4.2328
-131.234 -107.303       4.2328
-131.234 -103.376       4.2328
-131.234  -99.450       4.2328
-131.234  -95.523       4.2328
-131.234  -91.596       4.2328
-131.234  -87.670       4.2328
-131.234  -83.743       4.2328
-131.234  -79.817       2.8600
-131.234  -75.890       2.5096
-131.234  -71.963       2.0045
-131.234  -68.037       1.4640
-131.234  -64.110       1.9249
-131.234  -60.184       2.7514
-131.234  -56.257       3.1646
-131.234  -52.330       2.0642
-131.234  -48.404       1.9768
-131.234  -44.477       2.1305
-131.234  -40.551       2.2462
-131.234  -36.624       1.9006
-131.234  -32.697       2.0336
-131.234  -28.771       2.5799
-131.234  -24.844       3.1646
-131.234  -20.918       4.2328
-131.234  -16.991       4.2328
-131.234  -13.065       4.2328
-131.234   -9.138       4.2328
-131.234   -5.211       4.2328
-131.234   -1.285       4.2328
-131.234    2.642       4.2328
-131.234    6.568       4.2328
-131.234   10.495       3.4063
-131.234   14.422       2.8600
-131.234   18.348       2.6595
-131.234   22.275       2.3900
-131.234   26.201       2.6595
-131.234   30.128       2.8600
-131.234   34.055       2.8600
-131.234   37.981       2.7514
-131.234   41.908       3.4063
-131.234   45.834       2.9931
-131.234   49.761       2.6595
-131.234   53.688       2.0964
-131.234   57.614       2.0336
-131.234   61.541       2.0045
-131.234   65.467       1.8772
-131.234   69.394       2.0964
-131.234   73.320       1.7723
-131.234   77.247       1.7723
-131.234   81.174       1.7723
-131.234   85.100       2.0336
-131.234   89.027       2.2051
-131.234   92.953       2.2904
-131.234   96.880       2.0045
-131.234  100.807       2.0642
-131.234  104.733       1.5913
-131.234  108.660       1.5370
-131.234  112.586       1.4305
-131.234  116.513       1.3129
-131.234  120.440       1.5370
-131.234  124.366       1.4755
-131.234  128.293       1.4198
-131.234  132.219       1.5913
-131.234  136.146       1.2867
-131.234  140.072       1.1303
-131.234  143.999       1.0394
-131.234  147.926       0.8324
-131.234  151.852       0.9754
-131.234  155.779       1.0507
-131.234  159.705       1.2377
-131.234  163.632       2.2904
-131.234  167.559       3.8195
-131.234  171.485       4.2328
-131.234  175.412       4.2328
-131.234  179.338       3.4063
-131.234  183.265       4.2328
-131.234  187.192       4.2328
-131.234  191.118       4.2328
-131.234  195.045       4.2328
-131.234  198.971       4.2328
-131.234  202.898       4.2328
-131.234  206.825       4.2328
-131.234  210.751       4.2328
-131.234  214.678       4.2328
-131.234  218.604       4.2328
-131.234  222.531       4.2328
-131.234  226.457       3.1646
-131.234  230.384       2.0964
-131.234  234.311       1.4994
-131.234  238.237       2.4468
-131.234  242.164       4.2328
-131.234  246.090       4.2328
-127.305 -142.642       4.2328
-127.305 -138.715       4.2328
-127.305 -134.789       4.2328
-127.305 -130.862       4.2328
-127.305 -126.936       4.2328
-127.305 -123.009       4.2328
-127.305 -119.082       4.2328
-127.305 -115.156       4.2328
-127.305 -111.229       4.2328
-127.305 -107.303       4.2328
-127.305 -103.376       4.2328
-127.305  -99.450       4.2328
-127.305  -95.523       4.2328
-127.305  -91.596       4.2328
-127.305  -87.670       4.2328
-127.305  -83.743       4.2328
-127.305  -79.817       4.2328
-127.305  -75.890       3.8195
-127.305  -71.963       2.5096
-127.305  -68.037       2.3381
-127.305  -64.110       2.4468
-127.305  -60.184       2.4468
-127.305  -56.257       4.2328
-127.305  -52.330       3.4063
-127.305  -48.404       2.6595
-127.305  -44.477       2.4468
-127.305  -40.551       2.3381
-127.305  -36.624       1.7351
-127.305  -32.697       1.5635
-127.305  -28.771       1.7723
-127.305  -24.844       2.4468
-127.305  -20.918       2.5799
-127.305  -16.991       2.8600
-127.305  -13.065       4.2328
-127.305   -9.138       4.2328
-127.305   -5.211       4.2328
-127.305   -1.285       4.2328
-127.305    2.642       4.2328
-127.305    6.568       4.2328
-127.305   10.495       2.9931
-127.305   14.422       2.8600
-127.305   18.348       2.3900
-127.305   22.275       2.9931
-127.305   26.201       2.3381
-127.305   30.128       2.2462
-127.305   34.055       2.0336
-127.305   37.981       2.2051
-127.305   41.908       2.6595
-127.305   45.834       2.5799
-127.305   49.761       3.1646
-127.305   53.688       2.7514
-127.305   57.614       2.1666
-127.305   61.541       1.7351
-127.305   65.467       2.0336
-127.305   69.394       1.6355
-127.305   73.320       1.5370
-127.305   77.247       1.6056
-127.305   81.174       1.4198
-127.305   85.100       1.9503
-127.305   89.027       2.0642
-127.305   92.953       1.9503
-127.305   96.880       1.9768
-127.305  100.807       2.3900
-127.305  104.733       1.6832
-127.305  108.660       1.4526
-127.305  112.586       1.1047
-127.305  116.513       1.1174
-127.305  120.440       1.4198
-127.305  124.366       1.2377
-127.305  128.293       1.3887
-127.305  132.219       1.3129
-127.305  136.146       1.3496
-127.305  140.072       1.5370
-127.305  143.999       0.9704
-127.305  147.926       0.6095
-127.305  151.852       0.7171
-127.305  155.779       0.8996
-127.305  159.705       1.0682
-127.305  163.632       1.4994
-127.305  167.559       2.9931
-127.305  171.485       4.2328
-127.305  175.412       4.2328
-127.305  179.338       4.2328
-127.305  183.265       4.2328
-127.305  187.192       4.2328
-127.305  191.118       4.2328
-127.305  195.045       4.2328
-127.305  198.971       4.2328
-127.305  202.898       4.2328
-127.305  206.825       4.2328
-127.305  210.751       4.2328
-127.305  214.678       4.2328
-127.305  218.604       4.2328
-127.305  222.531       4.2328
-127.305  226.457       4.2328
-127.305  230.384       2.6595
-127.305  234.311       1.6668
-127.305  238.237       1.8121
-127.305  242.164       3.4063
-127.305  246.090       4.2328
-123.375 -142.642       4.2328
-123.375 -138.715       4.2328
-123.375 -134.789       4.2328
-123.375 -130.862       4.2328
-123.375 -126.936       4.2328
-123.375 -123.009       4.2328
-123.375 -119.082       4.2328
-123.375 -115.156       4.2328
-123.375 -111.229       4.2328
-123.375 -107.303       4.2328
-123.375 -103.376       4.2328
-123.375  -99.450       4.2328
-123.375  -95.523       4.2328
-123.375  -91.596       4.2328
-123.375  -87.670       4.2328
-123.375  -83.743       4.2328
-123.375  -79.817       4.2328
-123.375  -75.890       4.2328
-123.375  -71.963       4.2328
-123.375  -68.037       2.8600
-123.375  -64.110       2.6595
-123.375  -60.184       2.3381
-123.375  -56.257       3.1646
-123.375  -52.330       3.1646
-123.375  -48.404       4.2328
-123.375  -44.477       2.6595
-123.375  -40.551       2.5096
-123.375  -36.624       1.5913
-123.375  -32.697       1.7723
-123.375  -28.771       2.0045
-123.375  -24.844       2.9931
-123.375  -20.918       2.8600
-123.375  -16.991       4.2328
-123.375  -13.065       4.2328
-123.375   -9.138       4.2328
-123.375   -5.211       4.2328
-123.375   -1.285       4.2328
-123.375    2.642       4.2328
-123.375    6.568       4.2328
-123.375   10.495       4.2328
-123.375   14.422       2.7514
-123.375   18.348       3.1646
-123.375   22.275       2.6595
-123.375   26.201       1.8547
-123.375   30.128       2.2904
-123.375   34.055       2.1666
-123.375   37.981       2.5799
-123.375   41.908       2.5799
-123.375   45.834       2.9931
-123.375   49.761       3.1646
-123.375   53.688       2.4468
-123.375   57.614       2.0336
-123.375   61.541       1.9503
-123.375   65.467       1.9249
-123.375   69.394       1.8121
-123.375   73.320       1.5242
-123.375   77.247       1.6204
-123.375   81.174       1.5913
-123.375   85.100       2.3900
-123.375   89.027       2.4468
-123.375   92.953       2.2051
-123.375   96.880       2.1305
-123.375  100.807       2.2051
-123.375  104.733       1.7534
-123.375  108.660       1.5635
-123.375  112.586       1.2536
-123.375  116.513       1.1571
-123.375  120.440       1.2146
-123.375  124.366       1.2146
-123.375  128.293       1.3688
-123.375  132.219       1.5913
-123.375  136.146       1.2700
-123.375  140.072       1.1640
-123.375  143.999       1.1924
-123.375  147.926       1.1436
-123.375  151.852       1.0450
-123.375  155.779       1.1503
-123.375  159.705       1.4198
-123.375  163.632       1.7919
-123.375  167.559       2.9931
-123.375  171.485       4.2328
-123.375  175.412       4.2328
-123.375  179.338       4.2328
-123.375  183.265       4.2328
-123.375  187.192       4.2328
-123.375  191.118       4.2328
-123.375  195.045       4.2328
-123.375  198.971       4.2328
-123.375  202.898       4.2328
-123.375  206.825       4.2328
-123.375  210.751       4.2328
-123.375  214.678       4.2328
-123.375  218.604       4.2328
-123.375  222.531       4.2328
-123.375  226.457       4.2328
-123.375  230.384       2.3900
-123.375  234.311       1.4755
-123.375  238.237       1.9503
-123.375  242.164       4.2328
-123.375  246.090       4.2328
-119.446 -142.642       4.2328
-119.446 -138.715       4.2328
-119.446 -134.789       4.2328
-119.446 -130.862       4.2328
-119.446 -126.936       4.2328
-119.446 -123.009       4.2328
-119.446 -119.082       4.2328
-119.446 -115.156       4.2328
-119.446 -111.229       4.2328
-119.446 -107.303       4.2328
-119.446 -103.376       4.2328
-119.446  -99.450       4.2328
-119.446  -95.523       4.2328
-119.446  -91.596       4.2328
-119.446  -87.670       4.2328
-119.446  -83.743       4.2328
-119.446  -79.817       4.2328
-119.446  -75.890       4.2328
-119.446  -71.963       4.2328
-119.446  -68.037       4.2328
-119.446  -64.110       3.4063
-119.446  -60.184       3.4063
-119.446  -56.257       3.8195
-119.446  -52.330       4.2328
-119.446  -48.404       4.2328
-119.446  -44.477       4.2328
-119.446  -40.551       2.9931
-119.446  -36.624       2.1666
-119.446  -32.697       2.2904
-119.446  -28.771       2.5096
-119.446  -24.844       3.8195
-119.446  -20.918       3.8195
-119.446  -16.991       4.2328
-119.446  -13.065       4.2328
-119.446   -9.138       4.2328
-119.446   -5.211       4.2328
-119.446   -1.285       4.2328
-119.446    2.642       4.2328
-119.446    6.568       4.2328
-119.446   10.495       3.8195
-119.446   14.422       2.8600
-119.446   18.348       2.5096
-119.446   22.275       1.9006
-119.446   26.201       2.0642
-119.446   30.128       2.3381
-119.446   34.055       2.0642
-119.446   37.981       2.5799
-119.446   41.908       2.2462
-119.446   45.834       2.2051
-119.446   49.761       2.3900
-119.446   53.688       2.4468
-119.446   57.614       1.5635
-119.446   61.541       1.8121
-119.446   65.467       1.6509
-119.446   69.394       1.5773
-119.446   73.320       1.5501
-119.446   77.247       1.5501
-119.446   81.174       1.7723
-119.446   85.100       2.0045
-119.446   89.027       2.5096
-119.446   92.953       2.1666
-119.446   96.880       2.0045
-119.446  100.807       2.0336
-119.446  104.733       1.5501
-119.446  108.660       1.4873
-119.446  112.586       1.6509
-119.446  116.513       1.3129
-119.446  120.440       1.3309
-119.446  124.366       1.3309
-119.446  128.293       1.3402
-119.446  132.219       1.6355
-119.446  136.146       1.6204
-119.446  140.072       1.4994
-119.446  143.999       1.8772
-119.446  147.926       2.2051
-119.446  151.852       2.2904
-119.446  155.779       2.4468
-119.446  159.705       2.2904
-119.446  163.632       2.9931
-119.446  167.559       3.8195
-119.446  171.485       4.2328
-119.446  175.412       4.2328
-119.446  179.338       4.2328
-119.446  183.265       4.2328
-119.446  187.192       4.2328
-119.446  191.118       4.2328
-119.446  195.045       4.2328
-119.446  198.971       4.2328
-119.446  202.898       4.2328
-119.446  206.825       4.2328
-119.446  210.751       4.2328
-119.446  214.678       4.2328
-119.446  218.604       4.2328
-119.446  222.531       4.2328
-119.446  226.457       4.2328
-119.446  230.384       3.4063
-119.446  234.311       1.8772
-119.446  238.237       2.9931
-119.446  242.164       3.8195
-119.446  246.090       4.2328
-115.517 -142.642       4.2328
-115.517 -138.715       4.2328
-115.517 -134.789       4.2328
-115.517 -130.862       4.2328
-115.517 -126.936       4.2328
-115.517 -123.009       4.2328
-115.517 -119.082       4.2328
-115.517 -115.156       4.2328
-115.517 -111.229       4.2328
-115.517 -107.303       4.2328
-115.517 -103.376       4.2328
-115.517  -99.450       4.2328
-115.517  -95.523       4.2328
-115.517  -91.596       4.2328
-115.517  -87.670       4.2328
-115.517  -83.743       4.2328
-115.517  -79.817       4.2328
-115.517  -75.890       4.2328
-115.517  -71.963       4.2328
-115.517  -68.037       4.2328
-115.517  -64.110       4.2328
-115.517  -60.184       4.2328
-115.517  -56.257       4.2328
-115.517  -52.330       3.1646
-115.517  -48.404       3.1646
-115.517  -44.477       3.1646
-115.517  -40.551       2.7514
-115.517  -36.624       3.4063
-115.517  -32.697       2.6595
-115.517  -28.771       2.8600
-115.517  -24.844       2.7514
-115.517  -20.918       4.2328
-115.517  -16.991       4.2328
-115.517  -13.065       4.2328
-115.517   -9.138       4.2328
-115.517   -5.211       4.2328
-115.517   -1.285       4.2328
-115.517    2.642       4.2328
-115.517    6.568       4.2328
-115.517   10.495       4.2328
-115.517   14.422       4.2328
-115.517   18.348       4.2328
-115.517   22.275       2.2051
-115.517   26.201       2.0045
-115.517   30.128       2.5799
-115.517   34.055       2.2462
-115.517   37.981       2.2051
-115.517   41.908       2.3900
-115.517   45.834       2.2051
-115.517   49.761       2.3900
-115.517   53.688       1.8547
-115.517   57.614       1.7351
-115.517   61.541       1.9249
-115.517   65.467       2.1666
-115.517   69.394       1.7351
-115.517   73.320       1.9768
-115.517   77.247       1.6355
-115.517   81.174       1.7534
-115.517   85.100       2.0045
-115.517   89.027       1.9768
-115.517   92.953       2.3900
-115.517   96.880       2.1666
-115.517  100.807       2.0964
-115.517  104.733       1.4305
-115.517  108.660       1.6509
-115.517  112.586       1.7534
-115.517  116.513       1.9249
-115.517  120.440       1.7351
-115.517  124.366       1.7351
-115.517  128.293       1.9249
-115.517  132.219       2.3900
-115.517  136.146       2.4468
-115.517  140.072       2.5096
-115.517  143.999       2.6595
-115.517  147.926       4.2328
-115.517  151.852       3.8195
-115.517  155.779       4.2328
-115.517  159.705       4.2328
-115.517  163.632       4.2328
-115.517  167.559       4.2328
-115.517  171.485       4.2328
-115.517  175.412       4.2328
-115.517  179.338       4.2328
-115.517  183.265       4.2328
-115.517  187.192       4.2328
-115.517  191.118       4.2328
-115.517  195.045       4.2328
-115.517  198.971       4.2328
-115.517  202.898       4.2328
-115.517  206.825       4.2328
-115.517  210.751       4.2328
-115.517  214.678       4.2328
-115.517  218.604       4.2328
-115.517  222.531       4.2328
-115.517  226.457       4.2328
-115.517  230.384       2.8600
-115.517  234.311       1.7919
-115.517  238.237       2.8600
-115.517  242.164       4.2328
-115.517  246.090       4.2328
-111.588 -142.642       4.2328
-111.588 -138.715       4.2328
-111.588 -134.789       4.2328
-111.588 -130.862       4.2328
-111.588 -126.936       4.2328
-111.588 -123.009       4.2328
-111.588 -119.082       4.2328
-111.588 -115.156       4.2328
-111.588 -111.229       4.2328
-111.588 -107.303       4.2328
-111.588 -103.376       4.2328
-111.588  -99.450       4.2328
-111.588  -95.523       4.2328
-111.588  -91.596       4.2328
-111.588  -87.670       4.2328
-111.588  -83.743       4.2328
-111.588  -79.817       4.2328
-111.588  -75.890       4.2328
-111.588  -71.963       4.2328
-111.588  -68.037       4.2328
-111.588  -64.110       4.2328
-111.588  -60.184       4.2328
-111.588  -56.257       3.1646
-111.588  -52.330       2.6595
-111.588  -48.404       2.2904
-111.588  -44.477       3.4063
-111.588  -40.551       4.2328
-111.588  -36.624       3.8195
-111.588  -32.697       3.1646
-111.588  -28.771       3.4063
-111.588  -24.844       4.2328
-111.588  -20.918       4.2328
-111.588  -16.991       4.2328
-111.588  -13.065       4.2328
-111.588   -9.138       4.2328
-111.588   -5.211       4.2328
-111.588   -1.285       4.2328
-111.588    2.642       3.8195
-111.588    6.568       3.4063
-111.588   10.495       4.2328
-111.588   14.422       2.6595
-111.588   18.348       2.6595
-111.588   22.275       3.1646
-111.588   26.201       3.1646
-111.588   30.128       2.9931
-111.588   34.055       2.4468
-111.588   37.981       2.4468
-111.588   41.908       2.8600
-111.588   45.834       2.8600
-111.588   49.761       2.3900
-111.588   53.688       1.7534
-111.588   57.614       2.0642
-111.588   61.541       2.5799
-111.588   65.467       2.4468
-111.588   69.394       2.2051
-111.588   73.320       2.3900
-111.588   77.247       2.1666
-111.588   81.174       1.5913
-111.588   85.100       1.7534
-111.588   89.027       2.0045
-111.588   92.953       2.5799
-111.588   96.880       2.5799
-111.588  100.807       2.0045
-111.588  104.733       1.5501
-111.588  108.660       1.7723
-111.588  112.586       1.6204
-111.588  116.513       1.6832
-111.588  120.440       2.1666
-111.588  124.366       1.7919
-111.588  128.293       2.1305
-111.588  132.219       2.3381
-111.588  136.146       2.9931
-111.588  140.072       2.7514
-111.588  143.999       2.5096
-111.588  147.926       3.1646
-111.588  151.852       4.2328
-111.588  155.779       4.2328
-111.588  159.705       4.2328
-111.588  163.632       4.2328
-111.588  167.559       4.2328
-111.588  171.485       4.2328
-111.588  175.412       4.2328
-111.588  179.338       4.2328
-111.588  183.265       4.2328
-111.588  187.192       4.2328
-111.588  191.118       4.2328
-111.588  195.045       4.2328
-111.588  198.971       4.2328
-111.588  202.898       4.2328
-111.588  206.825       4.2328
-111.588  210.751       4.2328
-111.588  214.678       4.2328
-111.588  218.604       4.2328
-111.588  222.531       4.2328
-111.588  226.457       4.2328
-111.588  230.384       3.4063
-111.588  234.311       2.2904
-111.588  238.237       2.8600
-111.588  242.164       4.2328
-111.588  246.090       4.2328
-107.659 -142.642       4.2328
-107.659 -138.715       4.2328
-107.659 -134.789       4.2328
-107.659 -130.862       4.2328
-107.659 -126.936       4.2328
-107.659 -123.009       4.2328
-107.659 -119.082       4.2328
-107.659 -115.156       4.2328
-107.659 -111.229       4.2328
-107.659 -107.303       4.2328
-107.659 -103.376       4.2328
-107.659  -99.450       4.2328
-107.659  -95.523       4.2328
-107.659  -91.596       4.2328
-107.659  -87.670       4.2328
-107.659  -83.743       4.2328
-107.659  -79.817       4.2328
-107.659  -75.890       4.2328
-107.659  -71.963       4.2328
-107.659  -68.037       4.2328
-107.659  -64.110       4.2328
-107.659  -60.184       4.2328
-107.659  -56.257       2.9931
-107.659  -52.330       2.8600
-107.659  -48.404       2.2462
-107.659  -44.477       3.1646
-107.659  -40.551       2.9931
-107.659  -36.624       2.7514
-107.659  -32.697       2.9931
-107.659  -28.771       3.1646
-107.659  -24.844       3.4063
-107.659  -20.918       4.2328
-107.659  -16.991       4.2328
-107.659  -13.065       4.2328
-107.659   -9.138       4.2328
-107.659   -5.211       3.8195
-107.659   -1.285       3.1646
-107.659    2.642       2.8600
-107.659    6.568       2.5096
-107.659   10.495       2.1305
-107.659   14.422       2.1666
-107.659   18.348       2.8600
-107.659   22.275       2.6595
-107.659   26.201       2.8600
-107.659   30.128       2.3381
-107.659   34.055       3.1646
-107.659   37.981       2.7514
-107.659   41.908       2.9931
-107.659   45.834       2.6595
-107.659   49.761       2.3381
-107.659   53.688       1.7000
-107.659   57.614       1.8772
-107.659   61.541       2.2904
-107.659   65.467       2.5799
-107.659   69.394       2.3900
-107.659   73.320       2.1666
-107.659   77.247       1.9503
-107.659   81.174       1.8330
-107.659   85.100       1.7534
-107.659   89.027       2.5799
-107.659   92.953       2.2904
-107.659   96.880       2.5799
-107.659  100.807       2.2904
-107.659  104.733       1.9006
-107.659  108.660       1.7000
-107.659  112.586       1.3688
-107.659  116.513       1.3786
-107.659  120.440       1.4994
-107.659  124.366       1.6355
-107.659  128.293       1.7173
-107.659  132.219       2.0336
-107.659  136.146       2.5096
-107.659  140.072       2.7514
-107.659  143.999       2.3900
-107.659  147.926       2.6595
-107.659  151.852       4.2328
-107.659  155.779       4.2328
-107.659  159.705       4.2328
-107.659  163.632       4.2328
-107.659  167.559       4.2328
-107.659  171.485       4.2328
-107.659  175.412       4.2328
-107.659  179.338       4.2328
-107.659  183.265       4.2328
-107.659  187.192       4.2328
-107.659  191.118       4.2328
-107.659  195.045       4.2328
-107.659  198.971       4.2328
-107.659  202.898       4.2328
-107.659  206.825       4.2328
-107.659  210.751       4.2328
-107.659  214.678       4.2328
-107.659  218.604       4.2328
-107.659  222.531       4.2328
-107.659  226.457       4.2328
-107.659  230.384       4.2328
-107.659  234.311       3.4063
-107.659  238.237       4.2328
-107.659  242.164       4.2328
-107.659  246.090       4.2328
-103.730 -142.642       4.2328
-103.730 -138.715       4.2328
-103.730 -134.789       4.2328
-103.730 -130.862       4.2328
-103.730 -126.936       4.2328
-103.730 -123.009       4.2328
-103.730 -119.082       4.2328
-103.730 -115.156       4.2328
-103.730 -111.229       4.2328
-103.730 -107.303       4.2328
-103.730 -103.376       4.2328
-103.730  -99.450       4.2328
-103.730  -95.523       4.2328
-103.730  -91.596       4.2328
-103.730  -87.670       4.2328
-103.730  -83.743       4.2328
-103.730  -79.817       4.2328
-103.730  -75.890       4.2328
-103.730  -71.963       4.2328
-103.730  -68.037       4.2328
-103.730  -64.110       4.2328
-103.730  -60.184       4.2328
-103.730  -56.257       4.2328
-103.730  -52.330       2.7514
-103.730  -48.404       2.7514
-103.730  -44.477       2.5096
-103.730  -40.551       2.2904
-103.730  -36.624       2.2462
-103.730  -32.697       2.0964
-103.730  -28.771       2.5799
-103.730  -24.844       4.2328
-103.730  -20.918       4.2328
-103.730  -16.991       4.2328
-103.730  -13.065       3.8195
-103.730   -9.138       4.2328
-103.730   -5.211       2.8600
-103.730   -1.285       2.8600
-103.730    2.642       2.5096
-103.730    6.568       2.3381
-103.730   10.495       1.9006
-103.730   14.422       2.5096
-103.730   18.348       3.1646
-103.730   22.275       2.5799
-103.730   26.201       2.3900
-103.730   30.128       2.0045
-103.730   34.055       2.0045
-103.730   37.981       2.7514
-103.730   41.908       2.5799
-103.730   45.834       2.2462
-103.730   49.761       1.7723
-103.730   53.688       1.9006
-103.730   57.614       1.8330
-103.730   61.541       1.9249
-103.730   65.467       2.0642
-103.730   69.394       2.1666
-103.730   73.320       1.8547
-103.730   77.247       1.9006
-103.730   81.174       1.8547
-103.730   85.100       2.2051
-103.730   89.027       2.0964
-103.730   92.953       2.1305
-103.730   96.880       2.9931
-103.730  100.807       2.3900
-103.730  104.733       2.0045
-103.730  108.660       1.5773
-103.730  112.586       1.2222
-103.730  116.513       0.8404
-103.730  120.440       1.0119
-103.730  124.366       0.9704
-103.730  128.293       1.0282
-103.730  132.219       1.3591
-103.730  136.146       1.9503
-103.730  140.072       2.3381
-103.730  143.999       2.3381
-103.730  147.926       2.8600
-103.730  151.852       4.2328
-103.730  155.779       4.2328
-103.730  159.705       4.2328
-103.730  163.632       4.2328
-103.730  167.559       4.2328
-103.730  171.485       4.2328
-103.730  175.412       4.2328
-103.730  179.338       4.2328
-103.730  183.265       4.2328
-103.730  187.192       4.2328
-103.730  191.118       4.2328
-103.730  195.045       4.2328
-103.730  198.971       4.2328
-103.730  202.898       4.2328
-103.730  206.825       4.2328
-103.730  210.751       4.2328
-103.730  214.678       4.2328
-103.730  218.604       4.2328
-103.730  222.531       4.2328
-103.730  226.457       4.2328
-103.730  230.384       4.2328
-103.730  234.311       4.2328
-103.730  238.237       4.2328
-103.730  242.164       4.2328
-103.730  246.090       4.2328
 -99.801 -142.642       4.2328
 -99.801 -138.715       4.2328
 -99.801 -134.789       4.2328
 -99.801 -130.862       4.2328
 -99.801 -126.936       4.2328
 -99.801 -123.009       4.2328
 -99.801 -119.082       4.2328
 -99.801 -115.156       4.2328
 -99.801 -111.229       4.2328
 -99.801 -107.303       4.2328
 -99.801 -103.376       4.2328
 -99.801  -99.450       4.2328
 -99.801  -95.523       4.2328
 -99.801  -91.596       4.2328
 -99.801  -87.670       4.2328
 -99.801  -83.743       4.2328
 -99.801  -79.817       4.2328
 -99.801  -75.890       4.2328
 -99.801  -71.963       4.2328
 -99.801  -68.037       4.2328
 -99.801  -64.110       4.2328
 -99.801  -60.184       4.2328
 -99.801  -56.257       3.8195
 -99.801  -52.330       3.8195
 -99.801  -48.404       3.8195
 -99.801  -44.477       2.2051
 -99.801  -40.551       2.0642
 -99.801  -36.624       2.5096
 -99.801  -32.697       2.5096
 -99.801  -28.771       2.9931
 -99.801  -24.844       4.2328
 -99.801  -20.918       4.2328
 -99.801  -16.991       3.4063
 -99.801  -13.065       3.8195
 -99.801   -9.138       3.1646
 -99.801   -5.211       2.7514
 -99.801   -1.285       2.6595
 -99.801    2.642       2.5096
 -99.801    6.568       2.5799
 -99.801   10.495       2.3381
 -99.801   14.422       2.7514
 -99.801   18.348       2.3900
 -99.801   22.275       1.9503
 -99.801   26.201       2.1305
 -99.801   30.128       2.2462
 -99.801   34.055       2.0642
 -99.801   37.981       2.1666
 -99.801   41.908       2.8600
 -99.801   45.834       2.6595
 -99.801   49.761       1.6832
 -99.801   53.688       1.4873
 -99.801   57.614       2.0045
 -99.801   61.541       2.2462
 -99.801   65.467       1.7534
 -99.801   69.394       1.8121
 -99.801   73.320       1.8547
 -99.801   77.247       2.0642
 -99.801   81.174       2.3381
 -99.801   85.100       2.5096
 -99.801   89.027       2.3900
 -99.801   92.953       1.9006
 -99.801   96.880       1.4526
 -99.801  100.807       1.4873
 -99.801  104.733       1.3040
 -99.801  108.660       0.9177
 -99.801  112.586       0.7613
 -99.801  116.513       0.4864
 -99.801  120.440       0.3714
 -99.801  124.366       0.3751
 -99.801  128.293       0.4954
 -99.801  132.219       1.0065
 -99.801  136.146       1.3496
 -99.801  140.072       1.4640
 -99.801  143.999       2.2051
 -99.801  147.926       3.1646
 -99.801  151.852       4.2328
 -99.801  155.779       4.2328
 -99.801  159.705       4.2328
 -99.801  163.632       4.2328
 -99.801  167.559       4.2328
 -99.801  171.485       4.2328
 -99.801  175.412       4.2328
 -99.801  179.338       4.2328
 -99.801  183.265       4.2328
 -99.801  187.192       4.2328
 -99.801  191.118       4.2328
 -99.801  195.045       4.2328
 -99.801  198.971       4.2328
 -99.801  202.898       4.2328
 -99.801  206.825       4.2328
 -99.801  210.751       4.2328
 -99.801  214.678       4.2328
 -99.801  218.604       4.2328
 -99.801  222.531       4.2328
 -99.801  226.457       4.2328
 -99.801  230.384       4.2328
 -99.801  234.311       4.2328
 -99.801  238.237       4.2328
 -99.801  242.164       4.2328
 -99.801  246.090       4.2328
 -95.871 -142.642       4.2328
 -95.871 -138.715       4.2328
 -95.871 -134.789       4.2328
 -95.871 -130.862       4.2328
 -95.871 -126.936       4.2328
 -95.871 -123.009       4.2328
 -95.871 -119.082       4.2328
 -95.871 -115.156       4.2328
 -95.871 -111.229       4.2328
 -95.871 -107.303       4.2328
 -95.871 -103.376       4.2328
 -95.871  -99.450       4.2328
 -95.871  -95.523       4.2328
 -95.871  -91.596       4.2328
 -95.871  -87.670       4.2328
 -95.871  -83.743       4.2328
 -95.871  -79.817       4.2328
 -95.871  -75.890       4.2328
 -95.871  -71.963       4.2328
 -95.871  -68.037       4.2328
 -95.871  -64.110       4.2328
 -95.871  -60.184       4.2328
 -95.871  -56.257       4.2328
 -95.871  -52.330       4.2328
 -95.871  -48.404       2.6595
 -95.871  -44.477       2.8600
 -95.871  -40.551       2.2904
 -95.871  -36.624       2.8600
 -95.871  -32.697       2.5799
 -95.871  -28.771       3.4063
 -95.871  -24.844       2.8600
 -95.871  -20.918       2.7514
 -95.871  -16.991       2.4468
 -95.871  -13.065       2.9931
 -95.871   -9.138       2.8600
 -95.871   -5.211       2.7514
 -95.871   -1.285       2.9931
 -95.871    2.642       2.4468
 -95.871    6.568       2.3900
 -95.871   10.495       2.8600
 -95.871   14.422       2.6595
 -95.871   18.348       2.0964
 -95.871   22.275       1.8772
 -95.871   26.201       2.3900
 -95.871   30.128       2.2462
 -95.871   34.055       2.1666
 -95.871   37.981       2.5096
 -95.871   41.908       2.3381
 -95.871   45.834       2.6595
 -95.871   49.761       2.3381
 -95.871   53.688       1.6832
 -95.871   57.614       2.0642
 -95.871   61.541       2.0642
 -95.871   65.467       2.0964
 -95.871   69.394       1.6509
 -95.871   73.320       1.7351
 -95.871   77.247       2.0336
 -95.871   81.174       2.1305
 -95.871   85.100       2.3900
 -95.871   89.027       1.7000
 -95.871   92.953       1.1110
 -95.871   96.880       1.0173
 -95.871  100.807       0.9754
 -95.871  104.733       0.8651
 -95.871  108.660       0.6205
 -95.871  112.586       0.3977
 -95.871  116.513       0.1291
 -95.871  120.440       0.0428
 -95.871  124.366       0.1656
 -95.871  128.293       0.3788
 -95.871  132.219       0.7204
 -95.871  136.146       0.8908
 -95.871  140.072       1.3402
 -95.871  143.999       1.8121
 -95.871  147.926       2.5799
 -95.871  151.852       4.2328
 -95.871  155.779       4.2328
 -95.871  159.705       4.2328
 -95.871  163.632       4.2328
 -95.871  167.559       4.2328
 -95.871  171.485       4.2328
 -95.871  175.412       4.2328
 -95.871  179.338       4.2328
 -95.871  183.265       4.2328
 -95.871  187.192       4.2328
 -95.871  191.118       4.2328
 -95.871  195.045       4.2328
 -95.871  198.971       4.2328
 -95.871  202.898       4.2328
 -95.871  206.825       4.2328
 -95.871  210.751       4.2328
 -95.871  214.678       4.2328
 -95.871  218.604       4.2328
 -95.871  222.531       4.2328
 -95.871  226.457       4.2328
 -95.871  230.384       4.2328
 -95.871  234.311       4.2328
 -95.871  238.237       4.2328
 -95.871  242.164       4.2328
 -95.871  246.090       4.2328
 -91.942 -142.642       4.2328
 -91.942 -138.715       4.2328
 -91.942 -134.789       4.2328
 -91.942 -130.862       4.2328
 -91.942 -126.936       4.2328
 -91.942 -123.009       4.2328
 -91.942 -119.082       4.2328
 -91.942 -115.156       4.2328
 -91.942 -111.229       4.2328
 -91.942 -107.303       4.2328
 -91.942 -103.376       4.2328
 -91.942  -99.450       4.2328
 -91.942  -95.523       4.2328
 -91.942  -91.596       4.2328
 -91.942  -87.670       4.2328
 -91.942  -83.743       4.2328
 -91.942  -79.817       4.2328
 -91.942  -75.890       4.2328
 -91.942  -71.963       4.2328
 -91.942  -68.037       4.2328
 -91.942  -64.110       4.2328
 -91.942  -60.184       4.2328
 -91.942  -56.257       4.2328
 -91.942  -52.330       3.4063
 -91.942  -48.404       3.4063
 -91.942  -44.477       2.9931
 -91.942  -40.551       2.3381
 -91.942  -36.624       2.5799
 -91.942  -32.697       2.6595
 -91.942  -28.771       3.4063
 -91.942  -24.844       2.9931
 -91.942  -20.918       2.4468
 -91.942  -16.991       2.2051
 -91.942  -13.065       2.4468
 -91.942   -9.138       3.1646
 -91.942   -5.211       2.9931
 -91.942   -1.285       2.9931
 -91.942    2.642       2.5799
 -91.942    6.568       2.0336
 -91.942   10.495       2.5096
 -91.942   14.422       2.6595
 -91.942   18.348       2.4468
 -91.942   22.275       2.1666
 -91.942   26.201       2.3900
 -91.942   30.128       4.2328
 -91.942   34.055       2.5799
 -91.942   37.981       3.8195
 -91.942   41.908       3.1646
 -91.942   45.834       2.6595
 -91.942   49.761       2.6595
 -91.942   53.688       1.7534
 -91.942   57.614       1.9006
 -91.942   61.541       1.6509
 -91.942   65.467       2.0045
 -91.942   69.394       1.4873
 -91.942   73.320       1.8121
 -91.942   77.247       2.3900
 -91.942   81.174       2.0964
 -91.942   85.100       1.8772
 -91.942   89.027       1.3496
 -91.942   92.953       0.9654
 -91.942   96.880       0.8245
 -91.942  100.807       0.8206
 -91.942  104.733       0.5522
 -91.942  108.660       0.3088
 -91.942  112.586       0.2704
 -91.942  116.513       0.1122
 -91.942  120.440      -0.0000
 -91.942  124.366       0.1854
 -91.942  128.293       0.5091
 -91.942  132.219       0.7828
 -91.942  136.146       1.0741
 -91.942  140.072       1.2953
 -91.942  143.999       1.9503
 -91.942  147.926       4.2328
 -91.942  151.852       4.2328
 -91.942  155.779       4.2328
 -91.942  159.705       4.2328
 -91.942  163.632       4.2328
 -91.942  167.559       4.2328
 -91.942  171.485       4.2328
 -91.942  175.412       4.2328
 -91.942  179.338       4.2328
 -91.942  183.265       4.2328
 -91.942  187.192       4.2328
 -91.942  191.118       4.2328
 -91.942  195.045       4.2328
 -91.942  198.971       4.2328
 -91.942  202.898       4.2328
 -91.942  206.825       4.2328
 -91.942  210.751       4.2328
 -91.942  214.678       4.2328
 -91.942  218.604       4.2328
 -91.942  222.531       4.2328
 -91.942  226.457       4.2328
 -91.942  230.384       4.2328
 -91.942  234.311       4.2328
 -91.942  238.237       4.2328
 -91.942  242.164       4.2328
 -91.942  246.090       4.2328
 -88.013 -142.642       4.2328
 -88.013 -138.715       4.2328
 -88.013 -134.789       4.2328
 -88.013 -130.862       4.2328
 -88.013 -126.936       4.2328
 -88.013 -123.009       4.2328
 -88.013 -119.082       4.2328
 -88.013 -115.156       4.2328
 -88.013 -111.229       4.2328
 -88.013 -107.303       4.2328
 -88.013 -103.376       4.2328
 -88.013  -99.450       4.2328
 -88.013  -95.523       4.2328
 -88.013  -91.596       4.2328
 -88.013  -87.670       4.2328
 -88.013  -83.743       4.2328
 -88.013  -79.817       4.2328
 -88.013  -75.890       4.2328
 -88.013  -71.963       4.2328
 -88.013  -68.037       4.2328
 -88.013  -64.110       4.2328
 -88.013  -60.184       4.2328
 -88.013  -56.257       4.2328
 -88.013  -52.330       4.2328
 -88.013  -48.404       4.2328
 -88.013  -44.477       4.2328
 -88.013  -40.551       2.4468
 -88.013  -36.624       2.4468
 -88.013  -32.697       2.6595
 -88.013  -28.771       3.8195
 -88.013  -24.844       2.8600
 -88.013  -20.918       2.7514
 -88.013  -16.991       1.9768
 -88.013  -13.065       2.3381
 -88.013   -9.138       2.6595
 -88.013   -5.211       3.4063
 -88.013   -1.285       2.8600
 -88.013    2.642       2.7514
 -88.013    6.568       2.7514
 -88.013   10.495       2.7514
 -88.013   14.422       2.3900
 -88.013   18.348       2.2904
 -88.013   22.275       2.5799
 -88.013   26.201       2.7514
 -88.013   30.128       2.5799
 -88.013   34.055       2.9931
 -88.013   37.981       2.7514
 -88.013   41.908       2.7514
 -88.013   45.834       2.2051
 -88.013   49.761       2.1666
 -88.013   53.688       2.4468
 -88.013   57.614       2.2904
 -88.013   61.541       1.9768
 -88.013   65.467       1.8121
 -88.013   69.394       1.9006
 -88.013   73.320       2.1666
 -88.013   77.247       2.0964
 -88.013   81.174       2.0964
 -88.013   85.100       1.8330
 -88.013   89.027       1.0565
 -88.013   92.953       0.9856
 -88.013   96.880       0.9316
 -88.013  100.807       0.7304
 -88.013  104.733       0.4015
 -88.013  108.660       0.4192
 -88.013  112.586       0.5022
 -88.013  116.513       0.4414
 -88.013  120.440       0.3770
 -88.013  124.366       0.4999
 -88.013  128.293       0.8778
 -88.013  132.219       1.1781
 -88.013  136.146       1.3591
 -88.013  140.072       1.6056
 -88.013  143.999       2.1305
 -88.013  147.926       3.8195
 -88.013  151.852       4.2328
 -88.013  155.779       4.2328
 -88.013  159.705       4.2328
 -88.013  163.632       4.2328
 -88.013  167.559       4.2328
 -88.013  171.485       4.2328
 -88.013  175.412       4.2328
 -88.013  179.338       4.2328
 -88.013  183.265       4.2328
 -88.013  187.192       4.2328
 -88.013  191.118       4.2328
 -88.013  195.045       4.2328
 -88.013  198.971       4.2328
 -88.013  202.898       4.2328
 -88.013  206.825       4.2328
 -88.013  210.751       4.2328
 -88.013  214.678       4.2328
 -88.013  218.604       4.2328
 -88.013  222.531       4.2328
 -88.013  226.457       4.2328
 -88.013  230.384       4.2328
 -88.013  234.311       4.2328
 -88.013  238.237       4.2328
 -88.013  242.164       4.2328
 -88.013  246.090       4.2328
 -84.084 -142.642       4.2328
 -84.084 -138.715       4.2328
 -84.084 -134.789       4.2328
 -84.084 -130.862       4.2328
 -84.084 -126.936       4.2328
 -84.084 -123.009       4.2328
 -84.084 -119.082       4.2328
 -84.084 -115.156       4.2328
 -84.084 -111.229       4.2328
 -84.084 -107.303       4.2328
 -84.084 -103.376       4.2328
 -84.084  -99.450       4.2328
 -84.084  -95.523       4.2328
 -84.084  -91.596       4.2328
 -84.084  -87.670       4.2328
 -84.084  -83.743       4.2328
 -84.084  -79.817       4.2328
 -84.084  -75.890       4.2328
 -84.084  -71.963       4.2328
 -84.084  -68.037       4.2328
 -84.084  -64.110       4.2328
 -84.084  -60.184       4.2328
 -84.084  -56.257       4.2328
 -84.084  -52.330       4.2328
 -84.084  -48.404       4.2328
 -84.084  -44.477       4.2328
 -84.084  -40.551       2.9931
 -84.084  -36.624       2.6595
 -84.084  -32.697       2.8600
 -84.084  -28.771       2.8600
 -84.084  -24.844       3.4063
 -84.084  -20.918       2.3381
 -84.084  -16.991       1.9006
 -84.084  -13.065       1.9006
 -84.084   -9.138       2.2462
 -84.084   -5.211       2.6595
 -84.084   -1.285       3.1646
 -84.084    2.642       3.8195
 -84.084    6.568       3.1646
 -84.084   10.495       4.2328
 -84.084   14.422       3.8195
 -84.084   18.348       2.7514
 -84.084   22.275       2.5799
 -84.084   26.201       3.1646
 -84.084   30.128       2.6595
 -84.084   34.055       1.9768
 -84.084   37.981       2.0964
 -84.084   41.908       2.3381
 -84.084   45.834       2.0336
 -84.084   49.761       1.9503
 -84.084   53.688       3.4063
 -84.084   57.614       2.2051
 -84.084   61.541       1.9249
 -84.084   65.467       1.9249
 -84.084   69.394       2.5096
 -84.084   73.320       2.5799
 -84.084   77.247       2.7514
 -84.084   81.174       3.1646
 -84.084   85.100       2.3381
 -84.084   89.027       1.3040
 -84.084   92.953       1.1640
 -84.084   96.880       1.0862
 -84.084  100.807       0.8567
 -84.084  104.733       0.6041
 -84.084  108.660       0.6520
 -84.084  112.586       0.8651
 -84.084  116.513       0.8090
 -84.084  120.440       0.8567
 -84.084  124.366       1.0923
 -84.084  128.293       1.7919
 -84.084  132.219       1.9503
 -84.084  136.146       2.4468
 -84.084  140.072       2.5799
 -84.084  143.999       2.9931
 -84.084  147.926       3.8195
 -84.084  151.852       4.2328
 -84.084  155.779       4.2328
 -84.084  159.705       4.2328
 -84.084  163.632       4.2328
 -84.084  167.559       4.2328
 -84.084  171.485       4.2328
 -84.084  175.412       4.2328
 -84.084  179.338       4.2328
 -84.084  183.265       4.2328
 -84.084  187.192       4.2328
 -84.084  191.118       4.2328
 -84.084  195.045       4.2328
 -84.084  198.971       4.2328
 -84.084  202.898       4.2328
 -84.084  206.825       4.2328
 -84.084  210.751       4.2328
 -84.084  214.678       4.2328
 -84.084  218.604       4.2328
 -84.084  222.531       4.2328
 -84.084  226.457       4.2328
 -84.084  230.384       4.2328
 -84.084  234.311       4.2328
 -84.084  238.237       4.2328
 -84.084  242.164       4.2328
 -84.084  246.090       4.2328
 -80.155 -142.642       4.2328
 -80.155 -138.715       4.2328
 -80.155 -134.789       4.2328
 -80.155 -130.862       4.2328
 -80.155 -126.936       4.2328
 -80.155 -123.009       4.2328
 -80.155 -119.082       4.2328
 -80.155 -115.156       4.2328
 -80.155 -111.229       4.2328
 -80.155 -107.303       4.2328
 -80.155 -103.376       4.2328
 -80.155  -99.450       4.2328
 -80.155  -95.523       4.2328
 -80.155  -91.596       4.2328
 -80.155  -87.670       4.2328
 -80.155  -83.743       4.2328
 -80.155  -79.817       4.2328
 -80.155  -75.890       4.2328
 -80.155  -71.963       4.2328
 -80.155  -68.037       4.2328
 -80.155  -64.110       4.2328
 -80.155  -60.184       4.2328
 -80.155  -56.257       4.2328
 -80.155  -52.330       4.2328
 -80.155  -48.404       4.2328
 -80.155  -44.477       4.2328
 -80.155  -40.551       3.1646
 -80.155  -36.624       2.8600
 -80.155  -32.697       3.4063
 -80.155  -28.771       2.3381
 -80.155  -24.844       2.9931
 -80.155  -20.918       2.5799
 -80.155  -16.991       1.9249
 -80.155  -13.065       1.6204
 -80.155   -9.138       1.8772
 -80.155   -5.211       2.3900
 -80.155   -1.285       2.7514
 -80.155    2.642       3.1646
 -80.155    6.568       4.2328
 -80.155   10.495       4.2328
 -80.155   14.422       4.2328
 -80.155   18.348       3.8195
 -80.155   22.275       2.6595
 -80.155   26.201       3.8195
 -80.155   30.128       2.5096
 -80.155   34.055       2.1305
 -80.155   37.981       2.3381
 -80.155   41.908       2.3900
 -80.155   45.834       2.1666
 -80.155   49.761       1.9503
 -80.155   53.688       2.8600
 -80.155   57.614       2.8600
 -80.155   61.541       2.3900
 -80.155   65.467       1.8121
 -80.155   69.394       2.1666
 -80.155   73.320       2.5096
 -80.155   77.247       2.3381
 -80.155   81.174       3.8195
 -80.155   85.100       3.1646
 -80.155   89.027       2.0642
 -80.155   92.953       1.7173
 -80.155   96.880       1.4994
 -80.155  100.807       0.7405
 -80.155  104.733       0.8908
 -80.155  108.660       0.9704
 -80.155  112.586       1.3402
 -80.155  116.513       1.4640
 -80.155  120.440       1.3688
 -80.155  124.366       2.2462
 -80.155  128.293       2.5799
 -80.155  132.219       3.8195
 -80.155  136.146       4.2328
 -80.155  140.072       4.2328
 -80.155  143.999       4.2328
 -80.155  147.926       4.2328
 -80.155  151.852       4.2328
 -80.155  155.779       4.2328
 -80.155  159.705       4.2328
 -80.155  163.632       4.2328
 -80.155  167.559       4.2328
 -80.155  171.485       4.2328
 -80.155  175.412       4.2328
 -80.155  179.338       4.2328
 -80.155  183.265       4.2328
 -80.155  187.192       4.2328
 -80.155  191.118       4.2328
 -80.155  195.045       4.2328
 -80.155  198.971       4.2328
 -80.155  202.898       4.2328
 -80.155  206.825       4.2328
 -80.155  210.751       4.2328
 -80.155  214.678       4.2328
 -80.155  218.604       4.2328
 -80.155  222.531       4.2328
 -80.155  226.457       4.2328
 -80.155  230.384       4.2328
 -80.155  234.311       4.2328
 -80.155  238.237       4.2328
 -80.155  242.164       4.2328
 -80.155  246.090       4.2328
 -76.226 -142.642       4.2328
 -76.226 -138.715       4.2328
 -76.226 -134.789       4.2328
 -76.226 -130.862       4.2328
 -76.226 -126.936       4.2328
 -76.226 -123.009       4.2328
 -76.226 -119.082       4.2328
 -76.226 -115.156       4.2328
 -76.226 -111.229       4.2328
 -76.226 -107.303       4.2328
 -76.226 -103.376       4.2328
 -76.226  -99.450       4.2328
 -76.226  -95.523       4.2328
 -76.226  -91.596       4.2328
 -76.226  -87.670       4.2328
 -76.226  -83.743       4.2328
 -76.226  -79.817       4.2328
 -76.226  -75.890       4.2328
 -76.226  -71.963       4.2328
 -76.226  -68.037       4.2328
 -76.226  -64.110       4.2328
 -76.226  -60.184       4.2328
 -76.226  -56.257       4.2328
 -76.226  -52.330       4.2328
 -76.226  -48.404       4.2328
 -76.226  -44.477       4.2328
 -76.226  -40.551       3.8195
 -76.226  -36.624       2.6595
 -76.226  -32.697       3.4063
 -76.226  -28.771       4.2328
 -76.226  -24.844       4.2328
 -76.226  -20.918       2.7514
 -76.226  -16.991       2.3381
 -76.226  -13.065       1.8330
 -76.226   -9.138       1.5773
 -76.226   -5.211       1.8772
 -76.226   -1.285       2.2462
 -76.226    2.642       2.5799
 -76.226    6.568       3.8195
 -76.226   10.495       4.2328
 -76.226   14.422       4.2328
 -76.226   18.348       3.4063
 -76.226   22.275       2.8600
 -76.226   26.201       2.7514
 -76.226   30.128       2.5799
 -76.226   34.055       1.7000
 -76.226   37.981       2.3900
 -76.226   41.908       2.0964
 -76.226   45.834       1.7919
 -76.226   49.761       1.8547
 -76.226   53.688       2.7514
 -76.226   57.614       3.4063
 -76.226   61.541       2.8600
 -76.226   65.467       2.2462
 -76.226   69.394       2.5799
 -76.226   73.320       2.6595
 -76.226   77.247       2.6595
 -76.226   81.174       3.8195
 -76.226   85.100       2.8600
 -76.226   89.027       2.4468
 -76.226   92.953       1.8121
 -76.226   96.880       1.1781
 -76.226  100.807       0.8052
 -76.226  104.733       1.0862
 -76.226  108.660       1.4198
 -76.226  112.586       1.7173
 -76.226  116.513       2.2051
 -76.226  120.440       2.3900
 -76.226  124.366       3.8195
 -76.226  128.293       4.2328
 -76.226  132.219       4.2328
 -76.226  136.146       4.2328
 -76.226  140.072       4.2328
 -76.226  143.999       4.2328
 -76.226  147.926       4.2328
 -76.226  151.852       4.2328
 -76.226  155.779       4.2328
 -76.226  159.705       4.2328
 -76.226  163.632       4.2328
 -76.226  167.559       4.2328
 -76.226  171.485       4.2328
 -76.226  175.412       4.2328
 -76.226  179.338       4.2328
 -76.226  183.265       4.2328
 -76.226  187.192       4.2328
 -76.226  191.118       4.2328
 -76.226  195.045       4.2328
 -76.226  198.971       4.2328
 -76.226  202.898       4.2328
 -76.226  206.825       4.2328
 -76.226  210.751       4.2328
 -76.226  214.678       4.2328
 -76.226  218.604       4.2328
 -76.226  222.531       4.2328
 -76.226  226.457       4.2328
 -76.226  230.384       4.2328
 -76.226  234.311       4.2328
 -76.226  238.237       4.2328
 -76.226  242.164       4.2328
 -76.226  246.090       4.2328
 -72.297 -142.642       4.2328
 -72.297 -138.715       4.2328
 -72.297 -134.789       4.2328
 -72.297 -130.862       4.2328
 -72.297 -126.936       4.2328
 -72.297 -123.009       4.2328
 -72.297 -119.082       4.2328
 -72.297 -115.156       4.2328
 -72.297 -111.229       4.2328
 -72.297 -107.303       4.2328
 -72.297 -103.376       4.2328
 -72.297  -99.450       4.2328
 -72.297  -95.523       4.2328
 -72.297  -91.596       4.2328
 -72.297  -87.670       4.2328
 -72.297  -83.743       4.2328
 -72.297  -79.817       4.2328
 -72.297  -75.890       4.2328
 -72.297  -71.963       4.2328
 -72.297  -68.037       4.2328
 -72.297  -64.110       4.2328
 -72.297  -60.184       4.2328
 -72.297  -56.257       4.2328
 -72.297  -52.330       4.2328
 -72.297  -48.404       4.2328
 -72.297  -44.477       4.2328
 -72.297  -40.551       4.2328
 -72.297  -36.624       4.2328
 -72.297  -32.697       4.2328
 -72.297  -28.771       4.2328
 -72.297  -24.844       4.2328
 -72.297  -20.918       3.4063
 -72.297  -16.991       2.5799
 -72.297  -13.065       2.4468
 -72.297   -9.138       1.9768
 -72.297   -5.211       2.1305
 -72.297   -1.285       3.4063
 -72.297    2.642       3.4063
 -72.297    6.568       3.4063
 -72.297   10.495       4.2328
 -72.297   14.422       4.2328
 -72.297   18.348       2.7514
 -72.297   22.275       3.1646
 -72.297   26.201       2.8600
 -72.297   30.128       2.1305
 -72.297   34.055       1.9768
 -72.297   37.981       1.7919
 -72.297   41.908       1.9006
 -72.297   45.834       1.5635
 -72.297   49.761       2.0964
 -72.297   53.688       2.2462
 -72.297   57.614       2.2904
 -72.297   61.541       2.6595
 -72.297   65.467       2.3900
 -72.297   69.394       2.7514
 -72.297   73.320       2.2462
 -72.297   77.247       2.4468
 -72.297   81.174       2.6595
 -72.297   85.100       2.9931
 -72.297   89.027       2.1666
 -72.297   92.953       2.2904
 -72.297   96.880       1.3887
 -72.297  100.807       1.0565
 -72.297  104.733       1.4415
 -72.297  108.660       2.0336
 -72.297  112.586       3.1646
 -72.297  116.513       3.4063
 -72.297  120.440       4.2328
 -72.297  124.366       4.2328
 -72.297  128.293       4.2328
 -72.297  132.219       4.2328
 -72.297  136.146       4.2328
 -72.297  140.072       4.2328
 -72.297  143.999       4.2328
 -72.297  147.926       4.2328
 -72.297  151.852       4.2328
 -72.297  155.779       4.2328
 -72.297  159.705       4.2328
 -72.297  163.632       4.2328
 -72.297  167.559       4.2328
 -72.297  171.485       4.2328
 -72.297  175.412       4.2328
 -72.297  179.338       4.2328
 -72.297  183.265       4.2328
 -72.297  187.192       4.2328
 -72.297  191.118       4.2328
 -72.297  195.045       4.2328
 -72.297  198.971       4.2328
 -72.297  202.898       4.2328
 -72.297  206.825       4.2328
 -72.297  210.751       4.2328
 -72.297  214.678       4.2328
 -72.297  218.604       4.2328
 -72.297  222.531       4.2328
 -72.297  226.457       4.2328
 -72.297  230.384       4.2328
 -72.297  234.311       4.2328
 -72.297  238.237       4.2328
 -72.297  242.164       4.2328
 -72.297  246.090       4.2328
 -68.368 -142.642       4.2328
 -68.368 -138.715       4.2328
 -68.368 -134.789       4.2328
 -68.368 -130.862       4.2328
 -68.368 -126.936       4.2328
 -68.368 -123.009       4.2328
 -68.368 -119.082       4.2328
 -68.368 -115.156       4.2328
 -68.368 -111.229       4.2328
 -68.368 -107.303       4.2328
 -68.368 -103.376       4.2328
 -68.368  -99.450       4.2328
 -68.368  -95.523       4.2328
 -68.368  -91.596       4.2328
 -68.368  -87.670       4.2328
 -68.368  -83.743       4.2328
 -68.368  -79.817       4.2328
 -68.368  -75.890       4.2328
 -68.368  -71.963       4.2328
 -68.368  -68.037       4.2328
 -68.368  -64.110       4.2328
 -68.368  -60.184       4.2328
 -68.368  -56.257       4.2328
 -68.368  -52.330       4.2328
 -68.368  -48.404       4.2328
 -68.368  -44.477       4.2328
 -68.368  -40.551       4.2328
 -68.368  -36.624       4.2328
 -68.368  -32.697       4.2328
 -68.368  -28.771       4.2328
 -68.368  -24.844       4.2328
 -68.368  -20.918       4.2328
 -68.368  -16.991       4.2328
 -68.368  -13.065       2.2904
 -68.368   -9.138       2.6595
 -68.368   -5.211       2.5799
 -68.368   -1.285       2.2462
 -68.368    2.642       2.2462
 -68.368    6.568       3.1646
 -68.368   10.495       4.2328
 -68.368   14.422       4.2328
 -68.368   18.348       3.8195
 -68.368   22.275       2.9931
 -68.368   26.201       3.4063
 -68.368   30.128       1.9768
 -68.368   34.055       1.9503
 -68.368   37.981       1.9768
 -68.368   41.908       2.0336
 -68.368   45.834       1.7723
 -68.368   49.761       2.0964
 -68.368   53.688       2.2462
 -68.368   57.614       2.4468
 -68.368   61.541       2.4468
 -68.368   65.467       2.2051
 -68.368   69.394       2.5799
 -68.368   73.320       2.3900
 -68.368   77.247       2.2904
 -68.368   81.174       2.2904
 -68.368   85.100       3.8195
 -68.368   89.027       2.7514
 -68.368   92.953       2.8600
 -68.368   96.880       1.8121
 -68.368  100.807       1.8121
 -68.368  104.733       1.9768
 -68.368  108.660       2.6595
 -68.368  112.586       2.9931
 -68.368  116.513       4.2328
 -68.368  120.440       4.2328
 -68.368  124.366       4.2328
 -68.368  128.293       4.2328
 -68.368  132.219       4.2328
 -68.368  136.146       4.2328
 -68.368  140.072       4.2328
 -68.368  143.999       4.2328
 -68.368  147.926       4.2328
 -68.368  151.852       4.2328
 -68.368  155.779       4.2328
 -68.368  159.705       4.2328
 -68.368  163.632       4.2328
 -68.368  167.559       4.2328
 -68.368  171.485       4.2328
 -68.368  175.412       4.2328
 -68.368  179.338       4.2328
 -68.368  183.265       4.2328
 -68.368  187.192       4.2328
 -68.368  191.118       4.2328
 -68.368  195.045       4.2328
 -68.368  198.971       4.2328
 -68.368  202.898       4.2328
 -68.368  206.825       4.2328
 -68.368  210.751       4.2328
 -68.368  214.678       4.2328
 -68.368  218.604       4.2328
 -68.368  222.531       4.2328
 -68.368  226.457       4.2328
 -68.368  230.384       4.2328
 -68.368  234.311       4.2328
 -68.368  238.237       4.2328
 -68.368  242.164       4.2328
 -68.368  246.090       4.2328
 -64.438 -142.642       4.2328
 -64.438 -138.715       4.2328
 -64.438 -134.789       4.2328
 -64.438 -130.862       4.2328
 -64.438 -126.936       4.2328
 -64.438 -123.009       4.2328
 -64.438 -119.082       4.2328
 -64.438 -115.156       4.2328
 -64.438 -111.229       4.2328
 -64.438 -107.303       4.2328
 -64.438 -103.376       4.2328
 -64.438  -99.450       4.2328
 -64.438  -95.523       4.2328
 -64.438  -91.596       4.2328
 -64.438  -87.670       4.2328
 -64.438  -83.743       4.2328
 -64.438  -79.817       4.2328
 -64.438  -75.890       4.2328
 -64.438  -71.963       4.2328
 -64.438  -68.037       4.2328
 -64.438  -64.110       4.2328
 -64.438  -60.184       4.2328
 -64.438  -56.257       4.2328
 -64.438  -52.330       4.2328
 -64.438  -48.404       4.2328
 -64.438  -44.477       4.2328
 -64.438  -40.551       4.2328
 -64.438  -36.624       4.2328
 -64.438  -32.697       4.2328
 -64.438  -28.771       4.2328
 -64.438  -24.844       4.2328
 -64.438  -20.918       3.4063
 -64.438  -16.991       2.8600
 -64.438  -13.065       2.0964
 -64.438   -9.138       2.1666
 -64.438   -5.211       2.0336
 -64.438   -1.285       1.7919
 -64.438    2.642       2.3381
 -64.438    6.568       4.2328
 -64.438   10.495       4.2328
 -64.438   14.422       4.2328
 -64.438   18.348       4.2328
 -64.438   22.275       4.2328
 -64.438   26.201       3.8195
 -64.438   30.128       2.5799
 -64.438   34.055       2.3381
 -64.438   37.981       2.1666
 -64.438   41.908       1.9249
 -64.438   45.834       1.7723
 -64.438   49.761       1.8330
 -64.438   53.688       1.8121
 -64.438   57.614       2.5096
 -64.438   61.541       2.0336
 -64.438   65.467       2.2051
 -64.438   69.394       2.3900
 -64.438   73.320       2.6595
 -64.438   77.247       2.3900
 -64.438   81.174       2.4468
 -64.438   85.100       2.9931
 -64.438   89.027       4.2328
 -64.438   92.953       2.9931
 -64.438   96.880       2.9931
 -64.438  100.807       2.7514
 -64.438  104.733       3.4063
 -64.438  108.660       4.2328
 -64.438  112.586       3.8195
 -64.438  116.513       4.2328
 -64.438  120.440       4.2328
 -64.438  124.366       4.2328
 -64.438  128.293       4.2328
 -64.438  132.219       4.2328
 -64.438  136.146       4.2328
 -64.438  140.072       4.2328
 -64.438  143.999       4.2328
 -64.438  147.926       4.2328
 -64.438  151.852       4.2328
 -64.438  155.779       4.2328
 -64.438  159.705       4.2328
 -64.438  163.632       4.2328
 -64.438  167.559       4.2328
 -64.438  171.485       4.2328
 -64.438  175.412       4.2328
 -64.438  179.338       4.2328
 -64.438  183.265       4.2328
 -64.438  187.192       4.2328
 -64.438  191.118       4.2328
 -64.438  195.045       4.2328
 -64.438  198.971       4.2328
 -64.438  202.898       4.2328
 -64.438  206.825       4.2328
 -64.438  210.751       4.2328
 -64.438  214.678       4.2328
 -64.438  218.604       4.2328
 -64.438  222.531       4.2328
 -64.438  226.457       4.2328
 -64.438  230.384       4.2328
 -64.438  234.311       4.2328
 -64.438  238.237       4.2328
 -64.438  242.164       4.2328
 -64.438  246.090       4.2328
 -60.509 -142.642       4.2328
 -60.509 -138.715       4.2328
 -60.509 -134.789       4.2328
 -60.509 -130.862       4.2328
 -60.509 -126.936       4.2328
 -60.509 -123.009       4.2328
 -60.509 -119.082       4.2328
 -60.509 -115.156       4.2328
 -60.509 -111.229       4.2328
 -60.509 -107.303       4.2328
 -60.509 -103.376       4.2328
 -60.509  -99.450       4.2328
 -60.509  -95.523       4.2328
 -60.509  -91.596       4.2328
 -60.509  -87.670       4.2328
 -60.509  -83.743       4.2328
 -60.509  -79.817       4.2328
 -60.509  -75.890       4.2328
 -60.509  -71.963       4.2328
 -60.509  -68.037       4.2328
 -60.509  -64.110       4.2328
 -60.509  -60.184       4.2328
 -60.509  -56.257       4.2328
 -60.509  -52.330       4.2328
 -60.509  -48.404       4.2328
 -60.509  -44.477       4.2328
 -60.509  -40.551       4.2328
 -60.509  -36.624       4.2328
 -60.509  -32.697       4.2328
 -60.509  -28.771       4.2328
 -60.509  -24.844       4.2328
 -60.509  -20.918       4.2328
 -60.509  -16.991       2.5096
 -60.509  -13.065       2.5096
 -60.509   -9.138       2.0964
 -60.509   -5.211       2.1305
 -60.509   -1.285       2.0045
 -60.509    2.642       2.8600
 -60.509    6.568       3.8195
 -60.509   10.495       4.2328
 -60.509   14.422       4.2328
 -60.509   18.348       4.2328
 -60.509   22.275       4.2328
 -60.509   26.201       4.2328
 -60.509   30.128       2.8600
 -60.509   34.055       2.4468
 -60.509   37.981       1.7919
 -60.509   41.908       2.2051
 -60.509   45.834       1.8547
 -60.509   49.761       1.9503
 -60.509   53.688       2.2462
 -60.509   57.614       2.4468
 -60.509   61.541       2.7514
 -60.509   65.467       2.0964
 -60.509   69.394       2.4468
 -60.509   73.320       3.1646
 -60.509   77.247       3.4063
 -60.509   81.174       2.8600
 -60.509   85.100       2.8600
 -60.509   89.027       3.8195
 -60.509   92.953       4.2328
 -60.509   96.880       4.2328
 -60.509  100.807       4.2328
 -60.509  104.733       4.2328
 -60.509  108.660       4.2328
 -60.509  112.586       4.2328
 -60.509  116.513       4.2328
 -60.509  120.440       4.2328
 -60.509  124.366       4.2328
 -60.509  128.293       4.2328
 -60.509  132.219       4.2328
 -60.509  136.146       4.2328
 -60.509  140.072       4.2328
 -60.509  143.999       4.2328
 -60.509  147.926       4.2328
 -60.509  151.852       4.2328
 -60.509  155.779       4.2328
 -60.509  159.705       4.2328
 -60.509  163.632       4.2328
 -60.509  167.559       4.2328
 -60.509  171.485       4.2328
 -60.509  175.412       4.2328
 -60.509  179.338       4.2328
 -60.509  183.265       4.2328
 -60.509  187.192       4.2328
 -60.509  191.118       4.2328
 -60.509  195.045       4.2328
 -60.509  198.971       4.2328
 -60.509  202.898       4.2328
 -60.509  206.825       4.2328
 -60.509  210.751       4.2328
 -60.509  214.678       4.2328
 -60.509  218.604       4.2328
 -60.509  222.531       4.2328
 -60.509  226.457       4.2328
 -60.509  230.384       4.2328
 -60.509  234.311       4.2328
 -60.509  238.237       4.2328
 -60.509  242.164       4.2328
 -60.509  246.090       4.2328
 -56.580 -142.642       4.2328
 -56.580 -138.715       4.2328
 -56.580 -134.789       4.2328
 -56.580 -130.862       4.2328
 -56.580 -126.936       4.2328
 -56.580 -123.009       4.2328
 -56.580 -119.082       4.2328
 -56.580 -115.156       4.2328
 -56.580 -111.229       4.2328
 -56.580 -107.303       4.2328
 -56.580 -103.376       4.2328
 -56.580  -99.450       4.2328
 -56.580  -95.523       4.2328
 -56.580  -91.596       4.2328
 -56.580  -87.670       4.2328
 -56.580  -83.743       4.2328
 -56.580  -79.817       4.2328
 -56.580  -75.890       4.2328
 -56.580  -71.963       4.2328
 -56.580  -68.037       4.2328
 -56.580  -64.110       4.2328
 -56.580  -60.184       4.2328
 -56.580  -56.257       4.2328
 -56.580  -52.330       4.2328
 -56.580  -48.404       4.2328
 -56.580  -44.477       4.2328
 -56.580  -40.551       4.2328
 -56.580  -36.624       4.2328
 -56.580  -32.697       4.2328
 -56.580  -28.771       4.2328
 -56.580  -24.844       4.2328
 -56.580  -20.918       4.2328
 -56.580  -16.991       3.4063
 -56.580  -13.065       2.1666
 -56.580   -9.138       1.8772
 -56.580   -5.211       1.9503
 -56.580   -1.285       2.0336
 -56.580    2.642       2.0964
 -56.580    6.568       2.5096
 -56.580   10.495       2.8600
 -56.580   14.422       3.8195
 -56.580   18.348       3.8195
 -56.580   22.275       4.2328
 -56.580   26.201       3.8195
 -56.580   30.128       3.4063
 -56.580   34.055       2.7514
 -56.580   37.981       2.1666
 -56.580   41.908       1.7351
 -56.580   45.834       1.6056
 -56.580   49.761       2.3900
 -56.580   53.688       2.2904
 -56.580   57.614       2.2904
 -56.580   61.541       2.0964
 -56.580   65.467       2.1666
 -56.580   69.394       3.4063
 -56.580   73.320       3.1646
 -56.580   77.247       2.8600
 -56.580   81.174       2.8600
 -56.580   85.100       3.1646
 -56.580   89.027       4.2328
 -56.580   92.953       4.2328
 -56.580   96.880       4.2328
 -56.580  100.807       4.2328
 -56.580  104.733       4.2328
 -56.580  108.660       4.2328
 -56.580  112.586       4.2328
 -56.580  116.513       4.2328
 -56.580  120.440       4.2328
 -56.580  124.366       4.2328
 -56.580  128.293       4.2328
 -56.580  132.219       4.2328
 -56.580  136.146       4.2328
 -56.580  140.072       4.2328
 -56.580  143.999       4.2328
 -56.580  147.926       4.2328
 -56.580  151.852       4.2328
 -56.580  155.779       4.2328
 -56.580  159.705       4.2328
 -56.580  163.632       4.2328
 -56.580  167.559       4.2328
 -56.580  171.485       4.2328
 -56.580  175.412       4.2328
 -56.580  179.338       4.2328
 -56.580  183.265       4.2328
 -56.580  187.192       4.2328
 -56.580  191.118       4.2328
 -56.580  195.045       4.2328
 -56.580  198.971       4.2328
 -56.580  202.898       4.2328
 -56.580  206.825       4.2328
 -56.580  210.751       4.2328
 -56.580  214.678       4.2328
 -56.580  218.604       4.2328
 -56.580  222.531       4.2328
 -56.580  226.457       4.2328
 -56.580  230.384       4.2328
 -56.580  234.311       4.2328
 -56.580  238.237       4.2328
 -56.580  242.164       4.2328
 -56.580  246.090       4.2328
 -52.651 -142.642       4.2328
 -52.651 -138.715       4.2328
 -52.651 -134.789       4.2328
 -52.651 -130.862       4.2328
 -52.651 -126.936       4.2328
 -52.651 -123.009       4.2328
 -52.651 -119.082       4.2328
 -52.651 -115.156       4.2328
 -52.651 -111.229       4.2328
 -52.651 -107.303       4.2328
 -52.651 -103.376       4.2328
 -52.651  -99.450       4.2328
 -52.651  -95.523       4.2328
 -52.651  -91.596       4.2328
 -52.651  -87.670       4.2328
 -52.651  -83.743       4.2328
 -52.651  -79.817       4.2328
 -52.651  -75.890       4.2328
 -52.651  -71.963       4.2328
 -52.651  -68.037       4.2328
 -52.651  -64.110       4.2328
 -52.651  -60.184       4.2328
 -52.651  -56.257       4.2328
 -52.651  -52.330       4.2328
 -52.651  -48.404       4.2328
 -52.651  -44.477       4.2328
 -52.651  -40.551       4.2328
 -52.651  -36.624       4.2328
 -52.651  -32.697       4.2328
 -52.651  -28.771       4.2328
 -52.651  -24.844       4.2328
 -52.651  -20.918       4.2328
 -52.651  -16.991       2.6595
 -52.651  -13.065       2.3381
 -52.651   -9.138       1.9249
 -52.651   -5.211       2.0964
 -52.651   -1.285       2.4468
 -52.651    2.642       2.2462
 -52.651    6.568       2.5096
 -52.651   10.495       3.1646
 -52.651   14.422       3.8195
 -52.651   18.348       3.8195
 -52.651   22.275       3.8195
 -52.651   26.201       4.2328
 -52.651   30.128       3.1646
 -52.651   34.055       2.5096
 -52.651   37.981       2.0045
 -52.651   41.908       1.7173
 -52.651   45.834       1.6832
 -52.651   49.761       2.1305
 -52.651   53.688       2.3381
 -52.651   57.614       2.3900
 -52.651   61.541       2.2904
 -52.651   65.467       2.5096
 -52.651   69.394       3.4063
 -52.651   73.320       4.2328
 -52.651   77.247       2.9931
 -52.651   81.174       4.2328
 -52.651   85.100       4.2328
 -52.651   89.027       4.2328
 -52.651   92.953       4.2328
 -52.651   96.880       4.2328
 -52.651  100.807       4.2328
 -52.651  104.733       4.2328
 -52.651  108.660       4.2328
 -52.651  112.586       4.2328
 -52.651  116.513       4.2328
 -52.651  120.440       4.2328
 -52.651  124.366       4.2328
 -52.651  128.293       4.2328
 -52.651  132.219       4.2328
 -52.651  136.146       4.2328
 -52.651  140.072       4.2328
 -52.651  143.999       4.2328
 -52.651  147.926       4.2328
 -52.651  151.852       4.2328
 -52.651  155.779       4.2328
 -52.651  159.705       4.2328
 -52.651  163.632       4.2328
 -52.651  167.559       4.2328
 -52.651  171.485       4.2328
 -52.651  175.412       4.2328
 -52.651  179.338       4.2328
 -52.651  183.265       4.2328
 -52.651  187.192       4.2328
 -52.651  191.118       4.2328
 -52.651  195.045       4.2328
 -52.651  198.971       4.2328
 -52.651  202.898       4.2328
 -52.651  206.825       4.2328
 -52.651  210.751       4.2328
 -52.651  214.678       4.2328
 -52.651  218.604       4.2328
 -52.651  222.531       4.2328
 -52.651  226.457       4.2328
 -52.651  230.384       4.2328
 -52.651  234.311       4.2328
 -52.651  238.237       4.2328
 -52.651  242.164       4.2328
 -52.651  246.090       4.2328
 -48.722 -142.642       4.2328
 -48.722 -138.715       4.2328
 -48.722 -134.789       4.2328
 -48.722 -130.862       4.2328
 -48.722 -126.936       4.2328
 -48.722 -123.009       4.2328
 -48.722 -119.082       4.2328
 -48.722 -115.156       4.2328
 -48.722 -111.229       4.2328
 -48.722 -107.303       4.2328
 -48.722 -103.376       4.2328
 -48.722  -99.450       4.2328
 -48.722  -95.523       4.2328
 -48.722  -91.596       4.2328
 -48.722  -87.670       4.2328
 -48.722  -83.743       4.2328
 -48.722  -79.817       4.2328
 -48.722  -75.890       4.2328
 -48.722  -71.963       4.2328
 -48.722  -68.037       4.2328
 -48.722  -64.110       4.2328
 -48.722  -60.184       4.2328
 -48.722  -56.257       4.2328
 -48.722  -52.330       4.2328
 -48.722  -48.404       4.2328
 -48.722  -44.477       4.2328
 -48.722  -40.551       4.2328
 -48.722  -36.624       4.2328
 -48.722  -32.697       4.2328
 -48.722  -28.771       4.2328
 -48.722  -24.844       4.2328
 -48.722  -20.918       4.2328
 -48.722  -16.991       3.8195
 -48.722  -13.065       2.6595
 -48.722   -9.138       2.0336
 -48.722   -5.211       2.3381
 -48.722   -1.285       2.8600
 -48.722    2.642       2.6595
 -48.722    6.568       2.8600
 -48.722   10.495       3.1646
 -48.722   14.422       3.4063
 -48.722   18.348       3.8195
 -48.722   22.275       3.4063
 -48.722   26.201       3.1646
 -48.722   30.128       3.1646
 -48.722   34.055       2.4468
 -48.722   37.981       2.6595
 -48.722   41.908       1.8330
 -48.722   45.834       1.7534
 -48.722   49.761       1.9768
 -48.722   53.688       2.2904
 -48.722   57.614       2.3900
 -48.722   61.541       2.4468
 -48.722   65.467       3.1646
 -48.722   69.394       4.2328
 -48.722   73.320       4.2328
 -48.722   77.247       4.2328
 -48.722   81.174       4.2328
 -48.722   85.100       4.2328
 -48.722   89.027       4.2328
 -48.722   92.953       4.2328
 -48.722   96.880       4.2328
 -48.722  100.807       4.2328
 -48.722  104.733       4.2328
 -48.722  108.660       4.2328
 -48.722  112.586       4.2328
 -48.722  116.513       4.2328
 -48.722  120.440       4.2328
 -48.722  124.366       4.2328
 -48.722  128.293       4.2328
 -48.722  132.219       4.2328
 -48.722  136.146       4.2328
 -48.722  140.072       4.2328
 -48.722  143.999       4.2328
 -48.722  147.926       4.2328
 -48.722  151.852       4.2328
 -48.722  155.779       4.2328
 -48.722  159.705       4.2328
 -48.722  163.632       4.2328
 -48.722  167.559       4.2328
 -48.722  171.485       4.2328
 -48.722  175.412       4.2328
 -48.722  179.338       4.2328
 -48.722  183.265       4.2328
 -48.722  187.192       4.2328
 -48.722  191.118       4.2328
 -48.722  195.045       4.2328
 -48.722  198.971       4.2328
 -48.722  202.898       4.2328
 -48.722  206.825       4.2328
 -48.722  210.751       4.2328
 -48.722  214.678       4.2328
 -48.722  218.604       4.2328
 -48.722  222.531       4.2328
 -48.722  226.457       4.2328
 -48.722  230.384       4.2328
 -48.722  234.311       4.2328
 -48.722  238.237       4.2328
 -48.722  242.164       4.2328
 -48.722  246.090       4.2328
 -44.793 -142.642       4.2328
 -44.793 -138.715       4.2328
 -44.793 -134.789       4.2328
 -44.793 -130.862       4.2328
 -44.793 -126.936       4.2328
 -44.793 -123.009       4.2328
 -44.793 -119.082       4.2328
 -44.793 -115.156       4.2328
 -44.793 -111.229       4.2328
 -44.793 -107.303       4.2328
 -44.793 -103.376       4.2328
 -44.793  -99.450       4.2328
 -44.793  -95.523       4.2328
 -44.793  -91.596       4.2328
 -44.793  -87.670       4.2328
 -44.793  -83.743       4.2328
 -44.793  -79.817       4.2328
 -44.793  -75.890       4.2328
 -44.793  -71.963       4.2328
 -44.793  -68.037       4.2328
 -44.793  -64.110       4.2328
 -44.793  -60.184       4.2328
 -44.793  -56.257       4.2328
 -44.793  -52.330       4.2328
 -44.793  -48.404       4.2328
 -44.793  -44.477       4.2328
 -44.793  -40.551       4.2328
 -44.793  -36.624       4.2328
 -44.793  -32.697       4.2328
 -44.793  -28.771       4.2328
 -44.793  -24.844       4.2328
 -44.793  -20.918       4.2328
 -44.793  -16.991       4.2328
 -44.793  -13.065       4.2328
 -44.793   -9.138       3.4063
 -44.793   -5.211       3.4063
 -44.793   -1.285       3.4063
 -44.793    2.642       2.9931
 -44.793    6.568       2.9931
 -44.793   10.495       3.4063
 -44.793   14.422       2.5799
 -44.793   18.348       3.8195
 -44.793   22.275       4.2328
 -44.793   26.201       3.8195
 -44.793   30.128       4.2328
 -44.793   34.055       2.5799
 -44.793   37.981       2.2904
 -44.793   41.908       2.0964
 -44.793   45.834       2.2462
 -44.793   49.761       2.0642
 -44.793   53.688       2.3381
 -44.793   57.614       2.3900
 -44.793   61.541       3.1646
 -44.793   65.467       3.1646
 -44.793   69.394       3.4063
 -44.793   73.320       4.2328
 -44.793   77.247       4.2328
 -44.793   81.174       4.2328
 -44.793   85.100       4.2328
 -44.793   89.027       4.2328
 -44.793   92.953       4.2328
 -44.793   96.880       4.2328
 -44.793  100.807       4.2328
 -44.793  104.733       4.2328
 -44.793  108.660       4.2328
 -44.793  112.586       4.2328
 -44.793  116.513       4.2328
 -44.793  120.440       4.2328
 -44.793  124.366       4.2328
 -44.793  128.293       4.2328
 -44.793  132.219       4.2328
 -44.793  136.146       4.2328
 -44.793  140.072       4.2328
 -44.793  143.999       4.2328
 -44.793  147.926       4.2328
 -44.793  151.852       4.2328
 -44.793  155.779       4.2328
 -44.793  159.705       4.2328
 -44.793  163.632       4.2328
 -44.793  167.559       4.2328
 -44.793  171.485       4.2328
 -44.793  175.412       4.2328
 -44.793  179.338       4.2328
 -44.793  183.265       4.2328
 -44.793  187.192       4.2328
 -44.793  191.118       4.2328
 -44.793  195.045       4.2328
 -44.793  198.971       4.2328
 -44.793  202.898       4.2328
 -44.793  206.825       4.2328
 -44.793  210.751       4.2328
 -44.793  214.678       4.2328
 -44.793  218.604       4.2328
 -44.793  222.531       4.2328
 -44.793  226.457       4.2328
 -44.793  230.384       4.2328
 -44.793  234.311       4.2328
 -44.793  238.237       4.2328
 -44.793  242.164       4.2328
 -44.793  246.090       4.2328
 -40.864 -142.642       4.2328
 -40.864 -138.715       4.2328
 -40.864 -134.789       4.2328
 -40.864 -130.862       4.2328
 -40.864 -126.936       4.2328
 -40.864 -123.009       4.2328
 -40.864 -119.082       4.2328
 -40.864 -115.156       4.2328
 -40.864 -111.229       4.2328
 -40.864 -107.303       4.2328
 -40.864 -103.376       4.2328
 -40.864  -99.450       4.2328
 -40.864  -95.523       4.2328
 -40.864  -91.596       4.2328
 -40.864  -87.670       4.2328
 -40.864  -83.743       4.2328
 -40.864  -79.817       4.2328
 -40.864  -75.890       4.2328
 -40.864  -71.963       4.2328
 -40.864  -68.037       4.2328
 -40.864  -64.110       4.2328
 -40.864  -60.184       4.2328
 -40.864  -56.257       4.2328
 -40.864  -52.330       4.2328
 -40.864  -48.404       4.2328
 -40.864  -44.477       4.2328
 -40.864  -40.551       4.2328
 -40.864  -36.624       4.2328
 -40.864  -32.697       4.2328
 -40.864  -28.771       4.2328
 -40.864  -24.844       4.2328
 -40.864  -20.918       4.2328
 -40.864  -16.991       4.2328
 -40.864  -13.065       4.2328
 -40.864   -9.138       4.2328
 -40.864   -5.211       4.2328
 -40.864   -1.285       4.2328
 -40.864    2.642       4.2328
 -40.864    6.568       4.2328
 -40.864   10.495       3.8195
 -40.864   14.422       3.1646
 -40.864   18.348       4.2328
 -40.864   22.275       4.2328
 -40.864   26.201       4.2328
 -40.864   30.128       3.8195
 -40.864   34.055       3.1646
 -40.864   37.981       2.0964
 -40.864   41.908       1.9249
 -40.864   45.834       1.8547
 -40.864   49.761       3.4063
 -40.864   53.688       2.8600
 -40.864   57.614       3.8195
 -40.864   61.541       4.2328
 -40.864   65.467       2.7514
 -40.864   69.394       3.8195
 -40.864   73.320       4.2328
 -40.864   77.247       4.2328
 -40.864   81.174       4.2328
 -40.864   85.100       4.2328
 -40.864   89.027       4.2328
 -40.864   92.953       4.2328
 -40.864   96.880       4.2328
 -40.864  100.807       4.2328
 -40.864  104.733       4.2328
 -40.864  108.660       4.2328
 -40.864  112.586       4.2328
 -40.864  116.513       4.2328
 -40.864  120.440       4.2328
 -40.864  124.366       4.2328
 -40.864  128.293       4.2328
 -40.864  132.219       4.2328
 -40.864  136.146       4.2328
 -40.864  140.072       4.2328
 -40.864  143.999       4.2328
 -40.864  147.926       4.2328
 -40.864  151.852       4.2328
 -40.864  155.779       4.2328
 -40.864  159.705       4.2328
 -40.864  163.632       4.2328
 -40.864  167.559       4.2328
 -40.864  171.485       4.2328
 -40.864  175.412       4.2328
 -40.864  179.338       4.2328
 -40.864  183.265       4.2328
 -40.864  187.192       4.2328
 -40.864  191.118       4.2328
 -40.864  195.045       4.2328
 -40.864  198.971       4.2328
 -40.864  202.898       4.2328
 -40.864  206.825       4.2328
 -40.864  210.751       4.2328
 -40.864  214.678       4.2328
 -40.864  218.604       4.2328
 -40.864  222.531       4.2328
 -40.864  226.457       4.2328
 -40.864  230.384       4.2328
 -40.864  234.311       4.2328
 -40.864  238.237       4.2328
 -40.864  242.164       4.2328
 -40.864  246.090       4.2328
 -36.934 -142.642       4.2328
 -36.934 -138.715       4.2328
 -36.934 -134.789       4.2328
 -36.934 -130.862       4.2328
 -36.934 -126.936       4.2328
 -36.934 -123.009       4.2328
 -36.934 -119.082       4.2328
 -36.934 -115.156       4.2328
 -36.934 -111.229       4.2328
 -36.934 -107.303       4.2328
 -36.934 -103.376       4.2328
 -36.934  -99.450       4.2328
 -36.934  -95.523       4.2328
 -36.934  -91.596       4.2328
 -36.934  -87.670       4.2328
 -36.934  -83.743       4.2328
 -36.934  -79.817       4.2328
 -36.934  -75.890       4.2328
 -36.934  -71.963       4.2328
 -36.934  -68.037       4.2328
 -36.934  -64.110       4.2328
 -36.934  -60.184       4.2328
 -36.934  -56.257       4.2328
 -36.934  -52.330       4.2328
 -36.934  -48.404       4.2328
 -36.934  -44.477       4.2328
 -36.934  -40.551       4.2328
 -36.934  -36.624       4.2328
 -36.934  -32.697       4.2328
 -36.934  -28.771       4.2328
 -36.934  -24.844       4.2328
 -36.934  -20.918       4.2328
 -36.934  -16.991       4.2328
 -36.934  -13.065       4.2328
 -36.934   -9.138       4.2328
 -36.934   -5.211       4.2328
 -36.934   -1.285       4.2328
 -36.934    2.642       4.2328
 -36.934    6.568       4.2328
 -36.934   10.495       4.2328
 -36.934   14.422       4.2328
 -36.934   18.348       4.2328
 -36.934   22.275       4.2328
 -36.934   26.201       4.2328
 -36.934   30.128       4.2328
 -36.934   34.055       2.1666
 -36.934   37.981       1.6509
 -36.934   41.908       1.9249
 -36.934   45.834       2.1305
 -36.934   49.761       3.1646
 -36.934   53.688       2.8600
 -36.934   57.614       4.2328
 -36.934   61.541       2.6595
 -36.934   65.467       2.6595
 -36.934   69.394       4.2328
 -36.934   73.320       4.2328
 -36.934   77.247       4.2328
 -36.934   81.174       4.2328
 -36.934   85.100       4.2328
 -36.934   89.027       4.2328
 -36.934   92.953       4.2328
 -36.934   96.880       4.2328
 -36.934  100.807       4.2328
 -36.934  104.733       4.2328
 -36.934  108.660       4.2328
 -36.934  112.586       4.2328
 -36.934  116.513       4.2328
 -36.934  120.440       4.2328
 -36.934  124.366       4.2328
 -36.934  128.293       4.2328
 -36.934  132.219       4.2328
 -36.934  136.146       4.2328
 -36.934  140.072       4.2328
 -36.934  143.999       4.2328
 -36.934  147.926       4.2328
 -36.934  151.852       4.2328
 -36.934  155.779       4.2328
 -36.934  159.705       4.2328
 -36.934  163.632       4.2328
 -36.934  167.559       4.2328
 -36.934  171.485       4.2328
 -36.934  175.412       4.2328
 -36.934  179.338       4.2328
 -36.934  183.265       4.2328
 -36.934  187.192       4.2328
 -36.934  191.118       4.2328
 -36.934  195.045       4.2328
 -36.934  198.971       4.2328
 -36.934  202.898       4.2328
 -36.934  206.825       4.2328
 -36.934  210.751       4.2328
 -36.934  214.678       4.2328
 -36.934  218.604       4.2328
 -36.934  222.531       4.2328
 -36.934  226.457       4.2328
 -36.934  230.384       4.2328
 -36.934  234.311       4.2328
 -36.934  238.237       4.2328
 -36.934  242.164       4.2328
 -36.934  246.090       4.2328
 -33.005 -142.642       4.2328
 -33.005 -138.715       4.2328
 -33.005 -134.789       4.2328
 -33.005 -130.862       4.2328
 -33.005 -126.936       4.2328
 -33.005 -123.009       4.2328
 -33.005 -119.082       4.2328
 -33.005 -115.156       4.2328
 -33.005 -111.229       4.2328
 -33.005 -107.303       4.2328
 -33.005 -103.376       4.2328
 -33.005  -99.450       4.2328
 -33.005  -95.523       4.2328
 -33.005  -91.596       4.2328
 -33.005  -87.670       4.2328
 -33.005  -83.743       4.2328
 -33.005  -79.817       4.2328
 -33.005  -75.890       4.2328
 -33.005  -71.963       4.2328
 -33.005  -68.037       4.2328
 -33.005  -64.110       4.2328
 -33.005  -60.184       4.2328
 -33.005  -56.257       4.2328
 -33.005  -52.330       4.2328
 -33.005  -48.404       4.2328
 -33.005  -44.477       4.2328
 -33.005  -40.551       4.2328
 -33.005  -36.624       4.2328
 -33.005  -32.697       4.2328
 -33.005  -28.771       4.2328
 -33.005  -24.844       4.2328
 -33.005  -20.918       4.2328
 -33.005  -16.991       4.2328
 -33.005  -13.065       4.2328
 -33.005   -9.138       4.2328
 -33.005   -5.211       4.2328
 -33.005   -1.285       4.2328
 -33.005    2.642       4.2328
 -33.005    6.568       4.2328
 -33.005   10.495       4.2328
 -33.005   14.422       4.2328
 -33.005   18.348       4.2328
 -33.005   22.275       4.2328
 -33.005   26.201       4.2328
 -33.005   30.128       4.2328
 -33.005   34.055       2.9931
 -33.005   37.981       2.4468
 -33.005   41.908       2.2051
 -33.005   45.834       2.0045
 -33.005   49.761       2.7514
 -33.005   53.688       2.9931
 -33.005   57.614       2.9931
 -33.005   61.541       3.8195
 -33.005   65.467       2.6595
 -33.005   69.394       3.8195
 -33.005   73.320       4.2328
 -33.005   77.247       4.2328
 -33.005   81.174       4.2328
 -33.005   85.100       4.2328
 -33.005   89.027       4.2328
 -33.005   92.953       4.2328
 -33.005   96.880       4.2328
 -33.005  100.807       4.2328
 -33.005  104.733       4.2328
 -33.005  108.660       4.2328
 -33.005  112.586       4.2328
 -33.005  116.513       4.2328
 -33.005  120.440       4.2328
 -33.005  124.366       4.2328
 -33.005  128.293       4.2328
 -33.005  132.219       4.2328
 -33.005  136.146       4.2328
 -33.005  140.072       4.2328
 -33.005  143.999       4.2328
 -33.005  147.926       4.2328
 -33.005  151.852       4.2328
 -33.005  155.779       4.2328
 -33.005  159.705       4.2328
 -33.005  163.632       4.2328
 -33.005  167.559       4.2328
 -33.005  171.485       4.2328
 -33.005  175.412       4.2328
 -33.005  179.338       4.2328
 -33.005  183.265       4.2328
 -33.005  187.192       4.2328
 -33.005  191.118       4.2328
 -33.005  195.045       4.2328
 -33.005  198.971       4.2328
 -33.005  202.898       4.2328
 -33.005  206.825       4.2328
 -33.005  210.751       4.2328
 -33.005  214.678       4.2328
 -33.005  218.604       4.2328
 -33.005  222.531       4.2328
 -33.005  226.457       4.2328
 -33.005  230.384       4.2328
 -33.005  234.311       4.2328
 -33.005  238.237       4.2328
 -33.005  242.164       4.2328
 -33.005  246.090       4.2328
 -29.076 -142.642       4.2328
 -29.076 -138.715       4.2328
 -29.076 -134.789       4.2328
 -29.076 -130.862       4.2328
 -29.076 -126.936       4.2328
 -29.076 -123.009       4.2328
 -29.076 -119.082       4.2328
 -29.076 -115.156       4.2328
 -29.076 -111.229       4.2328
 -29.076 -107.303       4.2328
 -29.076 -103.376       4.2328
 -29.076  -99.450       4.2328
 -29.076  -95.523       4.2328
 -29.076  -91.596       4.2328
 -29.076  -87.670       4.2328
 -29.076  -83.743       4.2328
 -29.076  -79.817       4.2328
 -29.076  -75.890       4.2328
 -29.076  -71.963       4.2328
 -29.076  -68.037       4.2328
 -29.076  -64.110       4.2328
 -29.076  -60.184       4.2328
 -29.076  -56.257       4.2328
 -29.076  -52.330       4.2328
 -29.076  -48.404       4.2328
 -29.076  -44.477       4.2328
 -29.076  -40.551       4.2328
 -29.076  -36.624       4.2328
 -29.076  -32.697       4.2328
 -29.076  -28.771       4.2328
 -29.076  -24.844       4.2328
 -29.076  -20.918       4.2328
 -29.076  -16.991       4.2328
 -29.076  -13.065       4.2328
 -29.076   -9.138       4.2328
 -29.076   -5.211       4.2328
 -29.076   -1.285       4.2328
 -29.076    2.642       4.2328
 -29.076    6.568       4.2328
 -29.076   10.495       4.2328
 -29.076   14.422       4.2328
 -29.076   18.348       4.2328
 -29.076   22.275       4.2328
 -29.076   26.201       4.2328
 -29.076   30.128       3.8195
 -29.076   34.055       2.7514
 -29.076   37.981       2.7514
 -29.076   41.908       2.2904
 -29.076   45.834       2.1305
 -29.076   49.761       2.3900
 -29.076   53.688       2.4468
 -29.076   57.614       3.4063
 -29.076   61.541       3.8195
 -29.076   65.467       2.9931
 -29.076   69.394       4.2328
 -29.076   73.320       4.2328
 -29.076   77.247       4.2328
 -29.076   81.174       4.2328
 -29.076   85.100       4.2328
 -29.076   89.027       4.2328
 -29.076   92.953       4.2328
 -29.076   96.880       4.2328
 -29.076  100.807       4.2328
 -29.076  104.733       4.2328
 -29.076  108.660       4.2328
 -29.076  112.586       4.2328
 -29.076  116.513       4.2328
 -29.076  120.440       4.2328
 -29.076  124.366       4.2328
 -29.076  128.293       4.2328
 -29.076  132.219       4.2328
 -29.076  136.146       4.2328
 -29.076  140.072       4.2328
 -29.076  143.999       4.2328
 -29.076  147.926       4.2328
 -29.076  151.852       4.2328
 -29.076  155.779       4.2328
 -29.076  159.705       4.2328
 -29.076  163.632       4.2328
 -29.076  167.559       4.2328
 -29.076  171.485       4.2328
 -29.076  175.412       4.2328
 -29.076  179.338       4.2328
 -29.076  183.265       4.2328
 -29.076  187.192       4.2328
 -29.076  191.118       4.2328
 -29.076  195.045       4.2328
 -29.076  198.971       4.2328
 -29.076  202.898       4.2328
 -29.076  206.825       4.2328
 -29.076  210.751       4.2328
 -29.076  214.678       4.2328
 -29.076  218.604       4.2328
 -29.076  222.531       4.2328
 -29.076  226.457       4.2328
 -29.076  230.384       4.2328
 -29.076  234.311       4.2328
 -29.076  238.237       4.2328
 -29.076  242.164       4.2328
 -29.076  246.090       4.2328
 -25.147 -142.642       4.2328
 -25.147 -138.715       4.2328
 -25.147 -134.789       4.2328
 -25.147 -130.862       4.2328
 -25.147 -126.936       4.2328
 -25.147 -123.009       4.2328
 -25.147 -119.082       4.2328
 -25.147 -115.156       4.2328
 -25.147 -111.229       4.2328
 -25.147 -107.303       4.2328
 -25.147 -103.376       4.2328
 -25.147  -99.450       4.2328
 -25.147  -95.523       4.2328
 -25.147  -91.596       4.2328
 -25.147  -87.670       4.2328
 -25.147  -83.743       4.2328
 -25.147  -79.817       4.2328
 -25.147  -75.890       4.2328
 -25.147  -71.963       4.2328
 -25.147  -68.037       4.2328
 -25.147  -64.110       4.2328
 -25.147  -60.184       4.2328
 -25.147  -56.257       4.2328
 -25.147  -52.330       4.2328
 -25.147  -48.404       4.2328
 -25.147  -44.477       4.2328
 -25.147  -40.551       4.2328
 -25.147  -36.624       4.2328
 -25.147  -32.697       4.2328
 -25.147  -28.771       4.2328
 -25.147  -24.844       4.2328
 -25.147  -20.918       4.2328
 -25.147  -16.991       4.2328
 -25.147  -13.065       4.2328
 -25.147   -9.138       4.2328
 -25.147   -5.211       4.2328
 -25.147   -1.285       4.2328
 -25.147    2.642       4.2328
 -25.147    6.568       4.2328
 -25.147   10.495       4.2328
 -25.147   14.422       4.2328
 -25.147   18.348       4.2328
 -25.147   22.275       4.2328
 -25.147   26.201       4.2328
 -25.147   30.128       4.2328
 -25.147   34.055       2.6595
 -25.147   37.981       2.6595
 -25.147   41.908       2.3900
 -25.147   45.834       2.3381
 -25.147   49.761       1.9249
 -25.147   53.688       2.0045
 -25.147   57.614       2.4468
 -25.147   61.541       2.8600
 -25.147   65.467       2.4468
 -25.147   69.394       3.8195
 -25.147   73.320       4.2328
 -25.147   77.247       4.2328
 -25.147   81.174       4.2328
 -25.147   85.100       4.2328
 -25.147   89.027       4.2328
 -25.147   92.953       4.2328
 -25.147   96.880       4.2328
 -25.147  100.807       4.2328
 -25.147  104.733       4.2328
 -25.147  108.660       4.2328
 -25.147  112.586       4.2328
 -25.147  116.513       4.2328
 -25.147  120.440       4.2328
 -25.147  124.366       4.2328
 -25.147  128.293       4.2328
 -25.147  132.219       4.2328
 -25.147  136.146       4.2328
 -25.147  140.072       4.2328
 -25.147  143.999       4.2328
 -25.147  147.926       4.2328
 -25.147  151.852       4.2328
 -25.147  155.779       4.2328
 -25.147  159.705       4.2328
 -25.147  163.632       4.2328
 -25.147  167.559       4.2328
 -25.147  171.485       4.2328
 -25.147  175.412       4.2328
 -25.147  179.338       4.2328
 -25.147  183.265       4.2328
 -25.147  187.192       4.2328
 -25.147  191.118       4.2328
 -25.147  195.045       4.2328
 -25.147  198.971       4.2328
 -25.147  202.898       4.2328
 -25.147  206.825       4.2328
 -25.147  210.751       4.2328
 -25.147  214.678       4.2328
 -25.147  218.604       4.2328
 -25.147  222.531       4.2328
 -25.147  226.457       4.2328
 -25.147  230.384       4.2328
 -25.147  234.311       4.2328
 -25.147  238.237       4.2328
 -25.147  242.164       4.2328
 -25.147  246.090       4.2328
 -21.218 -142.642       4.2328
 -21.218 -138.715       4.2328
 -21.218 -134.789       4.2328
 -21.218 -130.862       4.2328
 -21.218 -126.936       4.2328
 -21.218 -123.009       4.2328
 -21.218 -119.082       4.2328
 -21.218 -115.156       4.2328
 -21.218 -111.229       4.2328
 -21.218 -107.303       4.2328
 -21.218 -103.376       4.2328
 -21.218  -99.450       4.2328
 -21.218  -95.523       4.2328
 -21.218  -91.596       4.2328
 -21.218  -87.670       4.2328
 -21.218  -83.743       4.2328
 -21.218  -79.817       4.2328
 -21.218  -75.890       4.2328
 -21.218  -71.963       4.2328
 -21.218  -68.037       4.2328
 -21.218  -64.110       4.2328
 -21.218  -60.184       4.2328
 -21.218  -56.257       4.2328
 -21.218  -52.330       4.2328
 -21.218  -48.404       4.2328
 -21.218  -44.477       4.2328
 -21.218  -40.551       4.2328
 -21.218  -36.624       4.2328
 -21.218  -32.697       4.2328
 -21.218  -28.771       4.2328
 -21.218  -24.844       4.2328
 -21.218  -20.918       4.2328
 -21.218  -16.991       4.2328
 -21.218  -13.065       4.2328
 -21.218   -9.138       4.2328
 -21.218   -5.211       4.2328
 -21.218   -1.285       4.2328
 -21.218    2.642       4.2328
 -21.218    6.568       4.2328
 -21.218   10.495       4.2328
 -21.218   14.422       4.2328
 -21.218   18.348       4.2328
 -21.218   22.275       4.2328
 -21.218   26.201       4.2328
 -21.218   30.128       3.4063
 -21.218   34.055       2.5799
 -21.218   37.981       2.2462
 -21.218   41.908       2.2904
 -21.218   45.834       3.4063
 -21.218   49.761       2.4468
 -21.218   53.688       2.1666
 -21.218   57.614       2.5799
 -21.218   61.541       2.4468
 -21.218   65.467       2.4468
 -21.218   69.394       2.4468
 -21.218   73.320       3.8195
 -21.218   77.247       4.2328
 -21.218   81.174       4.2328
 -21.218   85.100       4.2328
 -21.218   89.027       4.2328
 -21.218   92.953       4.2328
 -21.218   96.880       4.2328
 -21.218  100.807       4.2328
 -21.218  104.733       4.2328
 -21.218  108.660       4.2328
 -21.218  112.586       4.2328
 -21.218  116.513       4.2328
 -21.218  120.440       4.2328
 -21.218  124.366       4.2328
 -21.218  128.293       4.2328
 -21.218  132.219       4.2328
 -21.218  136.146       4.2328
 -21.218  140.072       4.2328
 -21.218  143.999       4.2328
 -21.218  147.926       4.2328
 -21.218  151.852       4.2328
 -21.218  155.779       4.2328
 -21.218  159.705       4.2328
 -21.218  163.632       4.2328
 -21.218  167.559       4.2328
 -21.218  171.485       4.2328
 -21.218  175.412       4.2328
 -21.218  179.338       4.2328
 -21.218  183.265       4.2328
 -21.218  187.192       4.2328
 -21.218  191.118       4.2328
 -21.218  195.045       4.2328
 -21.218  198.971       4.2328
 -21.218  202.898       4.2328
 -21.218  206.825       4.2328
 -21.218  210.751       4.2328
 -21.218  214.678       4.2328
 -21.218  218.604       4.2328
 -21.218  222.531       4.2328
 -21.218  226.457       4.2328
 -21.218  230.384       4.2328
 -21.218  234.311       4.2328
 -21.218  238.237       4.2328
 -21.218  242.164       4.2328
 -21.218  246.090       4.2328
 -17.289 -142.642       4.2328
 -17.289 -138.715       4.2328
 -17.289 -134.789       4.2328
 -17.289 -130.862       4.2328
 -17.289 -126.936       4.2328
 -17.289 -123.009       4.2328
 -17.289 -119.082       4.2328
 -17.289 -115.156       4.2328
 -17.289 -111.229       4.2328
 -17.289 -107.303       4.2328
 -17.289 -103.376       4.2328
 -17.289  -99.450       4.2328
 -17.289  -95.523       4.2328
 -17.289  -91.596       4.2328
 -17.289  -87.670       4.2328
 -17.289  -83.743       4.2328
 -17.289  -79.817       4.2328
 -17.289  -75.890       4.2328
 -17.289  -71.963       4.2328
 -17.289  -68.037       4.2328
 -17.289  -64.110       4.2328
 -17.289  -60.184       4.2328
 -17.289  -56.257       4.2328
 -17.289  -52.330       4.2328
 -17.289  -48.404       4.2328
 -17.289  -44.477       4.2328
 -17.289  -40.551       4.2328
 -17.289  -36.624       4.2328
 -17.289  -32.697       4.2328
 -17.289  -28.771       4.2328
 -17.289  -24.844       4.2328
 -17.289  -20.918       4.2328
 -17.289  -16.991       4.2328
 -17.289  -13.065       4.2328
 -17.289   -9.138       4.2328
 -17.289   -5.211       4.2328
 -17.289   -1.285       4.2328
 -17.289    2.642       4.2328
 -17.289    6.568       4.2328
 -17.289   10.495       4.2328
 -17.289   14.422       4.2328
 -17.289   18.348       4.2328
 -17.289   22.275       4.2328
 -17.289   26.201       4.2328
 -17.289   30.128       2.5799
 -17.289   34.055       2.8600
 -17.289   37.981       2.1305
 -17.289   41.908       2.4468
 -17.289   45.834       2.9931
 -17.289   49.761       2.9931
 -17.289   53.688       2.6595
 -17.289   57.614       2.2904
 -17.289   61.541       2.3900
 -17.289   65.467       3.4063
 -17.289   69.394       3.4063
 -17.289   73.320       4.2328
 -17.289   77.247       4.2328
 -17.289   81.174       4.2328
 -17.289   85.100       4.2328
 -17.289   89.027       4.2328
 -17.289   92.953       4.2328
 -17.289   96.880       4.2328
 -17.289  100.807       4.2328
 -17.289  104.733       4.2328
 -17.289  108.660       4.2328
 -17.289  112.586       4.2328
 -17.289  116.513       4.2328
 -17.289  120.440       4.2328
 -17.289  124.366       4.2328
 -17.289  128.293       4.2328
 -17.289  132.219       4.2328
 -17.289  136.146       4.2328
 -17.289  140.072       4.2328
 -17.289  143.999       4.2328
 -17.289  147.926       4.2328
 -17.289  151.852       4.2328
 -17.289  155.779       4.2328
 -17.289  159.705       4.2328
 -17.289  163.632       4.2328
 -17.289  167.559       4.2328
 -17.289  171.485       4.2328
 -17.289  175.412       4.2328
 -17.289  179.338       4.2328
 -17.289  183.265       4.2328
 -17.289  187.192       4.2328
 -17.289  191.118       4.2328
 -17.289  195.045       4.2328
 -17.289  198.971       4.2328
 -17.289  202.898       4.2328
 -17.289  206.825       4.2328
 -17.289  210.751       4.2328
 -17.289  214.678       4.2328
 -17.289  218.604       4.2328
 -17.289  222.531       4.2328
 -17.289  226.457       4.2328
 -17.289  230.384       4.2328
 -17.289  234.311       4.2328
 -17.289  238.237       4.2328
 -17.289  242.164       4.2328
 -17.289  246.090       4.2328
 -13.360 -142.642       4.2328
 -13.360 -138.715       4.2328
 -13.360 -134.789       4.2328
 -13.360 -130.862       4.2328
 -13.360 -126.936       4.2328
 -13.360 -123.009       4.2328
 -13.360 -119.082       4.2328
 -13.360 -115.156       4.2328
 -13.360 -111.229       4.2328
 -13.360 -107.303       4.2328
 -13.360 -103.376       4.2328
 -13.360  -99.450       4.2328
 -13.360  -95.523       4.2328
 -13.360  -91.596       4.2328
 -13.360  -87.670       4.2328
 -13.360  -83.743       4.2328
 -13.360  -79.817       4.2328
 -13.360  -75.890       4.2328
 -13.360  -71.963       4.2328
 -13.360  -68.037       4.2328
 -13.360  -64.110       4.2328
 -13.360  -60.184       4.2328
 -13.360  -56.257       4.2328
 -13.360  -52.330       4.2328
 -13.360  -48.404       4.2328
 -13.360  -44.477       4.2328
 -13.360  -40.551       4.2328
 -13.360  -36.624       4.2328
 -13.360  -32.697       4.2328
 -13.360  -28.771       4.2328
 -13.360  -24.844       4.2328
 -13.360  -20.918       4.2328
 -13.360  -16.991       4.2328
 -13.360  -13.065       4.2328
 -13.360   -9.138       4.2328
 -13.360   -5.211       4.2328
 -13.360   -1.285       4.2328
 -13.360    2.642       4.2328
 -13.360    6.568       4.2328
 -13.360   10.495       4.2328
 -13.360   14.422       4.2328
 -13.360   18.348       4.2328
 -13.360   22.275       4.2328
 -13.360   26.201       3.8195
 -13.360   30.128       2.6595
 -13.360   34.055       2.2051
 -13.360   37.981       1.9249
 -13.360   41.908       1.9768
 -13.360   45.834       3.1646
 -13.360   49.761       4.2328
 -13.360   53.688       2.9931
 -13.360   57.614       2.5096
 -13.360   61.541       2.6595
 -13.360   65.467       3.4063
 -13.360   69.394       4.2328
 -13.360   73.320       4.2328
 -13.360   77.247       4.2328
 -13.360   81.174       4.2328
 -13.360   85.100       4.2328
 -13.360   89.027       4.2328
 -13.360   92.953       4.2328
 -13.360   96.880       4.2328
 -13.360  100.807       4.2328
 -13.360  104.733       4.2328
 -13.360  108.660       4.2328
 -13.360  112.586       4.2328
 -13.360  116.513       4.2328
 -13.360  120.440       4.2328
 -13.360  124.366       4.2328
 -13.360  128.293       4.2328
 -13.360  132.219       4.2328
 -13.360  136.146       4.2328
 -13.360  140.072       4.2328
 -13.360  143.999       4.2328
 -13.360  147.926       4.2328
 -13.360  151.852       4.2328
 -13.360  155.779       4.2328
 -13.360  159.705       4.2328
 -13.360  163.632       4.2328
 -13.360  167.559       4.2328
 -13.360  171.485       4.2328
 -13.360  175.412       4.2328
 -13.360  179.338       4.2328
 -13.360  183.265       4.2328
 -13.360  187.192       4.2328
 -13.360  191.118       4.2328
 -13.360  195.045       4.2328
 -13.360  198.971       4.2328
 -13.360  202.898       4.2328
 -13.360  206.825       4.2328
 -13.360  210.751       4.2328
 -13.360  214.678       4.2328
 -13.360  218.604       4.2328
 -13.360  222.531       4.2328
 -13.360  226.457       4.2328
 -13.360  230.384       4.2328
 -13.360  234.311       4.2328
 -13.360  238.237       4.2328
 -13.360  242.164       4.2328
 -13.360  246.090       4.2328
  -9.430 -142.642       4.2328
  -9.430 -138.715       4.2328
  -9.430 -134.789       4.2328
  -9.430 -130.862       4.2328
  -9.430 -126.936       4.2328
  -9.430 -123.009       4.2328
  -9.430 -119.082       4.2328
  -9.430 -115.156       4.2328
  -9.430 -111.229       4.2328
  -9.430 -107.303       4.2328
  -9.430 -103.376       4.2328
  -9.430  -99.450       4.2328
  -9.430  -95.523       4.2328
  -9.430  -91.596       4.2328
  -9.430  -87.670       4.2328
  -9.430  -83.743       4.2328
  -9.430  -79.817       4.2328
  -9.430  -75.890       4.2328
  -9.430  -71.963       4.2328
  -9.430  -68.037       4.2328
  -9.430  -64.110       4.2328
  -9.430  -60.184       4.2328
  -9.430  -56.257       4.2328
  -9.430  -52.330       4.2328
  -9.430  -48.404       4.2328
  -9.430  -44.477       4.2328
  -9.430  -40.551       4.2328
  -9.430  -36.624       4.2328
  -9.430  -32.697       4.2328
  -9.430  -28.771       4.2328
  -9.430  -24.844       4.2328
  -9.430  -20.918       4.2328
  -9.430  -16.991       4.2328
  -9.430  -13.065       4.2328
  -9.430   -9.138       4.2328
  -9.430   -5.211       4.2328
  -9.430   -1.285       4.2328
  -9.430    2.642       4.2328
  -9.430    6.568       4.2328
  -9.430   10.495       4.2328
  -9.430   14.422       4.2328
  -9.430   18.348       4.2328
  -9.430   22.275       4.2328
  -9.430   26.201       4.2328
  -9.430   30.128       2.9931
  -9.430   34.055       2.3900
  -9.430   37.981       2.1666
  -9.430   41.908       2.4468
  -9.430   45.834       3.1646
  -9.430   49.761       3.1646
  -9.430   53.688       3.8195
  -9.430   57.614       1.8547
  -9.430   61.541       2.0964
  -9.430   65.467       4.2328
  -9.430   69.394       4.2328
  -9.430   73.320       4.2328
  -9.430   77.247       4.2328
  -9.430   81.174       4.2328
  -9.430   85.100       4.2328
  -9.430   89.027       4.2328
  -9.430   92.953       4.2328
  -9.430   96.880       4.2328
  -9.430  100.807       4.2328
  -9.430  104.733       4.2328
  -9.430  108.660       4.2328
  -9.430  112.586       4.2328
  -9.430  116.513       4.2328
  -9.430  120.440       4.2328
  -9.430  124.366       4.2328
  -9.430  128.293       4.2328
  -9.430  132.219       4.2328
  -9.430  136.146       4.2328
  -9.430  140.072       4.2328
  -9.430  143.999       4.2328
  -9.430  147.926       4.2328
  -9.430  151.852       4.2328
  -9.430  155.779       4.2328
  -9.430  159.705       4.2328
  -9.430  163.632       4.2328
  -9.430  167.559       4.2328
  -9.430  171.485       4.2328
  -9.430  175.412       4.2328
  -9.430  179.338       4.2328
  -9.430  183.265       4.2328
  -9.430  187.192       4.2328
  -9.430  191.118       4.2328
  -9.430  195.045       4.2328
  -9.430  198.971       4.2328
  -9.430  202.898       4.2328
  -9.430  206.825       4.2328
  -9.430  210.751       4.2328
  -9.430  214.678       4.2328
  -9.430  218.604       4.2328
  -9.430  222.531       4.2328
  -9.430  226.457       4.2328
  -9.430  230.384       4.2328
  -9.430  234.311       4.2328
  -9.430  238.237       4.2328
  -9.430  242.164       4.2328
  -9.430  246.090       4.2328
  -5.501 -142.642       4.2328
  -5.501 -138.715       4.2328
  -5.501 -134.789       4.2328
  -5.501 -130.862       4.2328
  -5.501 -126.936       4.2328
  -5.501 -123.009       4.2328
  -5.501 -119.082       4.2328
  -5.501 -115.156       4.2328
  -5.501 -111.229       4.2328
  -5.501 -107.303       4.2328
  -5.501 -103.376       4.2328
  -5.501  -99.450       4.2328
  -5.501  -95.523       4.2328
  -5.501  -91.596       4.2328
  -5.501  -87.670       4.2328
  -5.501  -83.743       4.2328
  -5.501  -79.817       4.2328
  -5.501  -75.890       4.2328
  -5.501  -71.963       4.2328
  -5.501  -68.037       4.2328
  -5.501  -64.110       4.2328
  -5.501  -60.184       4.2328
  -5.501  -56.257       4.2328
  -5.501  -52.330       4.2328
  -5.501  -48.404       4.2328
  -5.501  -44.477       4.2328
  -5.501  -40.551       4.2328
  -5.501  -36.624       4.2328
  -5.501  -32.697       4.2328
  -5.501  -28.771       4.2328
  -5.501  -24.844       4.2328
  -5.501  -20.918       4.2328
  -5.501  -16.991       4.2328
  -5.501  -13.065       4.2328
  -5.501   -9.138       4.2328
  -5.501   -5.211       4.2328
  -5.501   -1.285       4.2328
  -5.501    2.642       4.2328
  -5.501    6.568       4.2328
  -5.501   10.495       4.2328
  -5.501   14.422       4.2328
  -5.501   18.348       4.2328
  -5.501   22.275       4.2328
  -5.501   26.201       4.2328
  -5.501   30.128       3.8195
  -5.501   34.055       4.2328
  -5.501   37.981       3.4063
  -5.501   41.908       3.4063
  -5.501   45.834       3.8195
  -5.501   49.761       3.8195
  -5.501   53.688       2.9931
  -5.501   57.614       2.2462
  -5.501   61.541       2.2904
  -5.501   65.467       4.2328
  -5.501   69.394       4.2328
  -5.501   73.320       4.2328
  -5.501   77.247       4.2328
  -5.501   81.174       4.2328
  -5.501   85.100       4.2328
  -5.501   89.027       4.2328
  -5.501   92.953       4.2328
  -5.501   96.880       4.2328
  -5.501  100.807       4.2328
  -5.501  104.733       4.2328
  -5.501  108.660       4.2328
  -5.501  112.586       4.2328
  -5.501  116.513       4.2328
  -5.501  120.440       4.2328
  -5.501  124.366       4.2328
  -5.501  128.293       4.2328
  -5.501  132.219       4.2328
  -5.501  136.146       4.2328
  -5.501  140.072       4.2328
  -5.501  143.999       4.2328
  -5.501  147.926       4.2328
  -5.501  151.852       4.2328
  -5.501  155.779       4.2328
  -5.501  159.705       4.2328
  -5.501  163.632       4.2328
  -5.501  167.559       4.2328
  -5.501  171.485       4.2328
  -5.501  175.412       4.2328
  -5.501  179.338       4.2328
  -5.501  183.265       4.2328
  -5.501  187.192       4.2328
  -5.501  191.118       4.2328
  -5.501  195.045       4.2328
  -5.501  198.971       4.2328
  -5.501  202.898       4.2328
  -5.501  206.825       4.2328
  -5.501  210.751       4.2328
  -5.501  214.678       4.2328
  -5.501  218.604       4.2328
  -5.501  222.531       4.2328
  -5.501  226.457       4.2328
  -5.501  230.384       4.2328
  -5.501  234.311       4.2328
  -5.501  238.237       4.2328
  -5.501  242.164       4.2328
  -5.501  246.090       4.2328
  -1.572 -142.642       4.2328
  -1.572 -138.715       4.2328
  -1.572 -134.789       4.2328
  -1.572 -130.862       4.2328
  -1.572 -126.936       4.2328
  -1.572 -123.009       4.2328
  -1.572 -119.082       4.2328
  -1.572 -115.156       4.2328
  -1.572 -111.229       4.2328
  -1.572 -107.303       4.2328
  -1.572 -103.376       4.2328
  -1.572  -99.450       4.2328
  -1.572  -95.523       4.2328
  -1.572  -91.596       4.2328
  -1.572  -87.670       4.2328
  -1.572  -83.743       4.2328
  -1.572  -79.817       4.2328
  -1.572  -75.890       4.2328
  -1.572  -71.963       4.2328
  -1.572  -68.037       4.2328
  -1.572  -64.110       4.2328
  -1.572  -60.184       4.2328
  -1.572  -56.257       4.2328
  -1.572  -52.330       4.2328
  -1.572  -48.404       4.2328
  -1.572  -44.477       4.2328
  -1.572  -40.551       4.2328
  -1.572  -36.624       4.2328
  -1.572  -32.697       4.2328
  -1.572  -28.771       4.2328
  -1.572  -24.844       4.2328
  -1.572  -20.918       4.2328
  -1.572  -16.991       4.2328
  -1.572  -13.065       4.2328
  -1.572   -9.138       4.2328
  -1.572   -5.211       4.2328
  -1.572   -1.285       4.2328
  -1.572    2.642       4.2328
  -1.572    6.568       4.2328
  -1.572   10.495       4.2328
  -1.572   14.422       4.2328
  -1.572   18.348       4.2328
  -1.572   22.275       4.2328
  -1.572   26.201       4.2328
  -1.572   30.128       4.2328
  -1.572   34.055       4.2328
  -1.572   37.981       4.2328
  -1.572   41.908       4.2328
  -1.572   45.834       4.2328
  -1.572   49.761       4.2328
  -1.572   53.688       3.8195
  -1.572   57.614       3.8195
  -1.572   61.541       2.9931
  -1.572   65.467       4.2328
  -1.572   69.394       4.2328
  -1.572   73.320       4.2328
  -1.572   77.247       4.2328
  -1.572   81.174       4.2328
  -1.572   85.100       4.2328
  -1.572   89.027       4.2328
  -1.572   92.953       4.2328
  -1.572   96.880       4.2328
  -1.572  100.807       4.2328
  -1.572  104.733       4.2328
  -1.572  108.660       4.2328
  -1.572  112.586       4.2328
  -1.572  116.513       4.2328
  -1.572  120.440       4.2328
  -1.572  124.366       4.2328
  -1.572  128.293       4.2328
  -1.572  132.219       4.2328
  -1.572  136.146       4.2328
  -1.572  140.072       4.2328
  -1.572  143.999       4.2328
  -1.572  147.926       4.2328
  -1.572  151.852       4.2328
  -1.572  155.779       4.2328
  -1.572  159.705       4.2328
  -1.572  163.632       4.2328
  -1.572  167.559       4.2328
  -1.572  171.485       4.2328
  -1.572  175.412       4.2328
  -1.572  179.338       4.2328
  -1.572  183.265       4.2328
  -1.572  187.192       4.2328
  -1.572  191.118       4.2328
  -1.572  195.045       4.2328
  -1.572  198.971       4.2328
  -1.572  202.898       4.2328
  -1.572  206.825       4.2328
  -1.572  210.751       4.2328
  -1.572  214.678       4.2328
  -1.572  218.604       4.2328
  -1.572  222.531       4.2328
  -1.572  226.457       4.2328
  -1.572  230.384       4.2328
  -1.572  234.311       4.2328
  -1.572  238.237       4.2328
  -1.572  242.164       4.2328
  -1.572  246.090       4.2328
