-389.646  -89.581       4.2578
-389.646  -85.939       4.2578
-389.646  -82.296       4.2578
-389.646  -78.654       4.2578
-389.646  -75.012       4.2578
-389.646  -71.369       4.2578
-389.646  -67.727       4.2578
-389.646  -64.084       4.2578
-389.646  -60.442       4.2578
-389.646  -56.800       4.2578
-389.646  -53.157       4.2578
-389.646  -49.515       4.2578
-389.646  -45.873       4.2578
-389.646  -42.230       4.2578
-389.646  -38.588       4.2578
-389.646  -34.946       4.2578
-389.646  -31.303       4.2578
-389.646  -27.661       4.2578
-389.646  -24.019       4.2578
-389.646  -20.376       4.2578
-389.646  -16.734       4.2578
-389.646  -13.091       4.2578
-389.646   -9.449       4.2578
-389.646   -5.807       4.2578
-389.646   -2.164       4.2578
-389.646    1.478       3.1896
-389.646    5.120       2.4150
-389.646    8.763       2.8851
-389.646   12.405       2.6049
-389.646   16.047       2.2713
-389.646   19.690       2.3155
-389.646   23.332       1.9022
-389.646   26.975       1.7082
-389.646   30.617       1.6605
-389.646   34.259       1.6919
-389.646   37.902       1.8797
-389.646   41.544       2.2713
-389.646   45.186       2.4150
-389.646   48.829       2.7764
-389.646   52.471       4.2578
-389.646   56.113       4.2578
-389.646   59.756       4.2578
-389.646   63.398       4.2578
-389.646   67.040       4.2578
-389.646   70.683       4.2578
-389.646   74.325       4.2578
-389.646   77.968       4.2578
-389.646   81.610       4.2578
-389.646   85.252       4.2578
-389.646   88.895       4.2578
-389.646   92.537       4.2578
-389.646   96.179       4.2578
-389.646   99.822       4.2578
-389.646  103.464       4.2578
-389.646  107.106       4.2578
-389.646  110.749       4.2578
-389.646  114.391       4.2578
-389.646  118.034       4.2578
-389.646  121.676       4.2578
-389.646  125.318       4.2578
-389.646  128.961       4.2578
-389.646  132.603       4.2578
-389.646  136.245       4.2578
-389.646  139.888       4.2578
-389.646  143.530       4.2578
-389.646  147.172       4.2578
-389.646  150.815       4.2578
-389.646  154.457       4.2578
-389.646  158.099       4.2578
-389.646  161.742       4.2578
-389.646  165.384       4.2578
-389.646  169.027       4.2578
-389.646  172.669       4.2578
-389.646  176.311       4.2578
-389.646  179.954       4.2578
-389.646  183.596       4.2578
-389.646  187.238       4.2578
-389.646  190.881       4.2578
-389.646  194.523       4.2578
-389.646  198.165       4.2578
-389.646  201.808       4.2578
-389.646  205.450       4.2578
-389.646  209.093       4.2578
-389.646  212.735       4.2578
-389.646  216.377       4.2578
-389.646  220.020       4.2578
-389.646  223.662       4.2578
-389.646  227.304       4.2578
-389.646  230.947       4.2578
-389.646  234.589       4.2578
-389.646  238.231       4.2578
-389.646  241.874       4.2578
-389.646  245.516       4.2578
-389.646  249.158       4.2578
-389.646  252.801       4.2578
-389.646  256.443       4.2578
-389.646  260.086       4.2578
-389.646  263.728       4.2578
-389.646  267.370       4.2578
-389.646  271.013       4.2578
-385.506  -89.581       4.2578
-385.506  -85.939       4.2578
-385.506  -82.296       4.2578
-385.506  -78.654       4.2578
-385.506  -75.012       4.2578
-385.506  -71.369       4.2578
-385.506  -67.727       4.2578
-385.506  -64.084       4.2578
-385.506  -60.442       4.2578
-385.506  -56.800       4.2578
-385.506  -53.157       4.2578
-385.506  -49.515       4.2578
-385.506  -45.873       4.2578
-385.506  -42.230       4.2578
-385.506  -38.588       4.2578
-385.506  -34.946       4.2578
-385.506  -31.303       4.2578
-385.506  -27.661       4.2578
-385.506  -24.019       4.2578
-385.506  -20.376       4.2578
-385.506  -16.734       4.2578
-385.506  -13.091       3.4314
-385.506   -9.449       3.1896
-385.506   -5.807       3.0181
-385.506   -2.164       2.8851
-385.506    1.478       3.1896
-385.506    5.120       2.1917
-385.506    8.763       1.8371
-385.506   12.405       1.3938
-385.506   16.047       1.5367
-385.506   19.690       1.2473
-385.506   23.332       0.9567
-385.506   26.975       0.9427
-385.506   30.617       0.9158
-385.506   34.259       1.0588
-385.506   37.902       1.3291
-385.506   41.544       1.3841
-385.506   45.186       1.7423
-385.506   48.829       2.0892
-385.506   52.471       2.5347
-385.506   56.113       4.2578
-385.506   59.756       3.8446
-385.506   63.398       4.2578
-385.506   67.040       4.2578
-385.506   70.683       4.2578
-385.506   74.325       4.2578
-385.506   77.968       4.2578
-385.506   81.610       4.2578
-385.506   85.252       4.2578
-385.506   88.895       4.2578
-385.506   92.537       4.2578
-385.506   96.179       4.2578
-385.506   99.822       4.2578
-385.506  103.464       4.2578
-385.506  107.106       4.2578
-385.506  110.749       4.2578
-385.506  114.391       4.2578
-385.506  118.034       4.2578
-385.506  121.676       4.2578
-385.506  125.318       4.2578
-385.506  128.961       4.2578
-385.506  132.603       4.2578
-385.506  136.245       4.2578
-385.506  139.888       4.2578
-385.506  143.530       4.2578
-385.506  147.172       4.2578
-385.506  150.815       4.2578
-385.506  154.457       4.2578
-385.506  158.099       4.2578
-385.506  161.742       4.2578
-385.506  165.384       4.2578
-385.506  169.027       4.2578
-385.506  172.669       4.2578
-385.506  176.311       4.2578
-385.506  179.954       4.2578
-385.506  183.596       4.2578
-385.506  187.238       4.2578
-385.506  190.881       4.2578
-385.506  194.523       4.2578
-385.506  198.165       4.2578
-385.506  201.808       4.2578
-385.506  205.450       4.2578
-385.506  209.093       4.2578
-385.506  212.735       4.2578
-385.506  216.377       4.2578
-385.506  220.020       4.2578
-385.506  223.662       4.2578
-385.506  227.304       4.2578
-385.506  230.947       4.2578
-385.506  234.589       4.2578
-385.506  238.231       4.2578
-385.506  241.874       4.2578
-385.506  245.516       4.2578
-385.506  249.158       4.2578
-385.506  252.801       4.2578
-385.506  256.443       4.2578
-385.506  260.086       4.2578
-385.506  263.728       4.2578
-385.506  267.370       4.2578
-385.506  271.013       4.2578
-381.367  -89.581       4.2578
-381.367  -85.939       4.2578
-381.367  -82.296       4.2578
-381.367  -78.654       4.2578
-381.367  -75.012       4.2578
-381.367  -71.369       4.2578
-381.367  -67.727       4.2578
-381.367  -64.084       4.2578
-381.367  -60.442       4.2578
-381.367  -56.800       4.2578
-381.367  -53.157       4.2578
-381.367  -49.515       4.2578
-381.367  -45.873       4.2578
-381.367  -42.230       4.2578
-381.367  -38.588       4.2578
-381.367  -34.946       4.2578
-381.367  -31.303       4.2578
-381.367  -27.661       3.8446
-381.367  -24.019       3.8446
-381.367  -20.376       2.6845
-381.367  -16.734       2.8851
-381.367  -13.091       1.9753
-381.367   -9.449       1.7784
-381.367   -5.807       1.4890
-381.367   -2.164       1.6307
-381.367    1.478       1.3291
-381.367    5.120       1.0701
-381.367    8.763       1.1554
-381.367   12.405       1.1051
-381.367   16.047       0.9905
-381.367   19.690       1.1173
-381.367   23.332       1.0158
-381.367   26.975       0.9473
-381.367   30.617       0.9567
-381.367   34.259       1.2175
-381.367   37.902       1.2950
-381.367   41.544       1.4665
-381.367   45.186       1.2175
-381.367   48.829       1.7423
-381.367   52.471       2.1917
-381.367   56.113       1.8371
-381.367   59.756       2.1555
-381.367   63.398       2.3155
-381.367   67.040       2.6049
-381.367   70.683       3.1896
-381.367   74.325       4.2578
-381.367   77.968       4.2578
-381.367   81.610       4.2578
-381.367   85.252       4.2578
-381.367   88.895       4.2578
-381.367   92.537       4.2578
-381.367   96.179       4.2578
-381.367   99.822       4.2578
-381.367  103.464       4.2578
-381.367  107.106       4.2578
-381.367  110.749       4.2578
-381.367  114.391       4.2578
-381.367  118.034       4.2578
-381.367  121.676       4.2578
-381.367  125.318       4.2578
-381.367  128.961       4.2578
-381.367  132.603       4.2578
-381.367  136.245       4.2578
-381.367  139.888       4.2578
-381.367  143.530       4.2578
-381.367  147.172       4.2578
-381.367  150.815       4.2578
-381.367  154.457       4.2578
-381.367  158.099       4.2578
-381.367  161.742       4.2578
-381.367  165.384       4.2578
-381.367  169.027       4.2578
-381.367  172.669       4.2578
-381.367  176.311       4.2578
-381.367  179.954       4.2578
-381.367  183.596       4.2578
-381.367  187.238       4.2578
-381.367  190.881       4.2578
-381.367  194.523       4.2578
-381.367  198.165       4.2578
-381.367  201.808       4.2578
-381.367  205.450       4.2578
-381.367  209.093       4.2578
-381.367  212.735       4.2578
-381.367  216.377       4.2578
-381.367  220.020       4.2578
-381.367  223.662       4.2578
-381.367  227.304       4.2578
-381.367  230.947       4.2578
-381.367  234.589       4.2578
-381.367  238.231       4.2578
-381.367  241.874       4.2578
-381.367  245.516       4.2578
-381.367  249.158       4.2578
-381.367  252.801       4.2578
-381.367  256.443       4.2578
-381.367  260.086       4.2578
-381.367  263.728       4.2578
-381.367  267.370       4.2578
-381.367  271.013       4.2578
-377.227  -89.581       4.2578
-377.227  -85.939       4.2578
-377.227  -82.296       4.2578
-377.227  -78.654       4.2578
-377.227  -75.012       4.2578
-377.227  -71.369       4.2578
-377.227  -67.727       4.2578
-377.227  -64.084       4.2578
-377.227  -60.442       4.2578
-377.227  -56.800       4.2578
-377.227  -53.157       4.2578
-377.227  -49.515       4.2578
-377.227  -45.873       4.2578
-377.227  -42.230       4.2578
-377.227  -38.588       4.2578
-377.227  -34.946       4.2578
-377.227  -31.303       4.2578
-377.227  -27.661       4.2578
-377.227  -24.019       3.4314
-377.227  -20.376       2.2301
-377.227  -16.734       1.6023
-377.227  -13.091       1.3118
-377.227   -9.449       1.0758
-377.227   -5.807       1.0815
-377.227   -2.164       1.0588
-377.227    1.478       0.9757
-377.227    5.120       0.9427
-377.227    8.763       1.0932
-377.227   12.405       1.3652
-377.227   16.047       1.2473
-377.227   19.690       1.3841
-377.227   23.332       1.4448
-377.227   26.975       1.8169
-377.227   30.617       1.6919
-377.227   34.259       1.7601
-377.227   37.902       1.8169
-377.227   41.544       1.9753
-377.227   45.186       2.1215
-377.227   48.829       2.4150
-377.227   52.471       2.0018
-377.227   56.113       2.1215
-377.227   59.756       2.4150
-377.227   63.398       2.0892
-377.227   67.040       2.8851
-377.227   70.683       2.6049
-377.227   74.325       3.4314
-377.227   77.968       4.2578
-377.227   81.610       4.2578
-377.227   85.252       4.2578
-377.227   88.895       4.2578
-377.227   92.537       4.2578
-377.227   96.179       4.2578
-377.227   99.822       4.2578
-377.227  103.464       4.2578
-377.227  107.106       4.2578
-377.227  110.749       4.2578
-377.227  114.391       4.2578
-377.227  118.034       4.2578
-377.227  121.676       4.2578
-377.227  125.318       4.2578
-377.227  128.961       4.2578
-377.227  132.603       4.2578
-377.227  136.245       4.2578
-377.227  139.888       4.2578
-377.227  143.530       4.2578
-377.227  147.172       4.2578
-377.227  150.815       4.2578
-377.227  154.457       4.2578
-377.227  158.099       4.2578
-377.227  161.742       4.2578
-377.227  165.384       4.2578
-377.227  169.027       4.2578
-377.227  172.669       4.2578
-377.227  176.311       4.2578
-377.227  179.954       4.2578
-377.227  183.596       4.2578
-377.227  187.238       4.2578
-377.227  190.881       4.2578
-377.227  194.523       4.2578
-377.227  198.165       4.2578
-377.227  201.808       4.2578
-377.227  205.450       4.2578
-377.227  209.093       4.2578
-377.227  212.735       4.2578
-377.227  216.377       4.2578
-377.227  220.020       4.2578
-377.227  223.662       4.2578
-377.227  227.304       4.2578
-377.227  230.947       4.2578
-377.227  234.589       4.2578
-377.227  238.231       4.2578
-377.227  241.874       4.2578
-377.227  245.516       4.2578
-377.227  249.158       4.2578
-377.227  252.801       4.2578
-377.227  256.443       4.2578
-377.227  260.086       4.2578
-377.227  263.728       4.2578
-377.227  267.370       4.2578
-377.227  271.013       4.2578
-373.088  -89.581       4.2578
-373.088  -85.939       4.2578
-373.088  -82.296       4.2578
-373.088  -78.654       4.2578
-373.088  -75.012       4.2578
-373.088  -71.369       4.2578
-373.088  -67.727       4.2578
-373.088  -64.084       4.2578
-373.088  -60.442       4.2578
-373.088  -56.800       4.2578
-373.088  -53.157       4.2578
-373.088  -49.515       4.2578
-373.088  -45.873       4.2578
-373.088  -42.230       4.2578
-373.088  -38.588       4.2578
-373.088  -34.946       4.2578
-373.088  -31.303       4.2578
-373.088  -27.661       4.2578
-373.088  -24.019       4.2578
-373.088  -20.376       3.0181
-373.088  -16.734       1.8371
-373.088  -13.091       1.3469
-373.088   -9.449       1.2707
-373.088   -5.807       1.4556
-373.088   -2.164       1.3841
-373.088    1.478       1.4137
-373.088    5.120       1.6023
-373.088    8.763       1.6454
-373.088   12.405       2.0586
-373.088   16.047       1.7082
-373.088   19.690       2.0586
-373.088   23.332       2.3155
-373.088   26.975       2.8851
-373.088   30.617       4.2578
-373.088   34.259       3.8446
-373.088   37.902       3.8446
-373.088   41.544       3.1896
-373.088   45.186       3.4314
-373.088   48.829       3.4314
-373.088   52.471       2.8851
-373.088   56.113       2.7764
-373.088   59.756       3.0181
-373.088   63.398       2.2301
-373.088   67.040       2.1555
-373.088   70.683       2.0586
-373.088   74.325       2.6049
-373.088   77.968       3.8446
-373.088   81.610       4.2578
-373.088   85.252       3.1896
-373.088   88.895       3.0181
-373.088   92.537       3.0181
-373.088   96.179       3.8446
-373.088   99.822       4.2578
-373.088  103.464       4.2578
-373.088  107.106       4.2578
-373.088  110.749       4.2578
-373.088  114.391       4.2578
-373.088  118.034       4.2578
-373.088  121.676       4.2578
-373.088  125.318       4.2578
-373.088  128.961       4.2578
-373.088  132.603       4.2578
-373.088  136.245       4.2578
-373.088  139.888       4.2578
-373.088  143.530       4.2578
-373.088  147.172       4.2578
-373.088  150.815       4.2578
-373.088  154.457       4.2578
-373.088  158.099       4.2578
-373.088  161.742       4.2578
-373.088  165.384       4.2578
-373.088  169.027       4.2578
-373.088  172.669       4.2578
-373.088  176.311       4.2578
-373.088  179.954       4.2578
-373.088  183.596       4.2578
-373.088  187.238       4.2578
-373.088  190.881       4.2578
-373.088  194.523       4.2578
-373.088  198.165       4.2578
-373.088  201.808       4.2578
-373.088  205.450       4.2578
-373.088  209.093       4.2578
-373.088  212.735       4.2578
-373.088  216.377       4.2578
-373.088  220.020       4.2578
-373.088  223.662       4.2578
-373.088  227.304       4.2578
-373.088  230.947       4.2578
-373.088  234.589       4.2578
-373.088  238.231       4.2578
-373.088  241.874       4.2578
-373.088  245.516       4.2578
-373.088  249.158       4.2578
-373.088  252.801       4.2578
-373.088  256.443       4.2578
-373.088  260.086       4.2578
-373.088  263.728       4.2578
-373.088  267.370       4.2578
-373.088  271.013       4.2578
-368.948  -89.581       4.2578
-368.948  -85.939       4.2578
-368.948  -82.296       4.2578
-368.948  -78.654       4.2578
-368.948  -75.012       4.2578
-368.948  -71.369       4.2578
-368.948  -67.727       4.2578
-368.948  -64.084       4.2578
-368.948  -60.442       4.2578
-368.948  -56.800       4.2578
-368.948  -53.157       4.2578
-368.948  -49.515       4.2578
-368.948  -45.873       4.2578
-368.948  -42.230       4.2578
-368.948  -38.588       4.2578
-368.948  -34.946       4.2578
-368.948  -31.303       4.2578
-368.948  -27.661       4.2578
-368.948  -24.019       4.2578
-368.948  -20.376       2.7764
-368.948  -16.734       2.2301
-368.948  -13.091       1.5244
-368.948   -9.449       1.5367
-368.948   -5.807       1.9499
-368.948   -2.164       1.7423
-368.948    1.478       1.6163
-368.948    5.120       1.4448
-368.948    8.763       1.6023
-368.948   12.405       1.7974
-368.948   16.047       1.7974
-368.948   19.690       1.9753
-368.948   23.332       2.4719
-368.948   26.975       2.6845
-368.948   30.617       4.2578
-368.948   34.259       4.2578
-368.948   37.902       4.2578
-368.948   41.544       4.2578
-368.948   45.186       4.2578
-368.948   48.829       4.2578
-368.948   52.471       4.2578
-368.948   56.113       4.2578
-368.948   59.756       2.7764
-368.948   63.398       2.8851
-368.948   67.040       2.6845
-368.948   70.683       2.2713
-368.948   74.325       3.0181
-368.948   77.968       3.8446
-368.948   81.610       3.0181
-368.948   85.252       3.1896
-368.948   88.895       2.6049
-368.948   92.537       2.3632
-368.948   96.179       3.1896
-368.948   99.822       3.4314
-368.948  103.464       4.2578
-368.948  107.106       4.2578
-368.948  110.749       4.2578
-368.948  114.391       4.2578
-368.948  118.034       4.2578
-368.948  121.676       4.2578
-368.948  125.318       4.2578
-368.948  128.961       4.2578
-368.948  132.603       4.2578
-368.948  136.245       4.2578
-368.948  139.888       4.2578
-368.948  143.530       4.2578
-368.948  147.172       4.2578
-368.948  150.815       4.2578
-368.948  154.457       4.2578
-368.948  158.099       4.2578
-368.948  161.742       4.2578
-368.948  165.384       4.2578
-368.948  169.027       4.2578
-368.948  172.669       4.2578
-368.948  176.311       4.2578
-368.948  179.954       4.2578
-368.948  183.596       4.2578
-368.948  187.238       4.2578
-368.948  190.881       4.2578
-368.948  194.523       4.2578
-368.948  198.165       4.2578
-368.948  201.808       4.2578
-368.948  205.450       4.2578
-368.948  209.093       4.2578
-368.948  212.735       4.2578
-368.948  216.377       4.2578
-368.948  220.020       4.2578
-368.948  223.662       4.2578
-368.948  227.304       4.2578
-368.948  230.947       4.2578
-368.948  234.589       4.2578
-368.948  238.231       4.2578
-368.948  241.874       4.2578
-368.948  245.516       4.2578
-368.948  249.158       4.2578
-368.948  252.801       4.2578
-368.948  256.443       4.2578
-368.948  260.086       4.2578
-368.948  263.728       4.2578
-368.948  267.370       4.2578
-368.948  271.013       4.2578
-364.809  -89.581       4.2578
-364.809  -85.939       4.2578
-364.809  -82.296       4.2578
-364.809  -78.654       4.2578
-364.809  -75.012       4.2578
-364.809  -71.369       4.2578
-364.809  -67.727       4.2578
-364.809  -64.084       4.2578
-364.809  -60.442       4.2578
-364.809  -56.800       4.2578
-364.809  -53.157       4.2578
-364.809  -49.515       4.2578
-364.809  -45.873       4.2578
-364.809  -42.230       4.2578
-364.809  -38.588       4.2578
-364.809  -34.946       4.2578
-364.809  -31.303       3.8446
-364.809  -27.661       3.1896
-364.809  -24.019       2.5347
-364.809  -20.376       2.6049
-364.809  -16.734       1.9256
-364.809  -13.091       1.9256
-364.809   -9.449       1.7250
-364.809   -5.807       1.8797
-364.809   -2.164       1.7784
-364.809    1.478       1.7601
-364.809    5.120       1.7974
-364.809    8.763       1.4448
-364.809   12.405       2.1215
-364.809   16.047       1.9753
-364.809   19.690       1.8797
-364.809   23.332       2.0018
-364.809   26.975       3.8446
-364.809   30.617       4.2578
-364.809   34.259       4.2578
-364.809   37.902       4.2578
-364.809   41.544       4.2578
-364.809   45.186       4.2578
-364.809   48.829       4.2578
-364.809   52.471       4.2578
-364.809   56.113       4.2578
-364.809   59.756       4.2578
-364.809   63.398       4.2578
-364.809   67.040       4.2578
-364.809   70.683       2.5347
-364.809   74.325       3.0181
-364.809   77.968       3.1896
-364.809   81.610       3.8446
-364.809   85.252       4.2578
-364.809   88.895       3.8446
-364.809   92.537       2.6049
-364.809   96.179       2.7764
-364.809   99.822       3.1896
-364.809  103.464       3.8446
-364.809  107.106       4.2578
-364.809  110.749       4.2578
-364.809  114.391       4.2578
-364.809  118.034       4.2578
-364.809  121.676       4.2578
-364.809  125.318       4.2578
-364.809  128.961       4.2578
-364.809  132.603       4.2578
-364.809  136.245       4.2578
-364.809  139.888       4.2578
-364.809  143.530       4.2578
-364.809  147.172       4.2578
-364.809  150.815       4.2578
-364.809  154.457       4.2578
-364.809  158.099       4.2578
-364.809  161.742       4.2578
-364.809  165.384       4.2578
-364.809  169.027       4.2578
-364.809  172.669       4.2578
-364.809  176.311       4.2578
-364.809  179.954       4.2578
-364.809  183.596       4.2578
-364.809  187.238       4.2578
-364.809  190.881       4.2578
-364.809  194.523       4.2578
-364.809  198.165       4.2578
-364.809  201.808       4.2578
-364.809  205.450       4.2578
-364.809  209.093       4.2578
-364.809  212.735       4.2578
-364.809  216.377       4.2578
-364.809  220.020       4.2578
-364.809  223.662       4.2578
-364.809  227.304       4.2578
-364.809  230.947       4.2578
-364.809  234.589       4.2578
-364.809  238.231       4.2578
-364.809  241.874       4.2578
-364.809  245.516       4.2578
-364.809  249.158       4.2578
-364.809  252.801       4.2578
-364.809  256.443       4.2578
-364.809  260.086       4.2578
-364.809  263.728       4.2578
-364.809  267.370       4.2578
-364.809  271.013       4.2578
-360.669  -89.581       4.2578
-360.669  -85.939       4.2578
-360.669  -82.296       4.2578
-360.669  -78.654       4.2578
-360.669  -75.012       4.2578
-360.669  -71.369       4.2578
-360.669  -67.727       4.2578
-360.669  -64.084       4.2578
-360.669  -60.442       4.2578
-360.669  -56.800       4.2578
-360.669  -53.157       4.2578
-360.669  -49.515       4.2578
-360.669  -45.873       4.2578
-360.669  -42.230       4.2578
-360.669  -38.588       4.2578
-360.669  -34.946       4.2578
-360.669  -31.303       3.1896
-360.669  -27.661       2.7764
-360.669  -24.019       3.4314
-360.669  -20.376       2.5347
-360.669  -16.734       1.9499
-360.669  -13.091       1.9753
-360.669   -9.449       1.9256
-360.669   -5.807       2.4719
-360.669   -2.164       2.1215
-360.669    1.478       1.8797
-360.669    5.120       2.1215
-360.669    8.763       2.1917
-360.669   12.405       2.3632
-360.669   16.047       2.0296
-360.669   19.690       2.0586
-360.669   23.332       2.8851
-360.669   26.975       4.2578
-360.669   30.617       4.2578
-360.669   34.259       4.2578
-360.669   37.902       4.2578
-360.669   41.544       4.2578
-360.669   45.186       4.2578
-360.669   48.829       4.2578
-360.669   52.471       4.2578
-360.669   56.113       4.2578
-360.669   59.756       4.2578
-360.669   63.398       4.2578
-360.669   67.040       4.2578
-360.669   70.683       4.2578
-360.669   74.325       3.1896
-360.669   77.968       3.8446
-360.669   81.610       3.4314
-360.669   85.252       3.0181
-360.669   88.895       3.1896
-360.669   92.537       3.1896
-360.669   96.179       2.7764
-360.669   99.822       2.8851
-360.669  103.464       2.3632
-360.669  107.106       2.6845
-360.669  110.749       4.2578
-360.669  114.391       4.2578
-360.669  118.034       4.2578
-360.669  121.676       4.2578
-360.669  125.318       4.2578
-360.669  128.961       4.2578
-360.669  132.603       4.2578
-360.669  136.245       4.2578
-360.669  139.888       4.2578
-360.669  143.530       4.2578
-360.669  147.172       4.2578
-360.669  150.815       4.2578
-360.669  154.457       4.2578
-360.669  158.099       4.2578
-360.669  161.742       4.2578
-360.669  165.384       4.2578
-360.669  169.027       4.2578
-360.669  172.669       4.2578
-360.669  176.311       4.2578
-360.669  179.954       4.2578
-360.669  183.596       4.2578
-360.669  187.238       4.2578
-360.669  190.881       4.2578
-360.669  194.523       4.2578
-360.669  198.165       4.2578
-360.669  201.808       4.2578
-360.669  205.450       4.2578
-360.669  209.093       4.2578
-360.669  212.735       4.2578
-360.669  216.377       4.2578
-360.669  220.020       4.2578
-360.669  223.662       4.2578
-360.669  227.304       4.2578
-360.669  230.947       4.2578
-360.669  234.589       4.2578
-360.669  238.231       4.2578
-360.669  241.874       4.2578
-360.669  245.516       4.2578
-360.669  249.158       4.2578
-360.669  252.801       4.2578
-360.669  256.443       4.2578
-360.669  260.086       4.2578
-360.669  263.728       4.2578
-360.669  267.370       4.2578
-360.669  271.013       4.2578
-356.530  -89.581       4.2578
-356.530  -85.939       4.2578
-356.530  -82.296       4.2578
-356.530  -78.654       4.2578
-356.530  -75.012       4.2578
-356.530  -71.369       4.2578
-356.530  -67.727       4.2578
-356.530  -64.084       4.2578
-356.530  -60.442       4.2578
-356.530  -56.800       4.2578
-356.530  -53.157       4.2578
-356.530  -49.515       4.2578
-356.530  -45.873       4.2578
-356.530  -42.230       4.2578
-356.530  -38.588       4.2578
-356.530  -34.946       4.2578
-356.530  -31.303       3.4314
-356.530  -27.661       3.4314
-356.530  -24.019       2.6845
-356.530  -20.376       2.3632
-356.530  -16.734       2.3155
-356.530  -13.091       1.8797
-356.530   -9.449       1.7601
-356.530   -5.807       2.1555
-356.530   -2.164       1.8371
-356.530    1.478       1.8797
-356.530    5.120       1.8797
-356.530    8.763       1.9499
-356.530   12.405       1.9753
-356.530   16.047       2.4719
-356.530   19.690       3.1896
-356.530   23.332       3.4314
-356.530   26.975       4.2578
-356.530   30.617       4.2578
-356.530   34.259       4.2578
-356.530   37.902       4.2578
-356.530   41.544       4.2578
-356.530   45.186       4.2578
-356.530   48.829       4.2578
-356.530   52.471       4.2578
-356.530   56.113       4.2578
-356.530   59.756       4.2578
-356.530   63.398       4.2578
-356.530   67.040       4.2578
-356.530   70.683       4.2578
-356.530   74.325       4.2578
-356.530   77.968       4.2578
-356.530   81.610       3.8446
-356.530   85.252       3.4314
-356.530   88.895       3.1896
-356.530   92.537       2.6049
-356.530   96.179       4.2578
-356.530   99.822       2.8851
-356.530  103.464       2.1917
-356.530  107.106       2.6049
-356.530  110.749       4.2578
-356.530  114.391       4.2578
-356.530  118.034       3.8446
-356.530  121.676       3.4314
-356.530  125.318       3.8446
-356.530  128.961       4.2578
-356.530  132.603       4.2578
-356.530  136.245       4.2578
-356.530  139.888       4.2578
-356.530  143.530       4.2578
-356.530  147.172       4.2578
-356.530  150.815       4.2578
-356.530  154.457       4.2578
-356.530  158.099       4.2578
-356.530  161.742       4.2578
-356.530  165.384       4.2578
-356.530  169.027       4.2578
-356.530  172.669       4.2578
-356.530  176.311       4.2578
-356.530  179.954       4.2578
-356.530  183.596       4.2578
-356.530  187.238       4.2578
-356.530  190.881       4.2578
-356.530  194.523       4.2578
-356.530  198.165       4.2578
-356.530  201.808       4.2578
-356.530  205.450       4.2578
-356.530  209.093       4.2578
-356.530  212.735       4.2578
-356.530  216.377       4.2578
-356.530  220.020       4.2578
-356.530  223.662       4.2578
-356.530  227.304       4.2578
-356.530  230.947       4.2578
-356.530  234.589       4.2578
-356.530  238.231       4.2578
-356.530  241.874       4.2578
-356.530  245.516       4.2578
-356.530  249.158       4.2578
-356.530  252.801       4.2578
-356.530  256.443       4.2578
-356.530  260.086       4.2578
-356.530  263.728       4.2578
-356.530  267.370       4.2578
-356.530  271.013       4.2578
-352.390  -89.581       4.2578
-352.390  -85.939       4.2578
-352.390  -82.296       4.2578
-352.390  -78.654       4.2578
-352.390  -75.012       4.2578
-352.390  -71.369       4.2578
-352.390  -67.727       4.2578
-352.390  -64.084       4.2578
-352.390  -60.442       4.2578
-352.390  -56.800       4.2578
-352.390  -53.157       4.2578
-352.390  -49.515       4.2578
-352.390  -45.873       4.2578
-352.390  -42.230       3.4314
-352.390  -38.588       2.7764
-352.390  -34.946       2.2713
-352.390  -31.303       2.2301
-352.390  -27.661       3.0181
-352.390  -24.019       3.8446
-352.390  -20.376       3.4314
-352.390  -16.734       3.1896
-352.390  -13.091       2.4719
-352.390   -9.449       2.1555
-352.390   -5.807       1.6605
-352.390   -2.164       1.6307
-352.390    1.478       1.6919
-352.390    5.120       1.8797
-352.390    8.763       1.5124
-352.390   12.405       1.7974
-352.390   16.047       3.0181
-352.390   19.690       3.1896
-352.390   23.332       4.2578
-352.390   26.975       4.2578
-352.390   30.617       4.2578
-352.390   34.259       4.2578
-352.390   37.902       4.2578
-352.390   41.544       4.2578
-352.390   45.186       4.2578
-352.390   48.829       4.2578
-352.390   52.471       4.2578
-352.390   56.113       4.2578
-352.390   59.756       4.2578
-352.390   63.398       4.2578
-352.390   67.040       4.2578
-352.390   70.683       3.8446
-352.390   74.325       3.1896
-352.390   77.968       2.4150
-352.390   81.610       2.6845
-352.390   85.252       2.6049
-352.390   88.895       2.8851
-352.390   92.537       3.1896
-352.390   96.179       3.8446
-352.390   99.822       3.8446
-352.390  103.464       2.1215
-352.390  107.106       1.9753
-352.390  110.749       2.7764
-352.390  114.391       3.1896
-352.390  118.034       4.2578
-352.390  121.676       2.5347
-352.390  125.318       2.4719
-352.390  128.961       4.2578
-352.390  132.603       4.2578
-352.390  136.245       4.2578
-352.390  139.888       4.2578
-352.390  143.530       4.2578
-352.390  147.172       4.2578
-352.390  150.815       4.2578
-352.390  154.457       4.2578
-352.390  158.099       4.2578
-352.390  161.742       4.2578
-352.390  165.384       4.2578
-352.390  169.027       4.2578
-352.390  172.669       4.2578
-352.390  176.311       4.2578
-352.390  179.954       4.2578
-352.390  183.596       4.2578
-352.390  187.238       4.2578
-352.390  190.881       4.2578
-352.390  194.523       4.2578
-352.390  198.165       4.2578
-352.390  201.808       4.2578
-352.390  205.450       4.2578
-352.390  209.093       4.2578
-352.390  212.735       4.2578
-352.390  216.377       4.2578
-352.390  220.020       4.2578
-352.390  223.662       4.2578
-352.390  227.304       4.2578
-352.390  230.947       4.2578
-352.390  234.589       4.2578
-352.390  238.231       4.2578
-352.390  241.874       4.2578
-352.390  245.516       4.2578
-352.390  249.158       4.2578
-352.390  252.801       4.2578
-352.390  256.443       4.2578
-352.390  260.086       4.2578
-352.390  263.728       4.2578
-352.390  267.370       4.2578
-352.390  271.013       4.2578
-348.250  -89.581       4.2578
-348.250  -85.939       4.2578
-348.250  -82.296       4.2578
-348.250  -78.654       4.2578
-348.250  -75.012       4.2578
-348.250  -71.369       4.2578
-348.250  -67.727       4.2578
-348.250  -64.084       4.2578
-348.250  -60.442       4.2578
-348.250  -56.800       4.2578
-348.250  -53.157       4.2578
-348.250  -49.515       3.1896
-348.250  -45.873       3.4314
-348.250  -42.230       2.4719
-348.250  -38.588       2.2301
-348.250  -34.946       2.2713
-348.250  -31.303       2.8851
-348.250  -27.661       2.6845
-348.250  -24.019       2.8851
-348.250  -20.376       3.0181
-348.250  -16.734       2.1917
-348.250  -13.091       2.0892
-348.250   -9.449       1.7423
-348.250   -5.807       1.5244
-348.250   -2.164       1.7250
-348.250    1.478       1.6760
-348.250    5.120       1.4137
-348.250    8.763       1.4137
-348.250   12.405       1.7601
-348.250   16.047       2.0018
-348.250   19.690       2.6049
-348.250   23.332       3.8446
-348.250   26.975       4.2578
-348.250   30.617       4.2578
-348.250   34.259       4.2578
-348.250   37.902       4.2578
-348.250   41.544       4.2578
-348.250   45.186       4.2578
-348.250   48.829       4.2578
-348.250   52.471       4.2578
-348.250   56.113       2.7764
-348.250   59.756       4.2578
-348.250   63.398       4.2578
-348.250   67.040       4.2578
-348.250   70.683       2.0296
-348.250   74.325       1.6307
-348.250   77.968       1.9499
-348.250   81.610       2.0296
-348.250   85.252       2.1555
-348.250   88.895       3.8446
-348.250   92.537       3.4314
-348.250   96.179       2.8851
-348.250   99.822       4.2578
-348.250  103.464       2.6845
-348.250  107.106       2.7764
-348.250  110.749       3.4314
-348.250  114.391       2.8851
-348.250  118.034       2.7764
-348.250  121.676       2.3155
-348.250  125.318       2.3632
-348.250  128.961       2.1215
-348.250  132.603       3.0181
-348.250  136.245       3.1896
-348.250  139.888       3.8446
-348.250  143.530       4.2578
-348.250  147.172       4.2578
-348.250  150.815       4.2578
-348.250  154.457       4.2578
-348.250  158.099       4.2578
-348.250  161.742       4.2578
-348.250  165.384       4.2578
-348.250  169.027       4.2578
-348.250  172.669       4.2578
-348.250  176.311       4.2578
-348.250  179.954       4.2578
-348.250  183.596       4.2578
-348.250  187.238       4.2578
-348.250  190.881       4.2578
-348.250  194.523       4.2578
-348.250  198.165       4.2578
-348.250  201.808       4.2578
-348.250  205.450       4.2578
-348.250  209.093       4.2578
-348.250  212.735       4.2578
-348.250  216.377       4.2578
-348.250  220.020       4.2578
-348.250  223.662       4.2578
-348.250  227.304       4.2578
-348.250  230.947       4.2578
-348.250  234.589       4.2578
-348.250  238.231       4.2578
-348.250  241.874       4.2578
-348.250  245.516       4.2578
-348.250  249.158       4.2578
-348.250  252.801       4.2578
-348.250  256.443       4.2578
-348.250  260.086       4.2578
-348.250  263.728       4.2578
-348.250  267.370       4.2578
-348.250  271.013       4.2578
-344.111  -89.581       4.2578
-344.111  -85.939       4.2578
-344.111  -82.296       4.2578
-344.111  -78.654       4.2578
-344.111  -75.012       4.2578
-344.111  -71.369       4.2578
-344.111  -67.727       4.2578
-344.111  -64.084       3.4314
-344.111  -60.442       2.7764
-344.111  -56.800       3.8446
-344.111  -53.157       3.0181
-344.111  -49.515       3.1896
-344.111  -45.873       2.2301
-344.111  -42.230       2.6845
-344.111  -38.588       2.3632
-344.111  -34.946       2.6845
-344.111  -31.303       3.4314
-344.111  -27.661       2.6845
-344.111  -24.019       2.3632
-344.111  -20.376       2.2301
-344.111  -16.734       1.8580
-344.111  -13.091       1.8797
-344.111   -9.449       1.9256
-344.111   -5.807       1.8580
-344.111   -2.164       1.5752
-344.111    1.478       1.7082
-344.111    5.120       1.6760
-344.111    8.763       1.7423
-344.111   12.405       1.5886
-344.111   16.047       2.0892
-344.111   19.690       2.0296
-344.111   23.332       3.1896
-344.111   26.975       4.2578
-344.111   30.617       4.2578
-344.111   34.259       4.2578
-344.111   37.902       4.2578
-344.111   41.544       4.2578
-344.111   45.186       4.2578
-344.111   48.829       4.2578
-344.111   52.471       3.8446
-344.111   56.113       2.3155
-344.111   59.756       2.4150
-344.111   63.398       2.4719
-344.111   67.040       2.6049
-344.111   70.683       2.0892
-344.111   74.325       1.8371
-344.111   77.968       2.0892
-344.111   81.610       2.2301
-344.111   85.252       2.3155
-344.111   88.895       2.3632
-344.111   92.537       2.4719
-344.111   96.179       2.6845
-344.111   99.822       3.4314
-344.111  103.464       4.2578
-344.111  107.106       3.4314
-344.111  110.749       3.0181
-344.111  114.391       2.4150
-344.111  118.034       2.1917
-344.111  121.676       3.0181
-344.111  125.318       2.1917
-344.111  128.961       2.0018
-344.111  132.603       1.8797
-344.111  136.245       2.1555
-344.111  139.888       2.6845
-344.111  143.530       3.8446
-344.111  147.172       3.8446
-344.111  150.815       4.2578
-344.111  154.457       4.2578
-344.111  158.099       4.2578
-344.111  161.742       4.2578
-344.111  165.384       4.2578
-344.111  169.027       4.2578
-344.111  172.669       4.2578
-344.111  176.311       4.2578
-344.111  179.954       4.2578
-344.111  183.596       4.2578
-344.111  187.238       4.2578
-344.111  190.881       4.2578
-344.111  194.523       4.2578
-344.111  198.165       4.2578
-344.111  201.808       4.2578
-344.111  205.450       4.2578
-344.111  209.093       4.2578
-344.111  212.735       4.2578
-344.111  216.377       4.2578
-344.111  220.020       4.2578
-344.111  223.662       4.2578
-344.111  227.304       4.2578
-344.111  230.947       4.2578
-344.111  234.589       4.2578
-344.111  238.231       4.2578
-344.111  241.874       4.2578
-344.111  245.516       4.2578
-344.111  249.158       4.2578
-344.111  252.801       4.2578
-344.111  256.443       4.2578
-344.111  260.086       4.2578
-344.111  263.728       4.2578
-344.111  267.370       4.2578
-344.111  271.013       4.2578
-339.971  -89.581       4.2578
-339.971  -85.939       4.2578
-339.971  -82.296       4.2578
-339.971  -78.654       4.2578
-339.971  -75.012       4.2578
-339.971  -71.369       4.2578
-339.971  -67.727       4.2578
-339.971  -64.084       4.2578
-339.971  -60.442       2.6049
-339.971  -56.800       2.8851
-339.971  -53.157       2.6845
-339.971  -49.515       2.7764
-339.971  -45.873       2.7764
-339.971  -42.230       2.6049
-339.971  -38.588       2.7764
-339.971  -34.946       2.8851
-339.971  -31.303       3.8446
-339.971  -27.661       3.4314
-339.971  -24.019       2.4719
-339.971  -20.376       1.8797
-339.971  -16.734       1.6454
-339.971  -13.091       1.7082
-339.971   -9.449       2.0296
-339.971   -5.807       1.8169
-339.971   -2.164       1.8797
-339.971    1.478       1.5124
-339.971    5.120       1.3379
-339.971    8.763       1.3938
-339.971   12.405       1.4776
-339.971   16.047       1.7250
-339.971   19.690       2.2301
-339.971   23.332       2.2301
-339.971   26.975       2.6845
-339.971   30.617       3.4314
-339.971   34.259       3.4314
-339.971   37.902       4.2578
-339.971   41.544       4.2578
-339.971   45.186       4.2578
-339.971   48.829       4.2578
-339.971   52.471       3.8446
-339.971   56.113       2.2713
-339.971   59.756       2.4150
-339.971   63.398       2.3155
-339.971   67.040       2.3155
-339.971   70.683       1.9022
-339.971   74.325       2.3632
-339.971   77.968       2.6845
-339.971   81.610       2.6845
-339.971   85.252       2.6049
-339.971   88.895       2.4150
-339.971   92.537       2.3632
-339.971   96.179       2.0296
-339.971   99.822       2.5347
-339.971  103.464       3.4314
-339.971  107.106       2.4719
-339.971  110.749       2.2713
-339.971  114.391       2.1917
-339.971  118.034       2.1555
-339.971  121.676       2.0018
-339.971  125.318       2.6049
-339.971  128.961       2.4150
-339.971  132.603       2.1555
-339.971  136.245       1.9256
-339.971  139.888       1.8797
-339.971  143.530       2.0296
-339.971  147.172       2.0296
-339.971  150.815       2.8851
-339.971  154.457       4.2578
-339.971  158.099       4.2578
-339.971  161.742       4.2578
-339.971  165.384       4.2578
-339.971  169.027       4.2578
-339.971  172.669       4.2578
-339.971  176.311       4.2578
-339.971  179.954       4.2578
-339.971  183.596       4.2578
-339.971  187.238       4.2578
-339.971  190.881       4.2578
-339.971  194.523       4.2578
-339.971  198.165       4.2578
-339.971  201.808       4.2578
-339.971  205.450       4.2578
-339.971  209.093       4.2578
-339.971  212.735       4.2578
-339.971  216.377       4.2578
-339.971  220.020       4.2578
-339.971  223.662       4.2578
-339.971  227.304       4.2578
-339.971  230.947       4.2578
-339.971  234.589       4.2578
-339.971  238.231       4.2578
-339.971  241.874       4.2578
-339.971  245.516       4.2578
-339.971  249.158       4.2578
-339.971  252.801       4.2578
-339.971  256.443       4.2578
-339.971  260.086       4.2578
-339.971  263.728       4.2578
-339.971  267.370       4.2578
-339.971  271.013       4.2578
-335.832  -89.581       4.2578
-335.832  -85.939       4.2578
-335.832  -82.296       4.2578
-335.832  -78.654       4.2578
-335.832  -75.012       4.2578
-335.832  -71.369       4.2578
-335.832  -67.727       4.2578
-335.832  -64.084       2.6845
-335.832  -60.442       2.2713
-335.832  -56.800       2.3155
-335.832  -53.157       2.4150
-335.832  -49.515       2.5347
-335.832  -45.873       2.2713
-335.832  -42.230       2.5347
-335.832  -38.588       2.8851
-335.832  -34.946       2.4150
-335.832  -31.303       2.7764
-335.832  -27.661       2.1215
-335.832  -24.019       1.9499
-335.832  -20.376       1.5621
-335.832  -16.734       1.6023
-335.832  -13.091       1.6919
-335.832   -9.449       2.2301
-335.832   -5.807       1.9753
-335.832   -2.164       1.8371
-335.832    1.478       1.5752
-335.832    5.120       1.7601
-335.832    8.763       1.4890
-335.832   12.405       2.1555
-335.832   16.047       2.0892
-335.832   19.690       2.1555
-335.832   23.332       2.4719
-335.832   26.975       2.7764
-335.832   30.617       3.8446
-335.832   34.259       4.2578
-335.832   37.902       4.2578
-335.832   41.544       4.2578
-335.832   45.186       4.2578
-335.832   48.829       4.2578
-335.832   52.471       3.1896
-335.832   56.113       2.8851
-335.832   59.756       2.1555
-335.832   63.398       2.2713
-335.832   67.040       2.5347
-335.832   70.683       2.0892
-335.832   74.325       2.2713
-335.832   77.968       3.1896
-335.832   81.610       2.8851
-335.832   85.252       2.5347
-335.832   88.895       2.4150
-335.832   92.537       1.9022
-335.832   96.179       1.8797
-335.832   99.822       1.9499
-335.832  103.464       2.1917
-335.832  107.106       2.1215
-335.832  110.749       2.2713
-335.832  114.391       2.2301
-335.832  118.034       2.1555
-335.832  121.676       2.4150
-335.832  125.318       2.0296
-335.832  128.961       2.1555
-335.832  132.603       2.8851
-335.832  136.245       2.3155
-335.832  139.888       2.0586
-335.832  143.530       1.5006
-335.832  147.172       1.4890
-335.832  150.815       2.0296
-335.832  154.457       2.6845
-335.832  158.099       3.4314
-335.832  161.742       3.8446
-335.832  165.384       4.2578
-335.832  169.027       4.2578
-335.832  172.669       4.2578
-335.832  176.311       4.2578
-335.832  179.954       4.2578
-335.832  183.596       4.2578
-335.832  187.238       4.2578
-335.832  190.881       4.2578
-335.832  194.523       4.2578
-335.832  198.165       4.2578
-335.832  201.808       4.2578
-335.832  205.450       4.2578
-335.832  209.093       4.2578
-335.832  212.735       4.2578
-335.832  216.377       4.2578
-335.832  220.020       4.2578
-335.832  223.662       4.2578
-335.832  227.304       4.2578
-335.832  230.947       4.2578
-335.832  234.589       4.2578
-335.832  238.231       4.2578
-335.832  241.874       4.2578
-335.832  245.516       4.2578
-335.832  249.158       4.2578
-335.832  252.801       4.2578
-335.832  256.443       4.2578
-335.832  260.086       4.2578
-335.832  263.728       4.2578
-335.832  267.370       4.2578
-335.832  271.013       4.2578
-331.692  -89.581       4.2578
-331.692  -85.939       4.2578
-331.692  -82.296       4.2578
-331.692  -78.654       4.2578
-331.692  -75.012       4.2578
-331.692  -71.369       4.2578
-331.692  -67.727       2.7764
-331.692  -64.084       2.1215
-331.692  -60.442       2.1917
-331.692  -56.800       1.9022
-331.692  -53.157       2.4719
-331.692  -49.515       2.4719
-331.692  -45.873       2.0586
-331.692  -42.230       2.1555
-331.692  -38.588       2.4719
-331.692  -34.946       2.2301
-331.692  -31.303       1.6919
-331.692  -27.661       1.4556
-331.692  -24.019       1.4776
-331.692  -20.376       1.4448
-331.692  -16.734       1.6454
-331.692  -13.091       1.8580
-331.692   -9.449       1.8580
-331.692   -5.807       1.5621
-331.692   -2.164       1.5244
-331.692    1.478       1.7250
-331.692    5.120       1.6307
-331.692    8.763       1.5006
-331.692   12.405       1.9022
-331.692   16.047       2.7764
-331.692   19.690       3.0181
-331.692   23.332       3.8446
-331.692   26.975       3.8446
-331.692   30.617       3.8446
-331.692   34.259       2.4719
-331.692   37.902       2.7764
-331.692   41.544       3.1896
-331.692   45.186       3.8446
-331.692   48.829       3.8446
-331.692   52.471       3.4314
-331.692   56.113       2.7764
-331.692   59.756       2.3155
-331.692   63.398       3.1896
-331.692   67.040       2.5347
-331.692   70.683       2.3632
-331.692   74.325       2.3155
-331.692   77.968       3.4314
-331.692   81.610       4.2578
-331.692   85.252       3.4314
-331.692   88.895       2.3632
-331.692   92.537       1.6605
-331.692   96.179       1.9022
-331.692   99.822       2.3155
-331.692  103.464       1.7601
-331.692  107.106       2.0018
-331.692  110.749       2.1215
-331.692  114.391       2.2713
-331.692  118.034       2.1917
-331.692  121.676       2.5347
-331.692  125.318       2.0586
-331.692  128.961       1.7974
-331.692  132.603       1.7250
-331.692  136.245       1.8371
-331.692  139.888       1.6023
-331.692  143.530       1.4137
-331.692  147.172       1.5124
-331.692  150.815       1.8580
-331.692  154.457       1.8371
-331.692  158.099       3.0181
-331.692  161.742       2.3632
-331.692  165.384       2.6845
-331.692  169.027       4.2578
-331.692  172.669       4.2578
-331.692  176.311       4.2578
-331.692  179.954       4.2578
-331.692  183.596       4.2578
-331.692  187.238       4.2578
-331.692  190.881       4.2578
-331.692  194.523       4.2578
-331.692  198.165       4.2578
-331.692  201.808       4.2578
-331.692  205.450       4.2578
-331.692  209.093       4.2578
-331.692  212.735       4.2578
-331.692  216.377       4.2578
-331.692  220.020       4.2578
-331.692  223.662       4.2578
-331.692  227.304       4.2578
-331.692  230.947       4.2578
-331.692  234.589       4.2578
-331.692  238.231       4.2578
-331.692  241.874       4.2578
-331.692  245.516       4.2578
-331.692  249.158       4.2578
-331.692  252.801       4.2578
-331.692  256.443       4.2578
-331.692  260.086       4.2578
-331.692  263.728       4.2578
-331.692  267.370       4.2578
-331.692  271.013       4.2578
-327.553  -89.581       4.2578
-327.553  -85.939       4.2578
-327.553  -82.296       4.2578
-327.553  -78.654       4.2578
-327.553  -75.012       4.2578
-327.553  -71.369       3.8446
-327.553  -67.727       2.6845
-327.553  -64.084       2.5347
-327.553  -60.442       2.1917
-327.553  -56.800       2.4150
-327.553  -53.157       2.1917
-327.553  -49.515       1.8371
-327.553  -45.873       1.8371
-327.553  -42.230       1.6454
-327.553  -38.588       2.1215
-327.553  -34.946       1.7784
-327.553  -31.303       1.4037
-327.553  -27.661       1.3033
-327.553  -24.019       1.1235
-327.553  -20.376       1.1822
-327.553  -16.734       1.6454
-327.553  -13.091       2.0892
-327.553   -9.449       2.0296
-327.553   -5.807       1.6454
-327.553   -2.164       1.8580
-327.553    1.478       1.6454
-327.553    5.120       1.7250
-327.553    8.763       1.8371
-327.553   12.405       1.7601
-327.553   16.047       2.3632
-327.553   19.690       2.3155
-327.553   23.332       2.7764
-327.553   26.975       2.7764
-327.553   30.617       2.4150
-327.553   34.259       2.3155
-327.553   37.902       1.8169
-327.553   41.544       1.9256
-327.553   45.186       2.5347
-327.553   48.829       3.0181
-327.553   52.471       2.0586
-327.553   56.113       2.0892
-327.553   59.756       1.9256
-327.553   63.398       2.3632
-327.553   67.040       2.3632
-327.553   70.683       2.7764
-327.553   74.325       2.4150
-327.553   77.968       2.5347
-327.553   81.610       3.1896
-327.553   85.252       2.3632
-327.553   88.895       2.1215
-327.553   92.537       1.9022
-327.553   96.179       2.1215
-327.553   99.822       2.6049
-327.553  103.464       1.7601
-327.553  107.106       1.7601
-327.553  110.749       2.1917
-327.553  114.391       2.2713
-327.553  118.034       2.2301
-327.553  121.676       3.0181
-327.553  125.318       2.7764
-327.553  128.961       2.1215
-327.553  132.603       1.7250
-327.553  136.245       1.3204
-327.553  139.888       1.2628
-327.553  143.530       1.1424
-327.553  147.172       1.4665
-327.553  150.815       1.3560
-327.553  154.457       1.5493
-327.553  158.099       1.7250
-327.553  161.742       2.0296
-327.553  165.384       2.1917
-327.553  169.027       3.0181
-327.553  172.669       3.8446
-327.553  176.311       4.2578
-327.553  179.954       4.2578
-327.553  183.596       4.2578
-327.553  187.238       4.2578
-327.553  190.881       4.2578
-327.553  194.523       4.2578
-327.553  198.165       4.2578
-327.553  201.808       4.2578
-327.553  205.450       4.2578
-327.553  209.093       4.2578
-327.553  212.735       4.2578
-327.553  216.377       4.2578
-327.553  220.020       4.2578
-327.553  223.662       4.2578
-327.553  227.304       4.2578
-327.553  230.947       4.2578
-327.553  234.589       4.2578
-327.553  238.231       4.2578
-327.553  241.874       4.2578
-327.553  245.516       4.2578
-327.553  249.158       4.2578
-327.553  252.801       4.2578
-327.553  256.443       4.2578
-327.553  260.086       4.2578
-327.553  263.728       4.2578
-327.553  267.370       4.2578
-327.553  271.013       4.2578
-323.413  -89.581       4.2578
-323.413  -85.939       4.2578
-323.413  -82.296       4.2578
-323.413  -78.654       4.2578
-323.413  -75.012       4.2578
-323.413  -71.369       4.2578
-323.413  -67.727       3.4314
-323.413  -64.084       2.4719
-323.413  -60.442       2.4719
-323.413  -56.800       1.9256
-323.413  -53.157       1.6023
-323.413  -49.515       1.7082
-323.413  -45.873       1.7082
-323.413  -42.230       1.4037
-323.413  -38.588       1.4448
-323.413  -34.946       1.6023
-323.413  -31.303       1.4890
-323.413  -27.661       1.2628
-323.413  -24.019       1.3746
-323.413  -20.376       1.3746
-323.413  -16.734       1.5367
-323.413  -13.091       1.8580
-323.413   -9.449       2.2713
-323.413   -5.807       2.0586
-323.413   -2.164       1.7423
-323.413    1.478       1.5886
-323.413    5.120       1.7250
-323.413    8.763       1.7423
-323.413   12.405       1.9256
-323.413   16.047       1.6605
-323.413   19.690       1.9022
-323.413   23.332       1.9256
-323.413   26.975       2.1917
-323.413   30.617       1.9753
-323.413   34.259       1.7082
-323.413   37.902       1.4776
-323.413   41.544       1.7423
-323.413   45.186       1.3379
-323.413   48.829       1.1891
-323.413   52.471       1.0873
-323.413   56.113       1.0758
-323.413   59.756       1.2787
-323.413   63.398       1.3118
-323.413   67.040       1.3118
-323.413   70.683       1.7082
-323.413   74.325       1.5621
-323.413   77.968       1.8580
-323.413   81.610       2.3155
-323.413   85.252       1.8169
-323.413   88.895       2.0586
-323.413   92.537       2.2713
-323.413   96.179       2.1917
-323.413   99.822       2.1555
-323.413  103.464       2.5347
-323.413  107.106       2.0018
-323.413  110.749       2.3632
-323.413  114.391       2.5347
-323.413  118.034       2.4719
-323.413  121.676       2.3155
-323.413  125.318       2.6845
-323.413  128.961       2.8851
-323.413  132.603       2.0586
-323.413  136.245       1.7974
-323.413  139.888       1.7082
-323.413  143.530       1.6163
-323.413  147.172       1.5367
-323.413  150.815       1.3652
-323.413  154.457       1.4776
-323.413  158.099       1.5124
-323.413  161.742       1.7423
-323.413  165.384       1.9753
-323.413  169.027       2.7764
-323.413  172.669       3.1896
-323.413  176.311       3.8446
-323.413  179.954       4.2578
-323.413  183.596       4.2578
-323.413  187.238       4.2578
-323.413  190.881       4.2578
-323.413  194.523       4.2578
-323.413  198.165       4.2578
-323.413  201.808       4.2578
-323.413  205.450       4.2578
-323.413  209.093       4.2578
-323.413  212.735       4.2578
-323.413  216.377       4.2578
-323.413  220.020       4.2578
-323.413  223.662       4.2578
-323.413  227.304       4.2578
-323.413  230.947       4.2578
-323.413  234.589       4.2578
-323.413  238.231       4.2578
-323.413  241.874       4.2578
-323.413  245.516       4.2578
-323.413  249.158       4.2578
-323.413  252.801       4.2578
-323.413  256.443       4.2578
-323.413  260.086       4.2578
-323.413  263.728       4.2578
-323.413  267.370       4.2578
-323.413  271.013       4.2578
-319.274  -89.581       4.2578
-319.274  -85.939       4.2578
-319.274  -82.296       4.2578
-319.274  -78.654       4.2578
-319.274  -75.012       4.2578
-319.274  -71.369       4.2578
-319.274  -67.727       3.1896
-319.274  -64.084       2.6845
-319.274  -60.442       1.8797
-319.274  -56.800       1.8797
-319.274  -53.157       1.7601
-319.274  -49.515       1.7250
-319.274  -45.873       1.7250
-319.274  -42.230       1.5006
-319.274  -38.588       1.6163
-319.274  -34.946       2.0586
-319.274  -31.303       1.6605
-319.274  -27.661       1.4665
-319.274  -24.019       1.3841
-319.274  -20.376       1.5124
-319.274  -16.734       1.8580
-319.274  -13.091       1.9256
-319.274   -9.449       1.7601
-319.274   -5.807       1.8371
-319.274   -2.164       1.9256
-319.274    1.478       1.7601
-319.274    5.120       1.6919
-319.274    8.763       1.6605
-319.274   12.405       1.2950
-319.274   16.047       1.0992
-319.274   19.690       1.2628
-319.274   23.332       1.3379
-319.274   26.975       1.3746
-319.274   30.617       1.4776
-319.274   34.259       1.0588
-319.274   37.902       1.0263
-319.274   41.544       0.9855
-319.274   45.186       0.7899
-319.274   48.829       0.7655
-319.274   52.471       0.8152
-319.274   56.113       0.9028
-319.274   59.756       1.1235
-319.274   63.398       1.0873
-319.274   67.040       1.2248
-319.274   70.683       1.4556
-319.274   74.325       1.6454
-319.274   77.968       1.8580
-319.274   81.610       1.7784
-319.274   85.252       1.9499
-319.274   88.895       3.0181
-319.274   92.537       2.1555
-319.274   96.179       2.0586
-319.274   99.822       1.9753
-319.274  103.464       1.9256
-319.274  107.106       2.3632
-319.274  110.749       2.7764
-319.274  114.391       2.5347
-319.274  118.034       2.6845
-319.274  121.676       2.0892
-319.274  125.318       1.9499
-319.274  128.961       1.9499
-319.274  132.603       2.7764
-319.274  136.245       1.9753
-319.274  139.888       2.0296
-319.274  143.530       1.9499
-319.274  147.172       1.6163
-319.274  150.815       1.7601
-319.274  154.457       1.6163
-319.274  158.099       1.7423
-319.274  161.742       1.8371
-319.274  165.384       1.7974
-319.274  169.027       2.0586
-319.274  172.669       2.3632
-319.274  176.311       2.6845
-319.274  179.954       2.3632
-319.274  183.596       4.2578
-319.274  187.238       4.2578
-319.274  190.881       4.2578
-319.274  194.523       4.2578
-319.274  198.165       4.2578
-319.274  201.808       4.2578
-319.274  205.450       4.2578
-319.274  209.093       4.2578
-319.274  212.735       4.2578
-319.274  216.377       4.2578
-319.274  220.020       4.2578
-319.274  223.662       4.2578
-319.274  227.304       4.2578
-319.274  230.947       4.2578
-319.274  234.589       4.2578
-319.274  238.231       4.2578
-319.274  241.874       4.2578
-319.274  245.516       4.2578
-319.274  249.158       4.2578
-319.274  252.801       4.2578
-319.274  256.443       4.2578
-319.274  260.086       4.2578
-319.274  263.728       4.2578
-319.274  267.370       4.2578
-319.274  271.013       4.2578
-315.134  -89.581       4.2578
-315.134  -85.939       4.2578
-315.134  -82.296       4.2578
-315.134  -78.654       4.2578
-315.134  -75.012       3.4314
-315.134  -71.369       2.8851
-315.134  -67.727       3.8446
-315.134  -64.084       2.4150
-315.134  -60.442       2.4719
-315.134  -56.800       2.2713
-315.134  -53.157       1.6605
-315.134  -49.515       1.5244
-315.134  -45.873       1.8169
-315.134  -42.230       1.6919
-315.134  -38.588       1.8797
-315.134  -34.946       2.4719
-315.134  -31.303       1.6163
-315.134  -27.661       1.5006
-315.134  -24.019       1.5493
-315.134  -20.376       1.6919
-315.134  -16.734       1.9499
-315.134  -13.091       2.3155
-315.134   -9.449       2.0018
-315.134   -5.807       1.6760
-315.134   -2.164       1.8580
-315.134    1.478       1.7250
-315.134    5.120       1.8169
-315.134    8.763       1.8580
-315.134   12.405       1.7784
-315.134   16.047       1.3291
-315.134   19.690       1.6307
-315.134   23.332       1.4137
-315.134   26.975       1.1424
-315.134   30.617       1.2707
-315.134   34.259       0.9202
-315.134   37.902       0.8735
-315.134   41.544       0.9520
-315.134   45.186       1.3652
-315.134   48.829       1.2397
-315.134   52.471       1.1173
-315.134   56.113       1.0158
-315.134   59.756       1.1686
-315.134   63.398       1.1891
-315.134   67.040       1.0158
-315.134   70.683       1.2031
-315.134   74.325       1.6307
-315.134   77.968       1.8797
-315.134   81.610       1.6454
-315.134   85.252       1.7784
-315.134   88.895       2.0018
-315.134   92.537       1.9753
-315.134   96.179       2.2713
-315.134   99.822       2.0018
-315.134  103.464       1.8580
-315.134  107.106       1.6023
-315.134  110.749       2.1555
-315.134  114.391       1.8580
-315.134  118.034       2.4150
-315.134  121.676       1.7423
-315.134  125.318       1.5367
-315.134  128.961       1.4776
-315.134  132.603       1.7250
-315.134  136.245       2.4719
-315.134  139.888       2.6049
-315.134  143.530       2.5347
-315.134  147.172       2.2713
-315.134  150.815       1.8580
-315.134  154.457       1.6760
-315.134  158.099       1.6919
-315.134  161.742       2.2301
-315.134  165.384       1.9256
-315.134  169.027       1.7423
-315.134  172.669       1.6454
-315.134  176.311       1.5244
-315.134  179.954       1.7601
-315.134  183.596       2.3155
-315.134  187.238       4.2578
-315.134  190.881       4.2578
-315.134  194.523       4.2578
-315.134  198.165       4.2578
-315.134  201.808       4.2578
-315.134  205.450       4.2578
-315.134  209.093       4.2578
-315.134  212.735       4.2578
-315.134  216.377       4.2578
-315.134  220.020       4.2578
-315.134  223.662       4.2578
-315.134  227.304       4.2578
-315.134  230.947       4.2578
-315.134  234.589       4.2578
-315.134  238.231       4.2578
-315.134  241.874       4.2578
-315.134  245.516       4.2578
-315.134  249.158       4.2578
-315.134  252.801       4.2578
-315.134  256.443       4.2578
-315.134  260.086       4.2578
-315.134  263.728       4.2578
-315.134  267.370       4.2578
-315.134  271.013       4.2578
-310.995  -89.581       4.2578
-310.995  -85.939       4.2578
-310.995  -82.296       4.2578
-310.995  -78.654       4.2578
-310.995  -75.012       3.4314
-310.995  -71.369       3.1896
-310.995  -67.727       2.4719
-310.995  -64.084       2.3155
-310.995  -60.442       2.0296
-310.995  -56.800       1.6919
-310.995  -53.157       1.2550
-310.995  -49.515       1.1822
-310.995  -45.873       1.4556
-310.995  -42.230       1.8797
-310.995  -38.588       2.0018
-310.995  -34.946       2.0892
-310.995  -31.303       1.6307
-310.995  -27.661       1.7974
-310.995  -24.019       1.7784
-310.995  -20.376       1.8169
-310.995  -16.734       1.5006
-310.995  -13.091       1.5367
-310.995   -9.449       1.7601
-310.995   -5.807       1.4890
-310.995   -2.164       2.0892
-310.995    1.478       2.2301
-310.995    5.120       1.9256
-310.995    8.763       1.9022
-310.995   12.405       2.1215
-310.995   16.047       1.8580
-310.995   19.690       1.8580
-310.995   23.332       1.6307
-310.995   26.975       1.6307
-310.995   30.617       1.5244
-310.995   34.259       1.2950
-310.995   37.902       1.2787
-310.995   41.544       1.3118
-310.995   45.186       1.4239
-310.995   48.829       1.7974
-310.995   52.471       1.7974
-310.995   56.113       1.5006
-310.995   59.756       1.7423
-310.995   63.398       1.5752
-310.995   67.040       1.2550
-310.995   70.683       0.9757
-310.995   74.325       0.9614
-310.995   77.968       1.2175
-310.995   81.610       1.4137
-310.995   85.252       1.4343
-310.995   88.895       1.6919
-310.995   92.537       1.6454
-310.995   96.179       1.7784
-310.995   99.822       1.6023
-310.995  103.464       1.5886
-310.995  107.106       1.7082
-310.995  110.749       1.6760
-310.995  114.391       1.2175
-310.995  118.034       1.3204
-310.995  121.676       1.2175
-310.995  125.318       1.3469
-310.995  128.961       1.0644
-310.995  132.603       1.2628
-310.995  136.245       1.9022
-310.995  139.888       2.1917
-310.995  143.530       2.6049
-310.995  147.172       2.3155
-310.995  150.815       1.7082
-310.995  154.457       1.9753
-310.995  158.099       1.9256
-310.995  161.742       2.0296
-310.995  165.384       1.7784
-310.995  169.027       1.6919
-310.995  172.669       1.4776
-310.995  176.311       1.6605
-310.995  179.954       1.7974
-310.995  183.596       1.9256
-310.995  187.238       2.7764
-310.995  190.881       4.2578
-310.995  194.523       3.8446
-310.995  198.165       4.2578
-310.995  201.808       4.2578
-310.995  205.450       4.2578
-310.995  209.093       4.2578
-310.995  212.735       4.2578
-310.995  216.377       4.2578
-310.995  220.020       4.2578
-310.995  223.662       4.2578
-310.995  227.304       4.2578
-310.995  230.947       4.2578
-310.995  234.589       4.2578
-310.995  238.231       4.2578
-310.995  241.874       4.2578
-310.995  245.516       4.2578
-310.995  249.158       4.2578
-310.995  252.801       4.2578
-310.995  256.443       4.2578
-310.995  260.086       4.2578
-310.995  263.728       4.2578
-310.995  267.370       4.2578
-310.995  271.013       4.2578
-306.855  -89.581       4.2578
-306.855  -85.939       4.2578
-306.855  -82.296       4.2578
-306.855  -78.654       4.2578
-306.855  -75.012       3.1896
-306.855  -71.369       2.1917
-306.855  -67.727       2.1215
-306.855  -64.084       2.1555
-306.855  -60.442       1.5752
-306.855  -56.800       1.3938
-306.855  -53.157       1.1960
-306.855  -49.515       1.3379
-306.855  -45.873       1.1620
-306.855  -42.230       1.5752
-306.855  -38.588       1.5124
-306.855  -34.946       1.5621
-306.855  -31.303       1.5752
-306.855  -27.661       1.5886
-306.855  -24.019       2.2301
-306.855  -20.376       1.7974
-306.855  -16.734       1.7250
-306.855  -13.091       1.7784
-306.855   -9.449       1.7974
-306.855   -5.807       1.6163
-306.855   -2.164       1.7423
-306.855    1.478       1.9256
-306.855    5.120       2.0586
-306.855    8.763       2.1555
-306.855   12.405       2.4150
-306.855   16.047       2.6845
-306.855   19.690       2.3155
-306.855   23.332       2.4150
-306.855   26.975       1.7784
-306.855   30.617       1.6605
-306.855   34.259       2.0586
-306.855   37.902       1.9022
-306.855   41.544       1.6760
-306.855   45.186       1.6307
-306.855   48.829       1.9753
-306.855   52.471       2.0892
-306.855   56.113       2.2301
-306.855   59.756       1.9256
-306.855   63.398       1.9499
-306.855   67.040       1.6605
-306.855   70.683       1.5752
-306.855   74.325       1.2787
-306.855   77.968       1.3560
-306.855   81.610       1.4665
-306.855   85.252       1.5006
-306.855   88.895       1.3841
-306.855   92.537       1.5124
-306.855   96.179       1.2102
-306.855   99.822       1.1297
-306.855  103.464       1.1754
-306.855  107.106       1.3652
-306.855  110.749       1.4239
-306.855  114.391       1.2248
-306.855  118.034       1.2473
-306.855  121.676       1.1960
-306.855  125.318       1.4137
-306.855  128.961       1.3560
-306.855  132.603       1.2950
-306.855  136.245       1.3379
-306.855  139.888       1.4665
-306.855  143.530       2.4150
-306.855  147.172       2.0018
-306.855  150.815       2.3632
-306.855  154.457       2.3155
-306.855  158.099       1.9022
-306.855  161.742       1.9753
-306.855  165.384       1.7423
-306.855  169.027       1.4037
-306.855  172.669       1.4556
-306.855  176.311       1.5493
-306.855  179.954       1.4776
-306.855  183.596       1.7423
-306.855  187.238       1.7423
-306.855  190.881       2.1215
-306.855  194.523       2.1555
-306.855  198.165       2.5347
-306.855  201.808       3.8446
-306.855  205.450       4.2578
-306.855  209.093       4.2578
-306.855  212.735       4.2578
-306.855  216.377       4.2578
-306.855  220.020       4.2578
-306.855  223.662       4.2578
-306.855  227.304       4.2578
-306.855  230.947       4.2578
-306.855  234.589       4.2578
-306.855  238.231       4.2578
-306.855  241.874       4.2578
-306.855  245.516       4.2578
-306.855  249.158       4.2578
-306.855  252.801       4.2578
-306.855  256.443       4.2578
-306.855  260.086       4.2578
-306.855  263.728       4.2578
-306.855  267.370       4.2578
-306.855  271.013       4.2578
-302.715  -89.581       4.2578
-302.715  -85.939       4.2578
-302.715  -82.296       4.2578
-302.715  -78.654       3.8446
-302.715  -75.012       2.4719
-302.715  -71.369       1.9499
-302.715  -67.727       1.7974
-302.715  -64.084       2.0586
-302.715  -60.442       1.6919
-302.715  -56.800       1.3204
-302.715  -53.157       1.2473
-302.715  -49.515       1.2248
-302.715  -45.873       1.4556
-302.715  -42.230       1.5621
-302.715  -38.588       1.6163
-302.715  -34.946       1.5752
-302.715  -31.303       1.4665
-302.715  -27.661       1.8371
-302.715  -24.019       2.4719
-302.715  -20.376       2.6845
-302.715  -16.734       2.4150
-302.715  -13.091       2.8851
-302.715   -9.449       2.2713
-302.715   -5.807       1.9753
-302.715   -2.164       1.9753
-302.715    1.478       2.6049
-302.715    5.120       3.1896
-302.715    8.763       2.8851
-302.715   12.405       2.3632
-302.715   16.047       2.6049
-302.715   19.690       2.7764
-302.715   23.332       2.5347
-302.715   26.975       2.6049
-302.715   30.617       2.1215
-302.715   34.259       2.1917
-302.715   37.902       2.0018
-302.715   41.544       1.9256
-302.715   45.186       1.7601
-302.715   48.829       1.9022
-302.715   52.471       2.1215
-302.715   56.113       2.4719
-302.715   59.756       2.1917
-302.715   63.398       1.9753
-302.715   67.040       1.7974
-302.715   70.683       1.7601
-302.715   74.325       1.8169
-302.715   77.968       2.0018
-302.715   81.610       1.8580
-302.715   85.252       2.2301
-302.715   88.895       1.6454
-302.715   92.537       1.2397
-302.715   96.179       1.3204
-302.715   99.822       1.3841
-302.715  103.464       1.1360
-302.715  107.106       1.1051
-302.715  110.749       0.9954
-302.715  114.391       1.1686
-302.715  118.034       1.1891
-302.715  121.676       1.2787
-302.715  125.318       1.2473
-302.715  128.961       1.5493
-302.715  132.603       1.9256
-302.715  136.245       1.6919
-302.715  139.888       1.2175
-302.715  143.530       1.4556
-302.715  147.172       1.7423
-302.715  150.815       1.6454
-302.715  154.457       2.5347
-302.715  158.099       2.0892
-302.715  161.742       1.5886
-302.715  165.384       1.5886
-302.715  169.027       1.3560
-302.715  172.669       1.3560
-302.715  176.311       1.2248
-302.715  179.954       1.6307
-302.715  183.596       1.5124
-302.715  187.238       1.4239
-302.715  190.881       1.5752
-302.715  194.523       1.5621
-302.715  198.165       1.4665
-302.715  201.808       1.9753
-302.715  205.450       3.8446
-302.715  209.093       4.2578
-302.715  212.735       4.2578
-302.715  216.377       4.2578
-302.715  220.020       4.2578
-302.715  223.662       4.2578
-302.715  227.304       4.2578
-302.715  230.947       4.2578
-302.715  234.589       4.2578
-302.715  238.231       4.2578
-302.715  241.874       4.2578
-302.715  245.516       4.2578
-302.715  249.158       4.2578
-302.715  252.801       4.2578
-302.715  256.443       4.2578
-302.715  260.086       4.2578
-302.715  263.728       4.2578
-302.715  267.370       4.2578
-302.715  271.013       4.2578
-298.576  -89.581       4.2578
-298.576  -85.939       4.2578
-298.576  -82.296       4.2578
-298.576  -78.654       2.6049
-298.576  -75.012       2.0892
-298.576  -71.369       1.6023
-298.576  -67.727       1.7250
-298.576  -64.084       1.7974
-298.576  -60.442       1.8169
-298.576  -56.800       1.3379
-298.576  -53.157       1.3118
-298.576  -49.515       1.1620
-298.576  -45.873       1.7423
-298.576  -42.230       1.6919
-298.576  -38.588       1.9499
-298.576  -34.946       1.8371
-298.576  -31.303       1.9022
-298.576  -27.661       2.4719
-298.576  -24.019       2.8851
-298.576  -20.376       2.5347
-298.576  -16.734       2.6049
-298.576  -13.091       2.4719
-298.576   -9.449       2.3632
-298.576   -5.807       2.7764
-298.576   -2.164       2.4150
-298.576    1.478       2.4719
-298.576    5.120       2.6049
-298.576    8.763       2.2713
-298.576   12.405       2.5347
-298.576   16.047       3.8446
-298.576   19.690       3.4314
-298.576   23.332       3.1896
-298.576   26.975       3.4314
-298.576   30.617       2.7764
-298.576   34.259       2.6845
-298.576   37.902       2.6845
-298.576   41.544       2.4719
-298.576   45.186       3.1896
-298.576   48.829       2.2301
-298.576   52.471       2.0892
-298.576   56.113       1.9753
-298.576   59.756       1.8371
-298.576   63.398       1.9499
-298.576   67.040       3.0181
-298.576   70.683       3.0181
-298.576   74.325       2.6049
-298.576   77.968       2.1555
-298.576   81.610       1.9022
-298.576   85.252       2.0018
-298.576   88.895       1.4556
-298.576   92.537       1.3652
-298.576   96.179       1.3291
-298.576   99.822       1.6163
-298.576  103.464       1.3204
-298.576  107.106       1.0316
-298.576  110.749       0.9291
-298.576  114.391       0.8986
-298.576  118.034       0.8495
-298.576  121.676       0.8943
-298.576  125.318       1.1360
-298.576  128.961       1.4665
-298.576  132.603       2.1917
-298.576  136.245       1.9256
-298.576  139.888       1.5621
-298.576  143.530       1.0873
-298.576  147.172       1.3841
-298.576  150.815       1.6023
-298.576  154.457       1.6023
-298.576  158.099       2.0892
-298.576  161.742       2.0296
-298.576  165.384       2.0018
-298.576  169.027       1.6307
-298.576  172.669       1.5244
-298.576  176.311       1.4343
-298.576  179.954       1.6919
-298.576  183.596       1.9256
-298.576  187.238       1.5886
-298.576  190.881       1.5886
-298.576  194.523       1.5124
-298.576  198.165       1.2628
-298.576  201.808       1.3938
-298.576  205.450       1.9499
-298.576  209.093       2.3632
-298.576  212.735       3.4314
-298.576  216.377       4.2578
-298.576  220.020       4.2578
-298.576  223.662       4.2578
-298.576  227.304       4.2578
-298.576  230.947       4.2578
-298.576  234.589       4.2578
-298.576  238.231       4.2578
-298.576  241.874       4.2578
-298.576  245.516       4.2578
-298.576  249.158       4.2578
-298.576  252.801       4.2578
-298.576  256.443       4.2578
-298.576  260.086       4.2578
-298.576  263.728       4.2578
-298.576  267.370       4.2578
-298.576  271.013       4.2578
-294.436  -89.581       4.2578
-294.436  -85.939       4.2578
-294.436  -82.296       3.4314
-294.436  -78.654       2.1917
-294.436  -75.012       1.7974
-294.436  -71.369       2.0586
-294.436  -67.727       2.0018
-294.436  -64.084       2.0018
-294.436  -60.442       1.9256
-294.436  -56.800       1.6023
-294.436  -53.157       1.5367
-294.436  -49.515       1.4448
-294.436  -45.873       1.7601
-294.436  -42.230       1.8169
-294.436  -38.588       1.7601
-294.436  -34.946       1.7601
-294.436  -31.303       2.2713
-294.436  -27.661       2.0892
-294.436  -24.019       2.8851
-294.436  -20.376       2.4719
-294.436  -16.734       2.5347
-294.436  -13.091       2.5347
-294.436   -9.449       2.4719
-294.436   -5.807       3.1896
-294.436   -2.164       2.6845
-294.436    1.478       2.5347
-294.436    5.120       2.8851
-294.436    8.763       2.6049
-294.436   12.405       3.4314
-294.436   16.047       3.8446
-294.436   19.690       4.2578
-294.436   23.332       4.2578
-294.436   26.975       4.2578
-294.436   30.617       4.2578
-294.436   34.259       4.2578
-294.436   37.902       3.4314
-294.436   41.544       3.0181
-294.436   45.186       3.8446
-294.436   48.829       2.4150
-294.436   52.471       2.2713
-294.436   56.113       2.0586
-294.436   59.756       2.2713
-294.436   63.398       2.8851
-294.436   67.040       3.1896
-294.436   70.683       2.6049
-294.436   74.325       2.7764
-294.436   77.968       2.0586
-294.436   81.610       1.7974
-294.436   85.252       1.6919
-294.436   88.895       1.3118
-294.436   92.537       1.2950
-294.436   96.179       1.2322
-294.436   99.822       1.7082
-294.436  103.464       1.7423
-294.436  107.106       1.6605
-294.436  110.749       1.4890
-294.436  114.391       1.2397
-294.436  118.034       0.9709
-294.436  121.676       0.7072
-294.436  125.318       0.6568
-294.436  128.961       1.0210
-294.436  132.603       1.4343
-294.436  136.245       1.7250
-294.436  139.888       1.9256
-294.436  143.530       1.7082
-294.436  147.172       1.6163
-294.436  150.815       1.2031
-294.436  154.457       1.4137
-294.436  158.099       1.9256
-294.436  161.742       1.7601
-294.436  165.384       1.6307
-294.436  169.027       1.9256
-294.436  172.669       1.9022
-294.436  176.311       1.9256
-294.436  179.954       2.0018
-294.436  183.596       1.8371
-294.436  187.238       1.9022
-294.436  190.881       1.6760
-294.436  194.523       1.6307
-294.436  198.165       1.9256
-294.436  201.808       1.7974
-294.436  205.450       1.5752
-294.436  209.093       1.8169
-294.436  212.735       3.0181
-294.436  216.377       4.2578
-294.436  220.020       4.2578
-294.436  223.662       4.2578
-294.436  227.304       4.2578
-294.436  230.947       4.2578
-294.436  234.589       4.2578
-294.436  238.231       4.2578
-294.436  241.874       4.2578
-294.436  245.516       4.2578
-294.436  249.158       4.2578
-294.436  252.801       4.2578
-294.436  256.443       4.2578
-294.436  260.086       4.2578
-294.436  263.728       4.2578
-294.436  267.370       4.2578
-294.436  271.013       4.2578
-290.297  -89.581       4.2578
-290.297  -85.939       3.8446
-290.297  -82.296       3.1896
-290.297  -78.654       2.0586
-290.297  -75.012       1.9022
-290.297  -71.369       2.1215
-290.297  -67.727       2.0586
-290.297  -64.084       2.2301
-290.297  -60.442       1.9753
-290.297  -56.800       1.6023
-290.297  -53.157       1.3033
-290.297  -49.515       1.6454
-290.297  -45.873       2.2713
-290.297  -42.230       2.2301
-290.297  -38.588       2.0586
-290.297  -34.946       1.7250
-290.297  -31.303       1.9499
-290.297  -27.661       2.1917
-290.297  -24.019       2.2713
-290.297  -20.376       2.1917
-290.297  -16.734       2.1215
-290.297  -13.091       2.4719
-290.297   -9.449       2.6049
-290.297   -5.807       2.3632
-290.297   -2.164       2.2301
-290.297    1.478       2.1555
-290.297    5.120       2.2301
-290.297    8.763       2.6845
-290.297   12.405       3.4314
-290.297   16.047       4.2578
-290.297   19.690       4.2578
-290.297   23.332       4.2578
-290.297   26.975       4.2578
-290.297   30.617       4.2578
-290.297   34.259       4.2578
-290.297   37.902       4.2578
-290.297   41.544       4.2578
-290.297   45.186       4.2578
-290.297   48.829       3.1896
-290.297   52.471       2.6845
-290.297   56.113       2.5347
-290.297   59.756       3.8446
-290.297   63.398       2.6049
-290.297   67.040       2.6845
-290.297   70.683       2.5347
-290.297   74.325       3.4314
-290.297   77.968       2.7764
-290.297   81.610       2.0018
-290.297   85.252       1.7784
-290.297   88.895       1.5493
-290.297   92.537       1.5006
-290.297   96.179       1.7082
-290.297   99.822       1.7082
-290.297  103.464       1.6454
-290.297  107.106       1.4343
-290.297  110.749       1.8169
-290.297  114.391       1.4890
-290.297  118.034       1.5621
-290.297  121.676       1.3560
-290.297  125.318       1.0369
-290.297  128.961       0.7165
-290.297  132.603       0.7934
-290.297  136.245       1.0873
-290.297  139.888       1.4239
-290.297  143.530       1.9256
-290.297  147.172       1.8371
-290.297  150.815       1.1489
-290.297  154.457       0.9757
-290.297  158.099       1.1686
-290.297  161.742       1.3469
-290.297  165.384       1.4776
-290.297  169.027       1.7082
-290.297  172.669       1.7082
-290.297  176.311       2.0018
-290.297  179.954       2.0892
-290.297  183.596       1.5886
-290.297  187.238       1.9022
-290.297  190.881       1.4890
-290.297  194.523       1.7784
-290.297  198.165       1.6760
-290.297  201.808       2.1215
-290.297  205.450       1.7423
-290.297  209.093       1.4239
-290.297  212.735       1.8371
-290.297  216.377       2.7764
-290.297  220.020       4.2578
-290.297  223.662       4.2578
-290.297  227.304       4.2578
-290.297  230.947       4.2578
-290.297  234.589       4.2578
-290.297  238.231       4.2578
-290.297  241.874       4.2578
-290.297  245.516       4.2578
-290.297  249.158       4.2578
-290.297  252.801       4.2578
-290.297  256.443       4.2578
-290.297  260.086       4.2578
-290.297  263.728       4.2578
-290.297  267.370       4.2578
-290.297  271.013       4.2578
-286.157  -89.581       4.2578
-286.157  -85.939       4.2578
-286.157  -82.296       4.2578
-286.157  -78.654       3.1896
-286.157  -75.012       2.3632
-286.157  -71.369       2.0586
-286.157  -67.727       2.4150
-286.157  -64.084       2.3155
-286.157  -60.442       1.6760
-286.157  -56.800       1.7082
-286.157  -53.157       1.4448
-286.157  -49.515       1.9753
-286.157  -45.873       2.3155
-286.157  -42.230       1.9499
-286.157  -38.588       1.6023
-286.157  -34.946       1.6307
-286.157  -31.303       1.9499
-286.157  -27.661       2.0296
-286.157  -24.019       2.0586
-286.157  -20.376       1.6163
-286.157  -16.734       2.5347
-286.157  -13.091       2.8851
-286.157   -9.449       1.7423
-286.157   -5.807       2.0018
-286.157   -2.164       2.6845
-286.157    1.478       2.1917
-286.157    5.120       2.0296
-286.157    8.763       2.4150
-286.157   12.405       3.0181
-286.157   16.047       4.2578
-286.157   19.690       4.2578
-286.157   23.332       4.2578
-286.157   26.975       4.2578
-286.157   30.617       4.2578
-286.157   34.259       4.2578
-286.157   37.902       4.2578
-286.157   41.544       4.2578
-286.157   45.186       4.2578
-286.157   48.829       4.2578
-286.157   52.471       4.2578
-286.157   56.113       4.2578
-286.157   59.756       4.2578
-286.157   63.398       4.2578
-286.157   67.040       3.4314
-286.157   70.683       2.8851
-286.157   74.325       3.8446
-286.157   77.968       3.1896
-286.157   81.610       3.0181
-286.157   85.252       2.6845
-286.157   88.895       2.2713
-286.157   92.537       1.7423
-286.157   96.179       2.0018
-286.157   99.822       2.2301
-286.157  103.464       1.7974
-286.157  107.106       1.5752
-286.157  110.749       1.1891
-286.157  114.391       1.2397
-286.157  118.034       1.1489
-286.157  121.676       1.3652
-286.157  125.318       1.2175
-286.157  128.961       1.1754
-286.157  132.603       1.2397
-286.157  136.245       1.2473
-286.157  139.888       1.3938
-286.157  143.530       1.9753
-286.157  147.172       1.9022
-286.157  150.815       1.7601
-286.157  154.457       1.2322
-286.157  158.099       0.8614
-286.157  161.742       1.0158
-286.157  165.384       1.1112
-286.157  169.027       1.3841
-286.157  172.669       1.4448
-286.157  176.311       1.7082
-286.157  179.954       1.6605
-286.157  183.596       2.1215
-286.157  187.238       1.7784
-286.157  190.881       1.4665
-286.157  194.523       1.5124
-286.157  198.165       1.7423
-286.157  201.808       2.3632
-286.157  205.450       2.1917
-286.157  209.093       1.5124
-286.157  212.735       1.2031
-286.157  216.377       1.6023
-286.157  220.020       2.4719
-286.157  223.662       2.8851
-286.157  227.304       4.2578
-286.157  230.947       4.2578
-286.157  234.589       4.2578
-286.157  238.231       4.2578
-286.157  241.874       4.2578
-286.157  245.516       4.2578
-286.157  249.158       4.2578
-286.157  252.801       4.2578
-286.157  256.443       4.2578
-286.157  260.086       4.2578
-286.157  263.728       4.2578
-286.157  267.370       4.2578
-286.157  271.013       4.2578
-282.018  -89.581       4.2578
-282.018  -85.939       4.2578
-282.018  -82.296       4.2578
-282.018  -78.654       2.8851
-282.018  -75.012       2.1215
-282.018  -71.369       2.2301
-282.018  -67.727       2.3632
-282.018  -64.084       2.1917
-282.018  -60.442       1.7423
-282.018  -56.800       1.7082
-282.018  -53.157       1.7974
-282.018  -49.515       2.2301
-282.018  -45.873       2.0296
-282.018  -42.230       2.1917
-282.018  -38.588       2.1917
-282.018  -34.946       2.0296
-282.018  -31.303       2.0892
-282.018  -27.661       2.1215
-282.018  -24.019       2.1555
-282.018  -20.376       1.8797
-282.018  -16.734       2.0018
-282.018  -13.091       2.8851
-282.018   -9.449       2.3155
-282.018   -5.807       2.7764
-282.018   -2.164       2.6049
-282.018    1.478       3.4314
-282.018    5.120       2.7764
-282.018    8.763       3.1896
-282.018   12.405       3.1896
-282.018   16.047       4.2578
-282.018   19.690       4.2578
-282.018   23.332       4.2578
-282.018   26.975       4.2578
-282.018   30.617       4.2578
-282.018   34.259       4.2578
-282.018   37.902       4.2578
-282.018   41.544       4.2578
-282.018   45.186       4.2578
-282.018   48.829       4.2578
-282.018   52.471       4.2578
-282.018   56.113       4.2578
-282.018   59.756       4.2578
-282.018   63.398       4.2578
-282.018   67.040       3.4314
-282.018   70.683       4.2578
-282.018   74.325       3.8446
-282.018   77.968       3.8446
-282.018   81.610       2.8851
-282.018   85.252       2.6845
-282.018   88.895       2.6049
-282.018   92.537       2.2301
-282.018   96.179       2.1215
-282.018   99.822       1.8797
-282.018  103.464       1.5752
-282.018  107.106       1.6163
-282.018  110.749       1.3291
-282.018  114.391       1.3204
-282.018  118.034       1.5621
-282.018  121.676       1.7784
-282.018  125.318       1.5244
-282.018  128.961       1.0992
-282.018  132.603       1.2868
-282.018  136.245       1.6307
-282.018  139.888       1.9753
-282.018  143.530       2.0892
-282.018  147.172       2.1215
-282.018  150.815       2.3632
-282.018  154.457       1.8371
-282.018  158.099       1.3746
-282.018  161.742       1.1360
-282.018  165.384       1.2550
-282.018  169.027       1.2550
-282.018  172.669       1.3118
-282.018  176.311       1.4239
-282.018  179.954       1.5886
-282.018  183.596       1.7423
-282.018  187.238       2.1555
-282.018  190.881       1.8797
-282.018  194.523       1.6307
-282.018  198.165       1.9499
-282.018  201.808       2.7764
-282.018  205.450       1.8169
-282.018  209.093       1.9499
-282.018  212.735       1.5752
-282.018  216.377       1.0992
-282.018  220.020       1.5006
-282.018  223.662       1.9753
-282.018  227.304       2.8851
-282.018  230.947       4.2578
-282.018  234.589       4.2578
-282.018  238.231       4.2578
-282.018  241.874       4.2578
-282.018  245.516       4.2578
-282.018  249.158       4.2578
-282.018  252.801       4.2578
-282.018  256.443       4.2578
-282.018  260.086       4.2578
-282.018  263.728       4.2578
-282.018  267.370       4.2578
-282.018  271.013       4.2578
-277.878  -89.581       4.2578
-277.878  -85.939       4.2578
-277.878  -82.296       4.2578
-277.878  -78.654       3.4314
-277.878  -75.012       2.0892
-277.878  -71.369       2.5347
-277.878  -67.727       1.9256
-277.878  -64.084       1.5367
-277.878  -60.442       1.4890
-277.878  -56.800       1.2787
-277.878  -53.157       1.7423
-277.878  -49.515       1.7601
-277.878  -45.873       2.6845
-277.878  -42.230       3.4314
-277.878  -38.588       2.6049
-277.878  -34.946       3.0181
-277.878  -31.303       2.6049
-277.878  -27.661       2.4719
-277.878  -24.019       2.3155
-277.878  -20.376       1.7974
-277.878  -16.734       1.8169
-277.878  -13.091       2.6049
-277.878   -9.449       4.2578
-277.878   -5.807       4.2578
-277.878   -2.164       4.2578
-277.878    1.478       3.8446
-277.878    5.120       4.2578
-277.878    8.763       4.2578
-277.878   12.405       4.2578
-277.878   16.047       4.2578
-277.878   19.690       4.2578
-277.878   23.332       4.2578
-277.878   26.975       4.2578
-277.878   30.617       4.2578
-277.878   34.259       4.2578
-277.878   37.902       4.2578
-277.878   41.544       4.2578
-277.878   45.186       4.2578
-277.878   48.829       4.2578
-277.878   52.471       4.2578
-277.878   56.113       4.2578
-277.878   59.756       4.2578
-277.878   63.398       4.2578
-277.878   67.040       4.2578
-277.878   70.683       4.2578
-277.878   74.325       4.2578
-277.878   77.968       4.2578
-277.878   81.610       3.4314
-277.878   85.252       3.4314
-277.878   88.895       3.4314
-277.878   92.537       2.8851
-277.878   96.179       2.4719
-277.878   99.822       2.0586
-277.878  103.464       1.7974
-277.878  107.106       1.6163
-277.878  110.749       2.0586
-277.878  114.391       1.7974
-277.878  118.034       1.7974
-277.878  121.676       1.8580
-277.878  125.318       1.6307
-277.878  128.961       1.8580
-277.878  132.603       1.3652
-277.878  136.245       1.3118
-277.878  139.888       1.6919
-277.878  143.530       2.0296
-277.878  147.172       2.1917
-277.878  150.815       2.0586
-277.878  154.457       1.9499
-277.878  158.099       1.7784
-277.878  161.742       1.2031
-277.878  165.384       1.1360
-277.878  169.027       1.1686
-277.878  172.669       1.6454
-277.878  176.311       1.4343
-277.878  179.954       1.6760
-277.878  183.596       1.9499
-277.878  187.238       2.1215
-277.878  190.881       2.2301
-277.878  194.523       2.6845
-277.878  198.165       2.1555
-277.878  201.808       2.4719
-277.878  205.450       2.5347
-277.878  209.093       1.9022
-277.878  212.735       2.1917
-277.878  216.377       1.5367
-277.878  220.020       1.3033
-277.878  223.662       1.6454
-277.878  227.304       2.5347
-277.878  230.947       3.8446
-277.878  234.589       4.2578
-277.878  238.231       4.2578
-277.878  241.874       4.2578
-277.878  245.516       4.2578
-277.878  249.158       4.2578
-277.878  252.801       4.2578
-277.878  256.443       4.2578
-277.878  260.086       4.2578
-277.878  263.728       4.2578
-277.878  267.370       4.2578
-277.878  271.013       4.2578
-273.739  -89.581       3.8446
-273.739  -85.939       4.2578
-273.739  -82.296       4.2578
-273.739  -78.654       3.8446
-273.739  -75.012       3.0181
-273.739  -71.369       2.0018
-273.739  -67.727       1.9256
-273.739  -64.084       1.7974
-273.739  -60.442       2.3155
-273.739  -56.800       2.1917
-273.739  -53.157       1.9753
-273.739  -49.515       2.6845
-273.739  -45.873       2.5347
-273.739  -42.230       4.2578
-273.739  -38.588       3.4314
-273.739  -34.946       3.8446
-273.739  -31.303       3.1896
-273.739  -27.661       2.0586
-273.739  -24.019       2.1917
-273.739  -20.376       1.9753
-273.739  -16.734       1.8580
-273.739  -13.091       2.8851
-273.739   -9.449       3.8446
-273.739   -5.807       3.8446
-273.739   -2.164       4.2578
-273.739    1.478       4.2578
-273.739    5.120       4.2578
-273.739    8.763       4.2578
-273.739   12.405       4.2578
-273.739   16.047       4.2578
-273.739   19.690       4.2578
-273.739   23.332       4.2578
-273.739   26.975       4.2578
-273.739   30.617       4.2578
-273.739   34.259       4.2578
-273.739   37.902       4.2578
-273.739   41.544       4.2578
-273.739   45.186       4.2578
-273.739   48.829       4.2578
-273.739   52.471       4.2578
-273.739   56.113       4.2578
-273.739   59.756       4.2578
-273.739   63.398       4.2578
-273.739   67.040       4.2578
-273.739   70.683       4.2578
-273.739   74.325       4.2578
-273.739   77.968       4.2578
-273.739   81.610       4.2578
-273.739   85.252       4.2578
-273.739   88.895       4.2578
-273.739   92.537       2.8851
-273.739   96.179       2.3155
-273.739   99.822       2.1215
-273.739  103.464       1.7423
-273.739  107.106       1.6605
-273.739  110.749       2.0018
-273.739  114.391       2.1555
-273.739  118.034       2.2301
-273.739  121.676       2.0586
-273.739  125.318       1.8797
-273.739  128.961       1.6605
-273.739  132.603       1.5886
-273.739  136.245       1.4776
-273.739  139.888       1.4890
-273.739  143.530       1.8797
-273.739  147.172       2.0296
-273.739  150.815       1.9022
-273.739  154.457       2.1215
-273.739  158.099       2.0586
-273.739  161.742       1.4776
-273.739  165.384       1.2787
-273.739  169.027       1.5493
-273.739  172.669       1.8797
-273.739  176.311       1.6919
-273.739  179.954       1.6919
-273.739  183.596       1.7784
-273.739  187.238       2.0892
-273.739  190.881       2.6845
-273.739  194.523       2.6049
-273.739  198.165       3.8446
-273.739  201.808       3.1896
-273.739  205.450       4.2578
-273.739  209.093       4.2578
-273.739  212.735       2.1917
-273.739  216.377       2.0892
-273.739  220.020       1.3291
-273.739  223.662       1.5006
-273.739  227.304       2.0586
-273.739  230.947       3.0181
-273.739  234.589       4.2578
-273.739  238.231       4.2578
-273.739  241.874       4.2578
-273.739  245.516       4.2578
-273.739  249.158       4.2578
-273.739  252.801       4.2578
-273.739  256.443       4.2578
-273.739  260.086       4.2578
-273.739  263.728       4.2578
-273.739  267.370       4.2578
-273.739  271.013       4.2578
-269.599  -89.581       3.0181
-269.599  -85.939       2.7764
-269.599  -82.296       3.0181
-269.599  -78.654       2.8851
-269.599  -75.012       3.8446
-269.599  -71.369       2.8851
-269.599  -67.727       2.0586
-269.599  -64.084       2.4719
-269.599  -60.442       2.7764
-269.599  -56.800       2.4150
-269.599  -53.157       2.2301
-269.599  -49.515       2.8851
-269.599  -45.873       2.8851
-269.599  -42.230       3.8446
-269.599  -38.588       3.8446
-269.599  -34.946       3.8446
-269.599  -31.303       3.8446
-269.599  -27.661       2.2301
-269.599  -24.019       2.3155
-269.599  -20.376       2.4719
-269.599  -16.734       2.8851
-269.599  -13.091       3.1896
-269.599   -9.449       2.4719
-269.599   -5.807       3.8446
-269.599   -2.164       4.2578
-269.599    1.478       4.2578
-269.599    5.120       4.2578
-269.599    8.763       4.2578
-269.599   12.405       4.2578
-269.599   16.047       4.2578
-269.599   19.690       4.2578
-269.599   23.332       4.2578
-269.599   26.975       4.2578
-269.599   30.617       4.2578
-269.599   34.259       4.2578
-269.599   37.902       4.2578
-269.599   41.544       4.2578
-269.599   45.186       4.2578
-269.599   48.829       4.2578
-269.599   52.471       4.2578
-269.599   56.113       4.2578
-269.599   59.756       4.2578
-269.599   63.398       4.2578
-269.599   67.040       4.2578
-269.599   70.683       4.2578
-269.599   74.325       4.2578
-269.599   77.968       4.2578
-269.599   81.610       4.2578
-269.599   85.252       4.2578
-269.599   88.895       4.2578
-269.599   92.537       3.4314
-269.599   96.179       2.5347
-269.599   99.822       2.1215
-269.599  103.464       2.0892
-269.599  107.106       1.5752
-269.599  110.749       2.1555
-269.599  114.391       2.2301
-269.599  118.034       2.1555
-269.599  121.676       2.3155
-269.599  125.318       2.0586
-269.599  128.961       1.7423
-269.599  132.603       1.7974
-269.599  136.245       1.6163
-269.599  139.888       1.5752
-269.599  143.530       1.7082
-269.599  147.172       1.7250
-269.599  150.815       2.1215
-269.599  154.457       2.4150
-269.599  158.099       2.4150
-269.599  161.742       2.4150
-269.599  165.384       1.8169
-269.599  169.027       1.7423
-269.599  172.669       1.7082
-269.599  176.311       1.8169
-269.599  179.954       2.1215
-269.599  183.596       2.4150
-269.599  187.238       3.4314
-269.599  190.881       2.8851
-269.599  194.523       4.2578
-269.599  198.165       4.2578
-269.599  201.808       4.2578
-269.599  205.450       4.2578
-269.599  209.093       4.2578
-269.599  212.735       2.6845
-269.599  216.377       1.7601
-269.599  220.020       1.4448
-269.599  223.662       1.3746
-269.599  227.304       1.8580
-269.599  230.947       2.5347
-269.599  234.589       4.2578
-269.599  238.231       4.2578
-269.599  241.874       4.2578
-269.599  245.516       4.2578
-269.599  249.158       4.2578
-269.599  252.801       4.2578
-269.599  256.443       4.2578
-269.599  260.086       4.2578
-269.599  263.728       4.2578
-269.599  267.370       4.2578
-269.599  271.013       4.2578
-265.459  -89.581       3.0181
-265.459  -85.939       2.1555
-265.459  -82.296       2.1917
-265.459  -78.654       3.4314
-265.459  -75.012       4.2578
-265.459  -71.369       3.0181
-265.459  -67.727       3.1896
-265.459  -64.084       3.0181
-265.459  -60.442       2.8851
-265.459  -56.800       3.8446
-265.459  -53.157       3.0181
-265.459  -49.515       3.4314
-265.459  -45.873       4.2578
-265.459  -42.230       4.2578
-265.459  -38.588       4.2578
-265.459  -34.946       4.2578
-265.459  -31.303       4.2578
-265.459  -27.661       4.2578
-265.459  -24.019       3.8446
-265.459  -20.376       3.8446
-265.459  -16.734       2.8851
-265.459  -13.091       3.4314
-265.459   -9.449       4.2578
-265.459   -5.807       4.2578
-265.459   -2.164       4.2578
-265.459    1.478       4.2578
-265.459    5.120       4.2578
-265.459    8.763       4.2578
-265.459   12.405       4.2578
-265.459   16.047       4.2578
-265.459   19.690       4.2578
-265.459   23.332       4.2578
-265.459   26.975       4.2578
-265.459   30.617       4.2578
-265.459   34.259       4.2578
-265.459   37.902       4.2578
-265.459   41.544       4.2578
-265.459   45.186       4.2578
-265.459   48.829       4.2578
-265.459   52.471       4.2578
-265.459   56.113       4.2578
-265.459   59.756       4.2578
-265.459   63.398       4.2578
-265.459   67.040       4.2578
-265.459   70.683       4.2578
-265.459   74.325       4.2578
-265.459   77.968       4.2578
-265.459   81.610       4.2578
-265.459   85.252       4.2578
-265.459   88.895       4.2578
-265.459   92.537       3.4314
-265.459   96.179       2.3632
-265.459   99.822       2.4150
-265.459  103.464       1.7250
-265.459  107.106       1.7423
-265.459  110.749       1.8797
-265.459  114.391       2.4150
-265.459  118.034       2.4150
-265.459  121.676       3.0181
-265.459  125.318       2.5347
-265.459  128.961       1.8169
-265.459  132.603       1.7974
-265.459  136.245       2.3155
-265.459  139.888       2.0586
-265.459  143.530       1.9499
-265.459  147.172       1.6919
-265.459  150.815       2.2301
-265.459  154.457       2.4719
-265.459  158.099       2.4719
-265.459  161.742       2.5347
-265.459  165.384       1.8797
-265.459  169.027       1.9022
-265.459  172.669       1.6919
-265.459  176.311       1.9499
-265.459  179.954       3.0181
-265.459  183.596       3.0181
-265.459  187.238       3.1896
-265.459  190.881       3.1896
-265.459  194.523       3.0181
-265.459  198.165       4.2578
-265.459  201.808       4.2578
-265.459  205.450       4.2578
-265.459  209.093       4.2578
-265.459  212.735       4.2578
-265.459  216.377       2.0586
-265.459  220.020       1.8169
-265.459  223.662       1.5124
-265.459  227.304       2.6049
-265.459  230.947       3.4314
-265.459  234.589       4.2578
-265.459  238.231       4.2578
-265.459  241.874       4.2578
-265.459  245.516       4.2578
-265.459  249.158       4.2578
-265.459  252.801       4.2578
-265.459  256.443       4.2578
-265.459  260.086       4.2578
-265.459  263.728       4.2578
-265.459  267.370       4.2578
-265.459  271.013       4.2578
-261.320  -89.581       3.1896
-261.320  -85.939       3.4314
-261.320  -82.296       4.2578
-261.320  -78.654       3.1896
-261.320  -75.012       3.8446
-261.320  -71.369       3.4314
-261.320  -67.727       4.2578
-261.320  -64.084       4.2578
-261.320  -60.442       4.2578
-261.320  -56.800       4.2578
-261.320  -53.157       4.2578
-261.320  -49.515       4.2578
-261.320  -45.873       4.2578
-261.320  -42.230       4.2578
-261.320  -38.588       4.2578
-261.320  -34.946       4.2578
-261.320  -31.303       4.2578
-261.320  -27.661       4.2578
-261.320  -24.019       4.2578
-261.320  -20.376       4.2578
-261.320  -16.734       4.2578
-261.320  -13.091       4.2578
-261.320   -9.449       4.2578
-261.320   -5.807       4.2578
-261.320   -2.164       4.2578
-261.320    1.478       4.2578
-261.320    5.120       4.2578
-261.320    8.763       4.2578
-261.320   12.405       4.2578
-261.320   16.047       4.2578
-261.320   19.690       4.2578
-261.320   23.332       4.2578
-261.320   26.975       4.2578
-261.320   30.617       4.2578
-261.320   34.259       4.2578
-261.320   37.902       4.2578
-261.320   41.544       4.2578
-261.320   45.186       4.2578
-261.320   48.829       4.2578
-261.320   52.471       4.2578
-261.320   56.113       4.2578
-261.320   59.756       4.2578
-261.320   63.398       4.2578
-261.320   67.040       3.8446
-261.320   70.683       3.8446
-261.320   74.325       4.2578
-261.320   77.968       3.1896
-261.320   81.610       4.2578
-261.320   85.252       4.2578
-261.320   88.895       4.2578
-261.320   92.537       2.8851
-261.320   96.179       2.4150
-261.320   99.822       1.9022
-261.320  103.464       1.4448
-261.320  107.106       1.4665
-261.320  110.749       1.7784
-261.320  114.391       1.7423
-261.320  118.034       1.9022
-261.320  121.676       2.7764
-261.320  125.318       3.1896
-261.320  128.961       1.9499
-261.320  132.603       1.4890
-261.320  136.245       1.7601
-261.320  139.888       1.6605
-261.320  143.530       1.4448
-261.320  147.172       1.6919
-261.320  150.815       2.0018
-261.320  154.457       1.7423
-261.320  158.099       1.8169
-261.320  161.742       2.3155
-261.320  165.384       1.7250
-261.320  169.027       2.1917
-261.320  172.669       1.9499
-261.320  176.311       2.5347
-261.320  179.954       2.4150
-261.320  183.596       2.4719
-261.320  187.238       2.2301
-261.320  190.881       2.8851
-261.320  194.523       4.2578
-261.320  198.165       4.2578
-261.320  201.808       4.2578
-261.320  205.450       4.2578
-261.320  209.093       4.2578
-261.320  212.735       4.2578
-261.320  216.377       3.0181
-261.320  220.020       2.2713
-261.320  223.662       1.8169
-261.320  227.304       2.4719
-261.320  230.947       3.8446
-261.320  234.589       4.2578
-261.320  238.231       4.2578
-261.320  241.874       4.2578
-261.320  245.516       4.2578
-261.320  249.158       4.2578
-261.320  252.801       4.2578
-261.320  256.443       4.2578
-261.320  260.086       4.2578
-261.320  263.728       4.2578
-261.320  267.370       4.2578
-261.320  271.013       4.2578
-257.180  -89.581       4.2578
-257.180  -85.939       4.2578
-257.180  -82.296       4.2578
-257.180  -78.654       3.8446
-257.180  -75.012       3.8446
-257.180  -71.369       4.2578
-257.180  -67.727       4.2578
-257.180  -64.084       4.2578
-257.180  -60.442       4.2578
-257.180  -56.800       4.2578
-257.180  -53.157       4.2578
-257.180  -49.515       4.2578
-257.180  -45.873       4.2578
-257.180  -42.230       4.2578
-257.180  -38.588       4.2578
-257.180  -34.946       4.2578
-257.180  -31.303       4.2578
-257.180  -27.661       4.2578
-257.180  -24.019       4.2578
-257.180  -20.376       4.2578
-257.180  -16.734       4.2578
-257.180  -13.091       4.2578
-257.180   -9.449       4.2578
-257.180   -5.807       4.2578
-257.180   -2.164       4.2578
-257.180    1.478       4.2578
-257.180    5.120       4.2578
-257.180    8.763       4.2578
-257.180   12.405       4.2578
-257.180   16.047       4.2578
-257.180   19.690       4.2578
-257.180   23.332       4.2578
-257.180   26.975       4.2578
-257.180   30.617       4.2578
-257.180   34.259       4.2578
-257.180   37.902       4.2578
-257.180   41.544       4.2578
-257.180   45.186       4.2578
-257.180   48.829       4.2578
-257.180   52.471       4.2578
-257.180   56.113       4.2578
-257.180   59.756       4.2578
-257.180   63.398       4.2578
-257.180   67.040       4.2578
-257.180   70.683       3.4314
-257.180   74.325       4.2578
-257.180   77.968       3.1896
-257.180   81.610       3.0181
-257.180   85.252       4.2578
-257.180   88.895       4.2578
-257.180   92.537       4.2578
-257.180   96.179       2.7764
-257.180   99.822       2.0892
-257.180  103.464       1.8371
-257.180  107.106       1.6919
-257.180  110.749       1.5244
-257.180  114.391       1.5244
-257.180  118.034       1.6605
-257.180  121.676       1.7423
-257.180  125.318       2.0586
-257.180  128.961       1.8797
-257.180  132.603       1.8580
-257.180  136.245       1.5886
-257.180  139.888       1.6163
-257.180  143.530       1.7974
-257.180  147.172       1.9256
-257.180  150.815       2.4719
-257.180  154.457       2.1917
-257.180  158.099       2.2713
-257.180  161.742       1.8580
-257.180  165.384       1.9256
-257.180  169.027       1.6919
-257.180  172.669       1.7250
-257.180  176.311       2.7764
-257.180  179.954       2.3632
-257.180  183.596       2.0018
-257.180  187.238       1.7601
-257.180  190.881       1.9499
-257.180  194.523       3.8446
-257.180  198.165       4.2578
-257.180  201.808       4.2578
-257.180  205.450       4.2578
-257.180  209.093       4.2578
-257.180  212.735       4.2578
-257.180  216.377       3.1896
-257.180  220.020       2.4150
-257.180  223.662       1.4776
-257.180  227.304       1.9753
-257.180  230.947       2.3155
-257.180  234.589       2.7764
-257.180  238.231       3.4314
-257.180  241.874       4.2578
-257.180  245.516       4.2578
-257.180  249.158       4.2578
-257.180  252.801       4.2578
-257.180  256.443       4.2578
-257.180  260.086       4.2578
-257.180  263.728       4.2578
-257.180  267.370       4.2578
-257.180  271.013       4.2578
-253.041  -89.581       4.2578
-253.041  -85.939       4.2578
-253.041  -82.296       4.2578
-253.041  -78.654       4.2578
-253.041  -75.012       4.2578
-253.041  -71.369       4.2578
-253.041  -67.727       4.2578
-253.041  -64.084       4.2578
-253.041  -60.442       4.2578
-253.041  -56.800       4.2578
-253.041  -53.157       4.2578
-253.041  -49.515       4.2578
-253.041  -45.873       4.2578
-253.041  -42.230       4.2578
-253.041  -38.588       4.2578
-253.041  -34.946       4.2578
-253.041  -31.303       4.2578
-253.041  -27.661       4.2578
-253.041  -24.019       4.2578
-253.041  -20.376       4.2578
-253.041  -16.734       4.2578
-253.041  -13.091       4.2578
-253.041   -9.449       4.2578
-253.041   -5.807       4.2578
-253.041   -2.164       4.2578
-253.041    1.478       4.2578
-253.041    5.120       4.2578
-253.041    8.763       4.2578
-253.041   12.405       4.2578
-253.041   16.047       4.2578
-253.041   19.690       4.2578
-253.041   23.332       4.2578
-253.041   26.975       4.2578
-253.041   30.617       4.2578
-253.041   34.259       4.2578
-253.041   37.902       4.2578
-253.041   41.544       4.2578
-253.041   45.186       4.2578
-253.041   48.829       4.2578
-253.041   52.471       4.2578
-253.041   56.113       4.2578
-253.041   59.756       4.2578
-253.041   63.398       4.2578
-253.041   67.040       2.6845
-253.041   70.683       2.5347
-253.041   74.325       2.6049
-253.041   77.968       3.8446
-253.041   81.610       2.6845
-253.041   85.252       3.4314
-253.041   88.895       3.8446
-253.041   92.537       3.8446
-253.041   96.179       2.8851
-253.041   99.822       2.2713
-253.041  103.464       1.7423
-253.041  107.106       1.5621
-253.041  110.749       1.4448
-253.041  114.391       1.1822
-253.041  118.034       1.1754
-253.041  121.676       1.3033
-253.041  125.318       1.6605
-253.041  128.961       1.6163
-253.041  132.603       1.7250
-253.041  136.245       1.4239
-253.041  139.888       1.5886
-253.041  143.530       2.0018
-253.041  147.172       2.7764
-253.041  150.815       3.4314
-253.041  154.457       3.0181
-253.041  158.099       2.8851
-253.041  161.742       2.2301
-253.041  165.384       1.8580
-253.041  169.027       1.5752
-253.041  172.669       1.7423
-253.041  176.311       1.9022
-253.041  179.954       2.5347
-253.041  183.596       1.8797
-253.041  187.238       1.6454
-253.041  190.881       2.0018
-253.041  194.523       2.4719
-253.041  198.165       3.4314
-253.041  201.808       4.2578
-253.041  205.450       4.2578
-253.041  209.093       3.4314
-253.041  212.735       2.4719
-253.041  216.377       1.9753
-253.041  220.020       1.0873
-253.041  223.662       1.2031
-253.041  227.304       1.0005
-253.041  230.947       1.3746
-253.041  234.589       1.8371
-253.041  238.231       2.8851
-253.041  241.874       3.8446
-253.041  245.516       4.2578
-253.041  249.158       4.2578
-253.041  252.801       4.2578
-253.041  256.443       4.2578
-253.041  260.086       4.2578
-253.041  263.728       4.2578
-253.041  267.370       4.2578
-253.041  271.013       4.2578
-248.901  -89.581       4.2578
-248.901  -85.939       4.2578
-248.901  -82.296       4.2578
-248.901  -78.654       4.2578
-248.901  -75.012       4.2578
-248.901  -71.369       4.2578
-248.901  -67.727       4.2578
-248.901  -64.084       4.2578
-248.901  -60.442       4.2578
-248.901  -56.800       4.2578
-248.901  -53.157       4.2578
-248.901  -49.515       4.2578
-248.901  -45.873       4.2578
-248.901  -42.230       4.2578
-248.901  -38.588       4.2578
-248.901  -34.946       4.2578
-248.901  -31.303       4.2578
-248.901  -27.661       4.2578
-248.901  -24.019       4.2578
-248.901  -20.376       4.2578
-248.901  -16.734       4.2578
-248.901  -13.091       4.2578
-248.901   -9.449       4.2578
-248.901   -5.807       4.2578
-248.901   -2.164       4.2578
-248.901    1.478       4.2578
-248.901    5.120       4.2578
-248.901    8.763       4.2578
-248.901   12.405       4.2578
-248.901   16.047       4.2578
-248.901   19.690       4.2578
-248.901   23.332       4.2578
-248.901   26.975       4.2578
-248.901   30.617       4.2578
-248.901   34.259       4.2578
-248.901   37.902       4.2578
-248.901   41.544       4.2578
-248.901   45.186       4.2578
-248.901   48.829       4.2578
-248.901   52.471       4.2578
-248.901   56.113       4.2578
-248.901   59.756       4.2578
-248.901   63.398       4.2578
-248.901   67.040       2.6845
-248.901   70.683       3.0181
-248.901   74.325       3.8446
-248.901   77.968       2.8851
-248.901   81.610       2.6845
-248.901   85.252       4.2578
-248.901   88.895       3.8446
-248.901   92.537       3.4314
-248.901   96.179       2.5347
-248.901   99.822       2.2713
-248.901  103.464       2.2301
-248.901  107.106       1.8169
-248.901  110.749       1.6454
-248.901  114.391       1.4776
-248.901  118.034       1.2868
-248.901  121.676       1.2950
-248.901  125.318       1.5124
-248.901  128.961       1.6023
-248.901  132.603       1.3469
-248.901  136.245       1.3938
-248.901  139.888       1.6919
-248.901  143.530       2.1555
-248.901  147.172       2.1555
-248.901  150.815       2.3632
-248.901  154.457       2.3155
-248.901  158.099       2.3632
-248.901  161.742       2.1215
-248.901  165.384       1.8169
-248.901  169.027       2.0018
-248.901  172.669       2.0296
-248.901  176.311       1.7601
-248.901  179.954       1.9753
-248.901  183.596       2.1555
-248.901  187.238       2.2301
-248.901  190.881       2.5347
-248.901  194.523       3.8446
-248.901  198.165       3.0181
-248.901  201.808       3.4314
-248.901  205.450       2.5347
-248.901  209.093       1.7974
-248.901  212.735       1.1754
-248.901  216.377       0.7899
-248.901  220.020       0.7165
-248.901  223.662       0.8042
-248.901  227.304       0.6428
-248.901  230.947       0.7689
-248.901  234.589       0.8901
-248.901  238.231       1.4343
-248.901  241.874       2.7764
-248.901  245.516       4.2578
-248.901  249.158       4.2578
-248.901  252.801       4.2578
-248.901  256.443       4.2578
-248.901  260.086       4.2578
-248.901  263.728       4.2578
-248.901  267.370       4.2578
-248.901  271.013       4.2578
-244.762  -89.581       4.2578
-244.762  -85.939       4.2578
-244.762  -82.296       4.2578
-244.762  -78.654       4.2578
-244.762  -75.012       4.2578
-244.762  -71.369       4.2578
-244.762  -67.727       4.2578
-244.762  -64.084       4.2578
-244.762  -60.442       4.2578
-244.762  -56.800       4.2578
-244.762  -53.157       4.2578
-244.762  -49.515       4.2578
-244.762  -45.873       4.2578
-244.762  -42.230       4.2578
-244.762  -38.588       4.2578
-244.762  -34.946       4.2578
-244.762  -31.303       4.2578
-244.762  -27.661       4.2578
-244.762  -24.019       4.2578
-244.762  -20.376       4.2578
-244.762  -16.734       4.2578
-244.762  -13.091       4.2578
-244.762   -9.449       4.2578
-244.762   -5.807       4.2578
-244.762   -2.164       4.2578
-244.762    1.478       4.2578
-244.762    5.120       4.2578
-244.762    8.763       4.2578
-244.762   12.405       4.2578
-244.762   16.047       4.2578
-244.762   19.690       4.2578
-244.762   23.332       4.2578
-244.762   26.975       4.2578
-244.762   30.617       4.2578
-244.762   34.259       4.2578
-244.762   37.902       4.2578
-244.762   41.544       4.2578
-244.762   45.186       4.2578
-244.762   48.829       4.2578
-244.762   52.471       3.8446
-244.762   56.113       3.8446
-244.762   59.756       4.2578
-244.762   63.398       4.2578
-244.762   67.040       4.2578
-244.762   70.683       3.8446
-244.762   74.325       3.8446
-244.762   77.968       3.1896
-244.762   81.610       3.0181
-244.762   85.252       3.1896
-244.762   88.895       3.8446
-244.762   92.537       2.6845
-244.762   96.179       2.3632
-244.762   99.822       2.5347
-244.762  103.464       2.6049
-244.762  107.106       2.8851
-244.762  110.749       2.1555
-244.762  114.391       1.7974
-244.762  118.034       1.4343
-244.762  121.676       1.2175
-244.762  125.318       1.4137
-244.762  128.961       1.5752
-244.762  132.603       1.5124
-244.762  136.245       1.2787
-244.762  139.888       1.6605
-244.762  143.530       2.1215
-244.762  147.172       2.7764
-244.762  150.815       2.4719
-244.762  154.457       3.1896
-244.762  158.099       2.3632
-244.762  161.742       1.7423
-244.762  165.384       1.4448
-244.762  169.027       1.7784
-244.762  172.669       2.1917
-244.762  176.311       1.9499
-244.762  179.954       1.8169
-244.762  183.596       1.8580
-244.762  187.238       2.0018
-244.762  190.881       2.0892
-244.762  194.523       2.5347
-244.762  198.165       2.2301
-244.762  201.808       1.5752
-244.762  205.450       1.0423
-244.762  209.093       0.8302
-244.762  212.735       0.7010
-244.762  216.377       0.3766
-244.762  220.020       0.2145
-244.762  223.662       0.3208
-244.762  227.304       0.4748
-244.762  230.947       0.5272
-244.762  234.589       0.5411
-244.762  238.231       0.7934
-244.762  241.874       1.4448
-244.762  245.516       2.6845
-244.762  249.158       4.2578
-244.762  252.801       4.2578
-244.762  256.443       4.2578
-244.762  260.086       4.2578
-244.762  263.728       4.2578
-244.762  267.370       4.2578
-244.762  271.013       4.2578
-240.622  -89.581       4.2578
-240.622  -85.939       4.2578
-240.622  -82.296       4.2578
-240.622  -78.654       4.2578
-240.622  -75.012       4.2578
-240.622  -71.369       4.2578
-240.622  -67.727       4.2578
-240.622  -64.084       4.2578
-240.622  -60.442       4.2578
-240.622  -56.800       4.2578
-240.622  -53.157       4.2578
-240.622  -49.515       4.2578
-240.622  -45.873       4.2578
-240.622  -42.230       4.2578
-240.622  -38.588       4.2578
-240.622  -34.946       4.2578
-240.622  -31.303       4.2578
-240.622  -27.661       4.2578
-240.622  -24.019       4.2578
-240.622  -20.376       4.2578
-240.622  -16.734       4.2578
-240.622  -13.091       4.2578
-240.622   -9.449       4.2578
-240.622   -5.807       4.2578
-240.622   -2.164       4.2578
-240.622    1.478       4.2578
-240.622    5.120       4.2578
-240.622    8.763       4.2578
-240.622   12.405       4.2578
-240.622   16.047       4.2578
-240.622   19.690       4.2578
-240.622   23.332       4.2578
-240.622   26.975       4.2578
-240.622   30.617       4.2578
-240.622   34.259       4.2578
-240.622   37.902       4.2578
-240.622   41.544       4.2578
-240.622   45.186       4.2578
-240.622   48.829       4.2578
-240.622   52.471       4.2578
-240.622   56.113       2.8851
-240.622   59.756       3.1896
-240.622   63.398       3.8446
-240.622   67.040       4.2578
-240.622   70.683       3.1896
-240.622   74.325       3.4314
-240.622   77.968       3.1896
-240.622   81.610       2.7764
-240.622   85.252       2.8851
-240.622   88.895       2.6049
-240.622   92.537       2.6845
-240.622   96.179       2.3632
-240.622   99.822       2.6845
-240.622  103.464       3.4314
-240.622  107.106       3.0181
-240.622  110.749       2.1215
-240.622  114.391       1.9753
-240.622  118.034       2.6049
-240.622  121.676       2.2301
-240.622  125.318       2.0296
-240.622  128.961       1.9499
-240.622  132.603       2.0892
-240.622  136.245       1.6454
-240.622  139.888       1.7423
-240.622  143.530       1.8797
-240.622  147.172       2.8851
-240.622  150.815       3.4314
-240.622  154.457       3.8446
-240.622  158.099       2.6049
-240.622  161.742       1.8797
-240.622  165.384       1.6163
-240.622  169.027       1.8169
-240.622  172.669       2.0018
-240.622  176.311       2.2301
-240.622  179.954       1.9022
-240.622  183.596       1.5752
-240.622  187.238       1.6605
-240.622  190.881       1.5886
-240.622  194.523       1.7601
-240.622  198.165       1.5124
-240.622  201.808       0.8986
-240.622  205.450       0.5601
-240.622  209.093       0.6625
-240.622  212.735       0.5204
-240.622  216.377       0.2817
-240.622  220.020      -0.0000
-240.622  223.662       0.1244
-240.622  227.304       0.5114
-240.622  230.947       0.5898
-240.622  234.589       0.4939
-240.622  238.231       0.5873
-240.622  241.874       0.8735
-240.622  245.516       1.3033
-240.622  249.158       2.6049
-240.622  252.801       4.2578
-240.622  256.443       4.2578
-240.622  260.086       4.2578
-240.622  263.728       4.2578
-240.622  267.370       4.2578
-240.622  271.013       4.2578
-236.483  -89.581       4.2578
-236.483  -85.939       4.2578
-236.483  -82.296       4.2578
-236.483  -78.654       4.2578
-236.483  -75.012       4.2578
-236.483  -71.369       4.2578
-236.483  -67.727       4.2578
-236.483  -64.084       4.2578
-236.483  -60.442       4.2578
-236.483  -56.800       4.2578
-236.483  -53.157       4.2578
-236.483  -49.515       4.2578
-236.483  -45.873       4.2578
-236.483  -42.230       4.2578
-236.483  -38.588       4.2578
-236.483  -34.946       4.2578
-236.483  -31.303       4.2578
-236.483  -27.661       4.2578
-236.483  -24.019       4.2578
-236.483  -20.376       4.2578
-236.483  -16.734       4.2578
-236.483  -13.091       4.2578
-236.483   -9.449       4.2578
-236.483   -5.807       4.2578
-236.483   -2.164       4.2578
-236.483    1.478       4.2578
-236.483    5.120       4.2578
-236.483    8.763       4.2578
-236.483   12.405       4.2578
-236.483   16.047       4.2578
-236.483   19.690       4.2578
-236.483   23.332       4.2578
-236.483   26.975       4.2578
-236.483   30.617       4.2578
-236.483   34.259       4.2578
-236.483   37.902       4.2578
-236.483   41.544       4.2578
-236.483   45.186       4.2578
-236.483   48.829       4.2578
-236.483   52.471       3.4314
-236.483   56.113       3.4314
-236.483   59.756       3.4314
-236.483   63.398       3.8446
-236.483   67.040       2.8851
-236.483   70.683       2.3632
-236.483   74.325       2.7764
-236.483   77.968       3.1896
-236.483   81.610       2.6845
-236.483   85.252       2.6049
-236.483   88.895       2.2301
-236.483   92.537       2.7764
-236.483   96.179       3.0181
-236.483   99.822       3.4314
-236.483  103.464       4.2578
-236.483  107.106       3.8446
-236.483  110.749       2.2713
-236.483  114.391       1.8371
-236.483  118.034       2.3632
-236.483  121.676       2.1555
-236.483  125.318       2.4150
-236.483  128.961       2.5347
-236.483  132.603       2.0892
-236.483  136.245       2.0586
-236.483  139.888       1.8169
-236.483  143.530       1.9022
-236.483  147.172       2.7764
-236.483  150.815       4.2578
-236.483  154.457       4.2578
-236.483  158.099       2.6845
-236.483  161.742       1.9256
-236.483  165.384       1.9022
-236.483  169.027       1.7082
-236.483  172.669       1.8797
-236.483  176.311       2.1215
-236.483  179.954       2.1215
-236.483  183.596       1.6605
-236.483  187.238       1.1554
-236.483  190.881       1.0873
-236.483  194.523       1.0056
-236.483  198.165       0.7588
-236.483  201.808       0.5388
-236.483  205.450       0.5601
-236.483  209.093       0.6000
-236.483  212.735       0.6264
-236.483  216.377       0.4189
-236.483  220.020       0.3965
-236.483  223.662       0.4811
-236.483  227.304       0.6683
-236.483  230.947       0.6889
-236.483  234.589       0.8079
-236.483  238.231       0.6683
-236.483  241.874       0.5481
-236.483  245.516       0.6512
-236.483  249.158       1.4665
-236.483  252.801       3.1896
-236.483  256.443       4.2578
-236.483  260.086       4.2578
-236.483  263.728       4.2578
-236.483  267.370       4.2578
-236.483  271.013       4.2578
-232.343  -89.581       4.2578
-232.343  -85.939       4.2578
-232.343  -82.296       4.2578
-232.343  -78.654       4.2578
-232.343  -75.012       4.2578
-232.343  -71.369       4.2578
-232.343  -67.727       4.2578
-232.343  -64.084       4.2578
-232.343  -60.442       4.2578
-232.343  -56.800       4.2578
-232.343  -53.157       4.2578
-232.343  -49.515       4.2578
-232.343  -45.873       4.2578
-232.343  -42.230       4.2578
-232.343  -38.588       4.2578
-232.343  -34.946       4.2578
-232.343  -31.303       4.2578
-232.343  -27.661       4.2578
-232.343  -24.019       4.2578
-232.343  -20.376       4.2578
-232.343  -16.734       4.2578
-232.343  -13.091       4.2578
-232.343   -9.449       4.2578
-232.343   -5.807       4.2578
-232.343   -2.164       4.2578
-232.343    1.478       4.2578
-232.343    5.120       4.2578
-232.343    8.763       4.2578
-232.343   12.405       4.2578
-232.343   16.047       4.2578
-232.343   19.690       4.2578
-232.343   23.332       4.2578
-232.343   26.975       4.2578
-232.343   30.617       4.2578
-232.343   34.259       4.2578
-232.343   37.902       4.2578
-232.343   41.544       4.2578
-232.343   45.186       4.2578
-232.343   48.829       4.2578
-232.343   52.471       4.2578
-232.343   56.113       4.2578
-232.343   59.756       4.2578
-232.343   63.398       3.1896
-232.343   67.040       2.3632
-232.343   70.683       2.3155
-232.343   74.325       2.7764
-232.343   77.968       3.4314
-232.343   81.610       3.4314
-232.343   85.252       2.8851
-232.343   88.895       2.1917
-232.343   92.537       2.3632
-232.343   96.179       3.0181
-232.343   99.822       3.0181
-232.343  103.464       2.8851
-232.343  107.106       2.2301
-232.343  110.749       2.2713
-232.343  114.391       2.0892
-232.343  118.034       1.8580
-232.343  121.676       2.0018
-232.343  125.318       2.1555
-232.343  128.961       2.2713
-232.343  132.603       1.7250
-232.343  136.245       1.9499
-232.343  139.888       2.0892
-232.343  143.530       2.1215
-232.343  147.172       1.7974
-232.343  150.815       2.4719
-232.343  154.457       4.2578
-232.343  158.099       3.8446
-232.343  161.742       3.0181
-232.343  165.384       2.0892
-232.343  169.027       1.9022
-232.343  172.669       1.9256
-232.343  176.311       1.8371
-232.343  179.954       1.6307
-232.343  183.596       1.2707
-232.343  187.238       0.5974
-232.343  190.881       0.3540
-232.343  194.523       0.4706
-232.343  198.165       0.4502
-232.343  201.808       0.4853
-232.343  205.450       0.5649
-232.343  209.093       0.5601
-232.343  212.735       0.6859
-232.343  216.377       0.9158
-232.343  220.020       0.8456
-232.343  223.662       0.9567
-232.343  227.304       0.8776
-232.343  230.947       0.9336
-232.343  234.589       0.8735
-232.343  238.231       0.9071
-232.343  241.874       0.5481
-232.343  245.516       0.3224
-232.343  249.158       0.8417
-232.343  252.801       2.1215
-232.343  256.443       4.2578
-232.343  260.086       4.2578
-232.343  263.728       4.2578
-232.343  267.370       4.2578
-232.343  271.013       4.2578
-228.204  -89.581       4.2578
-228.204  -85.939       4.2578
-228.204  -82.296       4.2578
-228.204  -78.654       4.2578
-228.204  -75.012       4.2578
-228.204  -71.369       4.2578
-228.204  -67.727       4.2578
-228.204  -64.084       4.2578
-228.204  -60.442       4.2578
-228.204  -56.800       4.2578
-228.204  -53.157       4.2578
-228.204  -49.515       4.2578
-228.204  -45.873       4.2578
-228.204  -42.230       4.2578
-228.204  -38.588       4.2578
-228.204  -34.946       4.2578
-228.204  -31.303       4.2578
-228.204  -27.661       4.2578
-228.204  -24.019       4.2578
-228.204  -20.376       4.2578
-228.204  -16.734       4.2578
-228.204  -13.091       4.2578
-228.204   -9.449       4.2578
-228.204   -5.807       4.2578
-228.204   -2.164       4.2578
-228.204    1.478       4.2578
-228.204    5.120       4.2578
-228.204    8.763       4.2578
-228.204   12.405       4.2578
-228.204   16.047       4.2578
-228.204   19.690       4.2578
-228.204   23.332       4.2578
-228.204   26.975       4.2578
-228.204   30.617       4.2578
-228.204   34.259       4.2578
-228.204   37.902       4.2578
-228.204   41.544       4.2578
-228.204   45.186       4.2578
-228.204   48.829       4.2578
-228.204   52.471       4.2578
-228.204   56.113       4.2578
-228.204   59.756       3.8446
-228.204   63.398       3.0181
-228.204   67.040       2.5347
-228.204   70.683       2.3632
-228.204   74.325       3.4314
-228.204   77.968       3.4314
-228.204   81.610       3.4314
-228.204   85.252       3.0181
-228.204   88.895       2.3632
-228.204   92.537       3.0181
-228.204   96.179       2.4719
-228.204   99.822       2.7764
-228.204  103.464       2.8851
-228.204  107.106       3.0181
-228.204  110.749       2.7764
-228.204  114.391       2.2713
-228.204  118.034       2.5347
-228.204  121.676       2.8851
-228.204  125.318       2.4150
-228.204  128.961       2.7764
-228.204  132.603       2.3155
-228.204  136.245       2.0586
-228.204  139.888       2.0018
-228.204  143.530       2.2713
-228.204  147.172       2.1215
-228.204  150.815       2.5347
-228.204  154.457       4.2578
-228.204  158.099       4.2578
-228.204  161.742       2.6845
-228.204  165.384       2.6845
-228.204  169.027       2.2713
-228.204  172.669       1.9753
-228.204  176.311       1.2707
-228.204  179.954       1.0158
-228.204  183.596       0.6568
-228.204  187.238       0.3080
-228.204  190.881       0.1740
-228.204  194.523       0.3112
-228.204  198.165       0.2955
-228.204  201.808       0.3784
-228.204  205.450       0.5026
-228.204  209.093       0.6428
-228.204  212.735       1.1235
-228.204  216.377       1.5244
-228.204  220.020       1.7423
-228.204  223.662       1.3841
-228.204  227.304       0.9427
-228.204  230.947       0.8302
-228.204  234.589       0.8574
-228.204  238.231       0.7863
-228.204  241.874       0.6318
-228.204  245.516       0.3080
-228.204  249.158       0.3540
-228.204  252.801       1.0056
-228.204  256.443       2.7764
-228.204  260.086       4.2578
-228.204  263.728       4.2578
-228.204  267.370       4.2578
-228.204  271.013       4.2578
-224.064  -89.581       4.2578
-224.064  -85.939       4.2578
-224.064  -82.296       4.2578
-224.064  -78.654       4.2578
-224.064  -75.012       4.2578
-224.064  -71.369       4.2578
-224.064  -67.727       4.2578
-224.064  -64.084       4.2578
-224.064  -60.442       4.2578
-224.064  -56.800       4.2578
-224.064  -53.157       4.2578
-224.064  -49.515       4.2578
-224.064  -45.873       4.2578
-224.064  -42.230       4.2578
-224.064  -38.588       4.2578
-224.064  -34.946       4.2578
-224.064  -31.303       4.2578
-224.064  -27.661       4.2578
-224.064  -24.019       4.2578
-224.064  -20.376       4.2578
-224.064  -16.734       4.2578
-224.064  -13.091       4.2578
-224.064   -9.449       4.2578
-224.064   -5.807       4.2578
-224.064   -2.164       4.2578
-224.064    1.478       4.2578
-224.064    5.120       4.2578
-224.064    8.763       4.2578
-224.064   12.405       4.2578
-224.064   16.047       4.2578
-224.064   19.690       4.2578
-224.064   23.332       4.2578
-224.064   26.975       4.2578
-224.064   30.617       4.2578
-224.064   34.259       4.2578
-224.064   37.902       4.2578
-224.064   41.544       4.2578
-224.064   45.186       4.2578
-224.064   48.829       4.2578
-224.064   52.471       3.4314
-224.064   56.113       3.1896
-224.064   59.756       3.8446
-224.064   63.398       3.8446
-224.064   67.040       3.1896
-224.064   70.683       2.8851
-224.064   74.325       2.4719
-224.064   77.968       2.7764
-224.064   81.610       2.6845
-224.064   85.252       3.4314
-224.064   88.895       2.5347
-224.064   92.537       2.7764
-224.064   96.179       3.1896
-224.064   99.822       2.4150
-224.064  103.464       2.6845
-224.064  107.106       3.8446
-224.064  110.749       3.1896
-224.064  114.391       2.7764
-224.064  118.034       3.1896
-224.064  121.676       4.2578
-224.064  125.318       2.0018
-224.064  128.961       2.0296
-224.064  132.603       2.0586
-224.064  136.245       2.0296
-224.064  139.888       2.2713
-224.064  143.530       2.2713
-224.064  147.172       2.1215
-224.064  150.815       2.3155
-224.064  154.457       2.6845
-224.064  158.099       2.2301
-224.064  161.742       2.3632
-224.064  165.384       1.9753
-224.064  169.027       2.3155
-224.064  172.669       1.7082
-224.064  176.311       1.1754
-224.064  179.954       0.7863
-224.064  183.596       0.3128
-224.064  187.238       0.2078
-224.064  190.881       0.2241
-224.064  194.523       0.4383
-224.064  198.165       0.5159
-224.064  201.808       0.4918
-224.064  205.450       0.4383
-224.064  209.093       0.8340
-224.064  212.735       1.6163
-224.064  216.377       2.3155
-224.064  220.020       2.6845
-224.064  223.662       2.6049
-224.064  227.304       1.8797
-224.064  230.947       1.3841
-224.064  234.589       1.0423
-224.064  238.231       0.6400
-224.064  241.874       0.5577
-224.064  245.516       0.5434
-224.064  249.158       0.3372
-224.064  252.801       0.6131
-224.064  256.443       2.1555
-224.064  260.086       3.4314
-224.064  263.728       4.2578
-224.064  267.370       4.2578
-224.064  271.013       4.2578
-219.924  -89.581       4.2578
-219.924  -85.939       4.2578
-219.924  -82.296       4.2578
-219.924  -78.654       4.2578
-219.924  -75.012       4.2578
-219.924  -71.369       4.2578
-219.924  -67.727       4.2578
-219.924  -64.084       4.2578
-219.924  -60.442       4.2578
-219.924  -56.800       4.2578
-219.924  -53.157       4.2578
-219.924  -49.515       4.2578
-219.924  -45.873       4.2578
-219.924  -42.230       4.2578
-219.924  -38.588       4.2578
-219.924  -34.946       4.2578
-219.924  -31.303       4.2578
-219.924  -27.661       4.2578
-219.924  -24.019       4.2578
-219.924  -20.376       4.2578
-219.924  -16.734       4.2578
-219.924  -13.091       4.2578
-219.924   -9.449       4.2578
-219.924   -5.807       4.2578
-219.924   -2.164       4.2578
-219.924    1.478       4.2578
-219.924    5.120       4.2578
-219.924    8.763       4.2578
-219.924   12.405       4.2578
-219.924   16.047       4.2578
-219.924   19.690       4.2578
-219.924   23.332       4.2578
-219.924   26.975       4.2578
-219.924   30.617       4.2578
-219.924   34.259       4.2578
-219.924   37.902       4.2578
-219.924   41.544       4.2578
-219.924   45.186       4.2578
-219.924   48.829       4.2578
-219.924   52.471       3.1896
-219.924   56.113       2.5347
-219.924   59.756       3.0181
-219.924   63.398       3.4314
-219.924   67.040       2.4719
-219.924   70.683       2.4719
-219.924   74.325       2.1555
-219.924   77.968       2.1917
-219.924   81.610       2.2713
-219.924   85.252       2.7764
-219.924   88.895       2.4150
-219.924   92.537       2.8851
-219.924   96.179       3.4314
-219.924   99.822       2.8851
-219.924  103.464       3.0181
-219.924  107.106       3.4314
-219.924  110.749       2.4150
-219.924  114.391       3.0181
-219.924  118.034       4.2578
-219.924  121.676       4.2578
-219.924  125.318       3.0181
-219.924  128.961       2.0296
-219.924  132.603       2.1555
-219.924  136.245       2.1555
-219.924  139.888       2.1215
-219.924  143.530       2.1215
-219.924  147.172       2.7764
-219.924  150.815       3.8446
-219.924  154.457       3.0181
-219.924  158.099       2.6845
-219.924  161.742       2.0892
-219.924  165.384       1.8580
-219.924  169.027       1.7423
-219.924  172.669       1.4776
-219.924  176.311       0.8006
-219.924  179.954       0.4285
-219.924  183.596       0.1255
-219.924  187.238       0.1640
-219.924  190.881       0.3802
-219.924  194.523       0.6949
-219.924  198.165       0.7521
-219.924  201.808       0.8227
-219.924  205.450       1.0478
-219.924  209.093       1.2473
-219.924  212.735       2.5347
-219.924  216.377       3.4314
-219.924  220.020       4.2578
-219.924  223.662       3.8446
-219.924  227.304       3.8446
-219.924  230.947       2.8851
-219.924  234.589       1.4556
-219.924  238.231       0.9567
-219.924  241.874       0.7828
-219.924  245.516       0.8079
-219.924  249.158       0.6157
-219.924  252.801       0.5272
-219.924  256.443       1.3469
-219.924  260.086       2.8851
-219.924  263.728       4.2578
-219.924  267.370       4.2578
-219.924  271.013       4.2578
-215.785  -89.581       4.2578
-215.785  -85.939       4.2578
-215.785  -82.296       4.2578
-215.785  -78.654       4.2578
-215.785  -75.012       4.2578
-215.785  -71.369       4.2578
-215.785  -67.727       4.2578
-215.785  -64.084       4.2578
-215.785  -60.442       4.2578
-215.785  -56.800       4.2578
-215.785  -53.157       4.2578
-215.785  -49.515       4.2578
-215.785  -45.873       4.2578
-215.785  -42.230       4.2578
-215.785  -38.588       4.2578
-215.785  -34.946       4.2578
-215.785  -31.303       4.2578
-215.785  -27.661       4.2578
-215.785  -24.019       4.2578
-215.785  -20.376       4.2578
-215.785  -16.734       4.2578
-215.785  -13.091       4.2578
-215.785   -9.449       4.2578
-215.785   -5.807       4.2578
-215.785   -2.164       4.2578
-215.785    1.478       4.2578
-215.785    5.120       4.2578
-215.785    8.763       4.2578
-215.785   12.405       4.2578
-215.785   16.047       4.2578
-215.785   19.690       4.2578
-215.785   23.332       4.2578
-215.785   26.975       4.2578
-215.785   30.617       4.2578
-215.785   34.259       4.2578
-215.785   37.902       4.2578
-215.785   41.544       4.2578
-215.785   45.186       4.2578
-215.785   48.829       3.8446
-215.785   52.471       2.8851
-215.785   56.113       2.4150
-215.785   59.756       2.7764
-215.785   63.398       3.8446
-215.785   67.040       3.1896
-215.785   70.683       2.8851
-215.785   74.325       2.6049
-215.785   77.968       2.2301
-215.785   81.610       2.2301
-215.785   85.252       2.8851
-215.785   88.895       2.4150
-215.785   92.537       2.0892
-215.785   96.179       2.4150
-215.785   99.822       4.2578
-215.785  103.464       3.4314
-215.785  107.106       4.2578
-215.785  110.749       3.4314
-215.785  114.391       3.4314
-215.785  118.034       4.2578
-215.785  121.676       4.2578
-215.785  125.318       3.8446
-215.785  128.961       2.6845
-215.785  132.603       2.6845
-215.785  136.245       2.6049
-215.785  139.888       2.6845
-215.785  143.530       2.6845
-215.785  147.172       3.0181
-215.785  150.815       4.2578
-215.785  154.457       3.1896
-215.785  158.099       1.8797
-215.785  161.742       1.8797
-215.785  165.384       1.9499
-215.785  169.027       1.9499
-215.785  172.669       1.2868
-215.785  176.311       0.6741
-215.785  179.954       0.3856
-215.785  183.596       0.2227
-215.785  187.238       0.2863
-215.785  190.881       0.6318
-215.785  194.523       0.6683
-215.785  198.165       0.6000
-215.785  201.808       0.9158
-215.785  205.450       1.1891
-215.785  209.093       2.0892
-215.785  212.735       2.6845
-215.785  216.377       4.2578
-215.785  220.020       4.2578
-215.785  223.662       4.2578
-215.785  227.304       4.2578
-215.785  230.947       4.2578
-215.785  234.589       3.1896
-215.785  238.231       1.8580
-215.785  241.874       1.2868
-215.785  245.516       1.2322
-215.785  249.158       0.9028
-215.785  252.801       0.4603
-215.785  256.443       0.7899
-215.785  260.086       1.9256
-215.785  263.728       2.6845
-215.785  267.370       4.2578
-215.785  271.013       4.2578
-211.645  -89.581       4.2578
-211.645  -85.939       4.2578
-211.645  -82.296       4.2578
-211.645  -78.654       4.2578
-211.645  -75.012       4.2578
-211.645  -71.369       4.2578
-211.645  -67.727       4.2578
-211.645  -64.084       4.2578
-211.645  -60.442       4.2578
-211.645  -56.800       4.2578
-211.645  -53.157       4.2578
-211.645  -49.515       4.2578
-211.645  -45.873       4.2578
-211.645  -42.230       4.2578
-211.645  -38.588       4.2578
-211.645  -34.946       4.2578
-211.645  -31.303       4.2578
-211.645  -27.661       4.2578
-211.645  -24.019       4.2578
-211.645  -20.376       4.2578
-211.645  -16.734       4.2578
-211.645  -13.091       4.2578
-211.645   -9.449       4.2578
-211.645   -5.807       4.2578
-211.645   -2.164       4.2578
-211.645    1.478       4.2578
-211.645    5.120       4.2578
-211.645    8.763       4.2578
-211.645   12.405       4.2578
-211.645   16.047       4.2578
-211.645   19.690       4.2578
-211.645   23.332       4.2578
-211.645   26.975       4.2578
-211.645   30.617       4.2578
-211.645   34.259       4.2578
-211.645   37.902       4.2578
-211.645   41.544       4.2578
-211.645   45.186       4.2578
-211.645   48.829       3.8446
-211.645   52.471       2.6049
-211.645   56.113       3.0181
-211.645   59.756       2.6845
-211.645   63.398       3.4314
-211.645   67.040       3.4314
-211.645   70.683       3.4314
-211.645   74.325       3.0181
-211.645   77.968       3.1896
-211.645   81.610       2.0892
-211.645   85.252       1.9499
-211.645   88.895       2.1215
-211.645   92.537       1.9499
-211.645   96.179       2.1215
-211.645   99.822       2.6049
-211.645  103.464       3.1896
-211.645  107.106       3.4314
-211.645  110.749       2.7764
-211.645  114.391       4.2578
-211.645  118.034       4.2578
-211.645  121.676       4.2578
-211.645  125.318       2.8851
-211.645  128.961       1.9256
-211.645  132.603       2.0296
-211.645  136.245       2.5347
-211.645  139.888       2.8851
-211.645  143.530       2.2713
-211.645  147.172       2.8851
-211.645  150.815       2.4719
-211.645  154.457       2.4719
-211.645  158.099       1.7974
-211.645  161.742       2.2713
-211.645  165.384       1.7784
-211.645  169.027       1.4890
-211.645  172.669       0.9071
-211.645  176.311       0.4961
-211.645  179.954       0.2924
-211.645  183.596       0.4343
-211.645  187.238       0.5748
-211.645  190.881       0.8417
-211.645  194.523       0.7487
-211.645  198.165       0.7228
-211.645  201.808       0.6949
-211.645  205.450       1.2473
-211.645  209.093       2.8851
-211.645  212.735       3.1896
-211.645  216.377       4.2578
-211.645  220.020       4.2578
-211.645  223.662       4.2578
-211.645  227.304       4.2578
-211.645  230.947       4.2578
-211.645  234.589       4.2578
-211.645  238.231       2.8851
-211.645  241.874       2.1917
-211.645  245.516       1.8371
-211.645  249.158       1.1686
-211.645  252.801       0.7863
-211.645  256.443       0.9291
-211.645  260.086       1.3938
-211.645  263.728       2.6049
-211.645  267.370       4.2578
-211.645  271.013       4.2578
-207.506  -89.581       4.2578
-207.506  -85.939       4.2578
-207.506  -82.296       4.2578
-207.506  -78.654       4.2578
-207.506  -75.012       4.2578
-207.506  -71.369       4.2578
-207.506  -67.727       4.2578
-207.506  -64.084       4.2578
-207.506  -60.442       4.2578
-207.506  -56.800       4.2578
-207.506  -53.157       4.2578
-207.506  -49.515       4.2578
-207.506  -45.873       4.2578
-207.506  -42.230       4.2578
-207.506  -38.588       4.2578
-207.506  -34.946       4.2578
-207.506  -31.303       4.2578
-207.506  -27.661       4.2578
-207.506  -24.019       4.2578
-207.506  -20.376       4.2578
-207.506  -16.734       4.2578
-207.506  -13.091       4.2578
-207.506   -9.449       4.2578
-207.506   -5.807       4.2578
-207.506   -2.164       4.2578
-207.506    1.478       4.2578
-207.506    5.120       4.2578
-207.506    8.763       4.2578
-207.506   12.405       4.2578
-207.506   16.047       4.2578
-207.506   19.690       4.2578
-207.506   23.332       4.2578
-207.506   26.975       4.2578
-207.506   30.617       4.2578
-207.506   34.259       4.2578
-207.506   37.902       4.2578
-207.506   41.544       4.2578
-207.506   45.186       3.8446
-207.506   48.829       3.1896
-207.506   52.471       2.7764
-207.506   56.113       2.6845
-207.506   59.756       2.6049
-207.506   63.398       2.3632
-207.506   67.040       3.1896
-207.506   70.683       3.1896
-207.506   74.325       4.2578
-207.506   77.968       3.0181
-207.506   81.610       2.6845
-207.506   85.252       1.9499
-207.506   88.895       1.8169
-207.506   92.537       1.8797
-207.506   96.179       2.0586
-207.506   99.822       2.0296
-207.506  103.464       2.5347
-207.506  107.106       2.8851
-207.506  110.749       2.7764
-207.506  114.391       4.2578
-207.506  118.034       3.4314
-207.506  121.676       3.0181
-207.506  125.318       2.3632
-207.506  128.961       2.4719
-207.506  132.603       2.2301
-207.506  136.245       2.0018
-207.506  139.888       2.4150
-207.506  143.530       2.3632
-207.506  147.172       2.5347
-207.506  150.815       2.1215
-207.506  154.457       1.6454
-207.506  158.099       1.9256
-207.506  161.742       1.9753
-207.506  165.384       1.7784
-207.506  169.027       1.3469
-207.506  172.669       0.8574
-207.506  176.311       0.5434
-207.506  179.954       0.5227
-207.506  183.596       0.5434
-207.506  187.238       0.6625
-207.506  190.881       0.8456
-207.506  194.523       0.8116
-207.506  198.165       0.6683
-207.506  201.808       0.7422
-207.506  205.450       1.3652
-207.506  209.093       4.2578
-207.506  212.735       4.2578
-207.506  216.377       4.2578
-207.506  220.020       4.2578
-207.506  223.662       4.2578
-207.506  227.304       4.2578
-207.506  230.947       4.2578
-207.506  234.589       4.2578
-207.506  238.231       4.2578
-207.506  241.874       4.2578
-207.506  245.516       2.4719
-207.506  249.158       1.6454
-207.506  252.801       0.9336
-207.506  256.443       1.1360
-207.506  260.086       1.5244
-207.506  263.728       2.2301
-207.506  267.370       4.2578
-207.506  271.013       4.2578
-203.366  -89.581       4.2578
-203.366  -85.939       4.2578
-203.366  -82.296       4.2578
-203.366  -78.654       4.2578
-203.366  -75.012       4.2578
-203.366  -71.369       4.2578
-203.366  -67.727       4.2578
-203.366  -64.084       4.2578
-203.366  -60.442       4.2578
-203.366  -56.800       4.2578
-203.366  -53.157       4.2578
-203.366  -49.515       4.2578
-203.366  -45.873       4.2578
-203.366  -42.230       4.2578
-203.366  -38.588       4.2578
-203.366  -34.946       4.2578
-203.366  -31.303       4.2578
-203.366  -27.661       4.2578
-203.366  -24.019       4.2578
-203.366  -20.376       4.2578
-203.366  -16.734       4.2578
-203.366  -13.091       4.2578
-203.366   -9.449       4.2578
-203.366   -5.807       4.2578
-203.366   -2.164       4.2578
-203.366    1.478       4.2578
-203.366    5.120       4.2578
-203.366    8.763       4.2578
-203.366   12.405       4.2578
-203.366   16.047       4.2578
-203.366   19.690       4.2578
-203.366   23.332       4.2578
-203.366   26.975       4.2578
-203.366   30.617       4.2578
-203.366   34.259       4.2578
-203.366   37.902       4.2578
-203.366   41.544       3.4314
-203.366   45.186       4.2578
-203.366   48.829       3.4314
-203.366   52.471       2.4719
-203.366   56.113       2.1215
-203.366   59.756       2.2301
-203.366   63.398       2.6845
-203.366   67.040       4.2578
-203.366   70.683       3.1896
-203.366   74.325       3.8446
-203.366   77.968       3.0181
-203.366   81.610       2.3155
-203.366   85.252       2.4719
-203.366   88.895       2.0018
-203.366   92.537       1.9256
-203.366   96.179       2.5347
-203.366   99.822       2.2301
-203.366  103.464       2.1215
-203.366  107.106       3.1896
-203.366  110.749       3.1896
-203.366  114.391       3.8446
-203.366  118.034       3.0181
-203.366  121.676       2.3632
-203.366  125.318       1.6605
-203.366  128.961       1.9256
-203.366  132.603       1.8797
-203.366  136.245       2.0892
-203.366  139.888       2.2713
-203.366  143.530       2.6845
-203.366  147.172       3.0181
-203.366  150.815       2.2713
-203.366  154.457       1.8580
-203.366  158.099       1.8797
-203.366  161.742       1.9753
-203.366  165.384       1.7250
-203.366  169.027       1.4037
-203.366  172.669       1.0263
-203.366  176.311       0.6346
-203.366  179.954       0.6346
-203.366  183.596       0.7655
-203.366  187.238       0.6830
-203.366  190.881       0.7356
-203.366  194.523       0.5295
-203.366  198.165       0.4961
-203.366  201.808       0.7863
-203.366  205.450       1.6023
-203.366  209.093       3.8446
-203.366  212.735       4.2578
-203.366  216.377       4.2578
-203.366  220.020       4.2578
-203.366  223.662       4.2578
-203.366  227.304       4.2578
-203.366  230.947       4.2578
-203.366  234.589       4.2578
-203.366  238.231       4.2578
-203.366  241.874       4.2578
-203.366  245.516       4.2578
-203.366  249.158       2.8851
-203.366  252.801       1.4665
-203.366  256.443       1.0644
-203.366  260.086       1.1822
-203.366  263.728       2.1917
-203.366  267.370       3.4314
-203.366  271.013       4.2578
-199.227  -89.581       4.2578
-199.227  -85.939       4.2578
-199.227  -82.296       4.2578
-199.227  -78.654       4.2578
-199.227  -75.012       4.2578
-199.227  -71.369       4.2578
-199.227  -67.727       4.2578
-199.227  -64.084       4.2578
-199.227  -60.442       4.2578
-199.227  -56.800       4.2578
-199.227  -53.157       4.2578
-199.227  -49.515       4.2578
-199.227  -45.873       4.2578
-199.227  -42.230       4.2578
-199.227  -38.588       4.2578
-199.227  -34.946       4.2578
-199.227  -31.303       4.2578
-199.227  -27.661       4.2578
-199.227  -24.019       4.2578
-199.227  -20.376       4.2578
-199.227  -16.734       4.2578
-199.227  -13.091       4.2578
-199.227   -9.449       4.2578
-199.227   -5.807       4.2578
-199.227   -2.164       4.2578
-199.227    1.478       4.2578
-199.227    5.120       4.2578
-199.227    8.763       4.2578
-199.227   12.405       4.2578
-199.227   16.047       4.2578
-199.227   19.690       4.2578
-199.227   23.332       4.2578
-199.227   26.975       4.2578
-199.227   30.617       4.2578
-199.227   34.259       4.2578
-199.227   37.902       4.2578
-199.227   41.544       4.2578
-199.227   45.186       4.2578
-199.227   48.829       3.0181
-199.227   52.471       2.7764
-199.227   56.113       2.3155
-199.227   59.756       2.3632
-199.227   63.398       3.1896
-199.227   67.040       4.2578
-199.227   70.683       3.4314
-199.227   74.325       2.8851
-199.227   77.968       3.0181
-199.227   81.610       2.4719
-199.227   85.252       3.1896
-199.227   88.895       2.7764
-199.227   92.537       2.5347
-199.227   96.179       2.4719
-199.227   99.822       2.4719
-199.227  103.464       2.3155
-199.227  107.106       3.4314
-199.227  110.749       4.2578
-199.227  114.391       4.2578
-199.227  118.034       3.1896
-199.227  121.676       2.3155
-199.227  125.318       1.9256
-199.227  128.961       2.0018
-199.227  132.603       2.1555
-199.227  136.245       2.0296
-199.227  139.888       2.3155
-199.227  143.530       2.4719
-199.227  147.172       3.8446
-199.227  150.815       2.0018
-199.227  154.457       1.9022
-199.227  158.099       1.7423
-199.227  161.742       1.7784
-199.227  165.384       1.7784
-199.227  169.027       1.4665
-199.227  172.669       1.0478
-199.227  176.311       0.6980
-199.227  179.954       0.6484
-199.227  183.596       0.6131
-199.227  187.238       0.7454
-199.227  190.881       0.4748
-199.227  194.523       0.4522
-199.227  198.165       0.5295
-199.227  201.808       1.1554
-199.227  205.450       1.8797
-199.227  209.093       3.1896
-199.227  212.735       4.2578
-199.227  216.377       4.2578
-199.227  220.020       4.2578
-199.227  223.662       4.2578
-199.227  227.304       4.2578
-199.227  230.947       4.2578
-199.227  234.589       4.2578
-199.227  238.231       4.2578
-199.227  241.874       4.2578
-199.227  245.516       4.2578
-199.227  249.158       2.8851
-199.227  252.801       1.7784
-199.227  256.443       1.1235
-199.227  260.086       1.1297
-199.227  263.728       1.8797
-199.227  267.370       4.2578
-199.227  271.013       4.2578
-195.087  -89.581       4.2578
-195.087  -85.939       4.2578
-195.087  -82.296       4.2578
-195.087  -78.654       4.2578
-195.087  -75.012       4.2578
-195.087  -71.369       4.2578
-195.087  -67.727       4.2578
-195.087  -64.084       4.2578
-195.087  -60.442       4.2578
-195.087  -56.800       4.2578
-195.087  -53.157       4.2578
-195.087  -49.515       4.2578
-195.087  -45.873       4.2578
-195.087  -42.230       4.2578
-195.087  -38.588       4.2578
-195.087  -34.946       4.2578
-195.087  -31.303       4.2578
-195.087  -27.661       4.2578
-195.087  -24.019       4.2578
-195.087  -20.376       4.2578
-195.087  -16.734       4.2578
-195.087  -13.091       4.2578
-195.087   -9.449       4.2578
-195.087   -5.807       4.2578
-195.087   -2.164       4.2578
-195.087    1.478       4.2578
-195.087    5.120       4.2578
-195.087    8.763       4.2578
-195.087   12.405       4.2578
-195.087   16.047       4.2578
-195.087   19.690       4.2578
-195.087   23.332       4.2578
-195.087   26.975       4.2578
-195.087   30.617       4.2578
-195.087   34.259       4.2578
-195.087   37.902       4.2578
-195.087   41.544       4.2578
-195.087   45.186       4.2578
-195.087   48.829       4.2578
-195.087   52.471       2.8851
-195.087   56.113       2.7764
-195.087   59.756       3.0181
-195.087   63.398       3.4314
-195.087   67.040       4.2578
-195.087   70.683       2.8851
-195.087   74.325       2.5347
-195.087   77.968       2.8851
-195.087   81.610       2.2301
-195.087   85.252       2.8851
-195.087   88.895       2.7764
-195.087   92.537       2.4719
-195.087   96.179       2.1215
-195.087   99.822       2.2301
-195.087  103.464       2.4150
-195.087  107.106       2.6845
-195.087  110.749       2.6845
-195.087  114.391       3.1896
-195.087  118.034       3.4314
-195.087  121.676       3.0181
-195.087  125.318       2.0892
-195.087  128.961       2.2301
-195.087  132.603       2.3632
-195.087  136.245       2.2301
-195.087  139.888       2.1215
-195.087  143.530       2.5347
-195.087  147.172       3.0181
-195.087  150.815       3.0181
-195.087  154.457       2.4719
-195.087  158.099       2.1555
-195.087  161.742       1.8169
-195.087  165.384       1.9256
-195.087  169.027       1.1360
-195.087  172.669       0.8456
-195.087  176.311       0.7041
-195.087  179.954       0.8818
-195.087  183.596       0.6237
-195.087  187.238       0.7072
-195.087  190.881       0.5974
-195.087  194.523       0.5674
-195.087  198.165       0.8859
-195.087  201.808       1.6919
-195.087  205.450       3.8446
-195.087  209.093       4.2578
-195.087  212.735       4.2578
-195.087  216.377       4.2578
-195.087  220.020       4.2578
-195.087  223.662       4.2578
-195.087  227.304       4.2578
-195.087  230.947       4.2578
-195.087  234.589       4.2578
-195.087  238.231       4.2578
-195.087  241.874       4.2578
-195.087  245.516       4.2578
-195.087  249.158       3.8446
-195.087  252.801       2.0586
-195.087  256.443       0.9115
-195.087  260.086       0.8901
-195.087  263.728       1.2628
-195.087  267.370       3.1896
-195.087  271.013       4.2578
-190.948  -89.581       4.2578
-190.948  -85.939       4.2578
-190.948  -82.296       4.2578
-190.948  -78.654       4.2578
-190.948  -75.012       4.2578
-190.948  -71.369       4.2578
-190.948  -67.727       4.2578
-190.948  -64.084       4.2578
-190.948  -60.442       4.2578
-190.948  -56.800       4.2578
-190.948  -53.157       4.2578
-190.948  -49.515       4.2578
-190.948  -45.873       4.2578
-190.948  -42.230       4.2578
-190.948  -38.588       4.2578
-190.948  -34.946       4.2578
-190.948  -31.303       4.2578
-190.948  -27.661       4.2578
-190.948  -24.019       4.2578
-190.948  -20.376       4.2578
-190.948  -16.734       4.2578
-190.948  -13.091       4.2578
-190.948   -9.449       4.2578
-190.948   -5.807       4.2578
-190.948   -2.164       4.2578
-190.948    1.478       4.2578
-190.948    5.120       4.2578
-190.948    8.763       4.2578
-190.948   12.405       4.2578
-190.948   16.047       4.2578
-190.948   19.690       4.2578
-190.948   23.332       4.2578
-190.948   26.975       4.2578
-190.948   30.617       4.2578
-190.948   34.259       4.2578
-190.948   37.902       4.2578
-190.948   41.544       4.2578
-190.948   45.186       4.2578
-190.948   48.829       4.2578
-190.948   52.471       4.2578
-190.948   56.113       4.2578
-190.948   59.756       4.2578
-190.948   63.398       4.2578
-190.948   67.040       4.2578
-190.948   70.683       4.2578
-190.948   74.325       2.7764
-190.948   77.968       2.1215
-190.948   81.610       2.3155
-190.948   85.252       2.6049
-190.948   88.895       2.2301
-190.948   92.537       2.2301
-190.948   96.179       2.3632
-190.948   99.822       2.7764
-190.948  103.464       3.4314
-190.948  107.106       2.8851
-190.948  110.749       2.4150
-190.948  114.391       2.5347
-190.948  118.034       3.1896
-190.948  121.676       3.1896
-190.948  125.318       2.6049
-190.948  128.961       2.3632
-190.948  132.603       2.8851
-190.948  136.245       2.8851
-190.948  139.888       2.8851
-190.948  143.530       3.1896
-190.948  147.172       3.0181
-190.948  150.815       2.7764
-190.948  154.457       2.2713
-190.948  158.099       1.9022
-190.948  161.742       1.7784
-190.948  165.384       1.7601
-190.948  169.027       1.0932
-190.948  172.669       0.7197
-190.948  176.311       0.7260
-190.948  179.954       0.7260
-190.948  183.596       0.7758
-190.948  187.238       0.6237
-190.948  190.881       0.4727
-190.948  194.523       0.7793
-190.948  198.165       1.1489
-190.948  201.808       2.0892
-190.948  205.450       3.8446
-190.948  209.093       4.2578
-190.948  212.735       4.2578
-190.948  216.377       4.2578
-190.948  220.020       4.2578
-190.948  223.662       4.2578
-190.948  227.304       4.2578
-190.948  230.947       4.2578
-190.948  234.589       4.2578
-190.948  238.231       4.2578
-190.948  241.874       4.2578
-190.948  245.516       4.2578
-190.948  249.158       4.2578
-190.948  252.801       3.4314
-190.948  256.443       1.2102
-190.948  260.086       0.7521
-190.948  263.728       1.0644
-190.948  267.370       2.6845
-190.948  271.013       3.8446
-186.808  -89.581       4.2578
-186.808  -85.939       4.2578
-186.808  -82.296       4.2578
-186.808  -78.654       4.2578
-186.808  -75.012       4.2578
-186.808  -71.369       4.2578
-186.808  -67.727       4.2578
-186.808  -64.084       4.2578
-186.808  -60.442       4.2578
-186.808  -56.800       4.2578
-186.808  -53.157       4.2578
-186.808  -49.515       4.2578
-186.808  -45.873       4.2578
-186.808  -42.230       4.2578
-186.808  -38.588       4.2578
-186.808  -34.946       4.2578
-186.808  -31.303       4.2578
-186.808  -27.661       4.2578
-186.808  -24.019       4.2578
-186.808  -20.376       4.2578
-186.808  -16.734       4.2578
-186.808  -13.091       4.2578
-186.808   -9.449       4.2578
-186.808   -5.807       4.2578
-186.808   -2.164       4.2578
-186.808    1.478       4.2578
-186.808    5.120       4.2578
-186.808    8.763       4.2578
-186.808   12.405       4.2578
-186.808   16.047       4.2578
-186.808   19.690       4.2578
-186.808   23.332       4.2578
-186.808   26.975       4.2578
-186.808   30.617       4.2578
-186.808   34.259       4.2578
-186.808   37.902       4.2578
-186.808   41.544       4.2578
-186.808   45.186       4.2578
-186.808   48.829       4.2578
-186.808   52.471       4.2578
-186.808   56.113       4.2578
-186.808   59.756       4.2578
-186.808   63.398       4.2578
-186.808   67.040       4.2578
-186.808   70.683       4.2578
-186.808   74.325       2.8851
-186.808   77.968       2.1555
-186.808   81.610       2.1917
-186.808   85.252       2.0586
-186.808   88.895       2.3632
-186.808   92.537       2.2713
-186.808   96.179       2.2713
-186.808   99.822       2.7764
-186.808  103.464       2.7764
-186.808  107.106       2.6845
-186.808  110.749       2.6049
-186.808  114.391       2.3155
-186.808  118.034       2.4150
-186.808  121.676       3.4314
-186.808  125.318       2.8851
-186.808  128.961       2.4150
-186.808  132.603       2.4150
-186.808  136.245       2.7764
-186.808  139.888       3.8446
-186.808  143.530       4.2578
-186.808  147.172       2.8851
-186.808  150.815       3.4314
-186.808  154.457       2.6845
-186.808  158.099       2.4719
-186.808  161.742       1.7601
-186.808  165.384       2.0018
-186.808  169.027       1.1297
-186.808  172.669       0.6889
-186.808  176.311       0.8535
-186.808  179.954       1.0263
-186.808  183.596       0.7863
-186.808  187.238       0.7689
-186.808  190.881       0.6830
-186.808  194.523       1.0588
-186.808  198.165       1.6023
-186.808  201.808       2.6049
-186.808  205.450       4.2578
-186.808  209.093       4.2578
-186.808  212.735       4.2578
-186.808  216.377       4.2578
-186.808  220.020       4.2578
-186.808  223.662       4.2578
-186.808  227.304       4.2578
-186.808  230.947       4.2578
-186.808  234.589       4.2578
-186.808  238.231       4.2578
-186.808  241.874       4.2578
-186.808  245.516       4.2578
-186.808  249.158       4.2578
-186.808  252.801       4.2578
-186.808  256.443       1.8580
-186.808  260.086       1.1620
-186.808  263.728       1.1754
-186.808  267.370       2.0586
-186.808  271.013       3.8446
-182.668  -89.581       4.2578
-182.668  -85.939       4.2578
-182.668  -82.296       4.2578
-182.668  -78.654       4.2578
-182.668  -75.012       4.2578
-182.668  -71.369       4.2578
-182.668  -67.727       4.2578
-182.668  -64.084       4.2578
-182.668  -60.442       4.2578
-182.668  -56.800       4.2578
-182.668  -53.157       4.2578
-182.668  -49.515       4.2578
-182.668  -45.873       4.2578
-182.668  -42.230       4.2578
-182.668  -38.588       4.2578
-182.668  -34.946       4.2578
-182.668  -31.303       4.2578
-182.668  -27.661       4.2578
-182.668  -24.019       4.2578
-182.668  -20.376       4.2578
-182.668  -16.734       4.2578
-182.668  -13.091       4.2578
-182.668   -9.449       4.2578
-182.668   -5.807       4.2578
-182.668   -2.164       4.2578
-182.668    1.478       4.2578
-182.668    5.120       4.2578
-182.668    8.763       4.2578
-182.668   12.405       4.2578
-182.668   16.047       4.2578
-182.668   19.690       4.2578
-182.668   23.332       4.2578
-182.668   26.975       4.2578
-182.668   30.617       4.2578
-182.668   34.259       4.2578
-182.668   37.902       4.2578
-182.668   41.544       4.2578
-182.668   45.186       4.2578
-182.668   48.829       4.2578
-182.668   52.471       4.2578
-182.668   56.113       4.2578
-182.668   59.756       4.2578
-182.668   63.398       4.2578
-182.668   67.040       4.2578
-182.668   70.683       4.2578
-182.668   74.325       3.8446
-182.668   77.968       2.5347
-182.668   81.610       1.8169
-182.668   85.252       2.0296
-182.668   88.895       1.9753
-182.668   92.537       3.0181
-182.668   96.179       2.2301
-182.668   99.822       2.2713
-182.668  103.464       2.4150
-182.668  107.106       2.6845
-182.668  110.749       2.2713
-182.668  114.391       2.2301
-182.668  118.034       2.1917
-182.668  121.676       2.3155
-182.668  125.318       3.8446
-182.668  128.961       3.1896
-182.668  132.603       2.7764
-182.668  136.245       3.0181
-182.668  139.888       4.2578
-182.668  143.530       4.2578
-182.668  147.172       3.8446
-182.668  150.815       2.7764
-182.668  154.457       2.0892
-182.668  158.099       2.6845
-182.668  161.742       2.1917
-182.668  165.384       2.1555
-182.668  169.027       1.3379
-182.668  172.669       0.8818
-182.668  176.311       0.8735
-182.668  179.954       0.9905
-182.668  183.596       0.7487
-182.668  187.238       0.9028
-182.668  190.881       0.8227
-182.668  194.523       1.0701
-182.668  198.165       1.8371
-182.668  201.808       2.8851
-182.668  205.450       3.8446
-182.668  209.093       4.2578
-182.668  212.735       4.2578
-182.668  216.377       4.2578
-182.668  220.020       4.2578
-182.668  223.662       4.2578
-182.668  227.304       4.2578
-182.668  230.947       4.2578
-182.668  234.589       4.2578
-182.668  238.231       4.2578
-182.668  241.874       4.2578
-182.668  245.516       4.2578
-182.668  249.158       4.2578
-182.668  252.801       4.2578
-182.668  256.443       2.3155
-182.668  260.086       1.5244
-182.668  263.728       1.2322
-182.668  267.370       1.5752
-182.668  271.013       2.6049
-178.529  -89.581       4.2578
-178.529  -85.939       4.2578
-178.529  -82.296       4.2578
-178.529  -78.654       4.2578
-178.529  -75.012       4.2578
-178.529  -71.369       4.2578
-178.529  -67.727       4.2578
-178.529  -64.084       4.2578
-178.529  -60.442       4.2578
-178.529  -56.800       4.2578
-178.529  -53.157       4.2578
-178.529  -49.515       4.2578
-178.529  -45.873       4.2578
-178.529  -42.230       4.2578
-178.529  -38.588       4.2578
-178.529  -34.946       4.2578
-178.529  -31.303       4.2578
-178.529  -27.661       4.2578
-178.529  -24.019       4.2578
-178.529  -20.376       4.2578
-178.529  -16.734       4.2578
-178.529  -13.091       4.2578
-178.529   -9.449       4.2578
-178.529   -5.807       4.2578
-178.529   -2.164       4.2578
-178.529    1.478       4.2578
-178.529    5.120       4.2578
-178.529    8.763       4.2578
-178.529   12.405       4.2578
-178.529   16.047       4.2578
-178.529   19.690       4.2578
-178.529   23.332       4.2578
-178.529   26.975       4.2578
-178.529   30.617       4.2578
-178.529   34.259       4.2578
-178.529   37.902       4.2578
-178.529   41.544       4.2578
-178.529   45.186       4.2578
-178.529   48.829       4.2578
-178.529   52.471       4.2578
-178.529   56.113       4.2578
-178.529   59.756       4.2578
-178.529   63.398       4.2578
-178.529   67.040       4.2578
-178.529   70.683       4.2578
-178.529   74.325       4.2578
-178.529   77.968       3.1896
-178.529   81.610       2.6049
-178.529   85.252       2.6845
-178.529   88.895       2.7764
-178.529   92.537       3.4314
-178.529   96.179       2.8851
-178.529   99.822       2.2301
-178.529  103.464       2.1917
-178.529  107.106       2.0296
-178.529  110.749       2.4719
-178.529  114.391       2.6845
-178.529  118.034       2.4719
-178.529  121.676       2.8851
-178.529  125.318       4.2578
-178.529  128.961       3.4314
-178.529  132.603       2.8851
-178.529  136.245       3.4314
-178.529  139.888       3.8446
-178.529  143.530       3.8446
-178.529  147.172       3.8446
-178.529  150.815       2.4719
-178.529  154.457       1.7082
-178.529  158.099       1.6454
-178.529  161.742       1.6919
-178.529  165.384       1.6307
-178.529  169.027       1.2175
-178.529  172.669       1.1051
-178.529  176.311       1.1489
-178.529  179.954       0.8695
-178.529  183.596       0.5923
-178.529  187.238       0.8735
-178.529  190.881       0.8152
-178.529  194.523       0.8735
-178.529  198.165       2.2301
-178.529  201.808       4.2578
-178.529  205.450       4.2578
-178.529  209.093       4.2578
-178.529  212.735       4.2578
-178.529  216.377       4.2578
-178.529  220.020       4.2578
-178.529  223.662       4.2578
-178.529  227.304       4.2578
-178.529  230.947       4.2578
-178.529  234.589       4.2578
-178.529  238.231       4.2578
-178.529  241.874       4.2578
-178.529  245.516       4.2578
-178.529  249.158       4.2578
-178.529  252.801       4.2578
-178.529  256.443       2.7764
-178.529  260.086       1.5367
-178.529  263.728       1.2473
-178.529  267.370       1.5244
-178.529  271.013       2.4719
-174.389  -89.581       4.2578
-174.389  -85.939       4.2578
-174.389  -82.296       4.2578
-174.389  -78.654       4.2578
-174.389  -75.012       4.2578
-174.389  -71.369       4.2578
-174.389  -67.727       4.2578
-174.389  -64.084       4.2578
-174.389  -60.442       4.2578
-174.389  -56.800       4.2578
-174.389  -53.157       4.2578
-174.389  -49.515       4.2578
-174.389  -45.873       4.2578
-174.389  -42.230       4.2578
-174.389  -38.588       4.2578
-174.389  -34.946       4.2578
-174.389  -31.303       4.2578
-174.389  -27.661       4.2578
-174.389  -24.019       4.2578
-174.389  -20.376       4.2578
-174.389  -16.734       4.2578
-174.389  -13.091       4.2578
-174.389   -9.449       4.2578
-174.389   -5.807       4.2578
-174.389   -2.164       4.2578
-174.389    1.478       4.2578
-174.389    5.120       4.2578
-174.389    8.763       4.2578
-174.389   12.405       4.2578
-174.389   16.047       4.2578
-174.389   19.690       4.2578
-174.389   23.332       4.2578
-174.389   26.975       4.2578
-174.389   30.617       4.2578
-174.389   34.259       4.2578
-174.389   37.902       4.2578
-174.389   41.544       4.2578
-174.389   45.186       4.2578
-174.389   48.829       4.2578
-174.389   52.471       4.2578
-174.389   56.113       4.2578
-174.389   59.756       4.2578
-174.389   63.398       4.2578
-174.389   67.040       4.2578
-174.389   70.683       4.2578
-174.389   74.325       4.2578
-174.389   77.968       4.2578
-174.389   81.610       3.4314
-174.389   85.252       3.1896
-174.389   88.895       3.0181
-174.389   92.537       2.0892
-174.389   96.179       2.4150
-174.389   99.822       2.6049
-174.389  103.464       2.3632
-174.389  107.106       2.5347
-174.389  110.749       2.5347
-174.389  114.391       2.2301
-174.389  118.034       3.0181
-174.389  121.676       3.8446
-174.389  125.318       4.2578
-174.389  128.961       4.2578
-174.389  132.603       2.6845
-174.389  136.245       3.1896
-174.389  139.888       3.1896
-174.389  143.530       3.0181
-174.389  147.172       3.1896
-174.389  150.815       1.9753
-174.389  154.457       1.9256
-174.389  158.099       1.8371
-174.389  161.742       1.4343
-174.389  165.384       1.4037
-174.389  169.027       0.9905
-174.389  172.669       1.0932
-174.389  176.311       1.2950
-174.389  179.954       0.9028
-174.389  183.596       0.8227
-174.389  187.238       0.9247
-174.389  190.881       1.1360
-174.389  194.523       1.5124
-174.389  198.165       3.0181
-174.389  201.808       4.2578
-174.389  205.450       4.2578
-174.389  209.093       4.2578
-174.389  212.735       4.2578
-174.389  216.377       4.2578
-174.389  220.020       4.2578
-174.389  223.662       4.2578
-174.389  227.304       4.2578
-174.389  230.947       4.2578
-174.389  234.589       4.2578
-174.389  238.231       4.2578
-174.389  241.874       4.2578
-174.389  245.516       4.2578
-174.389  249.158       4.2578
-174.389  252.801       4.2578
-174.389  256.443       2.7764
-174.389  260.086       1.7423
-174.389  263.728       1.5124
-174.389  267.370       1.3652
-174.389  271.013       2.8851
-170.250  -89.581       4.2578
-170.250  -85.939       4.2578
-170.250  -82.296       4.2578
-170.250  -78.654       4.2578
-170.250  -75.012       4.2578
-170.250  -71.369       4.2578
-170.250  -67.727       4.2578
-170.250  -64.084       4.2578
-170.250  -60.442       4.2578
-170.250  -56.800       4.2578
-170.250  -53.157       4.2578
-170.250  -49.515       4.2578
-170.250  -45.873       4.2578
-170.250  -42.230       4.2578
-170.250  -38.588       4.2578
-170.250  -34.946       4.2578
-170.250  -31.303       4.2578
-170.250  -27.661       4.2578
-170.250  -24.019       4.2578
-170.250  -20.376       4.2578
-170.250  -16.734       4.2578
-170.250  -13.091       4.2578
-170.250   -9.449       4.2578
-170.250   -5.807       4.2578
-170.250   -2.164       4.2578
-170.250    1.478       4.2578
-170.250    5.120       4.2578
-170.250    8.763       4.2578
-170.250   12.405       4.2578
-170.250   16.047       4.2578
-170.250   19.690       4.2578
-170.250   23.332       4.2578
-170.250   26.975       4.2578
-170.250   30.617       4.2578
-170.250   34.259       4.2578
-170.250   37.902       4.2578
-170.250   41.544       4.2578
-170.250   45.186       4.2578
-170.250   48.829       4.2578
-170.250   52.471       4.2578
-170.250   56.113       4.2578
-170.250   59.756       4.2578
-170.250   63.398       4.2578
-170.250   67.040       4.2578
-170.250   70.683       4.2578
-170.250   74.325       4.2578
-170.250   77.968       4.2578
-170.250   81.610       4.2578
-170.250   85.252       3.1896
-170.250   88.895       2.2301
-170.250   92.537       1.8169
-170.250   96.179       2.1215
-170.250   99.822       2.2713
-170.250  103.464       2.2713
-170.250  107.106       2.2301
-170.250  110.749       2.6049
-170.250  114.391       2.4719
-170.250  118.034       2.5347
-170.250  121.676       3.0181
-170.250  125.318       3.8446
-170.250  128.961       4.2578
-170.250  132.603       3.4314
-170.250  136.245       3.8446
-170.250  139.888       3.4314
-170.250  143.530       2.4150
-170.250  147.172       2.5347
-170.250  150.815       2.7764
-170.250  154.457       2.0018
-170.250  158.099       1.3652
-170.250  161.742       1.2102
-170.250  165.384       1.0263
-170.250  169.027       1.0644
-170.250  172.669       1.2868
-170.250  176.311       0.9071
-170.250  179.954       0.6889
-170.250  183.596       0.8654
-170.250  187.238       1.0932
-170.250  190.881       1.9499
-170.250  194.523       2.6049
-170.250  198.165       4.2578
-170.250  201.808       4.2578
-170.250  205.450       4.2578
-170.250  209.093       4.2578
-170.250  212.735       4.2578
-170.250  216.377       4.2578
-170.250  220.020       4.2578
-170.250  223.662       4.2578
-170.250  227.304       4.2578
-170.250  230.947       4.2578
-170.250  234.589       4.2578
-170.250  238.231       4.2578
-170.250  241.874       4.2578
-170.250  245.516       4.2578
-170.250  249.158       4.2578
-170.250  252.801       4.2578
-170.250  256.443       3.4314
-170.250  260.086       2.1555
-170.250  263.728       1.3841
-170.250  267.370       1.5493
-170.250  271.013       2.7764
-166.110  -89.581       4.2578
-166.110  -85.939       4.2578
-166.110  -82.296       4.2578
-166.110  -78.654       4.2578
-166.110  -75.012       4.2578
-166.110  -71.369       4.2578
-166.110  -67.727       4.2578
-166.110  -64.084       4.2578
-166.110  -60.442       4.2578
-166.110  -56.800       4.2578
-166.110  -53.157       4.2578
-166.110  -49.515       4.2578
-166.110  -45.873       4.2578
-166.110  -42.230       4.2578
-166.110  -38.588       4.2578
-166.110  -34.946       4.2578
-166.110  -31.303       4.2578
-166.110  -27.661       4.2578
-166.110  -24.019       4.2578
-166.110  -20.376       4.2578
-166.110  -16.734       4.2578
-166.110  -13.091       4.2578
-166.110   -9.449       4.2578
-166.110   -5.807       4.2578
-166.110   -2.164       4.2578
-166.110    1.478       4.2578
-166.110    5.120       4.2578
-166.110    8.763       4.2578
-166.110   12.405       4.2578
-166.110   16.047       4.2578
-166.110   19.690       4.2578
-166.110   23.332       4.2578
-166.110   26.975       4.2578
-166.110   30.617       4.2578
-166.110   34.259       4.2578
-166.110   37.902       4.2578
-166.110   41.544       4.2578
-166.110   45.186       4.2578
-166.110   48.829       4.2578
-166.110   52.471       4.2578
-166.110   56.113       4.2578
-166.110   59.756       4.2578
-166.110   63.398       4.2578
-166.110   67.040       4.2578
-166.110   70.683       4.2578
-166.110   74.325       4.2578
-166.110   77.968       4.2578
-166.110   81.610       4.2578
-166.110   85.252       3.0181
-166.110   88.895       2.3632
-166.110   92.537       2.1917
-166.110   96.179       2.0586
-166.110   99.822       1.9499
-166.110  103.464       1.8797
-166.110  107.106       2.2713
-166.110  110.749       2.0892
-166.110  114.391       2.6845
-166.110  118.034       2.6049
-166.110  121.676       2.8851
-166.110  125.318       3.4314
-166.110  128.961       4.2578
-166.110  132.603       3.4314
-166.110  136.245       3.1896
-166.110  139.888       2.4150
-166.110  143.530       2.5347
-166.110  147.172       2.4719
-166.110  150.815       2.3155
-166.110  154.457       1.5244
-166.110  158.099       1.0644
-166.110  161.742       0.9757
-166.110  165.384       0.9954
-166.110  169.027       1.0992
-166.110  172.669       1.3938
-166.110  176.311       1.0369
-166.110  179.954       0.7621
-166.110  183.596       0.8614
-166.110  187.238       1.5124
-166.110  190.881       2.1917
-166.110  194.523       2.6845
-166.110  198.165       4.2578
-166.110  201.808       4.2578
-166.110  205.450       4.2578
-166.110  209.093       4.2578
-166.110  212.735       4.2578
-166.110  216.377       4.2578
-166.110  220.020       4.2578
-166.110  223.662       4.2578
-166.110  227.304       4.2578
-166.110  230.947       4.2578
-166.110  234.589       4.2578
-166.110  238.231       4.2578
-166.110  241.874       4.2578
-166.110  245.516       4.2578
-166.110  249.158       4.2578
-166.110  252.801       4.2578
-166.110  256.443       3.8446
-166.110  260.086       2.5347
-166.110  263.728       1.4448
-166.110  267.370       1.5493
-166.110  271.013       3.1896
-161.971  -89.581       4.2578
-161.971  -85.939       4.2578
-161.971  -82.296       4.2578
-161.971  -78.654       4.2578
-161.971  -75.012       4.2578
-161.971  -71.369       4.2578
-161.971  -67.727       4.2578
-161.971  -64.084       4.2578
-161.971  -60.442       4.2578
-161.971  -56.800       4.2578
-161.971  -53.157       4.2578
-161.971  -49.515       4.2578
-161.971  -45.873       4.2578
-161.971  -42.230       4.2578
-161.971  -38.588       4.2578
-161.971  -34.946       4.2578
-161.971  -31.303       4.2578
-161.971  -27.661       4.2578
-161.971  -24.019       4.2578
-161.971  -20.376       4.2578
-161.971  -16.734       4.2578
-161.971  -13.091       4.2578
-161.971   -9.449       4.2578
-161.971   -5.807       4.2578
-161.971   -2.164       4.2578
-161.971    1.478       4.2578
-161.971    5.120       4.2578
-161.971    8.763       4.2578
-161.971   12.405       4.2578
-161.971   16.047       4.2578
-161.971   19.690       4.2578
-161.971   23.332       4.2578
-161.971   26.975       4.2578
-161.971   30.617       4.2578
-161.971   34.259       4.2578
-161.971   37.902       4.2578
-161.971   41.544       4.2578
-161.971   45.186       4.2578
-161.971   48.829       4.2578
-161.971   52.471       4.2578
-161.971   56.113       4.2578
-161.971   59.756       4.2578
-161.971   63.398       4.2578
-161.971   67.040       4.2578
-161.971   70.683       4.2578
-161.971   74.325       4.2578
-161.971   77.968       4.2578
-161.971   81.610       4.2578
-161.971   85.252       4.2578
-161.971   88.895       3.8446
-161.971   92.537       1.9753
-161.971   96.179       1.8797
-161.971   99.822       2.0018
-161.971  103.464       2.3155
-161.971  107.106       2.0018
-161.971  110.749       2.0892
-161.971  114.391       2.1555
-161.971  118.034       2.6049
-161.971  121.676       2.4150
-161.971  125.318       2.6845
-161.971  128.961       3.4314
-161.971  132.603       3.0181
-161.971  136.245       2.4150
-161.971  139.888       2.7764
-161.971  143.530       2.3632
-161.971  147.172       2.0296
-161.971  150.815       2.1917
-161.971  154.457       1.2628
-161.971  158.099       0.8379
-161.971  161.742       0.7103
-161.971  165.384       0.8735
-161.971  169.027       1.2397
-161.971  172.669       1.3379
-161.971  176.311       1.0423
-161.971  179.954       0.8340
-161.971  183.596       1.0263
-161.971  187.238       1.6023
-161.971  190.881       2.2301
-161.971  194.523       2.8851
-161.971  198.165       4.2578
-161.971  201.808       4.2578
-161.971  205.450       4.2578
-161.971  209.093       4.2578
-161.971  212.735       4.2578
-161.971  216.377       4.2578
-161.971  220.020       4.2578
-161.971  223.662       4.2578
-161.971  227.304       4.2578
-161.971  230.947       4.2578
-161.971  234.589       4.2578
-161.971  238.231       4.2578
-161.971  241.874       4.2578
-161.971  245.516       4.2578
-161.971  249.158       4.2578
-161.971  252.801       4.2578
-161.971  256.443       4.2578
-161.971  260.086       2.7764
-161.971  263.728       1.8580
-161.971  267.370       1.8169
-161.971  271.013       3.8446
-157.831  -89.581       4.2578
-157.831  -85.939       4.2578
-157.831  -82.296       4.2578
-157.831  -78.654       4.2578
-157.831  -75.012       4.2578
-157.831  -71.369       4.2578
-157.831  -67.727       4.2578
-157.831  -64.084       4.2578
-157.831  -60.442       4.2578
-157.831  -56.800       4.2578
-157.831  -53.157       4.2578
-157.831  -49.515       4.2578
-157.831  -45.873       4.2578
-157.831  -42.230       4.2578
-157.831  -38.588       4.2578
-157.831  -34.946       4.2578
-157.831  -31.303       4.2578
-157.831  -27.661       4.2578
-157.831  -24.019       4.2578
-157.831  -20.376       4.2578
-157.831  -16.734       4.2578
-157.831  -13.091       4.2578
-157.831   -9.449       4.2578
-157.831   -5.807       4.2578
-157.831   -2.164       4.2578
-157.831    1.478       4.2578
-157.831    5.120       4.2578
-157.831    8.763       4.2578
-157.831   12.405       4.2578
-157.831   16.047       4.2578
-157.831   19.690       4.2578
-157.831   23.332       4.2578
-157.831   26.975       4.2578
-157.831   30.617       4.2578
-157.831   34.259       4.2578
-157.831   37.902       4.2578
-157.831   41.544       4.2578
-157.831   45.186       4.2578
-157.831   48.829       4.2578
-157.831   52.471       4.2578
-157.831   56.113       4.2578
-157.831   59.756       4.2578
-157.831   63.398       4.2578
-157.831   67.040       4.2578
-157.831   70.683       4.2578
-157.831   74.325       4.2578
-157.831   77.968       4.2578
-157.831   81.610       4.2578
-157.831   85.252       4.2578
-157.831   88.895       3.8446
-157.831   92.537       2.7764
-157.831   96.179       2.8851
-157.831   99.822       2.1555
-157.831  103.464       2.6049
-157.831  107.106       2.7764
-157.831  110.749       2.7764
-157.831  114.391       2.2301
-157.831  118.034       2.7764
-157.831  121.676       2.4150
-157.831  125.318       2.4150
-157.831  128.961       2.8851
-157.831  132.603       2.6845
-157.831  136.245       2.2301
-157.831  139.888       2.5347
-157.831  143.530       2.0296
-157.831  147.172       2.0586
-157.831  150.815       2.0296
-157.831  154.457       1.1489
-157.831  158.099       0.7487
-157.831  161.742       0.6264
-157.831  165.384       0.7292
-157.831  169.027       1.5367
-157.831  172.669       1.3938
-157.831  176.311       1.1173
-157.831  179.954       1.0056
-157.831  183.596       1.4037
-157.831  187.238       2.4150
-157.831  190.881       2.6845
-157.831  194.523       2.8851
-157.831  198.165       3.8446
-157.831  201.808       4.2578
-157.831  205.450       4.2578
-157.831  209.093       4.2578
-157.831  212.735       4.2578
-157.831  216.377       4.2578
-157.831  220.020       4.2578
-157.831  223.662       4.2578
-157.831  227.304       4.2578
-157.831  230.947       4.2578
-157.831  234.589       4.2578
-157.831  238.231       4.2578
-157.831  241.874       4.2578
-157.831  245.516       4.2578
-157.831  249.158       4.2578
-157.831  252.801       4.2578
-157.831  256.443       4.2578
-157.831  260.086       3.8446
-157.831  263.728       2.4719
-157.831  267.370       2.3632
-157.831  271.013       3.4314
-153.692  -89.581       4.2578
-153.692  -85.939       4.2578
-153.692  -82.296       4.2578
-153.692  -78.654       4.2578
-153.692  -75.012       4.2578
-153.692  -71.369       4.2578
-153.692  -67.727       4.2578
-153.692  -64.084       4.2578
-153.692  -60.442       4.2578
-153.692  -56.800       4.2578
-153.692  -53.157       4.2578
-153.692  -49.515       4.2578
-153.692  -45.873       4.2578
-153.692  -42.230       4.2578
-153.692  -38.588       4.2578
-153.692  -34.946       4.2578
-153.692  -31.303       4.2578
-153.692  -27.661       4.2578
-153.692  -24.019       4.2578
-153.692  -20.376       4.2578
-153.692  -16.734       4.2578
-153.692  -13.091       4.2578
-153.692   -9.449       4.2578
-153.692   -5.807       4.2578
-153.692   -2.164       4.2578
-153.692    1.478       4.2578
-153.692    5.120       4.2578
-153.692    8.763       4.2578
-153.692   12.405       4.2578
-153.692   16.047       4.2578
-153.692   19.690       4.2578
-153.692   23.332       4.2578
-153.692   26.975       4.2578
-153.692   30.617       4.2578
-153.692   34.259       4.2578
-153.692   37.902       4.2578
-153.692   41.544       4.2578
-153.692   45.186       4.2578
-153.692   48.829       4.2578
-153.692   52.471       4.2578
-153.692   56.113       4.2578
-153.692   59.756       4.2578
-153.692   63.398       4.2578
-153.692   67.040       4.2578
-153.692   70.683       4.2578
-153.692   74.325       4.2578
-153.692   77.968       4.2578
-153.692   81.610       4.2578
-153.692   85.252       4.2578
-153.692   88.895       4.2578
-153.692   92.537       4.2578
-153.692   96.179       3.1896
-153.692   99.822       2.8851
-153.692  103.464       2.5347
-153.692  107.106       3.1896
-153.692  110.749       3.1896
-153.692  114.391       2.3632
-153.692  118.034       2.6845
-153.692  121.676       2.3632
-153.692  125.318       2.6845
-153.692  128.961       2.4150
-153.692  132.603       2.8851
-153.692  136.245       2.5347
-153.692  139.888       2.8851
-153.692  143.530       2.3632
-153.692  147.172       2.2713
-153.692  150.815       2.4719
-153.692  154.457       1.3118
-153.692  158.099       0.7010
-153.692  161.742       0.5411
-153.692  165.384       0.8340
-153.692  169.027       1.3746
-153.692  172.669       1.3938
-153.692  176.311       1.0005
-153.692  179.954       0.9954
-153.692  183.596       1.4448
-153.692  187.238       1.9499
-153.692  190.881       1.9022
-153.692  194.523       2.4719
-153.692  198.165       4.2578
-153.692  201.808       4.2578
-153.692  205.450       4.2578
-153.692  209.093       4.2578
-153.692  212.735       4.2578
-153.692  216.377       4.2578
-153.692  220.020       4.2578
-153.692  223.662       4.2578
-153.692  227.304       4.2578
-153.692  230.947       4.2578
-153.692  234.589       4.2578
-153.692  238.231       4.2578
-153.692  241.874       4.2578
-153.692  245.516       4.2578
-153.692  249.158       4.2578
-153.692  252.801       4.2578
-153.692  256.443       4.2578
-153.692  260.086       4.2578
-153.692  263.728       3.4314
-153.692  267.370       3.4314
-153.692  271.013       4.2578
-149.552  -89.581       4.2578
-149.552  -85.939       4.2578
-149.552  -82.296       4.2578
-149.552  -78.654       4.2578
-149.552  -75.012       4.2578
-149.552  -71.369       4.2578
-149.552  -67.727       4.2578
-149.552  -64.084       4.2578
-149.552  -60.442       4.2578
-149.552  -56.800       4.2578
-149.552  -53.157       4.2578
-149.552  -49.515       4.2578
-149.552  -45.873       4.2578
-149.552  -42.230       4.2578
-149.552  -38.588       4.2578
-149.552  -34.946       4.2578
-149.552  -31.303       4.2578
-149.552  -27.661       4.2578
-149.552  -24.019       4.2578
-149.552  -20.376       4.2578
-149.552  -16.734       4.2578
-149.552  -13.091       4.2578
-149.552   -9.449       4.2578
-149.552   -5.807       4.2578
-149.552   -2.164       4.2578
-149.552    1.478       4.2578
-149.552    5.120       4.2578
-149.552    8.763       4.2578
-149.552   12.405       4.2578
-149.552   16.047       4.2578
-149.552   19.690       4.2578
-149.552   23.332       4.2578
-149.552   26.975       4.2578
-149.552   30.617       4.2578
-149.552   34.259       4.2578
-149.552   37.902       4.2578
-149.552   41.544       4.2578
-149.552   45.186       4.2578
-149.552   48.829       4.2578
-149.552   52.471       4.2578
-149.552   56.113       4.2578
-149.552   59.756       4.2578
-149.552   63.398       4.2578
-149.552   67.040       4.2578
-149.552   70.683       4.2578
-149.552   74.325       4.2578
-149.552   77.968       4.2578
-149.552   81.610       4.2578
-149.552   85.252       4.2578
-149.552   88.895       4.2578
-149.552   92.537       4.2578
-149.552   96.179       4.2578
-149.552   99.822       3.1896
-149.552  103.464       2.4719
-149.552  107.106       2.6845
-149.552  110.749       2.7764
-149.552  114.391       2.5347
-149.552  118.034       2.6845
-149.552  121.676       2.7764
-149.552  125.318       3.4314
-149.552  128.961       4.2578
-149.552  132.603       3.1896
-149.552  136.245       3.8446
-149.552  139.888       2.6845
-149.552  143.530       2.3632
-149.552  147.172       2.4150
-149.552  150.815       2.4150
-149.552  154.457       1.3379
-149.552  158.099       0.7934
-149.552  161.742       0.7072
-149.552  165.384       1.1235
-149.552  169.027       1.5752
-149.552  172.669       1.4239
-149.552  176.311       1.0644
-149.552  179.954       1.2248
-149.552  183.596       1.6023
-149.552  187.238       1.8169
-149.552  190.881       2.2301
-149.552  194.523       3.0181
-149.552  198.165       3.8446
-149.552  201.808       4.2578
-149.552  205.450       4.2578
-149.552  209.093       4.2578
-149.552  212.735       4.2578
-149.552  216.377       4.2578
-149.552  220.020       4.2578
-149.552  223.662       4.2578
-149.552  227.304       4.2578
-149.552  230.947       4.2578
-149.552  234.589       4.2578
-149.552  238.231       4.2578
-149.552  241.874       4.2578
-149.552  245.516       4.2578
-149.552  249.158       4.2578
-149.552  252.801       4.2578
-149.552  256.443       4.2578
-149.552  260.086       4.2578
-149.552  263.728       4.2578
-149.552  267.370       4.2578
-149.552  271.013       4.2578
-145.413  -89.581       4.2578
-145.413  -85.939       4.2578
-145.413  -82.296       4.2578
-145.413  -78.654       4.2578
-145.413  -75.012       4.2578
-145.413  -71.369       4.2578
-145.413  -67.727       4.2578
-145.413  -64.084       4.2578
-145.413  -60.442       4.2578
-145.413  -56.800       4.2578
-145.413  -53.157       4.2578
-145.413  -49.515       4.2578
-145.413  -45.873       4.2578
-145.413  -42.230       4.2578
-145.413  -38.588       4.2578
-145.413  -34.946       4.2578
-145.413  -31.303       4.2578
-145.413  -27.661       4.2578
-145.413  -24.019       4.2578
-145.413  -20.376       4.2578
-145.413  -16.734       4.2578
-145.413  -13.091       4.2578
-145.413   -9.449       4.2578
-145.413   -5.807       4.2578
-145.413   -2.164       4.2578
-145.413    1.478       4.2578
-145.413    5.120       4.2578
-145.413    8.763       4.2578
-145.413   12.405       4.2578
-145.413   16.047       4.2578
-145.413   19.690       4.2578
-145.413   23.332       4.2578
-145.413   26.975       4.2578
-145.413   30.617       4.2578
-145.413   34.259       4.2578
-145.413   37.902       4.2578
-145.413   41.544       4.2578
-145.413   45.186       4.2578
-145.413   48.829       4.2578
-145.413   52.471       4.2578
-145.413   56.113       4.2578
-145.413   59.756       4.2578
-145.413   63.398       4.2578
-145.413   67.040       4.2578
-145.413   70.683       4.2578
-145.413   74.325       4.2578
-145.413   77.968       4.2578
-145.413   81.610       4.2578
-145.413   85.252       4.2578
-145.413   88.895       4.2578
-145.413   92.537       4.2578
-145.413   96.179       4.2578
-145.413   99.822       2.8851
-145.413  103.464       2.5347
-145.413  107.106       3.8446
-145.413  110.749       2.7764
-145.413  114.391       2.2713
-145.413  118.034       2.7764
-145.413  121.676       4.2578
-145.413  125.318       4.2578
-145.413  128.961       4.2578
-145.413  132.603       3.8446
-145.413  136.245       2.3632
-145.413  139.888       2.3155
-145.413  143.530       2.6049
-145.413  147.172       2.1917
-145.413  150.815       1.8797
-145.413  154.457       1.1960
-145.413  158.099       0.9520
-145.413  161.742       0.9855
-145.413  165.384       1.5367
-145.413  169.027       1.4665
-145.413  172.669       1.1297
-145.413  176.311       0.9806
-145.413  179.954       1.1297
-145.413  183.596       1.2707
-145.413  187.238       1.6605
-145.413  190.881       2.3155
-145.413  194.523       2.8851
-145.413  198.165       4.2578
-145.413  201.808       4.2578
-145.413  205.450       4.2578
-145.413  209.093       4.2578
-145.413  212.735       4.2578
-145.413  216.377       4.2578
-145.413  220.020       4.2578
-145.413  223.662       4.2578
-145.413  227.304       4.2578
-145.413  230.947       4.2578
-145.413  234.589       4.2578
-145.413  238.231       4.2578
-145.413  241.874       4.2578
-145.413  245.516       4.2578
-145.413  249.158       4.2578
-145.413  252.801       4.2578
-145.413  256.443       4.2578
-145.413  260.086       4.2578
-145.413  263.728       4.2578
-145.413  267.370       4.2578
-145.413  271.013       4.2578
-141.273  -89.581       4.2578
-141.273  -85.939       4.2578
-141.273  -82.296       4.2578
-141.273  -78.654       4.2578
-141.273  -75.012       4.2578
-141.273  -71.369       4.2578
-141.273  -67.727       4.2578
-141.273  -64.084       4.2578
-141.273  -60.442       4.2578
-141.273  -56.800       4.2578
-141.273  -53.157       4.2578
-141.273  -49.515       4.2578
-141.273  -45.873       4.2578
-141.273  -42.230       4.2578
-141.273  -38.588       4.2578
-141.273  -34.946       4.2578
-141.273  -31.303       4.2578
-141.273  -27.661       4.2578
-141.273  -24.019       4.2578
-141.273  -20.376       4.2578
-141.273  -16.734       4.2578
-141.273  -13.091       4.2578
-141.273   -9.449       4.2578
-141.273   -5.807       4.2578
-141.273   -2.164       4.2578
-141.273    1.478       4.2578
-141.273    5.120       4.2578
-141.273    8.763       4.2578
-141.273   12.405       4.2578
-141.273   16.047       4.2578
-141.273   19.690       4.2578
-141.273   23.332       4.2578
-141.273   26.975       4.2578
-141.273   30.617       4.2578
-141.273   34.259       4.2578
-141.273   37.902       4.2578
-141.273   41.544       4.2578
-141.273   45.186       4.2578
-141.273   48.829       4.2578
-141.273   52.471       4.2578
-141.273   56.113       4.2578
-141.273   59.756       4.2578
-141.273   63.398       4.2578
-141.273   67.040       4.2578
-141.273   70.683       4.2578
-141.273   74.325       4.2578
-141.273   77.968       4.2578
-141.273   81.610       4.2578
-141.273   85.252       4.2578
-141.273   88.895       4.2578
-141.273   92.537       4.2578
-141.273   96.179       3.8446
-141.273   99.822       2.8851
-141.273  103.464       2.5347
-141.273  107.106       3.8446
-141.273  110.749       3.4314
-141.273  114.391       2.6845
-141.273  118.034       3.4314
-141.273  121.676       4.2578
-141.273  125.318       4.2578
-141.273  128.961       4.2578
-141.273  132.603       3.1896
-141.273  136.245       2.6049
-141.273  139.888       2.5347
-141.273  143.530       2.8851
-141.273  147.172       2.4150
-141.273  150.815       1.6307
-141.273  154.457       0.8116
-141.273  158.099       0.8302
-141.273  161.742       1.2628
-141.273  165.384       1.5124
-141.273  169.027       1.5244
-141.273  172.669       1.0992
-141.273  176.311       0.8042
-141.273  179.954       0.9158
-141.273  183.596       1.1424
-141.273  187.238       1.5367
-141.273  190.881       2.5347
-141.273  194.523       4.2578
-141.273  198.165       4.2578
-141.273  201.808       4.2578
-141.273  205.450       4.2578
-141.273  209.093       4.2578
-141.273  212.735       4.2578
-141.273  216.377       4.2578
-141.273  220.020       4.2578
-141.273  223.662       4.2578
-141.273  227.304       4.2578
-141.273  230.947       4.2578
-141.273  234.589       4.2578
-141.273  238.231       4.2578
-141.273  241.874       4.2578
-141.273  245.516       4.2578
-141.273  249.158       4.2578
-141.273  252.801       4.2578
-141.273  256.443       4.2578
-141.273  260.086       4.2578
-141.273  263.728       4.2578
-141.273  267.370       4.2578
-141.273  271.013       4.2578
-137.133  -89.581       4.2578
-137.133  -85.939       4.2578
-137.133  -82.296       4.2578
-137.133  -78.654       4.2578
-137.133  -75.012       4.2578
-137.133  -71.369       4.2578
-137.133  -67.727       4.2578
-137.133  -64.084       4.2578
-137.133  -60.442       4.2578
-137.133  -56.800       4.2578
-137.133  -53.157       4.2578
-137.133  -49.515       4.2578
-137.133  -45.873       4.2578
-137.133  -42.230       4.2578
-137.133  -38.588       4.2578
-137.133  -34.946       4.2578
-137.133  -31.303       4.2578
-137.133  -27.661       4.2578
-137.133  -24.019       4.2578
-137.133  -20.376       4.2578
-137.133  -16.734       4.2578
-137.133  -13.091       4.2578
-137.133   -9.449       4.2578
-137.133   -5.807       4.2578
-137.133   -2.164       4.2578
-137.133    1.478       4.2578
-137.133    5.120       4.2578
-137.133    8.763       4.2578
-137.133   12.405       4.2578
-137.133   16.047       4.2578
-137.133   19.690       4.2578
-137.133   23.332       4.2578
-137.133   26.975       4.2578
-137.133   30.617       4.2578
-137.133   34.259       4.2578
-137.133   37.902       4.2578
-137.133   41.544       4.2578
-137.133   45.186       4.2578
-137.133   48.829       4.2578
-137.133   52.471       4.2578
-137.133   56.113       4.2578
-137.133   59.756       4.2578
-137.133   63.398       4.2578
-137.133   67.040       4.2578
-137.133   70.683       4.2578
-137.133   74.325       4.2578
-137.133   77.968       4.2578
-137.133   81.610       4.2578
-137.133   85.252       4.2578
-137.133   88.895       4.2578
-137.133   92.537       4.2578
-137.133   96.179       3.4314
-137.133   99.822       2.5347
-137.133  103.464       2.7764
-137.133  107.106       2.7764
-137.133  110.749       3.1896
-137.133  114.391       3.1896
-137.133  118.034       3.4314
-137.133  121.676       4.2578
-137.133  125.318       4.2578
-137.133  128.961       4.2578
-137.133  132.603       2.4719
-137.133  136.245       2.5347
-137.133  139.888       3.1896
-137.133  143.530       2.7764
-137.133  147.172       2.4150
-137.133  150.815       1.3118
-137.133  154.457       0.8417
-137.133  158.099       0.9291
-137.133  161.742       1.5493
-137.133  165.384       1.4776
-137.133  169.027       1.1754
-137.133  172.669       1.0478
-137.133  176.311       0.7899
-137.133  179.954       0.9247
-137.133  183.596       1.2322
-137.133  187.238       1.6919
-137.133  190.881       3.1896
-137.133  194.523       3.8446
-137.133  198.165       4.2578
-137.133  201.808       4.2578
-137.133  205.450       4.2578
-137.133  209.093       4.2578
-137.133  212.735       4.2578
-137.133  216.377       4.2578
-137.133  220.020       4.2578
-137.133  223.662       4.2578
-137.133  227.304       4.2578
-137.133  230.947       4.2578
-137.133  234.589       4.2578
-137.133  238.231       4.2578
-137.133  241.874       4.2578
-137.133  245.516       4.2578
-137.133  249.158       4.2578
-137.133  252.801       4.2578
-137.133  256.443       4.2578
-137.133  260.086       4.2578
-137.133  263.728       4.2578
-137.133  267.370       4.2578
-137.133  271.013       4.2578
-132.994  -89.581       4.2578
-132.994  -85.939       4.2578
-132.994  -82.296       4.2578
-132.994  -78.654       4.2578
-132.994  -75.012       4.2578
-132.994  -71.369       4.2578
-132.994  -67.727       4.2578
-132.994  -64.084       4.2578
-132.994  -60.442       4.2578
-132.994  -56.800       4.2578
-132.994  -53.157       4.2578
-132.994  -49.515       4.2578
-132.994  -45.873       4.2578
-132.994  -42.230       4.2578
-132.994  -38.588       4.2578
-132.994  -34.946       4.2578
-132.994  -31.303       4.2578
-132.994  -27.661       4.2578
-132.994  -24.019       4.2578
-132.994  -20.376       4.2578
-132.994  -16.734       4.2578
-132.994  -13.091       4.2578
-132.994   -9.449       4.2578
-132.994   -5.807       4.2578
-132.994   -2.164       4.2578
-132.994    1.478       4.2578
-132.994    5.120       4.2578
-132.994    8.763       4.2578
-132.994   12.405       4.2578
-132.994   16.047       4.2578
-132.994   19.690       4.2578
-132.994   23.332       4.2578
-132.994   26.975       4.2578
-132.994   30.617       4.2578
-132.994   34.259       4.2578
-132.994   37.902       4.2578
-132.994   41.544       4.2578
-132.994   45.186       4.2578
-132.994   48.829       4.2578
-132.994   52.471       4.2578
-132.994   56.113       4.2578
-132.994   59.756       4.2578
-132.994   63.398       4.2578
-132.994   67.040       4.2578
-132.994   70.683       4.2578
-132.994   74.325       4.2578
-132.994   77.968       4.2578
-132.994   81.610       4.2578
-132.994   85.252       4.2578
-132.994   88.895       4.2578
-132.994   92.537       3.8446
-132.994   96.179       3.1896
-132.994   99.822       3.0181
-132.994  103.464       2.6845
-132.994  107.106       2.6049
-132.994  110.749       3.4314
-132.994  114.391       3.1896
-132.994  118.034       3.8446
-132.994  121.676       4.2578
-132.994  125.318       4.2578
-132.994  128.961       3.8446
-132.994  132.603       4.2578
-132.994  136.245       2.7764
-132.994  139.888       4.2578
-132.994  143.530       3.8446
-132.994  147.172       2.0892
-132.994  150.815       1.5244
-132.994  154.457       1.0758
-132.994  158.099       1.0158
-132.994  161.742       1.1822
-132.994  165.384       1.1686
-132.994  169.027       1.1620
-132.994  172.669       1.1822
-132.994  176.311       1.1620
-132.994  179.954       1.0932
-132.994  183.596       1.3033
-132.994  187.238       1.9022
-132.994  190.881       2.8851
-132.994  194.523       4.2578
-132.994  198.165       4.2578
-132.994  201.808       4.2578
-132.994  205.450       4.2578
-132.994  209.093       4.2578
-132.994  212.735       4.2578
-132.994  216.377       4.2578
-132.994  220.020       4.2578
-132.994  223.662       4.2578
-132.994  227.304       4.2578
-132.994  230.947       4.2578
-132.994  234.589       4.2578
-132.994  238.231       4.2578
-132.994  241.874       4.2578
-132.994  245.516       4.2578
-132.994  249.158       4.2578
-132.994  252.801       4.2578
-132.994  256.443       4.2578
-132.994  260.086       4.2578
-132.994  263.728       4.2578
-132.994  267.370       4.2578
-132.994  271.013       4.2578
-128.854  -89.581       4.2578
-128.854  -85.939       4.2578
-128.854  -82.296       4.2578
-128.854  -78.654       4.2578
-128.854  -75.012       4.2578
-128.854  -71.369       4.2578
-128.854  -67.727       4.2578
-128.854  -64.084       4.2578
-128.854  -60.442       4.2578
-128.854  -56.800       4.2578
-128.854  -53.157       4.2578
-128.854  -49.515       4.2578
-128.854  -45.873       4.2578
-128.854  -42.230       4.2578
-128.854  -38.588       4.2578
-128.854  -34.946       4.2578
-128.854  -31.303       4.2578
-128.854  -27.661       4.2578
-128.854  -24.019       4.2578
-128.854  -20.376       4.2578
-128.854  -16.734       4.2578
-128.854  -13.091       4.2578
-128.854   -9.449       4.2578
-128.854   -5.807       4.2578
-128.854   -2.164       4.2578
-128.854    1.478       4.2578
-128.854    5.120       4.2578
-128.854    8.763       4.2578
-128.854   12.405       4.2578
-128.854   16.047       4.2578
-128.854   19.690       4.2578
-128.854   23.332       4.2578
-128.854   26.975       4.2578
-128.854   30.617       4.2578
-128.854   34.259       4.2578
-128.854   37.902       4.2578
-128.854   41.544       4.2578
-128.854   45.186       4.2578
-128.854   48.829       4.2578
-128.854   52.471       4.2578
-128.854   56.113       4.2578
-128.854   59.756       4.2578
-128.854   63.398       4.2578
-128.854   67.040       4.2578
-128.854   70.683       4.2578
-128.854   74.325       4.2578
-128.854   77.968       4.2578
-128.854   81.610       4.2578
-128.854   85.252       4.2578
-128.854   88.895       4.2578
-128.854   92.537       3.8446
-128.854   96.179       3.0181
-128.854   99.822       3.0181
-128.854  103.464       2.6845
-128.854  107.106       3.0181
-128.854  110.749       2.6049
-128.854  114.391       3.4314
-128.854  118.034       3.8446
-128.854  121.676       4.2578
-128.854  125.318       4.2578
-128.854  128.961       4.2578
-128.854  132.603       4.2578
-128.854  136.245       2.5347
-128.854  139.888       4.2578
-128.854  143.530       3.1896
-128.854  147.172       1.9499
-128.854  150.815       1.4343
-128.854  154.457       1.0873
-128.854  158.099       1.1686
-128.854  161.742       1.2031
-128.854  165.384       1.2175
-128.854  169.027       1.2031
-128.854  172.669       1.4343
-128.854  176.311       1.5886
-128.854  179.954       1.5244
-128.854  183.596       1.9256
-128.854  187.238       2.4150
-128.854  190.881       3.1896
-128.854  194.523       4.2578
-128.854  198.165       4.2578
-128.854  201.808       4.2578
-128.854  205.450       4.2578
-128.854  209.093       4.2578
-128.854  212.735       4.2578
-128.854  216.377       4.2578
-128.854  220.020       4.2578
-128.854  223.662       4.2578
-128.854  227.304       4.2578
-128.854  230.947       4.2578
-128.854  234.589       4.2578
-128.854  238.231       4.2578
-128.854  241.874       4.2578
-128.854  245.516       4.2578
-128.854  249.158       4.2578
-128.854  252.801       4.2578
-128.854  256.443       4.2578
-128.854  260.086       4.2578
-128.854  263.728       4.2578
-128.854  267.370       4.2578
-128.854  271.013       4.2578
-124.715  -89.581       4.2578
-124.715  -85.939       4.2578
-124.715  -82.296       4.2578
-124.715  -78.654       4.2578
-124.715  -75.012       4.2578
-124.715  -71.369       4.2578
-124.715  -67.727       4.2578
-124.715  -64.084       4.2578
-124.715  -60.442       4.2578
-124.715  -56.800       4.2578
-124.715  -53.157       4.2578
-124.715  -49.515       4.2578
-124.715  -45.873       4.2578
-124.715  -42.230       4.2578
-124.715  -38.588       4.2578
-124.715  -34.946       4.2578
-124.715  -31.303       4.2578
-124.715  -27.661       4.2578
-124.715  -24.019       4.2578
-124.715  -20.376       4.2578
-124.715  -16.734       4.2578
-124.715  -13.091       4.2578
-124.715   -9.449       4.2578
-124.715   -5.807       4.2578
-124.715   -2.164       4.2578
-124.715    1.478       4.2578
-124.715    5.120       4.2578
-124.715    8.763       4.2578
-124.715   12.405       4.2578
-124.715   16.047       4.2578
-124.715   19.690       4.2578
-124.715   23.332       4.2578
-124.715   26.975       4.2578
-124.715   30.617       4.2578
-124.715   34.259       4.2578
-124.715   37.902       4.2578
-124.715   41.544       4.2578
-124.715   45.186       4.2578
-124.715   48.829       4.2578
-124.715   52.471       4.2578
-124.715   56.113       4.2578
-124.715   59.756       4.2578
-124.715   63.398       4.2578
-124.715   67.040       4.2578
-124.715   70.683       4.2578
-124.715   74.325       4.2578
-124.715   77.968       4.2578
-124.715   81.610       4.2578
-124.715   85.252       4.2578
-124.715   88.895       4.2578
-124.715   92.537       4.2578
-124.715   96.179       3.8446
-124.715   99.822       3.8446
-124.715  103.464       2.8851
-124.715  107.106       2.7764
-124.715  110.749       3.1896
-124.715  114.391       3.4314
-124.715  118.034       4.2578
-124.715  121.676       4.2578
-124.715  125.318       4.2578
-124.715  128.961       4.2578
-124.715  132.603       4.2578
-124.715  136.245       4.2578
-124.715  139.888       2.7764
-124.715  143.530       2.8851
-124.715  147.172       1.6760
-124.715  150.815       1.4448
-124.715  154.457       1.2473
-124.715  158.099       1.3118
-124.715  161.742       1.3379
-124.715  165.384       1.3469
-124.715  169.027       1.2628
-124.715  172.669       1.3291
-124.715  176.311       1.5006
-124.715  179.954       1.8797
-124.715  183.596       2.3155
-124.715  187.238       3.4314
-124.715  190.881       3.1896
-124.715  194.523       4.2578
-124.715  198.165       4.2578
-124.715  201.808       4.2578
-124.715  205.450       4.2578
-124.715  209.093       4.2578
-124.715  212.735       4.2578
-124.715  216.377       4.2578
-124.715  220.020       4.2578
-124.715  223.662       4.2578
-124.715  227.304       4.2578
-124.715  230.947       4.2578
-124.715  234.589       4.2578
-124.715  238.231       4.2578
-124.715  241.874       4.2578
-124.715  245.516       4.2578
-124.715  249.158       4.2578
-124.715  252.801       4.2578
-124.715  256.443       4.2578
-124.715  260.086       4.2578
-124.715  263.728       4.2578
-124.715  267.370       4.2578
-124.715  271.013       4.2578
-120.575  -89.581       4.2578
-120.575  -85.939       4.2578
-120.575  -82.296       4.2578
-120.575  -78.654       4.2578
-120.575  -75.012       4.2578
-120.575  -71.369       4.2578
-120.575  -67.727       4.2578
-120.575  -64.084       4.2578
-120.575  -60.442       4.2578
-120.575  -56.800       4.2578
-120.575  -53.157       4.2578
-120.575  -49.515       4.2578
-120.575  -45.873       4.2578
-120.575  -42.230       4.2578
-120.575  -38.588       4.2578
-120.575  -34.946       4.2578
-120.575  -31.303       4.2578
-120.575  -27.661       4.2578
-120.575  -24.019       4.2578
-120.575  -20.376       4.2578
-120.575  -16.734       4.2578
-120.575  -13.091       4.2578
-120.575   -9.449       4.2578
-120.575   -5.807       4.2578
-120.575   -2.164       4.2578
-120.575    1.478       4.2578
-120.575    5.120       4.2578
-120.575    8.763       4.2578
-120.575   12.405       4.2578
-120.575   16.047       4.2578
-120.575   19.690       4.2578
-120.575   23.332       4.2578
-120.575   26.975       4.2578
-120.575   30.617       4.2578
-120.575   34.259       4.2578
-120.575   37.902       4.2578
-120.575   41.544       4.2578
-120.575   45.186       4.2578
-120.575   48.829       4.2578
-120.575   52.471       4.2578
-120.575   56.113       4.2578
-120.575   59.756       4.2578
-120.575   63.398       4.2578
-120.575   67.040       4.2578
-120.575   70.683       4.2578
-120.575   74.325       4.2578
-120.575   77.968       4.2578
-120.575   81.610       4.2578
-120.575   85.252       4.2578
-120.575   88.895       4.2578
-120.575   92.537       4.2578
-120.575   96.179       3.8446
-120.575   99.822       3.8446
-120.575  103.464       4.2578
-120.575  107.106       3.8446
-120.575  110.749       4.2578
-120.575  114.391       4.2578
-120.575  118.034       4.2578
-120.575  121.676       4.2578
-120.575  125.318       4.2578
-120.575  128.961       4.2578
-120.575  132.603       4.2578
-120.575  136.245       3.8446
-120.575  139.888       3.4314
-120.575  143.530       3.0181
-120.575  147.172       2.7764
-120.575  150.815       1.7082
-120.575  154.457       1.1235
-120.575  158.099       1.1891
-120.575  161.742       1.2550
-120.575  165.384       1.6454
-120.575  169.027       1.7082
-120.575  172.669       1.5493
-120.575  176.311       1.6307
-120.575  179.954       1.7423
-120.575  183.596       2.4719
-120.575  187.238       3.4314
-120.575  190.881       3.8446
-120.575  194.523       4.2578
-120.575  198.165       4.2578
-120.575  201.808       4.2578
-120.575  205.450       4.2578
-120.575  209.093       4.2578
-120.575  212.735       4.2578
-120.575  216.377       4.2578
-120.575  220.020       4.2578
-120.575  223.662       4.2578
-120.575  227.304       4.2578
-120.575  230.947       4.2578
-120.575  234.589       4.2578
-120.575  238.231       4.2578
-120.575  241.874       4.2578
-120.575  245.516       4.2578
-120.575  249.158       4.2578
-120.575  252.801       4.2578
-120.575  256.443       4.2578
-120.575  260.086       4.2578
-120.575  263.728       4.2578
-120.575  267.370       4.2578
-120.575  271.013       4.2578
-116.436  -89.581       4.2578
-116.436  -85.939       4.2578
-116.436  -82.296       4.2578
-116.436  -78.654       4.2578
-116.436  -75.012       4.2578
-116.436  -71.369       4.2578
-116.436  -67.727       4.2578
-116.436  -64.084       4.2578
-116.436  -60.442       4.2578
-116.436  -56.800       4.2578
-116.436  -53.157       4.2578
-116.436  -49.515       4.2578
-116.436  -45.873       4.2578
-116.436  -42.230       4.2578
-116.436  -38.588       4.2578
-116.436  -34.946       4.2578
-116.436  -31.303       4.2578
-116.436  -27.661       4.2578
-116.436  -24.019       4.2578
-116.436  -20.376       4.2578
-116.436  -16.734       4.2578
-116.436  -13.091       4.2578
-116.436   -9.449       4.2578
-116.436   -5.807       4.2578
-116.436   -2.164       4.2578
-116.436    1.478       4.2578
-116.436    5.120       4.2578
-116.436    8.763       4.2578
-116.436   12.405       4.2578
-116.436   16.047       4.2578
-116.436   19.690       4.2578
-116.436   23.332       4.2578
-116.436   26.975       4.2578
-116.436   30.617       4.2578
-116.436   34.259       4.2578
-116.436   37.902       4.2578
-116.436   41.544       4.2578
-116.436   45.186       4.2578
-116.436   48.829       4.2578
-116.436   52.471       4.2578
-116.436   56.113       4.2578
-116.436   59.756       4.2578
-116.436   63.398       4.2578
-116.436   67.040       4.2578
-116.436   70.683       4.2578
-116.436   74.325       4.2578
-116.436   77.968       4.2578
-116.436   81.610       4.2578
-116.436   85.252       4.2578
-116.436   88.895       4.2578
-116.436   92.537       4.2578
-116.436   96.179       4.2578
-116.436   99.822       4.2578
-116.436  103.464       4.2578
-116.436  107.106       4.2578
-116.436  110.749       4.2578
-116.436  114.391       4.2578
-116.436  118.034       4.2578
-116.436  121.676       4.2578
-116.436  125.318       4.2578
-116.436  128.961       4.2578
-116.436  132.603       4.2578
-116.436  136.245       4.2578
-116.436  139.888       3.8446
-116.436  143.530       3.1896
-116.436  147.172       2.3632
-116.436  150.815       1.6307
-116.436  154.457       1.1424
-116.436  158.099       1.1173
-116.436  161.742       1.2628
-116.436  165.384       1.6919
-116.436  169.027       1.9499
-116.436  172.669       1.6307
-116.436  176.311       1.3746
-116.436  179.954       1.8169
-116.436  183.596       2.1215
-116.436  187.238       2.3632
-116.436  190.881       4.2578
-116.436  194.523       4.2578
-116.436  198.165       4.2578
-116.436  201.808       4.2578
-116.436  205.450       4.2578
-116.436  209.093       4.2578
-116.436  212.735       4.2578
-116.436  216.377       4.2578
-116.436  220.020       4.2578
-116.436  223.662       4.2578
-116.436  227.304       4.2578
-116.436  230.947       4.2578
-116.436  234.589       4.2578
-116.436  238.231       4.2578
-116.436  241.874       4.2578
-116.436  245.516       4.2578
-116.436  249.158       4.2578
-116.436  252.801       4.2578
-116.436  256.443       4.2578
-116.436  260.086       4.2578
-116.436  263.728       4.2578
-116.436  267.370       4.2578
-116.436  271.013       4.2578
-112.296  -89.581       4.2578
-112.296  -85.939       4.2578
-112.296  -82.296       4.2578
-112.296  -78.654       4.2578
-112.296  -75.012       4.2578
-112.296  -71.369       4.2578
-112.296  -67.727       4.2578
-112.296  -64.084       4.2578
-112.296  -60.442       4.2578
-112.296  -56.800       4.2578
-112.296  -53.157       4.2578
-112.296  -49.515       4.2578
-112.296  -45.873       4.2578
-112.296  -42.230       4.2578
-112.296  -38.588       4.2578
-112.296  -34.946       4.2578
-112.296  -31.303       4.2578
-112.296  -27.661       4.2578
-112.296  -24.019       4.2578
-112.296  -20.376       4.2578
-112.296  -16.734       4.2578
-112.296  -13.091       4.2578
-112.296   -9.449       4.2578
-112.296   -5.807       4.2578
-112.296   -2.164       4.2578
-112.296    1.478       4.2578
-112.296    5.120       4.2578
-112.296    8.763       4.2578
-112.296   12.405       4.2578
-112.296   16.047       4.2578
-112.296   19.690       4.2578
-112.296   23.332       4.2578
-112.296   26.975       4.2578
-112.296   30.617       4.2578
-112.296   34.259       4.2578
-112.296   37.902       4.2578
-112.296   41.544       4.2578
-112.296   45.186       4.2578
-112.296   48.829       4.2578
-112.296   52.471       4.2578
-112.296   56.113       4.2578
-112.296   59.756       4.2578
-112.296   63.398       4.2578
-112.296   67.040       4.2578
-112.296   70.683       4.2578
-112.296   74.325       4.2578
-112.296   77.968       4.2578
-112.296   81.610       4.2578
-112.296   85.252       4.2578
-112.296   88.895       4.2578
-112.296   92.537       4.2578
-112.296   96.179       4.2578
-112.296   99.822       4.2578
-112.296  103.464       4.2578
-112.296  107.106       4.2578
-112.296  110.749       4.2578
-112.296  114.391       4.2578
-112.296  118.034       4.2578
-112.296  121.676       4.2578
-112.296  125.318       4.2578
-112.296  128.961       4.2578
-112.296  132.603       4.2578
-112.296  136.245       4.2578
-112.296  139.888       4.2578
-112.296  143.530       2.5347
-112.296  147.172       2.2301
-112.296  150.815       1.7784
-112.296  154.457       1.2707
-112.296  158.099       1.1554
-112.296  161.742       1.4137
-112.296  165.384       2.0018
-112.296  169.027       3.0181
-112.296  172.669       2.1215
-112.296  176.311       1.4239
-112.296  179.954       1.4448
-112.296  183.596       1.9499
-112.296  187.238       2.3632
-112.296  190.881       2.6049
-112.296  194.523       4.2578
-112.296  198.165       4.2578
-112.296  201.808       4.2578
-112.296  205.450       4.2578
-112.296  209.093       4.2578
-112.296  212.735       4.2578
-112.296  216.377       4.2578
-112.296  220.020       4.2578
-112.296  223.662       4.2578
-112.296  227.304       4.2578
-112.296  230.947       4.2578
-112.296  234.589       4.2578
-112.296  238.231       4.2578
-112.296  241.874       4.2578
-112.296  245.516       4.2578
-112.296  249.158       4.2578
-112.296  252.801       4.2578
-112.296  256.443       4.2578
-112.296  260.086       4.2578
-112.296  263.728       4.2578
-112.296  267.370       4.2578
-112.296  271.013       4.2578
-108.157  -89.581       4.2578
-108.157  -85.939       4.2578
-108.157  -82.296       4.2578
-108.157  -78.654       4.2578
-108.157  -75.012       4.2578
-108.157  -71.369       4.2578
-108.157  -67.727       4.2578
-108.157  -64.084       4.2578
-108.157  -60.442       4.2578
-108.157  -56.800       4.2578
-108.157  -53.157       4.2578
-108.157  -49.515       4.2578
-108.157  -45.873       4.2578
-108.157  -42.230       4.2578
-108.157  -38.588       4.2578
-108.157  -34.946       4.2578
-108.157  -31.303       4.2578
-108.157  -27.661       4.2578
-108.157  -24.019       4.2578
-108.157  -20.376       4.2578
-108.157  -16.734       4.2578
-108.157  -13.091       4.2578
-108.157   -9.449       4.2578
-108.157   -5.807       4.2578
-108.157   -2.164       4.2578
-108.157    1.478       4.2578
-108.157    5.120       4.2578
-108.157    8.763       4.2578
-108.157   12.405       4.2578
-108.157   16.047       4.2578
-108.157   19.690       4.2578
-108.157   23.332       4.2578
-108.157   26.975       4.2578
-108.157   30.617       4.2578
-108.157   34.259       4.2578
-108.157   37.902       4.2578
-108.157   41.544       4.2578
-108.157   45.186       4.2578
-108.157   48.829       4.2578
-108.157   52.471       4.2578
-108.157   56.113       4.2578
-108.157   59.756       4.2578
-108.157   63.398       4.2578
-108.157   67.040       4.2578
-108.157   70.683       4.2578
-108.157   74.325       4.2578
-108.157   77.968       4.2578
-108.157   81.610       4.2578
-108.157   85.252       4.2578
-108.157   88.895       4.2578
-108.157   92.537       4.2578
-108.157   96.179       4.2578
-108.157   99.822       4.2578
-108.157  103.464       4.2578
-108.157  107.106       4.2578
-108.157  110.749       4.2578
-108.157  114.391       4.2578
-108.157  118.034       4.2578
-108.157  121.676       4.2578
-108.157  125.318       4.2578
-108.157  128.961       4.2578
-108.157  132.603       4.2578
-108.157  136.245       4.2578
-108.157  139.888       4.2578
-108.157  143.530       2.6845
-108.157  147.172       2.3155
-108.157  150.815       1.5493
-108.157  154.457       1.0588
-108.157  158.099       1.2950
-108.157  161.742       1.6605
-108.157  165.384       2.1215
-108.157  169.027       2.6845
-108.157  172.669       2.1917
-108.157  176.311       1.3560
-108.157  179.954       1.3379
-108.157  183.596       1.9499
-108.157  187.238       2.6845
-108.157  190.881       3.4314
-108.157  194.523       3.8446
-108.157  198.165       4.2578
-108.157  201.808       4.2578
-108.157  205.450       4.2578
-108.157  209.093       4.2578
-108.157  212.735       4.2578
-108.157  216.377       4.2578
-108.157  220.020       4.2578
-108.157  223.662       4.2578
-108.157  227.304       4.2578
-108.157  230.947       4.2578
-108.157  234.589       4.2578
-108.157  238.231       4.2578
-108.157  241.874       4.2578
-108.157  245.516       4.2578
-108.157  249.158       4.2578
-108.157  252.801       4.2578
-108.157  256.443       4.2578
-108.157  260.086       4.2578
-108.157  263.728       4.2578
-108.157  267.370       4.2578
-108.157  271.013       4.2578
-104.017  -89.581       4.2578
-104.017  -85.939       4.2578
-104.017  -82.296       4.2578
-104.017  -78.654       4.2578
-104.017  -75.012       4.2578
-104.017  -71.369       4.2578
-104.017  -67.727       4.2578
-104.017  -64.084       4.2578
-104.017  -60.442       4.2578
-104.017  -56.800       4.2578
-104.017  -53.157       4.2578
-104.017  -49.515       4.2578
-104.017  -45.873       4.2578
-104.017  -42.230       4.2578
-104.017  -38.588       4.2578
-104.017  -34.946       4.2578
-104.017  -31.303       4.2578
-104.017  -27.661       4.2578
-104.017  -24.019       4.2578
-104.017  -20.376       4.2578
-104.017  -16.734       4.2578
-104.017  -13.091       4.2578
-104.017   -9.449       4.2578
-104.017   -5.807       4.2578
-104.017   -2.164       4.2578
-104.017    1.478       4.2578
-104.017    5.120       4.2578
-104.017    8.763       4.2578
-104.017   12.405       4.2578
-104.017   16.047       4.2578
-104.017   19.690       4.2578
-104.017   23.332       4.2578
-104.017   26.975       4.2578
-104.017   30.617       4.2578
-104.017   34.259       4.2578
-104.017   37.902       4.2578
-104.017   41.544       4.2578
-104.017   45.186       4.2578
-104.017   48.829       4.2578
-104.017   52.471       4.2578
-104.017   56.113       4.2578
-104.017   59.756       4.2578
-104.017   63.398       4.2578
-104.017   67.040       4.2578
-104.017   70.683       4.2578
-104.017   74.325       4.2578
-104.017   77.968       4.2578
-104.017   81.610       4.2578
-104.017   85.252       4.2578
-104.017   88.895       4.2578
-104.017   92.537       4.2578
-104.017   96.179       4.2578
-104.017   99.822       4.2578
-104.017  103.464       4.2578
-104.017  107.106       4.2578
-104.017  110.749       4.2578
-104.017  114.391       4.2578
-104.017  118.034       4.2578
-104.017  121.676       4.2578
-104.017  125.318       4.2578
-104.017  128.961       4.2578
-104.017  132.603       4.2578
-104.017  136.245       4.2578
-104.017  139.888       4.2578
-104.017  143.530       3.4314
-104.017  147.172       2.4719
-104.017  150.815       1.4890
-104.017  154.457       1.3033
-104.017  158.099       1.2868
-104.017  161.742       1.3118
-104.017  165.384       2.1917
-104.017  169.027       2.7764
-104.017  172.669       2.1215
-104.017  176.311       1.2175
-104.017  179.954       1.2322
-104.017  183.596       1.7601
-104.017  187.238       3.0181
-104.017  190.881       4.2578
-104.017  194.523       4.2578
-104.017  198.165       4.2578
-104.017  201.808       4.2578
-104.017  205.450       4.2578
-104.017  209.093       4.2578
-104.017  212.735       4.2578
-104.017  216.377       4.2578
-104.017  220.020       4.2578
-104.017  223.662       4.2578
-104.017  227.304       4.2578
-104.017  230.947       4.2578
-104.017  234.589       4.2578
-104.017  238.231       4.2578
-104.017  241.874       4.2578
-104.017  245.516       4.2578
-104.017  249.158       4.2578
-104.017  252.801       4.2578
-104.017  256.443       4.2578
-104.017  260.086       4.2578
-104.017  263.728       4.2578
-104.017  267.370       4.2578
-104.017  271.013       4.2578
 -99.877  -89.581       4.2578
 -99.877  -85.939       4.2578
 -99.877  -82.296       4.2578
 -99.877  -78.654       4.2578
 -99.877  -75.012       4.2578
 -99.877  -71.369       4.2578
 -99.877  -67.727       4.2578
 -99.877  -64.084       4.2578
 -99.877  -60.442       4.2578
 -99.877  -56.800       4.2578
 -99.877  -53.157       4.2578
 -99.877  -49.515       4.2578
 -99.877  -45.873       4.2578
 -99.877  -42.230       4.2578
 -99.877  -38.588       4.2578
 -99.877  -34.946       4.2578
 -99.877  -31.303       4.2578
 -99.877  -27.661       4.2578
 -99.877  -24.019       4.2578
 -99.877  -20.376       4.2578
 -99.877  -16.734       4.2578
 -99.877  -13.091       4.2578
 -99.877   -9.449       4.2578
 -99.877   -5.807       4.2578
 -99.877   -2.164       4.2578
 -99.877    1.478       4.2578
 -99.877    5.120       4.2578
 -99.877    8.763       4.2578
 -99.877   12.405       4.2578
 -99.877   16.047       4.2578
 -99.877   19.690       4.2578
 -99.877   23.332       4.2578
 -99.877   26.975       4.2578
 -99.877   30.617       4.2578
 -99.877   34.259       4.2578
 -99.877   37.902       4.2578
 -99.877   41.544       4.2578
 -99.877   45.186       4.2578
 -99.877   48.829       4.2578
 -99.877   52.471       4.2578
 -99.877   56.113       4.2578
 -99.877   59.756       4.2578
 -99.877   63.398       4.2578
 -99.877   67.040       4.2578
 -99.877   70.683       4.2578
 -99.877   74.325       4.2578
 -99.877   77.968       4.2578
 -99.877   81.610       4.2578
 -99.877   85.252       4.2578
 -99.877   88.895       4.2578
 -99.877   92.537       4.2578
 -99.877   96.179       4.2578
 -99.877   99.822       4.2578
 -99.877  103.464       4.2578
 -99.877  107.106       4.2578
 -99.877  110.749       4.2578
 -99.877  114.391       4.2578
 -99.877  118.034       4.2578
 -99.877  121.676       4.2578
 -99.877  125.318       4.2578
 -99.877  128.961       4.2578
 -99.877  132.603       4.2578
 -99.877  136.245       4.2578
 -99.877  139.888       4.2578
 -99.877  143.530       2.6845
 -99.877  147.172       1.5621
 -99.877  150.815       1.3469
 -99.877  154.457       1.6760
 -99.877  158.099       1.7082
 -99.877  161.742       1.4448
 -99.877  165.384       1.8797
 -99.877  169.027       3.1896
 -99.877  172.669       2.0018
 -99.877  176.311       1.2787
 -99.877  179.954       1.2550
 -99.877  183.596       1.6605
 -99.877  187.238       2.6049
 -99.877  190.881       4.2578
 -99.877  194.523       4.2578
 -99.877  198.165       4.2578
 -99.877  201.808       4.2578
 -99.877  205.450       4.2578
 -99.877  209.093       4.2578
 -99.877  212.735       4.2578
 -99.877  216.377       4.2578
 -99.877  220.020       4.2578
 -99.877  223.662       4.2578
 -99.877  227.304       4.2578
 -99.877  230.947       4.2578
 -99.877  234.589       4.2578
 -99.877  238.231       4.2578
 -99.877  241.874       4.2578
 -99.877  245.516       4.2578
 -99.877  249.158       4.2578
 -99.877  252.801       4.2578
 -99.877  256.443       4.2578
 -99.877  260.086       4.2578
 -99.877  263.728       4.2578
 -99.877  267.370       4.2578
 -99.877  271.013       4.2578
 -95.738  -89.581       4.2578
 -95.738  -85.939       4.2578
 -95.738  -82.296       4.2578
 -95.738  -78.654       4.2578
 -95.738  -75.012       4.2578
 -95.738  -71.369       4.2578
 -95.738  -67.727       4.2578
 -95.738  -64.084       4.2578
 -95.738  -60.442       4.2578
 -95.738  -56.800       4.2578
 -95.738  -53.157       4.2578
 -95.738  -49.515       4.2578
 -95.738  -45.873       4.2578
 -95.738  -42.230       4.2578
 -95.738  -38.588       4.2578
 -95.738  -34.946       4.2578
 -95.738  -31.303       4.2578
 -95.738  -27.661       4.2578
 -95.738  -24.019       4.2578
 -95.738  -20.376       4.2578
 -95.738  -16.734       4.2578
 -95.738  -13.091       4.2578
 -95.738   -9.449       4.2578
 -95.738   -5.807       4.2578
 -95.738   -2.164       4.2578
 -95.738    1.478       4.2578
 -95.738    5.120       4.2578
 -95.738    8.763       4.2578
 -95.738   12.405       4.2578
 -95.738   16.047       4.2578
 -95.738   19.690       4.2578
 -95.738   23.332       4.2578
 -95.738   26.975       4.2578
 -95.738   30.617       4.2578
 -95.738   34.259       4.2578
 -95.738   37.902       4.2578
 -95.738   41.544       4.2578
 -95.738   45.186       4.2578
 -95.738   48.829       4.2578
 -95.738   52.471       4.2578
 -95.738   56.113       4.2578
 -95.738   59.756       4.2578
 -95.738   63.398       4.2578
 -95.738   67.040       4.2578
 -95.738   70.683       4.2578
 -95.738   74.325       4.2578
 -95.738   77.968       4.2578
 -95.738   81.610       4.2578
 -95.738   85.252       4.2578
 -95.738   88.895       4.2578
 -95.738   92.537       4.2578
 -95.738   96.179       4.2578
 -95.738   99.822       4.2578
 -95.738  103.464       4.2578
 -95.738  107.106       4.2578
 -95.738  110.749       4.2578
 -95.738  114.391       4.2578
 -95.738  118.034       4.2578
 -95.738  121.676       4.2578
 -95.738  125.318       4.2578
 -95.738  128.961       4.2578
 -95.738  132.603       4.2578
 -95.738  136.245       4.2578
 -95.738  139.888       4.2578
 -95.738  143.530       2.5347
 -95.738  147.172       1.2628
 -95.738  150.815       1.1424
 -95.738  154.457       1.3841
 -95.738  158.099       1.4037
 -95.738  161.742       1.2707
 -95.738  165.384       1.9753
 -95.738  169.027       3.0181
 -95.738  172.669       2.3155
 -95.738  176.311       1.4239
 -95.738  179.954       1.2248
 -95.738  183.596       1.6919
 -95.738  187.238       3.1896
 -95.738  190.881       4.2578
 -95.738  194.523       4.2578
 -95.738  198.165       4.2578
 -95.738  201.808       4.2578
 -95.738  205.450       4.2578
 -95.738  209.093       4.2578
 -95.738  212.735       4.2578
 -95.738  216.377       4.2578
 -95.738  220.020       4.2578
 -95.738  223.662       4.2578
 -95.738  227.304       4.2578
 -95.738  230.947       4.2578
 -95.738  234.589       4.2578
 -95.738  238.231       4.2578
 -95.738  241.874       4.2578
 -95.738  245.516       4.2578
 -95.738  249.158       4.2578
 -95.738  252.801       4.2578
 -95.738  256.443       4.2578
 -95.738  260.086       4.2578
 -95.738  263.728       4.2578
 -95.738  267.370       4.2578
 -95.738  271.013       4.2578
 -91.598  -89.581       4.2578
 -91.598  -85.939       4.2578
 -91.598  -82.296       4.2578
 -91.598  -78.654       4.2578
 -91.598  -75.012       4.2578
 -91.598  -71.369       4.2578
 -91.598  -67.727       4.2578
 -91.598  -64.084       4.2578
 -91.598  -60.442       4.2578
 -91.598  -56.800       4.2578
 -91.598  -53.157       4.2578
 -91.598  -49.515       4.2578
 -91.598  -45.873       4.2578
 -91.598  -42.230       4.2578
 -91.598  -38.588       4.2578
 -91.598  -34.946       4.2578
 -91.598  -31.303       4.2578
 -91.598  -27.661       4.2578
 -91.598  -24.019       4.2578
 -91.598  -20.376       4.2578
 -91.598  -16.734       4.2578
 -91.598  -13.091       4.2578
 -91.598   -9.449       4.2578
 -91.598   -5.807       4.2578
 -91.598   -2.164       4.2578
 -91.598    1.478       4.2578
 -91.598    5.120       4.2578
 -91.598    8.763       4.2578
 -91.598   12.405       4.2578
 -91.598   16.047       4.2578
 -91.598   19.690       4.2578
 -91.598   23.332       4.2578
 -91.598   26.975       4.2578
 -91.598   30.617       4.2578
 -91.598   34.259       4.2578
 -91.598   37.902       4.2578
 -91.598   41.544       4.2578
 -91.598   45.186       4.2578
 -91.598   48.829       4.2578
 -91.598   52.471       4.2578
 -91.598   56.113       4.2578
 -91.598   59.756       4.2578
 -91.598   63.398       4.2578
 -91.598   67.040       4.2578
 -91.598   70.683       4.2578
 -91.598   74.325       4.2578
 -91.598   77.968       4.2578
 -91.598   81.610       4.2578
 -91.598   85.252       4.2578
 -91.598   88.895       4.2578
 -91.598   92.537       4.2578
 -91.598   96.179       4.2578
 -91.598   99.822       4.2578
 -91.598  103.464       4.2578
 -91.598  107.106       4.2578
 -91.598  110.749       4.2578
 -91.598  114.391       4.2578
 -91.598  118.034       4.2578
 -91.598  121.676       4.2578
 -91.598  125.318       4.2578
 -91.598  128.961       4.2578
 -91.598  132.603       4.2578
 -91.598  136.245       4.2578
 -91.598  139.888       4.2578
 -91.598  143.530       3.1896
 -91.598  147.172       1.5124
 -91.598  150.815       1.1360
 -91.598  154.457       1.7250
 -91.598  158.099       1.6454
 -91.598  161.742       1.4665
 -91.598  165.384       2.2301
 -91.598  169.027       3.0181
 -91.598  172.669       2.0892
 -91.598  176.311       1.1620
 -91.598  179.954       1.0758
 -91.598  183.596       1.5006
 -91.598  187.238       3.0181
 -91.598  190.881       4.2578
 -91.598  194.523       4.2578
 -91.598  198.165       4.2578
 -91.598  201.808       4.2578
 -91.598  205.450       4.2578
 -91.598  209.093       4.2578
 -91.598  212.735       4.2578
 -91.598  216.377       4.2578
 -91.598  220.020       4.2578
 -91.598  223.662       4.2578
 -91.598  227.304       4.2578
 -91.598  230.947       4.2578
 -91.598  234.589       4.2578
 -91.598  238.231       4.2578
 -91.598  241.874       4.2578
 -91.598  245.516       4.2578
 -91.598  249.158       4.2578
 -91.598  252.801       4.2578
 -91.598  256.443       4.2578
 -91.598  260.086       4.2578
 -91.598  263.728       4.2578
 -91.598  267.370       4.2578
 -91.598  271.013       4.2578
 -87.459  -89.581       4.2578
 -87.459  -85.939       4.2578
 -87.459  -82.296       4.2578
 -87.459  -78.654       4.2578
 -87.459  -75.012       4.2578
 -87.459  -71.369       4.2578
 -87.459  -67.727       4.2578
 -87.459  -64.084       4.2578
 -87.459  -60.442       4.2578
 -87.459  -56.800       4.2578
 -87.459  -53.157       4.2578
 -87.459  -49.515       4.2578
 -87.459  -45.873       4.2578
 -87.459  -42.230       4.2578
 -87.459  -38.588       4.2578
 -87.459  -34.946       4.2578
 -87.459  -31.303       4.2578
 -87.459  -27.661       4.2578
 -87.459  -24.019       4.2578
 -87.459  -20.376       4.2578
 -87.459  -16.734       4.2578
 -87.459  -13.091       4.2578
 -87.459   -9.449       4.2578
 -87.459   -5.807       4.2578
 -87.459   -2.164       4.2578
 -87.459    1.478       4.2578
 -87.459    5.120       4.2578
 -87.459    8.763       4.2578
 -87.459   12.405       4.2578
 -87.459   16.047       4.2578
 -87.459   19.690       4.2578
 -87.459   23.332       4.2578
 -87.459   26.975       4.2578
 -87.459   30.617       4.2578
 -87.459   34.259       4.2578
 -87.459   37.902       4.2578
 -87.459   41.544       4.2578
 -87.459   45.186       4.2578
 -87.459   48.829       4.2578
 -87.459   52.471       4.2578
 -87.459   56.113       4.2578
 -87.459   59.756       4.2578
 -87.459   63.398       4.2578
 -87.459   67.040       4.2578
 -87.459   70.683       4.2578
 -87.459   74.325       4.2578
 -87.459   77.968       4.2578
 -87.459   81.610       4.2578
 -87.459   85.252       4.2578
 -87.459   88.895       4.2578
 -87.459   92.537       4.2578
 -87.459   96.179       4.2578
 -87.459   99.822       4.2578
 -87.459  103.464       4.2578
 -87.459  107.106       4.2578
 -87.459  110.749       4.2578
 -87.459  114.391       4.2578
 -87.459  118.034       4.2578
 -87.459  121.676       4.2578
 -87.459  125.318       4.2578
 -87.459  128.961       4.2578
 -87.459  132.603       4.2578
 -87.459  136.245       4.2578
 -87.459  139.888       3.8446
 -87.459  143.530       2.3155
 -87.459  147.172       1.4890
 -87.459  150.815       1.2868
 -87.459  154.457       1.3560
 -87.459  158.099       1.7250
 -87.459  161.742       1.4890
 -87.459  165.384       2.2301
 -87.459  169.027       3.0181
 -87.459  172.669       2.3632
 -87.459  176.311       1.1686
 -87.459  179.954       0.9427
 -87.459  183.596       1.2473
 -87.459  187.238       1.8797
 -87.459  190.881       4.2578
 -87.459  194.523       4.2578
 -87.459  198.165       4.2578
 -87.459  201.808       4.2578
 -87.459  205.450       4.2578
 -87.459  209.093       4.2578
 -87.459  212.735       4.2578
 -87.459  216.377       4.2578
 -87.459  220.020       4.2578
 -87.459  223.662       4.2578
 -87.459  227.304       4.2578
 -87.459  230.947       4.2578
 -87.459  234.589       4.2578
 -87.459  238.231       4.2578
 -87.459  241.874       4.2578
 -87.459  245.516       4.2578
 -87.459  249.158       4.2578
 -87.459  252.801       4.2578
 -87.459  256.443       4.2578
 -87.459  260.086       4.2578
 -87.459  263.728       4.2578
 -87.459  267.370       4.2578
 -87.459  271.013       4.2578
 -83.319  -89.581       4.2578
 -83.319  -85.939       4.2578
 -83.319  -82.296       4.2578
 -83.319  -78.654       4.2578
 -83.319  -75.012       4.2578
 -83.319  -71.369       4.2578
 -83.319  -67.727       4.2578
 -83.319  -64.084       4.2578
 -83.319  -60.442       4.2578
 -83.319  -56.800       4.2578
 -83.319  -53.157       4.2578
 -83.319  -49.515       4.2578
 -83.319  -45.873       4.2578
 -83.319  -42.230       4.2578
 -83.319  -38.588       4.2578
 -83.319  -34.946       4.2578
 -83.319  -31.303       4.2578
 -83.319  -27.661       4.2578
 -83.319  -24.019       4.2578
 -83.319  -20.376       4.2578
 -83.319  -16.734       4.2578
 -83.319  -13.091       4.2578
 -83.319   -9.449       4.2578
 -83.319   -5.807       4.2578
 -83.319   -2.164       4.2578
 -83.319    1.478       4.2578
 -83.319    5.120       4.2578
 -83.319    8.763       4.2578
 -83.319   12.405       4.2578
 -83.319   16.047       4.2578
 -83.319   19.690       4.2578
 -83.319   23.332       4.2578
 -83.319   26.975       4.2578
 -83.319   30.617       4.2578
 -83.319   34.259       4.2578
 -83.319   37.902       4.2578
 -83.319   41.544       4.2578
 -83.319   45.186       4.2578
 -83.319   48.829       4.2578
 -83.319   52.471       4.2578
 -83.319   56.113       4.2578
 -83.319   59.756       4.2578
 -83.319   63.398       4.2578
 -83.319   67.040       4.2578
 -83.319   70.683       4.2578
 -83.319   74.325       4.2578
 -83.319   77.968       4.2578
 -83.319   81.610       4.2578
 -83.319   85.252       4.2578
 -83.319   88.895       4.2578
 -83.319   92.537       4.2578
 -83.319   96.179       4.2578
 -83.319   99.822       4.2578
 -83.319  103.464       4.2578
 -83.319  107.106       4.2578
 -83.319  110.749       4.2578
 -83.319  114.391       4.2578
 -83.319  118.034       4.2578
 -83.319  121.676       4.2578
 -83.319  125.318       4.2578
 -83.319  128.961       4.2578
 -83.319  132.603       4.2578
 -83.319  136.245       4.2578
 -83.319  139.888       4.2578
 -83.319  143.530       2.3155
 -83.319  147.172       1.3560
 -83.319  150.815       1.1686
 -83.319  154.457       1.3938
 -83.319  158.099       1.6454
 -83.319  161.742       1.8580
 -83.319  165.384       2.3155
 -83.319  169.027       3.4314
 -83.319  172.669       3.1896
 -83.319  176.311       1.2031
 -83.319  179.954       0.8379
 -83.319  183.596       1.0644
 -83.319  187.238       2.2301
 -83.319  190.881       4.2578
 -83.319  194.523       4.2578
 -83.319  198.165       4.2578
 -83.319  201.808       4.2578
 -83.319  205.450       4.2578
 -83.319  209.093       4.2578
 -83.319  212.735       4.2578
 -83.319  216.377       4.2578
 -83.319  220.020       4.2578
 -83.319  223.662       4.2578
 -83.319  227.304       4.2578
 -83.319  230.947       4.2578
 -83.319  234.589       4.2578
 -83.319  238.231       4.2578
 -83.319  241.874       4.2578
 -83.319  245.516       4.2578
 -83.319  249.158       4.2578
 -83.319  252.801       4.2578
 -83.319  256.443       4.2578
 -83.319  260.086       4.2578
 -83.319  263.728       4.2578
 -83.319  267.370       4.2578
 -83.319  271.013       4.2578
 -79.180  -89.581       4.2578
 -79.180  -85.939       4.2578
 -79.180  -82.296       4.2578
 -79.180  -78.654       4.2578
 -79.180  -75.012       4.2578
 -79.180  -71.369       4.2578
 -79.180  -67.727       4.2578
 -79.180  -64.084       4.2578
 -79.180  -60.442       4.2578
 -79.180  -56.800       4.2578
 -79.180  -53.157       4.2578
 -79.180  -49.515       4.2578
 -79.180  -45.873       4.2578
 -79.180  -42.230       4.2578
 -79.180  -38.588       4.2578
 -79.180  -34.946       4.2578
 -79.180  -31.303       4.2578
 -79.180  -27.661       4.2578
 -79.180  -24.019       4.2578
 -79.180  -20.376       4.2578
 -79.180  -16.734       4.2578
 -79.180  -13.091       4.2578
 -79.180   -9.449       4.2578
 -79.180   -5.807       4.2578
 -79.180   -2.164       4.2578
 -79.180    1.478       4.2578
 -79.180    5.120       4.2578
 -79.180    8.763       4.2578
 -79.180   12.405       4.2578
 -79.180   16.047       4.2578
 -79.180   19.690       4.2578
 -79.180   23.332       4.2578
 -79.180   26.975       4.2578
 -79.180   30.617       4.2578
 -79.180   34.259       4.2578
 -79.180   37.902       4.2578
 -79.180   41.544       4.2578
 -79.180   45.186       4.2578
 -79.180   48.829       4.2578
 -79.180   52.471       4.2578
 -79.180   56.113       4.2578
 -79.180   59.756       4.2578
 -79.180   63.398       4.2578
 -79.180   67.040       4.2578
 -79.180   70.683       4.2578
 -79.180   74.325       4.2578
 -79.180   77.968       4.2578
 -79.180   81.610       4.2578
 -79.180   85.252       4.2578
 -79.180   88.895       4.2578
 -79.180   92.537       4.2578
 -79.180   96.179       4.2578
 -79.180   99.822       4.2578
 -79.180  103.464       4.2578
 -79.180  107.106       4.2578
 -79.180  110.749       4.2578
 -79.180  114.391       4.2578
 -79.180  118.034       4.2578
 -79.180  121.676       4.2578
 -79.180  125.318       4.2578
 -79.180  128.961       4.2578
 -79.180  132.603       4.2578
 -79.180  136.245       4.2578
 -79.180  139.888       4.2578
 -79.180  143.530       2.3155
 -79.180  147.172       1.1297
 -79.180  150.815       1.0873
 -79.180  154.457       1.4239
 -79.180  158.099       1.7423
 -79.180  161.742       1.8371
 -79.180  165.384       2.7764
 -79.180  169.027       4.2578
 -79.180  172.669       3.4314
 -79.180  176.311       1.4037
 -79.180  179.954       0.9071
 -79.180  183.596       1.0644
 -79.180  187.238       1.8371
 -79.180  190.881       3.8446
 -79.180  194.523       4.2578
 -79.180  198.165       4.2578
 -79.180  201.808       4.2578
 -79.180  205.450       4.2578
 -79.180  209.093       4.2578
 -79.180  212.735       4.2578
 -79.180  216.377       4.2578
 -79.180  220.020       4.2578
 -79.180  223.662       4.2578
 -79.180  227.304       4.2578
 -79.180  230.947       4.2578
 -79.180  234.589       4.2578
 -79.180  238.231       4.2578
 -79.180  241.874       4.2578
 -79.180  245.516       4.2578
 -79.180  249.158       4.2578
 -79.180  252.801       4.2578
 -79.180  256.443       4.2578
 -79.180  260.086       4.2578
 -79.180  263.728       4.2578
 -79.180  267.370       4.2578
 -79.180  271.013       4.2578
 -75.040  -89.581       4.2578
 -75.040  -85.939       4.2578
 -75.040  -82.296       4.2578
 -75.040  -78.654       4.2578
 -75.040  -75.012       4.2578
 -75.040  -71.369       4.2578
 -75.040  -67.727       4.2578
 -75.040  -64.084       4.2578
 -75.040  -60.442       4.2578
 -75.040  -56.800       4.2578
 -75.040  -53.157       4.2578
 -75.040  -49.515       4.2578
 -75.040  -45.873       4.2578
 -75.040  -42.230       4.2578
 -75.040  -38.588       4.2578
 -75.040  -34.946       4.2578
 -75.040  -31.303       4.2578
 -75.040  -27.661       4.2578
 -75.040  -24.019       4.2578
 -75.040  -20.376       4.2578
 -75.040  -16.734       4.2578
 -75.040  -13.091       4.2578
 -75.040   -9.449       4.2578
 -75.040   -5.807       4.2578
 -75.040   -2.164       4.2578
 -75.040    1.478       4.2578
 -75.040    5.120       4.2578
 -75.040    8.763       4.2578
 -75.040   12.405       4.2578
 -75.040   16.047       4.2578
 -75.040   19.690       4.2578
 -75.040   23.332       4.2578
 -75.040   26.975       4.2578
 -75.040   30.617       4.2578
 -75.040   34.259       4.2578
 -75.040   37.902       4.2578
 -75.040   41.544       4.2578
 -75.040   45.186       4.2578
 -75.040   48.829       4.2578
 -75.040   52.471       4.2578
 -75.040   56.113       4.2578
 -75.040   59.756       4.2578
 -75.040   63.398       4.2578
 -75.040   67.040       4.2578
 -75.040   70.683       4.2578
 -75.040   74.325       4.2578
 -75.040   77.968       4.2578
 -75.040   81.610       4.2578
 -75.040   85.252       4.2578
 -75.040   88.895       4.2578
 -75.040   92.537       4.2578
 -75.040   96.179       4.2578
 -75.040   99.822       4.2578
 -75.040  103.464       4.2578
 -75.040  107.106       4.2578
 -75.040  110.749       4.2578
 -75.040  114.391       4.2578
 -75.040  118.034       4.2578
 -75.040  121.676       4.2578
 -75.040  125.318       4.2578
 -75.040  128.961       4.2578
 -75.040  132.603       4.2578
 -75.040  136.245       4.2578
 -75.040  139.888       4.2578
 -75.040  143.530       2.6049
 -75.040  147.172       1.3379
 -75.040  150.815       0.8379
 -75.040  154.457       1.1891
 -75.040  158.099       1.9499
 -75.040  161.742       3.0181
 -75.040  165.384       4.2578
 -75.040  169.027       4.2578
 -75.040  172.669       3.4314
 -75.040  176.311       1.4890
 -75.040  179.954       0.8901
 -75.040  183.596       0.7228
 -75.040  187.238       1.4239
 -75.040  190.881       2.6049
 -75.040  194.523       4.2578
 -75.040  198.165       4.2578
 -75.040  201.808       4.2578
 -75.040  205.450       4.2578
 -75.040  209.093       4.2578
 -75.040  212.735       4.2578
 -75.040  216.377       4.2578
 -75.040  220.020       4.2578
 -75.040  223.662       4.2578
 -75.040  227.304       4.2578
 -75.040  230.947       4.2578
 -75.040  234.589       4.2578
 -75.040  238.231       4.2578
 -75.040  241.874       4.2578
 -75.040  245.516       4.2578
 -75.040  249.158       4.2578
 -75.040  252.801       4.2578
 -75.040  256.443       4.2578
 -75.040  260.086       4.2578
 -75.040  263.728       4.2578
 -75.040  267.370       4.2578
 -75.040  271.013       4.2578
 -70.901  -89.581       4.2578
 -70.901  -85.939       4.2578
 -70.901  -82.296       4.2578
 -70.901  -78.654       4.2578
 -70.901  -75.012       4.2578
 -70.901  -71.369       4.2578
 -70.901  -67.727       4.2578
 -70.901  -64.084       4.2578
 -70.901  -60.442       4.2578
 -70.901  -56.800       4.2578
 -70.901  -53.157       4.2578
 -70.901  -49.515       4.2578
 -70.901  -45.873       4.2578
 -70.901  -42.230       4.2578
 -70.901  -38.588       4.2578
 -70.901  -34.946       4.2578
 -70.901  -31.303       4.2578
 -70.901  -27.661       4.2578
 -70.901  -24.019       4.2578
 -70.901  -20.376       4.2578
 -70.901  -16.734       4.2578
 -70.901  -13.091       4.2578
 -70.901   -9.449       4.2578
 -70.901   -5.807       4.2578
 -70.901   -2.164       4.2578
 -70.901    1.478       4.2578
 -70.901    5.120       4.2578
 -70.901    8.763       4.2578
 -70.901   12.405       4.2578
 -70.901   16.047       4.2578
 -70.901   19.690       4.2578
 -70.901   23.332       4.2578
 -70.901   26.975       4.2578
 -70.901   30.617       4.2578
 -70.901   34.259       4.2578
 -70.901   37.902       4.2578
 -70.901   41.544       4.2578
 -70.901   45.186       4.2578
 -70.901   48.829       4.2578
 -70.901   52.471       4.2578
 -70.901   56.113       4.2578
 -70.901   59.756       4.2578
 -70.901   63.398       4.2578
 -70.901   67.040       4.2578
 -70.901   70.683       4.2578
 -70.901   74.325       4.2578
 -70.901   77.968       4.2578
 -70.901   81.610       4.2578
 -70.901   85.252       4.2578
 -70.901   88.895       4.2578
 -70.901   92.537       4.2578
 -70.901   96.179       4.2578
 -70.901   99.822       4.2578
 -70.901  103.464       4.2578
 -70.901  107.106       4.2578
 -70.901  110.749       4.2578
 -70.901  114.391       4.2578
 -70.901  118.034       4.2578
 -70.901  121.676       4.2578
 -70.901  125.318       4.2578
 -70.901  128.961       4.2578
 -70.901  132.603       4.2578
 -70.901  136.245       4.2578
 -70.901  139.888       4.2578
 -70.901  143.530       2.8851
 -70.901  147.172       1.3746
 -70.901  150.815       0.5772
 -70.901  154.457       0.6512
 -70.901  158.099       1.5244
 -70.901  161.742       2.5347
 -70.901  165.384       4.2578
 -70.901  169.027       4.2578
 -70.901  172.669       3.8446
 -70.901  176.311       1.6919
 -70.901  179.954       0.7292
 -70.901  183.596       0.7103
 -70.901  187.238       1.0815
 -70.901  190.881       1.9753
 -70.901  194.523       4.2578
 -70.901  198.165       4.2578
 -70.901  201.808       4.2578
 -70.901  205.450       4.2578
 -70.901  209.093       4.2578
 -70.901  212.735       4.2578
 -70.901  216.377       4.2578
 -70.901  220.020       4.2578
 -70.901  223.662       4.2578
 -70.901  227.304       4.2578
 -70.901  230.947       4.2578
 -70.901  234.589       4.2578
 -70.901  238.231       4.2578
 -70.901  241.874       4.2578
 -70.901  245.516       4.2578
 -70.901  249.158       4.2578
 -70.901  252.801       4.2578
 -70.901  256.443       4.2578
 -70.901  260.086       4.2578
 -70.901  263.728       4.2578
 -70.901  267.370       4.2578
 -70.901  271.013       4.2578
 -66.761  -89.581       4.2578
 -66.761  -85.939       4.2578
 -66.761  -82.296       4.2578
 -66.761  -78.654       4.2578
 -66.761  -75.012       4.2578
 -66.761  -71.369       4.2578
 -66.761  -67.727       4.2578
 -66.761  -64.084       4.2578
 -66.761  -60.442       4.2578
 -66.761  -56.800       4.2578
 -66.761  -53.157       4.2578
 -66.761  -49.515       4.2578
 -66.761  -45.873       4.2578
 -66.761  -42.230       4.2578
 -66.761  -38.588       4.2578
 -66.761  -34.946       4.2578
 -66.761  -31.303       4.2578
 -66.761  -27.661       4.2578
 -66.761  -24.019       4.2578
 -66.761  -20.376       4.2578
 -66.761  -16.734       4.2578
 -66.761  -13.091       4.2578
 -66.761   -9.449       4.2578
 -66.761   -5.807       4.2578
 -66.761   -2.164       4.2578
 -66.761    1.478       4.2578
 -66.761    5.120       4.2578
 -66.761    8.763       4.2578
 -66.761   12.405       4.2578
 -66.761   16.047       4.2578
 -66.761   19.690       4.2578
 -66.761   23.332       4.2578
 -66.761   26.975       4.2578
 -66.761   30.617       4.2578
 -66.761   34.259       4.2578
 -66.761   37.902       4.2578
 -66.761   41.544       4.2578
 -66.761   45.186       4.2578
 -66.761   48.829       4.2578
 -66.761   52.471       4.2578
 -66.761   56.113       4.2578
 -66.761   59.756       4.2578
 -66.761   63.398       4.2578
 -66.761   67.040       4.2578
 -66.761   70.683       4.2578
 -66.761   74.325       4.2578
 -66.761   77.968       4.2578
 -66.761   81.610       4.2578
 -66.761   85.252       4.2578
 -66.761   88.895       4.2578
 -66.761   92.537       4.2578
 -66.761   96.179       4.2578
 -66.761   99.822       4.2578
 -66.761  103.464       4.2578
 -66.761  107.106       4.2578
 -66.761  110.749       4.2578
 -66.761  114.391       4.2578
 -66.761  118.034       4.2578
 -66.761  121.676       4.2578
 -66.761  125.318       4.2578
 -66.761  128.961       4.2578
 -66.761  132.603       4.2578
 -66.761  136.245       4.2578
 -66.761  139.888       4.2578
 -66.761  143.530       3.1896
 -66.761  147.172       1.3652
 -66.761  150.815       0.5822
 -66.761  154.457       0.4002
 -66.761  158.099       0.9291
 -66.761  161.742       2.0296
 -66.761  165.384       3.4314
 -66.761  169.027       4.2578
 -66.761  172.669       3.8446
 -66.761  176.311       1.9256
 -66.761  179.954       0.8042
 -66.761  183.596       0.5601
 -66.761  187.238       0.8340
 -66.761  190.881       1.4776
 -66.761  194.523       2.8851
 -66.761  198.165       4.2578
 -66.761  201.808       4.2578
 -66.761  205.450       4.2578
 -66.761  209.093       4.2578
 -66.761  212.735       4.2578
 -66.761  216.377       4.2578
 -66.761  220.020       4.2578
 -66.761  223.662       4.2578
 -66.761  227.304       4.2578
 -66.761  230.947       4.2578
 -66.761  234.589       4.2578
 -66.761  238.231       4.2578
 -66.761  241.874       4.2578
 -66.761  245.516       4.2578
 -66.761  249.158       4.2578
 -66.761  252.801       4.2578
 -66.761  256.443       4.2578
 -66.761  260.086       4.2578
 -66.761  263.728       4.2578
 -66.761  267.370       4.2578
 -66.761  271.013       4.2578
 -62.622  -89.581       4.2578
 -62.622  -85.939       4.2578
 -62.622  -82.296       4.2578
 -62.622  -78.654       4.2578
 -62.622  -75.012       4.2578
 -62.622  -71.369       4.2578
 -62.622  -67.727       4.2578
 -62.622  -64.084       4.2578
 -62.622  -60.442       4.2578
 -62.622  -56.800       4.2578
 -62.622  -53.157       4.2578
 -62.622  -49.515       4.2578
 -62.622  -45.873       4.2578
 -62.622  -42.230       4.2578
 -62.622  -38.588       4.2578
 -62.622  -34.946       4.2578
 -62.622  -31.303       4.2578
 -62.622  -27.661       4.2578
 -62.622  -24.019       4.2578
 -62.622  -20.376       4.2578
 -62.622  -16.734       4.2578
 -62.622  -13.091       4.2578
 -62.622   -9.449       4.2578
 -62.622   -5.807       4.2578
 -62.622   -2.164       4.2578
 -62.622    1.478       4.2578
 -62.622    5.120       4.2578
 -62.622    8.763       4.2578
 -62.622   12.405       4.2578
 -62.622   16.047       4.2578
 -62.622   19.690       4.2578
 -62.622   23.332       4.2578
 -62.622   26.975       4.2578
 -62.622   30.617       4.2578
 -62.622   34.259       4.2578
 -62.622   37.902       4.2578
 -62.622   41.544       4.2578
 -62.622   45.186       4.2578
 -62.622   48.829       4.2578
 -62.622   52.471       4.2578
 -62.622   56.113       4.2578
 -62.622   59.756       4.2578
 -62.622   63.398       4.2578
 -62.622   67.040       4.2578
 -62.622   70.683       4.2578
 -62.622   74.325       4.2578
 -62.622   77.968       4.2578
 -62.622   81.610       4.2578
 -62.622   85.252       4.2578
 -62.622   88.895       4.2578
 -62.622   92.537       4.2578
 -62.622   96.179       4.2578
 -62.622   99.822       4.2578
 -62.622  103.464       4.2578
 -62.622  107.106       4.2578
 -62.622  110.749       4.2578
 -62.622  114.391       4.2578
 -62.622  118.034       4.2578
 -62.622  121.676       4.2578
 -62.622  125.318       4.2578
 -62.622  128.961       4.2578
 -62.622  132.603       4.2578
 -62.622  136.245       4.2578
 -62.622  139.888       4.2578
 -62.622  143.530       4.2578
 -62.622  147.172       1.6163
 -62.622  150.815       0.7621
 -62.622  154.457       0.4285
 -62.622  158.099       0.8042
 -62.622  161.742       1.8371
 -62.622  165.384       3.8446
 -62.622  169.027       4.2578
 -62.622  172.669       4.2578
 -62.622  176.311       2.0018
 -62.622  179.954       0.6104
 -62.622  183.596       0.3696
 -62.622  187.238       0.6428
 -62.622  190.881       1.5244
 -62.622  194.523       3.8446
 -62.622  198.165       4.2578
 -62.622  201.808       4.2578
 -62.622  205.450       4.2578
 -62.622  209.093       4.2578
 -62.622  212.735       4.2578
 -62.622  216.377       4.2578
 -62.622  220.020       4.2578
 -62.622  223.662       4.2578
 -62.622  227.304       4.2578
 -62.622  230.947       4.2578
 -62.622  234.589       4.2578
 -62.622  238.231       4.2578
 -62.622  241.874       4.2578
 -62.622  245.516       4.2578
 -62.622  249.158       4.2578
 -62.622  252.801       4.2578
 -62.622  256.443       4.2578
 -62.622  260.086       4.2578
 -62.622  263.728       4.2578
 -62.622  267.370       4.2578
 -62.622  271.013       4.2578
 -58.482  -89.581       4.2578
 -58.482  -85.939       4.2578
 -58.482  -82.296       4.2578
 -58.482  -78.654       4.2578
 -58.482  -75.012       4.2578
 -58.482  -71.369       4.2578
 -58.482  -67.727       4.2578
 -58.482  -64.084       4.2578
 -58.482  -60.442       4.2578
 -58.482  -56.800       4.2578
 -58.482  -53.157       4.2578
 -58.482  -49.515       4.2578
 -58.482  -45.873       4.2578
 -58.482  -42.230       4.2578
 -58.482  -38.588       4.2578
 -58.482  -34.946       4.2578
 -58.482  -31.303       4.2578
 -58.482  -27.661       4.2578
 -58.482  -24.019       4.2578
 -58.482  -20.376       4.2578
 -58.482  -16.734       4.2578
 -58.482  -13.091       4.2578
 -58.482   -9.449       4.2578
 -58.482   -5.807       4.2578
 -58.482   -2.164       4.2578
 -58.482    1.478       4.2578
 -58.482    5.120       4.2578
 -58.482    8.763       4.2578
 -58.482   12.405       4.2578
 -58.482   16.047       4.2578
 -58.482   19.690       4.2578
 -58.482   23.332       4.2578
 -58.482   26.975       4.2578
 -58.482   30.617       4.2578
 -58.482   34.259       4.2578
 -58.482   37.902       4.2578
 -58.482   41.544       4.2578
 -58.482   45.186       4.2578
 -58.482   48.829       4.2578
 -58.482   52.471       4.2578
 -58.482   56.113       4.2578
 -58.482   59.756       4.2578
 -58.482   63.398       4.2578
 -58.482   67.040       4.2578
 -58.482   70.683       4.2578
 -58.482   74.325       4.2578
 -58.482   77.968       4.2578
 -58.482   81.610       4.2578
 -58.482   85.252       4.2578
 -58.482   88.895       4.2578
 -58.482   92.537       4.2578
 -58.482   96.179       4.2578
 -58.482   99.822       4.2578
 -58.482  103.464       4.2578
 -58.482  107.106       4.2578
 -58.482  110.749       4.2578
 -58.482  114.391       4.2578
 -58.482  118.034       4.2578
 -58.482  121.676       4.2578
 -58.482  125.318       4.2578
 -58.482  128.961       4.2578
 -58.482  132.603       4.2578
 -58.482  136.245       4.2578
 -58.482  139.888       4.2578
 -58.482  143.530       3.4314
 -58.482  147.172       1.7601
 -58.482  150.815       0.9709
 -58.482  154.457       0.2939
 -58.482  158.099       0.4982
 -58.482  161.742       1.5124
 -58.482  165.384       2.8851
 -58.482  169.027       3.1896
 -58.482  172.669       3.8446
 -58.482  176.311       1.9753
 -58.482  179.954       0.8227
 -58.482  183.596       0.4095
 -58.482  187.238       0.7228
 -58.482  190.881       1.5621
 -58.482  194.523       3.4314
 -58.482  198.165       4.2578
 -58.482  201.808       4.2578
 -58.482  205.450       4.2578
 -58.482  209.093       4.2578
 -58.482  212.735       4.2578
 -58.482  216.377       4.2578
 -58.482  220.020       4.2578
 -58.482  223.662       4.2578
 -58.482  227.304       4.2578
 -58.482  230.947       4.2578
 -58.482  234.589       4.2578
 -58.482  238.231       4.2578
 -58.482  241.874       4.2578
 -58.482  245.516       4.2578
 -58.482  249.158       4.2578
 -58.482  252.801       4.2578
 -58.482  256.443       4.2578
 -58.482  260.086       4.2578
 -58.482  263.728       4.2578
 -58.482  267.370       4.2578
 -58.482  271.013       4.2578
 -54.342  -89.581       4.2578
 -54.342  -85.939       4.2578
 -54.342  -82.296       4.2578
 -54.342  -78.654       4.2578
 -54.342  -75.012       4.2578
 -54.342  -71.369       4.2578
 -54.342  -67.727       4.2578
 -54.342  -64.084       4.2578
 -54.342  -60.442       4.2578
 -54.342  -56.800       4.2578
 -54.342  -53.157       4.2578
 -54.342  -49.515       4.2578
 -54.342  -45.873       4.2578
 -54.342  -42.230       4.2578
 -54.342  -38.588       4.2578
 -54.342  -34.946       4.2578
 -54.342  -31.303       4.2578
 -54.342  -27.661       4.2578
 -54.342  -24.019       4.2578
 -54.342  -20.376       4.2578
 -54.342  -16.734       4.2578
 -54.342  -13.091       4.2578
 -54.342   -9.449       4.2578
 -54.342   -5.807       4.2578
 -54.342   -2.164       4.2578
 -54.342    1.478       4.2578
 -54.342    5.120       4.2578
 -54.342    8.763       4.2578
 -54.342   12.405       4.2578
 -54.342   16.047       4.2578
 -54.342   19.690       4.2578
 -54.342   23.332       4.2578
 -54.342   26.975       4.2578
 -54.342   30.617       4.2578
 -54.342   34.259       4.2578
 -54.342   37.902       4.2578
 -54.342   41.544       4.2578
 -54.342   45.186       4.2578
 -54.342   48.829       4.2578
 -54.342   52.471       4.2578
 -54.342   56.113       4.2578
 -54.342   59.756       4.2578
 -54.342   63.398       4.2578
 -54.342   67.040       4.2578
 -54.342   70.683       4.2578
 -54.342   74.325       4.2578
 -54.342   77.968       4.2578
 -54.342   81.610       4.2578
 -54.342   85.252       4.2578
 -54.342   88.895       4.2578
 -54.342   92.537       4.2578
 -54.342   96.179       4.2578
 -54.342   99.822       4.2578
 -54.342  103.464       4.2578
 -54.342  107.106       4.2578
 -54.342  110.749       4.2578
 -54.342  114.391       4.2578
 -54.342  118.034       4.2578
 -54.342  121.676       4.2578
 -54.342  125.318       4.2578
 -54.342  128.961       4.2578
 -54.342  132.603       4.2578
 -54.342  136.245       4.2578
 -54.342  139.888       4.2578
 -54.342  143.530       3.8446
 -54.342  147.172       2.0586
 -54.342  150.815       1.1112
 -54.342  154.457       0.4285
 -54.342  158.099       0.4305
 -54.342  161.742       1.0758
 -54.342  165.384       1.8580
 -54.342  169.027       4.2578
 -54.342  172.669       4.2578
 -54.342  176.311       2.4719
 -54.342  179.954       1.0873
 -54.342  183.596       0.6654
 -54.342  187.238       1.0815
 -54.342  190.881       2.4150
 -54.342  194.523       3.4314
 -54.342  198.165       4.2578
 -54.342  201.808       4.2578
 -54.342  205.450       4.2578
 -54.342  209.093       4.2578
 -54.342  212.735       4.2578
 -54.342  216.377       4.2578
 -54.342  220.020       4.2578
 -54.342  223.662       4.2578
 -54.342  227.304       4.2578
 -54.342  230.947       4.2578
 -54.342  234.589       4.2578
 -54.342  238.231       4.2578
 -54.342  241.874       4.2578
 -54.342  245.516       4.2578
 -54.342  249.158       4.2578
 -54.342  252.801       4.2578
 -54.342  256.443       4.2578
 -54.342  260.086       4.2578
 -54.342  263.728       4.2578
 -54.342  267.370       4.2578
 -54.342  271.013       4.2578
 -50.203  -89.581       4.2578
 -50.203  -85.939       4.2578
 -50.203  -82.296       4.2578
 -50.203  -78.654       4.2578
 -50.203  -75.012       4.2578
 -50.203  -71.369       4.2578
 -50.203  -67.727       4.2578
 -50.203  -64.084       4.2578
 -50.203  -60.442       4.2578
 -50.203  -56.800       4.2578
 -50.203  -53.157       4.2578
 -50.203  -49.515       4.2578
 -50.203  -45.873       4.2578
 -50.203  -42.230       4.2578
 -50.203  -38.588       4.2578
 -50.203  -34.946       4.2578
 -50.203  -31.303       4.2578
 -50.203  -27.661       4.2578
 -50.203  -24.019       4.2578
 -50.203  -20.376       4.2578
 -50.203  -16.734       4.2578
 -50.203  -13.091       4.2578
 -50.203   -9.449       4.2578
 -50.203   -5.807       4.2578
 -50.203   -2.164       4.2578
 -50.203    1.478       4.2578
 -50.203    5.120       4.2578
 -50.203    8.763       4.2578
 -50.203   12.405       4.2578
 -50.203   16.047       4.2578
 -50.203   19.690       4.2578
 -50.203   23.332       4.2578
 -50.203   26.975       4.2578
 -50.203   30.617       4.2578
 -50.203   34.259       4.2578
 -50.203   37.902       4.2578
 -50.203   41.544       4.2578
 -50.203   45.186       4.2578
 -50.203   48.829       4.2578
 -50.203   52.471       4.2578
 -50.203   56.113       4.2578
 -50.203   59.756       4.2578
 -50.203   63.398       4.2578
 -50.203   67.040       4.2578
 -50.203   70.683       4.2578
 -50.203   74.325       4.2578
 -50.203   77.968       4.2578
 -50.203   81.610       4.2578
 -50.203   85.252       4.2578
 -50.203   88.895       4.2578
 -50.203   92.537       4.2578
 -50.203   96.179       4.2578
 -50.203   99.822       4.2578
 -50.203  103.464       4.2578
 -50.203  107.106       4.2578
 -50.203  110.749       4.2578
 -50.203  114.391       4.2578
 -50.203  118.034       4.2578
 -50.203  121.676       4.2578
 -50.203  125.318       4.2578
 -50.203  128.961       4.2578
 -50.203  132.603       4.2578
 -50.203  136.245       4.2578
 -50.203  139.888       4.2578
 -50.203  143.530       4.2578
 -50.203  147.172       2.5347
 -50.203  150.815       1.1960
 -50.203  154.457       0.5949
 -50.203  158.099       0.6712
 -50.203  161.742       0.9757
 -50.203  165.384       1.8169
 -50.203  169.027       2.6049
 -50.203  172.669       3.8446
 -50.203  176.311       2.6049
 -50.203  179.954       1.1235
 -50.203  183.596       0.8079
 -50.203  187.238       1.1360
 -50.203  190.881       2.0892
 -50.203  194.523       2.8851
 -50.203  198.165       4.2578
 -50.203  201.808       4.2578
 -50.203  205.450       4.2578
 -50.203  209.093       4.2578
 -50.203  212.735       4.2578
 -50.203  216.377       4.2578
 -50.203  220.020       4.2578
 -50.203  223.662       4.2578
 -50.203  227.304       4.2578
 -50.203  230.947       4.2578
 -50.203  234.589       4.2578
 -50.203  238.231       4.2578
 -50.203  241.874       4.2578
 -50.203  245.516       4.2578
 -50.203  249.158       4.2578
 -50.203  252.801       4.2578
 -50.203  256.443       4.2578
 -50.203  260.086       4.2578
 -50.203  263.728       4.2578
 -50.203  267.370       4.2578
 -50.203  271.013       4.2578
 -46.063  -89.581       4.2578
 -46.063  -85.939       4.2578
 -46.063  -82.296       4.2578
 -46.063  -78.654       4.2578
 -46.063  -75.012       4.2578
 -46.063  -71.369       4.2578
 -46.063  -67.727       4.2578
 -46.063  -64.084       4.2578
 -46.063  -60.442       4.2578
 -46.063  -56.800       4.2578
 -46.063  -53.157       4.2578
 -46.063  -49.515       4.2578
 -46.063  -45.873       4.2578
 -46.063  -42.230       4.2578
 -46.063  -38.588       4.2578
 -46.063  -34.946       4.2578
 -46.063  -31.303       4.2578
 -46.063  -27.661       4.2578
 -46.063  -24.019       4.2578
 -46.063  -20.376       4.2578
 -46.063  -16.734       4.2578
 -46.063  -13.091       4.2578
 -46.063   -9.449       4.2578
 -46.063   -5.807       4.2578
 -46.063   -2.164       4.2578
 -46.063    1.478       4.2578
 -46.063    5.120       4.2578
 -46.063    8.763       4.2578
 -46.063   12.405       4.2578
 -46.063   16.047       4.2578
 -46.063   19.690       4.2578
 -46.063   23.332       4.2578
 -46.063   26.975       4.2578
 -46.063   30.617       4.2578
 -46.063   34.259       4.2578
 -46.063   37.902       4.2578
 -46.063   41.544       4.2578
 -46.063   45.186       4.2578
 -46.063   48.829       4.2578
 -46.063   52.471       4.2578
 -46.063   56.113       4.2578
 -46.063   59.756       4.2578
 -46.063   63.398       4.2578
 -46.063   67.040       4.2578
 -46.063   70.683       4.2578
 -46.063   74.325       4.2578
 -46.063   77.968       4.2578
 -46.063   81.610       4.2578
 -46.063   85.252       4.2578
 -46.063   88.895       4.2578
 -46.063   92.537       4.2578
 -46.063   96.179       4.2578
 -46.063   99.822       4.2578
 -46.063  103.464       4.2578
 -46.063  107.106       4.2578
 -46.063  110.749       4.2578
 -46.063  114.391       4.2578
 -46.063  118.034       4.2578
 -46.063  121.676       4.2578
 -46.063  125.318       4.2578
 -46.063  128.961       4.2578
 -46.063  132.603       4.2578
 -46.063  136.245       4.2578
 -46.063  139.888       4.2578
 -46.063  143.530       4.2578
 -46.063  147.172       3.1896
 -46.063  150.815       1.5493
 -46.063  154.457       0.7621
 -46.063  158.099       0.5364
 -46.063  161.742       0.7197
 -46.063  165.384       1.3379
 -46.063  169.027       2.4150
 -46.063  172.669       3.8446
 -46.063  176.311       2.6049
 -46.063  179.954       1.5752
 -46.063  183.596       0.8152
 -46.063  187.238       1.0533
 -46.063  190.881       1.7784
 -46.063  194.523       3.0181
 -46.063  198.165       4.2578
 -46.063  201.808       4.2578
 -46.063  205.450       4.2578
 -46.063  209.093       4.2578
 -46.063  212.735       4.2578
 -46.063  216.377       4.2578
 -46.063  220.020       4.2578
 -46.063  223.662       4.2578
 -46.063  227.304       4.2578
 -46.063  230.947       4.2578
 -46.063  234.589       4.2578
 -46.063  238.231       4.2578
 -46.063  241.874       4.2578
 -46.063  245.516       4.2578
 -46.063  249.158       4.2578
 -46.063  252.801       4.2578
 -46.063  256.443       4.2578
 -46.063  260.086       4.2578
 -46.063  263.728       4.2578
 -46.063  267.370       4.2578
 -46.063  271.013       4.2578
 -41.924  -89.581       4.2578
 -41.924  -85.939       4.2578
 -41.924  -82.296       4.2578
 -41.924  -78.654       4.2578
 -41.924  -75.012       4.2578
 -41.924  -71.369       4.2578
 -41.924  -67.727       4.2578
 -41.924  -64.084       4.2578
 -41.924  -60.442       4.2578
 -41.924  -56.800       4.2578
 -41.924  -53.157       4.2578
 -41.924  -49.515       4.2578
 -41.924  -45.873       4.2578
 -41.924  -42.230       4.2578
 -41.924  -38.588       4.2578
 -41.924  -34.946       4.2578
 -41.924  -31.303       4.2578
 -41.924  -27.661       4.2578
 -41.924  -24.019       4.2578
 -41.924  -20.376       4.2578
 -41.924  -16.734       4.2578
 -41.924  -13.091       4.2578
 -41.924   -9.449       4.2578
 -41.924   -5.807       4.2578
 -41.924   -2.164       4.2578
 -41.924    1.478       4.2578
 -41.924    5.120       4.2578
 -41.924    8.763       4.2578
 -41.924   12.405       4.2578
 -41.924   16.047       4.2578
 -41.924   19.690       4.2578
 -41.924   23.332       4.2578
 -41.924   26.975       4.2578
 -41.924   30.617       4.2578
 -41.924   34.259       4.2578
 -41.924   37.902       4.2578
 -41.924   41.544       4.2578
 -41.924   45.186       4.2578
 -41.924   48.829       4.2578
 -41.924   52.471       4.2578
 -41.924   56.113       4.2578
 -41.924   59.756       4.2578
 -41.924   63.398       4.2578
 -41.924   67.040       4.2578
 -41.924   70.683       4.2578
 -41.924   74.325       4.2578
 -41.924   77.968       4.2578
 -41.924   81.610       4.2578
 -41.924   85.252       4.2578
 -41.924   88.895       4.2578
 -41.924   92.537       4.2578
 -41.924   96.179       4.2578
 -41.924   99.822       4.2578
 -41.924  103.464       4.2578
 -41.924  107.106       4.2578
 -41.924  110.749       4.2578
 -41.924  114.391       4.2578
 -41.924  118.034       4.2578
 -41.924  121.676       4.2578
 -41.924  125.318       4.2578
 -41.924  128.961       4.2578
 -41.924  132.603       4.2578
 -41.924  136.245       4.2578
 -41.924  139.888       4.2578
 -41.924  143.530       3.8446
 -41.924  147.172       2.8851
 -41.924  150.815       1.9256
 -41.924  154.457       1.2322
 -41.924  158.099       0.6026
 -41.924  161.742       0.5873
 -41.924  165.384       0.9855
 -41.924  169.027       2.3632
 -41.924  172.669       3.0181
 -41.924  176.311       3.4314
 -41.924  179.954       2.0018
 -41.924  183.596       1.1686
 -41.924  187.238       1.0932
 -41.924  190.881       1.5621
 -41.924  194.523       3.8446
 -41.924  198.165       4.2578
 -41.924  201.808       4.2578
 -41.924  205.450       4.2578
 -41.924  209.093       4.2578
 -41.924  212.735       4.2578
 -41.924  216.377       4.2578
 -41.924  220.020       4.2578
 -41.924  223.662       4.2578
 -41.924  227.304       4.2578
 -41.924  230.947       4.2578
 -41.924  234.589       4.2578
 -41.924  238.231       4.2578
 -41.924  241.874       4.2578
 -41.924  245.516       4.2578
 -41.924  249.158       4.2578
 -41.924  252.801       4.2578
 -41.924  256.443       4.2578
 -41.924  260.086       4.2578
 -41.924  263.728       4.2578
 -41.924  267.370       4.2578
 -41.924  271.013       4.2578
 -37.784  -89.581       4.2578
 -37.784  -85.939       4.2578
 -37.784  -82.296       4.2578
 -37.784  -78.654       4.2578
 -37.784  -75.012       4.2578
 -37.784  -71.369       4.2578
 -37.784  -67.727       4.2578
 -37.784  -64.084       4.2578
 -37.784  -60.442       4.2578
 -37.784  -56.800       4.2578
 -37.784  -53.157       4.2578
 -37.784  -49.515       4.2578
 -37.784  -45.873       4.2578
 -37.784  -42.230       4.2578
 -37.784  -38.588       4.2578
 -37.784  -34.946       4.2578
 -37.784  -31.303       4.2578
 -37.784  -27.661       4.2578
 -37.784  -24.019       4.2578
 -37.784  -20.376       4.2578
 -37.784  -16.734       4.2578
 -37.784  -13.091       4.2578
 -37.784   -9.449       4.2578
 -37.784   -5.807       4.2578
 -37.784   -2.164       4.2578
 -37.784    1.478       4.2578
 -37.784    5.120       4.2578
 -37.784    8.763       4.2578
 -37.784   12.405       4.2578
 -37.784   16.047       4.2578
 -37.784   19.690       4.2578
 -37.784   23.332       4.2578
 -37.784   26.975       4.2578
 -37.784   30.617       4.2578
 -37.784   34.259       4.2578
 -37.784   37.902       4.2578
 -37.784   41.544       4.2578
 -37.784   45.186       4.2578
 -37.784   48.829       4.2578
 -37.784   52.471       4.2578
 -37.784   56.113       4.2578
 -37.784   59.756       4.2578
 -37.784   63.398       4.2578
 -37.784   67.040       4.2578
 -37.784   70.683       4.2578
 -37.784   74.325       4.2578
 -37.784   77.968       4.2578
 -37.784   81.610       4.2578
 -37.784   85.252       4.2578
 -37.784   88.895       4.2578
 -37.784   92.537       4.2578
 -37.784   96.179       4.2578
 -37.784   99.822       4.2578
 -37.784  103.464       4.2578
 -37.784  107.106       4.2578
 -37.784  110.749       4.2578
 -37.784  114.391       4.2578
 -37.784  118.034       4.2578
 -37.784  121.676       4.2578
 -37.784  125.318       4.2578
 -37.784  128.961       4.2578
 -37.784  132.603       4.2578
 -37.784  136.245       4.2578
 -37.784  139.888       4.2578
 -37.784  143.530       4.2578
 -37.784  147.172       2.7764
 -37.784  150.815       1.9753
 -37.784  154.457       1.6023
 -37.784  158.099       0.8042
 -37.784  161.742       0.7165
 -37.784  165.384       1.0758
 -37.784  169.027       2.4150
 -37.784  172.669       4.2578
 -37.784  176.311       4.2578
 -37.784  179.954       2.8851
 -37.784  183.596       1.7423
 -37.784  187.238       1.5621
 -37.784  190.881       1.9022
 -37.784  194.523       2.7764
 -37.784  198.165       4.2578
 -37.784  201.808       4.2578
 -37.784  205.450       4.2578
 -37.784  209.093       4.2578
 -37.784  212.735       4.2578
 -37.784  216.377       4.2578
 -37.784  220.020       4.2578
 -37.784  223.662       4.2578
 -37.784  227.304       4.2578
 -37.784  230.947       4.2578
 -37.784  234.589       4.2578
 -37.784  238.231       4.2578
 -37.784  241.874       4.2578
 -37.784  245.516       4.2578
 -37.784  249.158       4.2578
 -37.784  252.801       4.2578
 -37.784  256.443       4.2578
 -37.784  260.086       4.2578
 -37.784  263.728       4.2578
 -37.784  267.370       4.2578
 -37.784  271.013       4.2578
 -33.645  -89.581       4.2578
 -33.645  -85.939       4.2578
 -33.645  -82.296       4.2578
 -33.645  -78.654       4.2578
 -33.645  -75.012       4.2578
 -33.645  -71.369       4.2578
 -33.645  -67.727       4.2578
 -33.645  -64.084       4.2578
 -33.645  -60.442       4.2578
 -33.645  -56.800       4.2578
 -33.645  -53.157       4.2578
 -33.645  -49.515       4.2578
 -33.645  -45.873       4.2578
 -33.645  -42.230       4.2578
 -33.645  -38.588       4.2578
 -33.645  -34.946       4.2578
 -33.645  -31.303       4.2578
 -33.645  -27.661       4.2578
 -33.645  -24.019       4.2578
 -33.645  -20.376       4.2578
 -33.645  -16.734       4.2578
 -33.645  -13.091       4.2578
 -33.645   -9.449       4.2578
 -33.645   -5.807       4.2578
 -33.645   -2.164       4.2578
 -33.645    1.478       4.2578
 -33.645    5.120       4.2578
 -33.645    8.763       4.2578
 -33.645   12.405       4.2578
 -33.645   16.047       4.2578
 -33.645   19.690       4.2578
 -33.645   23.332       4.2578
 -33.645   26.975       4.2578
 -33.645   30.617       4.2578
 -33.645   34.259       4.2578
 -33.645   37.902       4.2578
 -33.645   41.544       4.2578
 -33.645   45.186       4.2578
 -33.645   48.829       4.2578
 -33.645   52.471       4.2578
 -33.645   56.113       4.2578
 -33.645   59.756       4.2578
 -33.645   63.398       4.2578
 -33.645   67.040       4.2578
 -33.645   70.683       4.2578
 -33.645   74.325       4.2578
 -33.645   77.968       4.2578
 -33.645   81.610       4.2578
 -33.645   85.252       4.2578
 -33.645   88.895       4.2578
 -33.645   92.537       4.2578
 -33.645   96.179       4.2578
 -33.645   99.822       4.2578
 -33.645  103.464       4.2578
 -33.645  107.106       4.2578
 -33.645  110.749       4.2578
 -33.645  114.391       4.2578
 -33.645  118.034       4.2578
 -33.645  121.676       4.2578
 -33.645  125.318       4.2578
 -33.645  128.961       4.2578
 -33.645  132.603       4.2578
 -33.645  136.245       4.2578
 -33.645  139.888       4.2578
 -33.645  143.530       3.4314
 -33.645  147.172       2.4719
 -33.645  150.815       1.8580
 -33.645  154.457       1.6454
 -33.645  158.099       1.1489
 -33.645  161.742       0.7324
 -33.645  165.384       1.1686
 -33.645  169.027       3.0181
 -33.645  172.669       3.4314
 -33.645  176.311       4.2578
 -33.645  179.954       3.8446
 -33.645  183.596       2.0586
 -33.645  187.238       1.7601
 -33.645  190.881       1.4239
 -33.645  194.523       1.7423
 -33.645  198.165       3.1896
 -33.645  201.808       4.2578
 -33.645  205.450       4.2578
 -33.645  209.093       4.2578
 -33.645  212.735       4.2578
 -33.645  216.377       4.2578
 -33.645  220.020       4.2578
 -33.645  223.662       4.2578
 -33.645  227.304       4.2578
 -33.645  230.947       4.2578
 -33.645  234.589       4.2578
 -33.645  238.231       4.2578
 -33.645  241.874       4.2578
 -33.645  245.516       4.2578
 -33.645  249.158       4.2578
 -33.645  252.801       4.2578
 -33.645  256.443       4.2578
 -33.645  260.086       4.2578
 -33.645  263.728       4.2578
 -33.645  267.370       4.2578
 -33.645  271.013       4.2578
 -29.505  -89.581       4.2578
 -29.505  -85.939       4.2578
 -29.505  -82.296       4.2578
 -29.505  -78.654       4.2578
 -29.505  -75.012       4.2578
 -29.505  -71.369       4.2578
 -29.505  -67.727       4.2578
 -29.505  -64.084       4.2578
 -29.505  -60.442       4.2578
 -29.505  -56.800       4.2578
 -29.505  -53.157       4.2578
 -29.505  -49.515       4.2578
 -29.505  -45.873       4.2578
 -29.505  -42.230       4.2578
 -29.505  -38.588       4.2578
 -29.505  -34.946       4.2578
 -29.505  -31.303       4.2578
 -29.505  -27.661       4.2578
 -29.505  -24.019       4.2578
 -29.505  -20.376       4.2578
 -29.505  -16.734       4.2578
 -29.505  -13.091       4.2578
 -29.505   -9.449       4.2578
 -29.505   -5.807       4.2578
 -29.505   -2.164       4.2578
 -29.505    1.478       4.2578
 -29.505    5.120       4.2578
 -29.505    8.763       4.2578
 -29.505   12.405       4.2578
 -29.505   16.047       4.2578
 -29.505   19.690       4.2578
 -29.505   23.332       4.2578
 -29.505   26.975       4.2578
 -29.505   30.617       4.2578
 -29.505   34.259       4.2578
 -29.505   37.902       4.2578
 -29.505   41.544       4.2578
 -29.505   45.186       4.2578
 -29.505   48.829       4.2578
 -29.505   52.471       4.2578
 -29.505   56.113       4.2578
 -29.505   59.756       4.2578
 -29.505   63.398       4.2578
 -29.505   67.040       4.2578
 -29.505   70.683       4.2578
 -29.505   74.325       4.2578
 -29.505   77.968       4.2578
 -29.505   81.610       4.2578
 -29.505   85.252       4.2578
 -29.505   88.895       4.2578
 -29.505   92.537       4.2578
 -29.505   96.179       4.2578
 -29.505   99.822       4.2578
 -29.505  103.464       4.2578
 -29.505  107.106       4.2578
 -29.505  110.749       4.2578
 -29.505  114.391       4.2578
 -29.505  118.034       4.2578
 -29.505  121.676       4.2578
 -29.505  125.318       4.2578
 -29.505  128.961       4.2578
 -29.505  132.603       4.2578
 -29.505  136.245       4.2578
 -29.505  139.888       4.2578
 -29.505  143.530       4.2578
 -29.505  147.172       3.0181
 -29.505  150.815       2.0296
 -29.505  154.457       1.6163
 -29.505  158.099       1.3560
 -29.505  161.742       0.7793
 -29.505  165.384       0.9614
 -29.505  169.027       1.9022
 -29.505  172.669       2.7764
 -29.505  176.311       4.2578
 -29.505  179.954       3.8446
 -29.505  183.596       2.6845
 -29.505  187.238       1.9022
 -29.505  190.881       1.6454
 -29.505  194.523       1.5621
 -29.505  198.165       3.1896
 -29.505  201.808       4.2578
 -29.505  205.450       4.2578
 -29.505  209.093       4.2578
 -29.505  212.735       4.2578
 -29.505  216.377       4.2578
 -29.505  220.020       4.2578
 -29.505  223.662       4.2578
 -29.505  227.304       4.2578
 -29.505  230.947       4.2578
 -29.505  234.589       4.2578
 -29.505  238.231       4.2578
 -29.505  241.874       4.2578
 -29.505  245.516       4.2578
 -29.505  249.158       4.2578
 -29.505  252.801       4.2578
 -29.505  256.443       4.2578
 -29.505  260.086       4.2578
 -29.505  263.728       4.2578
 -29.505  267.370       4.2578
 -29.505  271.013       4.2578
 -25.366  -89.581       4.2578
 -25.366  -85.939       4.2578
 -25.366  -82.296       4.2578
 -25.366  -78.654       4.2578
 -25.366  -75.012       4.2578
 -25.366  -71.369       4.2578
 -25.366  -67.727       4.2578
 -25.366  -64.084       4.2578
 -25.366  -60.442       4.2578
 -25.366  -56.800       4.2578
 -25.366  -53.157       4.2578
 -25.366  -49.515       4.2578
 -25.366  -45.873       4.2578
 -25.366  -42.230       4.2578
 -25.366  -38.588       4.2578
 -25.366  -34.946       4.2578
 -25.366  -31.303       4.2578
 -25.366  -27.661       4.2578
 -25.366  -24.019       4.2578
 -25.366  -20.376       4.2578
 -25.366  -16.734       4.2578
 -25.366  -13.091       4.2578
 -25.366   -9.449       4.2578
 -25.366   -5.807       4.2578
 -25.366   -2.164       4.2578
 -25.366    1.478       4.2578
 -25.366    5.120       4.2578
 -25.366    8.763       4.2578
 -25.366   12.405       4.2578
 -25.366   16.047       4.2578
 -25.366   19.690       4.2578
 -25.366   23.332       4.2578
 -25.366   26.975       4.2578
 -25.366   30.617       4.2578
 -25.366   34.259       4.2578
 -25.366   37.902       4.2578
 -25.366   41.544       4.2578
 -25.366   45.186       4.2578
 -25.366   48.829       4.2578
 -25.366   52.471       4.2578
 -25.366   56.113       4.2578
 -25.366   59.756       4.2578
 -25.366   63.398       4.2578
 -25.366   67.040       4.2578
 -25.366   70.683       4.2578
 -25.366   74.325       4.2578
 -25.366   77.968       4.2578
 -25.366   81.610       4.2578
 -25.366   85.252       4.2578
 -25.366   88.895       4.2578
 -25.366   92.537       4.2578
 -25.366   96.179       4.2578
 -25.366   99.822       4.2578
 -25.366  103.464       4.2578
 -25.366  107.106       4.2578
 -25.366  110.749       4.2578
 -25.366  114.391       4.2578
 -25.366  118.034       4.2578
 -25.366  121.676       4.2578
 -25.366  125.318       4.2578
 -25.366  128.961       4.2578
 -25.366  132.603       4.2578
 -25.366  136.245       4.2578
 -25.366  139.888       4.2578
 -25.366  143.530       4.2578
 -25.366  147.172       3.4314
 -25.366  150.815       2.2301
 -25.366  154.457       2.0018
 -25.366  158.099       1.6605
 -25.366  161.742       1.1297
 -25.366  165.384       0.9806
 -25.366  169.027       1.3746
 -25.366  172.669       2.6845
 -25.366  176.311       4.2578
 -25.366  179.954       4.2578
 -25.366  183.596       4.2578
 -25.366  187.238       3.0181
 -25.366  190.881       2.0586
 -25.366  194.523       1.7601
 -25.366  198.165       3.1896
 -25.366  201.808       4.2578
 -25.366  205.450       4.2578
 -25.366  209.093       4.2578
 -25.366  212.735       4.2578
 -25.366  216.377       4.2578
 -25.366  220.020       4.2578
 -25.366  223.662       4.2578
 -25.366  227.304       4.2578
 -25.366  230.947       4.2578
 -25.366  234.589       4.2578
 -25.366  238.231       4.2578
 -25.366  241.874       4.2578
 -25.366  245.516       4.2578
 -25.366  249.158       4.2578
 -25.366  252.801       4.2578
 -25.366  256.443       4.2578
 -25.366  260.086       4.2578
 -25.366  263.728       4.2578
 -25.366  267.370       4.2578
 -25.366  271.013       4.2578
 -21.226  -89.581       4.2578
 -21.226  -85.939       4.2578
 -21.226  -82.296       4.2578
 -21.226  -78.654       4.2578
 -21.226  -75.012       4.2578
 -21.226  -71.369       4.2578
 -21.226  -67.727       4.2578
 -21.226  -64.084       4.2578
 -21.226  -60.442       4.2578
 -21.226  -56.800       4.2578
 -21.226  -53.157       4.2578
 -21.226  -49.515       4.2578
 -21.226  -45.873       4.2578
 -21.226  -42.230       4.2578
 -21.226  -38.588       4.2578
 -21.226  -34.946       4.2578
 -21.226  -31.303       4.2578
 -21.226  -27.661       4.2578
 -21.226  -24.019       4.2578
 -21.226  -20.376       4.2578
 -21.226  -16.734       4.2578
 -21.226  -13.091       4.2578
 -21.226   -9.449       4.2578
 -21.226   -5.807       4.2578
 -21.226   -2.164       4.2578
 -21.226    1.478       4.2578
 -21.226    5.120       4.2578
 -21.226    8.763       4.2578
 -21.226   12.405       4.2578
 -21.226   16.047       4.2578
 -21.226   19.690       4.2578
 -21.226   23.332       4.2578
 -21.226   26.975       4.2578
 -21.226   30.617       4.2578
 -21.226   34.259       4.2578
 -21.226   37.902       4.2578
 -21.226   41.544       4.2578
 -21.226   45.186       4.2578
 -21.226   48.829       4.2578
 -21.226   52.471       4.2578
 -21.226   56.113       4.2578
 -21.226   59.756       4.2578
 -21.226   63.398       4.2578
 -21.226   67.040       4.2578
 -21.226   70.683       4.2578
 -21.226   74.325       4.2578
 -21.226   77.968       4.2578
 -21.226   81.610       4.2578
 -21.226   85.252       4.2578
 -21.226   88.895       4.2578
 -21.226   92.537       4.2578
 -21.226   96.179       4.2578
 -21.226   99.822       4.2578
 -21.226  103.464       4.2578
 -21.226  107.106       4.2578
 -21.226  110.749       4.2578
 -21.226  114.391       4.2578
 -21.226  118.034       4.2578
 -21.226  121.676       4.2578
 -21.226  125.318       4.2578
 -21.226  128.961       4.2578
 -21.226  132.603       4.2578
 -21.226  136.245       4.2578
 -21.226  139.888       4.2578
 -21.226  143.530       4.2578
 -21.226  147.172       4.2578
 -21.226  150.815       3.4314
 -21.226  154.457       2.3632
 -21.226  158.099       2.3155
 -21.226  161.742       1.2550
 -21.226  165.384       0.8901
 -21.226  169.027       1.0107
 -21.226  172.669       1.6163
 -21.226  176.311       3.1896
 -21.226  179.954       4.2578
 -21.226  183.596       4.2578
 -21.226  187.238       3.4314
 -21.226  190.881       2.2301
 -21.226  194.523       2.2713
 -21.226  198.165       4.2578
 -21.226  201.808       4.2578
 -21.226  205.450       4.2578
 -21.226  209.093       3.8446
 -21.226  212.735       4.2578
 -21.226  216.377       4.2578
 -21.226  220.020       4.2578
 -21.226  223.662       4.2578
 -21.226  227.304       4.2578
 -21.226  230.947       4.2578
 -21.226  234.589       4.2578
 -21.226  238.231       4.2578
 -21.226  241.874       4.2578
 -21.226  245.516       4.2578
 -21.226  249.158       4.2578
 -21.226  252.801       4.2578
 -21.226  256.443       4.2578
 -21.226  260.086       4.2578
 -21.226  263.728       4.2578
 -21.226  267.370       4.2578
 -21.226  271.013       4.2578
 -17.086  -89.581       4.2578
 -17.086  -85.939       4.2578
 -17.086  -82.296       4.2578
 -17.086  -78.654       4.2578
 -17.086  -75.012       4.2578
 -17.086  -71.369       4.2578
 -17.086  -67.727       4.2578
 -17.086  -64.084       4.2578
 -17.086  -60.442       4.2578
 -17.086  -56.800       4.2578
 -17.086  -53.157       4.2578
 -17.086  -49.515       4.2578
 -17.086  -45.873       4.2578
 -17.086  -42.230       4.2578
 -17.086  -38.588       4.2578
 -17.086  -34.946       4.2578
 -17.086  -31.303       4.2578
 -17.086  -27.661       4.2578
 -17.086  -24.019       4.2578
 -17.086  -20.376       4.2578
 -17.086  -16.734       4.2578
 -17.086  -13.091       4.2578
 -17.086   -9.449       4.2578
 -17.086   -5.807       4.2578
 -17.086   -2.164       4.2578
 -17.086    1.478       4.2578
 -17.086    5.120       4.2578
 -17.086    8.763       4.2578
 -17.086   12.405       4.2578
 -17.086   16.047       4.2578
 -17.086   19.690       4.2578
 -17.086   23.332       4.2578
 -17.086   26.975       4.2578
 -17.086   30.617       4.2578
 -17.086   34.259       4.2578
 -17.086   37.902       4.2578
 -17.086   41.544       4.2578
 -17.086   45.186       4.2578
 -17.086   48.829       4.2578
 -17.086   52.471       4.2578
 -17.086   56.113       4.2578
 -17.086   59.756       4.2578
 -17.086   63.398       4.2578
 -17.086   67.040       4.2578
 -17.086   70.683       4.2578
 -17.086   74.325       4.2578
 -17.086   77.968       4.2578
 -17.086   81.610       4.2578
 -17.086   85.252       4.2578
 -17.086   88.895       4.2578
 -17.086   92.537       4.2578
 -17.086   96.179       4.2578
 -17.086   99.822       4.2578
 -17.086  103.464       4.2578
 -17.086  107.106       4.2578
 -17.086  110.749       4.2578
 -17.086  114.391       4.2578
 -17.086  118.034       4.2578
 -17.086  121.676       4.2578
 -17.086  125.318       4.2578
 -17.086  128.961       4.2578
 -17.086  132.603       4.2578
 -17.086  136.245       4.2578
 -17.086  139.888       4.2578
 -17.086  143.530       4.2578
 -17.086  147.172       4.2578
 -17.086  150.815       3.1896
 -17.086  154.457       3.4314
 -17.086  158.099       3.8446
 -17.086  161.742       1.6760
 -17.086  165.384       1.0158
 -17.086  169.027       0.6264
 -17.086  172.669       1.0369
 -17.086  176.311       1.7082
 -17.086  179.954       4.2578
 -17.086  183.596       4.2578
 -17.086  187.238       3.8446
 -17.086  190.881       2.5347
 -17.086  194.523       2.6845
 -17.086  198.165       2.7764
 -17.086  201.808       3.4314
 -17.086  205.450       3.8446
 -17.086  209.093       3.0181
 -17.086  212.735       4.2578
 -17.086  216.377       4.2578
 -17.086  220.020       4.2578
 -17.086  223.662       4.2578
 -17.086  227.304       4.2578
 -17.086  230.947       4.2578
 -17.086  234.589       4.2578
 -17.086  238.231       4.2578
 -17.086  241.874       4.2578
 -17.086  245.516       4.2578
 -17.086  249.158       4.2578
 -17.086  252.801       4.2578
 -17.086  256.443       4.2578
 -17.086  260.086       4.2578
 -17.086  263.728       4.2578
 -17.086  267.370       4.2578
 -17.086  271.013       4.2578
 -12.947  -89.581       4.2578
 -12.947  -85.939       4.2578
 -12.947  -82.296       4.2578
 -12.947  -78.654       4.2578
 -12.947  -75.012       4.2578
 -12.947  -71.369       4.2578
 -12.947  -67.727       4.2578
 -12.947  -64.084       4.2578
 -12.947  -60.442       4.2578
 -12.947  -56.800       4.2578
 -12.947  -53.157       4.2578
 -12.947  -49.515       4.2578
 -12.947  -45.873       4.2578
 -12.947  -42.230       4.2578
 -12.947  -38.588       4.2578
 -12.947  -34.946       4.2578
 -12.947  -31.303       4.2578
 -12.947  -27.661       4.2578
 -12.947  -24.019       4.2578
 -12.947  -20.376       4.2578
 -12.947  -16.734       4.2578
 -12.947  -13.091       4.2578
 -12.947   -9.449       4.2578
 -12.947   -5.807       4.2578
 -12.947   -2.164       4.2578
 -12.947    1.478       4.2578
 -12.947    5.120       4.2578
 -12.947    8.763       4.2578
 -12.947   12.405       4.2578
 -12.947   16.047       4.2578
 -12.947   19.690       4.2578
 -12.947   23.332       4.2578
 -12.947   26.975       4.2578
 -12.947   30.617       4.2578
 -12.947   34.259       4.2578
 -12.947   37.902       4.2578
 -12.947   41.544       4.2578
 -12.947   45.186       4.2578
 -12.947   48.829       4.2578
 -12.947   52.471       4.2578
 -12.947   56.113       4.2578
 -12.947   59.756       4.2578
 -12.947   63.398       4.2578
 -12.947   67.040       4.2578
 -12.947   70.683       4.2578
 -12.947   74.325       4.2578
 -12.947   77.968       4.2578
 -12.947   81.610       4.2578
 -12.947   85.252       4.2578
 -12.947   88.895       4.2578
 -12.947   92.537       4.2578
 -12.947   96.179       4.2578
 -12.947   99.822       4.2578
 -12.947  103.464       4.2578
 -12.947  107.106       4.2578
 -12.947  110.749       4.2578
 -12.947  114.391       4.2578
 -12.947  118.034       4.2578
 -12.947  121.676       4.2578
 -12.947  125.318       4.2578
 -12.947  128.961       4.2578
 -12.947  132.603       4.2578
 -12.947  136.245       4.2578
 -12.947  139.888       4.2578
 -12.947  143.530       4.2578
 -12.947  147.172       4.2578
 -12.947  150.815       4.2578
 -12.947  154.457       4.2578
 -12.947  158.099       3.1896
 -12.947  161.742       2.3155
 -12.947  165.384       1.2102
 -12.947  169.027       0.5553
 -12.947  172.669       0.5898
 -12.947  176.311       1.0992
 -12.947  179.954       2.3155
 -12.947  183.596       3.1896
 -12.947  187.238       3.1896
 -12.947  190.881       1.8169
 -12.947  194.523       2.0018
 -12.947  198.165       1.8797
 -12.947  201.808       2.0586
 -12.947  205.450       2.0586
 -12.947  209.093       2.0018
 -12.947  212.735       2.0586
 -12.947  216.377       3.0181
 -12.947  220.020       4.2578
 -12.947  223.662       4.2578
 -12.947  227.304       4.2578
 -12.947  230.947       4.2578
 -12.947  234.589       4.2578
 -12.947  238.231       4.2578
 -12.947  241.874       4.2578
 -12.947  245.516       4.2578
 -12.947  249.158       4.2578
 -12.947  252.801       4.2578
 -12.947  256.443       4.2578
 -12.947  260.086       4.2578
 -12.947  263.728       4.2578
 -12.947  267.370       4.2578
 -12.947  271.013       4.2578
  -8.807  -89.581       4.2578
  -8.807  -85.939       4.2578
  -8.807  -82.296       4.2578
  -8.807  -78.654       4.2578
  -8.807  -75.012       4.2578
  -8.807  -71.369       4.2578
  -8.807  -67.727       4.2578
  -8.807  -64.084       4.2578
  -8.807  -60.442       4.2578
  -8.807  -56.800       4.2578
  -8.807  -53.157       4.2578
  -8.807  -49.515       4.2578
  -8.807  -45.873       4.2578
  -8.807  -42.230       4.2578
  -8.807  -38.588       4.2578
  -8.807  -34.946       4.2578
  -8.807  -31.303       4.2578
  -8.807  -27.661       4.2578
  -8.807  -24.019       4.2578
  -8.807  -20.376       4.2578
  -8.807  -16.734       4.2578
  -8.807  -13.091       4.2578
  -8.807   -9.449       4.2578
  -8.807   -5.807       4.2578
  -8.807   -2.164       4.2578
  -8.807    1.478       4.2578
  -8.807    5.120       4.2578
  -8.807    8.763       4.2578
  -8.807   12.405       4.2578
  -8.807   16.047       4.2578
  -8.807   19.690       4.2578
  -8.807   23.332       4.2578
  -8.807   26.975       4.2578
  -8.807   30.617       4.2578
  -8.807   34.259       4.2578
  -8.807   37.902       4.2578
  -8.807   41.544       4.2578
  -8.807   45.186       4.2578
  -8.807   48.829       4.2578
  -8.807   52.471       4.2578
  -8.807   56.113       4.2578
  -8.807   59.756       4.2578
  -8.807   63.398       4.2578
  -8.807   67.040       4.2578
  -8.807   70.683       4.2578
  -8.807   74.325       4.2578
  -8.807   77.968       4.2578
  -8.807   81.610       4.2578
  -8.807   85.252       4.2578
  -8.807   88.895       4.2578
  -8.807   92.537       4.2578
  -8.807   96.179       4.2578
  -8.807   99.822       4.2578
  -8.807  103.464       4.2578
  -8.807  107.106       4.2578
  -8.807  110.749       4.2578
  -8.807  114.391       4.2578
  -8.807  118.034       4.2578
  -8.807  121.676       4.2578
  -8.807  125.318       4.2578
  -8.807  128.961       4.2578
  -8.807  132.603       4.2578
  -8.807  136.245       4.2578
  -8.807  139.888       4.2578
  -8.807  143.530       4.2578
  -8.807  147.172       4.2578
  -8.807  150.815       4.2578
  -8.807  154.457       4.2578
  -8.807  158.099       4.2578
  -8.807  161.742       2.8851
  -8.807  165.384       1.6307
  -8.807  169.027       0.7621
  -8.807  172.669       0.5698
  -8.807  176.311       0.8456
  -8.807  179.954       1.6605
  -8.807  183.596       3.1896
  -8.807  187.238       2.4150
  -8.807  190.881       1.5367
  -8.807  194.523       1.5886
  -8.807  198.165       1.7250
  -8.807  201.808       1.6760
  -8.807  205.450       1.3204
  -8.807  209.093       1.3652
  -8.807  212.735       1.9022
  -8.807  216.377       1.8797
  -8.807  220.020       3.1896
  -8.807  223.662       4.2578
  -8.807  227.304       4.2578
  -8.807  230.947       4.2578
  -8.807  234.589       4.2578
  -8.807  238.231       4.2578
  -8.807  241.874       4.2578
  -8.807  245.516       4.2578
  -8.807  249.158       4.2578
  -8.807  252.801       4.2578
  -8.807  256.443       4.2578
  -8.807  260.086       4.2578
  -8.807  263.728       4.2578
  -8.807  267.370       4.2578
  -8.807  271.013       4.2578
  -4.668  -89.581       4.2578
  -4.668  -85.939       4.2578
  -4.668  -82.296       4.2578
  -4.668  -78.654       4.2578
  -4.668  -75.012       4.2578
  -4.668  -71.369       4.2578
  -4.668  -67.727       4.2578
  -4.668  -64.084       4.2578
  -4.668  -60.442       4.2578
  -4.668  -56.800       4.2578
  -4.668  -53.157       4.2578
  -4.668  -49.515       4.2578
  -4.668  -45.873       4.2578
  -4.668  -42.230       4.2578
  -4.668  -38.588       4.2578
  -4.668  -34.946       4.2578
  -4.668  -31.303       4.2578
  -4.668  -27.661       4.2578
  -4.668  -24.019       4.2578
  -4.668  -20.376       4.2578
  -4.668  -16.734       4.2578
  -4.668  -13.091       4.2578
  -4.668   -9.449       4.2578
  -4.668   -5.807       4.2578
  -4.668   -2.164       4.2578
  -4.668    1.478       4.2578
  -4.668    5.120       4.2578
  -4.668    8.763       4.2578
  -4.668   12.405       4.2578
  -4.668   16.047       4.2578
  -4.668   19.690       4.2578
  -4.668   23.332       4.2578
  -4.668   26.975       4.2578
  -4.668   30.617       4.2578
  -4.668   34.259       4.2578
  -4.668   37.902       4.2578
  -4.668   41.544       4.2578
  -4.668   45.186       4.2578
  -4.668   48.829       4.2578
  -4.668   52.471       4.2578
  -4.668   56.113       4.2578
  -4.668   59.756       4.2578
  -4.668   63.398       4.2578
  -4.668   67.040       4.2578
  -4.668   70.683       4.2578
  -4.668   74.325       4.2578
  -4.668   77.968       4.2578
  -4.668   81.610       4.2578
  -4.668   85.252       4.2578
  -4.668   88.895       4.2578
  -4.668   92.537       4.2578
  -4.668   96.179       4.2578
  -4.668   99.822       4.2578
  -4.668  103.464       4.2578
  -4.668  107.106       4.2578
  -4.668  110.749       4.2578
  -4.668  114.391       4.2578
  -4.668  118.034       4.2578
  -4.668  121.676       4.2578
  -4.668  125.318       4.2578
  -4.668  128.961       4.2578
  -4.668  132.603       4.2578
  -4.668  136.245       4.2578
  -4.668  139.888       4.2578
  -4.668  143.530       4.2578
  -4.668  147.172       4.2578
  -4.668  150.815       4.2578
  -4.668  154.457       4.2578
  -4.668  158.099       4.2578
  -4.668  161.742       3.8446
  -4.668  165.384       2.1555
  -4.668  169.027       1.1360
  -4.668  172.669       0.7292
  -4.668  176.311       0.9905
  -4.668  179.954       1.6454
  -4.668  183.596       2.6845
  -4.668  187.238       2.2713
  -4.668  190.881       1.2950
  -4.668  194.523       1.2950
  -4.668  198.165       1.4776
  -4.668  201.808       1.4556
  -4.668  205.450       1.5124
  -4.668  209.093       1.5124
  -4.668  212.735       1.7974
  -4.668  216.377       2.0296
  -4.668  220.020       2.6049
  -4.668  223.662       4.2578
  -4.668  227.304       4.2578
  -4.668  230.947       4.2578
  -4.668  234.589       4.2578
  -4.668  238.231       4.2578
  -4.668  241.874       4.2578
  -4.668  245.516       4.2578
  -4.668  249.158       4.2578
  -4.668  252.801       4.2578
  -4.668  256.443       4.2578
  -4.668  260.086       4.2578
  -4.668  263.728       4.2578
  -4.668  267.370       4.2578
  -4.668  271.013       4.2578
  -0.528  -89.581       4.2578
  -0.528  -85.939       4.2578
  -0.528  -82.296       4.2578
  -0.528  -78.654       4.2578
  -0.528  -75.012       4.2578
  -0.528  -71.369       4.2578
  -0.528  -67.727       4.2578
  -0.528  -64.084       4.2578
  -0.528  -60.442       4.2578
  -0.528  -56.800       4.2578
  -0.528  -53.157       4.2578
  -0.528  -49.515       4.2578
  -0.528  -45.873       4.2578
  -0.528  -42.230       4.2578
  -0.528  -38.588       4.2578
  -0.528  -34.946       4.2578
  -0.528  -31.303       4.2578
  -0.528  -27.661       4.2578
  -0.528  -24.019       4.2578
  -0.528  -20.376       4.2578
  -0.528  -16.734       4.2578
  -0.528  -13.091       4.2578
  -0.528   -9.449       4.2578
  -0.528   -5.807       4.2578
  -0.528   -2.164       4.2578
  -0.528    1.478       4.2578
  -0.528    5.120       4.2578
  -0.528    8.763       4.2578
  -0.528   12.405       4.2578
  -0.528   16.047       4.2578
  -0.528   19.690       4.2578
  -0.528   23.332       4.2578
  -0.528   26.975       4.2578
  -0.528   30.617       4.2578
  -0.528   34.259       4.2578
  -0.528   37.902       4.2578
  -0.528   41.544       4.2578
  -0.528   45.186       4.2578
  -0.528   48.829       4.2578
  -0.528   52.471       4.2578
  -0.528   56.113       4.2578
  -0.528   59.756       4.2578
  -0.528   63.398       4.2578
  -0.528   67.040       4.2578
  -0.528   70.683       4.2578
  -0.528   74.325       4.2578
  -0.528   77.968       4.2578
  -0.528   81.610       4.2578
  -0.528   85.252       4.2578
  -0.528   88.895       4.2578
  -0.528   92.537       4.2578
  -0.528   96.179       4.2578
  -0.528   99.822       4.2578
  -0.528  103.464       4.2578
  -0.528  107.106       4.2578
  -0.528  110.749       4.2578
  -0.528  114.391       4.2578
  -0.528  118.034       4.2578
  -0.528  121.676       4.2578
  -0.528  125.318       4.2578
  -0.528  128.961       4.2578
  -0.528  132.603       4.2578
  -0.528  136.245       4.2578
  -0.528  139.888       4.2578
  -0.528  143.530       4.2578
  -0.528  147.172       4.2578
  -0.528  150.815       4.2578
  -0.528  154.457       4.2578
  -0.528  158.099       4.2578
  -0.528  161.742       4.2578
  -0.528  165.384       4.2578
  -0.528  169.027       1.8797
  -0.528  172.669       1.5621
  -0.528  176.311       1.2550
  -0.528  179.954       1.6023
  -0.528  183.596       2.6049
  -0.528  187.238       2.4150
  -0.528  190.881       2.0018
  -0.528  194.523       1.5621
  -0.528  198.165       1.1489
  -0.528  201.808       1.4776
  -0.528  205.450       1.3379
  -0.528  209.093       1.2868
  -0.528  212.735       2.1215
  -0.528  216.377       4.2578
  -0.528  220.020       4.2578
  -0.528  223.662       4.2578
  -0.528  227.304       4.2578
  -0.528  230.947       4.2578
  -0.528  234.589       4.2578
  -0.528  238.231       4.2578
  -0.528  241.874       4.2578
  -0.528  245.516       4.2578
  -0.528  249.158       4.2578
  -0.528  252.801       4.2578
  -0.528  256.443       4.2578
  -0.528  260.086       4.2578
  -0.528  263.728       4.2578
  -0.528  267.370       4.2578
  -0.528  271.013       4.2578
   3.611  -89.581       4.2578
   3.611  -85.939       4.2578
   3.611  -82.296       4.2578
   3.611  -78.654       4.2578
   3.611  -75.012       4.2578
   3.611  -71.369       4.2578
   3.611  -67.727       4.2578
   3.611  -64.084       4.2578
   3.611  -60.442       4.2578
   3.611  -56.800       4.2578
   3.611  -53.157       4.2578
   3.611  -49.515       4.2578
   3.611  -45.873       4.2578
   3.611  -42.230       4.2578
   3.611  -38.588       4.2578
   3.611  -34.946       4.2578
   3.611  -31.303       4.2578
   3.611  -27.661       4.2578
   3.611  -24.019       4.2578
   3.611  -20.376       4.2578
   3.611  -16.734       4.2578
   3.611  -13.091       4.2578
   3.611   -9.449       4.2578
   3.611   -5.807       4.2578
   3.611   -2.164       4.2578
   3.611    1.478       4.2578
   3.611    5.120       4.2578
   3.611    8.763       4.2578
   3.611   12.405       4.2578
   3.611   16.047       4.2578
   3.611   19.690       4.2578
   3.611   23.332       4.2578
   3.611   26.975       4.2578
   3.611   30.617       4.2578
   3.611   34.259       4.2578
   3.611   37.902       4.2578
   3.611   41.544       4.2578
   3.611   45.186       4.2578
   3.611   48.829       4.2578
   3.611   52.471       4.2578
   3.611   56.113       4.2578
   3.611   59.756       4.2578
   3.611   63.398       4.2578
   3.611   67.040       4.2578
   3.611   70.683       4.2578
   3.611   74.325       4.2578
   3.611   77.968       4.2578
   3.611   81.610       4.2578
   3.611   85.252       4.2578
   3.611   88.895       4.2578
   3.611   92.537       4.2578
   3.611   96.179       4.2578
   3.611   99.822       4.2578
   3.611  103.464       4.2578
   3.611  107.106       4.2578
   3.611  110.749       4.2578
   3.611  114.391       4.2578
   3.611  118.034       4.2578
   3.611  121.676       4.2578
   3.611  125.318       4.2578
   3.611  128.961       4.2578
   3.611  132.603       4.2578
   3.611  136.245       4.2578
   3.611  139.888       4.2578
   3.611  143.530       4.2578
   3.611  147.172       4.2578
   3.611  150.815       4.2578
   3.611  154.457       4.2578
   3.611  158.099       4.2578
   3.611  161.742       4.2578
   3.611  165.384       4.2578
   3.611  169.027       4.2578
   3.611  172.669       3.0181
   3.611  176.311       2.0892
   3.611  179.954       2.6845
   3.611  183.596       2.7764
   3.611  187.238       3.8446
   3.611  190.881       3.4314
   3.611  194.523       1.7423
   3.611  198.165       1.1686
   3.611  201.808       1.3379
   3.611  205.450       1.3118
   3.611  209.093       1.9256
   3.611  212.735       3.1896
   3.611  216.377       4.2578
   3.611  220.020       4.2578
   3.611  223.662       4.2578
   3.611  227.304       4.2578
   3.611  230.947       4.2578
   3.611  234.589       4.2578
   3.611  238.231       4.2578
   3.611  241.874       4.2578
   3.611  245.516       4.2578
   3.611  249.158       4.2578
   3.611  252.801       4.2578
   3.611  256.443       4.2578
   3.611  260.086       4.2578
   3.611  263.728       4.2578
   3.611  267.370       4.2578
   3.611  271.013       4.2578
   7.751  -89.581       4.2578
   7.751  -85.939       4.2578
   7.751  -82.296       4.2578
   7.751  -78.654       4.2578
   7.751  -75.012       4.2578
   7.751  -71.369       4.2578
   7.751  -67.727       4.2578
   7.751  -64.084       4.2578
   7.751  -60.442       4.2578
   7.751  -56.800       4.2578
   7.751  -53.157       4.2578
   7.751  -49.515       4.2578
   7.751  -45.873       4.2578
   7.751  -42.230       4.2578
   7.751  -38.588       4.2578
   7.751  -34.946       4.2578
   7.751  -31.303       4.2578
   7.751  -27.661       4.2578
   7.751  -24.019       4.2578
   7.751  -20.376       4.2578
   7.751  -16.734       4.2578
   7.751  -13.091       4.2578
   7.751   -9.449       4.2578
   7.751   -5.807       4.2578
   7.751   -2.164       4.2578
   7.751    1.478       4.2578
   7.751    5.120       4.2578
   7.751    8.763       4.2578
   7.751   12.405       4.2578
   7.751   16.047       4.2578
   7.751   19.690       4.2578
   7.751   23.332       4.2578
   7.751   26.975       4.2578
   7.751   30.617       4.2578
   7.751   34.259       4.2578
   7.751   37.902       4.2578
   7.751   41.544       4.2578
   7.751   45.186       4.2578
   7.751   48.829       4.2578
   7.751   52.471       4.2578
   7.751   56.113       4.2578
   7.751   59.756       4.2578
   7.751   63.398       4.2578
   7.751   67.040       4.2578
   7.751   70.683       4.2578
   7.751   74.325       4.2578
   7.751   77.968       4.2578
   7.751   81.610       4.2578
   7.751   85.252       4.2578
   7.751   88.895       4.2578
   7.751   92.537       4.2578
   7.751   96.179       4.2578
   7.751   99.822       4.2578
   7.751  103.464       4.2578
   7.751  107.106       4.2578
   7.751  110.749       4.2578
   7.751  114.391       4.2578
   7.751  118.034       4.2578
   7.751  121.676       4.2578
   7.751  125.318       4.2578
   7.751  128.961       4.2578
   7.751  132.603       4.2578
   7.751  136.245       4.2578
   7.751  139.888       4.2578
   7.751  143.530       4.2578
   7.751  147.172       4.2578
   7.751  150.815       4.2578
   7.751  154.457       4.2578
   7.751  158.099       4.2578
   7.751  161.742       4.2578
   7.751  165.384       4.2578
   7.751  169.027       4.2578
   7.751  172.669       4.2578
   7.751  176.311       4.2578
   7.751  179.954       4.2578
   7.751  183.596       4.2578
   7.751  187.238       3.1896
   7.751  190.881       2.3155
   7.751  194.523       1.7423
   7.751  198.165       1.7601
   7.751  201.808       2.0586
   7.751  205.450       2.3155
   7.751  209.093       3.0181
   7.751  212.735       4.2578
   7.751  216.377       4.2578
   7.751  220.020       4.2578
   7.751  223.662       4.2578
   7.751  227.304       4.2578
   7.751  230.947       4.2578
   7.751  234.589       4.2578
   7.751  238.231       4.2578
   7.751  241.874       4.2578
   7.751  245.516       4.2578
   7.751  249.158       4.2578
   7.751  252.801       4.2578
   7.751  256.443       4.2578
   7.751  260.086       4.2578
   7.751  263.728       4.2578
   7.751  267.370       4.2578
   7.751  271.013       4.2578
  11.890  -89.581       4.2578
  11.890  -85.939       4.2578
  11.890  -82.296       4.2578
  11.890  -78.654       4.2578
  11.890  -75.012       4.2578
  11.890  -71.369       4.2578
  11.890  -67.727       4.2578
  11.890  -64.084       4.2578
  11.890  -60.442       4.2578
  11.890  -56.800       4.2578
  11.890  -53.157       4.2578
  11.890  -49.515       4.2578
  11.890  -45.873       4.2578
  11.890  -42.230       4.2578
  11.890  -38.588       4.2578
  11.890  -34.946       4.2578
  11.890  -31.303       4.2578
  11.890  -27.661       4.2578
  11.890  -24.019       4.2578
  11.890  -20.376       4.2578
  11.890  -16.734       4.2578
  11.890  -13.091       4.2578
  11.890   -9.449       4.2578
  11.890   -5.807       4.2578
  11.890   -2.164       4.2578
  11.890    1.478       4.2578
  11.890    5.120       4.2578
  11.890    8.763       4.2578
  11.890   12.405       4.2578
  11.890   16.047       4.2578
  11.890   19.690       4.2578
  11.890   23.332       4.2578
  11.890   26.975       4.2578
  11.890   30.617       4.2578
  11.890   34.259       4.2578
  11.890   37.902       4.2578
  11.890   41.544       4.2578
  11.890   45.186       4.2578
  11.890   48.829       4.2578
  11.890   52.471       4.2578
  11.890   56.113       4.2578
  11.890   59.756       4.2578
  11.890   63.398       4.2578
  11.890   67.040       4.2578
  11.890   70.683       4.2578
  11.890   74.325       4.2578
  11.890   77.968       4.2578
  11.890   81.610       4.2578
  11.890   85.252       4.2578
  11.890   88.895       4.2578
  11.890   92.537       4.2578
  11.890   96.179       4.2578
  11.890   99.822       4.2578
  11.890  103.464       4.2578
  11.890  107.106       4.2578
  11.890  110.749       4.2578
  11.890  114.391       4.2578
  11.890  118.034       4.2578
  11.890  121.676       4.2578
  11.890  125.318       4.2578
  11.890  128.961       4.2578
  11.890  132.603       4.2578
  11.890  136.245       4.2578
  11.890  139.888       4.2578
  11.890  143.530       4.2578
  11.890  147.172       4.2578
  11.890  150.815       4.2578
  11.890  154.457       4.2578
  11.890  158.099       4.2578
  11.890  161.742       4.2578
  11.890  165.384       4.2578
  11.890  169.027       4.2578
  11.890  172.669       4.2578
  11.890  176.311       4.2578
  11.890  179.954       4.2578
  11.890  183.596       4.2578
  11.890  187.238       4.2578
  11.890  190.881       3.4314
  11.890  194.523       2.3632
  11.890  198.165       2.7764
  11.890  201.808       3.1896
  11.890  205.450       3.1896
  11.890  209.093       4.2578
  11.890  212.735       4.2578
  11.890  216.377       4.2578
  11.890  220.020       4.2578
  11.890  223.662       4.2578
  11.890  227.304       4.2578
  11.890  230.947       4.2578
  11.890  234.589       4.2578
  11.890  238.231       4.2578
  11.890  241.874       4.2578
  11.890  245.516       4.2578
  11.890  249.158       4.2578
  11.890  252.801       4.2578
  11.890  256.443       4.2578
  11.890  260.086       4.2578
  11.890  263.728       4.2578
  11.890  267.370       4.2578
  11.890  271.013       4.2578
  16.030  -89.581       4.2578
  16.030  -85.939       4.2578
  16.030  -82.296       4.2578
  16.030  -78.654       4.2578
  16.030  -75.012       4.2578
  16.030  -71.369       4.2578
  16.030  -67.727       4.2578
  16.030  -64.084       4.2578
  16.030  -60.442       4.2578
  16.030  -56.800       4.2578
  16.030  -53.157       4.2578
  16.030  -49.515       4.2578
  16.030  -45.873       4.2578
  16.030  -42.230       4.2578
  16.030  -38.588       4.2578
  16.030  -34.946       4.2578
  16.030  -31.303       4.2578
  16.030  -27.661       4.2578
  16.030  -24.019       4.2578
  16.030  -20.376       4.2578
  16.030  -16.734       4.2578
  16.030  -13.091       4.2578
  16.030   -9.449       4.2578
  16.030   -5.807       4.2578
  16.030   -2.164       4.2578
  16.030    1.478       4.2578
  16.030    5.120       4.2578
  16.030    8.763       4.2578
  16.030   12.405       4.2578
  16.030   16.047       4.2578
  16.030   19.690       4.2578
  16.030   23.332       4.2578
  16.030   26.975       4.2578
  16.030   30.617       4.2578
  16.030   34.259       4.2578
  16.030   37.902       4.2578
  16.030   41.544       4.2578
  16.030   45.186       4.2578
  16.030   48.829       4.2578
  16.030   52.471       4.2578
  16.030   56.113       4.2578
  16.030   59.756       4.2578
  16.030   63.398       4.2578
  16.030   67.040       4.2578
  16.030   70.683       4.2578
  16.030   74.325       4.2578
  16.030   77.968       4.2578
  16.030   81.610       4.2578
  16.030   85.252       4.2578
  16.030   88.895       4.2578
  16.030   92.537       4.2578
  16.030   96.179       4.2578
  16.030   99.822       4.2578
  16.030  103.464       4.2578
  16.030  107.106       4.2578
  16.030  110.749       4.2578
  16.030  114.391       4.2578
  16.030  118.034       4.2578
  16.030  121.676       4.2578
  16.030  125.318       4.2578
  16.030  128.961       4.2578
  16.030  132.603       4.2578
  16.030  136.245       4.2578
  16.030  139.888       4.2578
  16.030  143.530       4.2578
  16.030  147.172       4.2578
  16.030  150.815       4.2578
  16.030  154.457       4.2578
  16.030  158.099       4.2578
  16.030  161.742       4.2578
  16.030  165.384       4.2578
  16.030  169.027       4.2578
  16.030  172.669       4.2578
  16.030  176.311       4.2578
  16.030  179.954       4.2578
  16.030  183.596       4.2578
  16.030  187.238       4.2578
  16.030  190.881       3.8446
  16.030  194.523       2.5347
  16.030  198.165       4.2578
  16.030  201.808       4.2578
  16.030  205.450       4.2578
  16.030  209.093       4.2578
  16.030  212.735       4.2578
  16.030  216.377       4.2578
  16.030  220.020       4.2578
  16.030  223.662       4.2578
  16.030  227.304       4.2578
  16.030  230.947       4.2578
  16.030  234.589       4.2578
  16.030  238.231       4.2578
  16.030  241.874       4.2578
  16.030  245.516       4.2578
  16.030  249.158       4.2578
  16.030  252.801       4.2578
  16.030  256.443       4.2578
  16.030  260.086       4.2578
  16.030  263.728       4.2578
  16.030  267.370       4.2578
  16.030  271.013       4.2578
  20.169  -89.581       4.2578
  20.169  -85.939       4.2578
  20.169  -82.296       4.2578
  20.169  -78.654       4.2578
  20.169  -75.012       4.2578
  20.169  -71.369       4.2578
  20.169  -67.727       4.2578
  20.169  -64.084       4.2578
  20.169  -60.442       4.2578
  20.169  -56.800       4.2578
  20.169  -53.157       4.2578
  20.169  -49.515       4.2578
  20.169  -45.873       4.2578
  20.169  -42.230       4.2578
  20.169  -38.588       4.2578
  20.169  -34.946       4.2578
  20.169  -31.303       4.2578
  20.169  -27.661       4.2578
  20.169  -24.019       4.2578
  20.169  -20.376       4.2578
  20.169  -16.734       4.2578
  20.169  -13.091       4.2578
  20.169   -9.449       4.2578
  20.169   -5.807       4.2578
  20.169   -2.164       4.2578
  20.169    1.478       4.2578
  20.169    5.120       4.2578
  20.169    8.763       4.2578
  20.169   12.405       4.2578
  20.169   16.047       4.2578
  20.169   19.690       4.2578
  20.169   23.332       4.2578
  20.169   26.975       4.2578
  20.169   30.617       4.2578
  20.169   34.259       4.2578
  20.169   37.902       4.2578
  20.169   41.544       4.2578
  20.169   45.186       4.2578
  20.169   48.829       4.2578
  20.169   52.471       4.2578
  20.169   56.113       4.2578
  20.169   59.756       4.2578
  20.169   63.398       4.2578
  20.169   67.040       4.2578
  20.169   70.683       4.2578
  20.169   74.325       4.2578
  20.169   77.968       4.2578
  20.169   81.610       4.2578
  20.169   85.252       4.2578
  20.169   88.895       4.2578
  20.169   92.537       4.2578
  20.169   96.179       4.2578
  20.169   99.822       4.2578
  20.169  103.464       4.2578
  20.169  107.106       4.2578
  20.169  110.749       4.2578
  20.169  114.391       4.2578
  20.169  118.034       4.2578
  20.169  121.676       4.2578
  20.169  125.318       4.2578
  20.169  128.961       4.2578
  20.169  132.603       4.2578
  20.169  136.245       4.2578
  20.169  139.888       4.2578
  20.169  143.530       4.2578
  20.169  147.172       4.2578
  20.169  150.815       4.2578
  20.169  154.457       4.2578
  20.169  158.099       4.2578
  20.169  161.742       4.2578
  20.169  165.384       4.2578
  20.169  169.027       4.2578
  20.169  172.669       4.2578
  20.169  176.311       4.2578
  20.169  179.954       4.2578
  20.169  183.596       4.2578
  20.169  187.238       4.2578
  20.169  190.881       3.4314
  20.169  194.523       3.1896
  20.169  198.165       4.2578
  20.169  201.808       4.2578
  20.169  205.450       4.2578
  20.169  209.093       4.2578
  20.169  212.735       4.2578
  20.169  216.377       4.2578
  20.169  220.020       4.2578
  20.169  223.662       4.2578
  20.169  227.304       4.2578
  20.169  230.947       4.2578
  20.169  234.589       4.2578
  20.169  238.231       4.2578
  20.169  241.874       4.2578
  20.169  245.516       4.2578
  20.169  249.158       4.2578
  20.169  252.801       4.2578
  20.169  256.443       4.2578
  20.169  260.086       4.2578
  20.169  263.728       4.2578
  20.169  267.370       4.2578
  20.169  271.013       4.2578
