-390.596 -119.317       4.8259
-390.596 -115.435       4.8259
-390.596 -111.553       4.8259
-390.596 -107.670       4.8259
-390.596 -103.788       4.8259
-390.596  -99.906       4.8259
-390.596  -96.024       4.8259
-390.596  -92.141       4.8259
-390.596  -88.259       4.8259
-390.596  -84.377       4.8259
-390.596  -80.495       4.8259
-390.596  -76.613       4.8259
-390.596  -72.730       4.8259
-390.596  -68.848       4.8259
-390.596  -64.966       4.8259
-390.596  -61.084       4.8259
-390.596  -57.201       4.8259
-390.596  -53.319       4.8259
-390.596  -49.437       4.8259
-390.596  -45.555       4.8259
-390.596  -41.673       4.8259
-390.596  -37.790       4.8259
-390.596  -33.908       4.8259
-390.596  -30.026       4.8259
-390.596  -26.144       4.8259
-390.596  -22.261       4.8259
-390.596  -18.379       4.8259
-390.596  -14.497       4.8259
-390.596  -10.615       4.8259
-390.596   -6.733       4.8259
-390.596   -2.850       4.8259
-390.596    1.032       4.8259
-390.596    4.914       4.8259
-390.596    8.796       4.8259
-390.596   12.678       4.8259
-390.596   16.561       4.8259
-390.596   20.443       4.8259
-390.596   24.325       4.8259
-390.596   28.207       4.8259
-390.596   32.090       4.8259
-390.596   35.972       4.8259
-390.596   39.854       4.8259
-390.596   43.736       4.8259
-390.596   47.618       4.8259
-390.596   51.501       4.8259
-390.596   55.383       3.7577
-390.596   59.265       3.4532
-390.596   63.147       2.9832
-390.596   67.030       3.1730
-390.596   70.912       3.4532
-390.596   74.794       4.4127
-390.596   78.676       2.8394
-390.596   82.558       2.7983
-390.596   86.441       3.3445
-390.596   90.323       4.8259
-390.596   94.205       4.4127
-390.596   98.087       4.4127
-390.596  101.970       4.8259
-390.596  105.852       4.8259
-390.596  109.734       4.8259
-390.596  113.616       4.8259
-390.596  117.498       4.8259
-390.596  121.381       4.8259
-390.596  125.263       4.8259
-390.596  129.145       4.8259
-390.596  133.027       4.8259
-390.596  136.910       4.8259
-390.596  140.792       4.8259
-390.596  144.674       4.8259
-390.596  148.556       4.8259
-390.596  152.438       4.8259
-390.596  156.321       4.8259
-390.596  160.203       4.8259
-390.596  164.085       4.8259
-390.596  167.967       4.8259
-390.596  171.849       4.8259
-390.596  175.732       4.4127
-390.596  179.614       4.8259
-390.596  183.496       4.8259
-390.596  187.378       4.8259
-390.596  191.261       4.8259
-390.596  195.143       4.8259
-390.596  199.025       4.8259
-390.596  202.907       4.8259
-390.596  206.789       4.8259
-390.596  210.672       4.8259
-390.596  214.554       4.8259
-390.596  218.436       4.8259
-390.596  222.318       4.8259
-390.596  226.201       4.8259
-390.596  230.083       4.8259
-390.596  233.965       4.8259
-390.596  237.847       4.8259
-390.596  241.729       4.8259
-390.596  245.612       4.8259
-390.596  249.494       4.8259
-390.596  253.376       4.8259
-390.596  257.258       4.8259
-390.596  261.141       4.8259
-390.596  265.023       4.8259
-387.176 -119.317       4.8259
-387.176 -115.435       4.8259
-387.176 -111.553       4.8259
-387.176 -107.670       4.8259
-387.176 -103.788       4.8259
-387.176  -99.906       4.8259
-387.176  -96.024       4.8259
-387.176  -92.141       4.8259
-387.176  -88.259       4.8259
-387.176  -84.377       4.8259
-387.176  -80.495       4.8259
-387.176  -76.613       4.8259
-387.176  -72.730       4.8259
-387.176  -68.848       4.8259
-387.176  -64.966       4.8259
-387.176  -61.084       4.8259
-387.176  -57.201       4.8259
-387.176  -53.319       4.8259
-387.176  -49.437       4.8259
-387.176  -45.555       4.8259
-387.176  -41.673       4.8259
-387.176  -37.790       4.8259
-387.176  -33.908       4.8259
-387.176  -30.026       4.8259
-387.176  -26.144       4.8259
-387.176  -22.261       4.8259
-387.176  -18.379       4.8259
-387.176  -14.497       4.8259
-387.176  -10.615       4.8259
-387.176   -6.733       4.8259
-387.176   -2.850       4.8259
-387.176    1.032       4.8259
-387.176    4.914       4.8259
-387.176    8.796       4.8259
-387.176   12.678       4.8259
-387.176   16.561       4.8259
-387.176   20.443       4.8259
-387.176   24.325       4.8259
-387.176   28.207       4.4127
-387.176   32.090       4.8259
-387.176   35.972       4.8259
-387.176   39.854       4.8259
-387.176   43.736       4.8259
-387.176   47.618       4.8259
-387.176   51.501       4.4127
-387.176   55.383       3.3445
-387.176   59.265       3.4532
-387.176   63.147       2.6268
-387.176   67.030       2.2763
-387.176   70.912       2.4478
-387.176   74.794       2.2600
-387.176   78.676       2.3104
-387.176   82.558       2.0458
-387.176   86.441       2.1048
-387.176   90.323       2.3282
-387.176   94.205       2.7598
-387.176   98.087       3.3445
-387.176  101.970       4.8259
-387.176  105.852       4.8259
-387.176  109.734       4.8259
-387.176  113.616       4.8259
-387.176  117.498       4.8259
-387.176  121.381       4.8259
-387.176  125.263       4.8259
-387.176  129.145       4.8259
-387.176  133.027       4.8259
-387.176  136.910       4.8259
-387.176  140.792       4.8259
-387.176  144.674       4.8259
-387.176  148.556       4.8259
-387.176  152.438       4.8259
-387.176  156.321       4.8259
-387.176  160.203       4.8259
-387.176  164.085       4.8259
-387.176  167.967       4.8259
-387.176  171.849       4.8259
-387.176  175.732       4.8259
-387.176  179.614       4.8259
-387.176  183.496       4.8259
-387.176  187.378       4.8259
-387.176  191.261       4.8259
-387.176  195.143       4.8259
-387.176  199.025       4.8259
-387.176  202.907       4.8259
-387.176  206.789       4.8259
-387.176  210.672       4.8259
-387.176  214.554       4.8259
-387.176  218.436       4.8259
-387.176  222.318       4.8259
-387.176  226.201       4.8259
-387.176  230.083       4.8259
-387.176  233.965       4.8259
-387.176  237.847       4.8259
-387.176  241.729       4.8259
-387.176  245.612       4.8259
-387.176  249.494       4.8259
-387.176  253.376       4.8259
-387.176  257.258       4.8259
-387.176  261.141       4.8259
-387.176  265.023       4.8259
-383.755 -119.317       4.8259
-383.755 -115.435       4.8259
-383.755 -111.553       4.8259
-383.755 -107.670       4.8259
-383.755 -103.788       4.8259
-383.755  -99.906       4.8259
-383.755  -96.024       4.8259
-383.755  -92.141       4.8259
-383.755  -88.259       4.8259
-383.755  -84.377       4.8259
-383.755  -80.495       4.8259
-383.755  -76.613       4.8259
-383.755  -72.730       4.8259
-383.755  -68.848       4.8259
-383.755  -64.966       4.8259
-383.755  -61.084       4.8259
-383.755  -57.201       4.8259
-383.755  -53.319       4.8259
-383.755  -49.437       4.8259
-383.755  -45.555       4.8259
-383.755  -41.673       4.8259
-383.755  -37.790       4.8259
-383.755  -33.908       4.8259
-383.755  -30.026       4.8259
-383.755  -26.144       4.8259
-383.755  -22.261       4.8259
-383.755  -18.379       4.8259
-383.755  -14.497       4.8259
-383.755  -10.615       4.8259
-383.755   -6.733       4.8259
-383.755   -2.850       4.8259
-383.755    1.032       4.8259
-383.755    4.914       4.8259
-383.755    8.796       4.8259
-383.755   12.678       4.8259
-383.755   16.561       4.8259
-383.755   20.443       4.8259
-383.755   24.325       4.8259
-383.755   28.207       3.9995
-383.755   32.090       3.5862
-383.755   35.972       4.4127
-383.755   39.854       3.0400
-383.755   43.736       2.9313
-383.755   47.618       2.6573
-383.755   51.501       3.0400
-383.755   55.383       3.5862
-383.755   59.265       3.4532
-383.755   63.147       4.4127
-383.755   67.030       2.7983
-383.755   70.912       2.2600
-383.755   74.794       2.1174
-383.755   78.676       2.1988
-383.755   82.558       1.9427
-383.755   86.441       2.1174
-383.755   90.323       2.0237
-383.755   94.205       2.2931
-383.755   98.087       2.9832
-383.755  101.970       3.2526
-383.755  105.852       3.7577
-383.755  109.734       4.8259
-383.755  113.616       4.8259
-383.755  117.498       4.8259
-383.755  121.381       4.8259
-383.755  125.263       4.8259
-383.755  129.145       4.8259
-383.755  133.027       4.8259
-383.755  136.910       4.8259
-383.755  140.792       4.8259
-383.755  144.674       4.8259
-383.755  148.556       4.8259
-383.755  152.438       4.8259
-383.755  156.321       4.8259
-383.755  160.203       4.8259
-383.755  164.085       4.8259
-383.755  167.967       4.8259
-383.755  171.849       4.8259
-383.755  175.732       4.8259
-383.755  179.614       4.8259
-383.755  183.496       4.8259
-383.755  187.378       4.8259
-383.755  191.261       4.8259
-383.755  195.143       4.8259
-383.755  199.025       4.8259
-383.755  202.907       4.8259
-383.755  206.789       4.8259
-383.755  210.672       4.8259
-383.755  214.554       4.8259
-383.755  218.436       4.8259
-383.755  222.318       4.8259
-383.755  226.201       4.8259
-383.755  230.083       4.8259
-383.755  233.965       4.8259
-383.755  237.847       4.8259
-383.755  241.729       4.8259
-383.755  245.612       4.8259
-383.755  249.494       4.8259
-383.755  253.376       4.8259
-383.755  257.258       4.8259
-383.755  261.141       4.8259
-383.755  265.023       4.8259
-380.335 -119.317       4.8259
-380.335 -115.435       4.8259
-380.335 -111.553       4.8259
-380.335 -107.670       4.8259
-380.335 -103.788       4.8259
-380.335  -99.906       4.8259
-380.335  -96.024       4.8259
-380.335  -92.141       4.8259
-380.335  -88.259       4.8259
-380.335  -84.377       4.8259
-380.335  -80.495       4.8259
-380.335  -76.613       4.8259
-380.335  -72.730       4.8259
-380.335  -68.848       4.8259
-380.335  -64.966       4.8259
-380.335  -61.084       4.8259
-380.335  -57.201       4.8259
-380.335  -53.319       4.8259
-380.335  -49.437       4.8259
-380.335  -45.555       4.8259
-380.335  -41.673       4.8259
-380.335  -37.790       4.8259
-380.335  -33.908       4.8259
-380.335  -30.026       4.8259
-380.335  -26.144       4.8259
-380.335  -22.261       4.8259
-380.335  -18.379       4.8259
-380.335  -14.497       4.8259
-380.335  -10.615       4.8259
-380.335   -6.733       4.8259
-380.335   -2.850       4.8259
-380.335    1.032       4.8259
-380.335    4.914       4.8259
-380.335    8.796       4.8259
-380.335   12.678       4.8259
-380.335   16.561       4.8259
-380.335   20.443       4.8259
-380.335   24.325       3.1028
-380.335   28.207       3.2526
-380.335   32.090       2.8836
-380.335   35.972       2.7236
-380.335   39.854       2.2600
-380.335   43.736       2.4703
-380.335   47.618       2.7236
-380.335   51.501       2.6573
-380.335   55.383       2.5181
-380.335   59.265       2.4937
-380.335   63.147       2.9832
-380.335   67.030       2.4052
-380.335   70.912       2.3850
-380.335   74.794       2.9313
-380.335   78.676       3.5862
-380.335   82.558       2.4937
-380.335   86.441       1.9060
-380.335   90.323       1.8714
-380.335   94.205       1.9427
-380.335   98.087       1.9427
-380.335  101.970       2.4052
-380.335  105.852       2.3466
-380.335  109.734       3.2526
-380.335  113.616       4.8259
-380.335  117.498       4.8259
-380.335  121.381       4.8259
-380.335  125.263       4.8259
-380.335  129.145       4.8259
-380.335  133.027       4.8259
-380.335  136.910       4.8259
-380.335  140.792       4.8259
-380.335  144.674       4.8259
-380.335  148.556       4.8259
-380.335  152.438       4.8259
-380.335  156.321       4.8259
-380.335  160.203       4.8259
-380.335  164.085       4.8259
-380.335  167.967       4.8259
-380.335  171.849       4.8259
-380.335  175.732       4.8259
-380.335  179.614       4.8259
-380.335  183.496       4.8259
-380.335  187.378       4.8259
-380.335  191.261       4.8259
-380.335  195.143       4.8259
-380.335  199.025       4.8259
-380.335  202.907       4.8259
-380.335  206.789       4.8259
-380.335  210.672       4.8259
-380.335  214.554       4.8259
-380.335  218.436       4.8259
-380.335  222.318       4.8259
-380.335  226.201       4.8259
-380.335  230.083       4.8259
-380.335  233.965       4.8259
-380.335  237.847       4.8259
-380.335  241.729       4.8259
-380.335  245.612       4.8259
-380.335  249.494       4.8259
-380.335  253.376       4.8259
-380.335  257.258       4.8259
-380.335  261.141       4.8259
-380.335  265.023       4.8259
-376.915 -119.317       4.8259
-376.915 -115.435       4.8259
-376.915 -111.553       4.8259
-376.915 -107.670       4.8259
-376.915 -103.788       4.8259
-376.915  -99.906       4.8259
-376.915  -96.024       4.8259
-376.915  -92.141       4.8259
-376.915  -88.259       4.8259
-376.915  -84.377       4.8259
-376.915  -80.495       4.8259
-376.915  -76.613       4.8259
-376.915  -72.730       4.8259
-376.915  -68.848       4.8259
-376.915  -64.966       4.8259
-376.915  -61.084       4.8259
-376.915  -57.201       4.8259
-376.915  -53.319       4.8259
-376.915  -49.437       4.8259
-376.915  -45.555       4.8259
-376.915  -41.673       4.8259
-376.915  -37.790       4.8259
-376.915  -33.908       4.8259
-376.915  -30.026       4.8259
-376.915  -26.144       4.8259
-376.915  -22.261       4.8259
-376.915  -18.379       4.8259
-376.915  -14.497       4.8259
-376.915  -10.615       4.8259
-376.915   -6.733       4.8259
-376.915   -2.850       4.8259
-376.915    1.032       4.8259
-376.915    4.914       4.8259
-376.915    8.796       4.8259
-376.915   12.678       4.8259
-376.915   16.561       4.8259
-376.915   20.443       4.4127
-376.915   24.325       3.5862
-376.915   28.207       3.0400
-376.915   32.090       3.0400
-376.915   35.972       2.8394
-376.915   39.854       2.8836
-376.915   43.736       2.7598
-376.915   47.618       2.8394
-376.915   51.501       2.5699
-376.915   55.383       2.8394
-376.915   59.265       3.1028
-376.915   63.147       2.9313
-376.915   67.030       2.6896
-376.915   70.912       2.4262
-376.915   74.794       2.6268
-376.915   78.676       2.8836
-376.915   82.558       2.2763
-376.915   86.441       1.8885
-376.915   90.323       1.7856
-376.915   94.205       1.8003
-376.915   98.087       1.6496
-376.915  101.970       1.8714
-376.915  105.852       2.0024
-376.915  109.734       2.6896
-376.915  113.616       3.1028
-376.915  117.498       4.4127
-376.915  121.381       4.8259
-376.915  125.263       4.8259
-376.915  129.145       4.8259
-376.915  133.027       4.8259
-376.915  136.910       4.8259
-376.915  140.792       4.8259
-376.915  144.674       4.8259
-376.915  148.556       4.8259
-376.915  152.438       4.8259
-376.915  156.321       4.8259
-376.915  160.203       4.8259
-376.915  164.085       4.8259
-376.915  167.967       4.8259
-376.915  171.849       4.8259
-376.915  175.732       4.8259
-376.915  179.614       4.8259
-376.915  183.496       4.8259
-376.915  187.378       4.8259
-376.915  191.261       4.8259
-376.915  195.143       4.8259
-376.915  199.025       4.8259
-376.915  202.907       4.8259
-376.915  206.789       4.8259
-376.915  210.672       4.8259
-376.915  214.554       4.8259
-376.915  218.436       4.8259
-376.915  222.318       4.8259
-376.915  226.201       4.8259
-376.915  230.083       4.8259
-376.915  233.965       4.8259
-376.915  237.847       4.8259
-376.915  241.729       4.8259
-376.915  245.612       4.8259
-376.915  249.494       4.8259
-376.915  253.376       4.8259
-376.915  257.258       4.8259
-376.915  261.141       4.8259
-376.915  265.023       4.8259
-373.494 -119.317       4.8259
-373.494 -115.435       4.8259
-373.494 -111.553       4.8259
-373.494 -107.670       4.8259
-373.494 -103.788       4.8259
-373.494  -99.906       4.8259
-373.494  -96.024       4.8259
-373.494  -92.141       4.8259
-373.494  -88.259       4.8259
-373.494  -84.377       4.8259
-373.494  -80.495       4.8259
-373.494  -76.613       4.8259
-373.494  -72.730       4.8259
-373.494  -68.848       4.8259
-373.494  -64.966       4.8259
-373.494  -61.084       4.8259
-373.494  -57.201       4.8259
-373.494  -53.319       4.8259
-373.494  -49.437       4.8259
-373.494  -45.555       4.8259
-373.494  -41.673       4.8259
-373.494  -37.790       4.8259
-373.494  -33.908       4.8259
-373.494  -30.026       4.8259
-373.494  -26.144       4.8259
-373.494  -22.261       4.8259
-373.494  -18.379       4.8259
-373.494  -14.497       4.8259
-373.494  -10.615       4.8259
-373.494   -6.733       4.8259
-373.494   -2.850       4.8259
-373.494    1.032       4.8259
-373.494    4.914       4.4127
-373.494    8.796       4.4127
-373.494   12.678       4.8259
-373.494   16.561       4.8259
-373.494   20.443       3.9995
-373.494   24.325       3.7577
-373.494   28.207       4.4127
-373.494   32.090       2.9313
-373.494   35.972       3.1028
-373.494   39.854       2.8394
-373.494   43.736       2.7598
-373.494   47.618       2.9832
-373.494   51.501       2.9313
-373.494   55.383       3.5862
-373.494   59.265       2.9832
-373.494   63.147       2.7983
-373.494   67.030       3.3445
-373.494   70.912       2.9313
-373.494   74.794       2.7598
-373.494   78.676       2.6268
-373.494   82.558       2.1704
-373.494   86.441       2.3282
-373.494   90.323       2.3104
-373.494   94.205       1.8799
-373.494   98.087       1.6673
-373.494  101.970       1.7367
-373.494  105.852       2.2135
-373.494  109.734       2.5699
-373.494  113.616       2.5181
-373.494  117.498       3.2526
-373.494  121.381       4.8259
-373.494  125.263       4.8259
-373.494  129.145       4.8259
-373.494  133.027       4.8259
-373.494  136.910       4.8259
-373.494  140.792       4.8259
-373.494  144.674       4.8259
-373.494  148.556       4.8259
-373.494  152.438       4.8259
-373.494  156.321       4.8259
-373.494  160.203       4.8259
-373.494  164.085       4.8259
-373.494  167.967       4.8259
-373.494  171.849       4.8259
-373.494  175.732       4.8259
-373.494  179.614       4.8259
-373.494  183.496       4.8259
-373.494  187.378       4.8259
-373.494  191.261       4.8259
-373.494  195.143       4.8259
-373.494  199.025       4.8259
-373.494  202.907       4.8259
-373.494  206.789       4.8259
-373.494  210.672       4.8259
-373.494  214.554       4.8259
-373.494  218.436       4.8259
-373.494  222.318       4.8259
-373.494  226.201       4.8259
-373.494  230.083       4.8259
-373.494  233.965       4.8259
-373.494  237.847       4.8259
-373.494  241.729       4.8259
-373.494  245.612       4.8259
-373.494  249.494       4.8259
-373.494  253.376       4.8259
-373.494  257.258       4.8259
-373.494  261.141       4.8259
-373.494  265.023       4.8259
-370.074 -119.317       4.8259
-370.074 -115.435       4.8259
-370.074 -111.553       4.8259
-370.074 -107.670       4.8259
-370.074 -103.788       4.8259
-370.074  -99.906       4.8259
-370.074  -96.024       4.8259
-370.074  -92.141       4.8259
-370.074  -88.259       4.8259
-370.074  -84.377       4.8259
-370.074  -80.495       4.8259
-370.074  -76.613       4.8259
-370.074  -72.730       4.8259
-370.074  -68.848       4.8259
-370.074  -64.966       4.8259
-370.074  -61.084       4.8259
-370.074  -57.201       4.8259
-370.074  -53.319       4.8259
-370.074  -49.437       4.8259
-370.074  -45.555       4.8259
-370.074  -41.673       4.8259
-370.074  -37.790       4.8259
-370.074  -33.908       4.8259
-370.074  -30.026       4.8259
-370.074  -26.144       4.8259
-370.074  -22.261       4.8259
-370.074  -18.379       4.8259
-370.074  -14.497       3.9995
-370.074  -10.615       3.9995
-370.074   -6.733       3.5862
-370.074   -2.850       3.9995
-370.074    1.032       4.4127
-370.074    4.914       3.3445
-370.074    8.796       3.3445
-370.074   12.678       4.8259
-370.074   16.561       3.4532
-370.074   20.443       3.4532
-370.074   24.325       3.5862
-370.074   28.207       3.1730
-370.074   32.090       2.9313
-370.074   35.972       2.4478
-370.074   39.854       2.8394
-370.074   43.736       2.9832
-370.074   47.618       3.0400
-370.074   51.501       2.9832
-370.074   55.383       3.7577
-370.074   59.265       4.8259
-370.074   63.147       3.1730
-370.074   67.030       3.9995
-370.074   70.912       4.8259
-370.074   74.794       3.4532
-370.074   78.676       2.7236
-370.074   82.558       2.5699
-370.074   86.441       2.2763
-370.074   90.323       2.7236
-370.074   94.205       2.5699
-370.074   98.087       1.9718
-370.074  101.970       1.7235
-370.074  105.852       2.0237
-370.074  109.734       2.3282
-370.074  113.616       2.4052
-370.074  117.498       4.4127
-370.074  121.381       4.8259
-370.074  125.263       4.8259
-370.074  129.145       4.8259
-370.074  133.027       4.8259
-370.074  136.910       4.8259
-370.074  140.792       4.8259
-370.074  144.674       4.8259
-370.074  148.556       4.8259
-370.074  152.438       4.8259
-370.074  156.321       4.8259
-370.074  160.203       4.8259
-370.074  164.085       4.8259
-370.074  167.967       4.8259
-370.074  171.849       4.8259
-370.074  175.732       4.8259
-370.074  179.614       4.8259
-370.074  183.496       4.8259
-370.074  187.378       4.8259
-370.074  191.261       4.8259
-370.074  195.143       4.8259
-370.074  199.025       4.8259
-370.074  202.907       4.8259
-370.074  206.789       4.8259
-370.074  210.672       4.8259
-370.074  214.554       4.8259
-370.074  218.436       4.8259
-370.074  222.318       4.8259
-370.074  226.201       4.8259
-370.074  230.083       4.8259
-370.074  233.965       4.8259
-370.074  237.847       4.8259
-370.074  241.729       4.8259
-370.074  245.612       4.8259
-370.074  249.494       4.8259
-370.074  253.376       4.8259
-370.074  257.258       4.8259
-370.074  261.141       4.8259
-370.074  265.023       4.8259
-366.653 -119.317       4.8259
-366.653 -115.435       4.8259
-366.653 -111.553       4.8259
-366.653 -107.670       4.8259
-366.653 -103.788       4.8259
-366.653  -99.906       4.8259
-366.653  -96.024       4.8259
-366.653  -92.141       4.8259
-366.653  -88.259       4.8259
-366.653  -84.377       4.8259
-366.653  -80.495       4.8259
-366.653  -76.613       4.8259
-366.653  -72.730       4.8259
-366.653  -68.848       4.8259
-366.653  -64.966       4.8259
-366.653  -61.084       4.8259
-366.653  -57.201       4.8259
-366.653  -53.319       4.8259
-366.653  -49.437       4.8259
-366.653  -45.555       4.8259
-366.653  -41.673       4.8259
-366.653  -37.790       4.8259
-366.653  -33.908       4.8259
-366.653  -30.026       4.8259
-366.653  -26.144       4.8259
-366.653  -22.261       4.8259
-366.653  -18.379       3.9995
-366.653  -14.497       3.5862
-366.653  -10.615       3.1028
-366.653   -6.733       2.8836
-366.653   -2.850       3.2526
-366.653    1.032       3.2526
-366.653    4.914       3.1730
-366.653    8.796       3.4532
-366.653   12.678       3.9995
-366.653   16.561       4.4127
-366.653   20.443       4.4127
-366.653   24.325       4.8259
-366.653   28.207       2.9313
-366.653   32.090       2.5434
-366.653   35.972       2.3282
-366.653   39.854       2.6268
-366.653   43.736       2.3850
-366.653   47.618       2.4262
-366.653   51.501       2.5181
-366.653   55.383       3.1028
-366.653   59.265       4.4127
-366.653   63.147       3.5862
-366.653   67.030       3.1730
-366.653   70.912       3.4532
-366.653   74.794       4.8259
-366.653   78.676       2.9832
-366.653   82.558       2.5977
-366.653   86.441       2.7983
-366.653   90.323       3.2526
-366.653   94.205       2.5181
-366.653   98.087       2.6896
-366.653  101.970       2.5699
-366.653  105.852       2.3655
-366.653  109.734       2.3850
-366.653  113.616       2.6896
-366.653  117.498       3.1028
-366.653  121.381       3.0400
-366.653  125.263       4.8259
-366.653  129.145       4.8259
-366.653  133.027       4.8259
-366.653  136.910       4.8259
-366.653  140.792       4.8259
-366.653  144.674       4.8259
-366.653  148.556       4.8259
-366.653  152.438       4.8259
-366.653  156.321       4.8259
-366.653  160.203       4.8259
-366.653  164.085       4.8259
-366.653  167.967       4.8259
-366.653  171.849       4.8259
-366.653  175.732       4.8259
-366.653  179.614       4.8259
-366.653  183.496       4.8259
-366.653  187.378       4.8259
-366.653  191.261       4.8259
-366.653  195.143       4.8259
-366.653  199.025       4.8259
-366.653  202.907       4.8259
-366.653  206.789       4.8259
-366.653  210.672       4.8259
-366.653  214.554       4.8259
-366.653  218.436       4.8259
-366.653  222.318       4.8259
-366.653  226.201       4.8259
-366.653  230.083       4.8259
-366.653  233.965       4.8259
-366.653  237.847       4.8259
-366.653  241.729       4.8259
-366.653  245.612       4.8259
-366.653  249.494       4.8259
-366.653  253.376       4.8259
-366.653  257.258       4.8259
-366.653  261.141       4.8259
-366.653  265.023       4.8259
-363.233 -119.317       4.8259
-363.233 -115.435       4.8259
-363.233 -111.553       4.8259
-363.233 -107.670       4.8259
-363.233 -103.788       4.8259
-363.233  -99.906       4.8259
-363.233  -96.024       4.8259
-363.233  -92.141       4.8259
-363.233  -88.259       4.8259
-363.233  -84.377       4.8259
-363.233  -80.495       4.8259
-363.233  -76.613       4.8259
-363.233  -72.730       4.8259
-363.233  -68.848       4.8259
-363.233  -64.966       4.8259
-363.233  -61.084       4.8259
-363.233  -57.201       4.8259
-363.233  -53.319       4.8259
-363.233  -49.437       4.8259
-363.233  -45.555       4.8259
-363.233  -41.673       4.8259
-363.233  -37.790       4.8259
-363.233  -33.908       4.8259
-363.233  -30.026       4.8259
-363.233  -26.144       4.8259
-363.233  -22.261       4.8259
-363.233  -18.379       4.4127
-363.233  -14.497       3.5862
-363.233  -10.615       2.9832
-363.233   -6.733       2.6896
-363.233   -2.850       2.7983
-363.233    1.032       3.2526
-363.233    4.914       3.2526
-363.233    8.796       3.4532
-363.233   12.678       4.4127
-363.233   16.561       4.8259
-363.233   20.443       4.8259
-363.233   24.325       4.8259
-363.233   28.207       2.6896
-363.233   32.090       2.2931
-363.233   35.972       2.5434
-363.233   39.854       2.7236
-363.233   43.736       2.8394
-363.233   47.618       2.7598
-363.233   51.501       2.9832
-363.233   55.383       3.4532
-363.233   59.265       4.8259
-363.233   63.147       4.8259
-363.233   67.030       4.8259
-363.233   70.912       4.8259
-363.233   74.794       4.8259
-363.233   78.676       3.9995
-363.233   82.558       2.8836
-363.233   86.441       2.6896
-363.233   90.323       2.4478
-363.233   94.205       2.6268
-363.233   98.087       2.9313
-363.233  101.970       3.1028
-363.233  105.852       2.9832
-363.233  109.734       2.7983
-363.233  113.616       2.9313
-363.233  117.498       2.6896
-363.233  121.381       3.3445
-363.233  125.263       4.4127
-363.233  129.145       4.8259
-363.233  133.027       4.8259
-363.233  136.910       4.8259
-363.233  140.792       4.8259
-363.233  144.674       4.8259
-363.233  148.556       4.8259
-363.233  152.438       4.8259
-363.233  156.321       4.8259
-363.233  160.203       4.8259
-363.233  164.085       4.8259
-363.233  167.967       4.8259
-363.233  171.849       4.8259
-363.233  175.732       4.8259
-363.233  179.614       4.8259
-363.233  183.496       4.8259
-363.233  187.378       4.8259
-363.233  191.261       4.8259
-363.233  195.143       4.8259
-363.233  199.025       4.8259
-363.233  202.907       4.8259
-363.233  206.789       4.8259
-363.233  210.672       4.8259
-363.233  214.554       4.8259
-363.233  218.436       4.8259
-363.233  222.318       4.8259
-363.233  226.201       4.8259
-363.233  230.083       4.8259
-363.233  233.965       4.8259
-363.233  237.847       4.8259
-363.233  241.729       4.8259
-363.233  245.612       4.8259
-363.233  249.494       4.8259
-363.233  253.376       4.8259
-363.233  257.258       4.8259
-363.233  261.141       4.8259
-363.233  265.023       4.8259
-359.813 -119.317       4.8259
-359.813 -115.435       4.8259
-359.813 -111.553       4.8259
-359.813 -107.670       4.8259
-359.813 -103.788       4.8259
-359.813  -99.906       4.8259
-359.813  -96.024       4.8259
-359.813  -92.141       4.8259
-359.813  -88.259       4.8259
-359.813  -84.377       4.8259
-359.813  -80.495       4.8259
-359.813  -76.613       4.8259
-359.813  -72.730       4.8259
-359.813  -68.848       4.8259
-359.813  -64.966       4.8259
-359.813  -61.084       4.8259
-359.813  -57.201       4.8259
-359.813  -53.319       4.8259
-359.813  -49.437       4.8259
-359.813  -45.555       4.8259
-359.813  -41.673       4.4127
-359.813  -37.790       3.7577
-359.813  -33.908       4.4127
-359.813  -30.026       3.9995
-359.813  -26.144       4.8259
-359.813  -22.261       4.8259
-359.813  -18.379       4.8259
-359.813  -14.497       4.8259
-359.813  -10.615       3.3445
-359.813   -6.733       2.9313
-359.813   -2.850       3.2526
-359.813    1.032       2.8836
-359.813    4.914       3.2526
-359.813    8.796       4.8259
-359.813   12.678       4.8259
-359.813   16.561       4.8259
-359.813   20.443       4.8259
-359.813   24.325       3.5862
-359.813   28.207       2.7598
-359.813   32.090       2.4262
-359.813   35.972       2.0925
-359.813   39.854       2.5434
-359.813   43.736       2.6573
-359.813   47.618       2.6573
-359.813   51.501       3.7577
-359.813   55.383       4.8259
-359.813   59.265       4.8259
-359.813   63.147       4.8259
-359.813   67.030       4.8259
-359.813   70.912       4.8259
-359.813   74.794       4.8259
-359.813   78.676       4.8259
-359.813   82.558       4.4127
-359.813   86.441       2.9832
-359.813   90.323       2.6896
-359.813   94.205       3.4532
-359.813   98.087       3.9995
-359.813  101.970       3.5862
-359.813  105.852       3.4532
-359.813  109.734       3.3445
-359.813  113.616       3.7577
-359.813  117.498       3.5862
-359.813  121.381       4.4127
-359.813  125.263       4.8259
-359.813  129.145       4.8259
-359.813  133.027       4.8259
-359.813  136.910       4.8259
-359.813  140.792       4.8259
-359.813  144.674       4.8259
-359.813  148.556       4.8259
-359.813  152.438       4.8259
-359.813  156.321       4.8259
-359.813  160.203       4.8259
-359.813  164.085       4.8259
-359.813  167.967       4.8259
-359.813  171.849       4.8259
-359.813  175.732       4.8259
-359.813  179.614       4.8259
-359.813  183.496       4.8259
-359.813  187.378       4.8259
-359.813  191.261       4.8259
-359.813  195.143       4.8259
-359.813  199.025       4.8259
-359.813  202.907       4.8259
-359.813  206.789       4.8259
-359.813  210.672       4.8259
-359.813  214.554       4.8259
-359.813  218.436       4.8259
-359.813  222.318       4.8259
-359.813  226.201       4.8259
-359.813  230.083       4.8259
-359.813  233.965       4.8259
-359.813  237.847       4.8259
-359.813  241.729       4.8259
-359.813  245.612       4.8259
-359.813  249.494       4.8259
-359.813  253.376       4.8259
-359.813  257.258       4.8259
-359.813  261.141       4.8259
-359.813  265.023       4.8259
-356.392 -119.317       4.8259
-356.392 -115.435       4.8259
-356.392 -111.553       4.8259
-356.392 -107.670       4.8259
-356.392 -103.788       4.8259
-356.392  -99.906       4.8259
-356.392  -96.024       4.8259
-356.392  -92.141       4.8259
-356.392  -88.259       4.8259
-356.392  -84.377       4.8259
-356.392  -80.495       4.8259
-356.392  -76.613       4.8259
-356.392  -72.730       4.8259
-356.392  -68.848       4.8259
-356.392  -64.966       4.8259
-356.392  -61.084       4.8259
-356.392  -57.201       4.8259
-356.392  -53.319       4.8259
-356.392  -49.437       4.8259
-356.392  -45.555       3.9995
-356.392  -41.673       4.8259
-356.392  -37.790       3.7577
-356.392  -33.908       3.4532
-356.392  -30.026       4.4127
-356.392  -26.144       4.8259
-356.392  -22.261       4.8259
-356.392  -18.379       4.8259
-356.392  -14.497       4.8259
-356.392  -10.615       4.8259
-356.392   -6.733       4.4127
-356.392   -2.850       3.4532
-356.392    1.032       3.1730
-356.392    4.914       3.4532
-356.392    8.796       4.8259
-356.392   12.678       4.8259
-356.392   16.561       4.8259
-356.392   20.443       4.8259
-356.392   24.325       3.1730
-356.392   28.207       2.5977
-356.392   32.090       2.5699
-356.392   35.972       2.9832
-356.392   39.854       2.9832
-356.392   43.736       2.5977
-356.392   47.618       3.5862
-356.392   51.501       3.3445
-356.392   55.383       4.8259
-356.392   59.265       4.8259
-356.392   63.147       4.8259
-356.392   67.030       4.8259
-356.392   70.912       4.8259
-356.392   74.794       4.8259
-356.392   78.676       4.8259
-356.392   82.558       4.8259
-356.392   86.441       3.2526
-356.392   90.323       3.0400
-356.392   94.205       3.7577
-356.392   98.087       4.4127
-356.392  101.970       3.2526
-356.392  105.852       3.5862
-356.392  109.734       3.9995
-356.392  113.616       3.5862
-356.392  117.498       2.8836
-356.392  121.381       3.9995
-356.392  125.263       4.8259
-356.392  129.145       4.8259
-356.392  133.027       4.8259
-356.392  136.910       4.8259
-356.392  140.792       4.8259
-356.392  144.674       4.8259
-356.392  148.556       4.8259
-356.392  152.438       4.8259
-356.392  156.321       4.8259
-356.392  160.203       4.8259
-356.392  164.085       4.8259
-356.392  167.967       4.8259
-356.392  171.849       4.8259
-356.392  175.732       4.8259
-356.392  179.614       4.8259
-356.392  183.496       4.8259
-356.392  187.378       4.8259
-356.392  191.261       4.8259
-356.392  195.143       4.8259
-356.392  199.025       4.8259
-356.392  202.907       4.8259
-356.392  206.789       4.8259
-356.392  210.672       4.8259
-356.392  214.554       4.8259
-356.392  218.436       4.8259
-356.392  222.318       4.8259
-356.392  226.201       4.8259
-356.392  230.083       4.8259
-356.392  233.965       4.8259
-356.392  237.847       4.8259
-356.392  241.729       4.8259
-356.392  245.612       4.8259
-356.392  249.494       4.8259
-356.392  253.376       4.8259
-356.392  257.258       4.8259
-356.392  261.141       4.8259
-356.392  265.023       4.8259
-352.972 -119.317       4.8259
-352.972 -115.435       4.8259
-352.972 -111.553       4.8259
-352.972 -107.670       4.8259
-352.972 -103.788       4.8259
-352.972  -99.906       4.8259
-352.972  -96.024       4.8259
-352.972  -92.141       4.8259
-352.972  -88.259       4.8259
-352.972  -84.377       4.8259
-352.972  -80.495       4.8259
-352.972  -76.613       4.8259
-352.972  -72.730       4.8259
-352.972  -68.848       4.8259
-352.972  -64.966       4.4127
-352.972  -61.084       4.8259
-352.972  -57.201       4.8259
-352.972  -53.319       4.4127
-352.972  -49.437       3.2526
-352.972  -45.555       2.8394
-352.972  -41.673       2.9832
-352.972  -37.790       2.7598
-352.972  -33.908       3.3445
-352.972  -30.026       3.9995
-352.972  -26.144       4.8259
-352.972  -22.261       4.8259
-352.972  -18.379       4.8259
-352.972  -14.497       4.8259
-352.972  -10.615       4.8259
-352.972   -6.733       4.4127
-352.972   -2.850       3.4532
-352.972    1.032       3.7577
-352.972    4.914       4.8259
-352.972    8.796       4.8259
-352.972   12.678       4.8259
-352.972   16.561       4.8259
-352.972   20.443       4.8259
-352.972   24.325       3.5862
-352.972   28.207       2.6896
-352.972   32.090       3.5862
-352.972   35.972       3.2526
-352.972   39.854       3.3445
-352.972   43.736       2.9832
-352.972   47.618       3.5862
-352.972   51.501       3.5862
-352.972   55.383       4.4127
-352.972   59.265       4.8259
-352.972   63.147       4.8259
-352.972   67.030       4.8259
-352.972   70.912       4.8259
-352.972   74.794       4.8259
-352.972   78.676       4.8259
-352.972   82.558       4.8259
-352.972   86.441       3.9995
-352.972   90.323       4.8259
-352.972   94.205       4.4127
-352.972   98.087       3.5862
-352.972  101.970       3.3445
-352.972  105.852       4.8259
-352.972  109.734       4.8259
-352.972  113.616       3.9995
-352.972  117.498       3.4532
-352.972  121.381       3.9995
-352.972  125.263       4.8259
-352.972  129.145       4.8259
-352.972  133.027       4.8259
-352.972  136.910       4.8259
-352.972  140.792       4.8259
-352.972  144.674       4.8259
-352.972  148.556       4.8259
-352.972  152.438       4.8259
-352.972  156.321       4.8259
-352.972  160.203       4.8259
-352.972  164.085       4.8259
-352.972  167.967       4.8259
-352.972  171.849       4.8259
-352.972  175.732       4.8259
-352.972  179.614       4.8259
-352.972  183.496       4.8259
-352.972  187.378       4.8259
-352.972  191.261       4.8259
-352.972  195.143       4.8259
-352.972  199.025       4.8259
-352.972  202.907       4.8259
-352.972  206.789       4.8259
-352.972  210.672       4.8259
-352.972  214.554       4.8259
-352.972  218.436       4.8259
-352.972  222.318       4.8259
-352.972  226.201       4.8259
-352.972  230.083       4.8259
-352.972  233.965       4.8259
-352.972  237.847       4.8259
-352.972  241.729       4.8259
-352.972  245.612       4.8259
-352.972  249.494       4.8259
-352.972  253.376       4.8259
-352.972  257.258       4.8259
-352.972  261.141       4.8259
-352.972  265.023       4.8259
-349.552 -119.317       4.8259
-349.552 -115.435       4.8259
-349.552 -111.553       4.8259
-349.552 -107.670       4.8259
-349.552 -103.788       4.8259
-349.552  -99.906       4.8259
-349.552  -96.024       4.8259
-349.552  -92.141       4.8259
-349.552  -88.259       4.8259
-349.552  -84.377       4.8259
-349.552  -80.495       4.8259
-349.552  -76.613       4.8259
-349.552  -72.730       4.8259
-349.552  -68.848       4.8259
-349.552  -64.966       2.9313
-349.552  -61.084       3.1730
-349.552  -57.201       4.4127
-349.552  -53.319       3.3445
-349.552  -49.437       2.7598
-349.552  -45.555       2.0346
-349.552  -41.673       2.3104
-349.552  -37.790       2.8836
-349.552  -33.908       3.3445
-349.552  -30.026       3.2526
-349.552  -26.144       4.8259
-349.552  -22.261       4.8259
-349.552  -18.379       4.8259
-349.552  -14.497       4.8259
-349.552  -10.615       4.8259
-349.552   -6.733       4.4127
-349.552   -2.850       3.5862
-349.552    1.032       3.9995
-349.552    4.914       4.8259
-349.552    8.796       4.8259
-349.552   12.678       4.8259
-349.552   16.561       4.8259
-349.552   20.443       3.7577
-349.552   24.325       3.5862
-349.552   28.207       3.1028
-349.552   32.090       4.4127
-349.552   35.972       3.3445
-349.552   39.854       4.4127
-349.552   43.736       3.5862
-349.552   47.618       2.9832
-349.552   51.501       2.7983
-349.552   55.383       3.5862
-349.552   59.265       4.8259
-349.552   63.147       4.8259
-349.552   67.030       4.8259
-349.552   70.912       4.8259
-349.552   74.794       4.8259
-349.552   78.676       4.8259
-349.552   82.558       4.8259
-349.552   86.441       4.8259
-349.552   90.323       4.8259
-349.552   94.205       4.8259
-349.552   98.087       4.8259
-349.552  101.970       4.8259
-349.552  105.852       4.8259
-349.552  109.734       4.8259
-349.552  113.616       4.8259
-349.552  117.498       4.8259
-349.552  121.381       4.8259
-349.552  125.263       4.8259
-349.552  129.145       4.8259
-349.552  133.027       4.8259
-349.552  136.910       4.8259
-349.552  140.792       4.8259
-349.552  144.674       4.8259
-349.552  148.556       4.8259
-349.552  152.438       4.8259
-349.552  156.321       4.8259
-349.552  160.203       4.8259
-349.552  164.085       4.8259
-349.552  167.967       4.8259
-349.552  171.849       4.8259
-349.552  175.732       4.8259
-349.552  179.614       4.8259
-349.552  183.496       4.8259
-349.552  187.378       4.8259
-349.552  191.261       4.8259
-349.552  195.143       4.8259
-349.552  199.025       4.8259
-349.552  202.907       4.8259
-349.552  206.789       4.8259
-349.552  210.672       4.8259
-349.552  214.554       4.8259
-349.552  218.436       4.8259
-349.552  222.318       4.8259
-349.552  226.201       4.8259
-349.552  230.083       4.8259
-349.552  233.965       4.8259
-349.552  237.847       4.8259
-349.552  241.729       4.8259
-349.552  245.612       4.8259
-349.552  249.494       4.8259
-349.552  253.376       4.8259
-349.552  257.258       4.8259
-349.552  261.141       4.8259
-349.552  265.023       4.8259
-346.131 -119.317       4.8259
-346.131 -115.435       4.8259
-346.131 -111.553       4.8259
-346.131 -107.670       4.8259
-346.131 -103.788       4.8259
-346.131  -99.906       4.8259
-346.131  -96.024       4.8259
-346.131  -92.141       4.8259
-346.131  -88.259       4.8259
-346.131  -84.377       4.8259
-346.131  -80.495       4.8259
-346.131  -76.613       4.8259
-346.131  -72.730       4.8259
-346.131  -68.848       3.1028
-346.131  -64.966       2.6896
-346.131  -61.084       2.7983
-346.131  -57.201       2.5434
-346.131  -53.319       2.6573
-346.131  -49.437       2.3466
-346.131  -45.555       1.9150
-346.131  -41.673       1.9718
-346.131  -37.790       2.4937
-346.131  -33.908       3.3445
-346.131  -30.026       2.8836
-346.131  -26.144       4.8259
-346.131  -22.261       4.8259
-346.131  -18.379       4.8259
-346.131  -14.497       4.8259
-346.131  -10.615       4.8259
-346.131   -6.733       3.9995
-346.131   -2.850       3.1028
-346.131    1.032       3.7577
-346.131    4.914       4.8259
-346.131    8.796       4.4127
-346.131   12.678       3.9995
-346.131   16.561       2.9832
-346.131   20.443       2.9313
-346.131   24.325       3.3445
-346.131   28.207       3.9995
-346.131   32.090       4.4127
-346.131   35.972       3.5862
-346.131   39.854       3.4532
-346.131   43.736       3.5862
-346.131   47.618       2.7983
-346.131   51.501       2.3850
-346.131   55.383       3.3445
-346.131   59.265       4.8259
-346.131   63.147       4.8259
-346.131   67.030       4.8259
-346.131   70.912       4.8259
-346.131   74.794       4.8259
-346.131   78.676       4.8259
-346.131   82.558       4.8259
-346.131   86.441       4.4127
-346.131   90.323       3.9995
-346.131   94.205       4.4127
-346.131   98.087       4.8259
-346.131  101.970       4.8259
-346.131  105.852       4.8259
-346.131  109.734       4.8259
-346.131  113.616       4.8259
-346.131  117.498       4.8259
-346.131  121.381       4.8259
-346.131  125.263       4.8259
-346.131  129.145       4.8259
-346.131  133.027       4.8259
-346.131  136.910       4.8259
-346.131  140.792       4.8259
-346.131  144.674       4.8259
-346.131  148.556       4.8259
-346.131  152.438       4.8259
-346.131  156.321       4.8259
-346.131  160.203       4.8259
-346.131  164.085       4.8259
-346.131  167.967       4.8259
-346.131  171.849       4.8259
-346.131  175.732       4.8259
-346.131  179.614       4.8259
-346.131  183.496       4.8259
-346.131  187.378       4.8259
-346.131  191.261       4.8259
-346.131  195.143       4.8259
-346.131  199.025       4.8259
-346.131  202.907       4.8259
-346.131  206.789       4.8259
-346.131  210.672       4.8259
-346.131  214.554       4.8259
-346.131  218.436       4.8259
-346.131  222.318       4.8259
-346.131  226.201       4.8259
-346.131  230.083       4.8259
-346.131  233.965       4.8259
-346.131  237.847       4.8259
-346.131  241.729       4.8259
-346.131  245.612       4.8259
-346.131  249.494       4.8259
-346.131  253.376       4.8259
-346.131  257.258       4.8259
-346.131  261.141       4.8259
-346.131  265.023       4.8259
-342.711 -119.317       4.8259
-342.711 -115.435       4.8259
-342.711 -111.553       4.8259
-342.711 -107.670       4.8259
-342.711 -103.788       4.8259
-342.711  -99.906       4.8259
-342.711  -96.024       4.8259
-342.711  -92.141       4.8259
-342.711  -88.259       4.8259
-342.711  -84.377       4.8259
-342.711  -80.495       4.8259
-342.711  -76.613       4.8259
-342.711  -72.730       3.4532
-342.711  -68.848       2.6268
-342.711  -64.966       2.5434
-342.711  -61.084       2.4478
-342.711  -57.201       2.1302
-342.711  -53.319       1.9818
-342.711  -49.437       2.0237
-342.711  -45.555       2.1174
-342.711  -41.673       2.1433
-342.711  -37.790       2.3655
-342.711  -33.908       2.5699
-342.711  -30.026       3.7577
-342.711  -26.144       4.4127
-342.711  -22.261       3.7577
-342.711  -18.379       3.9995
-342.711  -14.497       3.9995
-342.711  -10.615       3.9995
-342.711   -6.733       3.1730
-342.711   -2.850       2.7598
-342.711    1.032       3.1028
-342.711    4.914       3.1028
-342.711    8.796       3.4532
-342.711   12.678       2.9313
-342.711   16.561       2.8394
-342.711   20.443       3.0400
-342.711   24.325       3.1028
-342.711   28.207       3.3445
-342.711   32.090       3.1028
-342.711   35.972       3.4532
-342.711   39.854       3.1028
-342.711   43.736       4.4127
-342.711   47.618       2.9832
-342.711   51.501       2.6896
-342.711   55.383       4.4127
-342.711   59.265       4.8259
-342.711   63.147       4.8259
-342.711   67.030       4.8259
-342.711   70.912       4.8259
-342.711   74.794       4.8259
-342.711   78.676       4.8259
-342.711   82.558       4.4127
-342.711   86.441       3.4532
-342.711   90.323       3.0400
-342.711   94.205       2.7983
-342.711   98.087       3.3445
-342.711  101.970       4.4127
-342.711  105.852       4.8259
-342.711  109.734       4.8259
-342.711  113.616       4.8259
-342.711  117.498       4.8259
-342.711  121.381       4.8259
-342.711  125.263       4.8259
-342.711  129.145       4.8259
-342.711  133.027       4.8259
-342.711  136.910       4.8259
-342.711  140.792       4.8259
-342.711  144.674       4.8259
-342.711  148.556       4.8259
-342.711  152.438       4.8259
-342.711  156.321       4.8259
-342.711  160.203       4.8259
-342.711  164.085       4.8259
-342.711  167.967       4.8259
-342.711  171.849       4.8259
-342.711  175.732       4.8259
-342.711  179.614       4.8259
-342.711  183.496       4.8259
-342.711  187.378       4.8259
-342.711  191.261       4.8259
-342.711  195.143       4.8259
-342.711  199.025       4.8259
-342.711  202.907       4.8259
-342.711  206.789       4.8259
-342.711  210.672       4.8259
-342.711  214.554       4.8259
-342.711  218.436       4.8259
-342.711  222.318       4.8259
-342.711  226.201       4.8259
-342.711  230.083       4.8259
-342.711  233.965       4.8259
-342.711  237.847       4.8259
-342.711  241.729       4.8259
-342.711  245.612       4.8259
-342.711  249.494       4.8259
-342.711  253.376       4.8259
-342.711  257.258       4.8259
-342.711  261.141       4.8259
-342.711  265.023       4.8259
-339.291 -119.317       4.8259
-339.291 -115.435       4.8259
-339.291 -111.553       4.8259
-339.291 -107.670       4.8259
-339.291 -103.788       4.8259
-339.291  -99.906       4.8259
-339.291  -96.024       4.8259
-339.291  -92.141       4.8259
-339.291  -88.259       4.8259
-339.291  -84.377       4.8259
-339.291  -80.495       4.4127
-339.291  -76.613       3.9995
-339.291  -72.730       2.9313
-339.291  -68.848       2.1844
-339.291  -64.966       2.1048
-339.291  -61.084       2.4478
-339.291  -57.201       2.1844
-339.291  -53.319       1.8885
-339.291  -49.437       2.1433
-339.291  -45.555       2.2931
-339.291  -41.673       2.2135
-339.291  -37.790       2.5977
-339.291  -33.908       3.0400
-339.291  -30.026       3.9995
-339.291  -26.144       3.9995
-339.291  -22.261       3.1028
-339.291  -18.379       2.7983
-339.291  -14.497       3.1028
-339.291  -10.615       3.1028
-339.291   -6.733       3.2526
-339.291   -2.850       3.1730
-339.291    1.032       2.9832
-339.291    4.914       3.0400
-339.291    8.796       3.1028
-339.291   12.678       2.7983
-339.291   16.561       2.4937
-339.291   20.443       2.8836
-339.291   24.325       3.1028
-339.291   28.207       2.9313
-339.291   32.090       3.0400
-339.291   35.972       3.0400
-339.291   39.854       3.5862
-339.291   43.736       4.4127
-339.291   47.618       3.9995
-339.291   51.501       4.8259
-339.291   55.383       3.7577
-339.291   59.265       4.4127
-339.291   63.147       4.4127
-339.291   67.030       4.8259
-339.291   70.912       3.3445
-339.291   74.794       3.1028
-339.291   78.676       4.4127
-339.291   82.558       3.4532
-339.291   86.441       3.5862
-339.291   90.323       3.1730
-339.291   94.205       2.5977
-339.291   98.087       2.9313
-339.291  101.970       3.9995
-339.291  105.852       3.5862
-339.291  109.734       4.4127
-339.291  113.616       4.4127
-339.291  117.498       4.8259
-339.291  121.381       4.8259
-339.291  125.263       4.8259
-339.291  129.145       4.8259
-339.291  133.027       4.8259
-339.291  136.910       4.8259
-339.291  140.792       4.8259
-339.291  144.674       4.8259
-339.291  148.556       4.8259
-339.291  152.438       4.8259
-339.291  156.321       4.8259
-339.291  160.203       4.8259
-339.291  164.085       4.8259
-339.291  167.967       4.8259
-339.291  171.849       4.8259
-339.291  175.732       4.8259
-339.291  179.614       4.8259
-339.291  183.496       4.8259
-339.291  187.378       4.8259
-339.291  191.261       4.8259
-339.291  195.143       4.8259
-339.291  199.025       4.8259
-339.291  202.907       4.8259
-339.291  206.789       4.8259
-339.291  210.672       4.8259
-339.291  214.554       4.8259
-339.291  218.436       4.8259
-339.291  222.318       4.8259
-339.291  226.201       4.8259
-339.291  230.083       4.8259
-339.291  233.965       4.8259
-339.291  237.847       4.8259
-339.291  241.729       4.8259
-339.291  245.612       4.8259
-339.291  249.494       4.8259
-339.291  253.376       4.8259
-339.291  257.258       4.8259
-339.291  261.141       4.8259
-339.291  265.023       4.8259
-335.870 -119.317       4.8259
-335.870 -115.435       4.8259
-335.870 -111.553       4.8259
-335.870 -107.670       4.8259
-335.870 -103.788       4.8259
-335.870  -99.906       4.8259
-335.870  -96.024       4.8259
-335.870  -92.141       4.8259
-335.870  -88.259       4.8259
-335.870  -84.377       4.8259
-335.870  -80.495       4.4127
-335.870  -76.613       3.3445
-335.870  -72.730       2.8836
-335.870  -68.848       2.5977
-335.870  -64.966       2.8394
-335.870  -61.084       2.1174
-335.870  -57.201       2.1048
-335.870  -53.319       2.0458
-335.870  -49.437       2.6896
-335.870  -45.555       2.3850
-335.870  -41.673       2.5977
-335.870  -37.790       2.6573
-335.870  -33.908       3.9995
-335.870  -30.026       3.9995
-335.870  -26.144       4.4127
-335.870  -22.261       3.2526
-335.870  -18.379       3.3445
-335.870  -14.497       3.7577
-335.870  -10.615       4.4127
-335.870   -6.733       3.1028
-335.870   -2.850       3.4532
-335.870    1.032       4.4127
-335.870    4.914       4.4127
-335.870    8.796       2.9313
-335.870   12.678       2.9832
-335.870   16.561       2.7983
-335.870   20.443       3.1028
-335.870   24.325       2.4262
-335.870   28.207       2.7983
-335.870   32.090       2.5181
-335.870   35.972       2.7236
-335.870   39.854       3.1730
-335.870   43.736       3.5862
-335.870   47.618       3.2526
-335.870   51.501       3.4532
-335.870   55.383       3.1028
-335.870   59.265       3.0400
-335.870   63.147       3.7577
-335.870   67.030       3.5862
-335.870   70.912       2.8394
-335.870   74.794       2.3282
-335.870   78.676       2.3655
-335.870   82.558       2.4937
-335.870   86.441       2.3466
-335.870   90.323       2.8836
-335.870   94.205       2.4478
-335.870   98.087       2.8394
-335.870  101.970       3.5862
-335.870  105.852       3.2526
-335.870  109.734       2.9832
-335.870  113.616       3.1730
-335.870  117.498       4.8259
-335.870  121.381       4.8259
-335.870  125.263       4.8259
-335.870  129.145       4.8259
-335.870  133.027       4.8259
-335.870  136.910       4.8259
-335.870  140.792       4.8259
-335.870  144.674       4.8259
-335.870  148.556       4.8259
-335.870  152.438       4.8259
-335.870  156.321       4.8259
-335.870  160.203       4.8259
-335.870  164.085       4.8259
-335.870  167.967       4.8259
-335.870  171.849       4.8259
-335.870  175.732       4.8259
-335.870  179.614       4.8259
-335.870  183.496       4.8259
-335.870  187.378       4.8259
-335.870  191.261       4.8259
-335.870  195.143       4.8259
-335.870  199.025       4.8259
-335.870  202.907       4.8259
-335.870  206.789       4.8259
-335.870  210.672       4.8259
-335.870  214.554       4.8259
-335.870  218.436       4.8259
-335.870  222.318       4.8259
-335.870  226.201       4.8259
-335.870  230.083       4.8259
-335.870  233.965       4.8259
-335.870  237.847       4.8259
-335.870  241.729       4.8259
-335.870  245.612       4.8259
-335.870  249.494       4.8259
-335.870  253.376       4.8259
-335.870  257.258       4.8259
-335.870  261.141       4.8259
-335.870  265.023       4.8259
-332.450 -119.317       4.8259
-332.450 -115.435       4.8259
-332.450 -111.553       4.8259
-332.450 -107.670       4.8259
-332.450 -103.788       4.8259
-332.450  -99.906       4.8259
-332.450  -96.024       4.8259
-332.450  -92.141       4.8259
-332.450  -88.259       4.8259
-332.450  -84.377       4.8259
-332.450  -80.495       3.3445
-332.450  -76.613       3.2526
-332.450  -72.730       3.5862
-332.450  -68.848       2.8394
-332.450  -64.966       2.9832
-332.450  -61.084       2.0571
-332.450  -57.201       2.4478
-332.450  -53.319       2.4262
-332.450  -49.437       3.0400
-332.450  -45.555       2.9313
-332.450  -41.673       2.6896
-332.450  -37.790       2.8394
-332.450  -33.908       3.1730
-332.450  -30.026       3.9995
-332.450  -26.144       4.8259
-332.450  -22.261       3.5862
-332.450  -18.379       4.8259
-332.450  -14.497       4.8259
-332.450  -10.615       3.5862
-332.450   -6.733       3.9995
-332.450   -2.850       4.4127
-332.450    1.032       4.8259
-332.450    4.914       4.4127
-332.450    8.796       2.8836
-332.450   12.678       3.1730
-332.450   16.561       2.9313
-332.450   20.443       2.5699
-332.450   24.325       2.6268
-332.450   28.207       2.4937
-332.450   32.090       2.6573
-332.450   35.972       2.4052
-332.450   39.854       2.7598
-332.450   43.736       2.9832
-332.450   47.618       3.9995
-332.450   51.501       4.8259
-332.450   55.383       4.4127
-332.450   59.265       3.5862
-332.450   63.147       4.4127
-332.450   67.030       2.9832
-332.450   70.912       2.8836
-332.450   74.794       2.5977
-332.450   78.676       2.1844
-332.450   82.558       2.1704
-332.450   86.441       2.3104
-332.450   90.323       2.2441
-332.450   94.205       2.1302
-332.450   98.087       2.0024
-332.450  101.970       2.8836
-332.450  105.852       2.7598
-332.450  109.734       2.6573
-332.450  113.616       2.4262
-332.450  117.498       2.7598
-332.450  121.381       3.3445
-332.450  125.263       4.8259
-332.450  129.145       4.8259
-332.450  133.027       4.4127
-332.450  136.910       4.8259
-332.450  140.792       4.8259
-332.450  144.674       4.8259
-332.450  148.556       4.8259
-332.450  152.438       4.8259
-332.450  156.321       4.8259
-332.450  160.203       4.8259
-332.450  164.085       4.8259
-332.450  167.967       4.8259
-332.450  171.849       4.8259
-332.450  175.732       4.8259
-332.450  179.614       4.8259
-332.450  183.496       4.8259
-332.450  187.378       4.8259
-332.450  191.261       4.8259
-332.450  195.143       4.8259
-332.450  199.025       4.8259
-332.450  202.907       4.8259
-332.450  206.789       4.8259
-332.450  210.672       4.8259
-332.450  214.554       4.8259
-332.450  218.436       4.8259
-332.450  222.318       4.8259
-332.450  226.201       4.8259
-332.450  230.083       4.8259
-332.450  233.965       4.8259
-332.450  237.847       4.8259
-332.450  241.729       4.8259
-332.450  245.612       4.8259
-332.450  249.494       4.8259
-332.450  253.376       4.8259
-332.450  257.258       4.8259
-332.450  261.141       4.8259
-332.450  265.023       4.8259
-329.030 -119.317       4.8259
-329.030 -115.435       4.8259
-329.030 -111.553       4.8259
-329.030 -107.670       4.8259
-329.030 -103.788       4.8259
-329.030  -99.906       4.8259
-329.030  -96.024       4.8259
-329.030  -92.141       4.8259
-329.030  -88.259       4.4127
-329.030  -84.377       3.7577
-329.030  -80.495       3.7577
-329.030  -76.613       4.4127
-329.030  -72.730       4.8259
-329.030  -68.848       3.9995
-329.030  -64.966       3.0400
-329.030  -61.084       2.5977
-329.030  -57.201       2.7236
-329.030  -53.319       3.5862
-329.030  -49.437       3.1028
-329.030  -45.555       2.6896
-329.030  -41.673       2.6573
-329.030  -37.790       2.9313
-329.030  -33.908       3.1028
-329.030  -30.026       4.8259
-329.030  -26.144       4.8259
-329.030  -22.261       4.8259
-329.030  -18.379       4.8259
-329.030  -14.497       4.8259
-329.030  -10.615       4.8259
-329.030   -6.733       4.8259
-329.030   -2.850       4.8259
-329.030    1.032       4.8259
-329.030    4.914       3.9995
-329.030    8.796       2.7983
-329.030   12.678       2.8394
-329.030   16.561       2.5434
-329.030   20.443       2.4262
-329.030   24.325       2.7236
-329.030   28.207       2.2135
-329.030   32.090       2.3850
-329.030   35.972       2.5699
-329.030   39.854       2.4052
-329.030   43.736       2.5977
-329.030   47.618       3.1730
-329.030   51.501       3.3445
-329.030   55.383       4.4127
-329.030   59.265       4.8259
-329.030   63.147       3.5862
-329.030   67.030       3.1730
-329.030   70.912       2.9832
-329.030   74.794       2.8836
-329.030   78.676       2.5434
-329.030   82.558       2.1048
-329.030   86.441       1.9718
-329.030   90.323       1.9920
-329.030   94.205       2.0687
-329.030   98.087       2.0129
-329.030  101.970       2.4052
-329.030  105.852       2.9832
-329.030  109.734       2.5181
-329.030  113.616       2.2763
-329.030  117.498       2.6896
-329.030  121.381       2.5699
-329.030  125.263       3.0400
-329.030  129.145       3.2526
-329.030  133.027       4.4127
-329.030  136.910       4.8259
-329.030  140.792       4.8259
-329.030  144.674       4.8259
-329.030  148.556       4.8259
-329.030  152.438       4.8259
-329.030  156.321       4.8259
-329.030  160.203       4.8259
-329.030  164.085       4.8259
-329.030  167.967       4.8259
-329.030  171.849       4.8259
-329.030  175.732       4.8259
-329.030  179.614       4.8259
-329.030  183.496       4.8259
-329.030  187.378       4.8259
-329.030  191.261       4.8259
-329.030  195.143       4.8259
-329.030  199.025       4.8259
-329.030  202.907       4.8259
-329.030  206.789       4.8259
-329.030  210.672       4.8259
-329.030  214.554       4.8259
-329.030  218.436       4.8259
-329.030  222.318       4.8259
-329.030  226.201       4.8259
-329.030  230.083       4.8259
-329.030  233.965       4.8259
-329.030  237.847       4.8259
-329.030  241.729       4.8259
-329.030  245.612       4.8259
-329.030  249.494       4.8259
-329.030  253.376       4.8259
-329.030  257.258       4.8259
-329.030  261.141       4.8259
-329.030  265.023       4.8259
-325.609 -119.317       4.8259
-325.609 -115.435       4.8259
-325.609 -111.553       4.8259
-325.609 -107.670       4.8259
-325.609 -103.788       4.8259
-325.609  -99.906       4.4127
-325.609  -96.024       4.4127
-325.609  -92.141       3.9995
-325.609  -88.259       3.4532
-325.609  -84.377       3.3445
-325.609  -80.495       4.8259
-325.609  -76.613       4.8259
-325.609  -72.730       4.8259
-325.609  -68.848       4.4127
-325.609  -64.966       2.9832
-325.609  -61.084       3.0400
-325.609  -57.201       3.4532
-325.609  -53.319       4.4127
-325.609  -49.437       2.7983
-325.609  -45.555       2.8836
-325.609  -41.673       3.1028
-325.609  -37.790       3.2526
-325.609  -33.908       3.9995
-325.609  -30.026       4.4127
-325.609  -26.144       4.4127
-325.609  -22.261       4.8259
-325.609  -18.379       4.8259
-325.609  -14.497       4.8259
-325.609  -10.615       4.8259
-325.609   -6.733       4.8259
-325.609   -2.850       4.8259
-325.609    1.032       4.8259
-325.609    4.914       3.7577
-325.609    8.796       2.6268
-325.609   12.678       2.6573
-325.609   16.561       3.0400
-325.609   20.443       2.8836
-325.609   24.325       2.3850
-325.609   28.207       2.7598
-325.609   32.090       2.5699
-325.609   35.972       2.7598
-325.609   39.854       2.4478
-325.609   43.736       2.2441
-325.609   47.618       2.2441
-325.609   51.501       2.4937
-325.609   55.383       2.8394
-325.609   59.265       3.3445
-325.609   63.147       2.9832
-325.609   67.030       2.4262
-325.609   70.912       2.3466
-325.609   74.794       2.1704
-325.609   78.676       2.6896
-325.609   82.558       2.4052
-325.609   86.441       2.0129
-325.609   90.323       2.0571
-325.609   94.205       2.0024
-325.609   98.087       2.1844
-325.609  101.970       2.0925
-325.609  105.852       3.3445
-325.609  109.734       3.5862
-325.609  113.616       2.6896
-325.609  117.498       2.4703
-325.609  121.381       2.5181
-325.609  125.263       2.2931
-325.609  129.145       2.4478
-325.609  133.027       3.1730
-325.609  136.910       4.8259
-325.609  140.792       4.8259
-325.609  144.674       4.8259
-325.609  148.556       4.8259
-325.609  152.438       4.8259
-325.609  156.321       4.8259
-325.609  160.203       4.8259
-325.609  164.085       4.8259
-325.609  167.967       4.8259
-325.609  171.849       4.8259
-325.609  175.732       4.8259
-325.609  179.614       4.8259
-325.609  183.496       4.8259
-325.609  187.378       4.8259
-325.609  191.261       4.8259
-325.609  195.143       4.8259
-325.609  199.025       4.8259
-325.609  202.907       4.8259
-325.609  206.789       4.8259
-325.609  210.672       4.8259
-325.609  214.554       4.8259
-325.609  218.436       4.8259
-325.609  222.318       4.8259
-325.609  226.201       4.8259
-325.609  230.083       4.8259
-325.609  233.965       4.8259
-325.609  237.847       4.8259
-325.609  241.729       4.8259
-325.609  245.612       4.8259
-325.609  249.494       4.8259
-325.609  253.376       4.8259
-325.609  257.258       4.8259
-325.609  261.141       4.8259
-325.609  265.023       4.8259
-322.189 -119.317       4.8259
-322.189 -115.435       4.8259
-322.189 -111.553       4.8259
-322.189 -107.670       4.8259
-322.189 -103.788       4.8259
-322.189  -99.906       3.9995
-322.189  -96.024       3.2526
-322.189  -92.141       2.9832
-322.189  -88.259       3.2526
-322.189  -84.377       4.4127
-322.189  -80.495       4.8259
-322.189  -76.613       4.8259
-322.189  -72.730       4.8259
-322.189  -68.848       4.8259
-322.189  -64.966       4.8259
-322.189  -61.084       4.8259
-322.189  -57.201       4.4127
-322.189  -53.319       3.3445
-322.189  -49.437       2.8836
-322.189  -45.555       3.3445
-322.189  -41.673       3.4532
-322.189  -37.790       3.7577
-322.189  -33.908       4.8259
-322.189  -30.026       4.4127
-322.189  -26.144       4.4127
-322.189  -22.261       4.4127
-322.189  -18.379       3.9995
-322.189  -14.497       4.8259
-322.189  -10.615       4.8259
-322.189   -6.733       4.8259
-322.189   -2.850       4.4127
-322.189    1.032       4.8259
-322.189    4.914       3.9995
-322.189    8.796       2.7236
-322.189   12.678       2.5977
-322.189   16.561       2.6573
-322.189   20.443       2.3466
-322.189   24.325       2.4937
-322.189   28.207       2.7983
-322.189   32.090       2.6896
-322.189   35.972       2.7236
-322.189   39.854       2.2600
-322.189   43.736       2.1844
-322.189   47.618       2.0687
-322.189   51.501       2.2931
-322.189   55.383       2.1704
-322.189   59.265       2.3850
-322.189   63.147       1.9333
-322.189   67.030       2.0458
-322.189   70.912       2.0024
-322.189   74.794       1.8468
-322.189   78.676       2.1302
-322.189   82.558       2.2135
-322.189   86.441       2.0925
-322.189   90.323       2.1567
-322.189   94.205       2.0024
-322.189   98.087       2.2763
-322.189  101.970       2.4262
-322.189  105.852       3.1730
-322.189  109.734       3.4532
-322.189  113.616       3.1730
-322.189  117.498       3.0400
-322.189  121.381       2.5977
-322.189  125.263       2.5181
-322.189  129.145       2.6896
-322.189  133.027       2.9313
-322.189  136.910       4.8259
-322.189  140.792       4.8259
-322.189  144.674       4.8259
-322.189  148.556       4.8259
-322.189  152.438       4.8259
-322.189  156.321       4.8259
-322.189  160.203       4.8259
-322.189  164.085       4.8259
-322.189  167.967       4.8259
-322.189  171.849       4.8259
-322.189  175.732       4.8259
-322.189  179.614       4.8259
-322.189  183.496       4.8259
-322.189  187.378       4.8259
-322.189  191.261       4.8259
-322.189  195.143       4.8259
-322.189  199.025       4.8259
-322.189  202.907       4.8259
-322.189  206.789       4.8259
-322.189  210.672       4.8259
-322.189  214.554       4.8259
-322.189  218.436       4.8259
-322.189  222.318       4.8259
-322.189  226.201       4.8259
-322.189  230.083       4.8259
-322.189  233.965       4.8259
-322.189  237.847       4.8259
-322.189  241.729       4.8259
-322.189  245.612       4.8259
-322.189  249.494       4.8259
-322.189  253.376       4.8259
-322.189  257.258       4.8259
-322.189  261.141       4.8259
-322.189  265.023       4.8259
-318.768 -119.317       4.8259
-318.768 -115.435       4.8259
-318.768 -111.553       4.8259
-318.768 -107.670       4.8259
-318.768 -103.788       3.4532
-318.768  -99.906       3.0400
-318.768  -96.024       3.1730
-318.768  -92.141       2.8836
-318.768  -88.259       3.2526
-318.768  -84.377       4.8259
-318.768  -80.495       4.8259
-318.768  -76.613       4.8259
-318.768  -72.730       4.8259
-318.768  -68.848       4.8259
-318.768  -64.966       4.8259
-318.768  -61.084       4.8259
-318.768  -57.201       4.4127
-318.768  -53.319       3.1730
-318.768  -49.437       3.2526
-318.768  -45.555       3.5862
-318.768  -41.673       3.7577
-318.768  -37.790       3.4532
-318.768  -33.908       3.9995
-318.768  -30.026       3.5862
-318.768  -26.144       3.4532
-318.768  -22.261       2.8836
-318.768  -18.379       3.4532
-318.768  -14.497       3.5862
-318.768  -10.615       3.9995
-318.768   -6.733       3.9995
-318.768   -2.850       2.9313
-318.768    1.032       3.9995
-318.768    4.914       3.0400
-318.768    8.796       3.2526
-318.768   12.678       2.9832
-318.768   16.561       2.7236
-318.768   20.443       2.2286
-318.768   24.325       2.1704
-318.768   28.207       2.5977
-318.768   32.090       2.1704
-318.768   35.972       2.1174
-318.768   39.854       2.2600
-318.768   43.736       2.0129
-318.768   47.618       1.9818
-318.768   51.501       2.3655
-318.768   55.383       2.7598
-318.768   59.265       2.1048
-318.768   63.147       2.0129
-318.768   67.030       1.9523
-318.768   70.912       1.9718
-318.768   74.794       2.3466
-318.768   78.676       2.3850
-318.768   82.558       2.1048
-318.768   86.441       2.0805
-318.768   90.323       2.4937
-318.768   94.205       1.8388
-318.768   98.087       1.8468
-318.768  101.970       2.1844
-318.768  105.852       2.7236
-318.768  109.734       2.5434
-318.768  113.616       2.9832
-318.768  117.498       2.7598
-318.768  121.381       2.2286
-318.768  125.263       2.0571
-318.768  129.145       2.4262
-318.768  133.027       2.8836
-318.768  136.910       4.4127
-318.768  140.792       4.8259
-318.768  144.674       4.8259
-318.768  148.556       4.8259
-318.768  152.438       4.8259
-318.768  156.321       4.8259
-318.768  160.203       4.8259
-318.768  164.085       4.8259
-318.768  167.967       4.8259
-318.768  171.849       4.8259
-318.768  175.732       4.8259
-318.768  179.614       4.8259
-318.768  183.496       4.8259
-318.768  187.378       4.8259
-318.768  191.261       4.8259
-318.768  195.143       4.8259
-318.768  199.025       4.8259
-318.768  202.907       4.8259
-318.768  206.789       4.8259
-318.768  210.672       4.8259
-318.768  214.554       4.8259
-318.768  218.436       4.8259
-318.768  222.318       4.8259
-318.768  226.201       4.8259
-318.768  230.083       4.8259
-318.768  233.965       4.8259
-318.768  237.847       4.8259
-318.768  241.729       4.8259
-318.768  245.612       4.8259
-318.768  249.494       4.8259
-318.768  253.376       4.8259
-318.768  257.258       4.8259
-318.768  261.141       4.8259
-318.768  265.023       4.8259
-315.348 -119.317       4.8259
-315.348 -115.435       4.8259
-315.348 -111.553       4.8259
-315.348 -107.670       4.8259
-315.348 -103.788       3.4532
-315.348  -99.906       3.7577
-315.348  -96.024       3.1730
-315.348  -92.141       3.7577
-315.348  -88.259       4.4127
-315.348  -84.377       4.8259
-315.348  -80.495       4.4127
-315.348  -76.613       3.9995
-315.348  -72.730       3.9995
-315.348  -68.848       4.4127
-315.348  -64.966       4.8259
-315.348  -61.084       4.8259
-315.348  -57.201       3.7577
-315.348  -53.319       3.0400
-315.348  -49.437       3.1028
-315.348  -45.555       3.1730
-315.348  -41.673       4.4127
-315.348  -37.790       3.7577
-315.348  -33.908       3.5862
-315.348  -30.026       3.4532
-315.348  -26.144       3.2526
-315.348  -22.261       2.9313
-315.348  -18.379       3.1730
-315.348  -14.497       3.4532
-315.348  -10.615       3.1730
-315.348   -6.733       2.7236
-315.348   -2.850       2.4703
-315.348    1.032       2.4703
-315.348    4.914       2.3104
-315.348    8.796       2.7236
-315.348   12.678       3.1730
-315.348   16.561       2.5977
-315.348   20.443       2.2763
-315.348   24.325       2.0237
-315.348   28.207       2.1704
-315.348   32.090       2.2763
-315.348   35.972       2.0129
-315.348   39.854       2.0925
-315.348   43.736       2.0024
-315.348   47.618       1.9818
-315.348   51.501       2.7236
-315.348   55.383       2.8394
-315.348   59.265       2.1844
-315.348   63.147       1.9920
-315.348   67.030       2.1988
-315.348   70.912       2.1302
-315.348   74.794       2.5434
-315.348   78.676       2.5699
-315.348   82.558       2.4052
-315.348   86.441       2.4478
-315.348   90.323       2.0346
-315.348   94.205       1.7642
-315.348   98.087       1.8388
-315.348  101.970       2.1174
-315.348  105.852       2.5181
-315.348  109.734       2.6896
-315.348  113.616       2.6573
-315.348  117.498       3.4532
-315.348  121.381       2.8836
-315.348  125.263       2.6896
-315.348  129.145       2.2600
-315.348  133.027       2.2763
-315.348  136.910       2.7983
-315.348  140.792       4.4127
-315.348  144.674       4.8259
-315.348  148.556       4.8259
-315.348  152.438       4.8259
-315.348  156.321       4.8259
-315.348  160.203       4.8259
-315.348  164.085       4.8259
-315.348  167.967       4.8259
-315.348  171.849       4.8259
-315.348  175.732       4.8259
-315.348  179.614       4.8259
-315.348  183.496       4.8259
-315.348  187.378       4.8259
-315.348  191.261       4.8259
-315.348  195.143       4.8259
-315.348  199.025       4.8259
-315.348  202.907       4.8259
-315.348  206.789       4.8259
-315.348  210.672       4.8259
-315.348  214.554       4.8259
-315.348  218.436       4.8259
-315.348  222.318       4.8259
-315.348  226.201       4.8259
-315.348  230.083       4.8259
-315.348  233.965       4.8259
-315.348  237.847       4.8259
-315.348  241.729       4.8259
-315.348  245.612       4.8259
-315.348  249.494       4.8259
-315.348  253.376       4.8259
-315.348  257.258       4.8259
-315.348  261.141       4.8259
-315.348  265.023       4.8259
-311.928 -119.317       4.8259
-311.928 -115.435       4.8259
-311.928 -111.553       4.8259
-311.928 -107.670       4.8259
-311.928 -103.788       4.8259
-311.928  -99.906       3.9995
-311.928  -96.024       2.9832
-311.928  -92.141       2.8836
-311.928  -88.259       3.7577
-311.928  -84.377       3.9995
-311.928  -80.495       3.1028
-311.928  -76.613       2.5699
-311.928  -72.730       3.1028
-311.928  -68.848       4.4127
-311.928  -64.966       4.8259
-311.928  -61.084       4.8259
-311.928  -57.201       4.8259
-311.928  -53.319       3.7577
-311.928  -49.437       3.1028
-311.928  -45.555       3.3445
-311.928  -41.673       4.8259
-311.928  -37.790       3.7577
-311.928  -33.908       3.5862
-311.928  -30.026       2.8394
-311.928  -26.144       2.9313
-311.928  -22.261       3.3445
-311.928  -18.379       3.9995
-311.928  -14.497       3.5862
-311.928  -10.615       2.7983
-311.928   -6.733       2.3655
-311.928   -2.850       2.4052
-311.928    1.032       2.4052
-311.928    4.914       2.0925
-311.928    8.796       2.3104
-311.928   12.678       2.8394
-311.928   16.561       3.1028
-311.928   20.443       2.6896
-311.928   24.325       2.2441
-311.928   28.207       2.3104
-311.928   32.090       2.4052
-311.928   35.972       2.4937
-311.928   39.854       2.0925
-311.928   43.736       1.7712
-311.928   47.618       2.3655
-311.928   51.501       2.8394
-311.928   55.383       3.3445
-311.928   59.265       2.2441
-311.928   63.147       2.1844
-311.928   67.030       2.2135
-311.928   70.912       2.1567
-311.928   74.794       2.4262
-311.928   78.676       2.4262
-311.928   82.558       2.2600
-311.928   86.441       2.0571
-311.928   90.323       1.8885
-311.928   94.205       1.6496
-311.928   98.087       1.9718
-311.928  101.970       2.1844
-311.928  105.852       2.7598
-311.928  109.734       2.7598
-311.928  113.616       2.4478
-311.928  117.498       2.9832
-311.928  121.381       2.8836
-311.928  125.263       3.0400
-311.928  129.145       2.6573
-311.928  133.027       2.4478
-311.928  136.910       2.3850
-311.928  140.792       3.2526
-311.928  144.674       4.8259
-311.928  148.556       4.8259
-311.928  152.438       4.8259
-311.928  156.321       4.8259
-311.928  160.203       4.8259
-311.928  164.085       4.8259
-311.928  167.967       4.8259
-311.928  171.849       4.8259
-311.928  175.732       4.8259
-311.928  179.614       4.8259
-311.928  183.496       4.8259
-311.928  187.378       4.8259
-311.928  191.261       4.8259
-311.928  195.143       4.8259
-311.928  199.025       4.8259
-311.928  202.907       4.8259
-311.928  206.789       4.8259
-311.928  210.672       4.8259
-311.928  214.554       4.8259
-311.928  218.436       4.8259
-311.928  222.318       4.8259
-311.928  226.201       4.8259
-311.928  230.083       4.8259
-311.928  233.965       4.8259
-311.928  237.847       4.8259
-311.928  241.729       4.8259
-311.928  245.612       4.8259
-311.928  249.494       4.8259
-311.928  253.376       4.8259
-311.928  257.258       4.8259
-311.928  261.141       4.8259
-311.928  265.023       4.8259
-308.507 -119.317       4.8259
-308.507 -115.435       4.8259
-308.507 -111.553       4.8259
-308.507 -107.670       4.8259
-308.507 -103.788       4.8259
-308.507  -99.906       4.4127
-308.507  -96.024       2.8836
-308.507  -92.141       3.1730
-308.507  -88.259       3.5862
-308.507  -84.377       3.1028
-308.507  -80.495       2.7598
-308.507  -76.613       2.7983
-308.507  -72.730       3.3445
-308.507  -68.848       4.8259
-308.507  -64.966       4.8259
-308.507  -61.084       4.8259
-308.507  -57.201       4.4127
-308.507  -53.319       3.5862
-308.507  -49.437       3.1730
-308.507  -45.555       4.8259
-308.507  -41.673       4.8259
-308.507  -37.790       3.2526
-308.507  -33.908       3.7577
-308.507  -30.026       3.0400
-308.507  -26.144       2.6573
-308.507  -22.261       2.9832
-308.507  -18.379       3.0400
-308.507  -14.497       2.8394
-308.507  -10.615       2.4703
-308.507   -6.733       2.6268
-308.507   -2.850       2.4478
-308.507    1.032       2.4703
-308.507    4.914       1.9619
-308.507    8.796       2.2600
-308.507   12.678       2.8836
-308.507   16.561       2.7598
-308.507   20.443       2.8394
-308.507   24.325       2.5434
-308.507   28.207       2.1988
-308.507   32.090       2.2600
-308.507   35.972       2.5434
-308.507   39.854       2.5977
-308.507   43.736       2.7598
-308.507   47.618       2.7598
-308.507   51.501       2.8394
-308.507   55.383       3.2526
-308.507   59.265       3.2526
-308.507   63.147       2.6896
-308.507   67.030       2.1844
-308.507   70.912       2.0346
-308.507   74.794       2.1433
-308.507   78.676       2.1174
-308.507   82.558       1.9920
-308.507   86.441       1.8078
-308.507   90.323       2.0129
-308.507   94.205       1.6496
-308.507   98.087       2.0925
-308.507  101.970       2.1988
-308.507  105.852       2.1567
-308.507  109.734       2.5977
-308.507  113.616       2.7598
-308.507  117.498       2.8394
-308.507  121.381       2.1988
-308.507  125.263       2.3104
-308.507  129.145       2.2931
-308.507  133.027       2.4703
-308.507  136.910       3.0400
-308.507  140.792       2.7983
-308.507  144.674       3.5862
-308.507  148.556       4.4127
-308.507  152.438       4.8259
-308.507  156.321       4.8259
-308.507  160.203       4.8259
-308.507  164.085       4.8259
-308.507  167.967       4.8259
-308.507  171.849       4.8259
-308.507  175.732       4.8259
-308.507  179.614       4.8259
-308.507  183.496       4.8259
-308.507  187.378       4.8259
-308.507  191.261       4.8259
-308.507  195.143       4.8259
-308.507  199.025       4.8259
-308.507  202.907       4.8259
-308.507  206.789       4.8259
-308.507  210.672       4.8259
-308.507  214.554       4.8259
-308.507  218.436       4.8259
-308.507  222.318       4.8259
-308.507  226.201       4.8259
-308.507  230.083       4.8259
-308.507  233.965       4.8259
-308.507  237.847       4.8259
-308.507  241.729       4.8259
-308.507  245.612       4.8259
-308.507  249.494       4.8259
-308.507  253.376       4.8259
-308.507  257.258       4.8259
-308.507  261.141       4.8259
-308.507  265.023       4.8259
-305.087 -119.317       4.8259
-305.087 -115.435       4.8259
-305.087 -111.553       4.8259
-305.087 -107.670       4.8259
-305.087 -103.788       4.8259
-305.087  -99.906       3.9995
-305.087  -96.024       2.8394
-305.087  -92.141       3.1028
-305.087  -88.259       3.2526
-305.087  -84.377       3.1028
-305.087  -80.495       3.3445
-305.087  -76.613       3.5862
-305.087  -72.730       4.8259
-305.087  -68.848       4.8259
-305.087  -64.966       4.8259
-305.087  -61.084       4.8259
-305.087  -57.201       4.8259
-305.087  -53.319       4.8259
-305.087  -49.437       4.8259
-305.087  -45.555       4.8259
-305.087  -41.673       4.8259
-305.087  -37.790       4.8259
-305.087  -33.908       4.8259
-305.087  -30.026       3.7577
-305.087  -26.144       2.7598
-305.087  -22.261       2.3466
-305.087  -18.379       2.5977
-305.087  -14.497       2.4262
-305.087  -10.615       2.4262
-305.087   -6.733       2.4703
-305.087   -2.850       2.7598
-305.087    1.032       2.5977
-305.087    4.914       2.6573
-305.087    8.796       2.4478
-305.087   12.678       2.7236
-305.087   16.561       2.6896
-305.087   20.443       2.6573
-305.087   24.325       2.8394
-305.087   28.207       2.2286
-305.087   32.090       2.6573
-305.087   35.972       2.6896
-305.087   39.854       2.6268
-305.087   43.736       3.4532
-305.087   47.618       4.4127
-305.087   51.501       2.8836
-305.087   55.383       3.1028
-305.087   59.265       2.8394
-305.087   63.147       2.8394
-305.087   67.030       2.1302
-305.087   70.912       1.9619
-305.087   74.794       1.9718
-305.087   78.676       2.2135
-305.087   82.558       1.9920
-305.087   86.441       1.8799
-305.087   90.323       2.1433
-305.087   94.205       1.9523
-305.087   98.087       1.7367
-305.087  101.970       2.0129
-305.087  105.852       1.9619
-305.087  109.734       2.0805
-305.087  113.616       1.8972
-305.087  117.498       2.6268
-305.087  121.381       1.9150
-305.087  125.263       1.8388
-305.087  129.145       1.9523
-305.087  133.027       2.3282
-305.087  136.910       2.6896
-305.087  140.792       2.4262
-305.087  144.674       2.4937
-305.087  148.556       3.1730
-305.087  152.438       4.8259
-305.087  156.321       4.8259
-305.087  160.203       4.8259
-305.087  164.085       4.8259
-305.087  167.967       4.8259
-305.087  171.849       4.8259
-305.087  175.732       4.8259
-305.087  179.614       4.8259
-305.087  183.496       4.8259
-305.087  187.378       4.8259
-305.087  191.261       4.8259
-305.087  195.143       4.8259
-305.087  199.025       4.8259
-305.087  202.907       4.8259
-305.087  206.789       4.8259
-305.087  210.672       4.8259
-305.087  214.554       4.8259
-305.087  218.436       4.8259
-305.087  222.318       4.8259
-305.087  226.201       4.8259
-305.087  230.083       4.8259
-305.087  233.965       4.8259
-305.087  237.847       4.8259
-305.087  241.729       4.8259
-305.087  245.612       4.8259
-305.087  249.494       4.8259
-305.087  253.376       4.8259
-305.087  257.258       4.8259
-305.087  261.141       4.8259
-305.087  265.023       4.8259
-301.667 -119.317       4.8259
-301.667 -115.435       4.8259
-301.667 -111.553       4.8259
-301.667 -107.670       4.8259
-301.667 -103.788       4.8259
-301.667  -99.906       3.9995
-301.667  -96.024       3.4532
-301.667  -92.141       3.9995
-301.667  -88.259       2.6896
-301.667  -84.377       3.2526
-301.667  -80.495       3.0400
-301.667  -76.613       4.8259
-301.667  -72.730       4.8259
-301.667  -68.848       4.8259
-301.667  -64.966       4.8259
-301.667  -61.084       4.8259
-301.667  -57.201       4.8259
-301.667  -53.319       4.8259
-301.667  -49.437       4.8259
-301.667  -45.555       4.8259
-301.667  -41.673       3.7577
-301.667  -37.790       3.7577
-301.667  -33.908       3.7577
-301.667  -30.026       2.7598
-301.667  -26.144       2.4052
-301.667  -22.261       2.1704
-301.667  -18.379       2.5977
-301.667  -14.497       2.5699
-301.667  -10.615       2.4937
-301.667   -6.733       2.7983
-301.667   -2.850       2.7598
-301.667    1.032       2.6896
-301.667    4.914       2.5434
-301.667    8.796       2.4052
-301.667   12.678       2.6573
-301.667   16.561       2.4052
-301.667   20.443       2.7598
-301.667   24.325       2.4937
-301.667   28.207       2.2441
-301.667   32.090       2.5699
-301.667   35.972       2.8836
-301.667   39.854       2.7598
-301.667   43.736       3.7577
-301.667   47.618       3.7577
-301.667   51.501       3.5862
-301.667   55.383       3.0400
-301.667   59.265       3.0400
-301.667   63.147       2.9313
-301.667   67.030       2.5699
-301.667   70.912       2.3655
-301.667   74.794       2.3282
-301.667   78.676       2.1302
-301.667   82.558       1.9241
-301.667   86.441       1.8799
-301.667   90.323       2.2931
-301.667   94.205       2.3466
-301.667   98.087       2.1844
-301.667  101.970       2.4262
-301.667  105.852       2.2763
-301.667  109.734       1.9818
-301.667  113.616       1.7929
-301.667  117.498       1.9241
-301.667  121.381       1.9333
-301.667  125.263       1.9150
-301.667  129.145       2.0024
-301.667  133.027       2.5434
-301.667  136.910       3.0400
-301.667  140.792       2.5977
-301.667  144.674       2.0346
-301.667  148.556       2.6896
-301.667  152.438       4.4127
-301.667  156.321       4.8259
-301.667  160.203       4.8259
-301.667  164.085       4.8259
-301.667  167.967       4.8259
-301.667  171.849       4.8259
-301.667  175.732       4.8259
-301.667  179.614       4.8259
-301.667  183.496       4.8259
-301.667  187.378       4.8259
-301.667  191.261       4.8259
-301.667  195.143       4.8259
-301.667  199.025       4.8259
-301.667  202.907       4.8259
-301.667  206.789       4.8259
-301.667  210.672       4.8259
-301.667  214.554       4.8259
-301.667  218.436       4.8259
-301.667  222.318       4.8259
-301.667  226.201       4.8259
-301.667  230.083       4.8259
-301.667  233.965       4.8259
-301.667  237.847       4.8259
-301.667  241.729       4.8259
-301.667  245.612       4.8259
-301.667  249.494       4.8259
-301.667  253.376       4.8259
-301.667  257.258       4.8259
-301.667  261.141       4.8259
-301.667  265.023       4.8259
-298.246 -119.317       4.8259
-298.246 -115.435       4.8259
-298.246 -111.553       4.4127
-298.246 -107.670       4.4127
-298.246 -103.788       3.9995
-298.246  -99.906       3.0400
-298.246  -96.024       2.9313
-298.246  -92.141       3.1028
-298.246  -88.259       3.0400
-298.246  -84.377       2.9313
-298.246  -80.495       4.4127
-298.246  -76.613       4.8259
-298.246  -72.730       4.8259
-298.246  -68.848       4.8259
-298.246  -64.966       4.8259
-298.246  -61.084       4.8259
-298.246  -57.201       4.8259
-298.246  -53.319       4.8259
-298.246  -49.437       4.8259
-298.246  -45.555       3.7577
-298.246  -41.673       3.1730
-298.246  -37.790       3.5862
-298.246  -33.908       3.0400
-298.246  -30.026       2.6268
-298.246  -26.144       2.6268
-298.246  -22.261       2.5434
-298.246  -18.379       3.4532
-298.246  -14.497       3.4532
-298.246  -10.615       3.2526
-298.246   -6.733       2.5977
-298.246   -2.850       2.3104
-298.246    1.032       2.7236
-298.246    4.914       2.6573
-298.246    8.796       2.6573
-298.246   12.678       2.5699
-298.246   16.561       2.8394
-298.246   20.443       2.4703
-298.246   24.325       2.6573
-298.246   28.207       2.5434
-298.246   32.090       2.4262
-298.246   35.972       2.3850
-298.246   39.854       2.5699
-298.246   43.736       2.7236
-298.246   47.618       3.4532
-298.246   51.501       4.4127
-298.246   55.383       4.4127
-298.246   59.265       3.3445
-298.246   63.147       3.1730
-298.246   67.030       2.4703
-298.246   70.912       2.4937
-298.246   74.794       2.1844
-298.246   78.676       2.2600
-298.246   82.558       2.2763
-298.246   86.441       2.1567
-298.246   90.323       2.1302
-298.246   94.205       2.6268
-298.246   98.087       2.7236
-298.246  101.970       2.7983
-298.246  105.852       2.1988
-298.246  109.734       2.0805
-298.246  113.616       2.3104
-298.246  117.498       2.0805
-298.246  121.381       2.0346
-298.246  125.263       1.7170
-298.246  129.145       1.7783
-298.246  133.027       2.4478
-298.246  136.910       2.7598
-298.246  140.792       2.4262
-298.246  144.674       2.2931
-298.246  148.556       2.4937
-298.246  152.438       3.9995
-298.246  156.321       4.8259
-298.246  160.203       4.8259
-298.246  164.085       4.8259
-298.246  167.967       4.8259
-298.246  171.849       4.8259
-298.246  175.732       4.8259
-298.246  179.614       4.8259
-298.246  183.496       4.8259
-298.246  187.378       4.8259
-298.246  191.261       4.8259
-298.246  195.143       4.8259
-298.246  199.025       4.8259
-298.246  202.907       4.8259
-298.246  206.789       4.8259
-298.246  210.672       4.8259
-298.246  214.554       4.8259
-298.246  218.436       4.8259
-298.246  222.318       4.8259
-298.246  226.201       4.8259
-298.246  230.083       4.8259
-298.246  233.965       4.8259
-298.246  237.847       4.8259
-298.246  241.729       4.8259
-298.246  245.612       4.8259
-298.246  249.494       4.8259
-298.246  253.376       4.8259
-298.246  257.258       4.8259
-298.246  261.141       4.8259
-298.246  265.023       4.8259
-294.826 -119.317       4.8259
-294.826 -115.435       4.8259
-294.826 -111.553       3.1028
-294.826 -107.670       3.0400
-294.826 -103.788       3.2526
-294.826  -99.906       2.8394
-294.826  -96.024       4.4127
-294.826  -92.141       3.5862
-294.826  -88.259       3.1730
-294.826  -84.377       3.4532
-294.826  -80.495       4.8259
-294.826  -76.613       4.8259
-294.826  -72.730       4.8259
-294.826  -68.848       4.8259
-294.826  -64.966       4.8259
-294.826  -61.084       4.8259
-294.826  -57.201       4.8259
-294.826  -53.319       4.8259
-294.826  -49.437       4.8259
-294.826  -45.555       4.8259
-294.826  -41.673       3.4532
-294.826  -37.790       3.0400
-294.826  -33.908       3.5862
-294.826  -30.026       3.7577
-294.826  -26.144       3.2526
-294.826  -22.261       3.3445
-294.826  -18.379       3.4532
-294.826  -14.497       3.3445
-294.826  -10.615       2.9832
-294.826   -6.733       2.9832
-294.826   -2.850       2.6268
-294.826    1.032       2.9832
-294.826    4.914       3.2526
-294.826    8.796       2.7598
-294.826   12.678       2.5434
-294.826   16.561       2.7236
-294.826   20.443       2.6268
-294.826   24.325       2.9313
-294.826   28.207       2.8394
-294.826   32.090       2.4478
-294.826   35.972       2.3655
-294.826   39.854       2.2441
-294.826   43.736       2.4262
-294.826   47.618       2.8836
-294.826   51.501       3.2526
-294.826   55.383       3.1028
-294.826   59.265       3.2526
-294.826   63.147       2.5699
-294.826   67.030       2.3466
-294.826   70.912       2.4703
-294.826   74.794       2.4703
-294.826   78.676       2.4478
-294.826   82.558       2.3655
-294.826   86.441       2.4478
-294.826   90.323       2.8394
-294.826   94.205       2.8394
-294.826   98.087       2.7983
-294.826  101.970       2.7598
-294.826  105.852       2.7598
-294.826  109.734       2.3466
-294.826  113.616       2.6268
-294.826  117.498       2.6268
-294.826  121.381       2.0925
-294.826  125.263       1.6793
-294.826  129.145       1.3037
-294.826  133.027       1.4417
-294.826  136.910       1.8468
-294.826  140.792       2.4703
-294.826  144.674       2.8836
-294.826  148.556       3.0400
-294.826  152.438       3.4532
-294.826  156.321       3.7577
-294.826  160.203       4.8259
-294.826  164.085       4.8259
-294.826  167.967       4.8259
-294.826  171.849       4.8259
-294.826  175.732       4.8259
-294.826  179.614       4.8259
-294.826  183.496       4.8259
-294.826  187.378       4.8259
-294.826  191.261       4.8259
-294.826  195.143       4.8259
-294.826  199.025       4.8259
-294.826  202.907       4.8259
-294.826  206.789       4.8259
-294.826  210.672       4.8259
-294.826  214.554       4.8259
-294.826  218.436       4.8259
-294.826  222.318       4.8259
-294.826  226.201       4.8259
-294.826  230.083       4.8259
-294.826  233.965       4.8259
-294.826  237.847       4.8259
-294.826  241.729       4.8259
-294.826  245.612       4.8259
-294.826  249.494       4.8259
-294.826  253.376       4.8259
-294.826  257.258       4.8259
-294.826  261.141       4.8259
-294.826  265.023       4.8259
-291.406 -119.317       3.7577
-291.406 -115.435       4.4127
-291.406 -111.553       2.7598
-291.406 -107.670       2.3655
-291.406 -103.788       2.6896
-291.406  -99.906       3.0400
-291.406  -96.024       4.4127
-291.406  -92.141       4.8259
-291.406  -88.259       2.9832
-291.406  -84.377       3.7577
-291.406  -80.495       4.8259
-291.406  -76.613       4.8259
-291.406  -72.730       4.8259
-291.406  -68.848       4.8259
-291.406  -64.966       4.8259
-291.406  -61.084       4.8259
-291.406  -57.201       4.8259
-291.406  -53.319       4.8259
-291.406  -49.437       4.8259
-291.406  -45.555       4.8259
-291.406  -41.673       4.8259
-291.406  -37.790       4.4127
-291.406  -33.908       4.8259
-291.406  -30.026       4.8259
-291.406  -26.144       4.8259
-291.406  -22.261       3.9995
-291.406  -18.379       3.4532
-291.406  -14.497       2.8836
-291.406  -10.615       3.3445
-291.406   -6.733       3.0400
-291.406   -2.850       4.4127
-291.406    1.032       3.2526
-291.406    4.914       3.2526
-291.406    8.796       2.9832
-291.406   12.678       2.4262
-291.406   16.561       2.8394
-291.406   20.443       2.7598
-291.406   24.325       2.6573
-291.406   28.207       2.8836
-291.406   32.090       2.5699
-291.406   35.972       2.7598
-291.406   39.854       3.0400
-291.406   43.736       2.3655
-291.406   47.618       2.3850
-291.406   51.501       2.3282
-291.406   55.383       2.1433
-291.406   59.265       2.1302
-291.406   63.147       2.1988
-291.406   67.030       2.4262
-291.406   70.912       2.6573
-291.406   74.794       2.7983
-291.406   78.676       2.7983
-291.406   82.558       2.4703
-291.406   86.441       2.8836
-291.406   90.323       4.4127
-291.406   94.205       3.7577
-291.406   98.087       3.9995
-291.406  101.970       3.2526
-291.406  105.852       2.9313
-291.406  109.734       2.8836
-291.406  113.616       2.3655
-291.406  117.498       2.1302
-291.406  121.381       2.0458
-291.406  125.263       1.8468
-291.406  129.145       1.2973
-291.406  133.027       1.0642
-291.406  136.910       1.3103
-291.406  140.792       1.5342
-291.406  144.674       2.0129
-291.406  148.556       2.6573
-291.406  152.438       3.1730
-291.406  156.321       2.7236
-291.406  160.203       3.5862
-291.406  164.085       4.8259
-291.406  167.967       4.8259
-291.406  171.849       4.8259
-291.406  175.732       4.8259
-291.406  179.614       4.8259
-291.406  183.496       4.8259
-291.406  187.378       4.8259
-291.406  191.261       4.8259
-291.406  195.143       4.8259
-291.406  199.025       4.8259
-291.406  202.907       4.8259
-291.406  206.789       4.8259
-291.406  210.672       4.8259
-291.406  214.554       4.8259
-291.406  218.436       4.8259
-291.406  222.318       4.8259
-291.406  226.201       4.8259
-291.406  230.083       4.8259
-291.406  233.965       4.8259
-291.406  237.847       4.8259
-291.406  241.729       4.8259
-291.406  245.612       4.8259
-291.406  249.494       4.8259
-291.406  253.376       4.8259
-291.406  257.258       4.8259
-291.406  261.141       4.8259
-291.406  265.023       4.8259
-287.985 -119.317       3.5862
-287.985 -115.435       3.1028
-287.985 -111.553       2.8394
-287.985 -107.670       2.5699
-287.985 -103.788       2.5699
-287.985  -99.906       3.1730
-287.985  -96.024       4.8259
-287.985  -92.141       4.8259
-287.985  -88.259       4.8259
-287.985  -84.377       4.8259
-287.985  -80.495       4.8259
-287.985  -76.613       4.8259
-287.985  -72.730       4.8259
-287.985  -68.848       4.8259
-287.985  -64.966       4.8259
-287.985  -61.084       4.8259
-287.985  -57.201       4.8259
-287.985  -53.319       4.8259
-287.985  -49.437       4.8259
-287.985  -45.555       4.8259
-287.985  -41.673       4.8259
-287.985  -37.790       4.8259
-287.985  -33.908       4.8259
-287.985  -30.026       4.8259
-287.985  -26.144       4.8259
-287.985  -22.261       4.4127
-287.985  -18.379       4.8259
-287.985  -14.497       3.4532
-287.985  -10.615       3.7577
-287.985   -6.733       4.8259
-287.985   -2.850       4.8259
-287.985    1.032       4.8259
-287.985    4.914       4.8259
-287.985    8.796       2.9832
-287.985   12.678       2.8394
-287.985   16.561       2.6573
-287.985   20.443       3.1028
-287.985   24.325       2.2931
-287.985   28.207       2.1988
-287.985   32.090       2.0687
-287.985   35.972       2.2600
-287.985   39.854       2.4703
-287.985   43.736       2.8394
-287.985   47.618       2.2763
-287.985   51.501       2.2441
-287.985   55.383       2.1433
-287.985   59.265       2.1704
-287.985   63.147       1.9818
-287.985   67.030       2.2441
-287.985   70.912       2.8836
-287.985   74.794       3.3445
-287.985   78.676       3.3445
-287.985   82.558       2.7236
-287.985   86.441       2.9313
-287.985   90.323       3.7577
-287.985   94.205       4.4127
-287.985   98.087       4.8259
-287.985  101.970       4.4127
-287.985  105.852       3.4532
-287.985  109.734       3.1730
-287.985  113.616       2.3655
-287.985  117.498       2.1302
-287.985  121.381       2.1988
-287.985  125.263       2.3104
-287.985  129.145       1.9241
-287.985  133.027       1.3544
-287.985  136.910       1.2165
-287.985  140.792       1.3509
-287.985  144.674       1.5109
-287.985  148.556       1.8388
-287.985  152.438       2.5434
-287.985  156.321       2.7598
-287.985  160.203       3.3445
-287.985  164.085       4.8259
-287.985  167.967       4.8259
-287.985  171.849       4.8259
-287.985  175.732       4.8259
-287.985  179.614       4.8259
-287.985  183.496       4.8259
-287.985  187.378       4.8259
-287.985  191.261       4.8259
-287.985  195.143       4.8259
-287.985  199.025       4.8259
-287.985  202.907       4.8259
-287.985  206.789       4.8259
-287.985  210.672       4.8259
-287.985  214.554       4.8259
-287.985  218.436       4.8259
-287.985  222.318       4.8259
-287.985  226.201       4.8259
-287.985  230.083       4.8259
-287.985  233.965       4.8259
-287.985  237.847       4.8259
-287.985  241.729       4.8259
-287.985  245.612       4.8259
-287.985  249.494       4.8259
-287.985  253.376       4.8259
-287.985  257.258       4.8259
-287.985  261.141       4.8259
-287.985  265.023       4.8259
-284.565 -119.317       4.4127
-284.565 -115.435       3.4532
-284.565 -111.553       3.1730
-284.565 -107.670       2.6573
-284.565 -103.788       2.6268
-284.565  -99.906       4.8259
-284.565  -96.024       4.8259
-284.565  -92.141       4.8259
-284.565  -88.259       4.8259
-284.565  -84.377       4.8259
-284.565  -80.495       4.8259
-284.565  -76.613       4.8259
-284.565  -72.730       4.8259
-284.565  -68.848       4.8259
-284.565  -64.966       4.8259
-284.565  -61.084       4.8259
-284.565  -57.201       4.8259
-284.565  -53.319       4.8259
-284.565  -49.437       4.8259
-284.565  -45.555       4.8259
-284.565  -41.673       4.8259
-284.565  -37.790       4.8259
-284.565  -33.908       4.8259
-284.565  -30.026       4.8259
-284.565  -26.144       4.8259
-284.565  -22.261       4.8259
-284.565  -18.379       4.8259
-284.565  -14.497       4.8259
-284.565  -10.615       4.8259
-284.565   -6.733       4.8259
-284.565   -2.850       4.8259
-284.565    1.032       4.8259
-284.565    4.914       4.8259
-284.565    8.796       3.5862
-284.565   12.678       3.0400
-284.565   16.561       3.5862
-284.565   20.443       3.0400
-284.565   24.325       2.2763
-284.565   28.207       2.1174
-284.565   32.090       1.9333
-284.565   35.972       1.9427
-284.565   39.854       2.2135
-284.565   43.736       1.8972
-284.565   47.618       2.0687
-284.565   51.501       2.0346
-284.565   55.383       2.2763
-284.565   59.265       2.2286
-284.565   63.147       2.5434
-284.565   67.030       3.1028
-284.565   70.912       2.9832
-284.565   74.794       3.1028
-284.565   78.676       2.7598
-284.565   82.558       2.6573
-284.565   86.441       2.4262
-284.565   90.323       3.1730
-284.565   94.205       3.7577
-284.565   98.087       3.5862
-284.565  101.970       3.5862
-284.565  105.852       3.5862
-284.565  109.734       3.1730
-284.565  113.616       3.0400
-284.565  117.498       2.2763
-284.565  121.381       2.3850
-284.565  125.263       2.5699
-284.565  129.145       2.4937
-284.565  133.027       2.0571
-284.565  136.910       1.4499
-284.565  140.792       1.2082
-284.565  144.674       1.1972
-284.565  148.556       1.4335
-284.565  152.438       1.7367
-284.565  156.321       2.5977
-284.565  160.203       2.9832
-284.565  164.085       4.8259
-284.565  167.967       4.8259
-284.565  171.849       4.8259
-284.565  175.732       4.8259
-284.565  179.614       4.8259
-284.565  183.496       4.8259
-284.565  187.378       4.8259
-284.565  191.261       4.8259
-284.565  195.143       4.8259
-284.565  199.025       4.8259
-284.565  202.907       4.8259
-284.565  206.789       4.8259
-284.565  210.672       4.8259
-284.565  214.554       4.8259
-284.565  218.436       4.8259
-284.565  222.318       4.8259
-284.565  226.201       4.8259
-284.565  230.083       4.8259
-284.565  233.965       4.8259
-284.565  237.847       4.8259
-284.565  241.729       4.8259
-284.565  245.612       4.8259
-284.565  249.494       4.8259
-284.565  253.376       4.8259
-284.565  257.258       4.8259
-284.565  261.141       4.8259
-284.565  265.023       4.8259
-281.144 -119.317       4.4127
-281.144 -115.435       4.4127
-281.144 -111.553       3.2526
-281.144 -107.670       2.9313
-281.144 -103.788       3.5862
-281.144  -99.906       4.8259
-281.144  -96.024       4.8259
-281.144  -92.141       4.8259
-281.144  -88.259       4.8259
-281.144  -84.377       4.8259
-281.144  -80.495       4.8259
-281.144  -76.613       4.8259
-281.144  -72.730       4.8259
-281.144  -68.848       4.8259
-281.144  -64.966       4.8259
-281.144  -61.084       4.8259
-281.144  -57.201       4.8259
-281.144  -53.319       4.8259
-281.144  -49.437       4.8259
-281.144  -45.555       4.8259
-281.144  -41.673       4.8259
-281.144  -37.790       4.8259
-281.144  -33.908       4.8259
-281.144  -30.026       4.8259
-281.144  -26.144       4.8259
-281.144  -22.261       4.8259
-281.144  -18.379       4.8259
-281.144  -14.497       4.8259
-281.144  -10.615       4.8259
-281.144   -6.733       4.8259
-281.144   -2.850       4.8259
-281.144    1.032       4.8259
-281.144    4.914       4.8259
-281.144    8.796       4.4127
-281.144   12.678       3.7577
-281.144   16.561       4.4127
-281.144   20.443       3.7577
-281.144   24.325       2.4937
-281.144   28.207       2.5434
-281.144   32.090       2.3850
-281.144   35.972       2.3850
-281.144   39.854       2.2441
-281.144   43.736       2.2135
-281.144   47.618       2.0346
-281.144   51.501       2.1567
-281.144   55.383       2.3104
-281.144   59.265       2.7983
-281.144   63.147       3.2526
-281.144   67.030       3.4532
-281.144   70.912       3.3445
-281.144   74.794       2.9832
-281.144   78.676       2.5699
-281.144   82.558       2.5699
-281.144   86.441       2.4478
-281.144   90.323       2.6573
-281.144   94.205       2.8394
-281.144   98.087       3.0400
-281.144  101.970       3.0400
-281.144  105.852       3.4532
-281.144  109.734       4.8259
-281.144  113.616       3.5862
-281.144  117.498       3.0400
-281.144  121.381       2.9313
-281.144  125.263       3.1028
-281.144  129.145       3.4532
-281.144  133.027       2.6573
-281.144  136.910       1.8078
-281.144  140.792       1.3723
-281.144  144.674       1.3037
-281.144  148.556       1.2393
-281.144  152.438       1.3908
-281.144  156.321       1.9920
-281.144  160.203       3.3445
-281.144  164.085       4.8259
-281.144  167.967       4.8259
-281.144  171.849       4.8259
-281.144  175.732       4.8259
-281.144  179.614       4.8259
-281.144  183.496       4.8259
-281.144  187.378       4.8259
-281.144  191.261       4.8259
-281.144  195.143       4.8259
-281.144  199.025       4.8259
-281.144  202.907       4.8259
-281.144  206.789       4.8259
-281.144  210.672       4.8259
-281.144  214.554       4.8259
-281.144  218.436       4.8259
-281.144  222.318       4.8259
-281.144  226.201       4.8259
-281.144  230.083       4.8259
-281.144  233.965       4.8259
-281.144  237.847       4.8259
-281.144  241.729       4.8259
-281.144  245.612       4.8259
-281.144  249.494       4.8259
-281.144  253.376       4.8259
-281.144  257.258       4.8259
-281.144  261.141       4.8259
-281.144  265.023       4.8259
-277.724 -119.317       4.8259
-277.724 -115.435       4.4127
-277.724 -111.553       4.4127
-277.724 -107.670       3.3445
-277.724 -103.788       3.5862
-277.724  -99.906       4.8259
-277.724  -96.024       4.8259
-277.724  -92.141       4.8259
-277.724  -88.259       4.8259
-277.724  -84.377       4.8259
-277.724  -80.495       4.8259
-277.724  -76.613       4.8259
-277.724  -72.730       4.8259
-277.724  -68.848       4.8259
-277.724  -64.966       4.8259
-277.724  -61.084       4.8259
-277.724  -57.201       4.8259
-277.724  -53.319       4.8259
-277.724  -49.437       4.8259
-277.724  -45.555       4.8259
-277.724  -41.673       4.8259
-277.724  -37.790       4.8259
-277.724  -33.908       4.8259
-277.724  -30.026       4.8259
-277.724  -26.144       4.8259
-277.724  -22.261       4.8259
-277.724  -18.379       4.8259
-277.724  -14.497       4.8259
-277.724  -10.615       4.8259
-277.724   -6.733       4.8259
-277.724   -2.850       4.8259
-277.724    1.032       4.8259
-277.724    4.914       4.8259
-277.724    8.796       4.8259
-277.724   12.678       4.4127
-277.724   16.561       3.9995
-277.724   20.443       3.1028
-277.724   24.325       2.7236
-277.724   28.207       2.6896
-277.724   32.090       2.7598
-277.724   35.972       2.2763
-277.724   39.854       2.3282
-277.724   43.736       2.4703
-277.724   47.618       2.3282
-277.724   51.501       2.2135
-277.724   55.383       2.3466
-277.724   59.265       2.4478
-277.724   63.147       2.7983
-277.724   67.030       3.5862
-277.724   70.912       3.4532
-277.724   74.794       2.7598
-277.724   78.676       2.2763
-277.724   82.558       2.1048
-277.724   86.441       1.9920
-277.724   90.323       2.3282
-277.724   94.205       2.3104
-277.724   98.087       2.5434
-277.724  101.970       3.1028
-277.724  105.852       3.4532
-277.724  109.734       3.5862
-277.724  113.616       3.7577
-277.724  117.498       3.5862
-277.724  121.381       3.1730
-277.724  125.263       3.9995
-277.724  129.145       3.4532
-277.724  133.027       3.3445
-277.724  136.910       2.5181
-277.724  140.792       2.1567
-277.724  144.674       1.5788
-277.724  148.556       1.4458
-277.724  152.438       1.0840
-277.724  156.321       1.3269
-277.724  160.203       1.8549
-277.724  164.085       2.8836
-277.724  167.967       3.1730
-277.724  171.849       4.8259
-277.724  175.732       4.8259
-277.724  179.614       4.8259
-277.724  183.496       4.8259
-277.724  187.378       4.8259
-277.724  191.261       4.8259
-277.724  195.143       4.8259
-277.724  199.025       4.8259
-277.724  202.907       4.8259
-277.724  206.789       4.8259
-277.724  210.672       4.8259
-277.724  214.554       4.8259
-277.724  218.436       4.8259
-277.724  222.318       4.8259
-277.724  226.201       4.8259
-277.724  230.083       4.8259
-277.724  233.965       4.8259
-277.724  237.847       4.8259
-277.724  241.729       4.8259
-277.724  245.612       4.8259
-277.724  249.494       4.8259
-277.724  253.376       4.8259
-277.724  257.258       4.8259
-277.724  261.141       4.8259
-277.724  265.023       4.8259
-274.304 -119.317       4.8259
-274.304 -115.435       4.8259
-274.304 -111.553       4.8259
-274.304 -107.670       4.8259
-274.304 -103.788       4.8259
-274.304  -99.906       4.8259
-274.304  -96.024       4.8259
-274.304  -92.141       4.8259
-274.304  -88.259       4.8259
-274.304  -84.377       4.8259
-274.304  -80.495       4.8259
-274.304  -76.613       4.8259
-274.304  -72.730       4.8259
-274.304  -68.848       4.8259
-274.304  -64.966       4.8259
-274.304  -61.084       4.8259
-274.304  -57.201       4.8259
-274.304  -53.319       4.8259
-274.304  -49.437       4.8259
-274.304  -45.555       4.8259
-274.304  -41.673       4.8259
-274.304  -37.790       4.8259
-274.304  -33.908       4.8259
-274.304  -30.026       4.8259
-274.304  -26.144       4.8259
-274.304  -22.261       4.8259
-274.304  -18.379       4.8259
-274.304  -14.497       4.8259
-274.304  -10.615       4.8259
-274.304   -6.733       4.8259
-274.304   -2.850       4.8259
-274.304    1.032       4.8259
-274.304    4.914       4.8259
-274.304    8.796       4.8259
-274.304   12.678       4.8259
-274.304   16.561       3.9995
-274.304   20.443       3.9995
-274.304   24.325       2.7983
-274.304   28.207       2.6573
-274.304   32.090       2.8394
-274.304   35.972       2.6573
-274.304   39.854       2.4262
-274.304   43.736       2.7236
-274.304   47.618       2.7983
-274.304   51.501       2.8394
-274.304   55.383       2.4262
-274.304   59.265       2.1048
-274.304   63.147       2.4262
-274.304   67.030       2.9313
-274.304   70.912       3.0400
-274.304   74.794       3.2526
-274.304   78.676       2.4478
-274.304   82.558       2.0571
-274.304   86.441       1.8885
-274.304   90.323       2.1048
-274.304   94.205       2.3850
-274.304   98.087       2.7598
-274.304  101.970       2.5977
-274.304  105.852       3.4532
-274.304  109.734       3.5862
-274.304  113.616       3.3445
-274.304  117.498       4.4127
-274.304  121.381       3.5862
-274.304  125.263       3.2526
-274.304  129.145       3.1028
-274.304  133.027       3.1730
-274.304  136.910       2.5181
-274.304  140.792       2.3282
-274.304  144.674       2.2931
-274.304  148.556       1.6733
-274.304  152.438       1.2600
-274.304  156.321       1.0264
-274.304  160.203       1.3235
-274.304  164.085       1.8078
-274.304  167.967       2.6268
-274.304  171.849       3.2526
-274.304  175.732       4.8259
-274.304  179.614       4.8259
-274.304  183.496       4.8259
-274.304  187.378       4.8259
-274.304  191.261       4.8259
-274.304  195.143       4.8259
-274.304  199.025       4.8259
-274.304  202.907       4.8259
-274.304  206.789       4.8259
-274.304  210.672       4.8259
-274.304  214.554       4.8259
-274.304  218.436       4.8259
-274.304  222.318       4.8259
-274.304  226.201       4.8259
-274.304  230.083       4.8259
-274.304  233.965       4.8259
-274.304  237.847       4.8259
-274.304  241.729       4.8259
-274.304  245.612       4.8259
-274.304  249.494       4.8259
-274.304  253.376       4.8259
-274.304  257.258       4.8259
-274.304  261.141       4.8259
-274.304  265.023       4.8259
-270.883 -119.317       4.8259
-270.883 -115.435       4.8259
-270.883 -111.553       4.8259
-270.883 -107.670       4.8259
-270.883 -103.788       4.8259
-270.883  -99.906       4.8259
-270.883  -96.024       4.8259
-270.883  -92.141       4.8259
-270.883  -88.259       4.8259
-270.883  -84.377       4.8259
-270.883  -80.495       4.8259
-270.883  -76.613       4.8259
-270.883  -72.730       4.8259
-270.883  -68.848       4.8259
-270.883  -64.966       4.8259
-270.883  -61.084       4.8259
-270.883  -57.201       4.8259
-270.883  -53.319       4.8259
-270.883  -49.437       4.8259
-270.883  -45.555       4.8259
-270.883  -41.673       4.8259
-270.883  -37.790       4.8259
-270.883  -33.908       4.8259
-270.883  -30.026       4.8259
-270.883  -26.144       4.8259
-270.883  -22.261       4.8259
-270.883  -18.379       4.8259
-270.883  -14.497       4.8259
-270.883  -10.615       4.8259
-270.883   -6.733       4.8259
-270.883   -2.850       4.8259
-270.883    1.032       4.8259
-270.883    4.914       4.8259
-270.883    8.796       4.8259
-270.883   12.678       3.7577
-270.883   16.561       3.4532
-270.883   20.443       3.4532
-270.883   24.325       3.2526
-270.883   28.207       2.6896
-270.883   32.090       2.9313
-270.883   35.972       2.6896
-270.883   39.854       2.6896
-270.883   43.736       2.9313
-270.883   47.618       3.2526
-270.883   51.501       3.1028
-270.883   55.383       2.8394
-270.883   59.265       2.7983
-270.883   63.147       2.4703
-270.883   67.030       2.4478
-270.883   70.912       2.7236
-270.883   74.794       3.0400
-270.883   78.676       2.4703
-270.883   82.558       2.1174
-270.883   86.441       2.0805
-270.883   90.323       2.1567
-270.883   94.205       2.4703
-270.883   98.087       2.6896
-270.883  101.970       2.9313
-270.883  105.852       2.7983
-270.883  109.734       3.7577
-270.883  113.616       3.4532
-270.883  117.498       4.4127
-270.883  121.381       3.2526
-270.883  125.263       2.6573
-270.883  129.145       2.4937
-270.883  133.027       2.8394
-270.883  136.910       3.3445
-270.883  140.792       2.2286
-270.883  144.674       2.3466
-270.883  148.556       2.0687
-270.883  152.438       1.4295
-270.883  156.321       1.2250
-270.883  160.203       1.0429
-270.883  164.085       1.1865
-270.883  167.967       1.7783
-270.883  171.849       2.2763
-270.883  175.732       3.7577
-270.883  179.614       4.8259
-270.883  183.496       4.8259
-270.883  187.378       4.8259
-270.883  191.261       4.8259
-270.883  195.143       4.8259
-270.883  199.025       4.8259
-270.883  202.907       4.8259
-270.883  206.789       4.8259
-270.883  210.672       4.8259
-270.883  214.554       4.8259
-270.883  218.436       4.8259
-270.883  222.318       4.8259
-270.883  226.201       4.8259
-270.883  230.083       4.8259
-270.883  233.965       4.8259
-270.883  237.847       4.8259
-270.883  241.729       4.8259
-270.883  245.612       4.8259
-270.883  249.494       4.8259
-270.883  253.376       4.8259
-270.883  257.258       4.8259
-270.883  261.141       4.8259
-270.883  265.023       4.8259
-267.463 -119.317       4.8259
-267.463 -115.435       4.8259
-267.463 -111.553       4.8259
-267.463 -107.670       4.8259
-267.463 -103.788       4.8259
-267.463  -99.906       4.8259
-267.463  -96.024       4.8259
-267.463  -92.141       4.8259
-267.463  -88.259       4.8259
-267.463  -84.377       4.8259
-267.463  -80.495       4.8259
-267.463  -76.613       4.8259
-267.463  -72.730       4.8259
-267.463  -68.848       4.8259
-267.463  -64.966       4.8259
-267.463  -61.084       4.8259
-267.463  -57.201       4.8259
-267.463  -53.319       4.8259
-267.463  -49.437       4.8259
-267.463  -45.555       4.8259
-267.463  -41.673       4.8259
-267.463  -37.790       4.8259
-267.463  -33.908       4.8259
-267.463  -30.026       4.8259
-267.463  -26.144       4.8259
-267.463  -22.261       4.8259
-267.463  -18.379       4.8259
-267.463  -14.497       4.8259
-267.463  -10.615       4.8259
-267.463   -6.733       4.8259
-267.463   -2.850       4.8259
-267.463    1.032       4.8259
-267.463    4.914       4.8259
-267.463    8.796       4.8259
-267.463   12.678       4.8259
-267.463   16.561       3.7577
-267.463   20.443       3.4532
-267.463   24.325       3.9995
-267.463   28.207       3.2526
-267.463   32.090       3.3445
-267.463   35.972       2.7598
-267.463   39.854       2.4937
-267.463   43.736       2.4703
-267.463   47.618       3.3445
-267.463   51.501       2.7983
-267.463   55.383       3.1028
-267.463   59.265       2.9832
-267.463   63.147       2.6896
-267.463   67.030       2.6268
-267.463   70.912       2.6268
-267.463   74.794       2.7236
-267.463   78.676       2.5977
-267.463   82.558       2.3104
-267.463   86.441       2.3850
-267.463   90.323       2.1704
-267.463   94.205       2.3282
-267.463   98.087       2.8836
-267.463  101.970       2.3850
-267.463  105.852       2.3104
-267.463  109.734       2.7236
-267.463  113.616       2.6573
-267.463  117.498       2.6573
-267.463  121.381       2.8836
-267.463  125.263       2.7983
-267.463  129.145       2.3104
-267.463  133.027       2.5434
-267.463  136.910       2.6573
-267.463  140.792       2.1433
-267.463  144.674       2.0237
-267.463  148.556       2.3655
-267.463  152.438       1.5892
-267.463  156.321       1.3103
-267.463  160.203       1.0885
-267.463  164.085       0.9591
-267.463  167.967       1.3037
-267.463  171.849       1.9920
-267.463  175.732       3.1730
-267.463  179.614       3.9995
-267.463  183.496       4.8259
-267.463  187.378       4.8259
-267.463  191.261       4.8259
-267.463  195.143       4.8259
-267.463  199.025       4.8259
-267.463  202.907       4.8259
-267.463  206.789       4.8259
-267.463  210.672       4.8259
-267.463  214.554       4.8259
-267.463  218.436       4.8259
-267.463  222.318       4.8259
-267.463  226.201       4.8259
-267.463  230.083       4.8259
-267.463  233.965       4.8259
-267.463  237.847       4.8259
-267.463  241.729       4.8259
-267.463  245.612       4.8259
-267.463  249.494       4.8259
-267.463  253.376       4.8259
-267.463  257.258       4.8259
-267.463  261.141       4.8259
-267.463  265.023       4.8259
-264.043 -119.317       4.8259
-264.043 -115.435       4.8259
-264.043 -111.553       4.8259
-264.043 -107.670       4.8259
-264.043 -103.788       4.8259
-264.043  -99.906       4.8259
-264.043  -96.024       4.8259
-264.043  -92.141       4.8259
-264.043  -88.259       4.8259
-264.043  -84.377       4.8259
-264.043  -80.495       4.8259
-264.043  -76.613       4.8259
-264.043  -72.730       4.8259
-264.043  -68.848       4.8259
-264.043  -64.966       4.8259
-264.043  -61.084       4.8259
-264.043  -57.201       4.8259
-264.043  -53.319       4.8259
-264.043  -49.437       4.8259
-264.043  -45.555       4.8259
-264.043  -41.673       4.8259
-264.043  -37.790       4.8259
-264.043  -33.908       4.8259
-264.043  -30.026       4.8259
-264.043  -26.144       4.8259
-264.043  -22.261       4.8259
-264.043  -18.379       4.8259
-264.043  -14.497       4.8259
-264.043  -10.615       4.8259
-264.043   -6.733       4.8259
-264.043   -2.850       4.8259
-264.043    1.032       4.8259
-264.043    4.914       4.8259
-264.043    8.796       4.8259
-264.043   12.678       4.8259
-264.043   16.561       4.8259
-264.043   20.443       3.9995
-264.043   24.325       4.8259
-264.043   28.207       3.4532
-264.043   32.090       2.9832
-264.043   35.972       3.2526
-264.043   39.854       2.7983
-264.043   43.736       3.1730
-264.043   47.618       3.9995
-264.043   51.501       3.5862
-264.043   55.383       3.4532
-264.043   59.265       3.2526
-264.043   63.147       3.2526
-264.043   67.030       3.7577
-264.043   70.912       3.9995
-264.043   74.794       3.0400
-264.043   78.676       2.5977
-264.043   82.558       2.3850
-264.043   86.441       2.2763
-264.043   90.323       2.3466
-264.043   94.205       2.2763
-264.043   98.087       2.6896
-264.043  101.970       3.1028
-264.043  105.852       2.4703
-264.043  109.734       2.3850
-264.043  113.616       2.4703
-264.043  117.498       2.5977
-264.043  121.381       2.4262
-264.043  125.263       2.4703
-264.043  129.145       2.6268
-264.043  133.027       2.8394
-264.043  136.910       2.3655
-264.043  140.792       2.5181
-264.043  144.674       2.1174
-264.043  148.556       2.2600
-264.043  152.438       1.9060
-264.043  156.321       1.4216
-264.043  160.203       1.2422
-264.043  164.085       1.2600
-264.043  167.967       1.3302
-264.043  171.849       1.9427
-264.043  175.732       2.5699
-264.043  179.614       3.1730
-264.043  183.496       4.4127
-264.043  187.378       4.8259
-264.043  191.261       4.8259
-264.043  195.143       4.8259
-264.043  199.025       4.8259
-264.043  202.907       4.8259
-264.043  206.789       4.8259
-264.043  210.672       4.8259
-264.043  214.554       4.8259
-264.043  218.436       4.8259
-264.043  222.318       4.8259
-264.043  226.201       4.8259
-264.043  230.083       4.8259
-264.043  233.965       4.8259
-264.043  237.847       4.8259
-264.043  241.729       4.8259
-264.043  245.612       4.8259
-264.043  249.494       4.8259
-264.043  253.376       4.8259
-264.043  257.258       4.8259
-264.043  261.141       4.8259
-264.043  265.023       4.8259
-260.622 -119.317       4.8259
-260.622 -115.435       4.8259
-260.622 -111.553       4.8259
-260.622 -107.670       4.8259
-260.622 -103.788       4.8259
-260.622  -99.906       4.8259
-260.622  -96.024       4.8259
-260.622  -92.141       4.8259
-260.622  -88.259       4.8259
-260.622  -84.377       4.8259
-260.622  -80.495       4.8259
-260.622  -76.613       4.8259
-260.622  -72.730       4.8259
-260.622  -68.848       4.8259
-260.622  -64.966       4.8259
-260.622  -61.084       4.8259
-260.622  -57.201       4.8259
-260.622  -53.319       4.8259
-260.622  -49.437       4.8259
-260.622  -45.555       4.8259
-260.622  -41.673       4.8259
-260.622  -37.790       4.8259
-260.622  -33.908       4.8259
-260.622  -30.026       4.8259
-260.622  -26.144       4.8259
-260.622  -22.261       4.8259
-260.622  -18.379       4.8259
-260.622  -14.497       4.8259
-260.622  -10.615       4.8259
-260.622   -6.733       4.8259
-260.622   -2.850       4.8259
-260.622    1.032       4.8259
-260.622    4.914       4.8259
-260.622    8.796       4.8259
-260.622   12.678       4.8259
-260.622   16.561       4.8259
-260.622   20.443       4.8259
-260.622   24.325       4.8259
-260.622   28.207       4.8259
-260.622   32.090       3.3445
-260.622   35.972       3.1730
-260.622   39.854       3.2526
-260.622   43.736       2.8836
-260.622   47.618       3.9995
-260.622   51.501       3.5862
-260.622   55.383       3.0400
-260.622   59.265       3.1028
-260.622   63.147       3.2526
-260.622   67.030       3.9995
-260.622   70.912       2.9832
-260.622   74.794       2.9313
-260.622   78.676       2.6896
-260.622   82.558       2.4052
-260.622   86.441       2.4703
-260.622   90.323       2.3466
-260.622   94.205       2.7236
-260.622   98.087       2.6268
-260.622  101.970       2.6896
-260.622  105.852       2.3466
-260.622  109.734       2.4478
-260.622  113.616       2.2763
-260.622  117.498       2.2135
-260.622  121.381       2.1844
-260.622  125.263       2.5434
-260.622  129.145       2.3104
-260.622  133.027       2.5181
-260.622  136.910       2.3655
-260.622  140.792       2.4937
-260.622  144.674       3.0400
-260.622  148.556       2.7236
-260.622  152.438       2.0346
-260.622  156.321       1.6555
-260.622  160.203       1.5248
-260.622  164.085       1.1554
-260.622  167.967       1.1429
-260.622  171.849       1.3946
-260.622  175.732       2.0687
-260.622  179.614       2.8394
-260.622  183.496       3.9995
-260.622  187.378       3.7577
-260.622  191.261       3.9995
-260.622  195.143       4.8259
-260.622  199.025       4.8259
-260.622  202.907       4.8259
-260.622  206.789       4.8259
-260.622  210.672       4.8259
-260.622  214.554       4.8259
-260.622  218.436       4.8259
-260.622  222.318       4.8259
-260.622  226.201       4.8259
-260.622  230.083       4.8259
-260.622  233.965       4.8259
-260.622  237.847       4.8259
-260.622  241.729       4.8259
-260.622  245.612       4.8259
-260.622  249.494       4.8259
-260.622  253.376       4.8259
-260.622  257.258       4.8259
-260.622  261.141       4.8259
-260.622  265.023       4.8259
-257.202 -119.317       4.8259
-257.202 -115.435       4.8259
-257.202 -111.553       4.8259
-257.202 -107.670       4.8259
-257.202 -103.788       4.8259
-257.202  -99.906       4.8259
-257.202  -96.024       4.8259
-257.202  -92.141       4.8259
-257.202  -88.259       4.8259
-257.202  -84.377       4.8259
-257.202  -80.495       4.8259
-257.202  -76.613       4.8259
-257.202  -72.730       4.8259
-257.202  -68.848       4.8259
-257.202  -64.966       4.8259
-257.202  -61.084       4.8259
-257.202  -57.201       4.8259
-257.202  -53.319       4.8259
-257.202  -49.437       4.8259
-257.202  -45.555       4.8259
-257.202  -41.673       4.8259
-257.202  -37.790       4.8259
-257.202  -33.908       4.8259
-257.202  -30.026       4.8259
-257.202  -26.144       4.8259
-257.202  -22.261       4.8259
-257.202  -18.379       4.8259
-257.202  -14.497       4.8259
-257.202  -10.615       4.8259
-257.202   -6.733       4.8259
-257.202   -2.850       4.8259
-257.202    1.032       4.8259
-257.202    4.914       4.8259
-257.202    8.796       4.8259
-257.202   12.678       4.8259
-257.202   16.561       4.8259
-257.202   20.443       4.8259
-257.202   24.325       4.8259
-257.202   28.207       4.8259
-257.202   32.090       3.9995
-257.202   35.972       2.9313
-257.202   39.854       2.7983
-257.202   43.736       3.4532
-257.202   47.618       3.4532
-257.202   51.501       3.5862
-257.202   55.383       3.3445
-257.202   59.265       3.0400
-257.202   63.147       2.9313
-257.202   67.030       2.7983
-257.202   70.912       2.5181
-257.202   74.794       2.6896
-257.202   78.676       2.4052
-257.202   82.558       2.5699
-257.202   86.441       2.5181
-257.202   90.323       2.2600
-257.202   94.205       2.2286
-257.202   98.087       2.3850
-257.202  101.970       2.1174
-257.202  105.852       2.5699
-257.202  109.734       2.2600
-257.202  113.616       2.2286
-257.202  117.498       1.9818
-257.202  121.381       1.9818
-257.202  125.263       2.2135
-257.202  129.145       2.2600
-257.202  133.027       2.7236
-257.202  136.910       2.3655
-257.202  140.792       2.4937
-257.202  144.674       3.3445
-257.202  148.556       3.1028
-257.202  152.438       2.7236
-257.202  156.321       1.7783
-257.202  160.203       1.8003
-257.202  164.085       1.2878
-257.202  167.967       1.1331
-257.202  171.849       1.1503
-257.202  175.732       1.4255
-257.202  179.614       2.0687
-257.202  183.496       3.4532
-257.202  187.378       3.7577
-257.202  191.261       2.7983
-257.202  195.143       4.4127
-257.202  199.025       4.8259
-257.202  202.907       4.8259
-257.202  206.789       4.8259
-257.202  210.672       4.8259
-257.202  214.554       4.8259
-257.202  218.436       4.8259
-257.202  222.318       4.8259
-257.202  226.201       4.8259
-257.202  230.083       4.8259
-257.202  233.965       4.8259
-257.202  237.847       4.8259
-257.202  241.729       4.8259
-257.202  245.612       4.8259
-257.202  249.494       4.8259
-257.202  253.376       4.8259
-257.202  257.258       4.8259
-257.202  261.141       4.8259
-257.202  265.023       4.8259
-253.782 -119.317       4.8259
-253.782 -115.435       4.8259
-253.782 -111.553       4.8259
-253.782 -107.670       4.8259
-253.782 -103.788       4.8259
-253.782  -99.906       4.8259
-253.782  -96.024       4.8259
-253.782  -92.141       4.8259
-253.782  -88.259       4.8259
-253.782  -84.377       4.8259
-253.782  -80.495       4.8259
-253.782  -76.613       4.8259
-253.782  -72.730       4.8259
-253.782  -68.848       4.8259
-253.782  -64.966       4.8259
-253.782  -61.084       4.8259
-253.782  -57.201       4.8259
-253.782  -53.319       4.8259
-253.782  -49.437       4.8259
-253.782  -45.555       4.8259
-253.782  -41.673       4.8259
-253.782  -37.790       4.8259
-253.782  -33.908       4.8259
-253.782  -30.026       4.8259
-253.782  -26.144       4.8259
-253.782  -22.261       4.8259
-253.782  -18.379       4.8259
-253.782  -14.497       4.8259
-253.782  -10.615       4.8259
-253.782   -6.733       4.8259
-253.782   -2.850       4.8259
-253.782    1.032       4.8259
-253.782    4.914       4.8259
-253.782    8.796       4.8259
-253.782   12.678       4.8259
-253.782   16.561       4.8259
-253.782   20.443       4.8259
-253.782   24.325       4.8259
-253.782   28.207       4.8259
-253.782   32.090       4.8259
-253.782   35.972       4.4127
-253.782   39.854       3.3445
-253.782   43.736       3.1730
-253.782   47.618       4.4127
-253.782   51.501       3.4532
-253.782   55.383       2.9832
-253.782   59.265       2.6573
-253.782   63.147       2.4703
-253.782   67.030       2.3282
-253.782   70.912       2.1302
-253.782   74.794       2.2600
-253.782   78.676       2.0024
-253.782   82.558       2.4052
-253.782   86.441       2.3850
-253.782   90.323       2.4937
-253.782   94.205       2.3850
-253.782   98.087       2.6268
-253.782  101.970       2.1174
-253.782  105.852       2.3655
-253.782  109.734       2.5181
-253.782  113.616       2.0925
-253.782  117.498       2.2441
-253.782  121.381       2.1704
-253.782  125.263       2.1844
-253.782  129.145       2.5181
-253.782  133.027       2.2135
-253.782  136.910       2.4937
-253.782  140.792       2.5977
-253.782  144.674       2.9832
-253.782  148.556       3.5862
-253.782  152.438       2.7598
-253.782  156.321       2.3104
-253.782  160.203       2.1433
-253.782  164.085       1.6104
-253.782  167.967       1.3723
-253.782  171.849       1.1865
-253.782  175.732       1.2027
-253.782  179.614       1.6269
-253.782  183.496       2.3104
-253.782  187.378       2.9313
-253.782  191.261       2.1844
-253.782  195.143       3.4532
-253.782  199.025       3.9995
-253.782  202.907       4.8259
-253.782  206.789       4.8259
-253.782  210.672       4.8259
-253.782  214.554       4.8259
-253.782  218.436       4.8259
-253.782  222.318       4.8259
-253.782  226.201       4.8259
-253.782  230.083       4.8259
-253.782  233.965       4.8259
-253.782  237.847       4.8259
-253.782  241.729       4.8259
-253.782  245.612       4.8259
-253.782  249.494       4.8259
-253.782  253.376       4.8259
-253.782  257.258       4.8259
-253.782  261.141       4.8259
-253.782  265.023       4.8259
-250.361 -119.317       4.8259
-250.361 -115.435       4.8259
-250.361 -111.553       4.8259
-250.361 -107.670       4.8259
-250.361 -103.788       4.8259
-250.361  -99.906       4.8259
-250.361  -96.024       4.8259
-250.361  -92.141       4.8259
-250.361  -88.259       4.8259
-250.361  -84.377       4.8259
-250.361  -80.495       4.8259
-250.361  -76.613       4.8259
-250.361  -72.730       4.8259
-250.361  -68.848       4.8259
-250.361  -64.966       4.8259
-250.361  -61.084       4.8259
-250.361  -57.201       4.8259
-250.361  -53.319       4.8259
-250.361  -49.437       4.8259
-250.361  -45.555       4.8259
-250.361  -41.673       4.8259
-250.361  -37.790       4.8259
-250.361  -33.908       4.8259
-250.361  -30.026       4.8259
-250.361  -26.144       4.8259
-250.361  -22.261       4.8259
-250.361  -18.379       4.8259
-250.361  -14.497       4.8259
-250.361  -10.615       4.8259
-250.361   -6.733       4.8259
-250.361   -2.850       4.8259
-250.361    1.032       4.8259
-250.361    4.914       4.8259
-250.361    8.796       4.8259
-250.361   12.678       4.8259
-250.361   16.561       4.8259
-250.361   20.443       4.8259
-250.361   24.325       4.8259
-250.361   28.207       4.8259
-250.361   32.090       4.8259
-250.361   35.972       4.8259
-250.361   39.854       4.4127
-250.361   43.736       3.9995
-250.361   47.618       3.3445
-250.361   51.501       3.5862
-250.361   55.383       2.9832
-250.361   59.265       2.4262
-250.361   63.147       2.6268
-250.361   67.030       2.4052
-250.361   70.912       2.5181
-250.361   74.794       2.6268
-250.361   78.676       2.1844
-250.361   82.558       2.1567
-250.361   86.441       2.3655
-250.361   90.323       2.3104
-250.361   94.205       2.5434
-250.361   98.087       2.6268
-250.361  101.970       2.3655
-250.361  105.852       2.4262
-250.361  109.734       2.9313
-250.361  113.616       2.5181
-250.361  117.498       2.4262
-250.361  121.381       2.4937
-250.361  125.263       2.7983
-250.361  129.145       2.4052
-250.361  133.027       2.0925
-250.361  136.910       2.1704
-250.361  140.792       2.3104
-250.361  144.674       2.4937
-250.361  148.556       2.8836
-250.361  152.438       3.5862
-250.361  156.321       2.5181
-250.361  160.203       2.3466
-250.361  164.085       1.8154
-250.361  167.967       1.5487
-250.361  171.849       1.3723
-250.361  175.732       1.2422
-250.361  179.614       1.4255
-250.361  183.496       2.1433
-250.361  187.378       3.1028
-250.361  191.261       2.2931
-250.361  195.143       2.4703
-250.361  199.025       3.1028
-250.361  202.907       4.8259
-250.361  206.789       4.8259
-250.361  210.672       4.8259
-250.361  214.554       4.8259
-250.361  218.436       4.8259
-250.361  222.318       4.8259
-250.361  226.201       4.8259
-250.361  230.083       4.8259
-250.361  233.965       4.8259
-250.361  237.847       4.8259
-250.361  241.729       4.8259
-250.361  245.612       4.8259
-250.361  249.494       4.8259
-250.361  253.376       4.8259
-250.361  257.258       4.8259
-250.361  261.141       4.8259
-250.361  265.023       4.8259
-246.941 -119.317       4.8259
-246.941 -115.435       4.8259
-246.941 -111.553       4.8259
-246.941 -107.670       4.8259
-246.941 -103.788       4.8259
-246.941  -99.906       4.8259
-246.941  -96.024       4.8259
-246.941  -92.141       4.8259
-246.941  -88.259       4.8259
-246.941  -84.377       4.8259
-246.941  -80.495       4.8259
-246.941  -76.613       4.8259
-246.941  -72.730       4.8259
-246.941  -68.848       4.8259
-246.941  -64.966       4.8259
-246.941  -61.084       4.8259
-246.941  -57.201       4.8259
-246.941  -53.319       4.8259
-246.941  -49.437       4.8259
-246.941  -45.555       4.8259
-246.941  -41.673       4.8259
-246.941  -37.790       4.8259
-246.941  -33.908       4.8259
-246.941  -30.026       4.8259
-246.941  -26.144       4.8259
-246.941  -22.261       4.8259
-246.941  -18.379       4.8259
-246.941  -14.497       4.8259
-246.941  -10.615       4.8259
-246.941   -6.733       4.8259
-246.941   -2.850       4.8259
-246.941    1.032       4.8259
-246.941    4.914       4.8259
-246.941    8.796       4.8259
-246.941   12.678       4.8259
-246.941   16.561       4.8259
-246.941   20.443       4.8259
-246.941   24.325       4.8259
-246.941   28.207       4.8259
-246.941   32.090       4.8259
-246.941   35.972       4.8259
-246.941   39.854       4.8259
-246.941   43.736       3.9995
-246.941   47.618       3.5862
-246.941   51.501       4.8259
-246.941   55.383       3.3445
-246.941   59.265       2.5434
-246.941   63.147       2.7598
-246.941   67.030       2.7598
-246.941   70.912       2.4478
-246.941   74.794       2.3655
-246.941   78.676       2.1844
-246.941   82.558       2.1988
-246.941   86.441       2.4052
-246.941   90.323       2.6268
-246.941   94.205       2.8836
-246.941   98.087       2.5977
-246.941  101.970       2.8836
-246.941  105.852       3.2526
-246.941  109.734       3.1028
-246.941  113.616       2.5699
-246.941  117.498       2.5434
-246.941  121.381       2.5977
-246.941  125.263       2.6896
-246.941  129.145       2.5434
-246.941  133.027       2.2286
-246.941  136.910       2.0458
-246.941  140.792       2.0346
-246.941  144.674       2.1433
-246.941  148.556       2.5699
-246.941  152.438       3.3445
-246.941  156.321       2.6573
-246.941  160.203       3.1028
-246.941  164.085       2.5434
-246.941  167.967       1.9619
-246.941  171.849       1.8154
-246.941  175.732       1.7042
-246.941  179.614       1.5997
-246.941  183.496       1.8714
-246.941  187.378       2.7983
-246.941  191.261       2.8394
-246.941  195.143       2.7236
-246.941  199.025       3.1730
-246.941  202.907       3.3445
-246.941  206.789       4.8259
-246.941  210.672       4.8259
-246.941  214.554       4.8259
-246.941  218.436       4.8259
-246.941  222.318       4.8259
-246.941  226.201       4.8259
-246.941  230.083       4.8259
-246.941  233.965       4.8259
-246.941  237.847       4.8259
-246.941  241.729       4.8259
-246.941  245.612       4.8259
-246.941  249.494       4.8259
-246.941  253.376       4.8259
-246.941  257.258       4.8259
-246.941  261.141       4.8259
-246.941  265.023       4.8259
-243.521 -119.317       4.8259
-243.521 -115.435       4.8259
-243.521 -111.553       4.8259
-243.521 -107.670       4.8259
-243.521 -103.788       4.8259
-243.521  -99.906       4.8259
-243.521  -96.024       4.8259
-243.521  -92.141       4.8259
-243.521  -88.259       4.8259
-243.521  -84.377       4.8259
-243.521  -80.495       4.8259
-243.521  -76.613       4.8259
-243.521  -72.730       4.8259
-243.521  -68.848       4.8259
-243.521  -64.966       4.8259
-243.521  -61.084       4.8259
-243.521  -57.201       4.8259
-243.521  -53.319       4.8259
-243.521  -49.437       4.8259
-243.521  -45.555       4.8259
-243.521  -41.673       4.8259
-243.521  -37.790       4.8259
-243.521  -33.908       4.8259
-243.521  -30.026       4.8259
-243.521  -26.144       4.8259
-243.521  -22.261       4.8259
-243.521  -18.379       4.8259
-243.521  -14.497       4.8259
-243.521  -10.615       4.8259
-243.521   -6.733       4.8259
-243.521   -2.850       4.8259
-243.521    1.032       4.8259
-243.521    4.914       4.8259
-243.521    8.796       4.8259
-243.521   12.678       4.8259
-243.521   16.561       4.8259
-243.521   20.443       4.8259
-243.521   24.325       4.8259
-243.521   28.207       4.8259
-243.521   32.090       4.8259
-243.521   35.972       4.8259
-243.521   39.854       4.8259
-243.521   43.736       4.8259
-243.521   47.618       4.4127
-243.521   51.501       4.4127
-243.521   55.383       3.9995
-243.521   59.265       3.2526
-243.521   63.147       3.3445
-243.521   67.030       3.5862
-243.521   70.912       2.4262
-243.521   74.794       2.1988
-243.521   78.676       2.3655
-243.521   82.558       2.5699
-243.521   86.441       2.9832
-243.521   90.323       3.1028
-243.521   94.205       3.2526
-243.521   98.087       3.1730
-243.521  101.970       2.6896
-243.521  105.852       3.2526
-243.521  109.734       3.0400
-243.521  113.616       2.6896
-243.521  117.498       2.4937
-243.521  121.381       3.0400
-243.521  125.263       2.7983
-243.521  129.145       2.5181
-243.521  133.027       2.3850
-243.521  136.910       2.0571
-243.521  140.792       2.2441
-243.521  144.674       1.9619
-243.521  148.556       2.4478
-243.521  152.438       2.5977
-243.521  156.321       2.6896
-243.521  160.203       3.1028
-243.521  164.085       3.4532
-243.521  167.967       2.5181
-243.521  171.849       1.8714
-243.521  175.732       2.0129
-243.521  179.614       1.5997
-243.521  183.496       1.4137
-243.521  187.378       2.0237
-243.521  191.261       2.5977
-243.521  195.143       3.5862
-243.521  199.025       4.8259
-243.521  202.907       3.4532
-243.521  206.789       4.8259
-243.521  210.672       4.8259
-243.521  214.554       4.8259
-243.521  218.436       4.8259
-243.521  222.318       4.8259
-243.521  226.201       4.8259
-243.521  230.083       4.8259
-243.521  233.965       4.8259
-243.521  237.847       4.8259
-243.521  241.729       4.8259
-243.521  245.612       4.8259
-243.521  249.494       4.8259
-243.521  253.376       4.8259
-243.521  257.258       4.8259
-243.521  261.141       4.8259
-243.521  265.023       4.8259
-240.100 -119.317       4.8259
-240.100 -115.435       4.8259
-240.100 -111.553       4.8259
-240.100 -107.670       4.8259
-240.100 -103.788       4.8259
-240.100  -99.906       4.8259
-240.100  -96.024       4.8259
-240.100  -92.141       4.8259
-240.100  -88.259       4.8259
-240.100  -84.377       4.8259
-240.100  -80.495       4.8259
-240.100  -76.613       4.8259
-240.100  -72.730       4.8259
-240.100  -68.848       4.8259
-240.100  -64.966       4.8259
-240.100  -61.084       4.8259
-240.100  -57.201       4.8259
-240.100  -53.319       4.8259
-240.100  -49.437       4.8259
-240.100  -45.555       4.8259
-240.100  -41.673       4.8259
-240.100  -37.790       4.8259
-240.100  -33.908       4.8259
-240.100  -30.026       4.8259
-240.100  -26.144       4.8259
-240.100  -22.261       4.8259
-240.100  -18.379       4.8259
-240.100  -14.497       4.8259
-240.100  -10.615       4.8259
-240.100   -6.733       4.8259
-240.100   -2.850       4.8259
-240.100    1.032       4.8259
-240.100    4.914       4.8259
-240.100    8.796       4.8259
-240.100   12.678       4.8259
-240.100   16.561       4.8259
-240.100   20.443       4.8259
-240.100   24.325       4.8259
-240.100   28.207       4.8259
-240.100   32.090       4.8259
-240.100   35.972       4.8259
-240.100   39.854       4.8259
-240.100   43.736       4.8259
-240.100   47.618       4.8259
-240.100   51.501       4.8259
-240.100   55.383       3.9995
-240.100   59.265       4.4127
-240.100   63.147       2.9313
-240.100   67.030       3.2526
-240.100   70.912       2.5434
-240.100   74.794       2.1844
-240.100   78.676       2.4703
-240.100   82.558       2.7983
-240.100   86.441       2.4478
-240.100   90.323       3.1028
-240.100   94.205       3.0400
-240.100   98.087       3.0400
-240.100  101.970       2.9832
-240.100  105.852       3.5862
-240.100  109.734       2.7598
-240.100  113.616       2.4262
-240.100  117.498       2.2135
-240.100  121.381       3.1730
-240.100  125.263       2.9832
-240.100  129.145       2.8394
-240.100  133.027       2.8836
-240.100  136.910       2.5181
-240.100  140.792       2.3282
-240.100  144.674       2.1567
-240.100  148.556       2.5434
-240.100  152.438       2.7598
-240.100  156.321       3.0400
-240.100  160.203       3.3445
-240.100  164.085       3.5862
-240.100  167.967       3.7577
-240.100  171.849       2.2600
-240.100  175.732       2.0925
-240.100  179.614       1.4928
-240.100  183.496       1.4582
-240.100  187.378       1.4499
-240.100  191.261       1.9619
-240.100  195.143       2.9313
-240.100  199.025       4.8259
-240.100  202.907       4.4127
-240.100  206.789       3.5862
-240.100  210.672       4.8259
-240.100  214.554       4.8259
-240.100  218.436       4.8259
-240.100  222.318       4.8259
-240.100  226.201       4.8259
-240.100  230.083       4.8259
-240.100  233.965       4.8259
-240.100  237.847       4.8259
-240.100  241.729       4.8259
-240.100  245.612       4.8259
-240.100  249.494       4.8259
-240.100  253.376       4.8259
-240.100  257.258       4.8259
-240.100  261.141       4.8259
-240.100  265.023       4.8259
-236.680 -119.317       4.8259
-236.680 -115.435       4.8259
-236.680 -111.553       4.8259
-236.680 -107.670       4.8259
-236.680 -103.788       4.8259
-236.680  -99.906       4.8259
-236.680  -96.024       4.8259
-236.680  -92.141       4.8259
-236.680  -88.259       4.8259
-236.680  -84.377       4.8259
-236.680  -80.495       4.8259
-236.680  -76.613       4.8259
-236.680  -72.730       4.8259
-236.680  -68.848       4.8259
-236.680  -64.966       4.8259
-236.680  -61.084       4.8259
-236.680  -57.201       4.8259
-236.680  -53.319       4.8259
-236.680  -49.437       4.8259
-236.680  -45.555       4.8259
-236.680  -41.673       4.8259
-236.680  -37.790       4.8259
-236.680  -33.908       4.8259
-236.680  -30.026       4.8259
-236.680  -26.144       4.8259
-236.680  -22.261       4.8259
-236.680  -18.379       4.8259
-236.680  -14.497       4.8259
-236.680  -10.615       4.8259
-236.680   -6.733       4.8259
-236.680   -2.850       4.8259
-236.680    1.032       4.8259
-236.680    4.914       4.8259
-236.680    8.796       4.8259
-236.680   12.678       4.8259
-236.680   16.561       4.8259
-236.680   20.443       4.8259
-236.680   24.325       4.8259
-236.680   28.207       4.8259
-236.680   32.090       4.8259
-236.680   35.972       4.8259
-236.680   39.854       4.8259
-236.680   43.736       4.8259
-236.680   47.618       4.8259
-236.680   51.501       4.8259
-236.680   55.383       4.8259
-236.680   59.265       3.9995
-236.680   63.147       3.5862
-236.680   67.030       3.4532
-236.680   70.912       2.6896
-236.680   74.794       2.4478
-236.680   78.676       2.7236
-236.680   82.558       2.6573
-236.680   86.441       2.3104
-236.680   90.323       2.4478
-236.680   94.205       2.2600
-236.680   98.087       3.1730
-236.680  101.970       3.2526
-236.680  105.852       2.9313
-236.680  109.734       2.9313
-236.680  113.616       2.1844
-236.680  117.498       2.1567
-236.680  121.381       2.4937
-236.680  125.263       2.7236
-236.680  129.145       2.8836
-236.680  133.027       2.9313
-236.680  136.910       2.7983
-236.680  140.792       2.2763
-236.680  144.674       2.4052
-236.680  148.556       2.6573
-236.680  152.438       3.0400
-236.680  156.321       2.9832
-236.680  160.203       3.2526
-236.680  164.085       3.7577
-236.680  167.967       4.8259
-236.680  171.849       3.5862
-236.680  175.732       2.8394
-236.680  179.614       2.0571
-236.680  183.496       1.5944
-236.680  187.378       1.3103
-236.680  191.261       1.5586
-236.680  195.143       2.3466
-236.680  199.025       2.9832
-236.680  202.907       3.4532
-236.680  206.789       3.3445
-236.680  210.672       4.8259
-236.680  214.554       4.8259
-236.680  218.436       4.8259
-236.680  222.318       4.8259
-236.680  226.201       4.8259
-236.680  230.083       4.8259
-236.680  233.965       4.8259
-236.680  237.847       4.8259
-236.680  241.729       4.8259
-236.680  245.612       4.8259
-236.680  249.494       4.8259
-236.680  253.376       4.8259
-236.680  257.258       4.8259
-236.680  261.141       4.8259
-236.680  265.023       4.8259
-233.259 -119.317       4.8259
-233.259 -115.435       4.8259
-233.259 -111.553       4.8259
-233.259 -107.670       4.8259
-233.259 -103.788       4.8259
-233.259  -99.906       4.8259
-233.259  -96.024       4.8259
-233.259  -92.141       4.8259
-233.259  -88.259       4.8259
-233.259  -84.377       4.8259
-233.259  -80.495       4.8259
-233.259  -76.613       4.8259
-233.259  -72.730       4.8259
-233.259  -68.848       4.8259
-233.259  -64.966       4.8259
-233.259  -61.084       4.8259
-233.259  -57.201       4.8259
-233.259  -53.319       4.8259
-233.259  -49.437       4.8259
-233.259  -45.555       4.8259
-233.259  -41.673       4.8259
-233.259  -37.790       4.8259
-233.259  -33.908       4.8259
-233.259  -30.026       4.8259
-233.259  -26.144       4.8259
-233.259  -22.261       4.8259
-233.259  -18.379       4.8259
-233.259  -14.497       4.8259
-233.259  -10.615       4.8259
-233.259   -6.733       4.8259
-233.259   -2.850       4.8259
-233.259    1.032       4.8259
-233.259    4.914       4.8259
-233.259    8.796       4.8259
-233.259   12.678       4.8259
-233.259   16.561       4.8259
-233.259   20.443       4.8259
-233.259   24.325       4.8259
-233.259   28.207       4.8259
-233.259   32.090       4.8259
-233.259   35.972       4.8259
-233.259   39.854       4.8259
-233.259   43.736       4.8259
-233.259   47.618       4.8259
-233.259   51.501       4.8259
-233.259   55.383       4.4127
-233.259   59.265       4.4127
-233.259   63.147       3.1028
-233.259   67.030       3.4532
-233.259   70.912       2.9832
-233.259   74.794       2.4703
-233.259   78.676       2.6896
-233.259   82.558       2.4262
-233.259   86.441       2.5699
-233.259   90.323       2.3104
-233.259   94.205       2.0687
-233.259   98.087       2.2763
-233.259  101.970       2.6573
-233.259  105.852       3.0400
-233.259  109.734       2.8394
-233.259  113.616       2.4262
-233.259  117.498       2.4052
-233.259  121.381       2.4052
-233.259  125.263       2.4478
-233.259  129.145       2.5699
-233.259  133.027       2.6896
-233.259  136.910       2.8836
-233.259  140.792       2.6896
-233.259  144.674       2.8394
-233.259  148.556       3.0400
-233.259  152.438       2.3850
-233.259  156.321       2.7236
-233.259  160.203       3.0400
-233.259  164.085       2.5977
-233.259  167.967       3.1730
-233.259  171.849       3.2526
-233.259  175.732       3.1730
-233.259  179.614       2.2763
-233.259  183.496       1.6978
-233.259  187.378       1.2784
-233.259  191.261       1.3235
-233.259  195.143       1.8468
-233.259  199.025       2.7598
-233.259  202.907       2.8836
-233.259  206.789       2.8836
-233.259  210.672       4.8259
-233.259  214.554       4.8259
-233.259  218.436       4.8259
-233.259  222.318       4.8259
-233.259  226.201       4.8259
-233.259  230.083       4.8259
-233.259  233.965       4.8259
-233.259  237.847       4.8259
-233.259  241.729       4.8259
-233.259  245.612       4.8259
-233.259  249.494       4.8259
-233.259  253.376       4.8259
-233.259  257.258       4.8259
-233.259  261.141       4.8259
-233.259  265.023       4.8259
-229.839 -119.317       4.8259
-229.839 -115.435       4.8259
-229.839 -111.553       4.8259
-229.839 -107.670       4.8259
-229.839 -103.788       4.8259
-229.839  -99.906       4.8259
-229.839  -96.024       4.8259
-229.839  -92.141       4.8259
-229.839  -88.259       4.8259
-229.839  -84.377       4.8259
-229.839  -80.495       4.8259
-229.839  -76.613       4.8259
-229.839  -72.730       4.8259
-229.839  -68.848       4.8259
-229.839  -64.966       4.8259
-229.839  -61.084       4.8259
-229.839  -57.201       4.8259
-229.839  -53.319       4.8259
-229.839  -49.437       4.8259
-229.839  -45.555       4.8259
-229.839  -41.673       4.8259
-229.839  -37.790       4.8259
-229.839  -33.908       4.8259
-229.839  -30.026       4.8259
-229.839  -26.144       4.8259
-229.839  -22.261       4.8259
-229.839  -18.379       4.8259
-229.839  -14.497       4.8259
-229.839  -10.615       4.8259
-229.839   -6.733       4.8259
-229.839   -2.850       4.8259
-229.839    1.032       4.8259
-229.839    4.914       4.8259
-229.839    8.796       4.8259
-229.839   12.678       4.8259
-229.839   16.561       4.8259
-229.839   20.443       4.8259
-229.839   24.325       4.8259
-229.839   28.207       4.8259
-229.839   32.090       4.8259
-229.839   35.972       4.8259
-229.839   39.854       4.8259
-229.839   43.736       4.8259
-229.839   47.618       4.8259
-229.839   51.501       4.8259
-229.839   55.383       4.8259
-229.839   59.265       3.5862
-229.839   63.147       3.1730
-229.839   67.030       3.7577
-229.839   70.912       4.4127
-229.839   74.794       2.7983
-229.839   78.676       2.4937
-229.839   82.558       2.6268
-229.839   86.441       2.3850
-229.839   90.323       2.4703
-229.839   94.205       2.1704
-229.839   98.087       2.2600
-229.839  101.970       2.5181
-229.839  105.852       2.9313
-229.839  109.734       2.4478
-229.839  113.616       2.2600
-229.839  117.498       2.2600
-229.839  121.381       2.1302
-229.839  125.263       2.5434
-229.839  129.145       2.4262
-229.839  133.027       2.4262
-229.839  136.910       2.3655
-229.839  140.792       2.4262
-229.839  144.674       2.5977
-229.839  148.556       2.5699
-229.839  152.438       2.4052
-229.839  156.321       2.5977
-229.839  160.203       2.6268
-229.839  164.085       2.5977
-229.839  167.967       2.9832
-229.839  171.849       3.1028
-229.839  175.732       3.1028
-229.839  179.614       2.4262
-229.839  183.496       1.9427
-229.839  187.378       1.2540
-229.839  191.261       1.1478
-229.839  195.143       1.7042
-229.839  199.025       2.4262
-229.839  202.907       2.3655
-229.839  206.789       2.5181
-229.839  210.672       3.4532
-229.839  214.554       4.8259
-229.839  218.436       4.8259
-229.839  222.318       4.8259
-229.839  226.201       4.8259
-229.839  230.083       4.8259
-229.839  233.965       4.8259
-229.839  237.847       4.8259
-229.839  241.729       4.8259
-229.839  245.612       4.8259
-229.839  249.494       4.8259
-229.839  253.376       4.8259
-229.839  257.258       4.8259
-229.839  261.141       4.8259
-229.839  265.023       4.8259
-226.419 -119.317       4.8259
-226.419 -115.435       4.8259
-226.419 -111.553       4.8259
-226.419 -107.670       4.8259
-226.419 -103.788       4.8259
-226.419  -99.906       4.8259
-226.419  -96.024       4.8259
-226.419  -92.141       4.8259
-226.419  -88.259       4.8259
-226.419  -84.377       4.8259
-226.419  -80.495       4.8259
-226.419  -76.613       4.8259
-226.419  -72.730       4.8259
-226.419  -68.848       4.8259
-226.419  -64.966       4.8259
-226.419  -61.084       4.8259
-226.419  -57.201       4.8259
-226.419  -53.319       4.8259
-226.419  -49.437       4.8259
-226.419  -45.555       4.8259
-226.419  -41.673       4.8259
-226.419  -37.790       4.8259
-226.419  -33.908       4.8259
-226.419  -30.026       4.8259
-226.419  -26.144       4.8259
-226.419  -22.261       4.8259
-226.419  -18.379       4.8259
-226.419  -14.497       4.8259
-226.419  -10.615       4.8259
-226.419   -6.733       4.8259
-226.419   -2.850       4.8259
-226.419    1.032       4.8259
-226.419    4.914       4.8259
-226.419    8.796       4.8259
-226.419   12.678       4.8259
-226.419   16.561       4.8259
-226.419   20.443       4.8259
-226.419   24.325       4.8259
-226.419   28.207       4.8259
-226.419   32.090       4.8259
-226.419   35.972       4.8259
-226.419   39.854       4.8259
-226.419   43.736       4.8259
-226.419   47.618       4.8259
-226.419   51.501       4.8259
-226.419   55.383       4.8259
-226.419   59.265       4.8259
-226.419   63.147       4.8259
-226.419   67.030       4.8259
-226.419   70.912       2.9832
-226.419   74.794       2.5699
-226.419   78.676       1.9920
-226.419   82.558       2.1704
-226.419   86.441       2.2600
-226.419   90.323       2.0129
-226.419   94.205       1.9818
-226.419   98.087       1.9818
-226.419  101.970       2.1174
-226.419  105.852       2.4262
-226.419  109.734       2.3282
-226.419  113.616       2.1704
-226.419  117.498       2.2600
-226.419  121.381       2.1988
-226.419  125.263       2.0346
-226.419  129.145       2.1844
-226.419  133.027       2.0687
-226.419  136.910       2.1988
-226.419  140.792       2.0925
-226.419  144.674       2.4703
-226.419  148.556       2.5434
-226.419  152.438       2.9832
-226.419  156.321       2.7983
-226.419  160.203       2.4052
-226.419  164.085       2.6573
-226.419  167.967       2.5699
-226.419  171.849       2.7983
-226.419  175.732       2.3850
-226.419  179.614       3.0400
-226.419  183.496       2.5434
-226.419  187.378       1.5892
-226.419  191.261       1.1681
-226.419  195.143       1.4582
-226.419  199.025       1.7712
-226.419  202.907       1.8309
-226.419  206.789       2.1844
-226.419  210.672       2.9832
-226.419  214.554       4.8259
-226.419  218.436       4.8259
-226.419  222.318       4.8259
-226.419  226.201       4.8259
-226.419  230.083       4.8259
-226.419  233.965       4.8259
-226.419  237.847       4.8259
-226.419  241.729       4.8259
-226.419  245.612       4.8259
-226.419  249.494       4.8259
-226.419  253.376       4.8259
-226.419  257.258       4.8259
-226.419  261.141       4.8259
-226.419  265.023       4.8259
-222.998 -119.317       4.8259
-222.998 -115.435       4.8259
-222.998 -111.553       4.8259
-222.998 -107.670       4.8259
-222.998 -103.788       4.8259
-222.998  -99.906       4.8259
-222.998  -96.024       4.8259
-222.998  -92.141       4.8259
-222.998  -88.259       4.8259
-222.998  -84.377       4.8259
-222.998  -80.495       4.8259
-222.998  -76.613       4.8259
-222.998  -72.730       4.8259
-222.998  -68.848       4.8259
-222.998  -64.966       4.8259
-222.998  -61.084       4.8259
-222.998  -57.201       4.8259
-222.998  -53.319       4.8259
-222.998  -49.437       4.8259
-222.998  -45.555       4.8259
-222.998  -41.673       4.8259
-222.998  -37.790       4.8259
-222.998  -33.908       4.8259
-222.998  -30.026       4.8259
-222.998  -26.144       4.8259
-222.998  -22.261       4.8259
-222.998  -18.379       4.8259
-222.998  -14.497       4.8259
-222.998  -10.615       4.8259
-222.998   -6.733       4.8259
-222.998   -2.850       4.8259
-222.998    1.032       4.8259
-222.998    4.914       4.8259
-222.998    8.796       4.8259
-222.998   12.678       4.8259
-222.998   16.561       4.8259
-222.998   20.443       4.8259
-222.998   24.325       4.8259
-222.998   28.207       4.8259
-222.998   32.090       4.8259
-222.998   35.972       4.8259
-222.998   39.854       4.8259
-222.998   43.736       4.8259
-222.998   47.618       4.8259
-222.998   51.501       4.8259
-222.998   55.383       4.8259
-222.998   59.265       4.8259
-222.998   63.147       4.8259
-222.998   67.030       4.8259
-222.998   70.912       3.4532
-222.998   74.794       2.6268
-222.998   78.676       2.3850
-222.998   82.558       2.2441
-222.998   86.441       2.0346
-222.998   90.323       2.2441
-222.998   94.205       2.0237
-222.998   98.087       1.9333
-222.998  101.970       2.1567
-222.998  105.852       2.1174
-222.998  109.734       2.0805
-222.998  113.616       2.2600
-222.998  117.498       1.9523
-222.998  121.381       1.8972
-222.998  125.263       2.0571
-222.998  129.145       1.9427
-222.998  133.027       2.1704
-222.998  136.910       2.2286
-222.998  140.792       2.4478
-222.998  144.674       2.5977
-222.998  148.556       2.4262
-222.998  152.438       2.5977
-222.998  156.321       2.8394
-222.998  160.203       2.5181
-222.998  164.085       2.0687
-222.998  167.967       2.5181
-222.998  171.849       2.1433
-222.998  175.732       2.4052
-222.998  179.614       2.7236
-222.998  183.496       2.4937
-222.998  187.378       1.9920
-222.998  191.261       1.2878
-222.998  195.143       1.2452
-222.998  199.025       1.2784
-222.998  202.907       1.3723
-222.998  206.789       1.9619
-222.998  210.672       2.2286
-222.998  214.554       3.3445
-222.998  218.436       4.8259
-222.998  222.318       4.8259
-222.998  226.201       4.8259
-222.998  230.083       4.8259
-222.998  233.965       4.8259
-222.998  237.847       4.8259
-222.998  241.729       4.8259
-222.998  245.612       4.8259
-222.998  249.494       4.8259
-222.998  253.376       4.8259
-222.998  257.258       4.8259
-222.998  261.141       4.8259
-222.998  265.023       4.8259
-219.578 -119.317       4.8259
-219.578 -115.435       4.8259
-219.578 -111.553       4.8259
-219.578 -107.670       4.8259
-219.578 -103.788       4.8259
-219.578  -99.906       4.8259
-219.578  -96.024       4.8259
-219.578  -92.141       4.8259
-219.578  -88.259       4.8259
-219.578  -84.377       4.8259
-219.578  -80.495       4.8259
-219.578  -76.613       4.8259
-219.578  -72.730       4.8259
-219.578  -68.848       4.8259
-219.578  -64.966       4.8259
-219.578  -61.084       4.8259
-219.578  -57.201       4.8259
-219.578  -53.319       4.8259
-219.578  -49.437       4.8259
-219.578  -45.555       4.8259
-219.578  -41.673       4.8259
-219.578  -37.790       4.8259
-219.578  -33.908       4.8259
-219.578  -30.026       4.8259
-219.578  -26.144       4.8259
-219.578  -22.261       4.8259
-219.578  -18.379       4.8259
-219.578  -14.497       4.8259
-219.578  -10.615       4.8259
-219.578   -6.733       4.8259
-219.578   -2.850       4.8259
-219.578    1.032       4.8259
-219.578    4.914       4.8259
-219.578    8.796       4.8259
-219.578   12.678       4.8259
-219.578   16.561       4.8259
-219.578   20.443       4.8259
-219.578   24.325       4.8259
-219.578   28.207       4.8259
-219.578   32.090       4.8259
-219.578   35.972       4.8259
-219.578   39.854       4.8259
-219.578   43.736       4.8259
-219.578   47.618       4.8259
-219.578   51.501       4.8259
-219.578   55.383       4.8259
-219.578   59.265       4.8259
-219.578   63.147       4.4127
-219.578   67.030       3.7577
-219.578   70.912       3.9995
-219.578   74.794       2.5181
-219.578   78.676       2.7598
-219.578   82.558       2.5977
-219.578   86.441       2.3104
-219.578   90.323       2.1302
-219.578   94.205       2.1433
-219.578   98.087       2.0346
-219.578  101.970       1.9060
-219.578  105.852       2.1567
-219.578  109.734       2.3282
-219.578  113.616       2.2286
-219.578  117.498       2.1174
-219.578  121.381       2.0024
-219.578  125.263       2.0129
-219.578  129.145       2.0571
-219.578  133.027       1.9718
-219.578  136.910       2.1302
-219.578  140.792       2.1433
-219.578  144.674       2.2763
-219.578  148.556       2.3466
-219.578  152.438       2.4052
-219.578  156.321       2.3466
-219.578  160.203       2.5977
-219.578  164.085       1.9818
-219.578  167.967       1.8154
-219.578  171.849       1.7235
-219.578  175.732       2.0346
-219.578  179.614       2.3282
-219.578  183.496       2.3466
-219.578  187.378       1.9523
-219.578  191.261       1.4582
-219.578  195.143       0.9966
-219.578  199.025       1.1972
-219.578  202.907       1.2784
-219.578  206.789       1.7435
-219.578  210.672       1.8885
-219.578  214.554       2.5181
-219.578  218.436       4.8259
-219.578  222.318       4.8259
-219.578  226.201       4.8259
-219.578  230.083       4.8259
-219.578  233.965       4.8259
-219.578  237.847       4.8259
-219.578  241.729       4.8259
-219.578  245.612       4.8259
-219.578  249.494       4.8259
-219.578  253.376       4.8259
-219.578  257.258       4.8259
-219.578  261.141       4.8259
-219.578  265.023       4.8259
-216.158 -119.317       4.8259
-216.158 -115.435       4.8259
-216.158 -111.553       4.8259
-216.158 -107.670       4.8259
-216.158 -103.788       4.8259
-216.158  -99.906       4.8259
-216.158  -96.024       4.8259
-216.158  -92.141       4.8259
-216.158  -88.259       4.8259
-216.158  -84.377       4.8259
-216.158  -80.495       4.8259
-216.158  -76.613       4.8259
-216.158  -72.730       4.8259
-216.158  -68.848       4.8259
-216.158  -64.966       4.8259
-216.158  -61.084       4.8259
-216.158  -57.201       4.8259
-216.158  -53.319       4.8259
-216.158  -49.437       4.8259
-216.158  -45.555       4.8259
-216.158  -41.673       4.8259
-216.158  -37.790       4.8259
-216.158  -33.908       4.8259
-216.158  -30.026       4.8259
-216.158  -26.144       4.8259
-216.158  -22.261       4.8259
-216.158  -18.379       4.8259
-216.158  -14.497       4.8259
-216.158  -10.615       4.8259
-216.158   -6.733       4.8259
-216.158   -2.850       4.8259
-216.158    1.032       4.8259
-216.158    4.914       4.8259
-216.158    8.796       4.8259
-216.158   12.678       4.8259
-216.158   16.561       4.8259
-216.158   20.443       4.8259
-216.158   24.325       4.8259
-216.158   28.207       4.8259
-216.158   32.090       4.8259
-216.158   35.972       4.8259
-216.158   39.854       4.8259
-216.158   43.736       4.8259
-216.158   47.618       4.8259
-216.158   51.501       4.8259
-216.158   55.383       4.8259
-216.158   59.265       4.8259
-216.158   63.147       4.4127
-216.158   67.030       4.4127
-216.158   70.912       3.7577
-216.158   74.794       2.7983
-216.158   78.676       2.4478
-216.158   82.558       2.4478
-216.158   86.441       2.2763
-216.158   90.323       2.2931
-216.158   94.205       2.2600
-216.158   98.087       2.1048
-216.158  101.970       2.0925
-216.158  105.852       2.0925
-216.158  109.734       2.2763
-216.158  113.616       2.2931
-216.158  117.498       2.0925
-216.158  121.381       2.1567
-216.158  125.263       1.9523
-216.158  129.145       1.9333
-216.158  133.027       2.0024
-216.158  136.910       1.8309
-216.158  140.792       1.9920
-216.158  144.674       2.1048
-216.158  148.556       2.1174
-216.158  152.438       2.4052
-216.158  156.321       2.1433
-216.158  160.203       2.3850
-216.158  164.085       1.9060
-216.158  167.967       1.7503
-216.158  171.849       1.6555
-216.158  175.732       1.7783
-216.158  179.614       2.2600
-216.158  183.496       2.3104
-216.158  187.378       1.8003
-216.158  191.261       1.3615
-216.158  195.143       1.0818
-216.158  199.025       1.1210
-216.158  202.907       1.2307
-216.158  206.789       1.5788
-216.158  210.672       1.8631
-216.158  214.554       2.6268
-216.158  218.436       2.7983
-216.158  222.318       4.8259
-216.158  226.201       4.8259
-216.158  230.083       4.8259
-216.158  233.965       4.8259
-216.158  237.847       4.8259
-216.158  241.729       4.8259
-216.158  245.612       4.8259
-216.158  249.494       4.8259
-216.158  253.376       4.8259
-216.158  257.258       4.8259
-216.158  261.141       4.8259
-216.158  265.023       4.8259
-212.737 -119.317       4.8259
-212.737 -115.435       4.8259
-212.737 -111.553       4.8259
-212.737 -107.670       4.8259
-212.737 -103.788       4.8259
-212.737  -99.906       4.8259
-212.737  -96.024       4.8259
-212.737  -92.141       4.8259
-212.737  -88.259       4.8259
-212.737  -84.377       4.8259
-212.737  -80.495       4.8259
-212.737  -76.613       4.8259
-212.737  -72.730       4.8259
-212.737  -68.848       4.8259
-212.737  -64.966       4.8259
-212.737  -61.084       4.8259
-212.737  -57.201       4.8259
-212.737  -53.319       4.8259
-212.737  -49.437       4.8259
-212.737  -45.555       4.8259
-212.737  -41.673       4.8259
-212.737  -37.790       4.8259
-212.737  -33.908       4.8259
-212.737  -30.026       4.8259
-212.737  -26.144       4.8259
-212.737  -22.261       4.8259
-212.737  -18.379       4.8259
-212.737  -14.497       4.8259
-212.737  -10.615       4.8259
-212.737   -6.733       4.8259
-212.737   -2.850       4.8259
-212.737    1.032       4.8259
-212.737    4.914       4.8259
-212.737    8.796       4.8259
-212.737   12.678       4.8259
-212.737   16.561       4.8259
-212.737   20.443       4.8259
-212.737   24.325       4.8259
-212.737   28.207       4.8259
-212.737   32.090       4.8259
-212.737   35.972       4.8259
-212.737   39.854       4.8259
-212.737   43.736       4.8259
-212.737   47.618       4.8259
-212.737   51.501       4.8259
-212.737   55.383       4.8259
-212.737   59.265       3.4532
-212.737   63.147       3.4532
-212.737   67.030       3.2526
-212.737   70.912       3.1730
-212.737   74.794       2.6896
-212.737   78.676       2.4703
-212.737   82.558       2.2600
-212.737   86.441       2.3104
-212.737   90.323       2.1048
-212.737   94.205       1.9920
-212.737   98.087       2.0925
-212.737  101.970       1.9619
-212.737  105.852       2.0571
-212.737  109.734       2.0024
-212.737  113.616       2.0925
-212.737  117.498       2.2441
-212.737  121.381       2.3104
-212.737  125.263       2.1302
-212.737  129.145       2.1988
-212.737  133.027       1.7929
-212.737  136.910       1.7929
-212.737  140.792       1.7367
-212.737  144.674       1.9241
-212.737  148.556       2.1433
-212.737  152.438       2.3104
-212.737  156.321       1.9060
-212.737  160.203       2.1302
-212.737  164.085       1.9333
-212.737  167.967       1.7572
-212.737  171.849       1.5536
-212.737  175.732       1.7712
-212.737  179.614       2.1704
-212.737  183.496       2.0024
-212.737  187.378       1.7301
-212.737  191.261       1.1785
-212.737  195.143       1.0264
-212.737  199.025       1.0534
-212.737  202.907       1.3509
-212.737  206.789       1.5155
-212.737  210.672       1.8885
-212.737  214.554       2.6268
-212.737  218.436       2.8836
-212.737  222.318       3.9995
-212.737  226.201       4.8259
-212.737  230.083       4.8259
-212.737  233.965       4.8259
-212.737  237.847       4.8259
-212.737  241.729       4.8259
-212.737  245.612       4.8259
-212.737  249.494       4.8259
-212.737  253.376       4.8259
-212.737  257.258       4.8259
-212.737  261.141       4.8259
-212.737  265.023       4.8259
-209.317 -119.317       4.8259
-209.317 -115.435       4.8259
-209.317 -111.553       4.8259
-209.317 -107.670       4.8259
-209.317 -103.788       4.8259
-209.317  -99.906       4.8259
-209.317  -96.024       4.8259
-209.317  -92.141       4.8259
-209.317  -88.259       4.8259
-209.317  -84.377       4.8259
-209.317  -80.495       4.8259
-209.317  -76.613       4.8259
-209.317  -72.730       4.8259
-209.317  -68.848       4.8259
-209.317  -64.966       4.8259
-209.317  -61.084       4.8259
-209.317  -57.201       4.8259
-209.317  -53.319       4.8259
-209.317  -49.437       4.8259
-209.317  -45.555       4.8259
-209.317  -41.673       4.8259
-209.317  -37.790       4.8259
-209.317  -33.908       4.8259
-209.317  -30.026       4.8259
-209.317  -26.144       4.8259
-209.317  -22.261       4.8259
-209.317  -18.379       4.8259
-209.317  -14.497       4.8259
-209.317  -10.615       4.8259
-209.317   -6.733       4.8259
-209.317   -2.850       4.8259
-209.317    1.032       4.8259
-209.317    4.914       4.8259
-209.317    8.796       4.8259
-209.317   12.678       4.8259
-209.317   16.561       4.8259
-209.317   20.443       4.8259
-209.317   24.325       4.8259
-209.317   28.207       4.8259
-209.317   32.090       4.8259
-209.317   35.972       4.8259
-209.317   39.854       4.8259
-209.317   43.736       4.8259
-209.317   47.618       4.8259
-209.317   51.501       4.8259
-209.317   55.383       4.8259
-209.317   59.265       4.4127
-209.317   63.147       4.4127
-209.317   67.030       3.4532
-209.317   70.912       3.2526
-209.317   74.794       2.7598
-209.317   78.676       2.8394
-209.317   82.558       2.4262
-209.317   86.441       2.3850
-209.317   90.323       2.2931
-209.317   94.205       2.2763
-209.317   98.087       2.1844
-209.317  101.970       2.0346
-209.317  105.852       2.0458
-209.317  109.734       2.1174
-209.317  113.616       2.1302
-209.317  117.498       2.3104
-209.317  121.381       2.5434
-209.317  125.263       2.6573
-209.317  129.145       2.0129
-209.317  133.027       1.8231
-209.317  136.910       1.5390
-209.317  140.792       1.6496
-209.317  144.674       1.9718
-209.317  148.556       1.9619
-209.317  152.438       2.0805
-209.317  156.321       1.9619
-209.317  160.203       2.1174
-209.317  164.085       1.9333
-209.317  167.967       1.8468
-209.317  171.849       1.7435
-209.317  175.732       1.8549
-209.317  179.614       2.0805
-209.317  183.496       1.7929
-209.317  187.378       1.2054
-209.317  191.261       0.9256
-209.317  195.143       1.0450
-209.317  199.025       1.0863
-209.317  202.907       1.4540
-209.317  206.789       1.6916
-209.317  210.672       2.2286
-209.317  214.554       2.4703
-209.317  218.436       3.5862
-209.317  222.318       4.4127
-209.317  226.201       4.8259
-209.317  230.083       4.8259
-209.317  233.965       4.8259
-209.317  237.847       4.8259
-209.317  241.729       4.8259
-209.317  245.612       4.8259
-209.317  249.494       4.8259
-209.317  253.376       4.8259
-209.317  257.258       4.8259
-209.317  261.141       4.8259
-209.317  265.023       4.8259
-205.897 -119.317       4.8259
-205.897 -115.435       4.8259
-205.897 -111.553       4.8259
-205.897 -107.670       4.8259
-205.897 -103.788       4.8259
-205.897  -99.906       4.8259
-205.897  -96.024       4.8259
-205.897  -92.141       4.8259
-205.897  -88.259       4.8259
-205.897  -84.377       4.8259
-205.897  -80.495       4.8259
-205.897  -76.613       4.8259
-205.897  -72.730       4.8259
-205.897  -68.848       4.8259
-205.897  -64.966       4.8259
-205.897  -61.084       4.8259
-205.897  -57.201       4.8259
-205.897  -53.319       4.8259
-205.897  -49.437       4.8259
-205.897  -45.555       4.8259
-205.897  -41.673       4.8259
-205.897  -37.790       4.8259
-205.897  -33.908       4.8259
-205.897  -30.026       4.8259
-205.897  -26.144       4.8259
-205.897  -22.261       4.8259
-205.897  -18.379       4.8259
-205.897  -14.497       4.8259
-205.897  -10.615       4.8259
-205.897   -6.733       4.8259
-205.897   -2.850       4.8259
-205.897    1.032       4.8259
-205.897    4.914       4.8259
-205.897    8.796       4.8259
-205.897   12.678       4.8259
-205.897   16.561       4.8259
-205.897   20.443       4.8259
-205.897   24.325       4.8259
-205.897   28.207       4.8259
-205.897   32.090       4.8259
-205.897   35.972       4.8259
-205.897   39.854       4.8259
-205.897   43.736       4.8259
-205.897   47.618       4.8259
-205.897   51.501       4.8259
-205.897   55.383       4.8259
-205.897   59.265       4.8259
-205.897   63.147       4.8259
-205.897   67.030       4.8259
-205.897   70.912       3.5862
-205.897   74.794       2.6896
-205.897   78.676       2.5699
-205.897   82.558       2.8836
-205.897   86.441       2.4937
-205.897   90.323       2.4262
-205.897   94.205       2.2931
-205.897   98.087       2.5434
-205.897  101.970       2.1567
-205.897  105.852       2.2135
-205.897  109.734       2.1567
-205.897  113.616       2.3466
-205.897  117.498       2.3282
-205.897  121.381       2.6896
-205.897  125.263       2.5699
-205.897  129.145       2.0687
-205.897  133.027       1.9427
-205.897  136.910       1.6978
-205.897  140.792       1.8468
-205.897  144.674       1.9427
-205.897  148.556       1.9920
-205.897  152.438       2.1174
-205.897  156.321       2.1048
-205.897  160.203       2.2135
-205.897  164.085       2.0687
-205.897  167.967       1.7783
-205.897  171.849       1.8799
-205.897  175.732       2.2931
-205.897  179.614       2.5181
-205.897  183.496       1.7929
-205.897  187.378       1.0908
-205.897  191.261       0.8290
-205.897  195.143       0.9664
-205.897  199.025       1.3440
-205.897  202.907       1.6916
-205.897  206.789       1.6673
-205.897  210.672       1.9150
-205.897  214.554       2.7236
-205.897  218.436       3.7577
-205.897  222.318       4.8259
-205.897  226.201       4.8259
-205.897  230.083       4.8259
-205.897  233.965       4.8259
-205.897  237.847       4.8259
-205.897  241.729       4.8259
-205.897  245.612       4.8259
-205.897  249.494       4.8259
-205.897  253.376       4.8259
-205.897  257.258       4.8259
-205.897  261.141       4.8259
-205.897  265.023       4.8259
-202.476 -119.317       4.8259
-202.476 -115.435       4.8259
-202.476 -111.553       4.8259
-202.476 -107.670       4.8259
-202.476 -103.788       4.8259
-202.476  -99.906       4.8259
-202.476  -96.024       4.8259
-202.476  -92.141       4.8259
-202.476  -88.259       4.8259
-202.476  -84.377       4.8259
-202.476  -80.495       4.8259
-202.476  -76.613       4.8259
-202.476  -72.730       4.8259
-202.476  -68.848       4.8259
-202.476  -64.966       4.8259
-202.476  -61.084       4.8259
-202.476  -57.201       4.8259
-202.476  -53.319       4.8259
-202.476  -49.437       4.8259
-202.476  -45.555       4.8259
-202.476  -41.673       4.8259
-202.476  -37.790       4.8259
-202.476  -33.908       4.8259
-202.476  -30.026       4.8259
-202.476  -26.144       4.8259
-202.476  -22.261       4.8259
-202.476  -18.379       4.8259
-202.476  -14.497       4.8259
-202.476  -10.615       4.8259
-202.476   -6.733       4.8259
-202.476   -2.850       4.8259
-202.476    1.032       4.8259
-202.476    4.914       4.8259
-202.476    8.796       4.8259
-202.476   12.678       4.8259
-202.476   16.561       4.8259
-202.476   20.443       4.8259
-202.476   24.325       4.8259
-202.476   28.207       4.8259
-202.476   32.090       4.8259
-202.476   35.972       4.8259
-202.476   39.854       4.8259
-202.476   43.736       4.8259
-202.476   47.618       4.8259
-202.476   51.501       4.8259
-202.476   55.383       4.8259
-202.476   59.265       4.8259
-202.476   63.147       4.8259
-202.476   67.030       4.4127
-202.476   70.912       3.7577
-202.476   74.794       3.0400
-202.476   78.676       2.6573
-202.476   82.558       2.5977
-202.476   86.441       2.3282
-202.476   90.323       2.4262
-202.476   94.205       2.3466
-202.476   98.087       2.2763
-202.476  101.970       2.0129
-202.476  105.852       2.0805
-202.476  109.734       2.2931
-202.476  113.616       2.2286
-202.476  117.498       2.1988
-202.476  121.381       2.5181
-202.476  125.263       2.5434
-202.476  129.145       2.0346
-202.476  133.027       2.0687
-202.476  136.910       2.0925
-202.476  140.792       1.8549
-202.476  144.674       1.9241
-202.476  148.556       2.1567
-202.476  152.438       2.1988
-202.476  156.321       2.3466
-202.476  160.203       2.1048
-202.476  164.085       2.2441
-202.476  167.967       2.3104
-202.476  171.849       1.8631
-202.476  175.732       2.4937
-202.476  179.614       2.4478
-202.476  183.496       1.5586
-202.476  187.378       1.0863
-202.476  191.261       0.8873
-202.476  195.143       1.1579
-202.476  199.025       1.7783
-202.476  202.907       2.0805
-202.476  206.789       1.6978
-202.476  210.672       1.8078
-202.476  214.554       2.8836
-202.476  218.436       4.8259
-202.476  222.318       4.8259
-202.476  226.201       4.8259
-202.476  230.083       4.8259
-202.476  233.965       4.8259
-202.476  237.847       4.8259
-202.476  241.729       4.8259
-202.476  245.612       4.8259
-202.476  249.494       4.8259
-202.476  253.376       4.8259
-202.476  257.258       4.8259
-202.476  261.141       4.8259
-202.476  265.023       4.8259
-199.056 -119.317       4.8259
-199.056 -115.435       4.8259
-199.056 -111.553       4.8259
-199.056 -107.670       4.8259
-199.056 -103.788       4.8259
-199.056  -99.906       4.8259
-199.056  -96.024       4.8259
-199.056  -92.141       4.8259
-199.056  -88.259       4.8259
-199.056  -84.377       4.8259
-199.056  -80.495       4.8259
-199.056  -76.613       4.8259
-199.056  -72.730       4.8259
-199.056  -68.848       4.8259
-199.056  -64.966       4.8259
-199.056  -61.084       4.8259
-199.056  -57.201       4.8259
-199.056  -53.319       4.8259
-199.056  -49.437       4.8259
-199.056  -45.555       4.8259
-199.056  -41.673       4.8259
-199.056  -37.790       4.8259
-199.056  -33.908       4.8259
-199.056  -30.026       4.8259
-199.056  -26.144       4.8259
-199.056  -22.261       4.8259
-199.056  -18.379       4.8259
-199.056  -14.497       4.8259
-199.056  -10.615       4.8259
-199.056   -6.733       4.8259
-199.056   -2.850       4.8259
-199.056    1.032       4.8259
-199.056    4.914       4.8259
-199.056    8.796       4.8259
-199.056   12.678       4.8259
-199.056   16.561       4.8259
-199.056   20.443       4.8259
-199.056   24.325       4.8259
-199.056   28.207       4.8259
-199.056   32.090       4.8259
-199.056   35.972       4.8259
-199.056   39.854       4.8259
-199.056   43.736       4.8259
-199.056   47.618       4.8259
-199.056   51.501       4.8259
-199.056   55.383       4.8259
-199.056   59.265       4.8259
-199.056   63.147       3.7577
-199.056   67.030       3.5862
-199.056   70.912       3.7577
-199.056   74.794       3.1730
-199.056   78.676       2.9313
-199.056   82.558       2.5977
-199.056   86.441       2.3655
-199.056   90.323       2.1567
-199.056   94.205       2.1704
-199.056   98.087       2.3282
-199.056  101.970       1.9818
-199.056  105.852       2.0571
-199.056  109.734       2.4052
-199.056  113.616       2.4052
-199.056  117.498       2.2135
-199.056  121.381       2.1567
-199.056  125.263       2.4052
-199.056  129.145       2.4937
-199.056  133.027       2.2441
-199.056  136.910       2.2286
-199.056  140.792       2.1844
-199.056  144.674       2.2286
-199.056  148.556       2.5181
-199.056  152.438       2.5434
-199.056  156.321       2.4703
-199.056  160.203       2.4703
-199.056  164.085       2.2441
-199.056  167.967       1.8549
-199.056  171.849       1.9619
-199.056  175.732       2.2286
-199.056  179.614       2.1048
-199.056  183.496       1.2661
-199.056  187.378       0.9591
-199.056  191.261       1.1210
-199.056  195.143       1.3302
-199.056  199.025       2.0346
-199.056  202.907       2.4937
-199.056  206.789       2.1704
-199.056  210.672       1.7572
-199.056  214.554       2.0925
-199.056  218.436       3.1730
-199.056  222.318       4.8259
-199.056  226.201       4.8259
-199.056  230.083       4.8259
-199.056  233.965       4.8259
-199.056  237.847       4.8259
-199.056  241.729       4.8259
-199.056  245.612       4.8259
-199.056  249.494       4.8259
-199.056  253.376       4.8259
-199.056  257.258       4.8259
-199.056  261.141       4.8259
-199.056  265.023       4.8259
-195.635 -119.317       4.8259
-195.635 -115.435       4.8259
-195.635 -111.553       4.8259
-195.635 -107.670       4.8259
-195.635 -103.788       4.8259
-195.635  -99.906       4.8259
-195.635  -96.024       4.8259
-195.635  -92.141       4.8259
-195.635  -88.259       4.8259
-195.635  -84.377       4.8259
-195.635  -80.495       4.8259
-195.635  -76.613       4.8259
-195.635  -72.730       4.8259
-195.635  -68.848       4.8259
-195.635  -64.966       4.8259
-195.635  -61.084       4.8259
-195.635  -57.201       4.8259
-195.635  -53.319       4.8259
-195.635  -49.437       4.8259
-195.635  -45.555       4.8259
-195.635  -41.673       4.8259
-195.635  -37.790       4.8259
-195.635  -33.908       4.8259
-195.635  -30.026       4.8259
-195.635  -26.144       4.8259
-195.635  -22.261       4.8259
-195.635  -18.379       4.8259
-195.635  -14.497       4.8259
-195.635  -10.615       4.8259
-195.635   -6.733       4.8259
-195.635   -2.850       4.8259
-195.635    1.032       4.8259
-195.635    4.914       4.8259
-195.635    8.796       4.8259
-195.635   12.678       4.8259
-195.635   16.561       4.8259
-195.635   20.443       4.8259
-195.635   24.325       4.8259
-195.635   28.207       4.8259
-195.635   32.090       4.8259
-195.635   35.972       4.8259
-195.635   39.854       4.8259
-195.635   43.736       4.8259
-195.635   47.618       4.8259
-195.635   51.501       4.8259
-195.635   55.383       4.8259
-195.635   59.265       4.8259
-195.635   63.147       4.4127
-195.635   67.030       3.1028
-195.635   70.912       3.2526
-195.635   74.794       3.1028
-195.635   78.676       2.4262
-195.635   82.558       2.5699
-195.635   86.441       2.5977
-195.635   90.323       2.3466
-195.635   94.205       2.1988
-195.635   98.087       2.5434
-195.635  101.970       2.1433
-195.635  105.852       2.0129
-195.635  109.734       2.1988
-195.635  113.616       2.5434
-195.635  117.498       3.0400
-195.635  121.381       2.4703
-195.635  125.263       2.7983
-195.635  129.145       2.9832
-195.635  133.027       2.4937
-195.635  136.910       2.3466
-195.635  140.792       2.3282
-195.635  144.674       2.4262
-195.635  148.556       2.5434
-195.635  152.438       2.4262
-195.635  156.321       2.5434
-195.635  160.203       2.4262
-195.635  164.085       1.9523
-195.635  167.967       1.9150
-195.635  171.849       1.8714
-195.635  175.732       1.9523
-195.635  179.614       1.5892
-195.635  183.496       1.2941
-195.635  187.378       0.9813
-195.635  191.261       1.0244
-195.635  195.143       1.5155
-195.635  199.025       1.9920
-195.635  202.907       2.4478
-195.635  206.789       2.3850
-195.635  210.672       2.1048
-195.635  214.554       1.8799
-195.635  218.436       2.1988
-195.635  222.318       3.2526
-195.635  226.201       4.8259
-195.635  230.083       4.8259
-195.635  233.965       4.8259
-195.635  237.847       4.8259
-195.635  241.729       4.8259
-195.635  245.612       4.8259
-195.635  249.494       4.8259
-195.635  253.376       4.8259
-195.635  257.258       4.8259
-195.635  261.141       4.8259
-195.635  265.023       4.8259
-192.215 -119.317       4.8259
-192.215 -115.435       4.8259
-192.215 -111.553       4.8259
-192.215 -107.670       4.8259
-192.215 -103.788       4.8259
-192.215  -99.906       4.8259
-192.215  -96.024       4.8259
-192.215  -92.141       4.8259
-192.215  -88.259       4.8259
-192.215  -84.377       4.8259
-192.215  -80.495       4.8259
-192.215  -76.613       4.8259
-192.215  -72.730       4.8259
-192.215  -68.848       4.8259
-192.215  -64.966       4.8259
-192.215  -61.084       4.8259
-192.215  -57.201       4.8259
-192.215  -53.319       4.8259
-192.215  -49.437       4.8259
-192.215  -45.555       4.8259
-192.215  -41.673       4.8259
-192.215  -37.790       4.8259
-192.215  -33.908       4.8259
-192.215  -30.026       4.8259
-192.215  -26.144       4.8259
-192.215  -22.261       4.8259
-192.215  -18.379       4.8259
-192.215  -14.497       4.8259
-192.215  -10.615       4.8259
-192.215   -6.733       4.8259
-192.215   -2.850       4.8259
-192.215    1.032       4.8259
-192.215    4.914       4.8259
-192.215    8.796       4.8259
-192.215   12.678       4.8259
-192.215   16.561       4.8259
-192.215   20.443       4.8259
-192.215   24.325       4.8259
-192.215   28.207       4.8259
-192.215   32.090       4.8259
-192.215   35.972       4.8259
-192.215   39.854       4.8259
-192.215   43.736       4.8259
-192.215   47.618       4.8259
-192.215   51.501       4.8259
-192.215   55.383       4.8259
-192.215   59.265       4.8259
-192.215   63.147       4.8259
-192.215   67.030       3.9995
-192.215   70.912       3.4532
-192.215   74.794       3.2526
-192.215   78.676       2.9832
-192.215   82.558       2.7598
-192.215   86.441       2.5699
-192.215   90.323       2.4052
-192.215   94.205       2.4937
-192.215   98.087       2.3466
-192.215  101.970       2.4703
-192.215  105.852       2.1433
-192.215  109.734       2.1704
-192.215  113.616       2.3850
-192.215  117.498       3.2526
-192.215  121.381       3.1028
-192.215  125.263       3.0400
-192.215  129.145       2.6268
-192.215  133.027       2.2763
-192.215  136.910       2.1302
-192.215  140.792       2.3655
-192.215  144.674       2.6268
-192.215  148.556       2.7983
-192.215  152.438       2.6573
-192.215  156.321       2.4052
-192.215  160.203       2.4052
-192.215  164.085       1.9619
-192.215  167.967       1.6673
-192.215  171.849       1.6382
-192.215  175.732       1.6978
-192.215  179.614       1.5155
-192.215  183.496       1.2307
-192.215  187.378       1.0005
-192.215  191.261       1.1258
-192.215  195.143       1.2909
-192.215  199.025       1.6104
-192.215  202.907       1.6051
-192.215  206.789       1.6854
-192.215  210.672       1.6613
-192.215  214.554       1.8078
-192.215  218.436       2.2135
-192.215  222.318       3.1730
-192.215  226.201       4.8259
-192.215  230.083       4.8259
-192.215  233.965       4.8259
-192.215  237.847       4.8259
-192.215  241.729       4.8259
-192.215  245.612       4.8259
-192.215  249.494       4.8259
-192.215  253.376       4.8259
-192.215  257.258       4.8259
-192.215  261.141       4.8259
-192.215  265.023       4.8259
-188.795 -119.317       4.8259
-188.795 -115.435       4.8259
-188.795 -111.553       4.8259
-188.795 -107.670       4.8259
-188.795 -103.788       4.8259
-188.795  -99.906       4.8259
-188.795  -96.024       4.8259
-188.795  -92.141       4.8259
-188.795  -88.259       4.8259
-188.795  -84.377       4.8259
-188.795  -80.495       4.8259
-188.795  -76.613       4.8259
-188.795  -72.730       4.8259
-188.795  -68.848       4.8259
-188.795  -64.966       4.8259
-188.795  -61.084       4.8259
-188.795  -57.201       4.8259
-188.795  -53.319       4.8259
-188.795  -49.437       4.8259
-188.795  -45.555       4.8259
-188.795  -41.673       4.8259
-188.795  -37.790       4.8259
-188.795  -33.908       4.8259
-188.795  -30.026       4.8259
-188.795  -26.144       4.8259
-188.795  -22.261       4.8259
-188.795  -18.379       4.8259
-188.795  -14.497       4.8259
-188.795  -10.615       4.8259
-188.795   -6.733       4.8259
-188.795   -2.850       4.8259
-188.795    1.032       4.8259
-188.795    4.914       4.8259
-188.795    8.796       4.8259
-188.795   12.678       4.8259
-188.795   16.561       4.8259
-188.795   20.443       4.8259
-188.795   24.325       4.8259
-188.795   28.207       4.8259
-188.795   32.090       4.8259
-188.795   35.972       4.8259
-188.795   39.854       4.8259
-188.795   43.736       4.8259
-188.795   47.618       4.8259
-188.795   51.501       4.8259
-188.795   55.383       4.8259
-188.795   59.265       4.8259
-188.795   63.147       4.4127
-188.795   67.030       3.9995
-188.795   70.912       4.4127
-188.795   74.794       3.3445
-188.795   78.676       3.0400
-188.795   82.558       2.5699
-188.795   86.441       2.3466
-188.795   90.323       2.4262
-188.795   94.205       2.3850
-188.795   98.087       2.4937
-188.795  101.970       2.4937
-188.795  105.852       2.3104
-188.795  109.734       2.5181
-188.795  113.616       2.4937
-188.795  117.498       2.4478
-188.795  121.381       2.6573
-188.795  125.263       2.5699
-188.795  129.145       2.3282
-188.795  133.027       2.3655
-188.795  136.910       2.1567
-188.795  140.792       2.4052
-188.795  144.674       2.4703
-188.795  148.556       2.4478
-188.795  152.438       2.6896
-188.795  156.321       2.2931
-188.795  160.203       2.0237
-188.795  164.085       1.7712
-188.795  167.967       1.6325
-188.795  171.849       1.5155
-188.795  175.732       1.5201
-188.795  179.614       1.5636
-188.795  183.496       1.2335
-188.795  187.378       0.9870
-188.795  191.261       1.0084
-188.795  195.143       0.9738
-188.795  199.025       1.0123
-188.795  202.907       0.9795
-188.795  206.789       0.9813
-188.795  210.672       1.1681
-188.795  214.554       1.5063
-188.795  218.436       1.9150
-188.795  222.318       3.1028
-188.795  226.201       3.9995
-188.795  230.083       4.8259
-188.795  233.965       4.8259
-188.795  237.847       4.8259
-188.795  241.729       4.8259
-188.795  245.612       4.8259
-188.795  249.494       4.8259
-188.795  253.376       4.8259
-188.795  257.258       4.8259
-188.795  261.141       4.8259
-188.795  265.023       4.8259
-185.374 -119.317       4.8259
-185.374 -115.435       4.8259
-185.374 -111.553       4.8259
-185.374 -107.670       4.8259
-185.374 -103.788       4.8259
-185.374  -99.906       4.8259
-185.374  -96.024       4.8259
-185.374  -92.141       4.8259
-185.374  -88.259       4.8259
-185.374  -84.377       4.8259
-185.374  -80.495       4.8259
-185.374  -76.613       4.8259
-185.374  -72.730       4.8259
-185.374  -68.848       4.8259
-185.374  -64.966       4.8259
-185.374  -61.084       4.8259
-185.374  -57.201       4.8259
-185.374  -53.319       4.8259
-185.374  -49.437       4.8259
-185.374  -45.555       4.8259
-185.374  -41.673       4.8259
-185.374  -37.790       4.8259
-185.374  -33.908       4.8259
-185.374  -30.026       4.8259
-185.374  -26.144       4.8259
-185.374  -22.261       4.8259
-185.374  -18.379       4.8259
-185.374  -14.497       4.8259
-185.374  -10.615       4.8259
-185.374   -6.733       4.8259
-185.374   -2.850       4.8259
-185.374    1.032       4.8259
-185.374    4.914       4.8259
-185.374    8.796       4.8259
-185.374   12.678       4.8259
-185.374   16.561       4.8259
-185.374   20.443       4.8259
-185.374   24.325       4.8259
-185.374   28.207       4.8259
-185.374   32.090       4.8259
-185.374   35.972       4.8259
-185.374   39.854       4.8259
-185.374   43.736       4.8259
-185.374   47.618       4.8259
-185.374   51.501       4.8259
-185.374   55.383       4.8259
-185.374   59.265       4.8259
-185.374   63.147       4.4127
-185.374   67.030       3.7577
-185.374   70.912       3.3445
-185.374   74.794       3.9995
-185.374   78.676       3.4532
-185.374   82.558       3.4532
-185.374   86.441       2.4262
-185.374   90.323       2.3850
-185.374   94.205       2.4703
-185.374   98.087       2.2763
-185.374  101.970       2.2600
-185.374  105.852       2.2600
-185.374  109.734       2.4052
-185.374  113.616       2.1844
-185.374  117.498       2.2441
-185.374  121.381       2.6573
-185.374  125.263       2.5434
-185.374  129.145       2.0458
-185.374  133.027       2.3282
-185.374  136.910       2.4052
-185.374  140.792       2.3466
-185.374  144.674       2.2763
-185.374  148.556       2.2931
-185.374  152.438       2.8394
-185.374  156.321       2.3104
-185.374  160.203       2.0129
-185.374  164.085       1.5487
-185.374  167.967       1.4099
-185.374  171.849       1.4295
-185.374  175.732       1.5737
-185.374  179.614       1.4624
-185.374  183.496       1.0599
-185.374  187.378       0.8174
-185.374  191.261       0.9136
-185.374  195.143       0.6764
-185.374  199.025       0.5523
-185.374  202.907       0.5681
-185.374  206.789       0.6318
-185.374  210.672       0.7936
-185.374  214.554       1.1429
-185.374  218.436       1.5063
-185.374  222.318       2.5434
-185.374  226.201       3.9995
-185.374  230.083       4.8259
-185.374  233.965       4.8259
-185.374  237.847       4.8259
-185.374  241.729       4.8259
-185.374  245.612       4.8259
-185.374  249.494       4.8259
-185.374  253.376       4.8259
-185.374  257.258       4.8259
-185.374  261.141       4.8259
-185.374  265.023       4.8259
-181.954 -119.317       4.8259
-181.954 -115.435       4.8259
-181.954 -111.553       4.8259
-181.954 -107.670       4.8259
-181.954 -103.788       4.8259
-181.954  -99.906       4.8259
-181.954  -96.024       4.8259
-181.954  -92.141       4.8259
-181.954  -88.259       4.8259
-181.954  -84.377       4.8259
-181.954  -80.495       4.8259
-181.954  -76.613       4.8259
-181.954  -72.730       4.8259
-181.954  -68.848       4.8259
-181.954  -64.966       4.8259
-181.954  -61.084       4.8259
-181.954  -57.201       4.8259
-181.954  -53.319       4.8259
-181.954  -49.437       4.8259
-181.954  -45.555       4.8259
-181.954  -41.673       4.8259
-181.954  -37.790       4.8259
-181.954  -33.908       4.8259
-181.954  -30.026       4.8259
-181.954  -26.144       4.8259
-181.954  -22.261       4.8259
-181.954  -18.379       4.8259
-181.954  -14.497       4.8259
-181.954  -10.615       4.8259
-181.954   -6.733       4.8259
-181.954   -2.850       4.8259
-181.954    1.032       4.8259
-181.954    4.914       4.8259
-181.954    8.796       4.8259
-181.954   12.678       4.8259
-181.954   16.561       4.8259
-181.954   20.443       4.8259
-181.954   24.325       4.8259
-181.954   28.207       4.8259
-181.954   32.090       4.8259
-181.954   35.972       4.8259
-181.954   39.854       4.8259
-181.954   43.736       4.8259
-181.954   47.618       4.8259
-181.954   51.501       4.8259
-181.954   55.383       4.8259
-181.954   59.265       4.8259
-181.954   63.147       4.8259
-181.954   67.030       4.4127
-181.954   70.912       4.8259
-181.954   74.794       3.5862
-181.954   78.676       3.1028
-181.954   82.558       2.8394
-181.954   86.441       2.3466
-181.954   90.323       2.1704
-181.954   94.205       2.2931
-181.954   98.087       2.3104
-181.954  101.970       2.4052
-181.954  105.852       2.1988
-181.954  109.734       2.4703
-181.954  113.616       2.3282
-181.954  117.498       2.3282
-181.954  121.381       2.7236
-181.954  125.263       2.5699
-181.954  129.145       2.1704
-181.954  133.027       2.3655
-181.954  136.910       2.3282
-181.954  140.792       2.5181
-181.954  144.674       2.3104
-181.954  148.556       2.4262
-181.954  152.438       2.4937
-181.954  156.321       2.3850
-181.954  160.203       1.9523
-181.954  164.085       1.5892
-181.954  167.967       1.4137
-181.954  171.849       1.3580
-181.954  175.732       1.6854
-181.954  179.614       1.4216
-181.954  183.496       0.7746
-181.954  187.378       0.5757
-181.954  191.261       0.4328
-181.954  195.143       0.2869
-181.954  199.025       0.1649
-181.954  202.907       0.1969
-181.954  206.789       0.2740
-181.954  210.672       0.5253
-181.954  214.554       0.8513
-181.954  218.436       1.0044
-181.954  222.318       1.6439
-181.954  226.201       2.6573
-181.954  230.083       3.5862
-181.954  233.965       4.8259
-181.954  237.847       4.8259
-181.954  241.729       4.8259
-181.954  245.612       4.8259
-181.954  249.494       4.8259
-181.954  253.376       4.8259
-181.954  257.258       4.8259
-181.954  261.141       4.8259
-181.954  265.023       4.8259
-178.534 -119.317       4.8259
-178.534 -115.435       4.8259
-178.534 -111.553       4.8259
-178.534 -107.670       4.8259
-178.534 -103.788       4.8259
-178.534  -99.906       4.8259
-178.534  -96.024       4.8259
-178.534  -92.141       4.8259
-178.534  -88.259       4.8259
-178.534  -84.377       4.8259
-178.534  -80.495       4.8259
-178.534  -76.613       4.8259
-178.534  -72.730       4.8259
-178.534  -68.848       4.8259
-178.534  -64.966       4.8259
-178.534  -61.084       4.8259
-178.534  -57.201       4.8259
-178.534  -53.319       4.8259
-178.534  -49.437       4.8259
-178.534  -45.555       4.8259
-178.534  -41.673       4.8259
-178.534  -37.790       4.8259
-178.534  -33.908       4.8259
-178.534  -30.026       4.8259
-178.534  -26.144       4.8259
-178.534  -22.261       4.8259
-178.534  -18.379       4.8259
-178.534  -14.497       4.8259
-178.534  -10.615       4.8259
-178.534   -6.733       4.8259
-178.534   -2.850       4.8259
-178.534    1.032       4.8259
-178.534    4.914       4.8259
-178.534    8.796       4.8259
-178.534   12.678       4.8259
-178.534   16.561       4.8259
-178.534   20.443       4.8259
-178.534   24.325       4.8259
-178.534   28.207       4.8259
-178.534   32.090       4.8259
-178.534   35.972       4.8259
-178.534   39.854       4.8259
-178.534   43.736       4.8259
-178.534   47.618       4.8259
-178.534   51.501       4.8259
-178.534   55.383       4.8259
-178.534   59.265       4.8259
-178.534   63.147       4.8259
-178.534   67.030       4.8259
-178.534   70.912       4.8259
-178.534   74.794       4.4127
-178.534   78.676       2.9313
-178.534   82.558       2.9313
-178.534   86.441       2.6896
-178.534   90.323       2.4703
-178.534   94.205       2.3466
-178.534   98.087       2.3655
-178.534  101.970       2.3466
-178.534  105.852       2.4937
-178.534  109.734       2.3282
-178.534  113.616       2.5434
-178.534  117.498       2.8836
-178.534  121.381       2.8836
-178.534  125.263       2.6896
-178.534  129.145       2.5434
-178.534  133.027       2.4262
-178.534  136.910       2.6896
-178.534  140.792       2.6268
-178.534  144.674       2.6573
-178.534  148.556       2.8394
-178.534  152.438       2.7983
-178.534  156.321       2.6268
-178.534  160.203       2.1844
-178.534  164.085       1.6214
-178.534  167.967       1.2452
-178.534  171.849       1.3544
-178.534  175.732       1.6555
-178.534  179.614       1.2422
-178.534  183.496       0.6051
-178.534  187.378       0.4519
-178.534  191.261       0.4629
-178.534  195.143       0.2465
-178.534  199.025      -0.0000
-178.534  202.907       0.1898
-178.534  206.789       0.2672
-178.534  210.672       0.4136
-178.534  214.554       0.7066
-178.534  218.436       1.0685
-178.534  222.318       1.2109
-178.534  226.201       1.4295
-178.534  230.083       2.5181
-178.534  233.965       4.4127
-178.534  237.847       4.8259
-178.534  241.729       4.8259
-178.534  245.612       4.8259
-178.534  249.494       4.8259
-178.534  253.376       4.8259
-178.534  257.258       4.8259
-178.534  261.141       4.8259
-178.534  265.023       4.8259
-175.113 -119.317       4.8259
-175.113 -115.435       4.8259
-175.113 -111.553       4.8259
-175.113 -107.670       4.8259
-175.113 -103.788       4.8259
-175.113  -99.906       4.8259
-175.113  -96.024       4.8259
-175.113  -92.141       4.8259
-175.113  -88.259       4.8259
-175.113  -84.377       4.8259
-175.113  -80.495       4.8259
-175.113  -76.613       4.8259
-175.113  -72.730       4.8259
-175.113  -68.848       4.8259
-175.113  -64.966       4.8259
-175.113  -61.084       4.8259
-175.113  -57.201       4.8259
-175.113  -53.319       4.8259
-175.113  -49.437       4.8259
-175.113  -45.555       4.8259
-175.113  -41.673       4.8259
-175.113  -37.790       4.8259
-175.113  -33.908       4.8259
-175.113  -30.026       4.8259
-175.113  -26.144       4.8259
-175.113  -22.261       4.8259
-175.113  -18.379       4.8259
-175.113  -14.497       4.8259
-175.113  -10.615       4.8259
-175.113   -6.733       4.8259
-175.113   -2.850       4.8259
-175.113    1.032       4.8259
-175.113    4.914       4.8259
-175.113    8.796       4.8259
-175.113   12.678       4.8259
-175.113   16.561       4.8259
-175.113   20.443       4.8259
-175.113   24.325       4.8259
-175.113   28.207       4.8259
-175.113   32.090       4.8259
-175.113   35.972       4.8259
-175.113   39.854       4.8259
-175.113   43.736       4.8259
-175.113   47.618       4.8259
-175.113   51.501       4.8259
-175.113   55.383       4.8259
-175.113   59.265       4.8259
-175.113   63.147       4.8259
-175.113   67.030       4.8259
-175.113   70.912       4.8259
-175.113   74.794       4.8259
-175.113   78.676       3.3445
-175.113   82.558       3.4532
-175.113   86.441       3.5862
-175.113   90.323       3.2526
-175.113   94.205       2.9313
-175.113   98.087       2.3282
-175.113  101.970       2.3104
-175.113  105.852       2.0925
-175.113  109.734       2.1567
-175.113  113.616       2.3655
-175.113  117.498       2.5699
-175.113  121.381       2.8394
-175.113  125.263       2.6268
-175.113  129.145       2.5977
-175.113  133.027       2.6573
-175.113  136.910       2.3655
-175.113  140.792       2.5977
-175.113  144.674       2.8394
-175.113  148.556       2.7598
-175.113  152.438       2.7983
-175.113  156.321       2.4262
-175.113  160.203       2.1433
-175.113  164.085       1.5944
-175.113  167.967       1.3687
-175.113  171.849       1.4499
-175.113  175.732       1.4884
-175.113  179.614       1.0773
-175.113  183.496       0.6381
-175.113  187.378       0.5351
-175.113  191.261       0.6564
-175.113  195.143       0.5767
-175.113  199.025       0.5289
-175.113  202.907       0.6742
-175.113  206.789       0.7773
-175.113  210.672       0.7881
-175.113  214.554       0.8334
-175.113  218.436       1.1656
-175.113  222.318       1.2307
-175.113  226.201       1.1604
-175.113  230.083       1.4928
-175.113  233.965       2.7598
-175.113  237.847       3.7577
-175.113  241.729       4.8259
-175.113  245.612       4.8259
-175.113  249.494       4.8259
-175.113  253.376       4.8259
-175.113  257.258       4.8259
-175.113  261.141       4.8259
-175.113  265.023       4.8259
-171.693 -119.317       4.8259
-171.693 -115.435       4.8259
-171.693 -111.553       4.8259
-171.693 -107.670       4.8259
-171.693 -103.788       4.8259
-171.693  -99.906       4.8259
-171.693  -96.024       4.8259
-171.693  -92.141       4.8259
-171.693  -88.259       4.8259
-171.693  -84.377       4.8259
-171.693  -80.495       4.8259
-171.693  -76.613       4.8259
-171.693  -72.730       4.8259
-171.693  -68.848       4.8259
-171.693  -64.966       4.8259
-171.693  -61.084       4.8259
-171.693  -57.201       4.8259
-171.693  -53.319       4.8259
-171.693  -49.437       4.8259
-171.693  -45.555       4.8259
-171.693  -41.673       4.8259
-171.693  -37.790       4.8259
-171.693  -33.908       4.8259
-171.693  -30.026       4.8259
-171.693  -26.144       4.8259
-171.693  -22.261       4.8259
-171.693  -18.379       4.8259
-171.693  -14.497       4.8259
-171.693  -10.615       4.8259
-171.693   -6.733       4.8259
-171.693   -2.850       4.8259
-171.693    1.032       4.8259
-171.693    4.914       4.8259
-171.693    8.796       4.8259
-171.693   12.678       4.8259
-171.693   16.561       4.8259
-171.693   20.443       4.8259
-171.693   24.325       4.8259
-171.693   28.207       4.8259
-171.693   32.090       4.8259
-171.693   35.972       4.8259
-171.693   39.854       4.8259
-171.693   43.736       4.8259
-171.693   47.618       4.8259
-171.693   51.501       4.8259
-171.693   55.383       4.8259
-171.693   59.265       4.8259
-171.693   63.147       4.8259
-171.693   67.030       4.8259
-171.693   70.912       4.8259
-171.693   74.794       4.8259
-171.693   78.676       4.4127
-171.693   82.558       3.7577
-171.693   86.441       4.4127
-171.693   90.323       3.7577
-171.693   94.205       3.0400
-171.693   98.087       2.5977
-171.693  101.970       2.4262
-171.693  105.852       2.0571
-171.693  109.734       2.2600
-171.693  113.616       2.0237
-171.693  117.498       2.3104
-171.693  121.381       2.8836
-171.693  125.263       2.6268
-171.693  129.145       2.7598
-171.693  133.027       2.3655
-171.693  136.910       2.9313
-171.693  140.792       2.7236
-171.693  144.674       2.6896
-171.693  148.556       2.6573
-171.693  152.438       3.1028
-171.693  156.321       2.4262
-171.693  160.203       1.9920
-171.693  164.085       1.7170
-171.693  167.967       1.5536
-171.693  171.849       1.5586
-171.693  175.732       1.4376
-171.693  179.614       1.0103
-171.693  183.496       0.6787
-171.693  187.378       0.6520
-171.693  191.261       0.8873
-171.693  195.143       1.2909
-171.693  199.025       1.7105
-171.693  202.907       1.9150
-171.693  206.789       1.6613
-171.693  210.672       1.4216
-171.693  214.554       1.3202
-171.693  218.436       1.4255
-171.693  222.318       1.2973
-171.693  226.201       1.0707
-171.693  230.083       0.9359
-171.693  233.965       1.3908
-171.693  237.847       2.3466
-171.693  241.729       3.9995
-171.693  245.612       4.8259
-171.693  249.494       4.8259
-171.693  253.376       4.8259
-171.693  257.258       4.8259
-171.693  261.141       4.8259
-171.693  265.023       4.8259
-168.273 -119.317       4.8259
-168.273 -115.435       4.8259
-168.273 -111.553       4.8259
-168.273 -107.670       4.8259
-168.273 -103.788       4.8259
-168.273  -99.906       4.8259
-168.273  -96.024       4.8259
-168.273  -92.141       4.8259
-168.273  -88.259       4.8259
-168.273  -84.377       4.8259
-168.273  -80.495       4.8259
-168.273  -76.613       4.8259
-168.273  -72.730       4.8259
-168.273  -68.848       4.8259
-168.273  -64.966       4.8259
-168.273  -61.084       4.8259
-168.273  -57.201       4.8259
-168.273  -53.319       4.8259
-168.273  -49.437       4.8259
-168.273  -45.555       4.8259
-168.273  -41.673       4.8259
-168.273  -37.790       4.8259
-168.273  -33.908       4.8259
-168.273  -30.026       4.8259
-168.273  -26.144       4.8259
-168.273  -22.261       4.8259
-168.273  -18.379       4.8259
-168.273  -14.497       4.8259
-168.273  -10.615       4.8259
-168.273   -6.733       4.8259
-168.273   -2.850       4.8259
-168.273    1.032       4.8259
-168.273    4.914       4.8259
-168.273    8.796       4.8259
-168.273   12.678       4.8259
-168.273   16.561       4.8259
-168.273   20.443       4.8259
-168.273   24.325       4.8259
-168.273   28.207       4.8259
-168.273   32.090       4.8259
-168.273   35.972       4.8259
-168.273   39.854       4.8259
-168.273   43.736       4.8259
-168.273   47.618       4.8259
-168.273   51.501       4.8259
-168.273   55.383       4.8259
-168.273   59.265       4.8259
-168.273   63.147       4.8259
-168.273   67.030       4.8259
-168.273   70.912       4.8259
-168.273   74.794       4.8259
-168.273   78.676       4.8259
-168.273   82.558       4.8259
-168.273   86.441       3.9995
-168.273   90.323       4.4127
-168.273   94.205       2.9313
-168.273   98.087       2.5434
-168.273  101.970       2.7983
-168.273  105.852       2.0571
-168.273  109.734       2.1988
-168.273  113.616       2.1174
-168.273  117.498       2.0805
-168.273  121.381       2.5181
-168.273  125.263       2.3466
-168.273  129.145       2.4937
-168.273  133.027       2.2135
-168.273  136.910       2.4262
-168.273  140.792       2.2441
-168.273  144.674       2.5181
-168.273  148.556       2.2600
-168.273  152.438       2.5977
-168.273  156.321       2.4478
-168.273  160.203       2.0687
-168.273  164.085       1.8388
-168.273  167.967       1.3544
-168.273  171.849       1.3509
-168.273  175.732       1.2753
-168.273  179.614       0.9720
-168.273  183.496       0.8089
-168.273  187.378       0.9609
-168.273  191.261       1.3103
-168.273  195.143       2.3466
-168.273  199.025       3.4532
-168.273  202.907       3.5862
-168.273  206.789       2.2286
-168.273  210.672       1.8309
-168.273  214.554       1.7435
-168.273  218.436       1.8154
-168.273  222.318       1.6159
-168.273  226.201       1.2630
-168.273  230.083       0.9359
-168.273  233.965       1.0325
-168.273  237.847       1.4540
-168.273  241.729       2.9313
-168.273  245.612       4.8259
-168.273  249.494       4.8259
-168.273  253.376       4.8259
-168.273  257.258       4.8259
-168.273  261.141       4.8259
-168.273  265.023       4.8259
-164.852 -119.317       4.8259
-164.852 -115.435       4.8259
-164.852 -111.553       4.8259
-164.852 -107.670       4.8259
-164.852 -103.788       4.8259
-164.852  -99.906       4.8259
-164.852  -96.024       4.8259
-164.852  -92.141       4.8259
-164.852  -88.259       4.8259
-164.852  -84.377       4.8259
-164.852  -80.495       4.8259
-164.852  -76.613       4.8259
-164.852  -72.730       4.8259
-164.852  -68.848       4.8259
-164.852  -64.966       4.8259
-164.852  -61.084       4.8259
-164.852  -57.201       4.8259
-164.852  -53.319       4.8259
-164.852  -49.437       4.8259
-164.852  -45.555       4.8259
-164.852  -41.673       4.8259
-164.852  -37.790       4.8259
-164.852  -33.908       4.8259
-164.852  -30.026       4.8259
-164.852  -26.144       4.8259
-164.852  -22.261       4.8259
-164.852  -18.379       4.8259
-164.852  -14.497       4.8259
-164.852  -10.615       4.8259
-164.852   -6.733       4.8259
-164.852   -2.850       4.8259
-164.852    1.032       4.8259
-164.852    4.914       4.8259
-164.852    8.796       4.8259
-164.852   12.678       4.8259
-164.852   16.561       4.8259
-164.852   20.443       4.8259
-164.852   24.325       4.8259
-164.852   28.207       4.8259
-164.852   32.090       4.8259
-164.852   35.972       4.8259
-164.852   39.854       4.8259
-164.852   43.736       4.8259
-164.852   47.618       4.8259
-164.852   51.501       4.8259
-164.852   55.383       4.8259
-164.852   59.265       4.8259
-164.852   63.147       4.8259
-164.852   67.030       4.8259
-164.852   70.912       4.8259
-164.852   74.794       4.8259
-164.852   78.676       4.8259
-164.852   82.558       4.8259
-164.852   86.441       4.8259
-164.852   90.323       3.5862
-164.852   94.205       2.9313
-164.852   98.087       2.4478
-164.852  101.970       2.6268
-164.852  105.852       2.2931
-164.852  109.734       2.3655
-164.852  113.616       2.1048
-164.852  117.498       2.1567
-164.852  121.381       2.2441
-164.852  125.263       2.4262
-164.852  129.145       2.5434
-164.852  133.027       2.2286
-164.852  136.910       2.1988
-164.852  140.792       2.4262
-164.852  144.674       2.3466
-164.852  148.556       2.3850
-164.852  152.438       2.3282
-164.852  156.321       2.0129
-164.852  160.203       1.8388
-164.852  164.085       1.8154
-164.852  167.967       1.4417
-164.852  171.849       1.2422
-164.852  175.732       1.2193
-164.852  179.614       1.0664
-164.852  183.496       0.8334
-164.852  187.378       1.2027
-164.852  191.261       1.9150
-164.852  195.143       3.3445
-164.852  199.025       4.8259
-164.852  202.907       4.8259
-164.852  206.789       2.8394
-164.852  210.672       1.8972
-164.852  214.554       1.6104
-164.852  218.436       1.7503
-164.852  222.318       2.6896
-164.852  226.201       1.9427
-164.852  230.083       1.3135
-164.852  233.965       1.3302
-164.852  237.847       1.0044
-164.852  241.729       1.4624
-164.852  245.612       3.4532
-164.852  249.494       4.8259
-164.852  253.376       4.8259
-164.852  257.258       4.8259
-164.852  261.141       4.8259
-164.852  265.023       4.8259
-161.432 -119.317       4.8259
-161.432 -115.435       4.8259
-161.432 -111.553       4.8259
-161.432 -107.670       4.8259
-161.432 -103.788       4.8259
-161.432  -99.906       4.8259
-161.432  -96.024       4.8259
-161.432  -92.141       4.8259
-161.432  -88.259       4.8259
-161.432  -84.377       4.8259
-161.432  -80.495       4.8259
-161.432  -76.613       4.8259
-161.432  -72.730       4.8259
-161.432  -68.848       4.8259
-161.432  -64.966       4.8259
-161.432  -61.084       4.8259
-161.432  -57.201       4.8259
-161.432  -53.319       4.8259
-161.432  -49.437       4.8259
-161.432  -45.555       4.8259
-161.432  -41.673       4.8259
-161.432  -37.790       4.8259
-161.432  -33.908       4.8259
-161.432  -30.026       4.8259
-161.432  -26.144       4.8259
-161.432  -22.261       4.8259
-161.432  -18.379       4.8259
-161.432  -14.497       4.8259
-161.432  -10.615       4.8259
-161.432   -6.733       4.8259
-161.432   -2.850       4.8259
-161.432    1.032       4.8259
-161.432    4.914       4.8259
-161.432    8.796       4.8259
-161.432   12.678       4.8259
-161.432   16.561       4.8259
-161.432   20.443       4.8259
-161.432   24.325       4.8259
-161.432   28.207       4.8259
-161.432   32.090       4.8259
-161.432   35.972       4.8259
-161.432   39.854       4.8259
-161.432   43.736       4.8259
-161.432   47.618       4.8259
-161.432   51.501       4.8259
-161.432   55.383       4.8259
-161.432   59.265       4.8259
-161.432   63.147       4.8259
-161.432   67.030       4.8259
-161.432   70.912       4.8259
-161.432   74.794       4.8259
-161.432   78.676       4.8259
-161.432   82.558       4.8259
-161.432   86.441       3.2526
-161.432   90.323       3.2526
-161.432   94.205       2.6268
-161.432   98.087       2.4703
-161.432  101.970       2.6268
-161.432  105.852       2.4703
-161.432  109.734       2.2441
-161.432  113.616       2.3282
-161.432  117.498       2.3104
-161.432  121.381       2.5977
-161.432  125.263       2.7236
-161.432  129.145       2.5977
-161.432  133.027       2.2600
-161.432  136.910       2.3655
-161.432  140.792       2.1988
-161.432  144.674       2.5434
-161.432  148.556       2.4703
-161.432  152.438       2.2763
-161.432  156.321       2.0925
-161.432  160.203       2.0346
-161.432  164.085       1.7783
-161.432  167.967       1.5342
-161.432  171.849       1.3544
-161.432  175.732       1.3544
-161.432  179.614       1.1045
-161.432  183.496       0.8857
-161.432  187.378       1.2137
-161.432  191.261       2.2286
-161.432  195.143       4.4127
-161.432  199.025       4.8259
-161.432  202.907       4.8259
-161.432  206.789       4.8259
-161.432  210.672       2.3282
-161.432  214.554       1.8631
-161.432  218.436       1.6613
-161.432  222.318       2.6896
-161.432  226.201       3.3445
-161.432  230.083       2.2286
-161.432  233.965       2.0129
-161.432  237.847       1.2393
-161.432  241.729       1.0492
-161.432  245.612       2.0571
-161.432  249.494       3.7577
-161.432  253.376       4.8259
-161.432  257.258       4.8259
-161.432  261.141       4.8259
-161.432  265.023       4.8259
-158.012 -119.317       4.8259
-158.012 -115.435       4.8259
-158.012 -111.553       4.8259
-158.012 -107.670       4.8259
-158.012 -103.788       4.8259
-158.012  -99.906       4.8259
-158.012  -96.024       4.8259
-158.012  -92.141       4.8259
-158.012  -88.259       4.8259
-158.012  -84.377       4.8259
-158.012  -80.495       4.8259
-158.012  -76.613       4.8259
-158.012  -72.730       4.8259
-158.012  -68.848       4.8259
-158.012  -64.966       4.8259
-158.012  -61.084       4.8259
-158.012  -57.201       4.8259
-158.012  -53.319       4.8259
-158.012  -49.437       4.8259
-158.012  -45.555       4.8259
-158.012  -41.673       4.8259
-158.012  -37.790       4.8259
-158.012  -33.908       4.8259
-158.012  -30.026       4.8259
-158.012  -26.144       4.8259
-158.012  -22.261       4.8259
-158.012  -18.379       4.8259
-158.012  -14.497       4.8259
-158.012  -10.615       4.8259
-158.012   -6.733       4.8259
-158.012   -2.850       4.8259
-158.012    1.032       4.8259
-158.012    4.914       4.8259
-158.012    8.796       4.8259
-158.012   12.678       4.8259
-158.012   16.561       4.8259
-158.012   20.443       4.8259
-158.012   24.325       4.8259
-158.012   28.207       4.8259
-158.012   32.090       4.8259
-158.012   35.972       4.8259
-158.012   39.854       4.8259
-158.012   43.736       4.8259
-158.012   47.618       4.8259
-158.012   51.501       4.8259
-158.012   55.383       4.8259
-158.012   59.265       4.8259
-158.012   63.147       4.8259
-158.012   67.030       4.8259
-158.012   70.912       4.8259
-158.012   74.794       4.8259
-158.012   78.676       4.8259
-158.012   82.558       4.4127
-158.012   86.441       3.5862
-158.012   90.323       3.1028
-158.012   94.205       2.6573
-158.012   98.087       2.4937
-158.012  101.970       2.7236
-158.012  105.852       2.6573
-158.012  109.734       2.7236
-158.012  113.616       2.6896
-158.012  117.498       2.4937
-158.012  121.381       2.7598
-158.012  125.263       2.6573
-158.012  129.145       2.7236
-158.012  133.027       2.5699
-158.012  136.910       2.3104
-158.012  140.792       2.4262
-158.012  144.674       2.5699
-158.012  148.556       2.4262
-158.012  152.438       2.3655
-158.012  156.321       2.1302
-158.012  160.203       1.8799
-158.012  164.085       1.8309
-158.012  167.967       1.6854
-158.012  171.849       1.4540
-158.012  175.732       1.6214
-158.012  179.614       1.2511
-158.012  183.496       1.1306
-158.012  187.378       1.4376
-158.012  191.261       2.0458
-158.012  195.143       3.4532
-158.012  199.025       4.8259
-158.012  202.907       4.8259
-158.012  206.789       4.8259
-158.012  210.672       3.2526
-158.012  214.554       1.7783
-158.012  218.436       1.6325
-158.012  222.318       2.7983
-158.012  226.201       3.7577
-158.012  230.083       4.4127
-158.012  233.965       2.8836
-158.012  237.847       1.7170
-158.012  241.729       0.9120
-158.012  245.612       1.4753
-158.012  249.494       3.2526
-158.012  253.376       4.8259
-158.012  257.258       4.8259
-158.012  261.141       4.8259
-158.012  265.023       4.8259
-154.591 -119.317       4.8259
-154.591 -115.435       4.8259
-154.591 -111.553       4.8259
-154.591 -107.670       4.8259
-154.591 -103.788       4.8259
-154.591  -99.906       4.8259
-154.591  -96.024       4.8259
-154.591  -92.141       4.8259
-154.591  -88.259       4.8259
-154.591  -84.377       4.8259
-154.591  -80.495       4.8259
-154.591  -76.613       4.8259
-154.591  -72.730       4.8259
-154.591  -68.848       4.8259
-154.591  -64.966       4.8259
-154.591  -61.084       4.8259
-154.591  -57.201       4.8259
-154.591  -53.319       4.8259
-154.591  -49.437       4.8259
-154.591  -45.555       4.8259
-154.591  -41.673       4.8259
-154.591  -37.790       4.8259
-154.591  -33.908       4.8259
-154.591  -30.026       4.8259
-154.591  -26.144       4.8259
-154.591  -22.261       4.8259
-154.591  -18.379       4.8259
-154.591  -14.497       4.8259
-154.591  -10.615       4.8259
-154.591   -6.733       4.8259
-154.591   -2.850       4.8259
-154.591    1.032       4.8259
-154.591    4.914       4.8259
-154.591    8.796       4.8259
-154.591   12.678       4.8259
-154.591   16.561       4.8259
-154.591   20.443       4.8259
-154.591   24.325       4.8259
-154.591   28.207       4.8259
-154.591   32.090       4.8259
-154.591   35.972       4.8259
-154.591   39.854       4.8259
-154.591   43.736       4.8259
-154.591   47.618       4.8259
-154.591   51.501       4.8259
-154.591   55.383       4.8259
-154.591   59.265       4.8259
-154.591   63.147       4.8259
-154.591   67.030       4.8259
-154.591   70.912       4.8259
-154.591   74.794       4.8259
-154.591   78.676       3.3445
-154.591   82.558       3.7577
-154.591   86.441       3.2526
-154.591   90.323       3.2526
-154.591   94.205       3.5862
-154.591   98.087       2.5977
-154.591  101.970       2.6268
-154.591  105.852       2.9832
-154.591  109.734       3.2526
-154.591  113.616       2.5699
-154.591  117.498       2.8394
-154.591  121.381       2.7236
-154.591  125.263       2.5699
-154.591  129.145       2.6268
-154.591  133.027       2.8394
-154.591  136.910       2.5699
-154.591  140.792       3.2526
-154.591  144.674       2.7598
-154.591  148.556       2.2600
-154.591  152.438       2.1174
-154.591  156.321       2.1844
-154.591  160.203       2.0024
-154.591  164.085       2.0805
-154.591  167.967       1.7042
-154.591  171.849       1.6382
-154.591  175.732       1.7367
-154.591  179.614       1.4884
-154.591  183.496       1.2973
-154.591  187.378       1.7235
-154.591  191.261       2.4703
-154.591  195.143       4.4127
-154.591  199.025       4.8259
-154.591  202.907       4.8259
-154.591  206.789       4.8259
-154.591  210.672       4.8259
-154.591  214.554       2.4937
-154.591  218.436       2.2600
-154.591  222.318       2.6573
-154.591  226.201       3.7577
-154.591  230.083       4.4127
-154.591  233.965       3.3445
-154.591  237.847       2.4478
-154.591  241.729       1.2165
-154.591  245.612       1.1528
-154.591  249.494       2.5434
-154.591  253.376       4.8259
-154.591  257.258       4.8259
-154.591  261.141       4.8259
-154.591  265.023       4.8259
-151.171 -119.317       4.8259
-151.171 -115.435       4.8259
-151.171 -111.553       4.8259
-151.171 -107.670       4.8259
-151.171 -103.788       4.8259
-151.171  -99.906       4.8259
-151.171  -96.024       4.8259
-151.171  -92.141       4.8259
-151.171  -88.259       4.8259
-151.171  -84.377       4.8259
-151.171  -80.495       4.8259
-151.171  -76.613       4.8259
-151.171  -72.730       4.8259
-151.171  -68.848       4.8259
-151.171  -64.966       4.8259
-151.171  -61.084       4.8259
-151.171  -57.201       4.8259
-151.171  -53.319       4.8259
-151.171  -49.437       4.8259
-151.171  -45.555       4.8259
-151.171  -41.673       4.8259
-151.171  -37.790       4.8259
-151.171  -33.908       4.8259
-151.171  -30.026       4.8259
-151.171  -26.144       4.8259
-151.171  -22.261       4.8259
-151.171  -18.379       4.8259
-151.171  -14.497       4.8259
-151.171  -10.615       4.8259
-151.171   -6.733       4.8259
-151.171   -2.850       4.8259
-151.171    1.032       4.8259
-151.171    4.914       4.8259
-151.171    8.796       4.8259
-151.171   12.678       4.8259
-151.171   16.561       4.8259
-151.171   20.443       4.8259
-151.171   24.325       4.8259
-151.171   28.207       4.8259
-151.171   32.090       4.8259
-151.171   35.972       4.8259
-151.171   39.854       4.8259
-151.171   43.736       4.8259
-151.171   47.618       4.8259
-151.171   51.501       4.8259
-151.171   55.383       4.8259
-151.171   59.265       4.8259
-151.171   63.147       4.8259
-151.171   67.030       4.8259
-151.171   70.912       4.8259
-151.171   74.794       3.7577
-151.171   78.676       3.1028
-151.171   82.558       3.2526
-151.171   86.441       3.3445
-151.171   90.323       3.1028
-151.171   94.205       3.5862
-151.171   98.087       3.4532
-151.171  101.970       2.9832
-151.171  105.852       2.9313
-151.171  109.734       3.4532
-151.171  113.616       3.3445
-151.171  117.498       2.9832
-151.171  121.381       2.5181
-151.171  125.263       2.3850
-151.171  129.145       2.4052
-151.171  133.027       2.5699
-151.171  136.910       2.7983
-151.171  140.792       3.0400
-151.171  144.674       2.7983
-151.171  148.556       2.2600
-151.171  152.438       2.1433
-151.171  156.321       2.2441
-151.171  160.203       2.3282
-151.171  164.085       2.1567
-151.171  167.967       1.6793
-151.171  171.849       1.7503
-151.171  175.732       1.6916
-151.171  179.614       1.5109
-151.171  183.496       1.4216
-151.171  187.378       1.8468
-151.171  191.261       3.0400
-151.171  195.143       4.8259
-151.171  199.025       4.8259
-151.171  202.907       4.8259
-151.171  206.789       4.8259
-151.171  210.672       4.8259
-151.171  214.554       3.4532
-151.171  218.436       2.2763
-151.171  222.318       2.1567
-151.171  226.201       3.1730
-151.171  230.083       4.4127
-151.171  233.965       3.5862
-151.171  237.847       3.5862
-151.171  241.729       1.8714
-151.171  245.612       1.2661
-151.171  249.494       1.6382
-151.171  253.376       3.2526
-151.171  257.258       4.8259
-151.171  261.141       4.8259
-151.171  265.023       4.8259
-147.750 -119.317       4.8259
-147.750 -115.435       4.8259
-147.750 -111.553       4.8259
-147.750 -107.670       4.8259
-147.750 -103.788       4.8259
-147.750  -99.906       4.8259
-147.750  -96.024       4.8259
-147.750  -92.141       4.8259
-147.750  -88.259       4.8259
-147.750  -84.377       4.8259
-147.750  -80.495       4.8259
-147.750  -76.613       4.8259
-147.750  -72.730       4.8259
-147.750  -68.848       4.8259
-147.750  -64.966       4.8259
-147.750  -61.084       4.8259
-147.750  -57.201       4.8259
-147.750  -53.319       4.8259
-147.750  -49.437       4.8259
-147.750  -45.555       4.8259
-147.750  -41.673       4.8259
-147.750  -37.790       4.8259
-147.750  -33.908       4.8259
-147.750  -30.026       4.8259
-147.750  -26.144       4.8259
-147.750  -22.261       4.8259
-147.750  -18.379       4.8259
-147.750  -14.497       4.8259
-147.750  -10.615       4.8259
-147.750   -6.733       4.8259
-147.750   -2.850       4.8259
-147.750    1.032       4.8259
-147.750    4.914       4.8259
-147.750    8.796       4.8259
-147.750   12.678       4.8259
-147.750   16.561       4.8259
-147.750   20.443       4.8259
-147.750   24.325       4.8259
-147.750   28.207       4.8259
-147.750   32.090       4.8259
-147.750   35.972       4.8259
-147.750   39.854       4.8259
-147.750   43.736       4.8259
-147.750   47.618       4.8259
-147.750   51.501       4.8259
-147.750   55.383       4.8259
-147.750   59.265       4.8259
-147.750   63.147       4.8259
-147.750   67.030       4.8259
-147.750   70.912       4.8259
-147.750   74.794       4.8259
-147.750   78.676       3.4532
-147.750   82.558       3.3445
-147.750   86.441       2.8836
-147.750   90.323       2.7236
-147.750   94.205       3.1028
-147.750   98.087       4.8259
-147.750  101.970       4.4127
-147.750  105.852       4.8259
-147.750  109.734       3.1730
-147.750  113.616       3.4532
-147.750  117.498       2.7236
-147.750  121.381       2.3466
-147.750  125.263       2.1844
-147.750  129.145       2.5434
-147.750  133.027       2.4937
-147.750  136.910       2.9313
-147.750  140.792       3.1730
-147.750  144.674       2.7983
-147.750  148.556       2.8394
-147.750  152.438       2.4478
-147.750  156.321       2.3655
-147.750  160.203       2.4052
-147.750  164.085       2.4052
-147.750  167.967       1.9523
-147.750  171.849       1.8231
-147.750  175.732       1.5839
-147.750  179.614       1.3169
-147.750  183.496       1.5248
-147.750  187.378       2.1704
-147.750  191.261       3.3445
-147.750  195.143       4.8259
-147.750  199.025       4.8259
-147.750  202.907       4.8259
-147.750  206.789       4.8259
-147.750  210.672       4.8259
-147.750  214.554       4.4127
-147.750  218.436       2.3850
-147.750  222.318       2.2763
-147.750  226.201       3.1028
-147.750  230.083       3.9995
-147.750  233.965       4.8259
-147.750  237.847       3.9995
-147.750  241.729       2.3466
-147.750  245.612       1.3269
-147.750  249.494       1.3336
-147.750  253.376       2.1433
-147.750  257.258       3.9995
-147.750  261.141       4.8259
-147.750  265.023       4.8259
-144.330 -119.317       4.8259
-144.330 -115.435       4.8259
-144.330 -111.553       4.8259
-144.330 -107.670       4.8259
-144.330 -103.788       4.8259
-144.330  -99.906       4.8259
-144.330  -96.024       4.8259
-144.330  -92.141       4.8259
-144.330  -88.259       4.8259
-144.330  -84.377       4.8259
-144.330  -80.495       4.8259
-144.330  -76.613       4.8259
-144.330  -72.730       4.8259
-144.330  -68.848       4.8259
-144.330  -64.966       4.8259
-144.330  -61.084       4.8259
-144.330  -57.201       4.8259
-144.330  -53.319       4.8259
-144.330  -49.437       4.8259
-144.330  -45.555       4.8259
-144.330  -41.673       4.8259
-144.330  -37.790       4.8259
-144.330  -33.908       4.8259
-144.330  -30.026       4.8259
-144.330  -26.144       4.8259
-144.330  -22.261       4.8259
-144.330  -18.379       4.8259
-144.330  -14.497       4.8259
-144.330  -10.615       4.8259
-144.330   -6.733       4.8259
-144.330   -2.850       4.8259
-144.330    1.032       4.8259
-144.330    4.914       4.8259
-144.330    8.796       4.8259
-144.330   12.678       4.8259
-144.330   16.561       4.8259
-144.330   20.443       4.8259
-144.330   24.325       4.8259
-144.330   28.207       4.8259
-144.330   32.090       4.8259
-144.330   35.972       4.8259
-144.330   39.854       4.8259
-144.330   43.736       4.8259
-144.330   47.618       4.8259
-144.330   51.501       4.8259
-144.330   55.383       4.8259
-144.330   59.265       4.8259
-144.330   63.147       4.8259
-144.330   67.030       4.8259
-144.330   70.912       4.8259
-144.330   74.794       3.9995
-144.330   78.676       3.3445
-144.330   82.558       2.7983
-144.330   86.441       2.9832
-144.330   90.323       2.9832
-144.330   94.205       2.5977
-144.330   98.087       4.4127
-144.330  101.970       3.7577
-144.330  105.852       4.4127
-144.330  109.734       4.8259
-144.330  113.616       3.7577
-144.330  117.498       3.1028
-144.330  121.381       2.5977
-144.330  125.263       2.4937
-144.330  129.145       2.4937
-144.330  133.027       2.4478
-144.330  136.910       2.7598
-144.330  140.792       2.8836
-144.330  144.674       2.3655
-144.330  148.556       2.5434
-144.330  152.438       2.2286
-144.330  156.321       2.4052
-144.330  160.203       2.4703
-144.330  164.085       2.2441
-144.330  167.967       2.3104
-144.330  171.849       1.8154
-144.330  175.732       1.5737
-144.330  179.614       1.3371
-144.330  183.496       1.7105
-144.330  187.378       2.4262
-144.330  191.261       4.4127
-144.330  195.143       4.8259
-144.330  199.025       4.8259
-144.330  202.907       4.8259
-144.330  206.789       4.8259
-144.330  210.672       4.8259
-144.330  214.554       4.4127
-144.330  218.436       3.0400
-144.330  222.318       2.9313
-144.330  226.201       3.1028
-144.330  230.083       4.8259
-144.330  233.965       4.8259
-144.330  237.847       4.4127
-144.330  241.729       2.7983
-144.330  245.612       1.5109
-144.330  249.494       1.0513
-144.330  253.376       1.4973
-144.330  257.258       3.1028
-144.330  261.141       4.8259
-144.330  265.023       4.8259
-140.910 -119.317       4.8259
-140.910 -115.435       4.8259
-140.910 -111.553       4.8259
-140.910 -107.670       4.8259
-140.910 -103.788       4.8259
-140.910  -99.906       4.8259
-140.910  -96.024       4.8259
-140.910  -92.141       4.8259
-140.910  -88.259       4.8259
-140.910  -84.377       4.8259
-140.910  -80.495       4.8259
-140.910  -76.613       4.8259
-140.910  -72.730       4.8259
-140.910  -68.848       4.8259
-140.910  -64.966       4.8259
-140.910  -61.084       4.8259
-140.910  -57.201       4.8259
-140.910  -53.319       4.8259
-140.910  -49.437       4.8259
-140.910  -45.555       4.8259
-140.910  -41.673       4.8259
-140.910  -37.790       4.8259
-140.910  -33.908       4.8259
-140.910  -30.026       4.8259
-140.910  -26.144       4.8259
-140.910  -22.261       4.8259
-140.910  -18.379       4.8259
-140.910  -14.497       4.8259
-140.910  -10.615       4.8259
-140.910   -6.733       4.8259
-140.910   -2.850       4.8259
-140.910    1.032       4.8259
-140.910    4.914       4.8259
-140.910    8.796       4.8259
-140.910   12.678       4.8259
-140.910   16.561       4.8259
-140.910   20.443       4.8259
-140.910   24.325       4.8259
-140.910   28.207       4.8259
-140.910   32.090       4.8259
-140.910   35.972       4.8259
-140.910   39.854       4.8259
-140.910   43.736       4.8259
-140.910   47.618       4.8259
-140.910   51.501       4.8259
-140.910   55.383       4.8259
-140.910   59.265       4.8259
-140.910   63.147       4.8259
-140.910   67.030       4.8259
-140.910   70.912       3.4532
-140.910   74.794       4.4127
-140.910   78.676       2.9832
-140.910   82.558       2.9832
-140.910   86.441       2.7983
-140.910   90.323       2.8394
-140.910   94.205       2.9832
-140.910   98.087       3.4532
-140.910  101.970       3.9995
-140.910  105.852       4.8259
-140.910  109.734       3.7577
-140.910  113.616       4.8259
-140.910  117.498       3.9995
-140.910  121.381       3.5862
-140.910  125.263       2.7598
-140.910  129.145       2.5699
-140.910  133.027       2.5699
-140.910  136.910       3.0400
-140.910  140.792       2.4937
-140.910  144.674       2.6268
-140.910  148.556       2.6573
-140.910  152.438       2.2135
-140.910  156.321       2.2763
-140.910  160.203       2.1567
-140.910  164.085       2.0458
-140.910  167.967       2.2763
-140.910  171.849       2.1988
-140.910  175.732       1.4928
-140.910  179.614       1.2753
-140.910  183.496       1.7042
-140.910  187.378       2.4052
-140.910  191.261       3.5862
-140.910  195.143       4.8259
-140.910  199.025       4.8259
-140.910  202.907       4.8259
-140.910  206.789       4.8259
-140.910  210.672       4.8259
-140.910  214.554       4.4127
-140.910  218.436       2.6896
-140.910  222.318       3.1028
-140.910  226.201       3.9995
-140.910  230.083       4.8259
-140.910  233.965       4.8259
-140.910  237.847       4.8259
-140.910  241.729       2.4262
-140.910  245.612       1.6673
-140.910  249.494       1.1069
-140.910  253.376       1.2027
-140.910  257.258       2.4052
-140.910  261.141       3.9995
-140.910  265.023       4.8259
-137.489 -119.317       4.8259
-137.489 -115.435       4.8259
-137.489 -111.553       4.8259
-137.489 -107.670       4.8259
-137.489 -103.788       4.8259
-137.489  -99.906       4.8259
-137.489  -96.024       4.8259
-137.489  -92.141       4.8259
-137.489  -88.259       4.8259
-137.489  -84.377       4.8259
-137.489  -80.495       4.8259
-137.489  -76.613       4.8259
-137.489  -72.730       4.8259
-137.489  -68.848       4.8259
-137.489  -64.966       4.8259
-137.489  -61.084       4.8259
-137.489  -57.201       4.8259
-137.489  -53.319       4.8259
-137.489  -49.437       4.8259
-137.489  -45.555       4.8259
-137.489  -41.673       4.8259
-137.489  -37.790       4.8259
-137.489  -33.908       4.8259
-137.489  -30.026       4.8259
-137.489  -26.144       4.8259
-137.489  -22.261       4.8259
-137.489  -18.379       4.8259
-137.489  -14.497       4.8259
-137.489  -10.615       4.8259
-137.489   -6.733       4.8259
-137.489   -2.850       4.8259
-137.489    1.032       4.8259
-137.489    4.914       4.8259
-137.489    8.796       4.8259
-137.489   12.678       4.8259
-137.489   16.561       4.8259
-137.489   20.443       4.8259
-137.489   24.325       4.8259
-137.489   28.207       4.8259
-137.489   32.090       4.8259
-137.489   35.972       4.8259
-137.489   39.854       4.8259
-137.489   43.736       4.8259
-137.489   47.618       3.9995
-137.489   51.501       4.8259
-137.489   55.383       4.8259
-137.489   59.265       4.8259
-137.489   63.147       4.4127
-137.489   67.030       4.8259
-137.489   70.912       3.4532
-137.489   74.794       3.9995
-137.489   78.676       3.7577
-137.489   82.558       2.6896
-137.489   86.441       2.5434
-137.489   90.323       2.8836
-137.489   94.205       3.2526
-137.489   98.087       3.3445
-137.489  101.970       3.9995
-137.489  105.852       3.9995
-137.489  109.734       3.7577
-137.489  113.616       4.8259
-137.489  117.498       4.4127
-137.489  121.381       4.4127
-137.489  125.263       2.9832
-137.489  129.145       2.9313
-137.489  133.027       2.7598
-137.489  136.910       3.1028
-137.489  140.792       2.8394
-137.489  144.674       2.8394
-137.489  148.556       2.8836
-137.489  152.438       2.7236
-137.489  156.321       2.5699
-137.489  160.203       2.1302
-137.489  164.085       2.1174
-137.489  167.967       2.1433
-137.489  171.849       2.1174
-137.489  175.732       1.6496
-137.489  179.614       1.2511
-137.489  183.496       1.6916
-137.489  187.378       3.1028
-137.489  191.261       3.4532
-137.489  195.143       4.8259
-137.489  199.025       4.8259
-137.489  202.907       4.8259
-137.489  206.789       4.8259
-137.489  210.672       4.8259
-137.489  214.554       3.2526
-137.489  218.436       2.3655
-137.489  222.318       2.1844
-137.489  226.201       3.5862
-137.489  230.083       4.8259
-137.489  233.965       4.8259
-137.489  237.847       4.8259
-137.489  241.729       4.4127
-137.489  245.612       2.0346
-137.489  249.494       1.3269
-137.489  253.376       1.1282
-137.489  257.258       1.9241
-137.489  261.141       3.4532
-137.489  265.023       4.8259
-134.069 -119.317       4.8259
-134.069 -115.435       4.8259
-134.069 -111.553       4.8259
-134.069 -107.670       4.8259
-134.069 -103.788       4.8259
-134.069  -99.906       4.8259
-134.069  -96.024       4.8259
-134.069  -92.141       4.8259
-134.069  -88.259       4.8259
-134.069  -84.377       4.8259
-134.069  -80.495       4.8259
-134.069  -76.613       4.8259
-134.069  -72.730       4.8259
-134.069  -68.848       4.8259
-134.069  -64.966       4.8259
-134.069  -61.084       4.8259
-134.069  -57.201       4.8259
-134.069  -53.319       4.8259
-134.069  -49.437       4.8259
-134.069  -45.555       4.8259
-134.069  -41.673       4.8259
-134.069  -37.790       4.8259
-134.069  -33.908       4.8259
-134.069  -30.026       4.8259
-134.069  -26.144       4.8259
-134.069  -22.261       4.8259
-134.069  -18.379       4.8259
-134.069  -14.497       4.8259
-134.069  -10.615       4.8259
-134.069   -6.733       4.8259
-134.069   -2.850       4.8259
-134.069    1.032       4.8259
-134.069    4.914       4.8259
-134.069    8.796       4.8259
-134.069   12.678       4.8259
-134.069   16.561       4.8259
-134.069   20.443       4.8259
-134.069   24.325       4.8259
-134.069   28.207       4.8259
-134.069   32.090       4.8259
-134.069   35.972       4.8259
-134.069   39.854       4.8259
-134.069   43.736       4.8259
-134.069   47.618       4.8259
-134.069   51.501       4.4127
-134.069   55.383       4.8259
-134.069   59.265       3.5862
-134.069   63.147       4.8259
-134.069   67.030       4.4127
-134.069   70.912       3.7577
-134.069   74.794       3.5862
-134.069   78.676       3.2526
-134.069   82.558       2.4937
-134.069   86.441       2.4703
-134.069   90.323       2.7236
-134.069   94.205       3.4532
-134.069   98.087       3.4532
-134.069  101.970       3.0400
-134.069  105.852       3.7577
-134.069  109.734       4.4127
-134.069  113.616       4.8259
-134.069  117.498       3.9995
-134.069  121.381       4.8259
-134.069  125.263       4.8259
-134.069  129.145       3.5862
-134.069  133.027       3.4532
-134.069  136.910       2.8836
-134.069  140.792       3.1730
-134.069  144.674       2.8836
-134.069  148.556       3.5862
-134.069  152.438       3.2526
-134.069  156.321       2.5434
-134.069  160.203       2.1844
-134.069  164.085       1.9060
-134.069  167.967       1.9920
-134.069  171.849       2.0805
-134.069  175.732       1.7367
-134.069  179.614       1.5487
-134.069  183.496       2.1174
-134.069  187.378       3.1028
-134.069  191.261       4.8259
-134.069  195.143       4.8259
-134.069  199.025       4.8259
-134.069  202.907       4.8259
-134.069  206.789       4.8259
-134.069  210.672       4.8259
-134.069  214.554       3.9995
-134.069  218.436       2.1844
-134.069  222.318       2.4262
-134.069  226.201       3.7577
-134.069  230.083       4.8259
-134.069  233.965       4.8259
-134.069  237.847       4.8259
-134.069  241.729       4.8259
-134.069  245.612       2.7598
-134.069  249.494       1.4624
-134.069  253.376       1.1069
-134.069  257.258       1.6269
-134.069  261.141       2.8836
-134.069  265.023       4.4127
-130.649 -119.317       4.8259
-130.649 -115.435       4.8259
-130.649 -111.553       4.8259
-130.649 -107.670       4.8259
-130.649 -103.788       4.8259
-130.649  -99.906       4.8259
-130.649  -96.024       4.8259
-130.649  -92.141       4.8259
-130.649  -88.259       4.8259
-130.649  -84.377       4.8259
-130.649  -80.495       4.8259
-130.649  -76.613       4.8259
-130.649  -72.730       4.8259
-130.649  -68.848       4.8259
-130.649  -64.966       4.8259
-130.649  -61.084       4.8259
-130.649  -57.201       4.8259
-130.649  -53.319       4.8259
-130.649  -49.437       4.8259
-130.649  -45.555       4.8259
-130.649  -41.673       4.8259
-130.649  -37.790       4.8259
-130.649  -33.908       4.8259
-130.649  -30.026       4.8259
-130.649  -26.144       4.8259
-130.649  -22.261       4.8259
-130.649  -18.379       4.8259
-130.649  -14.497       4.8259
-130.649  -10.615       4.8259
-130.649   -6.733       4.8259
-130.649   -2.850       4.8259
-130.649    1.032       4.8259
-130.649    4.914       4.8259
-130.649    8.796       4.8259
-130.649   12.678       4.8259
-130.649   16.561       4.8259
-130.649   20.443       4.8259
-130.649   24.325       4.8259
-130.649   28.207       4.8259
-130.649   32.090       4.8259
-130.649   35.972       4.8259
-130.649   39.854       4.8259
-130.649   43.736       4.8259
-130.649   47.618       3.7577
-130.649   51.501       4.8259
-130.649   55.383       4.4127
-130.649   59.265       4.4127
-130.649   63.147       3.9995
-130.649   67.030       3.9995
-130.649   70.912       3.9995
-130.649   74.794       2.9313
-130.649   78.676       2.2931
-130.649   82.558       2.9313
-130.649   86.441       3.0400
-130.649   90.323       3.0400
-130.649   94.205       3.7577
-130.649   98.087       3.3445
-130.649  101.970       3.1730
-130.649  105.852       3.7577
-130.649  109.734       4.8259
-130.649  113.616       4.8259
-130.649  117.498       4.8259
-130.649  121.381       4.8259
-130.649  125.263       4.8259
-130.649  129.145       4.8259
-130.649  133.027       4.4127
-130.649  136.910       3.5862
-130.649  140.792       3.4532
-130.649  144.674       3.5862
-130.649  148.556       3.0400
-130.649  152.438       2.8394
-130.649  156.321       2.2763
-130.649  160.203       2.1567
-130.649  164.085       1.6916
-130.649  167.967       1.9333
-130.649  171.849       1.8972
-130.649  175.732       1.5839
-130.649  179.614       1.5686
-130.649  183.496       2.6268
-130.649  187.378       3.5862
-130.649  191.261       4.8259
-130.649  195.143       4.8259
-130.649  199.025       4.8259
-130.649  202.907       4.8259
-130.649  206.789       4.8259
-130.649  210.672       4.8259
-130.649  214.554       3.9995
-130.649  218.436       2.6573
-130.649  222.318       2.3850
-130.649  226.201       3.1028
-130.649  230.083       4.8259
-130.649  233.965       4.8259
-130.649  237.847       4.8259
-130.649  241.729       4.8259
-130.649  245.612       3.9995
-130.649  249.494       2.2286
-130.649  253.376       1.3580
-130.649  257.258       1.3235
-130.649  261.141       2.1302
-130.649  265.023       3.9995
-127.228 -119.317       4.8259
-127.228 -115.435       4.8259
-127.228 -111.553       4.8259
-127.228 -107.670       4.8259
-127.228 -103.788       4.8259
-127.228  -99.906       4.8259
-127.228  -96.024       4.8259
-127.228  -92.141       4.8259
-127.228  -88.259       4.8259
-127.228  -84.377       4.8259
-127.228  -80.495       4.8259
-127.228  -76.613       4.8259
-127.228  -72.730       4.8259
-127.228  -68.848       4.8259
-127.228  -64.966       4.8259
-127.228  -61.084       4.8259
-127.228  -57.201       4.8259
-127.228  -53.319       4.8259
-127.228  -49.437       4.8259
-127.228  -45.555       4.8259
-127.228  -41.673       4.8259
-127.228  -37.790       4.8259
-127.228  -33.908       4.8259
-127.228  -30.026       4.8259
-127.228  -26.144       4.8259
-127.228  -22.261       4.8259
-127.228  -18.379       4.8259
-127.228  -14.497       4.8259
-127.228  -10.615       4.8259
-127.228   -6.733       4.8259
-127.228   -2.850       4.8259
-127.228    1.032       4.8259
-127.228    4.914       4.8259
-127.228    8.796       4.8259
-127.228   12.678       4.8259
-127.228   16.561       4.8259
-127.228   20.443       4.8259
-127.228   24.325       4.8259
-127.228   28.207       4.8259
-127.228   32.090       4.8259
-127.228   35.972       4.8259
-127.228   39.854       4.8259
-127.228   43.736       4.8259
-127.228   47.618       3.9995
-127.228   51.501       3.3445
-127.228   55.383       3.7577
-127.228   59.265       3.7577
-127.228   63.147       3.9995
-127.228   67.030       4.4127
-127.228   70.912       4.4127
-127.228   74.794       3.4532
-127.228   78.676       2.4937
-127.228   82.558       2.6573
-127.228   86.441       3.9995
-127.228   90.323       4.8259
-127.228   94.205       3.3445
-127.228   98.087       3.5862
-127.228  101.970       3.2526
-127.228  105.852       3.7577
-127.228  109.734       4.8259
-127.228  113.616       4.8259
-127.228  117.498       4.8259
-127.228  121.381       4.8259
-127.228  125.263       4.8259
-127.228  129.145       4.8259
-127.228  133.027       4.8259
-127.228  136.910       3.7577
-127.228  140.792       3.9995
-127.228  144.674       3.3445
-127.228  148.556       2.8394
-127.228  152.438       2.3282
-127.228  156.321       2.2135
-127.228  160.203       2.0805
-127.228  164.085       1.8231
-127.228  167.967       1.7105
-127.228  171.849       1.7503
-127.228  175.732       1.6159
-127.228  179.614       1.5892
-127.228  183.496       2.5434
-127.228  187.378       4.4127
-127.228  191.261       4.8259
-127.228  195.143       4.8259
-127.228  199.025       4.8259
-127.228  202.907       4.8259
-127.228  206.789       4.8259
-127.228  210.672       4.8259
-127.228  214.554       4.4127
-127.228  218.436       3.1730
-127.228  222.318       2.8836
-127.228  226.201       3.4532
-127.228  230.083       4.8259
-127.228  233.965       4.8259
-127.228  237.847       4.8259
-127.228  241.729       4.8259
-127.228  245.612       4.8259
-127.228  249.494       2.8836
-127.228  253.376       1.6214
-127.228  257.258       1.1604
-127.228  261.141       1.6673
-127.228  265.023       3.2526
-123.808 -119.317       4.8259
-123.808 -115.435       4.8259
-123.808 -111.553       4.8259
-123.808 -107.670       4.8259
-123.808 -103.788       4.8259
-123.808  -99.906       4.8259
-123.808  -96.024       4.8259
-123.808  -92.141       4.8259
-123.808  -88.259       4.8259
-123.808  -84.377       4.8259
-123.808  -80.495       4.8259
-123.808  -76.613       4.8259
-123.808  -72.730       4.8259
-123.808  -68.848       4.8259
-123.808  -64.966       4.8259
-123.808  -61.084       4.8259
-123.808  -57.201       4.8259
-123.808  -53.319       4.8259
-123.808  -49.437       4.8259
-123.808  -45.555       4.8259
-123.808  -41.673       4.8259
-123.808  -37.790       4.8259
-123.808  -33.908       4.8259
-123.808  -30.026       4.8259
-123.808  -26.144       4.8259
-123.808  -22.261       4.8259
-123.808  -18.379       4.8259
-123.808  -14.497       4.8259
-123.808  -10.615       4.8259
-123.808   -6.733       4.8259
-123.808   -2.850       4.8259
-123.808    1.032       4.8259
-123.808    4.914       4.8259
-123.808    8.796       4.8259
-123.808   12.678       4.8259
-123.808   16.561       4.8259
-123.808   20.443       4.8259
-123.808   24.325       4.8259
-123.808   28.207       4.8259
-123.808   32.090       4.8259
-123.808   35.972       4.8259
-123.808   39.854       4.8259
-123.808   43.736       4.8259
-123.808   47.618       4.8259
-123.808   51.501       3.1028
-123.808   55.383       3.4532
-123.808   59.265       3.4532
-123.808   63.147       3.4532
-123.808   67.030       3.2526
-123.808   70.912       3.7577
-123.808   74.794       3.2526
-123.808   78.676       3.3445
-123.808   82.558       3.7577
-123.808   86.441       3.9995
-123.808   90.323       4.8259
-123.808   94.205       2.9832
-123.808   98.087       3.9995
-123.808  101.970       3.2526
-123.808  105.852       3.4532
-123.808  109.734       4.8259
-123.808  113.616       4.8259
-123.808  117.498       4.8259
-123.808  121.381       4.8259
-123.808  125.263       4.8259
-123.808  129.145       4.8259
-123.808  133.027       4.8259
-123.808  136.910       4.8259
-123.808  140.792       4.8259
-123.808  144.674       3.9995
-123.808  148.556       2.9832
-123.808  152.438       2.4703
-123.808  156.321       2.1704
-123.808  160.203       2.0805
-123.808  164.085       1.7235
-123.808  167.967       1.8309
-123.808  171.849       1.9060
-123.808  175.732       1.5997
-123.808  179.614       1.7105
-123.808  183.496       2.6573
-123.808  187.378       4.8259
-123.808  191.261       4.8259
-123.808  195.143       4.8259
-123.808  199.025       4.8259
-123.808  202.907       4.8259
-123.808  206.789       4.8259
-123.808  210.672       4.8259
-123.808  214.554       4.8259
-123.808  218.436       4.4127
-123.808  222.318       4.8259
-123.808  226.201       4.8259
-123.808  230.083       4.8259
-123.808  233.965       4.8259
-123.808  237.847       4.8259
-123.808  241.729       4.8259
-123.808  245.612       4.8259
-123.808  249.494       4.8259
-123.808  253.376       1.9333
-123.808  257.258       1.2846
-123.808  261.141       1.6325
-123.808  265.023       3.0400
-120.388 -119.317       4.8259
-120.388 -115.435       4.8259
-120.388 -111.553       4.8259
-120.388 -107.670       4.8259
-120.388 -103.788       4.8259
-120.388  -99.906       4.8259
-120.388  -96.024       4.8259
-120.388  -92.141       4.8259
-120.388  -88.259       4.8259
-120.388  -84.377       4.8259
-120.388  -80.495       4.8259
-120.388  -76.613       4.8259
-120.388  -72.730       4.8259
-120.388  -68.848       4.8259
-120.388  -64.966       4.8259
-120.388  -61.084       4.8259
-120.388  -57.201       4.8259
-120.388  -53.319       4.8259
-120.388  -49.437       4.8259
-120.388  -45.555       4.8259
-120.388  -41.673       4.8259
-120.388  -37.790       4.8259
-120.388  -33.908       4.8259
-120.388  -30.026       4.8259
-120.388  -26.144       4.8259
-120.388  -22.261       4.8259
-120.388  -18.379       4.8259
-120.388  -14.497       4.8259
-120.388  -10.615       4.8259
-120.388   -6.733       4.8259
-120.388   -2.850       4.8259
-120.388    1.032       4.8259
-120.388    4.914       4.8259
-120.388    8.796       4.8259
-120.388   12.678       4.8259
-120.388   16.561       4.8259
-120.388   20.443       4.8259
-120.388   24.325       4.8259
-120.388   28.207       4.8259
-120.388   32.090       4.8259
-120.388   35.972       4.8259
-120.388   39.854       4.8259
-120.388   43.736       4.8259
-120.388   47.618       4.8259
-120.388   51.501       4.4127
-120.388   55.383       3.3445
-120.388   59.265       3.4532
-120.388   63.147       3.4532
-120.388   67.030       3.7577
-120.388   70.912       3.4532
-120.388   74.794       4.8259
-120.388   78.676       3.9995
-120.388   82.558       3.7577
-120.388   86.441       4.8259
-120.388   90.323       4.8259
-120.388   94.205       4.8259
-120.388   98.087       4.8259
-120.388  101.970       4.4127
-120.388  105.852       4.8259
-120.388  109.734       4.8259
-120.388  113.616       4.8259
-120.388  117.498       4.8259
-120.388  121.381       4.8259
-120.388  125.263       4.8259
-120.388  129.145       4.8259
-120.388  133.027       4.8259
-120.388  136.910       4.8259
-120.388  140.792       4.8259
-120.388  144.674       4.4127
-120.388  148.556       4.8259
-120.388  152.438       2.6573
-120.388  156.321       1.7712
-120.388  160.203       1.8549
-120.388  164.085       2.0925
-120.388  167.967       1.9619
-120.388  171.849       1.9619
-120.388  175.732       1.7929
-120.388  179.614       1.8972
-120.388  183.496       2.8836
-120.388  187.378       4.8259
-120.388  191.261       4.8259
-120.388  195.143       4.8259
-120.388  199.025       4.8259
-120.388  202.907       4.8259
-120.388  206.789       4.8259
-120.388  210.672       4.8259
-120.388  214.554       4.8259
-120.388  218.436       4.8259
-120.388  222.318       4.8259
-120.388  226.201       4.8259
-120.388  230.083       4.8259
-120.388  233.965       4.8259
-120.388  237.847       4.8259
-120.388  241.729       4.8259
-120.388  245.612       4.8259
-120.388  249.494       4.8259
-120.388  253.376       2.3850
-120.388  257.258       1.4753
-120.388  261.141       1.6382
-120.388  265.023       2.7236
-116.967 -119.317       4.8259
-116.967 -115.435       4.8259
-116.967 -111.553       4.8259
-116.967 -107.670       4.8259
-116.967 -103.788       4.8259
-116.967  -99.906       4.8259
-116.967  -96.024       4.8259
-116.967  -92.141       4.8259
-116.967  -88.259       4.8259
-116.967  -84.377       4.8259
-116.967  -80.495       4.8259
-116.967  -76.613       4.8259
-116.967  -72.730       4.8259
-116.967  -68.848       4.8259
-116.967  -64.966       4.8259
-116.967  -61.084       4.8259
-116.967  -57.201       4.8259
-116.967  -53.319       4.8259
-116.967  -49.437       4.8259
-116.967  -45.555       4.8259
-116.967  -41.673       4.8259
-116.967  -37.790       4.8259
-116.967  -33.908       4.8259
-116.967  -30.026       4.8259
-116.967  -26.144       4.8259
-116.967  -22.261       4.8259
-116.967  -18.379       4.8259
-116.967  -14.497       4.8259
-116.967  -10.615       4.8259
-116.967   -6.733       4.8259
-116.967   -2.850       4.8259
-116.967    1.032       4.8259
-116.967    4.914       4.8259
-116.967    8.796       4.8259
-116.967   12.678       4.8259
-116.967   16.561       4.8259
-116.967   20.443       4.8259
-116.967   24.325       4.8259
-116.967   28.207       4.8259
-116.967   32.090       4.8259
-116.967   35.972       4.8259
-116.967   39.854       4.8259
-116.967   43.736       4.8259
-116.967   47.618       4.8259
-116.967   51.501       4.4127
-116.967   55.383       4.4127
-116.967   59.265       4.8259
-116.967   63.147       4.8259
-116.967   67.030       4.8259
-116.967   70.912       4.8259
-116.967   74.794       4.4127
-116.967   78.676       4.8259
-116.967   82.558       4.8259
-116.967   86.441       4.8259
-116.967   90.323       4.8259
-116.967   94.205       4.8259
-116.967   98.087       4.8259
-116.967  101.970       4.8259
-116.967  105.852       4.8259
-116.967  109.734       4.8259
-116.967  113.616       4.8259
-116.967  117.498       4.8259
-116.967  121.381       4.8259
-116.967  125.263       4.8259
-116.967  129.145       4.8259
-116.967  133.027       4.8259
-116.967  136.910       4.8259
-116.967  140.792       4.8259
-116.967  144.674       4.8259
-116.967  148.556       3.4532
-116.967  152.438       2.7983
-116.967  156.321       2.0571
-116.967  160.203       1.9241
-116.967  164.085       2.0687
-116.967  167.967       2.2441
-116.967  171.849       2.0925
-116.967  175.732       1.9619
-116.967  179.614       1.7642
-116.967  183.496       2.3850
-116.967  187.378       4.4127
-116.967  191.261       4.8259
-116.967  195.143       4.8259
-116.967  199.025       4.8259
-116.967  202.907       4.8259
-116.967  206.789       4.8259
-116.967  210.672       4.8259
-116.967  214.554       4.8259
-116.967  218.436       4.8259
-116.967  222.318       4.8259
-116.967  226.201       4.8259
-116.967  230.083       4.8259
-116.967  233.965       4.8259
-116.967  237.847       4.8259
-116.967  241.729       4.8259
-116.967  245.612       4.8259
-116.967  249.494       4.8259
-116.967  253.376       2.8394
-116.967  257.258       1.6159
-116.967  261.141       1.4540
-116.967  265.023       2.5181
-113.547 -119.317       4.8259
-113.547 -115.435       4.8259
-113.547 -111.553       4.8259
-113.547 -107.670       4.8259
-113.547 -103.788       4.8259
-113.547  -99.906       4.8259
-113.547  -96.024       4.8259
-113.547  -92.141       4.8259
-113.547  -88.259       4.8259
-113.547  -84.377       4.8259
-113.547  -80.495       4.8259
-113.547  -76.613       4.8259
-113.547  -72.730       4.8259
-113.547  -68.848       4.8259
-113.547  -64.966       4.8259
-113.547  -61.084       4.8259
-113.547  -57.201       4.8259
-113.547  -53.319       4.8259
-113.547  -49.437       4.8259
-113.547  -45.555       4.8259
-113.547  -41.673       4.8259
-113.547  -37.790       4.8259
-113.547  -33.908       4.8259
-113.547  -30.026       4.8259
-113.547  -26.144       4.8259
-113.547  -22.261       4.8259
-113.547  -18.379       4.8259
-113.547  -14.497       4.8259
-113.547  -10.615       4.8259
-113.547   -6.733       4.8259
-113.547   -2.850       4.8259
-113.547    1.032       4.8259
-113.547    4.914       4.8259
-113.547    8.796       4.8259
-113.547   12.678       4.8259
-113.547   16.561       4.8259
-113.547   20.443       4.8259
-113.547   24.325       4.8259
-113.547   28.207       4.8259
-113.547   32.090       4.8259
-113.547   35.972       4.8259
-113.547   39.854       4.8259
-113.547   43.736       4.8259
-113.547   47.618       4.8259
-113.547   51.501       4.8259
-113.547   55.383       4.4127
-113.547   59.265       4.8259
-113.547   63.147       4.8259
-113.547   67.030       4.8259
-113.547   70.912       4.8259
-113.547   74.794       4.8259
-113.547   78.676       4.8259
-113.547   82.558       4.8259
-113.547   86.441       4.8259
-113.547   90.323       4.8259
-113.547   94.205       4.8259
-113.547   98.087       4.8259
-113.547  101.970       4.8259
-113.547  105.852       4.8259
-113.547  109.734       4.8259
-113.547  113.616       4.8259
-113.547  117.498       4.8259
-113.547  121.381       4.8259
-113.547  125.263       4.8259
-113.547  129.145       4.8259
-113.547  133.027       4.8259
-113.547  136.910       4.8259
-113.547  140.792       4.8259
-113.547  144.674       4.8259
-113.547  148.556       4.8259
-113.547  152.438       3.7577
-113.547  156.321       2.3282
-113.547  160.203       2.2600
-113.547  164.085       2.6573
-113.547  167.967       2.2135
-113.547  171.849       2.1433
-113.547  175.732       1.9920
-113.547  179.614       1.7105
-113.547  183.496       2.4052
-113.547  187.378       4.4127
-113.547  191.261       4.8259
-113.547  195.143       4.8259
-113.547  199.025       4.8259
-113.547  202.907       4.8259
-113.547  206.789       4.8259
-113.547  210.672       4.8259
-113.547  214.554       4.8259
-113.547  218.436       4.8259
-113.547  222.318       4.8259
-113.547  226.201       4.8259
-113.547  230.083       4.8259
-113.547  233.965       4.8259
-113.547  237.847       4.8259
-113.547  241.729       4.8259
-113.547  245.612       4.8259
-113.547  249.494       4.8259
-113.547  253.376       3.4532
-113.547  257.258       2.2135
-113.547  261.141       1.7170
-113.547  265.023       2.4703
-110.126 -119.317       4.8259
-110.126 -115.435       4.8259
-110.126 -111.553       4.8259
-110.126 -107.670       4.8259
-110.126 -103.788       4.8259
-110.126  -99.906       4.8259
-110.126  -96.024       4.8259
-110.126  -92.141       4.8259
-110.126  -88.259       4.8259
-110.126  -84.377       4.8259
-110.126  -80.495       4.8259
-110.126  -76.613       4.8259
-110.126  -72.730       4.8259
-110.126  -68.848       4.8259
-110.126  -64.966       4.8259
-110.126  -61.084       4.8259
-110.126  -57.201       4.8259
-110.126  -53.319       4.8259
-110.126  -49.437       4.8259
-110.126  -45.555       4.8259
-110.126  -41.673       4.8259
-110.126  -37.790       4.8259
-110.126  -33.908       4.8259
-110.126  -30.026       4.8259
-110.126  -26.144       4.8259
-110.126  -22.261       4.8259
-110.126  -18.379       4.8259
-110.126  -14.497       4.8259
-110.126  -10.615       4.8259
-110.126   -6.733       4.8259
-110.126   -2.850       4.8259
-110.126    1.032       4.8259
-110.126    4.914       4.8259
-110.126    8.796       4.8259
-110.126   12.678       4.8259
-110.126   16.561       4.8259
-110.126   20.443       4.8259
-110.126   24.325       4.8259
-110.126   28.207       4.8259
-110.126   32.090       4.8259
-110.126   35.972       4.8259
-110.126   39.854       4.8259
-110.126   43.736       4.8259
-110.126   47.618       4.8259
-110.126   51.501       4.8259
-110.126   55.383       4.8259
-110.126   59.265       4.8259
-110.126   63.147       4.8259
-110.126   67.030       4.8259
-110.126   70.912       4.8259
-110.126   74.794       4.8259
-110.126   78.676       4.8259
-110.126   82.558       4.8259
-110.126   86.441       4.8259
-110.126   90.323       4.8259
-110.126   94.205       4.8259
-110.126   98.087       4.8259
-110.126  101.970       4.8259
-110.126  105.852       4.8259
-110.126  109.734       4.8259
-110.126  113.616       4.8259
-110.126  117.498       4.8259
-110.126  121.381       4.8259
-110.126  125.263       4.8259
-110.126  129.145       4.8259
-110.126  133.027       4.8259
-110.126  136.910       4.8259
-110.126  140.792       4.8259
-110.126  144.674       4.8259
-110.126  148.556       4.8259
-110.126  152.438       4.4127
-110.126  156.321       2.9313
-110.126  160.203       2.3655
-110.126  164.085       2.1988
-110.126  167.967       2.0687
-110.126  171.849       2.1844
-110.126  175.732       2.0687
-110.126  179.614       1.8468
-110.126  183.496       2.5977
-110.126  187.378       3.5862
-110.126  191.261       4.8259
-110.126  195.143       4.8259
-110.126  199.025       4.8259
-110.126  202.907       4.8259
-110.126  206.789       4.8259
-110.126  210.672       4.8259
-110.126  214.554       4.8259
-110.126  218.436       4.8259
-110.126  222.318       4.8259
-110.126  226.201       4.8259
-110.126  230.083       4.8259
-110.126  233.965       4.8259
-110.126  237.847       4.8259
-110.126  241.729       4.8259
-110.126  245.612       4.8259
-110.126  249.494       4.8259
-110.126  253.376       3.9995
-110.126  257.258       2.1048
-110.126  261.141       1.6051
-110.126  265.023       2.7236
-106.706 -119.317       4.8259
-106.706 -115.435       4.8259
-106.706 -111.553       4.8259
-106.706 -107.670       4.8259
-106.706 -103.788       4.8259
-106.706  -99.906       4.8259
-106.706  -96.024       4.8259
-106.706  -92.141       4.8259
-106.706  -88.259       4.8259
-106.706  -84.377       4.8259
-106.706  -80.495       4.8259
-106.706  -76.613       4.8259
-106.706  -72.730       4.8259
-106.706  -68.848       4.8259
-106.706  -64.966       4.8259
-106.706  -61.084       4.8259
-106.706  -57.201       4.8259
-106.706  -53.319       4.8259
-106.706  -49.437       4.8259
-106.706  -45.555       4.8259
-106.706  -41.673       4.8259
-106.706  -37.790       4.8259
-106.706  -33.908       4.8259
-106.706  -30.026       4.8259
-106.706  -26.144       4.8259
-106.706  -22.261       4.8259
-106.706  -18.379       4.8259
-106.706  -14.497       4.8259
-106.706  -10.615       4.8259
-106.706   -6.733       4.8259
-106.706   -2.850       4.8259
-106.706    1.032       4.8259
-106.706    4.914       4.8259
-106.706    8.796       4.8259
-106.706   12.678       4.8259
-106.706   16.561       4.8259
-106.706   20.443       4.8259
-106.706   24.325       4.8259
-106.706   28.207       4.8259
-106.706   32.090       4.8259
-106.706   35.972       4.8259
-106.706   39.854       4.8259
-106.706   43.736       4.8259
-106.706   47.618       4.8259
-106.706   51.501       4.8259
-106.706   55.383       4.8259
-106.706   59.265       4.8259
-106.706   63.147       4.8259
-106.706   67.030       4.8259
-106.706   70.912       4.8259
-106.706   74.794       4.8259
-106.706   78.676       4.8259
-106.706   82.558       4.8259
-106.706   86.441       4.8259
-106.706   90.323       4.8259
-106.706   94.205       4.8259
-106.706   98.087       4.8259
-106.706  101.970       4.8259
-106.706  105.852       4.8259
-106.706  109.734       4.8259
-106.706  113.616       4.8259
-106.706  117.498       4.8259
-106.706  121.381       4.8259
-106.706  125.263       4.8259
-106.706  129.145       4.8259
-106.706  133.027       4.8259
-106.706  136.910       4.8259
-106.706  140.792       4.8259
-106.706  144.674       4.8259
-106.706  148.556       4.8259
-106.706  152.438       3.9995
-106.706  156.321       3.3445
-106.706  160.203       2.4262
-106.706  164.085       2.6268
-106.706  167.967       2.5434
-106.706  171.849       2.3850
-106.706  175.732       2.2441
-106.706  179.614       2.2931
-106.706  183.496       2.7598
-106.706  187.378       3.5862
-106.706  191.261       4.8259
-106.706  195.143       4.8259
-106.706  199.025       4.8259
-106.706  202.907       4.8259
-106.706  206.789       4.8259
-106.706  210.672       4.8259
-106.706  214.554       4.8259
-106.706  218.436       4.8259
-106.706  222.318       4.8259
-106.706  226.201       4.8259
-106.706  230.083       4.8259
-106.706  233.965       4.8259
-106.706  237.847       4.8259
-106.706  241.729       4.8259
-106.706  245.612       4.8259
-106.706  249.494       4.8259
-106.706  253.376       4.8259
-106.706  257.258       2.2286
-106.706  261.141       1.8231
-106.706  265.023       2.9832
-103.286 -119.317       4.8259
-103.286 -115.435       4.8259
-103.286 -111.553       4.8259
-103.286 -107.670       4.8259
-103.286 -103.788       4.8259
-103.286  -99.906       4.8259
-103.286  -96.024       4.8259
-103.286  -92.141       4.8259
-103.286  -88.259       4.8259
-103.286  -84.377       4.8259
-103.286  -80.495       4.8259
-103.286  -76.613       4.8259
-103.286  -72.730       4.8259
-103.286  -68.848       4.8259
-103.286  -64.966       4.8259
-103.286  -61.084       4.8259
-103.286  -57.201       4.8259
-103.286  -53.319       4.8259
-103.286  -49.437       4.8259
-103.286  -45.555       4.8259
-103.286  -41.673       4.8259
-103.286  -37.790       4.8259
-103.286  -33.908       4.8259
-103.286  -30.026       4.8259
-103.286  -26.144       4.8259
-103.286  -22.261       4.8259
-103.286  -18.379       4.8259
-103.286  -14.497       4.8259
-103.286  -10.615       4.8259
-103.286   -6.733       4.8259
-103.286   -2.850       4.8259
-103.286    1.032       4.8259
-103.286    4.914       4.8259
-103.286    8.796       4.8259
-103.286   12.678       4.8259
-103.286   16.561       4.8259
-103.286   20.443       4.8259
-103.286   24.325       4.8259
-103.286   28.207       4.8259
-103.286   32.090       4.8259
-103.286   35.972       4.8259
-103.286   39.854       4.8259
-103.286   43.736       4.8259
-103.286   47.618       4.8259
-103.286   51.501       4.8259
-103.286   55.383       4.8259
-103.286   59.265       4.8259
-103.286   63.147       4.8259
-103.286   67.030       4.8259
-103.286   70.912       4.8259
-103.286   74.794       4.8259
-103.286   78.676       4.8259
-103.286   82.558       4.8259
-103.286   86.441       4.8259
-103.286   90.323       4.8259
-103.286   94.205       4.8259
-103.286   98.087       4.8259
-103.286  101.970       4.8259
-103.286  105.852       4.8259
-103.286  109.734       4.8259
-103.286  113.616       4.8259
-103.286  117.498       4.8259
-103.286  121.381       4.8259
-103.286  125.263       4.8259
-103.286  129.145       4.8259
-103.286  133.027       4.8259
-103.286  136.910       4.8259
-103.286  140.792       4.8259
-103.286  144.674       4.8259
-103.286  148.556       4.8259
-103.286  152.438       3.9995
-103.286  156.321       3.3445
-103.286  160.203       2.7236
-103.286  164.085       2.4937
-103.286  167.967       2.3466
-103.286  171.849       2.2441
-103.286  175.732       2.1048
-103.286  179.614       2.2763
-103.286  183.496       3.2526
-103.286  187.378       4.4127
-103.286  191.261       4.8259
-103.286  195.143       4.8259
-103.286  199.025       4.8259
-103.286  202.907       4.8259
-103.286  206.789       4.8259
-103.286  210.672       4.8259
-103.286  214.554       4.8259
-103.286  218.436       4.8259
-103.286  222.318       4.8259
-103.286  226.201       4.8259
-103.286  230.083       4.8259
-103.286  233.965       4.8259
-103.286  237.847       4.8259
-103.286  241.729       4.8259
-103.286  245.612       4.8259
-103.286  249.494       4.8259
-103.286  253.376       4.8259
-103.286  257.258       2.5977
-103.286  261.141       2.4262
-103.286  265.023       3.4532
 -99.865 -119.317       4.8259
 -99.865 -115.435       4.8259
 -99.865 -111.553       4.8259
 -99.865 -107.670       4.8259
 -99.865 -103.788       4.8259
 -99.865  -99.906       4.8259
 -99.865  -96.024       4.8259
 -99.865  -92.141       4.8259
 -99.865  -88.259       4.8259
 -99.865  -84.377       4.8259
 -99.865  -80.495       4.8259
 -99.865  -76.613       4.8259
 -99.865  -72.730       4.8259
 -99.865  -68.848       4.8259
 -99.865  -64.966       4.8259
 -99.865  -61.084       4.8259
 -99.865  -57.201       4.8259
 -99.865  -53.319       4.8259
 -99.865  -49.437       4.8259
 -99.865  -45.555       4.8259
 -99.865  -41.673       4.8259
 -99.865  -37.790       4.8259
 -99.865  -33.908       4.8259
 -99.865  -30.026       4.8259
 -99.865  -26.144       4.8259
 -99.865  -22.261       4.8259
 -99.865  -18.379       4.8259
 -99.865  -14.497       4.8259
 -99.865  -10.615       4.8259
 -99.865   -6.733       4.8259
 -99.865   -2.850       4.8259
 -99.865    1.032       4.8259
 -99.865    4.914       4.8259
 -99.865    8.796       4.8259
 -99.865   12.678       4.8259
 -99.865   16.561       4.8259
 -99.865   20.443       4.8259
 -99.865   24.325       4.8259
 -99.865   28.207       4.8259
 -99.865   32.090       4.8259
 -99.865   35.972       4.8259
 -99.865   39.854       4.8259
 -99.865   43.736       4.8259
 -99.865   47.618       4.8259
 -99.865   51.501       4.8259
 -99.865   55.383       4.8259
 -99.865   59.265       4.8259
 -99.865   63.147       4.8259
 -99.865   67.030       4.8259
 -99.865   70.912       4.8259
 -99.865   74.794       4.8259
 -99.865   78.676       4.8259
 -99.865   82.558       4.8259
 -99.865   86.441       4.8259
 -99.865   90.323       4.8259
 -99.865   94.205       4.8259
 -99.865   98.087       4.8259
 -99.865  101.970       4.8259
 -99.865  105.852       4.8259
 -99.865  109.734       4.8259
 -99.865  113.616       4.8259
 -99.865  117.498       4.8259
 -99.865  121.381       4.8259
 -99.865  125.263       4.8259
 -99.865  129.145       4.8259
 -99.865  133.027       4.8259
 -99.865  136.910       4.8259
 -99.865  140.792       4.8259
 -99.865  144.674       4.8259
 -99.865  148.556       4.8259
 -99.865  152.438       3.3445
 -99.865  156.321       2.7598
 -99.865  160.203       2.5434
 -99.865  164.085       2.3282
 -99.865  167.967       2.5181
 -99.865  171.849       2.2135
 -99.865  175.732       2.1302
 -99.865  179.614       2.4262
 -99.865  183.496       3.5862
 -99.865  187.378       3.9995
 -99.865  191.261       4.8259
 -99.865  195.143       4.8259
 -99.865  199.025       4.8259
 -99.865  202.907       4.8259
 -99.865  206.789       4.8259
 -99.865  210.672       4.8259
 -99.865  214.554       4.8259
 -99.865  218.436       4.8259
 -99.865  222.318       4.8259
 -99.865  226.201       4.8259
 -99.865  230.083       4.8259
 -99.865  233.965       4.8259
 -99.865  237.847       4.8259
 -99.865  241.729       4.8259
 -99.865  245.612       4.8259
 -99.865  249.494       4.8259
 -99.865  253.376       4.8259
 -99.865  257.258       3.7577
 -99.865  261.141       2.9832
 -99.865  265.023       4.8259
 -96.445 -119.317       4.8259
 -96.445 -115.435       4.8259
 -96.445 -111.553       4.8259
 -96.445 -107.670       4.8259
 -96.445 -103.788       4.8259
 -96.445  -99.906       4.8259
 -96.445  -96.024       4.8259
 -96.445  -92.141       4.8259
 -96.445  -88.259       4.8259
 -96.445  -84.377       4.8259
 -96.445  -80.495       4.8259
 -96.445  -76.613       4.8259
 -96.445  -72.730       4.8259
 -96.445  -68.848       4.8259
 -96.445  -64.966       4.8259
 -96.445  -61.084       4.8259
 -96.445  -57.201       4.8259
 -96.445  -53.319       4.8259
 -96.445  -49.437       4.8259
 -96.445  -45.555       4.8259
 -96.445  -41.673       4.8259
 -96.445  -37.790       4.8259
 -96.445  -33.908       4.8259
 -96.445  -30.026       4.8259
 -96.445  -26.144       4.8259
 -96.445  -22.261       4.8259
 -96.445  -18.379       4.8259
 -96.445  -14.497       4.8259
 -96.445  -10.615       4.8259
 -96.445   -6.733       4.8259
 -96.445   -2.850       4.8259
 -96.445    1.032       4.8259
 -96.445    4.914       4.8259
 -96.445    8.796       4.8259
 -96.445   12.678       4.8259
 -96.445   16.561       4.8259
 -96.445   20.443       4.8259
 -96.445   24.325       4.8259
 -96.445   28.207       4.8259
 -96.445   32.090       4.8259
 -96.445   35.972       4.8259
 -96.445   39.854       4.8259
 -96.445   43.736       4.8259
 -96.445   47.618       4.8259
 -96.445   51.501       4.8259
 -96.445   55.383       4.8259
 -96.445   59.265       4.8259
 -96.445   63.147       4.8259
 -96.445   67.030       4.8259
 -96.445   70.912       4.8259
 -96.445   74.794       4.8259
 -96.445   78.676       4.8259
 -96.445   82.558       4.8259
 -96.445   86.441       4.8259
 -96.445   90.323       4.8259
 -96.445   94.205       4.8259
 -96.445   98.087       4.8259
 -96.445  101.970       4.8259
 -96.445  105.852       4.8259
 -96.445  109.734       4.8259
 -96.445  113.616       4.8259
 -96.445  117.498       4.8259
 -96.445  121.381       4.8259
 -96.445  125.263       4.8259
 -96.445  129.145       4.8259
 -96.445  133.027       4.8259
 -96.445  136.910       4.8259
 -96.445  140.792       4.8259
 -96.445  144.674       4.8259
 -96.445  148.556       4.8259
 -96.445  152.438       4.4127
 -96.445  156.321       2.8394
 -96.445  160.203       2.4052
 -96.445  164.085       2.4262
 -96.445  167.967       2.5699
 -96.445  171.849       2.7236
 -96.445  175.732       2.3104
 -96.445  179.614       2.2441
 -96.445  183.496       3.4532
 -96.445  187.378       4.8259
 -96.445  191.261       4.8259
 -96.445  195.143       4.8259
 -96.445  199.025       4.8259
 -96.445  202.907       4.8259
 -96.445  206.789       4.8259
 -96.445  210.672       4.8259
 -96.445  214.554       4.8259
 -96.445  218.436       4.8259
 -96.445  222.318       4.8259
 -96.445  226.201       4.8259
 -96.445  230.083       4.8259
 -96.445  233.965       4.8259
 -96.445  237.847       4.8259
 -96.445  241.729       4.8259
 -96.445  245.612       4.8259
 -96.445  249.494       4.8259
 -96.445  253.376       4.8259
 -96.445  257.258       4.8259
 -96.445  261.141       4.8259
 -96.445  265.023       4.8259
 -93.025 -119.317       4.8259
 -93.025 -115.435       4.8259
 -93.025 -111.553       4.8259
 -93.025 -107.670       4.8259
 -93.025 -103.788       4.8259
 -93.025  -99.906       4.8259
 -93.025  -96.024       4.8259
 -93.025  -92.141       4.8259
 -93.025  -88.259       4.8259
 -93.025  -84.377       4.8259
 -93.025  -80.495       4.8259
 -93.025  -76.613       4.8259
 -93.025  -72.730       4.8259
 -93.025  -68.848       4.8259
 -93.025  -64.966       4.8259
 -93.025  -61.084       4.8259
 -93.025  -57.201       4.8259
 -93.025  -53.319       4.8259
 -93.025  -49.437       4.8259
 -93.025  -45.555       4.8259
 -93.025  -41.673       4.8259
 -93.025  -37.790       4.8259
 -93.025  -33.908       4.8259
 -93.025  -30.026       4.8259
 -93.025  -26.144       4.8259
 -93.025  -22.261       4.8259
 -93.025  -18.379       4.8259
 -93.025  -14.497       4.8259
 -93.025  -10.615       4.8259
 -93.025   -6.733       4.8259
 -93.025   -2.850       4.8259
 -93.025    1.032       4.8259
 -93.025    4.914       4.8259
 -93.025    8.796       4.8259
 -93.025   12.678       4.8259
 -93.025   16.561       4.8259
 -93.025   20.443       4.8259
 -93.025   24.325       4.8259
 -93.025   28.207       4.8259
 -93.025   32.090       4.8259
 -93.025   35.972       4.8259
 -93.025   39.854       4.8259
 -93.025   43.736       4.8259
 -93.025   47.618       4.8259
 -93.025   51.501       4.8259
 -93.025   55.383       4.8259
 -93.025   59.265       4.8259
 -93.025   63.147       4.8259
 -93.025   67.030       4.8259
 -93.025   70.912       4.8259
 -93.025   74.794       4.8259
 -93.025   78.676       4.8259
 -93.025   82.558       4.8259
 -93.025   86.441       4.8259
 -93.025   90.323       4.8259
 -93.025   94.205       4.8259
 -93.025   98.087       4.8259
 -93.025  101.970       4.8259
 -93.025  105.852       4.8259
 -93.025  109.734       4.8259
 -93.025  113.616       4.8259
 -93.025  117.498       4.8259
 -93.025  121.381       4.8259
 -93.025  125.263       4.8259
 -93.025  129.145       4.8259
 -93.025  133.027       4.8259
 -93.025  136.910       4.8259
 -93.025  140.792       4.8259
 -93.025  144.674       4.8259
 -93.025  148.556       4.8259
 -93.025  152.438       3.2526
 -93.025  156.321       2.5181
 -93.025  160.203       2.0458
 -93.025  164.085       2.2763
 -93.025  167.967       2.8394
 -93.025  171.849       2.8394
 -93.025  175.732       2.5699
 -93.025  179.614       2.9832
 -93.025  183.496       3.5862
 -93.025  187.378       4.8259
 -93.025  191.261       4.8259
 -93.025  195.143       4.8259
 -93.025  199.025       4.8259
 -93.025  202.907       4.8259
 -93.025  206.789       4.8259
 -93.025  210.672       4.8259
 -93.025  214.554       4.8259
 -93.025  218.436       4.8259
 -93.025  222.318       4.8259
 -93.025  226.201       4.8259
 -93.025  230.083       4.8259
 -93.025  233.965       4.8259
 -93.025  237.847       4.8259
 -93.025  241.729       4.8259
 -93.025  245.612       4.8259
 -93.025  249.494       4.8259
 -93.025  253.376       4.8259
 -93.025  257.258       4.8259
 -93.025  261.141       4.8259
 -93.025  265.023       4.8259
 -89.604 -119.317       4.8259
 -89.604 -115.435       4.8259
 -89.604 -111.553       4.8259
 -89.604 -107.670       4.8259
 -89.604 -103.788       4.8259
 -89.604  -99.906       4.8259
 -89.604  -96.024       4.8259
 -89.604  -92.141       4.8259
 -89.604  -88.259       4.8259
 -89.604  -84.377       4.8259
 -89.604  -80.495       4.8259
 -89.604  -76.613       4.8259
 -89.604  -72.730       4.8259
 -89.604  -68.848       4.8259
 -89.604  -64.966       4.8259
 -89.604  -61.084       4.8259
 -89.604  -57.201       4.8259
 -89.604  -53.319       4.8259
 -89.604  -49.437       4.8259
 -89.604  -45.555       4.8259
 -89.604  -41.673       4.8259
 -89.604  -37.790       4.8259
 -89.604  -33.908       4.8259
 -89.604  -30.026       4.8259
 -89.604  -26.144       4.8259
 -89.604  -22.261       4.8259
 -89.604  -18.379       4.8259
 -89.604  -14.497       4.8259
 -89.604  -10.615       4.8259
 -89.604   -6.733       4.8259
 -89.604   -2.850       4.8259
 -89.604    1.032       4.8259
 -89.604    4.914       4.8259
 -89.604    8.796       4.8259
 -89.604   12.678       4.8259
 -89.604   16.561       4.8259
 -89.604   20.443       4.8259
 -89.604   24.325       4.8259
 -89.604   28.207       4.8259
 -89.604   32.090       4.8259
 -89.604   35.972       4.8259
 -89.604   39.854       4.8259
 -89.604   43.736       4.8259
 -89.604   47.618       4.8259
 -89.604   51.501       4.8259
 -89.604   55.383       4.8259
 -89.604   59.265       4.8259
 -89.604   63.147       4.8259
 -89.604   67.030       4.8259
 -89.604   70.912       4.8259
 -89.604   74.794       4.8259
 -89.604   78.676       4.8259
 -89.604   82.558       4.8259
 -89.604   86.441       4.8259
 -89.604   90.323       4.8259
 -89.604   94.205       4.8259
 -89.604   98.087       4.8259
 -89.604  101.970       4.8259
 -89.604  105.852       4.8259
 -89.604  109.734       4.8259
 -89.604  113.616       4.8259
 -89.604  117.498       4.8259
 -89.604  121.381       4.8259
 -89.604  125.263       4.8259
 -89.604  129.145       4.8259
 -89.604  133.027       4.8259
 -89.604  136.910       4.8259
 -89.604  140.792       4.8259
 -89.604  144.674       4.8259
 -89.604  148.556       4.8259
 -89.604  152.438       3.1730
 -89.604  156.321       2.1433
 -89.604  160.203       2.3655
 -89.604  164.085       2.5434
 -89.604  167.967       3.7577
 -89.604  171.849       3.4532
 -89.604  175.732       2.7983
 -89.604  179.614       2.9832
 -89.604  183.496       3.3445
 -89.604  187.378       4.8259
 -89.604  191.261       4.8259
 -89.604  195.143       4.8259
 -89.604  199.025       4.8259
 -89.604  202.907       4.8259
 -89.604  206.789       4.8259
 -89.604  210.672       4.8259
 -89.604  214.554       4.8259
 -89.604  218.436       4.8259
 -89.604  222.318       4.8259
 -89.604  226.201       4.8259
 -89.604  230.083       4.8259
 -89.604  233.965       4.8259
 -89.604  237.847       4.8259
 -89.604  241.729       4.8259
 -89.604  245.612       4.8259
 -89.604  249.494       4.8259
 -89.604  253.376       4.8259
 -89.604  257.258       4.8259
 -89.604  261.141       4.8259
 -89.604  265.023       4.8259
 -86.184 -119.317       4.8259
 -86.184 -115.435       4.8259
 -86.184 -111.553       4.8259
 -86.184 -107.670       4.8259
 -86.184 -103.788       4.8259
 -86.184  -99.906       4.8259
 -86.184  -96.024       4.8259
 -86.184  -92.141       4.8259
 -86.184  -88.259       4.8259
 -86.184  -84.377       4.8259
 -86.184  -80.495       4.8259
 -86.184  -76.613       4.8259
 -86.184  -72.730       4.8259
 -86.184  -68.848       4.8259
 -86.184  -64.966       4.8259
 -86.184  -61.084       4.8259
 -86.184  -57.201       4.8259
 -86.184  -53.319       4.8259
 -86.184  -49.437       4.8259
 -86.184  -45.555       4.8259
 -86.184  -41.673       4.8259
 -86.184  -37.790       4.8259
 -86.184  -33.908       4.8259
 -86.184  -30.026       4.8259
 -86.184  -26.144       4.8259
 -86.184  -22.261       4.8259
 -86.184  -18.379       4.8259
 -86.184  -14.497       4.8259
 -86.184  -10.615       4.8259
 -86.184   -6.733       4.8259
 -86.184   -2.850       4.8259
 -86.184    1.032       4.8259
 -86.184    4.914       4.8259
 -86.184    8.796       4.8259
 -86.184   12.678       4.8259
 -86.184   16.561       4.8259
 -86.184   20.443       4.8259
 -86.184   24.325       4.8259
 -86.184   28.207       4.8259
 -86.184   32.090       4.8259
 -86.184   35.972       4.8259
 -86.184   39.854       4.8259
 -86.184   43.736       4.8259
 -86.184   47.618       4.8259
 -86.184   51.501       4.8259
 -86.184   55.383       4.8259
 -86.184   59.265       4.8259
 -86.184   63.147       4.8259
 -86.184   67.030       4.8259
 -86.184   70.912       4.8259
 -86.184   74.794       4.8259
 -86.184   78.676       4.8259
 -86.184   82.558       4.8259
 -86.184   86.441       4.8259
 -86.184   90.323       4.8259
 -86.184   94.205       4.8259
 -86.184   98.087       4.8259
 -86.184  101.970       4.8259
 -86.184  105.852       4.8259
 -86.184  109.734       4.8259
 -86.184  113.616       4.8259
 -86.184  117.498       4.8259
 -86.184  121.381       4.8259
 -86.184  125.263       4.8259
 -86.184  129.145       4.8259
 -86.184  133.027       4.8259
 -86.184  136.910       4.8259
 -86.184  140.792       4.8259
 -86.184  144.674       4.8259
 -86.184  148.556       4.8259
 -86.184  152.438       3.5862
 -86.184  156.321       2.6573
 -86.184  160.203       2.5699
 -86.184  164.085       2.5699
 -86.184  167.967       4.8259
 -86.184  171.849       4.8259
 -86.184  175.732       3.3445
 -86.184  179.614       4.4127
 -86.184  183.496       3.9995
 -86.184  187.378       4.8259
 -86.184  191.261       4.8259
 -86.184  195.143       4.8259
 -86.184  199.025       4.8259
 -86.184  202.907       4.8259
 -86.184  206.789       4.8259
 -86.184  210.672       4.8259
 -86.184  214.554       4.8259
 -86.184  218.436       4.8259
 -86.184  222.318       4.8259
 -86.184  226.201       4.8259
 -86.184  230.083       4.8259
 -86.184  233.965       4.8259
 -86.184  237.847       4.8259
 -86.184  241.729       4.8259
 -86.184  245.612       4.8259
 -86.184  249.494       4.8259
 -86.184  253.376       4.8259
 -86.184  257.258       4.8259
 -86.184  261.141       4.8259
 -86.184  265.023       4.8259
 -82.764 -119.317       4.8259
 -82.764 -115.435       4.8259
 -82.764 -111.553       4.8259
 -82.764 -107.670       4.8259
 -82.764 -103.788       4.8259
 -82.764  -99.906       4.8259
 -82.764  -96.024       4.8259
 -82.764  -92.141       4.8259
 -82.764  -88.259       4.8259
 -82.764  -84.377       4.8259
 -82.764  -80.495       4.8259
 -82.764  -76.613       4.8259
 -82.764  -72.730       4.8259
 -82.764  -68.848       4.8259
 -82.764  -64.966       4.8259
 -82.764  -61.084       4.8259
 -82.764  -57.201       4.8259
 -82.764  -53.319       4.8259
 -82.764  -49.437       4.8259
 -82.764  -45.555       4.8259
 -82.764  -41.673       4.8259
 -82.764  -37.790       4.8259
 -82.764  -33.908       4.8259
 -82.764  -30.026       4.8259
 -82.764  -26.144       4.8259
 -82.764  -22.261       4.8259
 -82.764  -18.379       4.8259
 -82.764  -14.497       4.8259
 -82.764  -10.615       4.8259
 -82.764   -6.733       4.8259
 -82.764   -2.850       4.8259
 -82.764    1.032       4.8259
 -82.764    4.914       4.8259
 -82.764    8.796       4.8259
 -82.764   12.678       4.8259
 -82.764   16.561       4.8259
 -82.764   20.443       4.8259
 -82.764   24.325       4.8259
 -82.764   28.207       4.8259
 -82.764   32.090       4.8259
 -82.764   35.972       4.8259
 -82.764   39.854       4.8259
 -82.764   43.736       4.8259
 -82.764   47.618       4.8259
 -82.764   51.501       4.8259
 -82.764   55.383       4.8259
 -82.764   59.265       4.8259
 -82.764   63.147       4.8259
 -82.764   67.030       4.8259
 -82.764   70.912       4.8259
 -82.764   74.794       4.8259
 -82.764   78.676       4.8259
 -82.764   82.558       4.8259
 -82.764   86.441       4.8259
 -82.764   90.323       4.8259
 -82.764   94.205       4.8259
 -82.764   98.087       4.8259
 -82.764  101.970       4.8259
 -82.764  105.852       4.8259
 -82.764  109.734       4.8259
 -82.764  113.616       4.8259
 -82.764  117.498       4.8259
 -82.764  121.381       4.8259
 -82.764  125.263       4.8259
 -82.764  129.145       4.8259
 -82.764  133.027       4.8259
 -82.764  136.910       4.8259
 -82.764  140.792       4.8259
 -82.764  144.674       4.8259
 -82.764  148.556       4.8259
 -82.764  152.438       3.9995
 -82.764  156.321       3.0400
 -82.764  160.203       2.5977
 -82.764  164.085       2.7983
 -82.764  167.967       3.7577
 -82.764  171.849       4.8259
 -82.764  175.732       4.4127
 -82.764  179.614       4.4127
 -82.764  183.496       3.9995
 -82.764  187.378       4.8259
 -82.764  191.261       4.8259
 -82.764  195.143       4.8259
 -82.764  199.025       4.8259
 -82.764  202.907       4.8259
 -82.764  206.789       4.8259
 -82.764  210.672       4.8259
 -82.764  214.554       4.8259
 -82.764  218.436       4.8259
 -82.764  222.318       4.8259
 -82.764  226.201       4.8259
 -82.764  230.083       4.8259
 -82.764  233.965       4.8259
 -82.764  237.847       4.8259
 -82.764  241.729       4.8259
 -82.764  245.612       4.8259
 -82.764  249.494       4.8259
 -82.764  253.376       4.8259
 -82.764  257.258       4.8259
 -82.764  261.141       4.8259
 -82.764  265.023       4.8259
 -79.343 -119.317       4.8259
 -79.343 -115.435       4.8259
 -79.343 -111.553       4.8259
 -79.343 -107.670       4.8259
 -79.343 -103.788       4.8259
 -79.343  -99.906       4.8259
 -79.343  -96.024       4.8259
 -79.343  -92.141       4.8259
 -79.343  -88.259       4.8259
 -79.343  -84.377       4.8259
 -79.343  -80.495       4.8259
 -79.343  -76.613       4.8259
 -79.343  -72.730       4.8259
 -79.343  -68.848       4.8259
 -79.343  -64.966       4.8259
 -79.343  -61.084       4.8259
 -79.343  -57.201       4.8259
 -79.343  -53.319       4.8259
 -79.343  -49.437       4.8259
 -79.343  -45.555       4.8259
 -79.343  -41.673       4.8259
 -79.343  -37.790       4.8259
 -79.343  -33.908       4.8259
 -79.343  -30.026       4.8259
 -79.343  -26.144       4.8259
 -79.343  -22.261       4.8259
 -79.343  -18.379       4.8259
 -79.343  -14.497       4.8259
 -79.343  -10.615       4.8259
 -79.343   -6.733       4.8259
 -79.343   -2.850       4.8259
 -79.343    1.032       4.8259
 -79.343    4.914       4.8259
 -79.343    8.796       4.8259
 -79.343   12.678       4.8259
 -79.343   16.561       4.8259
 -79.343   20.443       4.8259
 -79.343   24.325       4.8259
 -79.343   28.207       4.8259
 -79.343   32.090       4.8259
 -79.343   35.972       4.8259
 -79.343   39.854       4.8259
 -79.343   43.736       4.8259
 -79.343   47.618       4.8259
 -79.343   51.501       4.8259
 -79.343   55.383       4.8259
 -79.343   59.265       4.8259
 -79.343   63.147       4.8259
 -79.343   67.030       4.8259
 -79.343   70.912       4.8259
 -79.343   74.794       4.8259
 -79.343   78.676       4.8259
 -79.343   82.558       4.8259
 -79.343   86.441       4.8259
 -79.343   90.323       4.8259
 -79.343   94.205       4.8259
 -79.343   98.087       4.8259
 -79.343  101.970       4.8259
 -79.343  105.852       4.8259
 -79.343  109.734       4.8259
 -79.343  113.616       4.8259
 -79.343  117.498       4.8259
 -79.343  121.381       4.8259
 -79.343  125.263       4.8259
 -79.343  129.145       4.8259
 -79.343  133.027       4.8259
 -79.343  136.910       4.8259
 -79.343  140.792       4.8259
 -79.343  144.674       4.8259
 -79.343  148.556       4.8259
 -79.343  152.438       4.8259
 -79.343  156.321       4.4127
 -79.343  160.203       2.8836
 -79.343  164.085       2.5699
 -79.343  167.967       3.5862
 -79.343  171.849       4.4127
 -79.343  175.732       3.3445
 -79.343  179.614       2.9832
 -79.343  183.496       3.9995
 -79.343  187.378       4.8259
 -79.343  191.261       4.8259
 -79.343  195.143       4.8259
 -79.343  199.025       4.8259
 -79.343  202.907       4.8259
 -79.343  206.789       4.8259
 -79.343  210.672       4.8259
 -79.343  214.554       4.8259
 -79.343  218.436       4.8259
 -79.343  222.318       4.8259
 -79.343  226.201       4.8259
 -79.343  230.083       4.8259
 -79.343  233.965       4.8259
 -79.343  237.847       4.8259
 -79.343  241.729       4.8259
 -79.343  245.612       4.8259
 -79.343  249.494       4.8259
 -79.343  253.376       4.8259
 -79.343  257.258       4.8259
 -79.343  261.141       4.8259
 -79.343  265.023       4.8259
 -75.923 -119.317       4.8259
 -75.923 -115.435       4.8259
 -75.923 -111.553       4.8259
 -75.923 -107.670       4.8259
 -75.923 -103.788       4.8259
 -75.923  -99.906       4.8259
 -75.923  -96.024       4.8259
 -75.923  -92.141       4.8259
 -75.923  -88.259       4.8259
 -75.923  -84.377       4.8259
 -75.923  -80.495       4.8259
 -75.923  -76.613       4.8259
 -75.923  -72.730       4.8259
 -75.923  -68.848       4.8259
 -75.923  -64.966       4.8259
 -75.923  -61.084       4.8259
 -75.923  -57.201       4.8259
 -75.923  -53.319       4.8259
 -75.923  -49.437       4.8259
 -75.923  -45.555       4.8259
 -75.923  -41.673       4.8259
 -75.923  -37.790       4.8259
 -75.923  -33.908       4.8259
 -75.923  -30.026       4.8259
 -75.923  -26.144       4.8259
 -75.923  -22.261       4.8259
 -75.923  -18.379       4.8259
 -75.923  -14.497       4.8259
 -75.923  -10.615       4.8259
 -75.923   -6.733       4.8259
 -75.923   -2.850       4.8259
 -75.923    1.032       4.8259
 -75.923    4.914       4.8259
 -75.923    8.796       4.8259
 -75.923   12.678       4.8259
 -75.923   16.561       4.8259
 -75.923   20.443       4.8259
 -75.923   24.325       4.8259
 -75.923   28.207       4.8259
 -75.923   32.090       4.8259
 -75.923   35.972       4.8259
 -75.923   39.854       4.8259
 -75.923   43.736       4.8259
 -75.923   47.618       4.8259
 -75.923   51.501       4.8259
 -75.923   55.383       4.8259
 -75.923   59.265       4.8259
 -75.923   63.147       4.8259
 -75.923   67.030       4.8259
 -75.923   70.912       4.8259
 -75.923   74.794       4.8259
 -75.923   78.676       4.8259
 -75.923   82.558       4.8259
 -75.923   86.441       4.8259
 -75.923   90.323       4.8259
 -75.923   94.205       4.8259
 -75.923   98.087       4.8259
 -75.923  101.970       4.8259
 -75.923  105.852       4.8259
 -75.923  109.734       4.8259
 -75.923  113.616       4.8259
 -75.923  117.498       4.8259
 -75.923  121.381       4.8259
 -75.923  125.263       4.8259
 -75.923  129.145       4.8259
 -75.923  133.027       4.8259
 -75.923  136.910       4.8259
 -75.923  140.792       4.8259
 -75.923  144.674       4.8259
 -75.923  148.556       4.8259
 -75.923  152.438       4.4127
 -75.923  156.321       3.5862
 -75.923  160.203       2.5699
 -75.923  164.085       2.1704
 -75.923  167.967       2.4937
 -75.923  171.849       3.7577
 -75.923  175.732       3.4532
 -75.923  179.614       2.9832
 -75.923  183.496       4.8259
 -75.923  187.378       4.8259
 -75.923  191.261       4.8259
 -75.923  195.143       4.8259
 -75.923  199.025       4.8259
 -75.923  202.907       4.8259
 -75.923  206.789       4.8259
 -75.923  210.672       4.8259
 -75.923  214.554       4.8259
 -75.923  218.436       4.8259
 -75.923  222.318       4.8259
 -75.923  226.201       4.8259
 -75.923  230.083       4.8259
 -75.923  233.965       4.8259
 -75.923  237.847       4.8259
 -75.923  241.729       4.8259
 -75.923  245.612       4.8259
 -75.923  249.494       4.8259
 -75.923  253.376       4.8259
 -75.923  257.258       4.8259
 -75.923  261.141       4.8259
 -75.923  265.023       4.8259
 -72.503 -119.317       4.8259
 -72.503 -115.435       4.8259
 -72.503 -111.553       4.8259
 -72.503 -107.670       4.8259
 -72.503 -103.788       4.8259
 -72.503  -99.906       4.8259
 -72.503  -96.024       4.8259
 -72.503  -92.141       4.8259
 -72.503  -88.259       4.8259
 -72.503  -84.377       4.8259
 -72.503  -80.495       4.8259
 -72.503  -76.613       4.8259
 -72.503  -72.730       4.8259
 -72.503  -68.848       4.8259
 -72.503  -64.966       4.8259
 -72.503  -61.084       4.8259
 -72.503  -57.201       4.8259
 -72.503  -53.319       4.8259
 -72.503  -49.437       4.8259
 -72.503  -45.555       4.8259
 -72.503  -41.673       4.8259
 -72.503  -37.790       4.8259
 -72.503  -33.908       4.8259
 -72.503  -30.026       4.8259
 -72.503  -26.144       4.8259
 -72.503  -22.261       4.8259
 -72.503  -18.379       4.8259
 -72.503  -14.497       4.8259
 -72.503  -10.615       4.8259
 -72.503   -6.733       4.8259
 -72.503   -2.850       4.8259
 -72.503    1.032       4.8259
 -72.503    4.914       4.8259
 -72.503    8.796       4.8259
 -72.503   12.678       4.8259
 -72.503   16.561       4.8259
 -72.503   20.443       4.8259
 -72.503   24.325       4.8259
 -72.503   28.207       4.8259
 -72.503   32.090       4.8259
 -72.503   35.972       4.8259
 -72.503   39.854       4.8259
 -72.503   43.736       4.8259
 -72.503   47.618       4.8259
 -72.503   51.501       4.8259
 -72.503   55.383       4.8259
 -72.503   59.265       4.8259
 -72.503   63.147       4.8259
 -72.503   67.030       4.8259
 -72.503   70.912       4.8259
 -72.503   74.794       4.8259
 -72.503   78.676       4.8259
 -72.503   82.558       4.8259
 -72.503   86.441       4.8259
 -72.503   90.323       4.8259
 -72.503   94.205       4.8259
 -72.503   98.087       4.8259
 -72.503  101.970       4.8259
 -72.503  105.852       4.8259
 -72.503  109.734       4.8259
 -72.503  113.616       4.8259
 -72.503  117.498       4.8259
 -72.503  121.381       4.8259
 -72.503  125.263       4.8259
 -72.503  129.145       4.8259
 -72.503  133.027       4.8259
 -72.503  136.910       4.8259
 -72.503  140.792       4.8259
 -72.503  144.674       4.8259
 -72.503  148.556       4.8259
 -72.503  152.438       4.8259
 -72.503  156.321       3.2526
 -72.503  160.203       2.6268
 -72.503  164.085       2.4052
 -72.503  167.967       2.6268
 -72.503  171.849       2.6573
 -72.503  175.732       2.9832
 -72.503  179.614       3.4532
 -72.503  183.496       4.8259
 -72.503  187.378       4.8259
 -72.503  191.261       4.8259
 -72.503  195.143       4.8259
 -72.503  199.025       4.8259
 -72.503  202.907       4.8259
 -72.503  206.789       4.8259
 -72.503  210.672       4.8259
 -72.503  214.554       4.8259
 -72.503  218.436       4.8259
 -72.503  222.318       4.8259
 -72.503  226.201       4.8259
 -72.503  230.083       4.8259
 -72.503  233.965       4.8259
 -72.503  237.847       4.8259
 -72.503  241.729       4.8259
 -72.503  245.612       4.8259
 -72.503  249.494       4.8259
 -72.503  253.376       4.8259
 -72.503  257.258       4.8259
 -72.503  261.141       4.8259
 -72.503  265.023       4.8259
 -69.082 -119.317       4.8259
 -69.082 -115.435       4.8259
 -69.082 -111.553       4.8259
 -69.082 -107.670       4.8259
 -69.082 -103.788       4.8259
 -69.082  -99.906       4.8259
 -69.082  -96.024       4.8259
 -69.082  -92.141       4.8259
 -69.082  -88.259       4.8259
 -69.082  -84.377       4.8259
 -69.082  -80.495       4.8259
 -69.082  -76.613       4.8259
 -69.082  -72.730       4.8259
 -69.082  -68.848       4.8259
 -69.082  -64.966       4.8259
 -69.082  -61.084       4.8259
 -69.082  -57.201       4.8259
 -69.082  -53.319       4.8259
 -69.082  -49.437       4.8259
 -69.082  -45.555       4.8259
 -69.082  -41.673       4.8259
 -69.082  -37.790       4.8259
 -69.082  -33.908       4.8259
 -69.082  -30.026       4.8259
 -69.082  -26.144       4.8259
 -69.082  -22.261       4.8259
 -69.082  -18.379       4.8259
 -69.082  -14.497       4.8259
 -69.082  -10.615       4.8259
 -69.082   -6.733       4.8259
 -69.082   -2.850       4.8259
 -69.082    1.032       4.8259
 -69.082    4.914       4.8259
 -69.082    8.796       4.8259
 -69.082   12.678       4.8259
 -69.082   16.561       4.8259
 -69.082   20.443       4.8259
 -69.082   24.325       4.8259
 -69.082   28.207       4.8259
 -69.082   32.090       4.8259
 -69.082   35.972       4.8259
 -69.082   39.854       4.8259
 -69.082   43.736       4.8259
 -69.082   47.618       4.8259
 -69.082   51.501       4.8259
 -69.082   55.383       4.8259
 -69.082   59.265       4.8259
 -69.082   63.147       4.8259
 -69.082   67.030       4.8259
 -69.082   70.912       4.8259
 -69.082   74.794       4.8259
 -69.082   78.676       4.8259
 -69.082   82.558       4.8259
 -69.082   86.441       4.8259
 -69.082   90.323       4.8259
 -69.082   94.205       4.8259
 -69.082   98.087       4.8259
 -69.082  101.970       4.8259
 -69.082  105.852       4.8259
 -69.082  109.734       4.8259
 -69.082  113.616       4.8259
 -69.082  117.498       4.8259
 -69.082  121.381       4.8259
 -69.082  125.263       4.8259
 -69.082  129.145       4.8259
 -69.082  133.027       4.8259
 -69.082  136.910       4.8259
 -69.082  140.792       4.8259
 -69.082  144.674       4.8259
 -69.082  148.556       4.8259
 -69.082  152.438       4.8259
 -69.082  156.321       3.3445
 -69.082  160.203       2.3466
 -69.082  164.085       2.5434
 -69.082  167.967       2.2931
 -69.082  171.849       2.3655
 -69.082  175.732       3.1730
 -69.082  179.614       3.9995
 -69.082  183.496       4.8259
 -69.082  187.378       4.8259
 -69.082  191.261       4.8259
 -69.082  195.143       4.8259
 -69.082  199.025       4.8259
 -69.082  202.907       4.8259
 -69.082  206.789       4.8259
 -69.082  210.672       4.8259
 -69.082  214.554       4.8259
 -69.082  218.436       4.8259
 -69.082  222.318       4.8259
 -69.082  226.201       4.8259
 -69.082  230.083       4.8259
 -69.082  233.965       4.8259
 -69.082  237.847       4.8259
 -69.082  241.729       4.8259
 -69.082  245.612       4.8259
 -69.082  249.494       4.8259
 -69.082  253.376       4.8259
 -69.082  257.258       4.8259
 -69.082  261.141       4.8259
 -69.082  265.023       4.8259
 -65.662 -119.317       4.8259
 -65.662 -115.435       4.8259
 -65.662 -111.553       4.8259
 -65.662 -107.670       4.8259
 -65.662 -103.788       4.8259
 -65.662  -99.906       4.8259
 -65.662  -96.024       4.8259
 -65.662  -92.141       4.8259
 -65.662  -88.259       4.8259
 -65.662  -84.377       4.8259
 -65.662  -80.495       4.8259
 -65.662  -76.613       4.8259
 -65.662  -72.730       4.8259
 -65.662  -68.848       4.8259
 -65.662  -64.966       4.8259
 -65.662  -61.084       4.8259
 -65.662  -57.201       4.8259
 -65.662  -53.319       4.8259
 -65.662  -49.437       4.8259
 -65.662  -45.555       4.8259
 -65.662  -41.673       4.8259
 -65.662  -37.790       4.8259
 -65.662  -33.908       4.8259
 -65.662  -30.026       4.8259
 -65.662  -26.144       4.8259
 -65.662  -22.261       4.8259
 -65.662  -18.379       4.8259
 -65.662  -14.497       4.8259
 -65.662  -10.615       4.8259
 -65.662   -6.733       4.8259
 -65.662   -2.850       4.8259
 -65.662    1.032       4.8259
 -65.662    4.914       4.8259
 -65.662    8.796       4.8259
 -65.662   12.678       4.8259
 -65.662   16.561       4.8259
 -65.662   20.443       4.8259
 -65.662   24.325       4.8259
 -65.662   28.207       4.8259
 -65.662   32.090       4.8259
 -65.662   35.972       4.8259
 -65.662   39.854       4.8259
 -65.662   43.736       4.8259
 -65.662   47.618       4.8259
 -65.662   51.501       4.8259
 -65.662   55.383       4.8259
 -65.662   59.265       4.8259
 -65.662   63.147       4.8259
 -65.662   67.030       4.8259
 -65.662   70.912       4.8259
 -65.662   74.794       4.8259
 -65.662   78.676       4.8259
 -65.662   82.558       4.8259
 -65.662   86.441       4.8259
 -65.662   90.323       4.8259
 -65.662   94.205       4.8259
 -65.662   98.087       4.8259
 -65.662  101.970       4.8259
 -65.662  105.852       4.8259
 -65.662  109.734       4.8259
 -65.662  113.616       4.8259
 -65.662  117.498       4.8259
 -65.662  121.381       4.8259
 -65.662  125.263       4.8259
 -65.662  129.145       4.8259
 -65.662  133.027       4.8259
 -65.662  136.910       4.8259
 -65.662  140.792       4.8259
 -65.662  144.674       4.8259
 -65.662  148.556       4.8259
 -65.662  152.438       4.8259
 -65.662  156.321       4.8259
 -65.662  160.203       2.7983
 -65.662  164.085       2.3104
 -65.662  167.967       2.4052
 -65.662  171.849       2.2931
 -65.662  175.732       2.9313
 -65.662  179.614       4.8259
 -65.662  183.496       4.8259
 -65.662  187.378       4.8259
 -65.662  191.261       4.8259
 -65.662  195.143       4.8259
 -65.662  199.025       4.8259
 -65.662  202.907       4.8259
 -65.662  206.789       4.8259
 -65.662  210.672       4.8259
 -65.662  214.554       4.8259
 -65.662  218.436       4.8259
 -65.662  222.318       4.8259
 -65.662  226.201       4.8259
 -65.662  230.083       4.8259
 -65.662  233.965       4.8259
 -65.662  237.847       4.8259
 -65.662  241.729       4.8259
 -65.662  245.612       4.8259
 -65.662  249.494       4.8259
 -65.662  253.376       4.8259
 -65.662  257.258       4.8259
 -65.662  261.141       4.8259
 -65.662  265.023       4.8259
 -62.241 -119.317       4.8259
 -62.241 -115.435       4.8259
 -62.241 -111.553       4.8259
 -62.241 -107.670       4.8259
 -62.241 -103.788       4.8259
 -62.241  -99.906       4.8259
 -62.241  -96.024       4.8259
 -62.241  -92.141       4.8259
 -62.241  -88.259       4.8259
 -62.241  -84.377       4.8259
 -62.241  -80.495       4.8259
 -62.241  -76.613       4.8259
 -62.241  -72.730       4.8259
 -62.241  -68.848       4.8259
 -62.241  -64.966       4.8259
 -62.241  -61.084       4.8259
 -62.241  -57.201       4.8259
 -62.241  -53.319       4.8259
 -62.241  -49.437       4.8259
 -62.241  -45.555       4.8259
 -62.241  -41.673       4.8259
 -62.241  -37.790       4.8259
 -62.241  -33.908       4.8259
 -62.241  -30.026       4.8259
 -62.241  -26.144       4.8259
 -62.241  -22.261       4.8259
 -62.241  -18.379       4.8259
 -62.241  -14.497       4.8259
 -62.241  -10.615       4.8259
 -62.241   -6.733       4.8259
 -62.241   -2.850       4.8259
 -62.241    1.032       4.8259
 -62.241    4.914       4.8259
 -62.241    8.796       4.8259
 -62.241   12.678       4.8259
 -62.241   16.561       4.8259
 -62.241   20.443       4.8259
 -62.241   24.325       4.8259
 -62.241   28.207       4.8259
 -62.241   32.090       4.8259
 -62.241   35.972       4.8259
 -62.241   39.854       4.8259
 -62.241   43.736       4.8259
 -62.241   47.618       4.8259
 -62.241   51.501       4.8259
 -62.241   55.383       4.8259
 -62.241   59.265       4.8259
 -62.241   63.147       4.8259
 -62.241   67.030       4.8259
 -62.241   70.912       4.8259
 -62.241   74.794       4.8259
 -62.241   78.676       4.8259
 -62.241   82.558       4.8259
 -62.241   86.441       4.8259
 -62.241   90.323       4.8259
 -62.241   94.205       4.8259
 -62.241   98.087       4.8259
 -62.241  101.970       4.8259
 -62.241  105.852       4.8259
 -62.241  109.734       4.8259
 -62.241  113.616       4.8259
 -62.241  117.498       4.8259
 -62.241  121.381       4.8259
 -62.241  125.263       4.8259
 -62.241  129.145       4.8259
 -62.241  133.027       4.8259
 -62.241  136.910       4.8259
 -62.241  140.792       4.8259
 -62.241  144.674       4.8259
 -62.241  148.556       4.8259
 -62.241  152.438       4.8259
 -62.241  156.321       4.4127
 -62.241  160.203       3.4532
 -62.241  164.085       2.5699
 -62.241  167.967       2.4478
 -62.241  171.849       2.8394
 -62.241  175.732       3.9995
 -62.241  179.614       4.8259
 -62.241  183.496       4.8259
 -62.241  187.378       4.8259
 -62.241  191.261       4.8259
 -62.241  195.143       4.8259
 -62.241  199.025       4.8259
 -62.241  202.907       4.8259
 -62.241  206.789       4.8259
 -62.241  210.672       4.8259
 -62.241  214.554       4.8259
 -62.241  218.436       4.8259
 -62.241  222.318       4.8259
 -62.241  226.201       4.8259
 -62.241  230.083       4.8259
 -62.241  233.965       4.8259
 -62.241  237.847       4.8259
 -62.241  241.729       4.8259
 -62.241  245.612       4.8259
 -62.241  249.494       4.8259
 -62.241  253.376       4.8259
 -62.241  257.258       4.8259
 -62.241  261.141       4.8259
 -62.241  265.023       4.8259
 -58.821 -119.317       4.8259
 -58.821 -115.435       4.8259
 -58.821 -111.553       4.8259
 -58.821 -107.670       4.8259
 -58.821 -103.788       4.8259
 -58.821  -99.906       4.8259
 -58.821  -96.024       4.8259
 -58.821  -92.141       4.8259
 -58.821  -88.259       4.8259
 -58.821  -84.377       4.8259
 -58.821  -80.495       4.8259
 -58.821  -76.613       4.8259
 -58.821  -72.730       4.8259
 -58.821  -68.848       4.8259
 -58.821  -64.966       4.8259
 -58.821  -61.084       4.8259
 -58.821  -57.201       4.8259
 -58.821  -53.319       4.8259
 -58.821  -49.437       4.8259
 -58.821  -45.555       4.8259
 -58.821  -41.673       4.8259
 -58.821  -37.790       4.8259
 -58.821  -33.908       4.8259
 -58.821  -30.026       4.8259
 -58.821  -26.144       4.8259
 -58.821  -22.261       4.8259
 -58.821  -18.379       4.8259
 -58.821  -14.497       4.8259
 -58.821  -10.615       4.8259
 -58.821   -6.733       4.8259
 -58.821   -2.850       4.8259
 -58.821    1.032       4.8259
 -58.821    4.914       4.8259
 -58.821    8.796       4.8259
 -58.821   12.678       4.8259
 -58.821   16.561       4.8259
 -58.821   20.443       4.8259
 -58.821   24.325       4.8259
 -58.821   28.207       4.8259
 -58.821   32.090       4.8259
 -58.821   35.972       4.8259
 -58.821   39.854       4.8259
 -58.821   43.736       4.8259
 -58.821   47.618       4.8259
 -58.821   51.501       4.8259
 -58.821   55.383       4.8259
 -58.821   59.265       4.8259
 -58.821   63.147       4.8259
 -58.821   67.030       4.8259
 -58.821   70.912       4.8259
 -58.821   74.794       4.8259
 -58.821   78.676       4.8259
 -58.821   82.558       4.8259
 -58.821   86.441       4.8259
 -58.821   90.323       4.8259
 -58.821   94.205       4.8259
 -58.821   98.087       4.8259
 -58.821  101.970       4.8259
 -58.821  105.852       4.8259
 -58.821  109.734       4.8259
 -58.821  113.616       4.8259
 -58.821  117.498       4.8259
 -58.821  121.381       4.8259
 -58.821  125.263       4.8259
 -58.821  129.145       4.8259
 -58.821  133.027       4.8259
 -58.821  136.910       4.8259
 -58.821  140.792       4.8259
 -58.821  144.674       4.8259
 -58.821  148.556       4.8259
 -58.821  152.438       4.8259
 -58.821  156.321       4.8259
 -58.821  160.203       4.8259
 -58.821  164.085       3.7577
 -58.821  167.967       2.4703
 -58.821  171.849       2.7598
 -58.821  175.732       3.4532
 -58.821  179.614       4.8259
 -58.821  183.496       4.8259
 -58.821  187.378       4.8259
 -58.821  191.261       4.8259
 -58.821  195.143       4.8259
 -58.821  199.025       4.8259
 -58.821  202.907       4.8259
 -58.821  206.789       4.8259
 -58.821  210.672       4.8259
 -58.821  214.554       4.8259
 -58.821  218.436       4.8259
 -58.821  222.318       4.8259
 -58.821  226.201       4.8259
 -58.821  230.083       4.8259
 -58.821  233.965       4.8259
 -58.821  237.847       4.8259
 -58.821  241.729       4.8259
 -58.821  245.612       4.8259
 -58.821  249.494       4.8259
 -58.821  253.376       4.8259
 -58.821  257.258       4.8259
 -58.821  261.141       4.8259
 -58.821  265.023       4.8259
 -55.401 -119.317       4.8259
 -55.401 -115.435       4.8259
 -55.401 -111.553       4.8259
 -55.401 -107.670       4.8259
 -55.401 -103.788       4.8259
 -55.401  -99.906       4.8259
 -55.401  -96.024       4.8259
 -55.401  -92.141       4.8259
 -55.401  -88.259       4.8259
 -55.401  -84.377       4.8259
 -55.401  -80.495       4.8259
 -55.401  -76.613       4.8259
 -55.401  -72.730       4.8259
 -55.401  -68.848       4.8259
 -55.401  -64.966       4.8259
 -55.401  -61.084       4.8259
 -55.401  -57.201       4.8259
 -55.401  -53.319       4.8259
 -55.401  -49.437       4.8259
 -55.401  -45.555       4.8259
 -55.401  -41.673       4.8259
 -55.401  -37.790       4.8259
 -55.401  -33.908       4.8259
 -55.401  -30.026       4.8259
 -55.401  -26.144       4.8259
 -55.401  -22.261       4.8259
 -55.401  -18.379       4.8259
 -55.401  -14.497       4.8259
 -55.401  -10.615       4.8259
 -55.401   -6.733       4.8259
 -55.401   -2.850       4.8259
 -55.401    1.032       4.8259
 -55.401    4.914       4.8259
 -55.401    8.796       4.8259
 -55.401   12.678       4.8259
 -55.401   16.561       4.8259
 -55.401   20.443       4.8259
 -55.401   24.325       4.8259
 -55.401   28.207       4.8259
 -55.401   32.090       4.8259
 -55.401   35.972       4.8259
 -55.401   39.854       4.8259
 -55.401   43.736       4.8259
 -55.401   47.618       4.8259
 -55.401   51.501       4.8259
 -55.401   55.383       4.8259
 -55.401   59.265       4.8259
 -55.401   63.147       4.8259
 -55.401   67.030       4.8259
 -55.401   70.912       4.8259
 -55.401   74.794       4.8259
 -55.401   78.676       4.8259
 -55.401   82.558       4.8259
 -55.401   86.441       4.8259
 -55.401   90.323       4.8259
 -55.401   94.205       4.8259
 -55.401   98.087       4.8259
 -55.401  101.970       4.8259
 -55.401  105.852       4.8259
 -55.401  109.734       4.8259
 -55.401  113.616       4.8259
 -55.401  117.498       4.8259
 -55.401  121.381       4.8259
 -55.401  125.263       4.8259
 -55.401  129.145       4.8259
 -55.401  133.027       4.8259
 -55.401  136.910       4.8259
 -55.401  140.792       4.8259
 -55.401  144.674       4.8259
 -55.401  148.556       4.8259
 -55.401  152.438       4.8259
 -55.401  156.321       4.8259
 -55.401  160.203       4.8259
 -55.401  164.085       3.7577
 -55.401  167.967       2.9313
 -55.401  171.849       2.8394
 -55.401  175.732       2.9832
 -55.401  179.614       4.8259
 -55.401  183.496       4.8259
 -55.401  187.378       4.8259
 -55.401  191.261       4.8259
 -55.401  195.143       4.8259
 -55.401  199.025       4.8259
 -55.401  202.907       4.8259
 -55.401  206.789       4.8259
 -55.401  210.672       4.8259
 -55.401  214.554       4.8259
 -55.401  218.436       4.8259
 -55.401  222.318       4.8259
 -55.401  226.201       4.8259
 -55.401  230.083       4.8259
 -55.401  233.965       4.8259
 -55.401  237.847       4.8259
 -55.401  241.729       4.8259
 -55.401  245.612       4.8259
 -55.401  249.494       4.8259
 -55.401  253.376       4.8259
 -55.401  257.258       4.8259
 -55.401  261.141       4.8259
 -55.401  265.023       4.8259
 -51.980 -119.317       4.8259
 -51.980 -115.435       4.8259
 -51.980 -111.553       4.8259
 -51.980 -107.670       4.8259
 -51.980 -103.788       4.8259
 -51.980  -99.906       4.8259
 -51.980  -96.024       4.8259
 -51.980  -92.141       4.8259
 -51.980  -88.259       4.8259
 -51.980  -84.377       4.8259
 -51.980  -80.495       4.8259
 -51.980  -76.613       4.8259
 -51.980  -72.730       4.8259
 -51.980  -68.848       4.8259
 -51.980  -64.966       4.8259
 -51.980  -61.084       4.8259
 -51.980  -57.201       4.8259
 -51.980  -53.319       4.8259
 -51.980  -49.437       4.8259
 -51.980  -45.555       4.8259
 -51.980  -41.673       4.8259
 -51.980  -37.790       4.8259
 -51.980  -33.908       4.8259
 -51.980  -30.026       4.8259
 -51.980  -26.144       4.8259
 -51.980  -22.261       4.8259
 -51.980  -18.379       4.8259
 -51.980  -14.497       4.8259
 -51.980  -10.615       4.8259
 -51.980   -6.733       4.8259
 -51.980   -2.850       4.8259
 -51.980    1.032       4.8259
 -51.980    4.914       4.8259
 -51.980    8.796       4.8259
 -51.980   12.678       4.8259
 -51.980   16.561       4.8259
 -51.980   20.443       4.8259
 -51.980   24.325       4.8259
 -51.980   28.207       4.8259
 -51.980   32.090       4.8259
 -51.980   35.972       4.8259
 -51.980   39.854       4.8259
 -51.980   43.736       4.8259
 -51.980   47.618       4.8259
 -51.980   51.501       4.8259
 -51.980   55.383       4.8259
 -51.980   59.265       4.8259
 -51.980   63.147       4.8259
 -51.980   67.030       4.8259
 -51.980   70.912       4.8259
 -51.980   74.794       4.8259
 -51.980   78.676       4.8259
 -51.980   82.558       4.8259
 -51.980   86.441       4.8259
 -51.980   90.323       4.8259
 -51.980   94.205       4.8259
 -51.980   98.087       4.8259
 -51.980  101.970       4.8259
 -51.980  105.852       4.8259
 -51.980  109.734       4.8259
 -51.980  113.616       4.8259
 -51.980  117.498       4.8259
 -51.980  121.381       4.8259
 -51.980  125.263       4.8259
 -51.980  129.145       4.8259
 -51.980  133.027       4.8259
 -51.980  136.910       4.8259
 -51.980  140.792       4.8259
 -51.980  144.674       4.8259
 -51.980  148.556       4.8259
 -51.980  152.438       4.8259
 -51.980  156.321       4.8259
 -51.980  160.203       4.8259
 -51.980  164.085       4.8259
 -51.980  167.967       3.5862
 -51.980  171.849       3.5862
 -51.980  175.732       3.9995
 -51.980  179.614       4.8259
 -51.980  183.496       4.8259
 -51.980  187.378       4.8259
 -51.980  191.261       4.8259
 -51.980  195.143       4.8259
 -51.980  199.025       4.8259
 -51.980  202.907       4.8259
 -51.980  206.789       4.8259
 -51.980  210.672       4.8259
 -51.980  214.554       4.8259
 -51.980  218.436       4.8259
 -51.980  222.318       4.8259
 -51.980  226.201       4.8259
 -51.980  230.083       4.8259
 -51.980  233.965       4.8259
 -51.980  237.847       4.8259
 -51.980  241.729       4.8259
 -51.980  245.612       4.8259
 -51.980  249.494       4.8259
 -51.980  253.376       4.8259
 -51.980  257.258       4.8259
 -51.980  261.141       4.8259
 -51.980  265.023       4.8259
