-336.496 -172.253       4.6300
-336.496 -167.905       4.6300
-336.496 -163.557       4.6300
-336.496 -159.209       4.6300
-336.496 -154.862       4.6300
-336.496 -150.514       4.6300
-336.496 -146.166       4.6300
-336.496 -141.818       4.6300
-336.496 -137.470       4.6300
-336.496 -133.122       4.6300
-336.496 -128.774       4.6300
-336.496 -124.426       4.6300
-336.496 -120.079       4.6300
-336.496 -115.731       4.6300
-336.496 -111.383       4.6300
-336.496 -107.035       4.6300
-336.496 -102.687       4.6300
-336.496  -98.339       4.6300
-336.496  -93.991       4.6300
-336.496  -89.643       4.6300
-336.496  -85.296       4.6300
-336.496  -80.948       4.6300
-336.496  -76.600       4.6300
-336.496  -72.252       4.6300
-336.496  -67.904       4.6300
-336.496  -63.556       4.6300
-336.496  -59.208       4.6300
-336.496  -54.861       4.6300
-336.496  -50.513       4.6300
-336.496  -46.165       4.2168
-336.496  -41.817       4.6300
-336.496  -37.469       4.6300
-336.496  -33.121       4.6300
-336.496  -28.773       4.6300
-336.496  -24.425       4.6300
-336.496  -20.078       4.6300
-336.496  -15.730       4.6300
-336.496  -11.382       4.6300
-336.496   -7.034       4.6300
-336.496   -2.686       4.6300
-336.496    1.662       4.6300
-336.496    6.010       4.6300
-336.496   10.358       4.6300
-336.496   14.705       4.6300
-336.496   19.053       4.6300
-336.496   23.401       4.6300
-336.496   27.749       4.6300
-336.496   32.097       4.6300
-336.496   36.445       4.6300
-336.496   40.793       4.6300
-336.496   45.140       4.6300
-336.496   49.488       4.6300
-336.496   53.836       4.6300
-336.496   58.184       4.6300
-336.496   62.532       4.6300
-336.496   66.880       4.6300
-336.496   71.228       4.6300
-336.496   75.576       4.6300
-336.496   79.923       4.6300
-336.496   84.271       4.6300
-336.496   88.619       4.6300
-336.496   92.967       4.2168
-336.496   97.315       3.5619
-336.496  101.663       3.8036
-336.496  106.011       3.0567
-336.496  110.359       3.1486
-336.496  114.706       4.6300
-336.496  119.054       4.6300
-336.496  123.402       4.6300
-336.496  127.750       4.6300
-336.496  132.098       4.6300
-336.496  136.446       4.6300
-336.496  140.794       4.6300
-336.496  145.142       4.6300
-336.496  149.489       4.6300
-336.496  153.837       4.6300
-336.496  158.185       4.6300
-336.496  162.533       4.6300
-336.496  166.881       4.6300
-336.496  171.229       4.6300
-336.496  175.577       4.6300
-336.496  179.924       4.6300
-336.496  184.272       4.6300
-336.496  188.620       4.6300
-336.496  192.968       4.6300
-336.496  197.316       4.6300
-336.496  201.664       4.6300
-336.496  206.012       4.6300
-336.496  210.360       4.6300
-336.496  214.707       4.6300
-336.496  219.055       4.6300
-336.496  223.403       4.6300
-336.496  227.751       4.6300
-336.496  232.099       4.6300
-336.496  236.447       4.6300
-336.496  240.795       4.6300
-336.496  245.143       4.6300
-336.496  249.490       4.6300
-336.496  253.838       4.6300
-336.496  258.186       4.6300
-332.183 -172.253       4.6300
-332.183 -167.905       4.6300
-332.183 -163.557       4.6300
-332.183 -159.209       4.6300
-332.183 -154.862       4.6300
-332.183 -150.514       4.6300
-332.183 -146.166       4.6300
-332.183 -141.818       4.6300
-332.183 -137.470       4.6300
-332.183 -133.122       4.6300
-332.183 -128.774       4.6300
-332.183 -124.426       4.6300
-332.183 -120.079       4.6300
-332.183 -115.731       4.6300
-332.183 -111.383       4.6300
-332.183 -107.035       4.6300
-332.183 -102.687       4.6300
-332.183  -98.339       4.6300
-332.183  -93.991       4.6300
-332.183  -89.643       4.6300
-332.183  -85.296       4.6300
-332.183  -80.948       4.6300
-332.183  -76.600       4.6300
-332.183  -72.252       4.6300
-332.183  -67.904       4.6300
-332.183  -63.556       4.6300
-332.183  -59.208       4.6300
-332.183  -54.861       4.6300
-332.183  -50.513       4.6300
-332.183  -46.165       4.6300
-332.183  -41.817       4.6300
-332.183  -37.469       4.6300
-332.183  -33.121       4.6300
-332.183  -28.773       4.6300
-332.183  -24.425       4.6300
-332.183  -20.078       4.6300
-332.183  -15.730       4.6300
-332.183  -11.382       4.6300
-332.183   -7.034       4.6300
-332.183   -2.686       4.6300
-332.183    1.662       4.6300
-332.183    6.010       4.6300
-332.183   10.358       4.6300
-332.183   14.705       4.6300
-332.183   19.053       4.6300
-332.183   23.401       4.6300
-332.183   27.749       4.6300
-332.183   32.097       4.6300
-332.183   36.445       4.6300
-332.183   40.793       4.6300
-332.183   45.140       4.6300
-332.183   49.488       4.6300
-332.183   53.836       4.6300
-332.183   58.184       4.6300
-332.183   62.532       4.6300
-332.183   66.880       4.6300
-332.183   71.228       4.6300
-332.183   75.576       4.6300
-332.183   79.923       4.6300
-332.183   84.271       4.2168
-332.183   88.619       4.6300
-332.183   92.967       4.6300
-332.183   97.315       2.8441
-332.183  101.663       2.1891
-332.183  106.011       2.2978
-332.183  110.359       2.2745
-332.183  114.706       3.8036
-332.183  119.054       4.6300
-332.183  123.402       4.6300
-332.183  127.750       4.6300
-332.183  132.098       4.6300
-332.183  136.446       4.6300
-332.183  140.794       4.6300
-332.183  145.142       4.6300
-332.183  149.489       4.6300
-332.183  153.837       4.6300
-332.183  158.185       4.6300
-332.183  162.533       4.6300
-332.183  166.881       4.6300
-332.183  171.229       4.6300
-332.183  175.577       4.6300
-332.183  179.924       4.6300
-332.183  184.272       4.6300
-332.183  188.620       4.6300
-332.183  192.968       4.6300
-332.183  197.316       4.6300
-332.183  201.664       4.6300
-332.183  206.012       4.6300
-332.183  210.360       4.6300
-332.183  214.707       4.6300
-332.183  219.055       4.6300
-332.183  223.403       4.6300
-332.183  227.751       4.6300
-332.183  232.099       4.6300
-332.183  236.447       4.6300
-332.183  240.795       4.6300
-332.183  245.143       4.6300
-332.183  249.490       4.6300
-332.183  253.838       4.6300
-332.183  258.186       4.6300
-327.871 -172.253       4.6300
-327.871 -167.905       4.6300
-327.871 -163.557       4.6300
-327.871 -159.209       4.6300
-327.871 -154.862       4.6300
-327.871 -150.514       4.6300
-327.871 -146.166       4.6300
-327.871 -141.818       4.6300
-327.871 -137.470       4.6300
-327.871 -133.122       4.6300
-327.871 -128.774       4.6300
-327.871 -124.426       4.6300
-327.871 -120.079       4.6300
-327.871 -115.731       4.6300
-327.871 -111.383       4.6300
-327.871 -107.035       4.6300
-327.871 -102.687       4.6300
-327.871  -98.339       4.6300
-327.871  -93.991       4.6300
-327.871  -89.643       4.6300
-327.871  -85.296       4.6300
-327.871  -80.948       4.6300
-327.871  -76.600       4.6300
-327.871  -72.252       4.6300
-327.871  -67.904       4.6300
-327.871  -63.556       4.6300
-327.871  -59.208       4.6300
-327.871  -54.861       4.6300
-327.871  -50.513       4.6300
-327.871  -46.165       4.6300
-327.871  -41.817       4.6300
-327.871  -37.469       4.6300
-327.871  -33.121       4.6300
-327.871  -28.773       4.6300
-327.871  -24.425       4.6300
-327.871  -20.078       4.6300
-327.871  -15.730       4.6300
-327.871  -11.382       4.6300
-327.871   -7.034       4.6300
-327.871   -2.686       4.6300
-327.871    1.662       4.6300
-327.871    6.010       4.6300
-327.871   10.358       4.6300
-327.871   14.705       4.6300
-327.871   19.053       4.6300
-327.871   23.401       4.6300
-327.871   27.749       4.6300
-327.871   32.097       4.6300
-327.871   36.445       4.6300
-327.871   40.793       4.6300
-327.871   45.140       4.6300
-327.871   49.488       4.6300
-327.871   53.836       4.6300
-327.871   58.184       3.8036
-327.871   62.532       4.2168
-327.871   66.880       4.6300
-327.871   71.228       4.6300
-327.871   75.576       4.6300
-327.871   79.923       2.9771
-327.871   84.271       2.7873
-327.871   88.619       4.2168
-327.871   92.967       2.9771
-327.871   97.315       2.7873
-327.871  101.663       2.0327
-327.871  106.011       1.9215
-327.871  110.359       2.8441
-327.871  114.706       4.2168
-327.871  119.054       4.6300
-327.871  123.402       4.6300
-327.871  127.750       4.6300
-327.871  132.098       4.6300
-327.871  136.446       4.6300
-327.871  140.794       4.6300
-327.871  145.142       4.6300
-327.871  149.489       4.6300
-327.871  153.837       4.6300
-327.871  158.185       4.6300
-327.871  162.533       4.6300
-327.871  166.881       4.6300
-327.871  171.229       4.6300
-327.871  175.577       4.6300
-327.871  179.924       4.6300
-327.871  184.272       4.6300
-327.871  188.620       4.6300
-327.871  192.968       4.6300
-327.871  197.316       4.6300
-327.871  201.664       4.6300
-327.871  206.012       4.6300
-327.871  210.360       4.6300
-327.871  214.707       4.6300
-327.871  219.055       4.6300
-327.871  223.403       4.6300
-327.871  227.751       4.6300
-327.871  232.099       4.6300
-327.871  236.447       4.6300
-327.871  240.795       4.6300
-327.871  245.143       4.6300
-327.871  249.490       4.6300
-327.871  253.838       4.6300
-327.871  258.186       4.6300
-323.558 -172.253       4.6300
-323.558 -167.905       4.6300
-323.558 -163.557       4.6300
-323.558 -159.209       4.6300
-323.558 -154.862       4.6300
-323.558 -150.514       4.6300
-323.558 -146.166       4.6300
-323.558 -141.818       4.6300
-323.558 -137.470       4.6300
-323.558 -133.122       4.6300
-323.558 -128.774       4.6300
-323.558 -124.426       4.6300
-323.558 -120.079       4.6300
-323.558 -115.731       4.6300
-323.558 -111.383       4.6300
-323.558 -107.035       4.6300
-323.558 -102.687       4.6300
-323.558  -98.339       4.6300
-323.558  -93.991       4.6300
-323.558  -89.643       4.6300
-323.558  -85.296       4.6300
-323.558  -80.948       4.6300
-323.558  -76.600       4.6300
-323.558  -72.252       4.6300
-323.558  -67.904       4.6300
-323.558  -63.556       4.6300
-323.558  -59.208       4.6300
-323.558  -54.861       4.6300
-323.558  -50.513       4.6300
-323.558  -46.165       4.6300
-323.558  -41.817       4.6300
-323.558  -37.469       4.6300
-323.558  -33.121       4.6300
-323.558  -28.773       4.6300
-323.558  -24.425       4.6300
-323.558  -20.078       4.6300
-323.558  -15.730       4.6300
-323.558  -11.382       4.6300
-323.558   -7.034       4.6300
-323.558   -2.686       4.6300
-323.558    1.662       4.6300
-323.558    6.010       4.6300
-323.558   10.358       4.6300
-323.558   14.705       4.6300
-323.558   19.053       4.6300
-323.558   23.401       3.3904
-323.558   27.749       3.5619
-323.558   32.097       3.8036
-323.558   36.445       3.3904
-323.558   40.793       3.5619
-323.558   45.140       4.6300
-323.558   49.488       3.8036
-323.558   53.836       2.9771
-323.558   58.184       2.7354
-323.558   62.532       2.7354
-323.558   66.880       2.5639
-323.558   71.228       3.3904
-323.558   75.576       2.6877
-323.558   79.923       2.9771
-323.558   84.271       2.8441
-323.558   88.619       2.7354
-323.558   92.967       2.4309
-323.558   97.315       2.4614
-323.558  101.663       2.3740
-323.558  106.011       2.1323
-323.558  110.359       2.7354
-323.558  114.706       4.2168
-323.558  119.054       4.6300
-323.558  123.402       4.6300
-323.558  127.750       4.6300
-323.558  132.098       4.6300
-323.558  136.446       4.6300
-323.558  140.794       4.6300
-323.558  145.142       4.6300
-323.558  149.489       4.6300
-323.558  153.837       4.6300
-323.558  158.185       4.6300
-323.558  162.533       4.6300
-323.558  166.881       4.6300
-323.558  171.229       4.6300
-323.558  175.577       4.6300
-323.558  179.924       4.6300
-323.558  184.272       4.6300
-323.558  188.620       4.6300
-323.558  192.968       4.6300
-323.558  197.316       4.6300
-323.558  201.664       4.6300
-323.558  206.012       4.6300
-323.558  210.360       4.6300
-323.558  214.707       4.6300
-323.558  219.055       4.6300
-323.558  223.403       4.6300
-323.558  227.751       4.6300
-323.558  232.099       4.6300
-323.558  236.447       4.6300
-323.558  240.795       4.6300
-323.558  245.143       4.6300
-323.558  249.490       4.6300
-323.558  253.838       4.6300
-323.558  258.186       4.6300
-319.245 -172.253       4.6300
-319.245 -167.905       4.6300
-319.245 -163.557       4.6300
-319.245 -159.209       4.6300
-319.245 -154.862       4.6300
-319.245 -150.514       4.6300
-319.245 -146.166       4.6300
-319.245 -141.818       4.6300
-319.245 -137.470       4.6300
-319.245 -133.122       4.6300
-319.245 -128.774       4.6300
-319.245 -124.426       4.6300
-319.245 -120.079       4.6300
-319.245 -115.731       4.6300
-319.245 -111.383       4.6300
-319.245 -107.035       4.6300
-319.245 -102.687       4.6300
-319.245  -98.339       4.6300
-319.245  -93.991       4.6300
-319.245  -89.643       4.6300
-319.245  -85.296       4.6300
-319.245  -80.948       4.6300
-319.245  -76.600       4.6300
-319.245  -72.252       4.6300
-319.245  -67.904       4.6300
-319.245  -63.556       4.6300
-319.245  -59.208       4.6300
-319.245  -54.861       3.3904
-319.245  -50.513       3.2573
-319.245  -46.165       3.8036
-319.245  -41.817       3.8036
-319.245  -37.469       4.2168
-319.245  -33.121       4.6300
-319.245  -28.773       4.6300
-319.245  -24.425       4.6300
-319.245  -20.078       4.6300
-319.245  -15.730       4.6300
-319.245  -11.382       4.6300
-319.245   -7.034       4.6300
-319.245   -2.686       4.6300
-319.245    1.662       4.6300
-319.245    6.010       4.6300
-319.245   10.358       4.6300
-319.245   14.705       2.2745
-319.245   19.053       3.0567
-319.245   23.401       2.7873
-319.245   27.749       2.1145
-319.245   32.097       2.6435
-319.245   36.445       2.9069
-319.245   40.793       3.0567
-319.245   45.140       3.0567
-319.245   49.488       2.2978
-319.245   53.836       2.1696
-319.245   58.184       3.1486
-319.245   62.532       2.1696
-319.245   66.880       2.2094
-319.245   71.228       2.1323
-319.245   75.576       2.4018
-319.245   79.923       2.2745
-319.245   84.271       2.0482
-319.245   88.619       1.9886
-319.245   92.967       2.2520
-319.245   97.315       2.5278
-319.245  101.663       2.2520
-319.245  106.011       2.4937
-319.245  110.359       4.2168
-319.245  114.706       4.6300
-319.245  119.054       4.6300
-319.245  123.402       4.6300
-319.245  127.750       4.6300
-319.245  132.098       4.6300
-319.245  136.446       4.6300
-319.245  140.794       4.6300
-319.245  145.142       4.6300
-319.245  149.489       4.6300
-319.245  153.837       4.6300
-319.245  158.185       4.6300
-319.245  162.533       4.6300
-319.245  166.881       4.6300
-319.245  171.229       4.6300
-319.245  175.577       4.6300
-319.245  179.924       4.6300
-319.245  184.272       4.6300
-319.245  188.620       4.6300
-319.245  192.968       4.6300
-319.245  197.316       4.6300
-319.245  201.664       4.6300
-319.245  206.012       4.6300
-319.245  210.360       4.6300
-319.245  214.707       4.6300
-319.245  219.055       4.6300
-319.245  223.403       4.6300
-319.245  227.751       4.6300
-319.245  232.099       4.6300
-319.245  236.447       4.6300
-319.245  240.795       4.6300
-319.245  245.143       4.6300
-319.245  249.490       4.6300
-319.245  253.838       4.6300
-319.245  258.186       4.6300
-314.933 -172.253       4.6300
-314.933 -167.905       4.6300
-314.933 -163.557       4.6300
-314.933 -159.209       4.6300
-314.933 -154.862       4.6300
-314.933 -150.514       4.6300
-314.933 -146.166       4.6300
-314.933 -141.818       4.6300
-314.933 -137.470       4.6300
-314.933 -133.122       4.6300
-314.933 -128.774       4.6300
-314.933 -124.426       4.6300
-314.933 -120.079       4.6300
-314.933 -115.731       4.6300
-314.933 -111.383       4.6300
-314.933 -107.035       4.6300
-314.933 -102.687       4.6300
-314.933  -98.339       4.6300
-314.933  -93.991       4.6300
-314.933  -89.643       4.6300
-314.933  -85.296       4.6300
-314.933  -80.948       4.6300
-314.933  -76.600       4.6300
-314.933  -72.252       4.6300
-314.933  -67.904       4.6300
-314.933  -63.556       4.2168
-314.933  -59.208       2.8441
-314.933  -54.861       3.3904
-314.933  -50.513       2.5639
-314.933  -46.165       2.6024
-314.933  -41.817       2.9069
-314.933  -37.469       2.9771
-314.933  -33.121       3.5619
-314.933  -28.773       3.5619
-314.933  -24.425       2.6435
-314.933  -20.078       4.2168
-314.933  -15.730       4.2168
-314.933  -11.382       4.6300
-314.933   -7.034       4.6300
-314.933   -2.686       4.6300
-314.933    1.662       4.2168
-314.933    6.010       3.0567
-314.933   10.358       2.3740
-314.933   14.705       2.0482
-314.933   19.053       1.9089
-314.933   23.401       2.4018
-314.933   27.749       2.6435
-314.933   32.097       3.2573
-314.933   36.445       3.1486
-314.933   40.793       3.8036
-314.933   45.140       2.9771
-314.933   49.488       2.4614
-314.933   53.836       2.0482
-314.933   58.184       2.4309
-314.933   62.532       2.1891
-314.933   66.880       2.0972
-314.933   71.228       2.4614
-314.933   75.576       2.0482
-314.933   79.923       1.7961
-314.933   84.271       1.7859
-314.933   88.619       1.6429
-314.933   92.967       1.7468
-314.933   97.315       2.2978
-314.933  101.663       2.5639
-314.933  106.011       2.6877
-314.933  110.359       2.9069
-314.933  114.706       3.3904
-314.933  119.054       4.6300
-314.933  123.402       4.6300
-314.933  127.750       4.6300
-314.933  132.098       4.6300
-314.933  136.446       4.6300
-314.933  140.794       4.6300
-314.933  145.142       4.6300
-314.933  149.489       4.6300
-314.933  153.837       4.6300
-314.933  158.185       4.6300
-314.933  162.533       4.6300
-314.933  166.881       4.6300
-314.933  171.229       4.6300
-314.933  175.577       4.6300
-314.933  179.924       4.6300
-314.933  184.272       4.6300
-314.933  188.620       4.6300
-314.933  192.968       4.6300
-314.933  197.316       4.6300
-314.933  201.664       4.6300
-314.933  206.012       4.6300
-314.933  210.360       4.6300
-314.933  214.707       4.6300
-314.933  219.055       4.6300
-314.933  223.403       4.6300
-314.933  227.751       4.6300
-314.933  232.099       4.6300
-314.933  236.447       4.6300
-314.933  240.795       4.6300
-314.933  245.143       4.6300
-314.933  249.490       4.6300
-314.933  253.838       4.6300
-314.933  258.186       4.6300
-310.620 -172.253       4.6300
-310.620 -167.905       4.6300
-310.620 -163.557       4.6300
-310.620 -159.209       4.6300
-310.620 -154.862       4.6300
-310.620 -150.514       4.6300
-310.620 -146.166       4.6300
-310.620 -141.818       4.6300
-310.620 -137.470       4.6300
-310.620 -133.122       4.6300
-310.620 -128.774       4.6300
-310.620 -124.426       4.6300
-310.620 -120.079       4.6300
-310.620 -115.731       4.6300
-310.620 -111.383       4.6300
-310.620 -107.035       4.6300
-310.620 -102.687       4.6300
-310.620  -98.339       4.6300
-310.620  -93.991       4.6300
-310.620  -89.643       4.6300
-310.620  -85.296       4.6300
-310.620  -80.948       4.6300
-310.620  -76.600       4.6300
-310.620  -72.252       4.6300
-310.620  -67.904       4.2168
-310.620  -63.556       2.7873
-310.620  -59.208       2.1145
-310.620  -54.861       1.8967
-310.620  -50.513       2.0176
-310.620  -46.165       1.9474
-310.620  -41.817       2.0972
-310.620  -37.469       2.5639
-310.620  -33.121       2.8441
-310.620  -28.773       2.6877
-310.620  -24.425       2.3222
-310.620  -20.078       2.6024
-310.620  -15.730       3.3904
-310.620  -11.382       4.6300
-310.620   -7.034       4.6300
-310.620   -2.686       4.6300
-310.620    1.662       4.2168
-310.620    6.010       3.0567
-310.620   10.358       1.9089
-310.620   14.705       2.3475
-310.620   19.053       2.4018
-310.620   23.401       2.5639
-310.620   27.749       2.0327
-310.620   32.097       2.0176
-310.620   36.445       2.1696
-310.620   40.793       2.6877
-310.620   45.140       3.1486
-310.620   49.488       2.0972
-310.620   53.836       1.4774
-310.620   58.184       1.7468
-310.620   62.532       1.6756
-310.620   66.880       2.0176
-310.620   71.228       2.5278
-310.620   75.576       2.4018
-310.620   79.923       2.6024
-310.620   84.271       2.5278
-310.620   88.619       2.0641
-310.620   92.967       1.9745
-310.620   97.315       2.5278
-310.620  101.663       3.1486
-310.620  106.011       3.1486
-310.620  110.359       3.1486
-310.620  114.706       2.4309
-310.620  119.054       3.2573
-310.620  123.402       4.6300
-310.620  127.750       4.6300
-310.620  132.098       4.6300
-310.620  136.446       4.6300
-310.620  140.794       4.6300
-310.620  145.142       4.6300
-310.620  149.489       4.6300
-310.620  153.837       4.6300
-310.620  158.185       4.6300
-310.620  162.533       4.6300
-310.620  166.881       4.6300
-310.620  171.229       4.6300
-310.620  175.577       4.6300
-310.620  179.924       4.6300
-310.620  184.272       4.6300
-310.620  188.620       4.6300
-310.620  192.968       4.6300
-310.620  197.316       4.6300
-310.620  201.664       4.6300
-310.620  206.012       4.6300
-310.620  210.360       4.6300
-310.620  214.707       4.6300
-310.620  219.055       4.6300
-310.620  223.403       4.6300
-310.620  227.751       4.6300
-310.620  232.099       4.6300
-310.620  236.447       4.6300
-310.620  240.795       4.6300
-310.620  245.143       4.6300
-310.620  249.490       4.6300
-310.620  253.838       4.6300
-310.620  258.186       4.6300
-306.307 -172.253       4.6300
-306.307 -167.905       4.6300
-306.307 -163.557       4.6300
-306.307 -159.209       4.6300
-306.307 -154.862       4.6300
-306.307 -150.514       4.6300
-306.307 -146.166       4.6300
-306.307 -141.818       4.6300
-306.307 -137.470       4.6300
-306.307 -133.122       4.6300
-306.307 -128.774       4.6300
-306.307 -124.426       4.6300
-306.307 -120.079       4.6300
-306.307 -115.731       4.6300
-306.307 -111.383       4.6300
-306.307 -107.035       4.6300
-306.307 -102.687       4.6300
-306.307  -98.339       4.6300
-306.307  -93.991       4.6300
-306.307  -89.643       4.6300
-306.307  -85.296       4.6300
-306.307  -80.948       4.6300
-306.307  -76.600       4.6300
-306.307  -72.252       4.6300
-306.307  -67.904       2.8441
-306.307  -63.556       2.4614
-306.307  -59.208       1.8846
-306.307  -54.861       1.7661
-306.307  -50.513       1.6119
-306.307  -46.165       1.6429
-306.307  -41.817       1.6590
-306.307  -37.469       1.8967
-306.307  -33.121       2.0327
-306.307  -28.773       2.4309
-306.307  -24.425       2.6877
-306.307  -20.078       2.9069
-306.307  -15.730       2.5278
-306.307  -11.382       3.1486
-306.307   -7.034       4.2168
-306.307   -2.686       2.9771
-306.307    1.662       3.1486
-306.307    6.010       3.5619
-306.307   10.358       2.4018
-306.307   14.705       1.8499
-306.307   19.053       1.7961
-306.307   23.401       1.8499
-306.307   27.749       1.8065
-306.307   32.097       2.0482
-306.307   36.445       2.2094
-306.307   40.793       2.5639
-306.307   45.140       2.7354
-306.307   49.488       2.3222
-306.307   53.836       2.0176
-306.307   58.184       1.9474
-306.307   62.532       1.6429
-306.307   66.880       1.9608
-306.307   71.228       2.2094
-306.307   75.576       2.5278
-306.307   79.923       2.1891
-306.307   84.271       1.8967
-306.307   88.619       1.7564
-306.307   92.967       1.4834
-306.307   97.315       1.7859
-306.307  101.663       2.0972
-306.307  106.011       3.2573
-306.307  110.359       3.5619
-306.307  114.706       2.9771
-306.307  119.054       3.5619
-306.307  123.402       4.6300
-306.307  127.750       4.6300
-306.307  132.098       4.6300
-306.307  136.446       4.6300
-306.307  140.794       4.6300
-306.307  145.142       4.6300
-306.307  149.489       4.6300
-306.307  153.837       4.6300
-306.307  158.185       4.6300
-306.307  162.533       4.6300
-306.307  166.881       4.6300
-306.307  171.229       4.6300
-306.307  175.577       4.6300
-306.307  179.924       4.6300
-306.307  184.272       4.6300
-306.307  188.620       4.6300
-306.307  192.968       4.6300
-306.307  197.316       4.6300
-306.307  201.664       4.6300
-306.307  206.012       4.6300
-306.307  210.360       4.6300
-306.307  214.707       4.6300
-306.307  219.055       4.6300
-306.307  223.403       4.6300
-306.307  227.751       4.6300
-306.307  232.099       4.6300
-306.307  236.447       4.6300
-306.307  240.795       4.6300
-306.307  245.143       4.6300
-306.307  249.490       4.6300
-306.307  253.838       4.6300
-306.307  258.186       4.6300
-301.995 -172.253       4.6300
-301.995 -167.905       4.6300
-301.995 -163.557       4.6300
-301.995 -159.209       4.6300
-301.995 -154.862       4.6300
-301.995 -150.514       4.6300
-301.995 -146.166       4.6300
-301.995 -141.818       4.6300
-301.995 -137.470       4.6300
-301.995 -133.122       4.6300
-301.995 -128.774       4.6300
-301.995 -124.426       4.6300
-301.995 -120.079       4.6300
-301.995 -115.731       4.6300
-301.995 -111.383       4.6300
-301.995 -107.035       4.6300
-301.995 -102.687       4.6300
-301.995  -98.339       4.6300
-301.995  -93.991       4.6300
-301.995  -89.643       4.6300
-301.995  -85.296       4.6300
-301.995  -80.948       4.6300
-301.995  -76.600       4.6300
-301.995  -72.252       3.1486
-301.995  -67.904       3.1486
-301.995  -63.556       2.2094
-301.995  -59.208       1.9745
-301.995  -54.861       1.8171
-301.995  -50.513       1.4423
-301.995  -46.165       1.4092
-301.995  -41.817       1.6840
-301.995  -37.469       1.8612
-301.995  -33.121       1.8278
-301.995  -28.773       2.2094
-301.995  -24.425       2.1891
-301.995  -20.078       2.4937
-301.995  -15.730       2.1145
-301.995  -11.382       1.8278
-301.995   -7.034       2.1323
-301.995   -2.686       2.4937
-301.995    1.662       2.7873
-301.995    6.010       2.6877
-301.995   10.358       2.2094
-301.995   14.705       1.7661
-301.995   19.053       2.4018
-301.995   23.401       2.2520
-301.995   27.749       2.4309
-301.995   32.097       2.8441
-301.995   36.445       2.8441
-301.995   40.793       2.0176
-301.995   45.140       1.7564
-301.995   49.488       1.8278
-301.995   53.836       2.5639
-301.995   58.184       2.2303
-301.995   62.532       2.0327
-301.995   66.880       2.2745
-301.995   71.228       2.5639
-301.995   75.576       2.4937
-301.995   79.923       2.4937
-301.995   84.271       2.0972
-301.995   88.619       1.5342
-301.995   92.967       1.2063
-301.995   97.315       1.0794
-301.995  101.663       1.2063
-301.995  106.011       1.6272
-301.995  110.359       2.0176
-301.995  114.706       2.7873
-301.995  119.054       4.6300
-301.995  123.402       4.6300
-301.995  127.750       4.6300
-301.995  132.098       4.6300
-301.995  136.446       4.6300
-301.995  140.794       4.2168
-301.995  145.142       4.6300
-301.995  149.489       4.6300
-301.995  153.837       4.6300
-301.995  158.185       4.6300
-301.995  162.533       4.6300
-301.995  166.881       4.6300
-301.995  171.229       4.6300
-301.995  175.577       4.6300
-301.995  179.924       4.6300
-301.995  184.272       4.6300
-301.995  188.620       4.6300
-301.995  192.968       4.6300
-301.995  197.316       4.6300
-301.995  201.664       4.6300
-301.995  206.012       4.6300
-301.995  210.360       4.6300
-301.995  214.707       4.6300
-301.995  219.055       4.6300
-301.995  223.403       4.6300
-301.995  227.751       4.6300
-301.995  232.099       4.6300
-301.995  236.447       4.6300
-301.995  240.795       4.6300
-301.995  245.143       4.6300
-301.995  249.490       4.6300
-301.995  253.838       4.6300
-301.995  258.186       4.6300
-297.682 -172.253       4.6300
-297.682 -167.905       4.6300
-297.682 -163.557       4.6300
-297.682 -159.209       4.6300
-297.682 -154.862       4.6300
-297.682 -150.514       4.6300
-297.682 -146.166       4.6300
-297.682 -141.818       4.6300
-297.682 -137.470       4.6300
-297.682 -133.122       4.6300
-297.682 -128.774       4.6300
-297.682 -124.426       4.6300
-297.682 -120.079       4.6300
-297.682 -115.731       4.6300
-297.682 -111.383       4.6300
-297.682 -107.035       4.6300
-297.682 -102.687       4.6300
-297.682  -98.339       4.6300
-297.682  -93.991       4.6300
-297.682  -89.643       3.8036
-297.682  -85.296       3.0567
-297.682  -80.948       3.0567
-297.682  -76.600       3.1486
-297.682  -72.252       2.4614
-297.682  -67.904       2.2978
-297.682  -63.556       2.1145
-297.682  -59.208       1.9745
-297.682  -54.861       1.8387
-297.682  -50.513       1.4255
-297.682  -46.165       1.5083
-297.682  -41.817       1.7468
-297.682  -37.469       2.1145
-297.682  -33.121       2.3740
-297.682  -28.773       2.2745
-297.682  -24.425       2.4937
-297.682  -20.078       2.3475
-297.682  -15.730       1.8967
-297.682  -11.382       1.8387
-297.682   -7.034       1.9089
-297.682   -2.686       2.8441
-297.682    1.662       2.7873
-297.682    6.010       2.5639
-297.682   10.358       2.2303
-297.682   14.705       2.0972
-297.682   19.053       2.1323
-297.682   23.401       2.1145
-297.682   27.749       2.2978
-297.682   32.097       2.1891
-297.682   36.445       1.9608
-297.682   40.793       2.2303
-297.682   45.140       1.7468
-297.682   49.488       2.1696
-297.682   53.836       3.0567
-297.682   58.184       2.4937
-297.682   62.532       2.6024
-297.682   66.880       2.3475
-297.682   71.228       2.1891
-297.682   75.576       2.5639
-297.682   79.923       2.7873
-297.682   84.271       2.2745
-297.682   88.619       1.8499
-297.682   92.967       1.1657
-297.682   97.315       1.0887
-297.682  101.663       1.2140
-297.682  106.011       1.4092
-297.682  110.359       1.6672
-297.682  114.706       2.1145
-297.682  119.054       2.5278
-297.682  123.402       3.0567
-297.682  127.750       3.2573
-297.682  132.098       3.8036
-297.682  136.446       4.2168
-297.682  140.794       4.6300
-297.682  145.142       4.6300
-297.682  149.489       4.6300
-297.682  153.837       4.6300
-297.682  158.185       4.6300
-297.682  162.533       4.6300
-297.682  166.881       4.6300
-297.682  171.229       4.6300
-297.682  175.577       4.6300
-297.682  179.924       4.6300
-297.682  184.272       4.6300
-297.682  188.620       4.6300
-297.682  192.968       4.6300
-297.682  197.316       4.6300
-297.682  201.664       4.6300
-297.682  206.012       4.6300
-297.682  210.360       4.6300
-297.682  214.707       4.6300
-297.682  219.055       4.6300
-297.682  223.403       4.6300
-297.682  227.751       4.6300
-297.682  232.099       4.6300
-297.682  236.447       4.6300
-297.682  240.795       4.6300
-297.682  245.143       4.6300
-297.682  249.490       4.6300
-297.682  253.838       4.6300
-297.682  258.186       4.6300
-293.369 -172.253       4.6300
-293.369 -167.905       4.6300
-293.369 -163.557       4.6300
-293.369 -159.209       4.6300
-293.369 -154.862       4.6300
-293.369 -150.514       4.6300
-293.369 -146.166       4.6300
-293.369 -141.818       4.6300
-293.369 -137.470       4.6300
-293.369 -133.122       4.6300
-293.369 -128.774       4.6300
-293.369 -124.426       4.6300
-293.369 -120.079       4.6300
-293.369 -115.731       4.6300
-293.369 -111.383       4.6300
-293.369 -107.035       4.6300
-293.369 -102.687       4.6300
-293.369  -98.339       4.6300
-293.369  -93.991       3.3904
-293.369  -89.643       2.2978
-293.369  -85.296       2.1507
-293.369  -80.948       2.1507
-293.369  -76.600       2.6024
-293.369  -72.252       3.0567
-293.369  -67.904       2.7873
-293.369  -63.556       2.2978
-293.369  -59.208       1.6044
-293.369  -54.861       1.5276
-293.369  -50.513       1.5753
-293.369  -46.165       1.7564
-293.369  -41.817       2.0327
-293.369  -37.469       2.2303
-293.369  -33.121       2.1696
-293.369  -28.773       2.3222
-293.369  -24.425       2.1507
-293.369  -20.078       1.7374
-293.369  -15.730       1.6840
-293.369  -11.382       1.8387
-293.369   -7.034       1.7374
-293.369   -2.686       2.2520
-293.369    1.662       2.6877
-293.369    6.010       2.0805
-293.369   10.358       2.4018
-293.369   14.705       3.1486
-293.369   19.053       2.6024
-293.369   23.401       2.1323
-293.369   27.749       2.0327
-293.369   32.097       1.5276
-293.369   36.445       1.5753
-293.369   40.793       1.5825
-293.369   45.140       1.7661
-293.369   49.488       2.0176
-293.369   53.836       2.4614
-293.369   58.184       2.9771
-293.369   62.532       3.2573
-293.369   66.880       2.9771
-293.369   71.228       2.7873
-293.369   75.576       2.7873
-293.369   79.923       2.6024
-293.369   84.271       2.0972
-293.369   88.619       1.6509
-293.369   92.967       1.4255
-293.369   97.315       1.3150
-293.369  101.663       1.5083
-293.369  106.011       1.4538
-293.369  110.359       1.4200
-293.369  114.706       1.3431
-293.369  119.054       1.6926
-293.369  123.402       2.1696
-293.369  127.750       2.3740
-293.369  132.098       2.3475
-293.369  136.446       2.4309
-293.369  140.794       2.4309
-293.369  145.142       3.5619
-293.369  149.489       4.6300
-293.369  153.837       4.6300
-293.369  158.185       4.6300
-293.369  162.533       4.6300
-293.369  166.881       4.6300
-293.369  171.229       4.6300
-293.369  175.577       4.6300
-293.369  179.924       4.6300
-293.369  184.272       4.6300
-293.369  188.620       4.6300
-293.369  192.968       4.6300
-293.369  197.316       4.6300
-293.369  201.664       4.6300
-293.369  206.012       4.6300
-293.369  210.360       4.6300
-293.369  214.707       4.6300
-293.369  219.055       4.6300
-293.369  223.403       4.6300
-293.369  227.751       4.6300
-293.369  232.099       4.6300
-293.369  236.447       4.6300
-293.369  240.795       4.6300
-293.369  245.143       4.6300
-293.369  249.490       4.6300
-293.369  253.838       4.6300
-293.369  258.186       4.6300
-289.057 -172.253       4.6300
-289.057 -167.905       4.6300
-289.057 -163.557       4.6300
-289.057 -159.209       4.6300
-289.057 -154.862       4.6300
-289.057 -150.514       4.6300
-289.057 -146.166       4.6300
-289.057 -141.818       4.6300
-289.057 -137.470       4.6300
-289.057 -133.122       4.6300
-289.057 -128.774       4.6300
-289.057 -124.426       4.6300
-289.057 -120.079       4.6300
-289.057 -115.731       4.6300
-289.057 -111.383       4.6300
-289.057 -107.035       4.6300
-289.057 -102.687       4.6300
-289.057  -98.339       3.5619
-289.057  -93.991       2.6435
-289.057  -89.643       2.0029
-289.057  -85.296       1.9474
-289.057  -80.948       2.2303
-289.057  -76.600       2.6435
-289.057  -72.252       2.9069
-289.057  -67.904       2.4614
-289.057  -63.556       1.7759
-289.057  -59.208       1.3985
-289.057  -54.861       1.3778
-289.057  -50.513       1.5825
-289.057  -46.165       1.7759
-289.057  -41.817       3.0567
-289.057  -37.469       2.3222
-289.057  -33.121       2.1507
-289.057  -28.773       1.7961
-289.057  -24.425       1.7961
-289.057  -20.078       1.5020
-289.057  -15.730       1.7468
-289.057  -11.382       1.9745
-289.057   -7.034       1.8171
-289.057   -2.686       2.3475
-289.057    1.662       2.1696
-289.057    6.010       2.0641
-289.057   10.358       2.1145
-289.057   14.705       2.2520
-289.057   19.053       2.4018
-289.057   23.401       2.1145
-289.057   27.749       1.6509
-289.057   32.097       1.7859
-289.057   36.445       1.7661
-289.057   40.793       1.5753
-289.057   45.140       1.9474
-289.057   49.488       2.6435
-289.057   53.836       2.6435
-289.057   58.184       2.6024
-289.057   62.532       2.1145
-289.057   66.880       2.4937
-289.057   71.228       2.3475
-289.057   75.576       2.1891
-289.057   79.923       1.9215
-289.057   84.271       1.8499
-289.057   88.619       1.4480
-289.057   92.967       1.3727
-289.057   97.315       1.2969
-289.057  101.663       1.4774
-289.057  106.011       1.3150
-289.057  110.359       1.4310
-289.057  114.706       1.3289
-289.057  119.054       1.4092
-289.057  123.402       1.8278
-289.057  127.750       2.2978
-289.057  132.098       2.4018
-289.057  136.446       2.0029
-289.057  140.794       1.7961
-289.057  145.142       2.1145
-289.057  149.489       2.4309
-289.057  153.837       3.1486
-289.057  158.185       4.6300
-289.057  162.533       4.6300
-289.057  166.881       4.6300
-289.057  171.229       4.6300
-289.057  175.577       4.6300
-289.057  179.924       4.6300
-289.057  184.272       4.6300
-289.057  188.620       4.6300
-289.057  192.968       4.6300
-289.057  197.316       4.6300
-289.057  201.664       4.6300
-289.057  206.012       4.6300
-289.057  210.360       4.6300
-289.057  214.707       4.6300
-289.057  219.055       4.6300
-289.057  223.403       4.6300
-289.057  227.751       4.6300
-289.057  232.099       4.6300
-289.057  236.447       4.6300
-289.057  240.795       4.6300
-289.057  245.143       4.6300
-289.057  249.490       4.6300
-289.057  253.838       4.6300
-289.057  258.186       4.6300
-284.744 -172.253       4.6300
-284.744 -167.905       4.6300
-284.744 -163.557       4.6300
-284.744 -159.209       4.6300
-284.744 -154.862       4.6300
-284.744 -150.514       4.6300
-284.744 -146.166       4.6300
-284.744 -141.818       4.6300
-284.744 -137.470       4.6300
-284.744 -133.122       4.6300
-284.744 -128.774       4.6300
-284.744 -124.426       4.6300
-284.744 -120.079       4.6300
-284.744 -115.731       4.6300
-284.744 -111.383       4.6300
-284.744 -107.035       4.6300
-284.744 -102.687       4.6300
-284.744  -98.339       4.6300
-284.744  -93.991       2.9069
-284.744  -89.643       2.2303
-284.744  -85.296       2.7354
-284.744  -80.948       2.9069
-284.744  -76.600       3.5619
-284.744  -72.252       2.5278
-284.744  -67.904       1.8612
-284.744  -63.556       1.4714
-284.744  -59.208       1.5020
-284.744  -54.861       1.7661
-284.744  -50.513       2.2303
-284.744  -46.165       2.1891
-284.744  -41.817       2.8441
-284.744  -37.469       3.0567
-284.744  -33.121       2.3740
-284.744  -28.773       1.8612
-284.744  -24.425       1.4538
-284.744  -20.078       1.8065
-284.744  -15.730       2.6024
-284.744  -11.382       2.8441
-284.744   -7.034       2.4937
-284.744   -2.686       2.1891
-284.744    1.662       2.0482
-284.744    6.010       2.6877
-284.744   10.358       3.0567
-284.744   14.705       2.1507
-284.744   19.053       1.7759
-284.744   23.401       1.7961
-284.744   27.749       1.9343
-284.744   32.097       1.8499
-284.744   36.445       1.8967
-284.744   40.793       1.9089
-284.744   45.140       1.9608
-284.744   49.488       1.9886
-284.744   53.836       2.0641
-284.744   58.184       2.1696
-284.744   62.532       2.1145
-284.744   66.880       2.4309
-284.744   71.228       2.3222
-284.744   75.576       2.2978
-284.744   79.923       1.8387
-284.744   84.271       1.7564
-284.744   88.619       1.6672
-284.744   92.967       1.4895
-284.744   97.315       1.4895
-284.744  101.663       1.4200
-284.744  106.011       1.3577
-284.744  110.359       1.4834
-284.744  114.706       1.7013
-284.744  119.054       1.4310
-284.744  123.402       1.3384
-284.744  127.750       1.5083
-284.744  132.098       1.8846
-284.744  136.446       2.2520
-284.744  140.794       2.0805
-284.744  145.142       2.1507
-284.744  149.489       2.3740
-284.744  153.837       2.9771
-284.744  158.185       3.8036
-284.744  162.533       4.6300
-284.744  166.881       4.6300
-284.744  171.229       4.6300
-284.744  175.577       4.6300
-284.744  179.924       4.6300
-284.744  184.272       4.6300
-284.744  188.620       4.6300
-284.744  192.968       4.6300
-284.744  197.316       4.6300
-284.744  201.664       4.6300
-284.744  206.012       4.6300
-284.744  210.360       4.6300
-284.744  214.707       4.6300
-284.744  219.055       4.6300
-284.744  223.403       4.6300
-284.744  227.751       4.6300
-284.744  232.099       4.6300
-284.744  236.447       4.6300
-284.744  240.795       4.6300
-284.744  245.143       4.6300
-284.744  249.490       4.6300
-284.744  253.838       4.6300
-284.744  258.186       4.6300
-280.431 -172.253       4.6300
-280.431 -167.905       4.6300
-280.431 -163.557       4.6300
-280.431 -159.209       4.6300
-280.431 -154.862       4.6300
-280.431 -150.514       4.6300
-280.431 -146.166       4.6300
-280.431 -141.818       4.6300
-280.431 -137.470       4.6300
-280.431 -133.122       4.6300
-280.431 -128.774       4.6300
-280.431 -124.426       4.6300
-280.431 -120.079       4.6300
-280.431 -115.731       4.6300
-280.431 -111.383       4.6300
-280.431 -107.035       4.6300
-280.431 -102.687       4.6300
-280.431  -98.339       4.6300
-280.431  -93.991       4.2168
-280.431  -89.643       3.0567
-280.431  -85.296       3.1486
-280.431  -80.948       2.7873
-280.431  -76.600       2.2745
-280.431  -72.252       2.0176
-280.431  -67.904       1.8065
-280.431  -63.556       1.6272
-280.431  -59.208       1.9886
-280.431  -54.861       2.3740
-280.431  -50.513       2.7873
-280.431  -46.165       2.8441
-280.431  -41.817       2.9771
-280.431  -37.469       2.4018
-280.431  -33.121       1.6590
-280.431  -28.773       1.3933
-280.431  -24.425       1.3778
-280.431  -20.078       2.0805
-280.431  -15.730       2.2520
-280.431  -11.382       2.4018
-280.431   -7.034       2.7354
-280.431   -2.686       2.9771
-280.431    1.662       2.4018
-280.431    6.010       2.4937
-280.431   10.358       2.6877
-280.431   14.705       2.0972
-280.431   19.053       2.1323
-280.431   23.401       2.1507
-280.431   27.749       2.0805
-280.431   32.097       2.1696
-280.431   36.445       1.7859
-280.431   40.793       1.6509
-280.431   45.140       2.1507
-280.431   49.488       1.9089
-280.431   53.836       1.6272
-280.431   58.184       1.5409
-280.431   62.532       1.9474
-280.431   66.880       2.4614
-280.431   71.228       2.6024
-280.431   75.576       2.7873
-280.431   79.923       2.7873
-280.431   84.271       2.3740
-280.431   88.619       2.0176
-280.431   92.967       1.6509
-280.431   97.315       1.9474
-280.431  101.663       1.9474
-280.431  106.011       1.7468
-280.431  110.359       1.9343
-280.431  114.706       1.7661
-280.431  119.054       1.4834
-280.431  123.402       1.2666
-280.431  127.750       1.4834
-280.431  132.098       1.5897
-280.431  136.446       1.7374
-280.431  140.794       1.9215
-280.431  145.142       1.8065
-280.431  149.489       2.4309
-280.431  153.837       2.0805
-280.431  158.185       2.5639
-280.431  162.533       3.3904
-280.431  166.881       4.6300
-280.431  171.229       4.6300
-280.431  175.577       4.6300
-280.431  179.924       4.6300
-280.431  184.272       4.6300
-280.431  188.620       4.6300
-280.431  192.968       4.6300
-280.431  197.316       4.6300
-280.431  201.664       4.6300
-280.431  206.012       4.6300
-280.431  210.360       4.6300
-280.431  214.707       4.6300
-280.431  219.055       4.6300
-280.431  223.403       4.6300
-280.431  227.751       4.6300
-280.431  232.099       4.6300
-280.431  236.447       4.6300
-280.431  240.795       4.6300
-280.431  245.143       4.6300
-280.431  249.490       4.6300
-280.431  253.838       4.6300
-280.431  258.186       4.6300
-276.118 -172.253       4.6300
-276.118 -167.905       4.6300
-276.118 -163.557       4.6300
-276.118 -159.209       4.6300
-276.118 -154.862       4.6300
-276.118 -150.514       4.6300
-276.118 -146.166       4.6300
-276.118 -141.818       4.6300
-276.118 -137.470       4.6300
-276.118 -133.122       4.6300
-276.118 -128.774       4.6300
-276.118 -124.426       4.6300
-276.118 -120.079       4.6300
-276.118 -115.731       4.6300
-276.118 -111.383       4.6300
-276.118 -107.035       4.6300
-276.118 -102.687       4.6300
-276.118  -98.339       4.6300
-276.118  -93.991       4.6300
-276.118  -89.643       3.3904
-276.118  -85.296       2.5278
-276.118  -80.948       2.1696
-276.118  -76.600       2.1891
-276.118  -72.252       1.9215
-276.118  -67.904       1.7859
-276.118  -63.556       1.8171
-276.118  -59.208       2.1323
-276.118  -54.861       2.4614
-276.118  -50.513       2.8441
-276.118  -46.165       3.1486
-276.118  -41.817       2.1696
-276.118  -37.469       1.8846
-276.118  -33.121       1.5409
-276.118  -28.773       1.6044
-276.118  -24.425       1.5970
-276.118  -20.078       2.0641
-276.118  -15.730       2.4614
-276.118  -11.382       2.0176
-276.118   -7.034       3.1486
-276.118   -2.686       2.9069
-276.118    1.662       2.6877
-276.118    6.010       2.3740
-276.118   10.358       2.6877
-276.118   14.705       3.0567
-276.118   19.053       2.2520
-276.118   23.401       2.2978
-276.118   27.749       2.1696
-276.118   32.097       2.0972
-276.118   36.445       1.8728
-276.118   40.793       1.7759
-276.118   45.140       2.1145
-276.118   49.488       2.1507
-276.118   53.836       1.9089
-276.118   58.184       1.7013
-276.118   62.532       1.8065
-276.118   66.880       2.4018
-276.118   71.228       2.3222
-276.118   75.576       3.2573
-276.118   79.923       4.6300
-276.118   84.271       4.2168
-276.118   88.619       3.5619
-276.118   92.967       2.3222
-276.118   97.315       2.0972
-276.118  101.663       2.3222
-276.118  106.011       2.2303
-276.118  110.359       1.8612
-276.118  114.706       1.6756
-276.118  119.054       1.7191
-276.118  123.402       1.3727
-276.118  127.750       1.5476
-276.118  132.098       1.8499
-276.118  136.446       2.2303
-276.118  140.794       1.9886
-276.118  145.142       2.0641
-276.118  149.489       1.9745
-276.118  153.837       1.7191
-276.118  158.185       1.8171
-276.118  162.533       2.2303
-276.118  166.881       4.2168
-276.118  171.229       4.6300
-276.118  175.577       4.6300
-276.118  179.924       4.6300
-276.118  184.272       4.6300
-276.118  188.620       4.6300
-276.118  192.968       4.6300
-276.118  197.316       4.6300
-276.118  201.664       4.6300
-276.118  206.012       4.6300
-276.118  210.360       4.6300
-276.118  214.707       4.6300
-276.118  219.055       4.6300
-276.118  223.403       4.6300
-276.118  227.751       4.6300
-276.118  232.099       4.6300
-276.118  236.447       4.6300
-276.118  240.795       4.6300
-276.118  245.143       4.6300
-276.118  249.490       4.6300
-276.118  253.838       4.6300
-276.118  258.186       4.6300
-271.806 -172.253       4.6300
-271.806 -167.905       4.6300
-271.806 -163.557       4.6300
-271.806 -159.209       4.6300
-271.806 -154.862       4.6300
-271.806 -150.514       4.6300
-271.806 -146.166       4.6300
-271.806 -141.818       4.6300
-271.806 -137.470       4.6300
-271.806 -133.122       4.6300
-271.806 -128.774       4.6300
-271.806 -124.426       4.6300
-271.806 -120.079       4.6300
-271.806 -115.731       4.6300
-271.806 -111.383       4.6300
-271.806 -107.035       4.6300
-271.806 -102.687       4.6300
-271.806  -98.339       4.6300
-271.806  -93.991       3.8036
-271.806  -89.643       2.4937
-271.806  -85.296       1.8171
-271.806  -80.948       1.9343
-271.806  -76.600       1.8171
-271.806  -72.252       1.6926
-271.806  -67.904       2.4309
-271.806  -63.556       2.3740
-271.806  -59.208       2.0029
-271.806  -54.861       1.9474
-271.806  -50.513       2.2978
-271.806  -46.165       2.1323
-271.806  -41.817       1.7101
-271.806  -37.469       1.6429
-271.806  -33.121       1.6272
-271.806  -28.773       1.6840
-271.806  -24.425       1.6044
-271.806  -20.078       1.8171
-271.806  -15.730       2.5639
-271.806  -11.382       2.3740
-271.806   -7.034       2.7354
-271.806   -2.686       2.4614
-271.806    1.662       2.2520
-271.806    6.010       2.6435
-271.806   10.358       3.3904
-271.806   14.705       3.8036
-271.806   19.053       2.7354
-271.806   23.401       2.2978
-271.806   27.749       2.6024
-271.806   32.097       2.1891
-271.806   36.445       2.1507
-271.806   40.793       2.2745
-271.806   45.140       2.2745
-271.806   49.488       2.7354
-271.806   53.836       2.8441
-271.806   58.184       2.4937
-271.806   62.532       2.2978
-271.806   66.880       2.0641
-271.806   71.228       2.6877
-271.806   75.576       2.9069
-271.806   79.923       3.1486
-271.806   84.271       4.6300
-271.806   88.619       4.6300
-271.806   92.967       4.2168
-271.806   97.315       2.4937
-271.806  101.663       2.3222
-271.806  106.011       2.2094
-271.806  110.359       1.8846
-271.806  114.706       1.9745
-271.806  119.054       1.9343
-271.806  123.402       1.7101
-271.806  127.750       1.7661
-271.806  132.098       1.5970
-271.806  136.446       2.2745
-271.806  140.794       2.1696
-271.806  145.142       2.6877
-271.806  149.489       2.1891
-271.806  153.837       1.7759
-271.806  158.185       1.8065
-271.806  162.533       1.7759
-271.806  166.881       2.5639
-271.806  171.229       4.6300
-271.806  175.577       4.6300
-271.806  179.924       4.6300
-271.806  184.272       4.6300
-271.806  188.620       4.6300
-271.806  192.968       4.6300
-271.806  197.316       4.6300
-271.806  201.664       4.6300
-271.806  206.012       4.6300
-271.806  210.360       4.6300
-271.806  214.707       4.6300
-271.806  219.055       4.6300
-271.806  223.403       4.6300
-271.806  227.751       4.6300
-271.806  232.099       4.6300
-271.806  236.447       4.6300
-271.806  240.795       4.6300
-271.806  245.143       4.6300
-271.806  249.490       4.6300
-271.806  253.838       4.6300
-271.806  258.186       4.6300
-267.493 -172.253       4.6300
-267.493 -167.905       4.6300
-267.493 -163.557       4.6300
-267.493 -159.209       4.6300
-267.493 -154.862       4.6300
-267.493 -150.514       4.6300
-267.493 -146.166       4.6300
-267.493 -141.818       4.6300
-267.493 -137.470       4.6300
-267.493 -133.122       4.6300
-267.493 -128.774       4.6300
-267.493 -124.426       4.6300
-267.493 -120.079       4.6300
-267.493 -115.731       4.6300
-267.493 -111.383       4.6300
-267.493 -107.035       4.6300
-267.493 -102.687       4.6300
-267.493  -98.339       4.6300
-267.493  -93.991       3.3904
-267.493  -89.643       2.3475
-267.493  -85.296       2.2303
-267.493  -80.948       1.8499
-267.493  -76.600       1.8278
-267.493  -72.252       1.8967
-267.493  -67.904       2.0641
-267.493  -63.556       2.0805
-267.493  -59.208       1.7282
-267.493  -54.861       1.7564
-267.493  -50.513       1.8612
-267.493  -46.165       1.8065
-267.493  -41.817       1.9886
-267.493  -37.469       1.7961
-267.493  -33.121       1.6044
-267.493  -28.773       1.5970
-267.493  -24.425       1.2666
-267.493  -20.078       1.6119
-267.493  -15.730       1.8065
-267.493  -11.382       1.9608
-267.493   -7.034       2.1696
-267.493   -2.686       2.3740
-267.493    1.662       2.3740
-267.493    6.010       2.2520
-267.493   10.358       3.1486
-267.493   14.705       3.3904
-267.493   19.053       3.8036
-267.493   23.401       2.7354
-267.493   27.749       2.4309
-267.493   32.097       2.4018
-267.493   36.445       2.2094
-267.493   40.793       2.6024
-267.493   45.140       2.7873
-267.493   49.488       2.6877
-267.493   53.836       2.6877
-267.493   58.184       2.3222
-267.493   62.532       2.0176
-267.493   66.880       1.8065
-267.493   71.228       1.9343
-267.493   75.576       2.2978
-267.493   79.923       2.6435
-267.493   84.271       3.3904
-267.493   88.619       4.6300
-267.493   92.967       3.2573
-267.493   97.315       2.4614
-267.493  101.663       2.2745
-267.493  106.011       1.8387
-267.493  110.359       1.5613
-267.493  114.706       1.7013
-267.493  119.054       1.6672
-267.493  123.402       1.7661
-267.493  127.750       1.7564
-267.493  132.098       1.8171
-267.493  136.446       2.0972
-267.493  140.794       2.7873
-267.493  145.142       3.5619
-267.493  149.489       2.6435
-267.493  153.837       2.6435
-267.493  158.185       2.0176
-267.493  162.533       1.8612
-267.493  166.881       2.7354
-267.493  171.229       3.5619
-267.493  175.577       4.6300
-267.493  179.924       4.6300
-267.493  184.272       4.6300
-267.493  188.620       4.6300
-267.493  192.968       4.6300
-267.493  197.316       4.6300
-267.493  201.664       4.6300
-267.493  206.012       4.6300
-267.493  210.360       4.6300
-267.493  214.707       4.6300
-267.493  219.055       4.6300
-267.493  223.403       4.6300
-267.493  227.751       4.6300
-267.493  232.099       4.6300
-267.493  236.447       4.6300
-267.493  240.795       4.6300
-267.493  245.143       4.6300
-267.493  249.490       4.6300
-267.493  253.838       4.6300
-267.493  258.186       4.6300
-263.180 -172.253       4.6300
-263.180 -167.905       4.6300
-263.180 -163.557       4.6300
-263.180 -159.209       4.6300
-263.180 -154.862       4.6300
-263.180 -150.514       4.6300
-263.180 -146.166       4.6300
-263.180 -141.818       4.6300
-263.180 -137.470       4.6300
-263.180 -133.122       4.6300
-263.180 -128.774       4.6300
-263.180 -124.426       4.6300
-263.180 -120.079       4.6300
-263.180 -115.731       4.6300
-263.180 -111.383       4.6300
-263.180 -107.035       4.6300
-263.180 -102.687       4.6300
-263.180  -98.339       4.2168
-263.180  -93.991       2.4309
-263.180  -89.643       2.2303
-263.180  -85.296       1.7282
-263.180  -80.948       2.2303
-263.180  -76.600       2.3740
-263.180  -72.252       2.0972
-263.180  -67.904       2.2520
-263.180  -63.556       1.9215
-263.180  -59.208       2.0029
-263.180  -54.861       1.7191
-263.180  -50.513       1.7661
-263.180  -46.165       1.6509
-263.180  -41.817       2.1891
-263.180  -37.469       2.1891
-263.180  -33.121       1.7374
-263.180  -28.773       1.4714
-263.180  -24.425       1.6195
-263.180  -20.078       1.9089
-263.180  -15.730       1.7374
-263.180  -11.382       2.0176
-263.180   -7.034       1.9608
-263.180   -2.686       2.6024
-263.180    1.662       2.4018
-263.180    6.010       2.9771
-263.180   10.358       2.7873
-263.180   14.705       3.5619
-263.180   19.053       4.6300
-263.180   23.401       3.5619
-263.180   27.749       2.5278
-263.180   32.097       2.4018
-263.180   36.445       2.3740
-263.180   40.793       2.6435
-263.180   45.140       2.6435
-263.180   49.488       2.6435
-263.180   53.836       2.6435
-263.180   58.184       2.6435
-263.180   62.532       2.4937
-263.180   66.880       2.1145
-263.180   71.228       2.4937
-263.180   75.576       3.2573
-263.180   79.923       4.6300
-263.180   84.271       4.6300
-263.180   88.619       4.6300
-263.180   92.967       3.5619
-263.180   97.315       2.2978
-263.180  101.663       2.4614
-263.180  106.011       2.0972
-263.180  110.359       1.7191
-263.180  114.706       1.3933
-263.180  119.054       1.6429
-263.180  123.402       2.0176
-263.180  127.750       2.0327
-263.180  132.098       2.1891
-263.180  136.446       2.1323
-263.180  140.794       2.5639
-263.180  145.142       2.6435
-263.180  149.489       2.4309
-263.180  153.837       2.2978
-263.180  158.185       2.0805
-263.180  162.533       1.8728
-263.180  166.881       2.0029
-263.180  171.229       2.4309
-263.180  175.577       3.8036
-263.180  179.924       4.6300
-263.180  184.272       4.6300
-263.180  188.620       4.6300
-263.180  192.968       4.6300
-263.180  197.316       4.6300
-263.180  201.664       4.6300
-263.180  206.012       4.6300
-263.180  210.360       4.6300
-263.180  214.707       4.6300
-263.180  219.055       4.6300
-263.180  223.403       4.6300
-263.180  227.751       4.6300
-263.180  232.099       4.6300
-263.180  236.447       4.6300
-263.180  240.795       4.6300
-263.180  245.143       4.6300
-263.180  249.490       4.6300
-263.180  253.838       4.6300
-263.180  258.186       4.6300
-258.868 -172.253       4.6300
-258.868 -167.905       4.6300
-258.868 -163.557       4.6300
-258.868 -159.209       4.6300
-258.868 -154.862       4.6300
-258.868 -150.514       4.6300
-258.868 -146.166       4.6300
-258.868 -141.818       4.6300
-258.868 -137.470       4.6300
-258.868 -133.122       4.6300
-258.868 -128.774       4.6300
-258.868 -124.426       4.6300
-258.868 -120.079       4.6300
-258.868 -115.731       4.6300
-258.868 -111.383       4.6300
-258.868 -107.035       4.6300
-258.868 -102.687       4.6300
-258.868  -98.339       2.9069
-258.868  -93.991       1.8967
-258.868  -89.643       1.9215
-258.868  -85.296       1.6590
-258.868  -80.948       2.5639
-258.868  -76.600       2.8441
-258.868  -72.252       2.6435
-258.868  -67.904       2.3740
-258.868  -63.556       1.9608
-258.868  -59.208       2.1507
-258.868  -54.861       2.1507
-258.868  -50.513       2.5278
-258.868  -46.165       2.2745
-258.868  -41.817       2.3222
-258.868  -37.469       2.3222
-258.868  -33.121       2.0805
-258.868  -28.773       1.5146
-258.868  -24.425       1.6756
-258.868  -20.078       1.7191
-258.868  -15.730       1.8499
-258.868  -11.382       1.9745
-258.868   -7.034       2.8441
-258.868   -2.686       3.5619
-258.868    1.662       3.2573
-258.868    6.010       4.2168
-258.868   10.358       3.0567
-258.868   14.705       2.9771
-258.868   19.053       3.8036
-258.868   23.401       3.1486
-258.868   27.749       2.6435
-258.868   32.097       2.3740
-258.868   36.445       3.5619
-258.868   40.793       2.6435
-258.868   45.140       2.4018
-258.868   49.488       2.4614
-258.868   53.836       2.2520
-258.868   58.184       2.5278
-258.868   62.532       2.8441
-258.868   66.880       2.6024
-258.868   71.228       2.7354
-258.868   75.576       4.2168
-258.868   79.923       4.6300
-258.868   84.271       4.2168
-258.868   88.619       3.5619
-258.868   92.967       3.0567
-258.868   97.315       2.1145
-258.868  101.663       2.6024
-258.868  106.011       2.4309
-258.868  110.359       2.1323
-258.868  114.706       1.6119
-258.868  119.054       1.8728
-258.868  123.402       2.0327
-258.868  127.750       2.1696
-258.868  132.098       1.9474
-258.868  136.446       1.8278
-258.868  140.794       1.7961
-258.868  145.142       2.2745
-258.868  149.489       2.6877
-258.868  153.837       2.7354
-258.868  158.185       2.1323
-258.868  162.533       2.0029
-258.868  166.881       2.2978
-258.868  171.229       2.3740
-258.868  175.577       2.2745
-258.868  179.924       3.8036
-258.868  184.272       4.6300
-258.868  188.620       3.5619
-258.868  192.968       3.5619
-258.868  197.316       4.6300
-258.868  201.664       4.6300
-258.868  206.012       4.6300
-258.868  210.360       4.6300
-258.868  214.707       4.6300
-258.868  219.055       4.6300
-258.868  223.403       4.6300
-258.868  227.751       4.6300
-258.868  232.099       4.6300
-258.868  236.447       4.6300
-258.868  240.795       4.6300
-258.868  245.143       4.6300
-258.868  249.490       4.6300
-258.868  253.838       4.6300
-258.868  258.186       4.6300
-254.555 -172.253       4.6300
-254.555 -167.905       4.6300
-254.555 -163.557       4.6300
-254.555 -159.209       4.6300
-254.555 -154.862       4.6300
-254.555 -150.514       4.6300
-254.555 -146.166       4.6300
-254.555 -141.818       4.6300
-254.555 -137.470       4.6300
-254.555 -133.122       4.6300
-254.555 -128.774       4.6300
-254.555 -124.426       4.6300
-254.555 -120.079       4.6300
-254.555 -115.731       4.6300
-254.555 -111.383       4.6300
-254.555 -107.035       3.8036
-254.555 -102.687       2.5278
-254.555  -98.339       2.2303
-254.555  -93.991       2.6435
-254.555  -89.643       1.9089
-254.555  -85.296       2.0482
-254.555  -80.948       3.1486
-254.555  -76.600       3.3904
-254.555  -72.252       2.9069
-254.555  -67.904       2.4937
-254.555  -63.556       2.0327
-254.555  -59.208       2.3740
-254.555  -54.861       2.2303
-254.555  -50.513       2.3475
-254.555  -46.165       2.4309
-254.555  -41.817       2.4937
-254.555  -37.469       2.1891
-254.555  -33.121       1.7759
-254.555  -28.773       1.3577
-254.555  -24.425       1.5825
-254.555  -20.078       1.7661
-254.555  -15.730       1.7859
-254.555  -11.382       2.2745
-254.555   -7.034       3.1486
-254.555   -2.686       4.2168
-254.555    1.662       3.0567
-254.555    6.010       2.8441
-254.555   10.358       3.1486
-254.555   14.705       3.2573
-254.555   19.053       2.8441
-254.555   23.401       2.9771
-254.555   27.749       3.2573
-254.555   32.097       2.7873
-254.555   36.445       2.5278
-254.555   40.793       2.9069
-254.555   45.140       2.2520
-254.555   49.488       1.9886
-254.555   53.836       2.0641
-254.555   58.184       2.5278
-254.555   62.532       2.4937
-254.555   66.880       2.5278
-254.555   71.228       3.2573
-254.555   75.576       3.2573
-254.555   79.923       3.5619
-254.555   84.271       3.0567
-254.555   88.619       2.7873
-254.555   92.967       3.0567
-254.555   97.315       2.2978
-254.555  101.663       2.4018
-254.555  106.011       2.0482
-254.555  110.359       1.8612
-254.555  114.706       1.7564
-254.555  119.054       1.8278
-254.555  123.402       1.6350
-254.555  127.750       1.9474
-254.555  132.098       2.0972
-254.555  136.446       1.7661
-254.555  140.794       1.5970
-254.555  145.142       2.2978
-254.555  149.489       2.5278
-254.555  153.837       2.5639
-254.555  158.185       3.1486
-254.555  162.533       2.6877
-254.555  166.881       2.7354
-254.555  171.229       2.3222
-254.555  175.577       2.2520
-254.555  179.924       2.6877
-254.555  184.272       4.2168
-254.555  188.620       3.5619
-254.555  192.968       2.6435
-254.555  197.316       3.5619
-254.555  201.664       2.9771
-254.555  206.012       4.6300
-254.555  210.360       4.6300
-254.555  214.707       4.6300
-254.555  219.055       4.6300
-254.555  223.403       4.6300
-254.555  227.751       4.6300
-254.555  232.099       4.6300
-254.555  236.447       4.6300
-254.555  240.795       4.6300
-254.555  245.143       4.6300
-254.555  249.490       4.6300
-254.555  253.838       4.6300
-254.555  258.186       4.6300
-250.242 -172.253       4.6300
-250.242 -167.905       4.6300
-250.242 -163.557       4.6300
-250.242 -159.209       4.6300
-250.242 -154.862       4.6300
-250.242 -150.514       4.6300
-250.242 -146.166       4.6300
-250.242 -141.818       4.6300
-250.242 -137.470       4.6300
-250.242 -133.122       4.6300
-250.242 -128.774       4.6300
-250.242 -124.426       4.6300
-250.242 -120.079       4.6300
-250.242 -115.731       4.6300
-250.242 -111.383       4.6300
-250.242 -107.035       2.4937
-250.242 -102.687       2.0176
-250.242  -98.339       2.4937
-250.242  -93.991       4.6300
-250.242  -89.643       2.2978
-250.242  -85.296       3.1486
-250.242  -80.948       3.5619
-250.242  -76.600       3.8036
-250.242  -72.252       3.5619
-250.242  -67.904       3.1486
-250.242  -63.556       3.2573
-250.242  -59.208       2.4614
-250.242  -54.861       2.2094
-250.242  -50.513       2.1696
-250.242  -46.165       2.4937
-250.242  -41.817       2.5639
-250.242  -37.469       3.0567
-250.242  -33.121       2.2094
-250.242  -28.773       1.5683
-250.242  -24.425       1.8387
-250.242  -20.078       2.0641
-250.242  -15.730       2.1507
-250.242  -11.382       2.2520
-250.242   -7.034       2.8441
-250.242   -2.686       3.5619
-250.242    1.662       2.9771
-250.242    6.010       3.2573
-250.242   10.358       2.9771
-250.242   14.705       4.2168
-250.242   19.053       3.1486
-250.242   23.401       4.2168
-250.242   27.749       3.5619
-250.242   32.097       2.9069
-250.242   36.445       2.6877
-250.242   40.793       2.6024
-250.242   45.140       2.7873
-250.242   49.488       2.5278
-250.242   53.836       2.7354
-250.242   58.184       2.4309
-250.242   62.532       2.5278
-250.242   66.880       2.0805
-250.242   71.228       2.4614
-250.242   75.576       2.4018
-250.242   79.923       3.0567
-250.242   84.271       2.9771
-250.242   88.619       3.8036
-250.242   92.967       2.6024
-250.242   97.315       2.4309
-250.242  101.663       2.8441
-250.242  106.011       2.1891
-250.242  110.359       2.4309
-250.242  114.706       2.2978
-250.242  119.054       1.8728
-250.242  123.402       1.6195
-250.242  127.750       1.5342
-250.242  132.098       1.6926
-250.242  136.446       1.9343
-250.242  140.794       1.8387
-250.242  145.142       1.8387
-250.242  149.489       2.3475
-250.242  153.837       3.0567
-250.242  158.185       4.2168
-250.242  162.533       4.6300
-250.242  166.881       3.5619
-250.242  171.229       3.5619
-250.242  175.577       3.1486
-250.242  179.924       2.4309
-250.242  184.272       2.9069
-250.242  188.620       4.2168
-250.242  192.968       2.1323
-250.242  197.316       2.5278
-250.242  201.664       2.4614
-250.242  206.012       2.9771
-250.242  210.360       4.6300
-250.242  214.707       4.6300
-250.242  219.055       4.6300
-250.242  223.403       4.6300
-250.242  227.751       4.6300
-250.242  232.099       4.6300
-250.242  236.447       4.6300
-250.242  240.795       4.6300
-250.242  245.143       4.6300
-250.242  249.490       4.6300
-250.242  253.838       4.6300
-250.242  258.186       4.6300
-245.930 -172.253       4.6300
-245.930 -167.905       4.6300
-245.930 -163.557       4.6300
-245.930 -159.209       4.6300
-245.930 -154.862       4.6300
-245.930 -150.514       4.6300
-245.930 -146.166       4.6300
-245.930 -141.818       4.6300
-245.930 -137.470       4.6300
-245.930 -133.122       4.6300
-245.930 -128.774       4.6300
-245.930 -124.426       4.6300
-245.930 -120.079       4.6300
-245.930 -115.731       4.6300
-245.930 -111.383       3.3904
-245.930 -107.035       1.9343
-245.930 -102.687       2.6024
-245.930  -98.339       3.2573
-245.930  -93.991       3.5619
-245.930  -89.643       3.3904
-245.930  -85.296       2.3222
-245.930  -80.948       2.9069
-245.930  -76.600       2.6024
-245.930  -72.252       3.2573
-245.930  -67.904       2.9771
-245.930  -63.556       3.3904
-245.930  -59.208       2.7873
-245.930  -54.861       2.4309
-245.930  -50.513       2.3475
-245.930  -46.165       2.1507
-245.930  -41.817       2.9069
-245.930  -37.469       2.9771
-245.930  -33.121       2.4937
-245.930  -28.773       2.0176
-245.930  -24.425       2.2520
-245.930  -20.078       3.2573
-245.930  -15.730       2.8441
-245.930  -11.382       2.9069
-245.930   -7.034       2.9771
-245.930   -2.686       4.6300
-245.930    1.662       4.6300
-245.930    6.010       3.2573
-245.930   10.358       2.7873
-245.930   14.705       2.7354
-245.930   19.053       3.5619
-245.930   23.401       4.6300
-245.930   27.749       4.6300
-245.930   32.097       4.2168
-245.930   36.445       2.9069
-245.930   40.793       2.9771
-245.930   45.140       3.8036
-245.930   49.488       4.6300
-245.930   53.836       3.8036
-245.930   58.184       4.6300
-245.930   62.532       2.4937
-245.930   66.880       2.0029
-245.930   71.228       2.1507
-245.930   75.576       2.4309
-245.930   79.923       2.9069
-245.930   84.271       3.2573
-245.930   88.619       3.0567
-245.930   92.967       2.7873
-245.930   97.315       2.2303
-245.930  101.663       2.7354
-245.930  106.011       3.0567
-245.930  110.359       3.1486
-245.930  114.706       2.7873
-245.930  119.054       1.9215
-245.930  123.402       1.8171
-245.930  127.750       1.7468
-245.930  132.098       1.7282
-245.930  136.446       2.0176
-245.930  140.794       1.8846
-245.930  145.142       1.6350
-245.930  149.489       1.8846
-245.930  153.837       2.6877
-245.930  158.185       4.6300
-245.930  162.533       4.6300
-245.930  166.881       4.6300
-245.930  171.229       4.2168
-245.930  175.577       3.3904
-245.930  179.924       2.2094
-245.930  184.272       2.2978
-245.930  188.620       2.4309
-245.930  192.968       2.4614
-245.930  197.316       2.4614
-245.930  201.664       3.2573
-245.930  206.012       2.4937
-245.930  210.360       3.2573
-245.930  214.707       4.6300
-245.930  219.055       4.6300
-245.930  223.403       4.6300
-245.930  227.751       4.6300
-245.930  232.099       4.6300
-245.930  236.447       4.6300
-245.930  240.795       4.6300
-245.930  245.143       4.6300
-245.930  249.490       4.6300
-245.930  253.838       4.6300
-245.930  258.186       4.6300
-241.617 -172.253       4.6300
-241.617 -167.905       4.6300
-241.617 -163.557       4.6300
-241.617 -159.209       4.6300
-241.617 -154.862       4.6300
-241.617 -150.514       4.6300
-241.617 -146.166       4.6300
-241.617 -141.818       4.6300
-241.617 -137.470       4.6300
-241.617 -133.122       4.6300
-241.617 -128.774       4.6300
-241.617 -124.426       4.6300
-241.617 -120.079       4.6300
-241.617 -115.731       4.2168
-241.617 -111.383       3.2573
-241.617 -107.035       2.2978
-241.617 -102.687       2.1323
-241.617  -98.339       3.1486
-241.617  -93.991       3.5619
-241.617  -89.643       2.6877
-241.617  -85.296       2.3740
-241.617  -80.948       2.9069
-241.617  -76.600       2.4309
-241.617  -72.252       2.7873
-241.617  -67.904       4.6300
-241.617  -63.556       3.1486
-241.617  -59.208       3.5619
-241.617  -54.861       2.1323
-241.617  -50.513       1.8967
-241.617  -46.165       2.3475
-241.617  -41.817       2.4018
-241.617  -37.469       2.1323
-241.617  -33.121       2.4614
-241.617  -28.773       2.3740
-241.617  -24.425       2.2745
-241.617  -20.078       2.9069
-241.617  -15.730       3.2573
-241.617  -11.382       3.2573
-241.617   -7.034       3.5619
-241.617   -2.686       4.2168
-241.617    1.662       3.8036
-241.617    6.010       2.9771
-241.617   10.358       2.6435
-241.617   14.705       3.8036
-241.617   19.053       2.6435
-241.617   23.401       4.6300
-241.617   27.749       4.6300
-241.617   32.097       4.6300
-241.617   36.445       4.2168
-241.617   40.793       3.5619
-241.617   45.140       4.6300
-241.617   49.488       4.6300
-241.617   53.836       4.6300
-241.617   58.184       4.6300
-241.617   62.532       3.0567
-241.617   66.880       2.6024
-241.617   71.228       2.8441
-241.617   75.576       3.3904
-241.617   79.923       3.5619
-241.617   84.271       3.3904
-241.617   88.619       3.3904
-241.617   92.967       3.5619
-241.617   97.315       2.9771
-241.617  101.663       2.8441
-241.617  106.011       4.2168
-241.617  110.359       3.2573
-241.617  114.706       3.5619
-241.617  119.054       2.9069
-241.617  123.402       2.0327
-241.617  127.750       2.0029
-241.617  132.098       1.8612
-241.617  136.446       1.9745
-241.617  140.794       1.6590
-241.617  145.142       1.5276
-241.617  149.489       1.7468
-241.617  153.837       2.1145
-241.617  158.185       3.1486
-241.617  162.533       3.8036
-241.617  166.881       4.6300
-241.617  171.229       2.5278
-241.617  175.577       2.4614
-241.617  179.924       2.2303
-241.617  184.272       2.2303
-241.617  188.620       2.4614
-241.617  192.968       3.1486
-241.617  197.316       2.6435
-241.617  201.664       2.9771
-241.617  206.012       2.9069
-241.617  210.360       2.8441
-241.617  214.707       4.2168
-241.617  219.055       4.6300
-241.617  223.403       4.6300
-241.617  227.751       4.6300
-241.617  232.099       4.6300
-241.617  236.447       4.6300
-241.617  240.795       4.6300
-241.617  245.143       4.6300
-241.617  249.490       4.6300
-241.617  253.838       4.6300
-241.617  258.186       4.6300
-237.304 -172.253       4.6300
-237.304 -167.905       4.6300
-237.304 -163.557       4.6300
-237.304 -159.209       4.6300
-237.304 -154.862       4.6300
-237.304 -150.514       4.6300
-237.304 -146.166       4.6300
-237.304 -141.818       4.6300
-237.304 -137.470       4.6300
-237.304 -133.122       4.6300
-237.304 -128.774       4.6300
-237.304 -124.426       4.6300
-237.304 -120.079       4.6300
-237.304 -115.731       2.5639
-237.304 -111.383       2.6024
-237.304 -107.035       2.4937
-237.304 -102.687       2.9069
-237.304  -98.339       3.5619
-237.304  -93.991       3.2573
-237.304  -89.643       3.0567
-237.304  -85.296       2.9771
-237.304  -80.948       2.3740
-237.304  -76.600       2.4018
-237.304  -72.252       2.4937
-237.304  -67.904       3.8036
-237.304  -63.556       3.8036
-237.304  -59.208       2.4937
-237.304  -54.861       1.9343
-237.304  -50.513       1.9215
-237.304  -46.165       2.0482
-237.304  -41.817       2.1696
-237.304  -37.469       2.1891
-237.304  -33.121       2.4614
-237.304  -28.773       2.1891
-237.304  -24.425       2.0176
-237.304  -20.078       2.4937
-237.304  -15.730       3.5619
-237.304  -11.382       4.2168
-237.304   -7.034       2.7354
-237.304   -2.686       2.9069
-237.304    1.662       2.7354
-237.304    6.010       2.7354
-237.304   10.358       2.7873
-237.304   14.705       2.6024
-237.304   19.053       2.7354
-237.304   23.401       4.6300
-237.304   27.749       4.6300
-237.304   32.097       4.6300
-237.304   36.445       4.6300
-237.304   40.793       4.6300
-237.304   45.140       4.6300
-237.304   49.488       4.6300
-237.304   53.836       4.6300
-237.304   58.184       4.6300
-237.304   62.532       4.6300
-237.304   66.880       3.5619
-237.304   71.228       4.6300
-237.304   75.576       4.6300
-237.304   79.923       4.6300
-237.304   84.271       4.2168
-237.304   88.619       4.6300
-237.304   92.967       4.6300
-237.304   97.315       4.2168
-237.304  101.663       4.6300
-237.304  106.011       4.6300
-237.304  110.359       4.6300
-237.304  114.706       4.6300
-237.304  119.054       3.1486
-237.304  123.402       2.3475
-237.304  127.750       2.0327
-237.304  132.098       1.8499
-237.304  136.446       1.8387
-237.304  140.794       1.8967
-237.304  145.142       1.5970
-237.304  149.489       1.6119
-237.304  153.837       1.9089
-237.304  158.185       2.4309
-237.304  162.533       2.4018
-237.304  166.881       3.0567
-237.304  171.229       2.3740
-237.304  175.577       2.0482
-237.304  179.924       1.9745
-237.304  184.272       1.9474
-237.304  188.620       2.0029
-237.304  192.968       3.3904
-237.304  197.316       3.0567
-237.304  201.664       2.8441
-237.304  206.012       4.2168
-237.304  210.360       2.8441
-237.304  214.707       3.0567
-237.304  219.055       4.6300
-237.304  223.403       4.6300
-237.304  227.751       4.6300
-237.304  232.099       4.6300
-237.304  236.447       4.6300
-237.304  240.795       4.6300
-237.304  245.143       4.6300
-237.304  249.490       4.6300
-237.304  253.838       4.6300
-237.304  258.186       4.6300
-232.992 -172.253       4.6300
-232.992 -167.905       4.6300
-232.992 -163.557       4.6300
-232.992 -159.209       4.6300
-232.992 -154.862       4.6300
-232.992 -150.514       4.6300
-232.992 -146.166       4.6300
-232.992 -141.818       4.6300
-232.992 -137.470       4.6300
-232.992 -133.122       4.6300
-232.992 -128.774       4.6300
-232.992 -124.426       4.6300
-232.992 -120.079       4.2168
-232.992 -115.731       2.9771
-232.992 -111.383       2.9771
-232.992 -107.035       3.1486
-232.992 -102.687       3.5619
-232.992  -98.339       3.8036
-232.992  -93.991       3.5619
-232.992  -89.643       4.2168
-232.992  -85.296       4.2168
-232.992  -80.948       2.9771
-232.992  -76.600       2.6877
-232.992  -72.252       4.2168
-232.992  -67.904       3.1486
-232.992  -63.556       2.7873
-232.992  -59.208       2.7354
-232.992  -54.861       2.2978
-232.992  -50.513       2.2745
-232.992  -46.165       2.4018
-232.992  -41.817       2.4614
-232.992  -37.469       2.7354
-232.992  -33.121       2.7873
-232.992  -28.773       2.1507
-232.992  -24.425       2.4937
-232.992  -20.078       2.2978
-232.992  -15.730       2.2745
-232.992  -11.382       3.3904
-232.992   -7.034       2.3475
-232.992   -2.686       2.8441
-232.992    1.662       3.2573
-232.992    6.010       3.0567
-232.992   10.358       3.0567
-232.992   14.705       2.5639
-232.992   19.053       2.5278
-232.992   23.401       3.8036
-232.992   27.749       4.2168
-232.992   32.097       4.6300
-232.992   36.445       4.6300
-232.992   40.793       4.6300
-232.992   45.140       4.6300
-232.992   49.488       4.6300
-232.992   53.836       4.6300
-232.992   58.184       4.6300
-232.992   62.532       4.6300
-232.992   66.880       4.6300
-232.992   71.228       4.6300
-232.992   75.576       4.6300
-232.992   79.923       4.6300
-232.992   84.271       4.6300
-232.992   88.619       4.6300
-232.992   92.967       4.6300
-232.992   97.315       4.6300
-232.992  101.663       4.6300
-232.992  106.011       4.6300
-232.992  110.359       4.6300
-232.992  114.706       4.6300
-232.992  119.054       4.2168
-232.992  123.402       2.4614
-232.992  127.750       1.7374
-232.992  132.098       1.9474
-232.992  136.446       1.7374
-232.992  140.794       1.7759
-232.992  145.142       1.6840
-232.992  149.489       1.5613
-232.992  153.837       1.8499
-232.992  158.185       2.0805
-232.992  162.533       2.9069
-232.992  166.881       3.3904
-232.992  171.229       2.1323
-232.992  175.577       1.9886
-232.992  179.924       2.1696
-232.992  184.272       1.6590
-232.992  188.620       1.7282
-232.992  192.968       2.1891
-232.992  197.316       2.6435
-232.992  201.664       2.4018
-232.992  206.012       2.4018
-232.992  210.360       2.6877
-232.992  214.707       2.6435
-232.992  219.055       3.8036
-232.992  223.403       4.6300
-232.992  227.751       4.6300
-232.992  232.099       4.6300
-232.992  236.447       4.6300
-232.992  240.795       4.6300
-232.992  245.143       4.6300
-232.992  249.490       4.6300
-232.992  253.838       4.6300
-232.992  258.186       4.6300
-228.679 -172.253       4.6300
-228.679 -167.905       4.6300
-228.679 -163.557       4.6300
-228.679 -159.209       4.6300
-228.679 -154.862       4.6300
-228.679 -150.514       4.6300
-228.679 -146.166       4.6300
-228.679 -141.818       4.6300
-228.679 -137.470       4.6300
-228.679 -133.122       4.6300
-228.679 -128.774       4.6300
-228.679 -124.426       4.6300
-228.679 -120.079       4.6300
-228.679 -115.731       3.8036
-228.679 -111.383       2.9069
-228.679 -107.035       3.1486
-228.679 -102.687       2.9771
-228.679  -98.339       3.5619
-228.679  -93.991       4.6300
-228.679  -89.643       4.6300
-228.679  -85.296       4.6300
-228.679  -80.948       4.6300
-228.679  -76.600       4.6300
-228.679  -72.252       4.2168
-228.679  -67.904       2.5639
-228.679  -63.556       2.6435
-228.679  -59.208       2.4614
-228.679  -54.861       2.9069
-228.679  -50.513       2.5278
-228.679  -46.165       2.9069
-228.679  -41.817       2.6435
-228.679  -37.469       2.5639
-228.679  -33.121       2.3475
-228.679  -28.773       2.5639
-228.679  -24.425       2.6435
-228.679  -20.078       2.7354
-228.679  -15.730       2.6435
-228.679  -11.382       2.9771
-228.679   -7.034       2.7354
-228.679   -2.686       2.8441
-228.679    1.662       3.3904
-228.679    6.010       3.2573
-228.679   10.358       2.4309
-228.679   14.705       2.4937
-228.679   19.053       2.7873
-228.679   23.401       3.5619
-228.679   27.749       3.3904
-228.679   32.097       3.5619
-228.679   36.445       4.6300
-228.679   40.793       4.6300
-228.679   45.140       4.6300
-228.679   49.488       4.6300
-228.679   53.836       4.6300
-228.679   58.184       4.6300
-228.679   62.532       4.6300
-228.679   66.880       4.6300
-228.679   71.228       4.6300
-228.679   75.576       4.6300
-228.679   79.923       4.6300
-228.679   84.271       4.6300
-228.679   88.619       4.6300
-228.679   92.967       4.6300
-228.679   97.315       4.6300
-228.679  101.663       4.6300
-228.679  106.011       4.6300
-228.679  110.359       4.6300
-228.679  114.706       2.9771
-228.679  119.054       2.6435
-228.679  123.402       2.2303
-228.679  127.750       1.7859
-228.679  132.098       1.9215
-228.679  136.446       1.7661
-228.679  140.794       1.9215
-228.679  145.142       2.0805
-228.679  149.489       1.9215
-228.679  153.837       1.8387
-228.679  158.185       1.8387
-228.679  162.533       2.2094
-228.679  166.881       2.7873
-228.679  171.229       2.5639
-228.679  175.577       1.9608
-228.679  179.924       1.5825
-228.679  184.272       1.4774
-228.679  188.620       1.1276
-228.679  192.968       1.4774
-228.679  197.316       2.0327
-228.679  201.664       2.0641
-228.679  206.012       2.1891
-228.679  210.360       2.1507
-228.679  214.707       2.4309
-228.679  219.055       2.2745
-228.679  223.403       4.2168
-228.679  227.751       4.6300
-228.679  232.099       4.6300
-228.679  236.447       4.6300
-228.679  240.795       4.6300
-228.679  245.143       4.6300
-228.679  249.490       4.6300
-228.679  253.838       4.6300
-228.679  258.186       4.6300
-224.366 -172.253       4.6300
-224.366 -167.905       4.6300
-224.366 -163.557       4.6300
-224.366 -159.209       4.6300
-224.366 -154.862       4.6300
-224.366 -150.514       4.6300
-224.366 -146.166       4.6300
-224.366 -141.818       4.6300
-224.366 -137.470       4.6300
-224.366 -133.122       4.6300
-224.366 -128.774       4.6300
-224.366 -124.426       4.6300
-224.366 -120.079       4.6300
-224.366 -115.731       4.6300
-224.366 -111.383       3.3904
-224.366 -107.035       2.1507
-224.366 -102.687       2.2520
-224.366  -98.339       4.2168
-224.366  -93.991       4.6300
-224.366  -89.643       4.6300
-224.366  -85.296       4.6300
-224.366  -80.948       4.6300
-224.366  -76.600       4.6300
-224.366  -72.252       4.2168
-224.366  -67.904       2.9069
-224.366  -63.556       2.6024
-224.366  -59.208       2.1891
-224.366  -54.861       3.2573
-224.366  -50.513       3.0567
-224.366  -46.165       4.6300
-224.366  -41.817       3.5619
-224.366  -37.469       4.2168
-224.366  -33.121       3.2573
-224.366  -28.773       4.2168
-224.366  -24.425       4.6300
-224.366  -20.078       4.2168
-224.366  -15.730       3.8036
-224.366  -11.382       2.9069
-224.366   -7.034       3.3904
-224.366   -2.686       3.3904
-224.366    1.662       2.6024
-224.366    6.010       2.4309
-224.366   10.358       2.4309
-224.366   14.705       2.6877
-224.366   19.053       3.8036
-224.366   23.401       3.2573
-224.366   27.749       3.1486
-224.366   32.097       3.5619
-224.366   36.445       3.2573
-224.366   40.793       3.2573
-224.366   45.140       4.6300
-224.366   49.488       4.6300
-224.366   53.836       4.6300
-224.366   58.184       4.6300
-224.366   62.532       4.6300
-224.366   66.880       4.6300
-224.366   71.228       4.6300
-224.366   75.576       4.6300
-224.366   79.923       4.6300
-224.366   84.271       4.6300
-224.366   88.619       4.6300
-224.366   92.967       4.6300
-224.366   97.315       4.6300
-224.366  101.663       4.6300
-224.366  106.011       4.6300
-224.366  110.359       4.6300
-224.366  114.706       4.2168
-224.366  119.054       2.4937
-224.366  123.402       2.1891
-224.366  127.750       2.0972
-224.366  132.098       1.7564
-224.366  136.446       1.7374
-224.366  140.794       1.8612
-224.366  145.142       2.0482
-224.366  149.489       2.4309
-224.366  153.837       2.0482
-224.366  158.185       2.0029
-224.366  162.533       1.8065
-224.366  166.881       2.4309
-224.366  171.229       2.4309
-224.366  175.577       1.8387
-224.366  179.924       1.2794
-224.366  184.272       1.4538
-224.366  188.620       1.6350
-224.366  192.968       1.3196
-224.366  197.316       1.5683
-224.366  201.664       1.8171
-224.366  206.012       1.9745
-224.366  210.360       1.8499
-224.366  214.707       2.0805
-224.366  219.055       2.3475
-224.366  223.403       3.2573
-224.366  227.751       4.6300
-224.366  232.099       4.6300
-224.366  236.447       4.6300
-224.366  240.795       4.6300
-224.366  245.143       4.6300
-224.366  249.490       4.6300
-224.366  253.838       4.6300
-224.366  258.186       4.6300
-220.054 -172.253       4.6300
-220.054 -167.905       4.6300
-220.054 -163.557       4.6300
-220.054 -159.209       4.6300
-220.054 -154.862       4.6300
-220.054 -150.514       4.6300
-220.054 -146.166       4.6300
-220.054 -141.818       4.6300
-220.054 -137.470       4.6300
-220.054 -133.122       4.6300
-220.054 -128.774       4.6300
-220.054 -124.426       4.6300
-220.054 -120.079       4.6300
-220.054 -115.731       4.6300
-220.054 -111.383       2.6435
-220.054 -107.035       1.8065
-220.054 -102.687       2.5639
-220.054  -98.339       4.2168
-220.054  -93.991       4.6300
-220.054  -89.643       4.6300
-220.054  -85.296       4.6300
-220.054  -80.948       4.6300
-220.054  -76.600       4.6300
-220.054  -72.252       4.6300
-220.054  -67.904       3.5619
-220.054  -63.556       3.3904
-220.054  -59.208       3.1486
-220.054  -54.861       4.2168
-220.054  -50.513       3.8036
-220.054  -46.165       4.6300
-220.054  -41.817       4.6300
-220.054  -37.469       4.6300
-220.054  -33.121       4.2168
-220.054  -28.773       4.6300
-220.054  -24.425       4.6300
-220.054  -20.078       3.0567
-220.054  -15.730       3.8036
-220.054  -11.382       4.6300
-220.054   -7.034       4.6300
-220.054   -2.686       3.1486
-220.054    1.662       2.6435
-220.054    6.010       2.7354
-220.054   10.358       2.6877
-220.054   14.705       3.0567
-220.054   19.053       3.5619
-220.054   23.401       4.6300
-220.054   27.749       4.2168
-220.054   32.097       4.2168
-220.054   36.445       3.5619
-220.054   40.793       4.6300
-220.054   45.140       4.2168
-220.054   49.488       4.6300
-220.054   53.836       4.6300
-220.054   58.184       4.6300
-220.054   62.532       4.6300
-220.054   66.880       4.6300
-220.054   71.228       4.6300
-220.054   75.576       4.6300
-220.054   79.923       4.6300
-220.054   84.271       4.6300
-220.054   88.619       4.6300
-220.054   92.967       4.6300
-220.054   97.315       4.6300
-220.054  101.663       4.6300
-220.054  106.011       4.6300
-220.054  110.359       4.6300
-220.054  114.706       3.8036
-220.054  119.054       3.3904
-220.054  123.402       2.6024
-220.054  127.750       2.6435
-220.054  132.098       2.0482
-220.054  136.446       2.2978
-220.054  140.794       2.0805
-220.054  145.142       2.3740
-220.054  149.489       2.3475
-220.054  153.837       2.1145
-220.054  158.185       2.2978
-220.054  162.533       1.8967
-220.054  166.881       1.7759
-220.054  171.229       2.0641
-220.054  175.577       1.7759
-220.054  179.924       1.5276
-220.054  184.272       1.7661
-220.054  188.620       2.2978
-220.054  192.968       1.4310
-220.054  197.316       1.1912
-220.054  201.664       1.4366
-220.054  206.012       1.6590
-220.054  210.360       1.6044
-220.054  214.707       2.1696
-220.054  219.055       2.1507
-220.054  223.403       2.9069
-220.054  227.751       4.2168
-220.054  232.099       4.6300
-220.054  236.447       4.6300
-220.054  240.795       4.6300
-220.054  245.143       4.6300
-220.054  249.490       4.6300
-220.054  253.838       4.6300
-220.054  258.186       4.6300
-215.741 -172.253       4.6300
-215.741 -167.905       4.6300
-215.741 -163.557       4.6300
-215.741 -159.209       4.6300
-215.741 -154.862       4.6300
-215.741 -150.514       4.6300
-215.741 -146.166       4.6300
-215.741 -141.818       4.6300
-215.741 -137.470       4.6300
-215.741 -133.122       4.6300
-215.741 -128.774       4.6300
-215.741 -124.426       4.6300
-215.741 -120.079       4.6300
-215.741 -115.731       3.8036
-215.741 -111.383       2.1891
-215.741 -107.035       1.8728
-215.741 -102.687       2.4309
-215.741  -98.339       3.2573
-215.741  -93.991       4.6300
-215.741  -89.643       4.6300
-215.741  -85.296       4.6300
-215.741  -80.948       4.6300
-215.741  -76.600       4.6300
-215.741  -72.252       4.6300
-215.741  -67.904       4.2168
-215.741  -63.556       4.2168
-215.741  -59.208       4.6300
-215.741  -54.861       4.6300
-215.741  -50.513       4.6300
-215.741  -46.165       4.6300
-215.741  -41.817       4.6300
-215.741  -37.469       4.6300
-215.741  -33.121       4.6300
-215.741  -28.773       4.6300
-215.741  -24.425       3.5619
-215.741  -20.078       3.5619
-215.741  -15.730       4.6300
-215.741  -11.382       4.6300
-215.741   -7.034       4.6300
-215.741   -2.686       3.5619
-215.741    1.662       3.1486
-215.741    6.010       2.3475
-215.741   10.358       2.7354
-215.741   14.705       4.6300
-215.741   19.053       4.2168
-215.741   23.401       4.6300
-215.741   27.749       4.2168
-215.741   32.097       4.2168
-215.741   36.445       3.8036
-215.741   40.793       3.8036
-215.741   45.140       4.2168
-215.741   49.488       4.6300
-215.741   53.836       4.6300
-215.741   58.184       4.6300
-215.741   62.532       4.6300
-215.741   66.880       4.6300
-215.741   71.228       4.6300
-215.741   75.576       4.6300
-215.741   79.923       4.6300
-215.741   84.271       4.6300
-215.741   88.619       4.6300
-215.741   92.967       4.6300
-215.741   97.315       4.6300
-215.741  101.663       4.6300
-215.741  106.011       4.6300
-215.741  110.359       4.6300
-215.741  114.706       4.6300
-215.741  119.054       4.6300
-215.741  123.402       4.6300
-215.741  127.750       3.8036
-215.741  132.098       2.6024
-215.741  136.446       2.3222
-215.741  140.794       2.2520
-215.741  145.142       2.3222
-215.741  149.489       2.1145
-215.741  153.837       2.0972
-215.741  158.185       2.1323
-215.741  162.533       2.0327
-215.741  166.881       1.7374
-215.741  171.229       1.8967
-215.741  175.577       1.7661
-215.741  179.924       1.6926
-215.741  184.272       1.7101
-215.741  188.620       1.7961
-215.741  192.968       1.6272
-215.741  197.316       1.1912
-215.741  201.664       1.2969
-215.741  206.012       1.5897
-215.741  210.360       1.6044
-215.741  214.707       2.1696
-215.741  219.055       2.0805
-215.741  223.403       2.2520
-215.741  227.751       3.8036
-215.741  232.099       4.6300
-215.741  236.447       4.6300
-215.741  240.795       4.6300
-215.741  245.143       4.6300
-215.741  249.490       4.6300
-215.741  253.838       4.6300
-215.741  258.186       4.6300
-211.428 -172.253       4.6300
-211.428 -167.905       4.6300
-211.428 -163.557       4.6300
-211.428 -159.209       4.6300
-211.428 -154.862       4.6300
-211.428 -150.514       4.6300
-211.428 -146.166       4.6300
-211.428 -141.818       4.6300
-211.428 -137.470       4.6300
-211.428 -133.122       4.6300
-211.428 -128.774       4.6300
-211.428 -124.426       4.6300
-211.428 -120.079       4.6300
-211.428 -115.731       2.9069
-211.428 -111.383       2.2303
-211.428 -107.035       2.0972
-211.428 -102.687       2.4614
-211.428  -98.339       2.7354
-211.428  -93.991       3.2573
-211.428  -89.643       4.6300
-211.428  -85.296       4.6300
-211.428  -80.948       4.6300
-211.428  -76.600       4.6300
-211.428  -72.252       4.6300
-211.428  -67.904       4.6300
-211.428  -63.556       4.6300
-211.428  -59.208       4.6300
-211.428  -54.861       4.6300
-211.428  -50.513       4.6300
-211.428  -46.165       4.6300
-211.428  -41.817       4.6300
-211.428  -37.469       4.6300
-211.428  -33.121       4.6300
-211.428  -28.773       4.2168
-211.428  -24.425       4.6300
-211.428  -20.078       3.8036
-211.428  -15.730       4.6300
-211.428  -11.382       4.6300
-211.428   -7.034       4.6300
-211.428   -2.686       3.8036
-211.428    1.662       2.7873
-211.428    6.010       3.8036
-211.428   10.358       4.2168
-211.428   14.705       4.2168
-211.428   19.053       3.3904
-211.428   23.401       4.6300
-211.428   27.749       4.6300
-211.428   32.097       3.8036
-211.428   36.445       3.3904
-211.428   40.793       3.5619
-211.428   45.140       3.8036
-211.428   49.488       4.6300
-211.428   53.836       4.6300
-211.428   58.184       4.6300
-211.428   62.532       4.6300
-211.428   66.880       4.6300
-211.428   71.228       4.6300
-211.428   75.576       4.6300
-211.428   79.923       4.6300
-211.428   84.271       4.6300
-211.428   88.619       4.6300
-211.428   92.967       4.6300
-211.428   97.315       4.6300
-211.428  101.663       4.6300
-211.428  106.011       4.6300
-211.428  110.359       4.6300
-211.428  114.706       4.6300
-211.428  119.054       4.6300
-211.428  123.402       4.6300
-211.428  127.750       4.2168
-211.428  132.098       2.7873
-211.428  136.446       2.4937
-211.428  140.794       2.5278
-211.428  145.142       2.0972
-211.428  149.489       1.9608
-211.428  153.837       2.3740
-211.428  158.185       2.1507
-211.428  162.533       1.7564
-211.428  166.881       1.8846
-211.428  171.229       1.7661
-211.428  175.577       2.1145
-211.428  179.924       1.8387
-211.428  184.272       1.9089
-211.428  188.620       1.5897
-211.428  192.968       1.4423
-211.428  197.316       1.2257
-211.428  201.664       1.2794
-211.428  206.012       1.3627
-211.428  210.360       1.7374
-211.428  214.707       2.2978
-211.428  219.055       2.4937
-211.428  223.403       2.6435
-211.428  227.751       3.5619
-211.428  232.099       4.6300
-211.428  236.447       4.6300
-211.428  240.795       4.6300
-211.428  245.143       4.6300
-211.428  249.490       4.6300
-211.428  253.838       4.6300
-211.428  258.186       4.6300
-207.116 -172.253       4.6300
-207.116 -167.905       4.6300
-207.116 -163.557       4.6300
-207.116 -159.209       4.6300
-207.116 -154.862       4.6300
-207.116 -150.514       4.6300
-207.116 -146.166       4.6300
-207.116 -141.818       4.6300
-207.116 -137.470       4.6300
-207.116 -133.122       4.6300
-207.116 -128.774       4.2168
-207.116 -124.426       4.6300
-207.116 -120.079       4.2168
-207.116 -115.731       2.9771
-207.116 -111.383       2.6877
-207.116 -107.035       2.3740
-207.116 -102.687       1.8612
-207.116  -98.339       2.0972
-207.116  -93.991       3.8036
-207.116  -89.643       4.2168
-207.116  -85.296       4.6300
-207.116  -80.948       4.6300
-207.116  -76.600       4.6300
-207.116  -72.252       4.6300
-207.116  -67.904       4.6300
-207.116  -63.556       4.6300
-207.116  -59.208       4.6300
-207.116  -54.861       4.6300
-207.116  -50.513       4.6300
-207.116  -46.165       4.6300
-207.116  -41.817       4.6300
-207.116  -37.469       4.6300
-207.116  -33.121       4.6300
-207.116  -28.773       4.6300
-207.116  -24.425       4.6300
-207.116  -20.078       3.3904
-207.116  -15.730       3.2573
-207.116  -11.382       3.8036
-207.116   -7.034       4.2168
-207.116   -2.686       4.6300
-207.116    1.662       4.6300
-207.116    6.010       4.2168
-207.116   10.358       3.2573
-207.116   14.705       3.5619
-207.116   19.053       4.6300
-207.116   23.401       4.6300
-207.116   27.749       3.3904
-207.116   32.097       3.8036
-207.116   36.445       4.6300
-207.116   40.793       3.5619
-207.116   45.140       4.6300
-207.116   49.488       4.6300
-207.116   53.836       4.6300
-207.116   58.184       4.6300
-207.116   62.532       4.6300
-207.116   66.880       4.6300
-207.116   71.228       3.8036
-207.116   75.576       3.5619
-207.116   79.923       3.2573
-207.116   84.271       3.5619
-207.116   88.619       4.2168
-207.116   92.967       4.6300
-207.116   97.315       4.6300
-207.116  101.663       4.6300
-207.116  106.011       4.6300
-207.116  110.359       4.6300
-207.116  114.706       4.6300
-207.116  119.054       4.6300
-207.116  123.402       4.6300
-207.116  127.750       4.6300
-207.116  132.098       2.7873
-207.116  136.446       2.5278
-207.116  140.794       2.2978
-207.116  145.142       2.0176
-207.116  149.489       1.9886
-207.116  153.837       2.0972
-207.116  158.185       2.1507
-207.116  162.533       1.7859
-207.116  166.881       1.6429
-207.116  171.229       1.8846
-207.116  175.577       1.8612
-207.116  179.924       1.6272
-207.116  184.272       2.0176
-207.116  188.620       1.8967
-207.116  192.968       1.6119
-207.116  197.316       1.8278
-207.116  201.664       1.3881
-207.116  206.012       1.4596
-207.116  210.360       1.7282
-207.116  214.707       2.3740
-207.116  219.055       2.4937
-207.116  223.403       2.4614
-207.116  227.751       3.0567
-207.116  232.099       4.6300
-207.116  236.447       4.6300
-207.116  240.795       4.6300
-207.116  245.143       4.6300
-207.116  249.490       4.6300
-207.116  253.838       4.6300
-207.116  258.186       4.6300
-202.803 -172.253       4.6300
-202.803 -167.905       4.6300
-202.803 -163.557       4.6300
-202.803 -159.209       4.6300
-202.803 -154.862       4.6300
-202.803 -150.514       4.6300
-202.803 -146.166       4.6300
-202.803 -141.818       4.6300
-202.803 -137.470       3.5619
-202.803 -133.122       3.2573
-202.803 -128.774       3.0567
-202.803 -124.426       2.9771
-202.803 -120.079       3.2573
-202.803 -115.731       2.7873
-202.803 -111.383       2.4614
-202.803 -107.035       1.9886
-202.803 -102.687       2.0029
-202.803  -98.339       2.8441
-202.803  -93.991       4.2168
-202.803  -89.643       3.0567
-202.803  -85.296       4.2168
-202.803  -80.948       4.6300
-202.803  -76.600       4.6300
-202.803  -72.252       4.6300
-202.803  -67.904       4.6300
-202.803  -63.556       4.6300
-202.803  -59.208       4.6300
-202.803  -54.861       4.6300
-202.803  -50.513       4.6300
-202.803  -46.165       4.6300
-202.803  -41.817       4.6300
-202.803  -37.469       4.6300
-202.803  -33.121       4.6300
-202.803  -28.773       4.6300
-202.803  -24.425       3.5619
-202.803  -20.078       3.3904
-202.803  -15.730       2.8441
-202.803  -11.382       2.9069
-202.803   -7.034       3.3904
-202.803   -2.686       3.1486
-202.803    1.662       3.2573
-202.803    6.010       3.1486
-202.803   10.358       4.2168
-202.803   14.705       3.8036
-202.803   19.053       3.3904
-202.803   23.401       2.6877
-202.803   27.749       2.9771
-202.803   32.097       3.0567
-202.803   36.445       4.2168
-202.803   40.793       3.8036
-202.803   45.140       4.2168
-202.803   49.488       4.6300
-202.803   53.836       4.6300
-202.803   58.184       4.6300
-202.803   62.532       4.6300
-202.803   66.880       4.6300
-202.803   71.228       4.2168
-202.803   75.576       2.7873
-202.803   79.923       2.9771
-202.803   84.271       3.1486
-202.803   88.619       2.7354
-202.803   92.967       3.3904
-202.803   97.315       4.6300
-202.803  101.663       4.2168
-202.803  106.011       4.6300
-202.803  110.359       4.6300
-202.803  114.706       4.6300
-202.803  119.054       4.6300
-202.803  123.402       4.6300
-202.803  127.750       4.6300
-202.803  132.098       2.8441
-202.803  136.446       2.8441
-202.803  140.794       2.8441
-202.803  145.142       2.6435
-202.803  149.489       2.4309
-202.803  153.837       2.3740
-202.803  158.185       2.7354
-202.803  162.533       2.1891
-202.803  166.881       1.9886
-202.803  171.229       1.8612
-202.803  175.577       2.0176
-202.803  179.924       2.1891
-202.803  184.272       2.2745
-202.803  188.620       2.2520
-202.803  192.968       1.9886
-202.803  197.316       1.9886
-202.803  201.664       1.8065
-202.803  206.012       1.4834
-202.803  210.360       1.4038
-202.803  214.707       2.0176
-202.803  219.055       2.3740
-202.803  223.403       3.2573
-202.803  227.751       3.8036
-202.803  232.099       3.8036
-202.803  236.447       4.6300
-202.803  240.795       4.6300
-202.803  245.143       4.6300
-202.803  249.490       4.6300
-202.803  253.838       4.6300
-202.803  258.186       4.6300
-198.490 -172.253       4.6300
-198.490 -167.905       4.6300
-198.490 -163.557       4.6300
-198.490 -159.209       4.6300
-198.490 -154.862       4.6300
-198.490 -150.514       4.6300
-198.490 -146.166       4.6300
-198.490 -141.818       4.6300
-198.490 -137.470       4.2168
-198.490 -133.122       3.1486
-198.490 -128.774       3.5619
-198.490 -124.426       2.9771
-198.490 -120.079       2.9069
-198.490 -115.731       2.8441
-198.490 -111.383       1.9886
-198.490 -107.035       1.8065
-198.490 -102.687       2.0029
-198.490  -98.339       2.4614
-198.490  -93.991       3.2573
-198.490  -89.643       3.0567
-198.490  -85.296       4.6300
-198.490  -80.948       3.3904
-198.490  -76.600       4.6300
-198.490  -72.252       4.6300
-198.490  -67.904       4.6300
-198.490  -63.556       4.6300
-198.490  -59.208       4.6300
-198.490  -54.861       4.6300
-198.490  -50.513       4.6300
-198.490  -46.165       4.6300
-198.490  -41.817       4.6300
-198.490  -37.469       4.6300
-198.490  -33.121       4.6300
-198.490  -28.773       4.6300
-198.490  -24.425       4.2168
-198.490  -20.078       2.7873
-198.490  -15.730       2.7873
-198.490  -11.382       3.0567
-198.490   -7.034       4.2168
-198.490   -2.686       3.5619
-198.490    1.662       3.5619
-198.490    6.010       2.3740
-198.490   10.358       3.5619
-198.490   14.705       4.2168
-198.490   19.053       3.8036
-198.490   23.401       3.1486
-198.490   27.749       3.1486
-198.490   32.097       4.2168
-198.490   36.445       3.3904
-198.490   40.793       4.6300
-198.490   45.140       4.6300
-198.490   49.488       4.6300
-198.490   53.836       4.6300
-198.490   58.184       4.6300
-198.490   62.532       4.6300
-198.490   66.880       4.6300
-198.490   71.228       4.6300
-198.490   75.576       2.7873
-198.490   79.923       2.5639
-198.490   84.271       3.0567
-198.490   88.619       2.6435
-198.490   92.967       3.8036
-198.490   97.315       3.5619
-198.490  101.663       3.1486
-198.490  106.011       4.6300
-198.490  110.359       4.6300
-198.490  114.706       4.6300
-198.490  119.054       4.6300
-198.490  123.402       4.2168
-198.490  127.750       3.3904
-198.490  132.098       2.6877
-198.490  136.446       3.0567
-198.490  140.794       2.7873
-198.490  145.142       2.6435
-198.490  149.489       3.0567
-198.490  153.837       2.5639
-198.490  158.185       2.5639
-198.490  162.533       2.2520
-198.490  166.881       2.1323
-198.490  171.229       1.9215
-198.490  175.577       2.2520
-198.490  179.924       2.1145
-198.490  184.272       1.9745
-198.490  188.620       2.1696
-198.490  192.968       2.0327
-198.490  197.316       1.8612
-198.490  201.664       1.8967
-198.490  206.012       1.6590
-198.490  210.360       1.4655
-198.490  214.707       1.5753
-198.490  219.055       2.3740
-198.490  223.403       2.9069
-198.490  227.751       3.0567
-198.490  232.099       3.3904
-198.490  236.447       4.6300
-198.490  240.795       4.6300
-198.490  245.143       4.6300
-198.490  249.490       4.6300
-198.490  253.838       4.6300
-198.490  258.186       4.6300
-194.178 -172.253       4.6300
-194.178 -167.905       4.6300
-194.178 -163.557       4.6300
-194.178 -159.209       4.6300
-194.178 -154.862       4.6300
-194.178 -150.514       4.6300
-194.178 -146.166       4.6300
-194.178 -141.818       4.2168
-194.178 -137.470       4.6300
-194.178 -133.122       3.5619
-194.178 -128.774       3.2573
-194.178 -124.426       2.8441
-194.178 -120.079       2.7354
-194.178 -115.731       2.4018
-194.178 -111.383       2.1323
-194.178 -107.035       1.8499
-194.178 -102.687       1.8612
-194.178  -98.339       2.7354
-194.178  -93.991       3.0567
-194.178  -89.643       3.8036
-194.178  -85.296       4.2168
-194.178  -80.948       2.7354
-194.178  -76.600       4.2168
-194.178  -72.252       4.6300
-194.178  -67.904       4.6300
-194.178  -63.556       4.6300
-194.178  -59.208       4.6300
-194.178  -54.861       4.6300
-194.178  -50.513       4.6300
-194.178  -46.165       4.6300
-194.178  -41.817       4.6300
-194.178  -37.469       4.6300
-194.178  -33.121       4.6300
-194.178  -28.773       4.6300
-194.178  -24.425       4.6300
-194.178  -20.078       2.6024
-194.178  -15.730       2.9069
-194.178  -11.382       3.1486
-194.178   -7.034       4.6300
-194.178   -2.686       3.5619
-194.178    1.662       3.0567
-194.178    6.010       3.0567
-194.178   10.358       3.3904
-194.178   14.705       4.6300
-194.178   19.053       3.2573
-194.178   23.401       3.8036
-194.178   27.749       3.5619
-194.178   32.097       3.5619
-194.178   36.445       3.1486
-194.178   40.793       4.2168
-194.178   45.140       4.6300
-194.178   49.488       4.6300
-194.178   53.836       4.6300
-194.178   58.184       4.6300
-194.178   62.532       4.6300
-194.178   66.880       4.6300
-194.178   71.228       3.5619
-194.178   75.576       2.5639
-194.178   79.923       2.9069
-194.178   84.271       2.6024
-194.178   88.619       2.6877
-194.178   92.967       2.9771
-194.178   97.315       3.2573
-194.178  101.663       3.8036
-194.178  106.011       4.2168
-194.178  110.359       4.6300
-194.178  114.706       4.6300
-194.178  119.054       4.6300
-194.178  123.402       3.5619
-194.178  127.750       3.5619
-194.178  132.098       2.7873
-194.178  136.446       2.7354
-194.178  140.794       2.7354
-194.178  145.142       2.9771
-194.178  149.489       2.6877
-194.178  153.837       3.3904
-194.178  158.185       3.2573
-194.178  162.533       2.7873
-194.178  166.881       2.4614
-194.178  171.229       2.1696
-194.178  175.577       2.1891
-194.178  179.924       2.1891
-194.178  184.272       2.4309
-194.178  188.620       2.3740
-194.178  192.968       1.7101
-194.178  197.316       1.5211
-194.178  201.664       1.6350
-194.178  206.012       1.9215
-194.178  210.360       1.4310
-194.178  214.707       1.4200
-194.178  219.055       1.7759
-194.178  223.403       1.9608
-194.178  227.751       2.7354
-194.178  232.099       4.6300
-194.178  236.447       4.6300
-194.178  240.795       4.6300
-194.178  245.143       4.6300
-194.178  249.490       4.6300
-194.178  253.838       4.6300
-194.178  258.186       4.6300
-189.865 -172.253       4.6300
-189.865 -167.905       4.6300
-189.865 -163.557       4.6300
-189.865 -159.209       4.6300
-189.865 -154.862       4.6300
-189.865 -150.514       4.6300
-189.865 -146.166       4.6300
-189.865 -141.818       4.6300
-189.865 -137.470       3.0567
-189.865 -133.122       4.2168
-189.865 -128.774       2.0482
-189.865 -124.426       2.0029
-189.865 -120.079       2.0327
-189.865 -115.731       2.0029
-189.865 -111.383       1.7282
-189.865 -107.035       1.6044
-189.865 -102.687       1.7661
-189.865  -98.339       2.2520
-189.865  -93.991       2.8441
-189.865  -89.643       2.9771
-189.865  -85.296       3.1486
-189.865  -80.948       2.8441
-189.865  -76.600       4.2168
-189.865  -72.252       4.6300
-189.865  -67.904       4.6300
-189.865  -63.556       4.6300
-189.865  -59.208       4.6300
-189.865  -54.861       4.6300
-189.865  -50.513       4.6300
-189.865  -46.165       4.6300
-189.865  -41.817       4.6300
-189.865  -37.469       4.6300
-189.865  -33.121       4.6300
-189.865  -28.773       4.6300
-189.865  -24.425       3.8036
-189.865  -20.078       2.9069
-189.865  -15.730       2.7354
-189.865  -11.382       4.6300
-189.865   -7.034       4.6300
-189.865   -2.686       3.5619
-189.865    1.662       3.3904
-189.865    6.010       4.2168
-189.865   10.358       4.6300
-189.865   14.705       3.3904
-189.865   19.053       2.8441
-189.865   23.401       3.3904
-189.865   27.749       4.2168
-189.865   32.097       4.2168
-189.865   36.445       3.1486
-189.865   40.793       4.2168
-189.865   45.140       4.6300
-189.865   49.488       4.6300
-189.865   53.836       4.6300
-189.865   58.184       4.6300
-189.865   62.532       4.6300
-189.865   66.880       4.6300
-189.865   71.228       3.8036
-189.865   75.576       2.7354
-189.865   79.923       2.5639
-189.865   84.271       2.6024
-189.865   88.619       2.7873
-189.865   92.967       3.1486
-189.865   97.315       3.8036
-189.865  101.663       4.6300
-189.865  106.011       4.6300
-189.865  110.359       4.2168
-189.865  114.706       4.6300
-189.865  119.054       4.2168
-189.865  123.402       2.9069
-189.865  127.750       2.7873
-189.865  132.098       2.9771
-189.865  136.446       3.8036
-189.865  140.794       3.2573
-189.865  145.142       3.5619
-189.865  149.489       2.6877
-189.865  153.837       2.7873
-189.865  158.185       3.1486
-189.865  162.533       2.9771
-189.865  166.881       3.0567
-189.865  171.229       2.8441
-189.865  175.577       2.4937
-189.865  179.924       2.3740
-189.865  184.272       2.0327
-189.865  188.620       1.8171
-189.865  192.968       1.5276
-189.865  197.316       1.4774
-189.865  201.664       1.6272
-189.865  206.012       2.6877
-189.865  210.360       1.7859
-189.865  214.707       1.8728
-189.865  219.055       1.6672
-189.865  223.403       1.7282
-189.865  227.751       2.0029
-189.865  232.099       4.2168
-189.865  236.447       4.6300
-189.865  240.795       4.6300
-189.865  245.143       4.6300
-189.865  249.490       4.6300
-189.865  253.838       4.6300
-189.865  258.186       4.6300
-185.552 -172.253       4.6300
-185.552 -167.905       4.6300
-185.552 -163.557       4.6300
-185.552 -159.209       4.6300
-185.552 -154.862       4.6300
-185.552 -150.514       4.6300
-185.552 -146.166       4.6300
-185.552 -141.818       4.2168
-185.552 -137.470       3.0567
-185.552 -133.122       2.5639
-185.552 -128.774       2.0641
-185.552 -124.426       1.6509
-185.552 -120.079       1.7661
-185.552 -115.731       1.6590
-185.552 -111.383       1.6044
-185.552 -107.035       1.5897
-185.552 -102.687       1.3985
-185.552  -98.339       1.5211
-185.552  -93.991       2.2745
-185.552  -89.643       3.0567
-185.552  -85.296       2.8441
-185.552  -80.948       3.0567
-185.552  -76.600       4.6300
-185.552  -72.252       4.6300
-185.552  -67.904       4.6300
-185.552  -63.556       3.8036
-185.552  -59.208       4.6300
-185.552  -54.861       4.6300
-185.552  -50.513       4.6300
-185.552  -46.165       4.6300
-185.552  -41.817       4.6300
-185.552  -37.469       4.6300
-185.552  -33.121       4.6300
-185.552  -28.773       4.6300
-185.552  -24.425       4.6300
-185.552  -20.078       3.1486
-185.552  -15.730       3.1486
-185.552  -11.382       4.6300
-185.552   -7.034       4.2168
-185.552   -2.686       4.6300
-185.552    1.662       4.6300
-185.552    6.010       4.6300
-185.552   10.358       4.6300
-185.552   14.705       4.6300
-185.552   19.053       3.2573
-185.552   23.401       3.2573
-185.552   27.749       4.6300
-185.552   32.097       3.8036
-185.552   36.445       3.5619
-185.552   40.793       4.6300
-185.552   45.140       4.6300
-185.552   49.488       4.6300
-185.552   53.836       4.6300
-185.552   58.184       4.6300
-185.552   62.532       4.6300
-185.552   66.880       4.6300
-185.552   71.228       4.6300
-185.552   75.576       3.3904
-185.552   79.923       3.1486
-185.552   84.271       3.1486
-185.552   88.619       4.6300
-185.552   92.967       4.2168
-185.552   97.315       3.5619
-185.552  101.663       2.4937
-185.552  106.011       3.2573
-185.552  110.359       3.2573
-185.552  114.706       3.5619
-185.552  119.054       3.3904
-185.552  123.402       3.2573
-185.552  127.750       2.8441
-185.552  132.098       3.3904
-185.552  136.446       4.6300
-185.552  140.794       4.6300
-185.552  145.142       4.6300
-185.552  149.489       3.2573
-185.552  153.837       3.0567
-185.552  158.185       2.7873
-185.552  162.533       3.8036
-185.552  166.881       4.6300
-185.552  171.229       4.2168
-185.552  175.577       3.5619
-185.552  179.924       2.4937
-185.552  184.272       1.1801
-185.552  188.620       0.6018
-185.552  192.968       0.7331
-185.552  197.316       1.4255
-185.552  201.664       2.1507
-185.552  206.012       3.1486
-185.552  210.360       3.2573
-185.552  214.707       2.0805
-185.552  219.055       1.5146
-185.552  223.403       1.6509
-185.552  227.751       2.0482
-185.552  232.099       3.0567
-185.552  236.447       4.6300
-185.552  240.795       4.6300
-185.552  245.143       4.6300
-185.552  249.490       4.6300
-185.552  253.838       4.6300
-185.552  258.186       4.6300
-181.240 -172.253       4.6300
-181.240 -167.905       4.6300
-181.240 -163.557       4.6300
-181.240 -159.209       4.6300
-181.240 -154.862       4.6300
-181.240 -150.514       4.6300
-181.240 -146.166       4.6300
-181.240 -141.818       4.2168
-181.240 -137.470       2.7873
-181.240 -133.122       2.2094
-181.240 -128.774       2.0029
-181.240 -124.426       1.7191
-181.240 -120.079       1.6272
-181.240 -115.731       1.3677
-181.240 -111.383       1.1550
-181.240 -107.035       0.9827
-181.240 -102.687       0.8305
-181.240  -98.339       0.9748
-181.240  -93.991       1.3933
-181.240  -89.643       2.1145
-181.240  -85.296       2.7873
-181.240  -80.948       4.6300
-181.240  -76.600       3.3904
-181.240  -72.252       4.6300
-181.240  -67.904       4.6300
-181.240  -63.556       3.3904
-181.240  -59.208       3.3904
-181.240  -54.861       4.6300
-181.240  -50.513       4.6300
-181.240  -46.165       4.6300
-181.240  -41.817       4.6300
-181.240  -37.469       4.6300
-181.240  -33.121       4.6300
-181.240  -28.773       4.6300
-181.240  -24.425       4.6300
-181.240  -20.078       4.2168
-181.240  -15.730       3.8036
-181.240  -11.382       4.6300
-181.240   -7.034       4.6300
-181.240   -2.686       4.6300
-181.240    1.662       4.6300
-181.240    6.010       4.6300
-181.240   10.358       4.6300
-181.240   14.705       4.6300
-181.240   19.053       3.8036
-181.240   23.401       2.9771
-181.240   27.749       4.6300
-181.240   32.097       4.6300
-181.240   36.445       4.6300
-181.240   40.793       4.6300
-181.240   45.140       4.6300
-181.240   49.488       4.6300
-181.240   53.836       4.6300
-181.240   58.184       4.6300
-181.240   62.532       4.6300
-181.240   66.880       4.6300
-181.240   71.228       4.6300
-181.240   75.576       3.8036
-181.240   79.923       3.8036
-181.240   84.271       4.2168
-181.240   88.619       3.8036
-181.240   92.967       4.6300
-181.240   97.315       4.6300
-181.240  101.663       2.7354
-181.240  106.011       2.9771
-181.240  110.359       2.2978
-181.240  114.706       2.8441
-181.240  119.054       2.9771
-181.240  123.402       2.4309
-181.240  127.750       2.7873
-181.240  132.098       3.3904
-181.240  136.446       3.8036
-181.240  140.794       4.6300
-181.240  145.142       4.6300
-181.240  149.489       4.6300
-181.240  153.837       4.6300
-181.240  158.185       4.6300
-181.240  162.533       4.6300
-181.240  166.881       4.6300
-181.240  171.229       4.6300
-181.240  175.577       3.2573
-181.240  179.924       1.8065
-181.240  184.272       0.7012
-181.240  188.620       0.1035
-181.240  192.968       0.0506
-181.240  197.316       0.8125
-181.240  201.664       1.6350
-181.240  206.012       1.7468
-181.240  210.360       2.4614
-181.240  214.707       1.9745
-181.240  219.055       1.6509
-181.240  223.403       1.3627
-181.240  227.751       1.9608
-181.240  232.099       3.8036
-181.240  236.447       4.6300
-181.240  240.795       4.6300
-181.240  245.143       4.6300
-181.240  249.490       4.6300
-181.240  253.838       4.6300
-181.240  258.186       4.6300
-176.927 -172.253       4.6300
-176.927 -167.905       4.6300
-176.927 -163.557       4.6300
-176.927 -159.209       4.6300
-176.927 -154.862       4.6300
-176.927 -150.514       4.6300
-176.927 -146.166       4.6300
-176.927 -141.818       3.1486
-176.927 -137.470       2.4614
-176.927 -133.122       1.7961
-176.927 -128.774       1.3829
-176.927 -124.426       1.3242
-176.927 -120.079       1.2666
-176.927 -115.731       1.1912
-176.927 -111.383       1.0234
-176.927 -107.035       0.9063
-176.927 -102.687       0.6930
-176.927  -98.339       0.7297
-176.927  -93.991       1.2582
-176.927  -89.643       1.5211
-176.927  -85.296       2.5278
-176.927  -80.948       4.2168
-176.927  -76.600       3.2573
-176.927  -72.252       2.7354
-176.927  -67.904       2.7873
-176.927  -63.556       2.9771
-176.927  -59.208       3.5619
-176.927  -54.861       4.6300
-176.927  -50.513       4.6300
-176.927  -46.165       4.6300
-176.927  -41.817       4.6300
-176.927  -37.469       4.6300
-176.927  -33.121       4.6300
-176.927  -28.773       4.6300
-176.927  -24.425       4.6300
-176.927  -20.078       4.2168
-176.927  -15.730       4.6300
-176.927  -11.382       4.6300
-176.927   -7.034       4.6300
-176.927   -2.686       4.6300
-176.927    1.662       4.6300
-176.927    6.010       4.6300
-176.927   10.358       4.6300
-176.927   14.705       4.6300
-176.927   19.053       4.6300
-176.927   23.401       3.0567
-176.927   27.749       3.3904
-176.927   32.097       4.6300
-176.927   36.445       3.0567
-176.927   40.793       2.6877
-176.927   45.140       4.6300
-176.927   49.488       4.6300
-176.927   53.836       4.6300
-176.927   58.184       4.6300
-176.927   62.532       4.6300
-176.927   66.880       4.6300
-176.927   71.228       4.6300
-176.927   75.576       4.2168
-176.927   79.923       3.8036
-176.927   84.271       4.6300
-176.927   88.619       4.2168
-176.927   92.967       3.8036
-176.927   97.315       2.9069
-176.927  101.663       2.7873
-176.927  106.011       2.6024
-176.927  110.359       2.5278
-176.927  114.706       2.7873
-176.927  119.054       2.9771
-176.927  123.402       2.3740
-176.927  127.750       3.0567
-176.927  132.098       2.9771
-176.927  136.446       4.2168
-176.927  140.794       4.6300
-176.927  145.142       4.6300
-176.927  149.489       4.6300
-176.927  153.837       4.6300
-176.927  158.185       4.6300
-176.927  162.533       4.6300
-176.927  166.881       4.6300
-176.927  171.229       4.6300
-176.927  175.577       4.6300
-176.927  179.924       1.7468
-176.927  184.272       0.9800
-176.927  188.620       0.5501
-176.927  192.968       0.4931
-176.927  197.316       0.8325
-176.927  201.664       0.9853
-176.927  206.012       0.6818
-176.927  210.360       1.1144
-176.927  214.707       1.7013
-176.927  219.055       1.7282
-176.927  223.403       1.5683
-176.927  227.751       1.6672
-176.927  232.099       3.1486
-176.927  236.447       4.6300
-176.927  240.795       4.6300
-176.927  245.143       4.6300
-176.927  249.490       4.6300
-176.927  253.838       4.6300
-176.927  258.186       4.6300
-172.614 -172.253       4.6300
-172.614 -167.905       4.6300
-172.614 -163.557       4.6300
-172.614 -159.209       4.6300
-172.614 -154.862       4.6300
-172.614 -150.514       4.6300
-172.614 -146.166       4.6300
-172.614 -141.818       4.6300
-172.614 -137.470       2.1145
-172.614 -133.122       1.2881
-172.614 -128.774       1.0405
-172.614 -124.426       1.4366
-172.614 -120.079       1.1481
-172.614 -115.731       1.0825
-172.614 -111.383       0.8046
-172.614 -107.035       0.7798
-172.614 -102.687       0.7632
-172.614  -98.339       0.6288
-172.614  -93.991       0.9570
-172.614  -89.643       1.1243
-172.614  -85.296       1.8065
-172.614  -80.948       2.6877
-172.614  -76.600       3.5619
-172.614  -72.252       2.5278
-172.614  -67.904       2.6435
-172.614  -63.556       2.7354
-172.614  -59.208       3.2573
-172.614  -54.861       3.8036
-172.614  -50.513       4.6300
-172.614  -46.165       4.6300
-172.614  -41.817       4.6300
-172.614  -37.469       4.6300
-172.614  -33.121       4.6300
-172.614  -28.773       4.6300
-172.614  -24.425       4.6300
-172.614  -20.078       4.6300
-172.614  -15.730       4.6300
-172.614  -11.382       4.6300
-172.614   -7.034       4.6300
-172.614   -2.686       4.6300
-172.614    1.662       4.6300
-172.614    6.010       4.6300
-172.614   10.358       4.6300
-172.614   14.705       4.6300
-172.614   19.053       4.6300
-172.614   23.401       3.5619
-172.614   27.749       2.8441
-172.614   32.097       3.1486
-172.614   36.445       2.9771
-172.614   40.793       2.8441
-172.614   45.140       2.9069
-172.614   49.488       3.5619
-172.614   53.836       4.2168
-172.614   58.184       4.2168
-172.614   62.532       4.6300
-172.614   66.880       4.6300
-172.614   71.228       4.6300
-172.614   75.576       4.6300
-172.614   79.923       4.6300
-172.614   84.271       4.6300
-172.614   88.619       3.8036
-172.614   92.967       3.5619
-172.614   97.315       3.5619
-172.614  101.663       3.5619
-172.614  106.011       2.9771
-172.614  110.359       3.1486
-172.614  114.706       3.1486
-172.614  119.054       2.5639
-172.614  123.402       2.3475
-172.614  127.750       2.4309
-172.614  132.098       2.8441
-172.614  136.446       3.8036
-172.614  140.794       4.6300
-172.614  145.142       4.6300
-172.614  149.489       4.6300
-172.614  153.837       4.6300
-172.614  158.185       4.6300
-172.614  162.533       4.6300
-172.614  166.881       4.6300
-172.614  171.229       4.6300
-172.614  175.577       3.2573
-172.614  179.924       2.1507
-172.614  184.272       1.5409
-172.614  188.620       1.3289
-172.614  192.968       1.1875
-172.614  197.316       1.1014
-172.614  201.664       0.7988
-172.614  206.012       0.2437
-172.614  210.360       0.2522
-172.614  214.707       1.0013
-172.614  219.055       1.5970
-172.614  223.403       1.7013
-172.614  227.751       1.7564
-172.614  232.099       2.0327
-172.614  236.447       3.3904
-172.614  240.795       4.6300
-172.614  245.143       4.6300
-172.614  249.490       4.6300
-172.614  253.838       4.6300
-172.614  258.186       4.6300
-168.301 -172.253       4.6300
-168.301 -167.905       4.6300
-168.301 -163.557       4.6300
-168.301 -159.209       4.6300
-168.301 -154.862       4.6300
-168.301 -150.514       4.6300
-168.301 -146.166       3.5619
-168.301 -141.818       2.3740
-168.301 -137.470       1.7961
-168.301 -133.122       1.2582
-168.301 -128.774       1.2179
-168.301 -124.426       1.5020
-168.301 -120.079       1.1657
-168.301 -115.731       1.0763
-168.301 -111.383       0.9157
-168.301 -107.035       0.7383
-168.301 -102.687       0.6390
-168.301  -98.339       0.5400
-168.301  -93.991       0.6802
-168.301  -89.643       1.1210
-168.301  -85.296       1.3528
-168.301  -80.948       3.0567
-168.301  -76.600       4.2168
-168.301  -72.252       2.9771
-168.301  -67.904       2.9069
-168.301  -63.556       2.9771
-168.301  -59.208       4.2168
-168.301  -54.861       4.6300
-168.301  -50.513       4.6300
-168.301  -46.165       4.6300
-168.301  -41.817       4.6300
-168.301  -37.469       4.6300
-168.301  -33.121       4.6300
-168.301  -28.773       4.6300
-168.301  -24.425       4.6300
-168.301  -20.078       4.6300
-168.301  -15.730       4.6300
-168.301  -11.382       4.6300
-168.301   -7.034       4.6300
-168.301   -2.686       4.6300
-168.301    1.662       4.6300
-168.301    6.010       4.6300
-168.301   10.358       4.2168
-168.301   14.705       4.2168
-168.301   19.053       3.5619
-168.301   23.401       3.3904
-168.301   27.749       2.9771
-168.301   32.097       3.5619
-168.301   36.445       3.2573
-168.301   40.793       2.9771
-168.301   45.140       3.8036
-168.301   49.488       3.8036
-168.301   53.836       3.3904
-168.301   58.184       3.8036
-168.301   62.532       3.5619
-168.301   66.880       3.3904
-168.301   71.228       3.5619
-168.301   75.576       4.2168
-168.301   79.923       4.6300
-168.301   84.271       3.8036
-168.301   88.619       4.6300
-168.301   92.967       4.2168
-168.301   97.315       4.2168
-168.301  101.663       3.5619
-168.301  106.011       4.6300
-168.301  110.359       3.8036
-168.301  114.706       2.8441
-168.301  119.054       2.7873
-168.301  123.402       2.9069
-168.301  127.750       2.6024
-168.301  132.098       2.9069
-168.301  136.446       4.6300
-168.301  140.794       4.6300
-168.301  145.142       4.6300
-168.301  149.489       4.6300
-168.301  153.837       4.6300
-168.301  158.185       4.6300
-168.301  162.533       4.6300
-168.301  166.881       4.6300
-168.301  171.229       3.2573
-168.301  175.577       2.6435
-168.301  179.924       2.1323
-168.301  184.272       1.8387
-168.301  188.620       1.5409
-168.301  192.968       1.6509
-168.301  197.316       1.6272
-168.301  201.664       1.1412
-168.301  206.012       0.4327
-168.301  210.360       0.1419
-168.301  214.707       0.2407
-168.301  219.055       1.0123
-168.301  223.403       1.5970
-168.301  227.751       1.8612
-168.301  232.099       1.7374
-168.301  236.447       2.4309
-168.301  240.795       4.6300
-168.301  245.143       4.6300
-168.301  249.490       4.6300
-168.301  253.838       4.6300
-168.301  258.186       4.6300
-163.989 -172.253       4.6300
-163.989 -167.905       4.6300
-163.989 -163.557       4.6300
-163.989 -159.209       4.6300
-163.989 -154.862       4.6300
-163.989 -150.514       4.6300
-163.989 -146.166       2.7354
-163.989 -141.818       2.1891
-163.989 -137.470       1.5825
-163.989 -133.122       1.2751
-163.989 -128.774       1.0763
-163.989 -124.426       1.2337
-163.989 -120.079       1.0493
-163.989 -115.731       1.1621
-163.989 -111.383       0.7873
-163.989 -107.035       0.6646
-163.989 -102.687       0.5616
-163.989  -98.339       0.5564
-163.989  -93.991       0.5922
-163.989  -89.643       0.6130
-163.989  -85.296       1.0405
-163.989  -80.948       2.0482
-163.989  -76.600       4.6300
-163.989  -72.252       4.2168
-163.989  -67.904       3.0567
-163.989  -63.556       3.2573
-163.989  -59.208       4.6300
-163.989  -54.861       4.6300
-163.989  -50.513       4.6300
-163.989  -46.165       4.6300
-163.989  -41.817       4.6300
-163.989  -37.469       4.6300
-163.989  -33.121       4.6300
-163.989  -28.773       4.6300
-163.989  -24.425       4.6300
-163.989  -20.078       4.6300
-163.989  -15.730       4.6300
-163.989  -11.382       4.6300
-163.989   -7.034       4.6300
-163.989   -2.686       4.6300
-163.989    1.662       4.6300
-163.989    6.010       4.6300
-163.989   10.358       3.1486
-163.989   14.705       3.2573
-163.989   19.053       3.1486
-163.989   23.401       4.2168
-163.989   27.749       3.5619
-163.989   32.097       4.6300
-163.989   36.445       3.8036
-163.989   40.793       2.9069
-163.989   45.140       2.1891
-163.989   49.488       2.6024
-163.989   53.836       3.3904
-163.989   58.184       2.8441
-163.989   62.532       3.0567
-163.989   66.880       3.1486
-163.989   71.228       3.8036
-163.989   75.576       3.0567
-163.989   79.923       3.3904
-163.989   84.271       3.2573
-163.989   88.619       3.8036
-163.989   92.967       4.6300
-163.989   97.315       4.6300
-163.989  101.663       3.8036
-163.989  106.011       4.6300
-163.989  110.359       4.2168
-163.989  114.706       2.7873
-163.989  119.054       2.9069
-163.989  123.402       4.6300
-163.989  127.750       3.8036
-163.989  132.098       4.2168
-163.989  136.446       4.6300
-163.989  140.794       4.6300
-163.989  145.142       4.6300
-163.989  149.489       4.6300
-163.989  153.837       4.6300
-163.989  158.185       4.6300
-163.989  162.533       4.6300
-163.989  166.881       4.6300
-163.989  171.229       4.2168
-163.989  175.577       2.6024
-163.989  179.924       2.0029
-163.989  184.272       1.9745
-163.989  188.620       2.0641
-163.989  192.968       2.1145
-163.989  197.316       1.8846
-163.989  201.664       1.6756
-163.989  206.012       1.0641
-163.989  210.360       0.3732
-163.989  214.707      -0.0000
-163.989  219.055       0.3286
-163.989  223.403       1.3242
-163.989  227.751       1.6429
-163.989  232.099       1.3627
-163.989  236.447       1.6672
-163.989  240.795       4.6300
-163.989  245.143       4.6300
-163.989  249.490       4.6300
-163.989  253.838       4.6300
-163.989  258.186       4.6300
-159.676 -172.253       4.6300
-159.676 -167.905       4.6300
-159.676 -163.557       4.6300
-159.676 -159.209       4.6300
-159.676 -154.862       4.6300
-159.676 -150.514       4.2168
-159.676 -146.166       3.0567
-159.676 -141.818       2.4937
-159.676 -137.470       1.4655
-159.676 -133.122       1.2708
-159.676 -128.774       1.2751
-159.676 -124.426       1.2179
-159.676 -120.079       1.0733
-159.676 -115.731       0.9157
-159.676 -111.383       0.8881
-159.676 -107.035       0.9087
-159.676 -102.687       0.9180
-159.676  -98.339       0.9986
-159.676  -93.991       0.8859
-159.676  -89.643       0.7262
-159.676  -85.296       0.7524
-159.676  -80.948       1.4596
-159.676  -76.600       2.9069
-159.676  -72.252       4.6300
-159.676  -67.904       3.5619
-159.676  -63.556       4.2168
-159.676  -59.208       4.6300
-159.676  -54.861       4.6300
-159.676  -50.513       4.6300
-159.676  -46.165       4.6300
-159.676  -41.817       4.6300
-159.676  -37.469       4.6300
-159.676  -33.121       4.6300
-159.676  -28.773       4.6300
-159.676  -24.425       4.6300
-159.676  -20.078       4.6300
-159.676  -15.730       4.6300
-159.676  -11.382       4.6300
-159.676   -7.034       4.6300
-159.676   -2.686       4.2168
-159.676    1.662       3.5619
-159.676    6.010       3.2573
-159.676   10.358       2.9771
-159.676   14.705       2.4937
-159.676   19.053       3.3904
-159.676   23.401       3.5619
-159.676   27.749       4.2168
-159.676   32.097       4.6300
-159.676   36.445       4.6300
-159.676   40.793       3.3904
-159.676   45.140       2.7873
-159.676   49.488       2.5278
-159.676   53.836       2.7873
-159.676   58.184       3.1486
-159.676   62.532       4.2168
-159.676   66.880       4.6300
-159.676   71.228       4.6300
-159.676   75.576       3.5619
-159.676   79.923       4.2168
-159.676   84.271       3.1486
-159.676   88.619       4.2168
-159.676   92.967       4.6300
-159.676   97.315       4.6300
-159.676  101.663       4.6300
-159.676  106.011       4.6300
-159.676  110.359       4.6300
-159.676  114.706       4.2168
-159.676  119.054       4.6300
-159.676  123.402       4.6300
-159.676  127.750       4.6300
-159.676  132.098       4.6300
-159.676  136.446       4.6300
-159.676  140.794       4.6300
-159.676  145.142       4.6300
-159.676  149.489       4.6300
-159.676  153.837       4.6300
-159.676  158.185       4.6300
-159.676  162.533       4.6300
-159.676  166.881       4.6300
-159.676  171.229       4.6300
-159.676  175.577       4.2168
-159.676  179.924       2.9771
-159.676  184.272       2.4614
-159.676  188.620       2.7354
-159.676  192.968       2.7354
-159.676  197.316       1.8065
-159.676  201.664       1.7468
-159.676  206.012       1.4714
-159.676  210.360       0.7314
-159.676  214.707       0.0811
-159.676  219.055       0.1529
-159.676  223.403       1.0856
-159.676  227.751       1.6756
-159.676  232.099       1.5753
-159.676  236.447       1.9215
-159.676  240.795       3.1486
-159.676  245.143       4.6300
-159.676  249.490       4.6300
-159.676  253.838       4.6300
-159.676  258.186       4.6300
-155.363 -172.253       4.6300
-155.363 -167.905       4.6300
-155.363 -163.557       4.6300
-155.363 -159.209       4.6300
-155.363 -154.862       4.6300
-155.363 -150.514       3.5619
-155.363 -146.166       3.1486
-155.363 -141.818       2.0327
-155.363 -137.470       1.0405
-155.363 -133.122       1.0672
-155.363 -128.774       1.1177
-155.363 -124.426       0.9853
-155.363 -120.079       0.7418
-155.363 -115.731       0.6866
-155.363 -111.383       0.8949
-155.363 -107.035       0.9853
-155.363 -102.687       1.1586
-155.363  -98.339       1.6509
-155.363  -93.991       1.3196
-155.363  -89.643       1.2025
-155.363  -85.296       1.0611
-155.363  -80.948       1.5476
-155.363  -76.600       2.9069
-155.363  -72.252       4.6300
-155.363  -67.904       4.6300
-155.363  -63.556       4.6300
-155.363  -59.208       4.6300
-155.363  -54.861       4.6300
-155.363  -50.513       4.6300
-155.363  -46.165       4.6300
-155.363  -41.817       4.6300
-155.363  -37.469       4.6300
-155.363  -33.121       4.6300
-155.363  -28.773       4.6300
-155.363  -24.425       4.6300
-155.363  -20.078       4.6300
-155.363  -15.730       4.6300
-155.363  -11.382       4.6300
-155.363   -7.034       3.3904
-155.363   -2.686       3.1486
-155.363    1.662       2.7873
-155.363    6.010       2.5278
-155.363   10.358       2.3740
-155.363   14.705       2.4018
-155.363   19.053       2.9771
-155.363   23.401       3.2573
-155.363   27.749       3.3904
-155.363   32.097       3.3904
-155.363   36.445       3.8036
-155.363   40.793       4.2168
-155.363   45.140       3.1486
-155.363   49.488       3.5619
-155.363   53.836       3.3904
-155.363   58.184       4.6300
-155.363   62.532       4.6300
-155.363   66.880       4.6300
-155.363   71.228       4.6300
-155.363   75.576       4.2168
-155.363   79.923       4.2168
-155.363   84.271       3.3904
-155.363   88.619       3.8036
-155.363   92.967       4.6300
-155.363   97.315       4.6300
-155.363  101.663       4.6300
-155.363  106.011       4.6300
-155.363  110.359       4.6300
-155.363  114.706       4.6300
-155.363  119.054       4.6300
-155.363  123.402       4.6300
-155.363  127.750       4.6300
-155.363  132.098       4.6300
-155.363  136.446       4.6300
-155.363  140.794       4.6300
-155.363  145.142       4.6300
-155.363  149.489       4.6300
-155.363  153.837       4.6300
-155.363  158.185       4.6300
-155.363  162.533       4.6300
-155.363  166.881       4.6300
-155.363  171.229       4.6300
-155.363  175.577       3.8036
-155.363  179.924       3.8036
-155.363  184.272       3.2573
-155.363  188.620       3.3904
-155.363  192.968       2.3740
-155.363  197.316       1.7191
-155.363  201.664       1.7961
-155.363  206.012       1.7859
-155.363  210.360       1.3881
-155.363  214.707       0.2750
-155.363  219.055       0.0232
-155.363  223.403       0.6693
-155.363  227.751       1.8387
-155.363  232.099       1.4538
-155.363  236.447       1.8499
-155.363  240.795       4.6300
-155.363  245.143       4.6300
-155.363  249.490       4.6300
-155.363  253.838       4.6300
-155.363  258.186       4.6300
-151.051 -172.253       4.6300
-151.051 -167.905       4.6300
-151.051 -163.557       4.6300
-151.051 -159.209       3.8036
-151.051 -154.862       2.9771
-151.051 -150.514       2.2745
-151.051 -146.166       1.8387
-151.051 -141.818       1.3577
-151.051 -137.470       1.0348
-151.051 -133.122       1.0582
-151.051 -128.774       1.1692
-151.051 -124.426       0.9017
-151.051 -120.079       0.8046
-151.051 -115.731       0.9853
-151.051 -111.383       1.3104
-151.051 -107.035       1.2925
-151.051 -102.687       1.2751
-151.051  -98.339       1.1412
-151.051  -93.991       1.0733
-151.051  -89.643       1.4538
-151.051  -85.296       1.5753
-151.051  -80.948       1.9608
-151.051  -76.600       4.6300
-151.051  -72.252       4.6300
-151.051  -67.904       4.6300
-151.051  -63.556       4.6300
-151.051  -59.208       4.6300
-151.051  -54.861       4.6300
-151.051  -50.513       4.6300
-151.051  -46.165       4.6300
-151.051  -41.817       4.6300
-151.051  -37.469       4.6300
-151.051  -33.121       4.6300
-151.051  -28.773       4.6300
-151.051  -24.425       4.6300
-151.051  -20.078       4.6300
-151.051  -15.730       4.6300
-151.051  -11.382       4.6300
-151.051   -7.034       3.5619
-151.051   -2.686       2.6435
-151.051    1.662       2.3222
-151.051    6.010       2.4937
-151.051   10.358       2.6024
-151.051   14.705       2.4937
-151.051   19.053       2.6877
-151.051   23.401       2.7873
-151.051   27.749       3.3904
-151.051   32.097       3.8036
-151.051   36.445       3.5619
-151.051   40.793       4.6300
-151.051   45.140       4.6300
-151.051   49.488       4.6300
-151.051   53.836       3.2573
-151.051   58.184       4.2168
-151.051   62.532       4.6300
-151.051   66.880       4.6300
-151.051   71.228       4.6300
-151.051   75.576       4.6300
-151.051   79.923       4.6300
-151.051   84.271       4.6300
-151.051   88.619       4.6300
-151.051   92.967       4.6300
-151.051   97.315       4.6300
-151.051  101.663       4.6300
-151.051  106.011       4.6300
-151.051  110.359       4.6300
-151.051  114.706       4.6300
-151.051  119.054       4.6300
-151.051  123.402       4.6300
-151.051  127.750       4.6300
-151.051  132.098       4.6300
-151.051  136.446       4.6300
-151.051  140.794       4.6300
-151.051  145.142       4.6300
-151.051  149.489       4.6300
-151.051  153.837       4.6300
-151.051  158.185       4.6300
-151.051  162.533       4.6300
-151.051  166.881       4.6300
-151.051  171.229       4.6300
-151.051  175.577       3.0567
-151.051  179.924       3.0567
-151.051  184.272       2.8441
-151.051  188.620       2.4937
-151.051  192.968       2.1891
-151.051  197.316       2.0805
-151.051  201.664       1.6926
-151.051  206.012       1.7961
-151.051  210.360       2.0641
-151.051  214.707       0.8859
-151.051  219.055       0.0963
-151.051  223.403       0.3251
-151.051  227.751       1.5825
-151.051  232.099       1.8499
-151.051  236.447       1.4038
-151.051  240.795       2.3222
-151.051  245.143       4.6300
-151.051  249.490       4.6300
-151.051  253.838       4.6300
-151.051  258.186       4.6300
-146.738 -172.253       4.6300
-146.738 -167.905       3.5619
-146.738 -163.557       2.6435
-146.738 -159.209       2.3740
-146.738 -154.862       1.7759
-146.738 -150.514       1.4038
-146.738 -146.166       1.2540
-146.738 -141.818       1.1621
-146.738 -137.470       1.5342
-146.738 -133.122       1.4310
-146.738 -128.774       1.0206
-146.738 -124.426       0.9853
-146.738 -120.079       0.8727
-146.738 -115.731       1.2708
-146.738 -111.383       1.3677
-146.738 -107.035       1.6840
-146.738 -102.687       1.6272
-146.738  -98.339       1.3336
-146.738  -93.991       0.8859
-146.738  -89.643       1.3242
-146.738  -85.296       2.0805
-146.738  -80.948       2.7873
-146.738  -76.600       4.2168
-146.738  -72.252       4.6300
-146.738  -67.904       4.6300
-146.738  -63.556       4.6300
-146.738  -59.208       4.6300
-146.738  -54.861       4.6300
-146.738  -50.513       4.6300
-146.738  -46.165       4.6300
-146.738  -41.817       4.6300
-146.738  -37.469       4.6300
-146.738  -33.121       4.6300
-146.738  -28.773       4.6300
-146.738  -24.425       4.6300
-146.738  -20.078       4.6300
-146.738  -15.730       4.6300
-146.738  -11.382       4.6300
-146.738   -7.034       3.3904
-146.738   -2.686       2.8441
-146.738    1.662       2.4309
-146.738    6.010       2.6877
-146.738   10.358       3.5619
-146.738   14.705       2.5639
-146.738   19.053       2.4614
-146.738   23.401       3.0567
-146.738   27.749       3.3904
-146.738   32.097       4.2168
-146.738   36.445       4.2168
-146.738   40.793       4.6300
-146.738   45.140       4.6300
-146.738   49.488       4.6300
-146.738   53.836       3.2573
-146.738   58.184       3.3904
-146.738   62.532       4.6300
-146.738   66.880       4.6300
-146.738   71.228       4.6300
-146.738   75.576       4.6300
-146.738   79.923       4.6300
-146.738   84.271       4.6300
-146.738   88.619       4.6300
-146.738   92.967       4.6300
-146.738   97.315       4.6300
-146.738  101.663       4.6300
-146.738  106.011       4.6300
-146.738  110.359       4.6300
-146.738  114.706       4.6300
-146.738  119.054       4.6300
-146.738  123.402       4.6300
-146.738  127.750       4.6300
-146.738  132.098       4.6300
-146.738  136.446       4.6300
-146.738  140.794       4.6300
-146.738  145.142       4.6300
-146.738  149.489       4.6300
-146.738  153.837       4.6300
-146.738  158.185       4.6300
-146.738  162.533       4.6300
-146.738  166.881       4.6300
-146.738  171.229       4.6300
-146.738  175.577       4.2168
-146.738  179.924       2.8441
-146.738  184.272       3.3904
-146.738  188.620       2.2520
-146.738  192.968       2.3222
-146.738  197.316       2.2094
-146.738  201.664       1.8278
-146.738  206.012       1.8612
-146.738  210.360       2.1891
-146.738  214.707       1.5683
-146.738  219.055       0.2847
-146.738  223.403       0.1681
-146.738  227.751       1.0611
-146.738  232.099       1.9886
-146.738  236.447       1.7661
-146.738  240.795       2.1145
-146.738  245.143       4.2168
-146.738  249.490       4.6300
-146.738  253.838       4.6300
-146.738  258.186       4.6300
-142.425 -172.253       2.8441
-142.425 -167.905       1.8728
-142.425 -163.557       1.3150
-142.425 -159.209       1.2025
-142.425 -154.862       1.4774
-142.425 -150.514       1.6272
-142.425 -146.166       1.8612
-142.425 -141.818       2.2520
-142.425 -137.470       1.7374
-142.425 -133.122       1.4200
-142.425 -128.774       0.9275
-142.425 -124.426       0.6390
-142.425 -120.079       0.6060
-142.425 -115.731       1.1692
-142.425 -111.383       0.8597
-142.425 -107.035       1.4957
-142.425 -102.687       1.6350
-142.425  -98.339       1.6429
-142.425  -93.991       1.0794
-142.425  -89.643       1.1144
-142.425  -85.296       1.7013
-142.425  -80.948       3.5619
-142.425  -76.600       4.6300
-142.425  -72.252       4.6300
-142.425  -67.904       4.6300
-142.425  -63.556       4.6300
-142.425  -59.208       4.6300
-142.425  -54.861       4.6300
-142.425  -50.513       4.6300
-142.425  -46.165       4.6300
-142.425  -41.817       4.6300
-142.425  -37.469       4.6300
-142.425  -33.121       4.6300
-142.425  -28.773       4.6300
-142.425  -24.425       4.6300
-142.425  -20.078       4.6300
-142.425  -15.730       4.6300
-142.425  -11.382       3.0567
-142.425   -7.034       2.3740
-142.425   -2.686       2.4937
-142.425    1.662       2.2745
-142.425    6.010       2.6435
-142.425   10.358       2.8441
-142.425   14.705       3.2573
-142.425   19.053       2.7354
-142.425   23.401       3.1486
-142.425   27.749       3.0567
-142.425   32.097       4.6300
-142.425   36.445       4.2168
-142.425   40.793       3.2573
-142.425   45.140       4.6300
-142.425   49.488       4.2168
-142.425   53.836       3.8036
-142.425   58.184       3.3904
-142.425   62.532       3.5619
-142.425   66.880       4.6300
-142.425   71.228       4.6300
-142.425   75.576       4.6300
-142.425   79.923       4.6300
-142.425   84.271       4.6300
-142.425   88.619       4.6300
-142.425   92.967       4.6300
-142.425   97.315       4.6300
-142.425  101.663       4.6300
-142.425  106.011       4.6300
-142.425  110.359       4.6300
-142.425  114.706       4.6300
-142.425  119.054       4.6300
-142.425  123.402       4.6300
-142.425  127.750       4.6300
-142.425  132.098       4.6300
-142.425  136.446       4.6300
-142.425  140.794       4.6300
-142.425  145.142       4.6300
-142.425  149.489       4.6300
-142.425  153.837       4.6300
-142.425  158.185       4.6300
-142.425  162.533       4.6300
-142.425  166.881       4.6300
-142.425  171.229       4.6300
-142.425  175.577       4.6300
-142.425  179.924       3.1486
-142.425  184.272       3.8036
-142.425  188.620       3.0567
-142.425  192.968       2.3222
-142.425  197.316       2.1507
-142.425  201.664       2.1323
-142.425  206.012       2.0805
-142.425  210.360       1.8728
-142.425  214.707       1.6756
-142.425  219.055       0.5526
-142.425  223.403       0.2062
-142.425  227.751       0.9372
-142.425  232.099       2.1145
-142.425  236.447       2.0482
-142.425  240.795       2.5278
-142.425  245.143       3.5619
-142.425  249.490       4.6300
-142.425  253.838       4.6300
-142.425  258.186       4.6300
-138.113 -172.253       2.9069
-138.113 -167.905       1.9886
-138.113 -163.557       1.1243
-138.113 -159.209       1.3577
-138.113 -154.862       2.2978
-138.113 -150.514       3.2573
-138.113 -146.166       2.5278
-138.113 -141.818       2.1891
-138.113 -137.470       1.4714
-138.113 -133.122       1.0919
-138.113 -128.774       1.0095
-138.113 -124.426       0.9157
-138.113 -120.079       0.9520
-138.113 -115.731       1.3933
-138.113 -111.383       1.3242
-138.113 -107.035       1.3778
-138.113 -102.687       1.7564
-138.113  -98.339       1.9608
-138.113  -93.991       1.3577
-138.113  -89.643       1.0464
-138.113  -85.296       1.3104
-138.113  -80.948       2.9069
-138.113  -76.600       4.6300
-138.113  -72.252       4.6300
-138.113  -67.904       4.6300
-138.113  -63.556       4.6300
-138.113  -59.208       4.6300
-138.113  -54.861       4.6300
-138.113  -50.513       4.6300
-138.113  -46.165       4.6300
-138.113  -41.817       4.6300
-138.113  -37.469       4.6300
-138.113  -33.121       4.6300
-138.113  -28.773       4.6300
-138.113  -24.425       4.6300
-138.113  -20.078       4.6300
-138.113  -15.730       4.2168
-138.113  -11.382       3.2573
-138.113   -7.034       2.4937
-138.113   -2.686       2.5639
-138.113    1.662       2.4614
-138.113    6.010       2.1891
-138.113   10.358       2.4937
-138.113   14.705       3.2573
-138.113   19.053       3.0567
-138.113   23.401       2.5639
-138.113   27.749       2.9771
-138.113   32.097       3.1486
-138.113   36.445       3.2573
-138.113   40.793       3.0567
-138.113   45.140       3.5619
-138.113   49.488       4.2168
-138.113   53.836       4.2168
-138.113   58.184       3.5619
-138.113   62.532       4.2168
-138.113   66.880       4.6300
-138.113   71.228       4.6300
-138.113   75.576       4.6300
-138.113   79.923       4.6300
-138.113   84.271       4.6300
-138.113   88.619       4.6300
-138.113   92.967       4.6300
-138.113   97.315       4.6300
-138.113  101.663       4.6300
-138.113  106.011       4.6300
-138.113  110.359       4.6300
-138.113  114.706       4.6300
-138.113  119.054       4.6300
-138.113  123.402       4.6300
-138.113  127.750       4.6300
-138.113  132.098       4.6300
-138.113  136.446       4.6300
-138.113  140.794       4.6300
-138.113  145.142       4.6300
-138.113  149.489       4.6300
-138.113  153.837       4.6300
-138.113  158.185       4.6300
-138.113  162.533       4.6300
-138.113  166.881       4.6300
-138.113  171.229       4.6300
-138.113  175.577       4.6300
-138.113  179.924       3.8036
-138.113  184.272       3.0567
-138.113  188.620       3.1486
-138.113  192.968       2.0972
-138.113  197.316       2.0176
-138.113  201.664       2.1891
-138.113  206.012       2.5639
-138.113  210.360       2.4018
-138.113  214.707       1.9886
-138.113  219.055       0.8346
-138.113  223.403       0.4783
-138.113  227.751       0.9697
-138.113  232.099       2.4309
-138.113  236.447       2.8441
-138.113  240.795       2.8441
-138.113  245.143       4.2168
-138.113  249.490       4.6300
-138.113  253.838       4.6300
-138.113  258.186       4.6300
-133.800 -172.253       2.1145
-133.800 -167.905       1.5476
-133.800 -163.557       2.0327
-133.800 -159.209       2.6435
-133.800 -154.862       2.9069
-133.800 -150.514       2.4614
-133.800 -146.166       1.8612
-133.800 -141.818       1.8499
-133.800 -137.470       1.3480
-133.800 -133.122       1.1801
-133.800 -128.774       1.2751
-133.800 -124.426       1.6044
-133.800 -120.079       1.7282
-133.800 -115.731       2.0029
-133.800 -111.383       2.3222
-133.800 -107.035       2.0641
-133.800 -102.687       2.0805
-133.800  -98.339       1.6429
-133.800  -93.991       1.4255
-133.800  -89.643       1.0319
-133.800  -85.296       1.3778
-133.800  -80.948       2.5639
-133.800  -76.600       4.2168
-133.800  -72.252       4.6300
-133.800  -67.904       4.6300
-133.800  -63.556       4.6300
-133.800  -59.208       4.6300
-133.800  -54.861       4.6300
-133.800  -50.513       4.6300
-133.800  -46.165       4.6300
-133.800  -41.817       4.6300
-133.800  -37.469       4.6300
-133.800  -33.121       4.6300
-133.800  -28.773       4.6300
-133.800  -24.425       4.6300
-133.800  -20.078       3.8036
-133.800  -15.730       3.1486
-133.800  -11.382       2.7354
-133.800   -7.034       2.7873
-133.800   -2.686       2.4614
-133.800    1.662       2.3222
-133.800    6.010       2.4018
-133.800   10.358       2.1891
-133.800   14.705       2.7873
-133.800   19.053       3.0567
-133.800   23.401       3.0567
-133.800   27.749       3.0567
-133.800   32.097       3.0567
-133.800   36.445       2.9771
-133.800   40.793       3.5619
-133.800   45.140       4.2168
-133.800   49.488       3.5619
-133.800   53.836       3.3904
-133.800   58.184       3.3904
-133.800   62.532       4.6300
-133.800   66.880       4.6300
-133.800   71.228       4.6300
-133.800   75.576       4.6300
-133.800   79.923       4.6300
-133.800   84.271       4.6300
-133.800   88.619       4.6300
-133.800   92.967       4.6300
-133.800   97.315       4.6300
-133.800  101.663       4.6300
-133.800  106.011       4.6300
-133.800  110.359       4.6300
-133.800  114.706       4.6300
-133.800  119.054       4.6300
-133.800  123.402       4.6300
-133.800  127.750       4.6300
-133.800  132.098       4.6300
-133.800  136.446       4.6300
-133.800  140.794       4.6300
-133.800  145.142       4.6300
-133.800  149.489       4.6300
-133.800  153.837       4.6300
-133.800  158.185       4.6300
-133.800  162.533       4.6300
-133.800  166.881       4.6300
-133.800  171.229       4.6300
-133.800  175.577       4.6300
-133.800  179.924       4.6300
-133.800  184.272       4.6300
-133.800  188.620       3.1486
-133.800  192.968       2.1891
-133.800  197.316       1.9343
-133.800  201.664       1.9745
-133.800  206.012       2.5639
-133.800  210.360       2.5278
-133.800  214.707       2.1323
-133.800  219.055       1.1276
-133.800  223.403       0.7094
-133.800  227.751       0.8881
-133.800  232.099       1.7961
-133.800  236.447       2.6024
-133.800  240.795       2.5278
-133.800  245.143       3.2573
-133.800  249.490       4.6300
-133.800  253.838       4.6300
-133.800  258.186       4.6300
-129.487 -172.253       2.1145
-129.487 -167.905       1.9608
-129.487 -163.557       3.2573
-129.487 -159.209       4.6300
-129.487 -154.862       3.8036
-129.487 -150.514       2.7873
-129.487 -146.166       2.7354
-129.487 -141.818       2.6024
-129.487 -137.470       1.5970
-129.487 -133.122       1.7564
-129.487 -128.774       2.0482
-129.487 -124.426       2.4018
-129.487 -120.079       2.3475
-129.487 -115.731       2.4018
-129.487 -111.383       2.8441
-129.487 -107.035       2.3222
-129.487 -102.687       1.9215
-129.487  -98.339       1.5897
-129.487  -93.991       1.5613
-129.487  -89.643       1.2101
-129.487  -85.296       1.5683
-129.487  -80.948       2.0972
-129.487  -76.600       4.2168
-129.487  -72.252       4.6300
-129.487  -67.904       4.6300
-129.487  -63.556       4.6300
-129.487  -59.208       4.6300
-129.487  -54.861       4.6300
-129.487  -50.513       4.6300
-129.487  -46.165       4.6300
-129.487  -41.817       4.6300
-129.487  -37.469       4.6300
-129.487  -33.121       4.6300
-129.487  -28.773       4.6300
-129.487  -24.425       4.6300
-129.487  -20.078       3.2573
-129.487  -15.730       2.6435
-129.487  -11.382       2.7873
-129.487   -7.034       2.9771
-129.487   -2.686       2.9771
-129.487    1.662       2.4614
-129.487    6.010       2.4018
-129.487   10.358       2.3740
-129.487   14.705       2.8441
-129.487   19.053       3.5619
-129.487   23.401       3.1486
-129.487   27.749       3.1486
-129.487   32.097       3.3904
-129.487   36.445       2.8441
-129.487   40.793       3.8036
-129.487   45.140       4.6300
-129.487   49.488       4.6300
-129.487   53.836       4.6300
-129.487   58.184       3.8036
-129.487   62.532       4.6300
-129.487   66.880       4.6300
-129.487   71.228       4.6300
-129.487   75.576       4.6300
-129.487   79.923       4.6300
-129.487   84.271       4.6300
-129.487   88.619       4.6300
-129.487   92.967       4.6300
-129.487   97.315       4.6300
-129.487  101.663       4.6300
-129.487  106.011       4.6300
-129.487  110.359       4.6300
-129.487  114.706       4.6300
-129.487  119.054       4.6300
-129.487  123.402       4.6300
-129.487  127.750       4.6300
-129.487  132.098       4.6300
-129.487  136.446       4.6300
-129.487  140.794       4.6300
-129.487  145.142       4.6300
-129.487  149.489       4.6300
-129.487  153.837       4.6300
-129.487  158.185       4.6300
-129.487  162.533       4.6300
-129.487  166.881       4.6300
-129.487  171.229       4.6300
-129.487  175.577       4.6300
-129.487  179.924       4.6300
-129.487  184.272       4.6300
-129.487  188.620       4.6300
-129.487  192.968       2.9069
-129.487  197.316       2.3222
-129.487  201.664       2.1696
-129.487  206.012       2.4614
-129.487  210.360       2.7873
-129.487  214.707       2.0805
-129.487  219.055       1.5825
-129.487  223.403       0.8837
-129.487  227.751       0.6346
-129.487  232.099       1.1728
-129.487  236.447       2.3222
-129.487  240.795       2.9069
-129.487  245.143       3.8036
-129.487  249.490       4.6300
-129.487  253.838       4.6300
-129.487  258.186       4.6300
-125.175 -172.253       2.6877
-125.175 -167.905       2.7354
-125.175 -163.557       4.6300
-125.175 -159.209       4.6300
-125.175 -154.862       4.6300
-125.175 -150.514       4.6300
-125.175 -146.166       4.6300
-125.175 -141.818       4.2168
-125.175 -137.470       2.0327
-125.175 -133.122       2.1323
-125.175 -128.774       2.6435
-125.175 -124.426       2.2745
-125.175 -120.079       2.5639
-125.175 -115.731       2.5639
-125.175 -111.383       1.8387
-125.175 -107.035       2.2520
-125.175 -102.687       1.7101
-125.175  -98.339       1.2140
-125.175  -93.991       1.5276
-125.175  -89.643       1.2837
-125.175  -85.296       1.6429
-125.175  -80.948       2.3222
-125.175  -76.600       3.5619
-125.175  -72.252       4.6300
-125.175  -67.904       4.6300
-125.175  -63.556       4.6300
-125.175  -59.208       4.6300
-125.175  -54.861       4.6300
-125.175  -50.513       4.6300
-125.175  -46.165       4.6300
-125.175  -41.817       4.6300
-125.175  -37.469       4.6300
-125.175  -33.121       3.8036
-125.175  -28.773       3.3904
-125.175  -24.425       3.5619
-125.175  -20.078       2.4937
-125.175  -15.730       2.6024
-125.175  -11.382       2.9771
-125.175   -7.034       2.9771
-125.175   -2.686       2.6435
-125.175    1.662       2.4614
-125.175    6.010       2.6877
-125.175   10.358       2.7354
-125.175   14.705       3.2573
-125.175   19.053       2.9771
-125.175   23.401       3.5619
-125.175   27.749       3.0567
-125.175   32.097       3.0567
-125.175   36.445       2.9069
-125.175   40.793       3.8036
-125.175   45.140       4.6300
-125.175   49.488       4.6300
-125.175   53.836       4.6300
-125.175   58.184       4.6300
-125.175   62.532       4.6300
-125.175   66.880       4.6300
-125.175   71.228       4.6300
-125.175   75.576       4.6300
-125.175   79.923       4.6300
-125.175   84.271       4.6300
-125.175   88.619       4.6300
-125.175   92.967       4.6300
-125.175   97.315       4.6300
-125.175  101.663       4.6300
-125.175  106.011       4.6300
-125.175  110.359       4.6300
-125.175  114.706       4.6300
-125.175  119.054       4.6300
-125.175  123.402       4.6300
-125.175  127.750       4.6300
-125.175  132.098       4.6300
-125.175  136.446       4.6300
-125.175  140.794       4.6300
-125.175  145.142       4.6300
-125.175  149.489       4.6300
-125.175  153.837       4.6300
-125.175  158.185       4.6300
-125.175  162.533       4.6300
-125.175  166.881       4.6300
-125.175  171.229       4.6300
-125.175  175.577       4.6300
-125.175  179.924       4.6300
-125.175  184.272       4.6300
-125.175  188.620       3.5619
-125.175  192.968       2.8441
-125.175  197.316       2.4614
-125.175  201.664       2.0805
-125.175  206.012       2.5639
-125.175  210.360       2.6024
-125.175  214.707       1.9343
-125.175  219.055       1.9343
-125.175  223.403       1.0582
-125.175  227.751       0.5800
-125.175  232.099       0.9646
-125.175  236.447       2.1696
-125.175  240.795       2.9771
-125.175  245.143       2.7873
-125.175  249.490       3.8036
-125.175  253.838       4.6300
-125.175  258.186       4.6300
-120.862 -172.253       4.2168
-120.862 -167.905       4.6300
-120.862 -163.557       4.6300
-120.862 -159.209       4.6300
-120.862 -154.862       4.6300
-120.862 -150.514       4.6300
-120.862 -146.166       4.6300
-120.862 -141.818       3.0567
-120.862 -137.470       2.0972
-120.862 -133.122       2.7354
-120.862 -128.774       3.5619
-120.862 -124.426       2.9771
-120.862 -120.079       3.1486
-120.862 -115.731       3.5619
-120.862 -111.383       2.3740
-120.862 -107.035       2.7354
-120.862 -102.687       2.0805
-120.862  -98.339       1.3384
-120.862  -93.991       1.4038
-120.862  -89.643       1.4538
-120.862  -85.296       1.1446
-120.862  -80.948       1.8846
-120.862  -76.600       4.2168
-120.862  -72.252       4.6300
-120.862  -67.904       4.6300
-120.862  -63.556       4.6300
-120.862  -59.208       4.6300
-120.862  -54.861       4.6300
-120.862  -50.513       4.6300
-120.862  -46.165       4.6300
-120.862  -41.817       4.2168
-120.862  -37.469       3.0567
-120.862  -33.121       3.1486
-120.862  -28.773       2.9771
-120.862  -24.425       2.6877
-120.862  -20.078       2.2745
-120.862  -15.730       2.5278
-120.862  -11.382       2.4937
-120.862   -7.034       2.9771
-120.862   -2.686       2.9771
-120.862    1.662       3.1486
-120.862    6.010       2.5639
-120.862   10.358       3.5619
-120.862   14.705       2.9771
-120.862   19.053       2.6435
-120.862   23.401       2.7873
-120.862   27.749       2.9771
-120.862   32.097       3.2573
-120.862   36.445       4.2168
-120.862   40.793       4.6300
-120.862   45.140       4.6300
-120.862   49.488       4.6300
-120.862   53.836       4.6300
-120.862   58.184       4.6300
-120.862   62.532       4.6300
-120.862   66.880       4.6300
-120.862   71.228       4.6300
-120.862   75.576       4.6300
-120.862   79.923       4.6300
-120.862   84.271       4.6300
-120.862   88.619       4.6300
-120.862   92.967       4.6300
-120.862   97.315       4.6300
-120.862  101.663       4.6300
-120.862  106.011       4.6300
-120.862  110.359       4.6300
-120.862  114.706       4.6300
-120.862  119.054       4.6300
-120.862  123.402       4.6300
-120.862  127.750       4.6300
-120.862  132.098       4.6300
-120.862  136.446       4.6300
-120.862  140.794       4.6300
-120.862  145.142       4.6300
-120.862  149.489       4.6300
-120.862  153.837       4.6300
-120.862  158.185       4.6300
-120.862  162.533       4.6300
-120.862  166.881       4.6300
-120.862  171.229       4.6300
-120.862  175.577       4.6300
-120.862  179.924       4.6300
-120.862  184.272       4.6300
-120.862  188.620       4.6300
-120.862  192.968       2.9069
-120.862  197.316       2.1323
-120.862  201.664       2.0972
-120.862  206.012       2.2745
-120.862  210.360       2.2745
-120.862  214.707       1.9745
-120.862  219.055       2.3475
-120.862  223.403       1.7101
-120.862  227.751       0.8305
-120.862  232.099       1.0733
-120.862  236.447       2.2520
-120.862  240.795       2.2978
-120.862  245.143       2.1696
-120.862  249.490       3.8036
-120.862  253.838       4.6300
-120.862  258.186       4.6300
-116.549 -172.253       4.6300
-116.549 -167.905       4.6300
-116.549 -163.557       4.6300
-116.549 -159.209       4.6300
-116.549 -154.862       4.6300
-116.549 -150.514       4.6300
-116.549 -146.166       4.2168
-116.549 -141.818       2.7354
-116.549 -137.470       2.0805
-116.549 -133.122       3.8036
-116.549 -128.774       4.2168
-116.549 -124.426       4.2168
-116.549 -120.079       4.6300
-116.549 -115.731       4.6300
-116.549 -111.383       4.6300
-116.549 -107.035       4.2168
-116.549 -102.687       4.6300
-116.549  -98.339       2.9771
-116.549  -93.991       1.7859
-116.549  -89.643       1.3336
-116.549  -85.296       1.0319
-116.549  -80.948       1.6926
-116.549  -76.600       4.2168
-116.549  -72.252       4.6300
-116.549  -67.904       4.6300
-116.549  -63.556       4.6300
-116.549  -59.208       4.6300
-116.549  -54.861       4.6300
-116.549  -50.513       4.2168
-116.549  -46.165       4.6300
-116.549  -41.817       2.9069
-116.549  -37.469       2.5639
-116.549  -33.121       2.9771
-116.549  -28.773       2.8441
-116.549  -24.425       3.0567
-116.549  -20.078       2.2303
-116.549  -15.730       2.6024
-116.549  -11.382       2.3740
-116.549   -7.034       2.6435
-116.549   -2.686       3.2573
-116.549    1.662       4.6300
-116.549    6.010       3.5619
-116.549   10.358       3.0567
-116.549   14.705       2.3740
-116.549   19.053       2.2978
-116.549   23.401       2.6024
-116.549   27.749       2.4309
-116.549   32.097       3.1486
-116.549   36.445       3.2573
-116.549   40.793       3.8036
-116.549   45.140       4.2168
-116.549   49.488       4.6300
-116.549   53.836       4.6300
-116.549   58.184       4.6300
-116.549   62.532       4.6300
-116.549   66.880       4.6300
-116.549   71.228       4.6300
-116.549   75.576       4.6300
-116.549   79.923       4.6300
-116.549   84.271       4.6300
-116.549   88.619       4.6300
-116.549   92.967       4.6300
-116.549   97.315       4.6300
-116.549  101.663       4.6300
-116.549  106.011       4.6300
-116.549  110.359       4.6300
-116.549  114.706       4.6300
-116.549  119.054       4.6300
-116.549  123.402       4.6300
-116.549  127.750       4.6300
-116.549  132.098       4.6300
-116.549  136.446       4.6300
-116.549  140.794       4.6300
-116.549  145.142       4.6300
-116.549  149.489       4.6300
-116.549  153.837       4.6300
-116.549  158.185       4.6300
-116.549  162.533       4.6300
-116.549  166.881       4.6300
-116.549  171.229       4.6300
-116.549  175.577       4.6300
-116.549  179.924       4.6300
-116.549  184.272       4.6300
-116.549  188.620       3.2573
-116.549  192.968       2.6877
-116.549  197.316       1.6840
-116.549  201.664       1.6590
-116.549  206.012       2.2520
-116.549  210.360       2.1323
-116.549  214.707       2.0176
-116.549  219.055       2.1145
-116.549  223.403       2.1696
-116.549  227.751       1.3577
-116.549  232.099       1.5020
-116.549  236.447       2.3475
-116.549  240.795       2.1891
-116.549  245.143       2.5639
-116.549  249.490       3.1486
-116.549  253.838       4.6300
-116.549  258.186       4.6300
-112.237 -172.253       4.6300
-112.237 -167.905       4.6300
-112.237 -163.557       4.6300
-112.237 -159.209       4.6300
-112.237 -154.862       4.6300
-112.237 -150.514       4.6300
-112.237 -146.166       4.2168
-112.237 -141.818       1.8499
-112.237 -137.470       1.9745
-112.237 -133.122       2.7354
-112.237 -128.774       3.8036
-112.237 -124.426       4.6300
-112.237 -120.079       4.6300
-112.237 -115.731       4.6300
-112.237 -111.383       4.6300
-112.237 -107.035       4.6300
-112.237 -102.687       4.6300
-112.237  -98.339       4.6300
-112.237  -93.991       2.7873
-112.237  -89.643       1.7374
-112.237  -85.296       1.2666
-112.237  -80.948       1.7468
-112.237  -76.600       2.8441
-112.237  -72.252       4.6300
-112.237  -67.904       4.6300
-112.237  -63.556       4.6300
-112.237  -59.208       4.6300
-112.237  -54.861       4.6300
-112.237  -50.513       3.1486
-112.237  -46.165       3.8036
-112.237  -41.817       3.0567
-112.237  -37.469       2.5639
-112.237  -33.121       2.4018
-112.237  -28.773       2.3740
-112.237  -24.425       2.6877
-112.237  -20.078       2.3740
-112.237  -15.730       2.7873
-112.237  -11.382       2.4614
-112.237   -7.034       2.3475
-112.237   -2.686       2.6877
-112.237    1.662       2.8441
-112.237    6.010       2.8441
-112.237   10.358       2.6435
-112.237   14.705       2.6435
-112.237   19.053       2.0029
-112.237   23.401       2.3222
-112.237   27.749       2.6024
-112.237   32.097       2.6024
-112.237   36.445       2.6435
-112.237   40.793       2.8441
-112.237   45.140       3.8036
-112.237   49.488       4.2168
-112.237   53.836       4.6300
-112.237   58.184       4.6300
-112.237   62.532       4.6300
-112.237   66.880       4.6300
-112.237   71.228       4.6300
-112.237   75.576       4.6300
-112.237   79.923       4.6300
-112.237   84.271       4.6300
-112.237   88.619       4.6300
-112.237   92.967       4.6300
-112.237   97.315       4.6300
-112.237  101.663       4.6300
-112.237  106.011       4.6300
-112.237  110.359       4.6300
-112.237  114.706       4.6300
-112.237  119.054       4.6300
-112.237  123.402       4.6300
-112.237  127.750       4.6300
-112.237  132.098       4.6300
-112.237  136.446       4.6300
-112.237  140.794       4.6300
-112.237  145.142       4.6300
-112.237  149.489       4.6300
-112.237  153.837       4.6300
-112.237  158.185       4.6300
-112.237  162.533       4.6300
-112.237  166.881       4.6300
-112.237  171.229       4.6300
-112.237  175.577       4.6300
-112.237  179.924       4.6300
-112.237  184.272       4.6300
-112.237  188.620       2.7354
-112.237  192.968       2.4614
-112.237  197.316       2.0176
-112.237  201.664       1.8728
-112.237  206.012       2.1507
-112.237  210.360       2.2303
-112.237  214.707       2.1696
-112.237  219.055       2.0176
-112.237  223.403       2.0805
-112.237  227.751       1.7961
-112.237  232.099       1.9608
-112.237  236.447       2.4018
-112.237  240.795       3.2573
-112.237  245.143       2.2745
-112.237  249.490       2.5278
-112.237  253.838       4.6300
-112.237  258.186       4.6300
-107.924 -172.253       4.6300
-107.924 -167.905       4.6300
-107.924 -163.557       4.6300
-107.924 -159.209       4.6300
-107.924 -154.862       4.6300
-107.924 -150.514       4.6300
-107.924 -146.166       2.6435
-107.924 -141.818       1.5683
-107.924 -137.470       1.5276
-107.924 -133.122       2.1696
-107.924 -128.774       3.2573
-107.924 -124.426       4.6300
-107.924 -120.079       4.6300
-107.924 -115.731       4.6300
-107.924 -111.383       4.6300
-107.924 -107.035       4.6300
-107.924 -102.687       4.6300
-107.924  -98.339       4.6300
-107.924  -93.991       4.6300
-107.924  -89.643       3.2573
-107.924  -85.296       1.5342
-107.924  -80.948       1.6509
-107.924  -76.600       3.5619
-107.924  -72.252       4.6300
-107.924  -67.904       4.6300
-107.924  -63.556       4.6300
-107.924  -59.208       4.6300
-107.924  -54.861       4.6300
-107.924  -50.513       2.4937
-107.924  -46.165       2.5278
-107.924  -41.817       2.3222
-107.924  -37.469       2.2978
-107.924  -33.121       2.5639
-107.924  -28.773       2.4309
-107.924  -24.425       2.0641
-107.924  -20.078       2.0029
-107.924  -15.730       2.4309
-107.924  -11.382       2.5639
-107.924   -7.034       2.2978
-107.924   -2.686       2.3222
-107.924    1.662       2.7354
-107.924    6.010       2.7873
-107.924   10.358       2.9771
-107.924   14.705       2.5639
-107.924   19.053       2.6435
-107.924   23.401       2.7354
-107.924   27.749       3.0567
-107.924   32.097       3.1486
-107.924   36.445       2.6877
-107.924   40.793       2.8441
-107.924   45.140       3.1486
-107.924   49.488       4.6300
-107.924   53.836       4.6300
-107.924   58.184       4.6300
-107.924   62.532       4.6300
-107.924   66.880       4.6300
-107.924   71.228       4.6300
-107.924   75.576       4.6300
-107.924   79.923       4.6300
-107.924   84.271       4.6300
-107.924   88.619       4.6300
-107.924   92.967       4.6300
-107.924   97.315       4.6300
-107.924  101.663       4.6300
-107.924  106.011       4.6300
-107.924  110.359       4.6300
-107.924  114.706       4.6300
-107.924  119.054       4.6300
-107.924  123.402       4.6300
-107.924  127.750       4.6300
-107.924  132.098       4.6300
-107.924  136.446       4.6300
-107.924  140.794       4.6300
-107.924  145.142       4.6300
-107.924  149.489       4.6300
-107.924  153.837       4.6300
-107.924  158.185       4.6300
-107.924  162.533       4.6300
-107.924  166.881       4.6300
-107.924  171.229       4.6300
-107.924  175.577       4.6300
-107.924  179.924       4.6300
-107.924  184.272       4.6300
-107.924  188.620       2.9069
-107.924  192.968       2.2303
-107.924  197.316       2.5639
-107.924  201.664       2.1891
-107.924  206.012       2.4614
-107.924  210.360       2.6024
-107.924  214.707       2.5278
-107.924  219.055       2.1145
-107.924  223.403       1.8171
-107.924  227.751       1.8278
-107.924  232.099       1.3727
-107.924  236.447       2.3740
-107.924  240.795       3.2573
-107.924  245.143       2.9771
-107.924  249.490       2.2303
-107.924  253.838       3.8036
-107.924  258.186       4.6300
-103.611 -172.253       4.6300
-103.611 -167.905       4.6300
-103.611 -163.557       4.6300
-103.611 -159.209       4.6300
-103.611 -154.862       4.6300
-103.611 -150.514       4.6300
-103.611 -146.166       2.7873
-103.611 -141.818       1.3480
-103.611 -137.470       1.1515
-103.611 -133.122       1.8171
-103.611 -128.774       3.1486
-103.611 -124.426       4.6300
-103.611 -120.079       4.6300
-103.611 -115.731       4.6300
-103.611 -111.383       4.6300
-103.611 -107.035       4.6300
-103.611 -102.687       4.6300
-103.611  -98.339       4.6300
-103.611  -93.991       4.6300
-103.611  -89.643       4.6300
-103.611  -85.296       2.2094
-103.611  -80.948       1.8967
-103.611  -76.600       3.5619
-103.611  -72.252       4.6300
-103.611  -67.904       4.6300
-103.611  -63.556       4.6300
-103.611  -59.208       3.8036
-103.611  -54.861       3.0567
-103.611  -50.513       2.4937
-103.611  -46.165       2.1323
-103.611  -41.817       2.2745
-103.611  -37.469       2.5639
-103.611  -33.121       2.4614
-103.611  -28.773       2.2303
-103.611  -24.425       1.9886
-103.611  -20.078       1.9474
-103.611  -15.730       1.8967
-103.611  -11.382       2.0641
-103.611   -7.034       2.2520
-103.611   -2.686       2.3475
-103.611    1.662       2.9771
-103.611    6.010       3.0567
-103.611   10.358       4.2168
-103.611   14.705       2.4614
-103.611   19.053       2.9771
-103.611   23.401       4.2168
-103.611   27.749       4.6300
-103.611   32.097       3.8036
-103.611   36.445       3.2573
-103.611   40.793       3.3904
-103.611   45.140       3.5619
-103.611   49.488       4.6300
-103.611   53.836       4.6300
-103.611   58.184       4.6300
-103.611   62.532       4.6300
-103.611   66.880       4.6300
-103.611   71.228       4.6300
-103.611   75.576       4.6300
-103.611   79.923       4.6300
-103.611   84.271       4.6300
-103.611   88.619       4.6300
-103.611   92.967       4.6300
-103.611   97.315       4.6300
-103.611  101.663       4.6300
-103.611  106.011       4.6300
-103.611  110.359       4.6300
-103.611  114.706       4.6300
-103.611  119.054       4.6300
-103.611  123.402       4.6300
-103.611  127.750       4.6300
-103.611  132.098       4.6300
-103.611  136.446       4.6300
-103.611  140.794       4.6300
-103.611  145.142       4.6300
-103.611  149.489       4.6300
-103.611  153.837       4.6300
-103.611  158.185       4.6300
-103.611  162.533       4.6300
-103.611  166.881       4.6300
-103.611  171.229       4.6300
-103.611  175.577       4.6300
-103.611  179.924       4.6300
-103.611  184.272       3.8036
-103.611  188.620       2.9069
-103.611  192.968       2.8441
-103.611  197.316       3.2573
-103.611  201.664       1.9886
-103.611  206.012       2.3222
-103.611  210.360       2.3475
-103.611  214.707       2.6877
-103.611  219.055       2.5278
-103.611  223.403       1.8499
-103.611  227.751       1.6926
-103.611  232.099       1.1912
-103.611  236.447       1.8967
-103.611  240.795       2.7873
-103.611  245.143       2.4614
-103.611  249.490       2.5639
-103.611  253.838       3.8036
-103.611  258.186       4.6300
 -99.299 -172.253       4.6300
 -99.299 -167.905       4.6300
 -99.299 -163.557       4.6300
 -99.299 -159.209       4.6300
 -99.299 -154.862       4.6300
 -99.299 -150.514       4.6300
 -99.299 -146.166       2.3222
 -99.299 -141.818       1.2837
 -99.299 -137.470       0.9748
 -99.299 -133.122       1.9886
 -99.299 -128.774       4.6300
 -99.299 -124.426       4.6300
 -99.299 -120.079       4.6300
 -99.299 -115.731       4.6300
 -99.299 -111.383       4.6300
 -99.299 -107.035       4.6300
 -99.299 -102.687       4.6300
 -99.299  -98.339       4.6300
 -99.299  -93.991       4.6300
 -99.299  -89.643       4.6300
 -99.299  -85.296       4.6300
 -99.299  -80.948       2.9771
 -99.299  -76.600       4.2168
 -99.299  -72.252       4.6300
 -99.299  -67.904       4.6300
 -99.299  -63.556       4.6300
 -99.299  -59.208       4.6300
 -99.299  -54.861       3.2573
 -99.299  -50.513       2.5278
 -99.299  -46.165       2.4018
 -99.299  -41.817       2.6877
 -99.299  -37.469       2.7354
 -99.299  -33.121       2.7873
 -99.299  -28.773       2.6435
 -99.299  -24.425       2.6435
 -99.299  -20.078       2.1891
 -99.299  -15.730       1.8387
 -99.299  -11.382       2.0327
 -99.299   -7.034       2.0327
 -99.299   -2.686       2.2978
 -99.299    1.662       2.8441
 -99.299    6.010       4.2168
 -99.299   10.358       3.5619
 -99.299   14.705       2.4937
 -99.299   19.053       2.4937
 -99.299   23.401       2.9771
 -99.299   27.749       3.2573
 -99.299   32.097       2.6435
 -99.299   36.445       2.9771
 -99.299   40.793       4.6300
 -99.299   45.140       4.6300
 -99.299   49.488       4.6300
 -99.299   53.836       4.6300
 -99.299   58.184       4.6300
 -99.299   62.532       4.6300
 -99.299   66.880       4.6300
 -99.299   71.228       4.6300
 -99.299   75.576       4.6300
 -99.299   79.923       4.6300
 -99.299   84.271       4.6300
 -99.299   88.619       4.6300
 -99.299   92.967       4.6300
 -99.299   97.315       4.6300
 -99.299  101.663       4.6300
 -99.299  106.011       4.6300
 -99.299  110.359       4.6300
 -99.299  114.706       4.6300
 -99.299  119.054       4.6300
 -99.299  123.402       4.6300
 -99.299  127.750       4.6300
 -99.299  132.098       4.6300
 -99.299  136.446       4.6300
 -99.299  140.794       4.6300
 -99.299  145.142       4.6300
 -99.299  149.489       4.6300
 -99.299  153.837       4.6300
 -99.299  158.185       4.6300
 -99.299  162.533       4.6300
 -99.299  166.881       4.6300
 -99.299  171.229       4.6300
 -99.299  175.577       4.6300
 -99.299  179.924       4.6300
 -99.299  184.272       4.6300
 -99.299  188.620       3.1486
 -99.299  192.968       3.3904
 -99.299  197.316       3.3904
 -99.299  201.664       1.9215
 -99.299  206.012       2.1696
 -99.299  210.360       2.0641
 -99.299  214.707       2.6877
 -99.299  219.055       2.6435
 -99.299  223.403       2.4614
 -99.299  227.751       1.8612
 -99.299  232.099       1.2337
 -99.299  236.447       1.8387
 -99.299  240.795       2.7873
 -99.299  245.143       2.4018
 -99.299  249.490       3.3904
 -99.299  253.838       4.6300
 -99.299  258.186       4.6300
 -94.986 -172.253       4.6300
 -94.986 -167.905       4.6300
 -94.986 -163.557       4.6300
 -94.986 -159.209       4.6300
 -94.986 -154.862       4.6300
 -94.986 -150.514       4.6300
 -94.986 -146.166       2.4937
 -94.986 -141.818       1.3829
 -94.986 -137.470       1.0262
 -94.986 -133.122       1.9343
 -94.986 -128.774       3.5619
 -94.986 -124.426       4.6300
 -94.986 -120.079       4.6300
 -94.986 -115.731       4.6300
 -94.986 -111.383       4.6300
 -94.986 -107.035       4.6300
 -94.986 -102.687       4.6300
 -94.986  -98.339       4.6300
 -94.986  -93.991       4.6300
 -94.986  -89.643       4.6300
 -94.986  -85.296       4.6300
 -94.986  -80.948       4.6300
 -94.986  -76.600       4.6300
 -94.986  -72.252       4.6300
 -94.986  -67.904       4.6300
 -94.986  -63.556       4.6300
 -94.986  -59.208       4.6300
 -94.986  -54.861       3.8036
 -94.986  -50.513       2.3740
 -94.986  -46.165       2.6877
 -94.986  -41.817       2.7354
 -94.986  -37.469       2.9771
 -94.986  -33.121       3.1486
 -94.986  -28.773       2.8441
 -94.986  -24.425       2.3740
 -94.986  -20.078       1.7468
 -94.986  -15.730       1.9089
 -94.986  -11.382       2.0029
 -94.986   -7.034       2.3222
 -94.986   -2.686       2.9771
 -94.986    1.662       3.1486
 -94.986    6.010       2.9069
 -94.986   10.358       3.0567
 -94.986   14.705       2.6435
 -94.986   19.053       2.3475
 -94.986   23.401       2.5639
 -94.986   27.749       2.5278
 -94.986   32.097       2.7873
 -94.986   36.445       4.2168
 -94.986   40.793       4.6300
 -94.986   45.140       4.6300
 -94.986   49.488       4.6300
 -94.986   53.836       4.6300
 -94.986   58.184       4.6300
 -94.986   62.532       4.6300
 -94.986   66.880       4.6300
 -94.986   71.228       4.6300
 -94.986   75.576       4.6300
 -94.986   79.923       4.6300
 -94.986   84.271       4.6300
 -94.986   88.619       4.6300
 -94.986   92.967       4.6300
 -94.986   97.315       4.6300
 -94.986  101.663       4.6300
 -94.986  106.011       4.6300
 -94.986  110.359       4.6300
 -94.986  114.706       4.6300
 -94.986  119.054       4.6300
 -94.986  123.402       4.6300
 -94.986  127.750       4.6300
 -94.986  132.098       4.6300
 -94.986  136.446       4.6300
 -94.986  140.794       4.6300
 -94.986  145.142       4.6300
 -94.986  149.489       4.6300
 -94.986  153.837       4.6300
 -94.986  158.185       4.6300
 -94.986  162.533       4.6300
 -94.986  166.881       4.6300
 -94.986  171.229       4.6300
 -94.986  175.577       4.6300
 -94.986  179.924       4.6300
 -94.986  184.272       4.6300
 -94.986  188.620       4.6300
 -94.986  192.968       3.8036
 -94.986  197.316       3.1486
 -94.986  201.664       2.3740
 -94.986  206.012       2.1891
 -94.986  210.360       2.5639
 -94.986  214.707       2.1891
 -94.986  219.055       2.4309
 -94.986  223.403       3.0567
 -94.986  227.751       2.6024
 -94.986  232.099       1.4538
 -94.986  236.447       2.0029
 -94.986  240.795       2.4614
 -94.986  245.143       1.7374
 -94.986  249.490       3.1486
 -94.986  253.838       4.6300
 -94.986  258.186       4.6300
 -90.673 -172.253       4.6300
 -90.673 -167.905       4.6300
 -90.673 -163.557       4.6300
 -90.673 -159.209       4.6300
 -90.673 -154.862       4.6300
 -90.673 -150.514       4.2168
 -90.673 -146.166       2.3740
 -90.673 -141.818       1.3289
 -90.673 -137.470       1.0641
 -90.673 -133.122       1.4146
 -90.673 -128.774       2.2303
 -90.673 -124.426       4.6300
 -90.673 -120.079       4.6300
 -90.673 -115.731       4.6300
 -90.673 -111.383       4.6300
 -90.673 -107.035       4.6300
 -90.673 -102.687       4.6300
 -90.673  -98.339       4.6300
 -90.673  -93.991       4.6300
 -90.673  -89.643       4.6300
 -90.673  -85.296       4.6300
 -90.673  -80.948       4.6300
 -90.673  -76.600       4.6300
 -90.673  -72.252       4.6300
 -90.673  -67.904       4.6300
 -90.673  -63.556       4.6300
 -90.673  -59.208       4.6300
 -90.673  -54.861       4.6300
 -90.673  -50.513       4.2168
 -90.673  -46.165       3.2573
 -90.673  -41.817       2.6435
 -90.673  -37.469       2.8441
 -90.673  -33.121       3.0567
 -90.673  -28.773       3.3904
 -90.673  -24.425       2.6024
 -90.673  -20.078       2.6877
 -90.673  -15.730       2.4309
 -90.673  -11.382       2.6435
 -90.673   -7.034       2.9069
 -90.673   -2.686       3.1486
 -90.673    1.662       3.5619
 -90.673    6.010       2.6877
 -90.673   10.358       2.7354
 -90.673   14.705       2.1145
 -90.673   19.053       2.2303
 -90.673   23.401       2.5278
 -90.673   27.749       2.2094
 -90.673   32.097       2.4614
 -90.673   36.445       4.2168
 -90.673   40.793       4.6300
 -90.673   45.140       4.6300
 -90.673   49.488       4.6300
 -90.673   53.836       4.6300
 -90.673   58.184       4.6300
 -90.673   62.532       4.6300
 -90.673   66.880       4.6300
 -90.673   71.228       4.6300
 -90.673   75.576       4.6300
 -90.673   79.923       4.6300
 -90.673   84.271       4.6300
 -90.673   88.619       4.6300
 -90.673   92.967       4.6300
 -90.673   97.315       4.6300
 -90.673  101.663       4.6300
 -90.673  106.011       4.6300
 -90.673  110.359       4.6300
 -90.673  114.706       4.6300
 -90.673  119.054       4.6300
 -90.673  123.402       4.6300
 -90.673  127.750       4.6300
 -90.673  132.098       4.6300
 -90.673  136.446       4.6300
 -90.673  140.794       4.6300
 -90.673  145.142       4.6300
 -90.673  149.489       4.6300
 -90.673  153.837       4.6300
 -90.673  158.185       4.6300
 -90.673  162.533       4.6300
 -90.673  166.881       4.6300
 -90.673  171.229       4.6300
 -90.673  175.577       4.6300
 -90.673  179.924       4.6300
 -90.673  184.272       4.6300
 -90.673  188.620       4.6300
 -90.673  192.968       3.8036
 -90.673  197.316       2.6877
 -90.673  201.664       2.6024
 -90.673  206.012       2.8441
 -90.673  210.360       2.6877
 -90.673  214.707       2.4937
 -90.673  219.055       2.9069
 -90.673  223.403       2.6435
 -90.673  227.751       2.1891
 -90.673  232.099       1.0206
 -90.673  236.447       1.4200
 -90.673  240.795       2.4309
 -90.673  245.143       1.9215
 -90.673  249.490       3.1486
 -90.673  253.838       4.6300
 -90.673  258.186       4.6300
 -86.361 -172.253       4.6300
 -86.361 -167.905       4.6300
 -86.361 -163.557       4.6300
 -86.361 -159.209       4.6300
 -86.361 -154.862       4.6300
 -86.361 -150.514       4.6300
 -86.361 -146.166       2.8441
 -86.361 -141.818       1.3933
 -86.361 -137.470       0.8366
 -86.361 -133.122       1.2297
 -86.361 -128.774       2.6435
 -86.361 -124.426       4.6300
 -86.361 -120.079       4.6300
 -86.361 -115.731       4.6300
 -86.361 -111.383       4.6300
 -86.361 -107.035       4.6300
 -86.361 -102.687       4.6300
 -86.361  -98.339       4.6300
 -86.361  -93.991       4.6300
 -86.361  -89.643       4.6300
 -86.361  -85.296       4.6300
 -86.361  -80.948       4.6300
 -86.361  -76.600       4.6300
 -86.361  -72.252       4.6300
 -86.361  -67.904       4.6300
 -86.361  -63.556       4.6300
 -86.361  -59.208       4.6300
 -86.361  -54.861       4.6300
 -86.361  -50.513       4.6300
 -86.361  -46.165       4.6300
 -86.361  -41.817       3.5619
 -86.361  -37.469       3.5619
 -86.361  -33.121       3.0567
 -86.361  -28.773       2.8441
 -86.361  -24.425       3.1486
 -86.361  -20.078       3.2573
 -86.361  -15.730       3.2573
 -86.361  -11.382       3.8036
 -86.361   -7.034       3.2573
 -86.361   -2.686       3.5619
 -86.361    1.662       2.7354
 -86.361    6.010       2.9069
 -86.361   10.358       2.6024
 -86.361   14.705       2.3222
 -86.361   19.053       2.2094
 -86.361   23.401       2.4614
 -86.361   27.749       2.4309
 -86.361   32.097       2.7873
 -86.361   36.445       3.5619
 -86.361   40.793       3.3904
 -86.361   45.140       3.8036
 -86.361   49.488       3.5619
 -86.361   53.836       4.6300
 -86.361   58.184       4.6300
 -86.361   62.532       4.6300
 -86.361   66.880       4.6300
 -86.361   71.228       4.6300
 -86.361   75.576       4.6300
 -86.361   79.923       4.6300
 -86.361   84.271       4.6300
 -86.361   88.619       4.6300
 -86.361   92.967       4.6300
 -86.361   97.315       4.6300
 -86.361  101.663       4.6300
 -86.361  106.011       4.6300
 -86.361  110.359       4.6300
 -86.361  114.706       4.6300
 -86.361  119.054       4.6300
 -86.361  123.402       4.6300
 -86.361  127.750       4.6300
 -86.361  132.098       4.6300
 -86.361  136.446       4.6300
 -86.361  140.794       4.6300
 -86.361  145.142       4.6300
 -86.361  149.489       4.6300
 -86.361  153.837       4.6300
 -86.361  158.185       4.6300
 -86.361  162.533       4.6300
 -86.361  166.881       4.6300
 -86.361  171.229       4.6300
 -86.361  175.577       4.6300
 -86.361  179.924       4.6300
 -86.361  184.272       4.6300
 -86.361  188.620       4.6300
 -86.361  192.968       3.3904
 -86.361  197.316       2.5639
 -86.361  201.664       2.7354
 -86.361  206.012       3.3904
 -86.361  210.360       2.7873
 -86.361  214.707       2.4614
 -86.361  219.055       3.5619
 -86.361  223.403       3.0567
 -86.361  227.751       2.6877
 -86.361  232.099       0.8770
 -86.361  236.447       0.9671
 -86.361  240.795       2.2745
 -86.361  245.143       2.0176
 -86.361  249.490       3.8036
 -86.361  253.838       4.6300
 -86.361  258.186       4.6300
 -82.048 -172.253       4.6300
 -82.048 -167.905       4.6300
 -82.048 -163.557       4.6300
 -82.048 -159.209       4.6300
 -82.048 -154.862       4.6300
 -82.048 -150.514       4.6300
 -82.048 -146.166       4.2168
 -82.048 -141.818       1.3577
 -82.048 -137.470       0.8491
 -82.048 -133.122       1.1657
 -82.048 -128.774       2.1696
 -82.048 -124.426       4.6300
 -82.048 -120.079       4.6300
 -82.048 -115.731       4.6300
 -82.048 -111.383       4.6300
 -82.048 -107.035       4.6300
 -82.048 -102.687       4.6300
 -82.048  -98.339       4.6300
 -82.048  -93.991       4.6300
 -82.048  -89.643       4.6300
 -82.048  -85.296       4.6300
 -82.048  -80.948       4.6300
 -82.048  -76.600       4.6300
 -82.048  -72.252       4.6300
 -82.048  -67.904       4.6300
 -82.048  -63.556       4.6300
 -82.048  -59.208       4.6300
 -82.048  -54.861       4.6300
 -82.048  -50.513       4.6300
 -82.048  -46.165       4.2168
 -82.048  -41.817       4.2168
 -82.048  -37.469       4.6300
 -82.048  -33.121       3.3904
 -82.048  -28.773       2.9069
 -82.048  -24.425       2.5639
 -82.048  -20.078       2.6877
 -82.048  -15.730       3.3904
 -82.048  -11.382       3.2573
 -82.048   -7.034       2.9771
 -82.048   -2.686       4.2168
 -82.048    1.662       2.6877
 -82.048    6.010       3.0567
 -82.048   10.358       3.3904
 -82.048   14.705       2.6024
 -82.048   19.053       2.3740
 -82.048   23.401       2.4018
 -82.048   27.749       3.0567
 -82.048   32.097       3.1486
 -82.048   36.445       3.2573
 -82.048   40.793       2.7354
 -82.048   45.140       2.6877
 -82.048   49.488       3.0567
 -82.048   53.836       3.8036
 -82.048   58.184       4.6300
 -82.048   62.532       4.6300
 -82.048   66.880       4.6300
 -82.048   71.228       4.6300
 -82.048   75.576       4.6300
 -82.048   79.923       4.6300
 -82.048   84.271       4.6300
 -82.048   88.619       4.6300
 -82.048   92.967       4.6300
 -82.048   97.315       4.6300
 -82.048  101.663       4.6300
 -82.048  106.011       4.6300
 -82.048  110.359       4.6300
 -82.048  114.706       4.6300
 -82.048  119.054       4.6300
 -82.048  123.402       4.6300
 -82.048  127.750       4.6300
 -82.048  132.098       4.6300
 -82.048  136.446       4.6300
 -82.048  140.794       4.6300
 -82.048  145.142       4.6300
 -82.048  149.489       4.6300
 -82.048  153.837       4.6300
 -82.048  158.185       4.6300
 -82.048  162.533       4.6300
 -82.048  166.881       4.6300
 -82.048  171.229       4.6300
 -82.048  175.577       4.6300
 -82.048  179.924       4.6300
 -82.048  184.272       4.6300
 -82.048  188.620       4.6300
 -82.048  192.968       3.5619
 -82.048  197.316       2.4018
 -82.048  201.664       2.0641
 -82.048  206.012       2.5639
 -82.048  210.360       2.2094
 -82.048  214.707       2.3222
 -82.048  219.055       4.6300
 -82.048  223.403       3.5619
 -82.048  227.751       2.6877
 -82.048  232.099       0.9227
 -82.048  236.447       0.8125
 -82.048  240.795       1.9745
 -82.048  245.143       2.2303
 -82.048  249.490       3.5619
 -82.048  253.838       4.6300
 -82.048  258.186       4.6300
 -77.735 -172.253       4.6300
 -77.735 -167.905       4.6300
 -77.735 -163.557       4.6300
 -77.735 -159.209       4.6300
 -77.735 -154.862       4.6300
 -77.735 -150.514       4.6300
 -77.735 -146.166       4.6300
 -77.735 -141.818       1.5146
 -77.735 -137.470       0.8727
 -77.735 -133.122       1.2708
 -77.735 -128.774       2.5639
 -77.735 -124.426       4.2168
 -77.735 -120.079       4.6300
 -77.735 -115.731       4.6300
 -77.735 -111.383       4.6300
 -77.735 -107.035       4.6300
 -77.735 -102.687       4.6300
 -77.735  -98.339       4.6300
 -77.735  -93.991       4.6300
 -77.735  -89.643       4.6300
 -77.735  -85.296       4.6300
 -77.735  -80.948       4.6300
 -77.735  -76.600       4.6300
 -77.735  -72.252       4.6300
 -77.735  -67.904       4.6300
 -77.735  -63.556       4.6300
 -77.735  -59.208       4.6300
 -77.735  -54.861       4.6300
 -77.735  -50.513       4.6300
 -77.735  -46.165       4.6300
 -77.735  -41.817       4.6300
 -77.735  -37.469       4.6300
 -77.735  -33.121       4.6300
 -77.735  -28.773       3.2573
 -77.735  -24.425       2.9771
 -77.735  -20.078       3.8036
 -77.735  -15.730       2.9069
 -77.735  -11.382       3.8036
 -77.735   -7.034       3.5619
 -77.735   -2.686       3.2573
 -77.735    1.662       3.2573
 -77.735    6.010       3.3904
 -77.735   10.358       2.8441
 -77.735   14.705       2.4937
 -77.735   19.053       2.4937
 -77.735   23.401       3.2573
 -77.735   27.749       3.8036
 -77.735   32.097       3.1486
 -77.735   36.445       3.0567
 -77.735   40.793       2.7873
 -77.735   45.140       2.5278
 -77.735   49.488       2.9069
 -77.735   53.836       3.8036
 -77.735   58.184       4.6300
 -77.735   62.532       4.6300
 -77.735   66.880       4.6300
 -77.735   71.228       4.6300
 -77.735   75.576       4.6300
 -77.735   79.923       4.6300
 -77.735   84.271       4.6300
 -77.735   88.619       4.6300
 -77.735   92.967       4.6300
 -77.735   97.315       4.6300
 -77.735  101.663       4.6300
 -77.735  106.011       4.6300
 -77.735  110.359       4.6300
 -77.735  114.706       4.6300
 -77.735  119.054       4.6300
 -77.735  123.402       4.6300
 -77.735  127.750       4.6300
 -77.735  132.098       4.6300
 -77.735  136.446       4.6300
 -77.735  140.794       4.6300
 -77.735  145.142       4.6300
 -77.735  149.489       4.6300
 -77.735  153.837       4.6300
 -77.735  158.185       4.6300
 -77.735  162.533       4.6300
 -77.735  166.881       4.6300
 -77.735  171.229       4.6300
 -77.735  175.577       4.6300
 -77.735  179.924       4.6300
 -77.735  184.272       4.6300
 -77.735  188.620       4.6300
 -77.735  192.968       3.2573
 -77.735  197.316       2.2745
 -77.735  201.664       2.2094
 -77.735  206.012       2.1696
 -77.735  210.360       2.0482
 -77.735  214.707       2.6877
 -77.735  219.055       2.6877
 -77.735  223.403       3.2573
 -77.735  227.751       3.5619
 -77.735  232.099       1.2582
 -77.735  236.447       0.9227
 -77.735  240.795       2.2520
 -77.735  245.143       2.1507
 -77.735  249.490       3.8036
 -77.735  253.838       4.6300
 -77.735  258.186       4.6300
 -73.423 -172.253       4.6300
 -73.423 -167.905       4.6300
 -73.423 -163.557       4.6300
 -73.423 -159.209       4.6300
 -73.423 -154.862       4.6300
 -73.423 -150.514       4.6300
 -73.423 -146.166       4.6300
 -73.423 -141.818       1.6840
 -73.423 -137.470       0.8470
 -73.423 -133.122       1.3384
 -73.423 -128.774       3.2573
 -73.423 -124.426       4.6300
 -73.423 -120.079       4.6300
 -73.423 -115.731       4.6300
 -73.423 -111.383       4.6300
 -73.423 -107.035       4.6300
 -73.423 -102.687       4.6300
 -73.423  -98.339       4.6300
 -73.423  -93.991       4.6300
 -73.423  -89.643       4.6300
 -73.423  -85.296       4.6300
 -73.423  -80.948       4.6300
 -73.423  -76.600       4.6300
 -73.423  -72.252       4.6300
 -73.423  -67.904       4.6300
 -73.423  -63.556       4.6300
 -73.423  -59.208       4.6300
 -73.423  -54.861       4.6300
 -73.423  -50.513       4.6300
 -73.423  -46.165       4.6300
 -73.423  -41.817       4.6300
 -73.423  -37.469       4.6300
 -73.423  -33.121       4.6300
 -73.423  -28.773       4.6300
 -73.423  -24.425       4.2168
 -73.423  -20.078       4.6300
 -73.423  -15.730       2.9069
 -73.423  -11.382       3.3904
 -73.423   -7.034       4.2168
 -73.423   -2.686       4.6300
 -73.423    1.662       3.8036
 -73.423    6.010       3.0567
 -73.423   10.358       3.0567
 -73.423   14.705       2.9771
 -73.423   19.053       2.9069
 -73.423   23.401       2.8441
 -73.423   27.749       3.3904
 -73.423   32.097       2.6877
 -73.423   36.445       2.5639
 -73.423   40.793       3.3904
 -73.423   45.140       2.9069
 -73.423   49.488       4.6300
 -73.423   53.836       4.6300
 -73.423   58.184       4.6300
 -73.423   62.532       4.6300
 -73.423   66.880       4.6300
 -73.423   71.228       4.6300
 -73.423   75.576       4.6300
 -73.423   79.923       4.6300
 -73.423   84.271       4.6300
 -73.423   88.619       4.6300
 -73.423   92.967       4.6300
 -73.423   97.315       4.6300
 -73.423  101.663       4.6300
 -73.423  106.011       4.6300
 -73.423  110.359       4.6300
 -73.423  114.706       4.6300
 -73.423  119.054       4.6300
 -73.423  123.402       4.6300
 -73.423  127.750       4.6300
 -73.423  132.098       4.6300
 -73.423  136.446       4.6300
 -73.423  140.794       4.6300
 -73.423  145.142       4.6300
 -73.423  149.489       4.6300
 -73.423  153.837       4.6300
 -73.423  158.185       4.6300
 -73.423  162.533       4.6300
 -73.423  166.881       4.6300
 -73.423  171.229       4.6300
 -73.423  175.577       4.6300
 -73.423  179.924       4.6300
 -73.423  184.272       4.6300
 -73.423  188.620       4.6300
 -73.423  192.968       4.2168
 -73.423  197.316       3.1486
 -73.423  201.664       2.9069
 -73.423  206.012       2.2520
 -73.423  210.360       2.2094
 -73.423  214.707       2.1891
 -73.423  219.055       2.7873
 -73.423  223.403       3.8036
 -73.423  227.751       3.3904
 -73.423  232.099       1.3677
 -73.423  236.447       1.0095
 -73.423  240.795       2.8441
 -73.423  245.143       2.3475
 -73.423  249.490       2.9771
 -73.423  253.838       2.9771
 -73.423  258.186       4.2168
 -69.110 -172.253       4.6300
 -69.110 -167.905       4.6300
 -69.110 -163.557       4.6300
 -69.110 -159.209       4.6300
 -69.110 -154.862       4.6300
 -69.110 -150.514       4.6300
 -69.110 -146.166       4.2168
 -69.110 -141.818       2.2978
 -69.110 -137.470       1.1912
 -69.110 -133.122       1.6429
 -69.110 -128.774       3.5619
 -69.110 -124.426       4.6300
 -69.110 -120.079       4.6300
 -69.110 -115.731       4.6300
 -69.110 -111.383       4.6300
 -69.110 -107.035       4.6300
 -69.110 -102.687       4.6300
 -69.110  -98.339       4.6300
 -69.110  -93.991       4.6300
 -69.110  -89.643       4.6300
 -69.110  -85.296       4.6300
 -69.110  -80.948       4.6300
 -69.110  -76.600       4.6300
 -69.110  -72.252       4.6300
 -69.110  -67.904       4.6300
 -69.110  -63.556       4.6300
 -69.110  -59.208       4.6300
 -69.110  -54.861       4.6300
 -69.110  -50.513       4.6300
 -69.110  -46.165       4.6300
 -69.110  -41.817       4.6300
 -69.110  -37.469       4.6300
 -69.110  -33.121       4.6300
 -69.110  -28.773       4.6300
 -69.110  -24.425       3.5619
 -69.110  -20.078       3.5619
 -69.110  -15.730       2.9069
 -69.110  -11.382       3.8036
 -69.110   -7.034       4.6300
 -69.110   -2.686       4.2168
 -69.110    1.662       3.2573
 -69.110    6.010       2.9771
 -69.110   10.358       2.6024
 -69.110   14.705       2.7354
 -69.110   19.053       2.3740
 -69.110   23.401       3.5619
 -69.110   27.749       3.8036
 -69.110   32.097       2.4614
 -69.110   36.445       2.5639
 -69.110   40.793       3.2573
 -69.110   45.140       4.6300
 -69.110   49.488       4.6300
 -69.110   53.836       4.6300
 -69.110   58.184       4.6300
 -69.110   62.532       4.6300
 -69.110   66.880       4.6300
 -69.110   71.228       4.6300
 -69.110   75.576       4.6300
 -69.110   79.923       4.6300
 -69.110   84.271       4.6300
 -69.110   88.619       4.6300
 -69.110   92.967       4.6300
 -69.110   97.315       4.6300
 -69.110  101.663       4.6300
 -69.110  106.011       4.6300
 -69.110  110.359       4.6300
 -69.110  114.706       4.6300
 -69.110  119.054       4.6300
 -69.110  123.402       4.6300
 -69.110  127.750       4.6300
 -69.110  132.098       4.6300
 -69.110  136.446       4.6300
 -69.110  140.794       4.6300
 -69.110  145.142       4.6300
 -69.110  149.489       4.6300
 -69.110  153.837       4.6300
 -69.110  158.185       4.6300
 -69.110  162.533       4.6300
 -69.110  166.881       4.6300
 -69.110  171.229       4.6300
 -69.110  175.577       4.6300
 -69.110  179.924       4.6300
 -69.110  184.272       4.6300
 -69.110  188.620       4.6300
 -69.110  192.968       4.6300
 -69.110  197.316       3.8036
 -69.110  201.664       2.6877
 -69.110  206.012       2.2520
 -69.110  210.360       2.0972
 -69.110  214.707       2.0482
 -69.110  219.055       2.6435
 -69.110  223.403       4.2168
 -69.110  227.751       4.6300
 -69.110  232.099       1.6272
 -69.110  236.447       1.1586
 -69.110  240.795       2.6877
 -69.110  245.143       2.4309
 -69.110  249.490       2.2303
 -69.110  253.838       2.6435
 -69.110  258.186       3.2573
 -64.797 -172.253       4.6300
 -64.797 -167.905       4.6300
 -64.797 -163.557       4.6300
 -64.797 -159.209       4.6300
 -64.797 -154.862       4.6300
 -64.797 -150.514       4.6300
 -64.797 -146.166       4.2168
 -64.797 -141.818       2.4309
 -64.797 -137.470       1.5683
 -64.797 -133.122       2.3475
 -64.797 -128.774       4.2168
 -64.797 -124.426       4.6300
 -64.797 -120.079       4.6300
 -64.797 -115.731       4.6300
 -64.797 -111.383       4.6300
 -64.797 -107.035       4.6300
 -64.797 -102.687       4.6300
 -64.797  -98.339       4.6300
 -64.797  -93.991       4.6300
 -64.797  -89.643       4.6300
 -64.797  -85.296       4.6300
 -64.797  -80.948       4.6300
 -64.797  -76.600       4.6300
 -64.797  -72.252       4.6300
 -64.797  -67.904       4.6300
 -64.797  -63.556       4.6300
 -64.797  -59.208       4.6300
 -64.797  -54.861       4.6300
 -64.797  -50.513       4.6300
 -64.797  -46.165       4.6300
 -64.797  -41.817       4.6300
 -64.797  -37.469       4.6300
 -64.797  -33.121       4.6300
 -64.797  -28.773       4.2168
 -64.797  -24.425       3.2573
 -64.797  -20.078       3.5619
 -64.797  -15.730       3.2573
 -64.797  -11.382       3.8036
 -64.797   -7.034       3.3904
 -64.797   -2.686       3.8036
 -64.797    1.662       4.2168
 -64.797    6.010       2.9771
 -64.797   10.358       2.8441
 -64.797   14.705       2.4614
 -64.797   19.053       2.8441
 -64.797   23.401       4.2168
 -64.797   27.749       3.5619
 -64.797   32.097       3.1486
 -64.797   36.445       3.2573
 -64.797   40.793       3.1486
 -64.797   45.140       4.6300
 -64.797   49.488       4.6300
 -64.797   53.836       4.6300
 -64.797   58.184       4.6300
 -64.797   62.532       4.6300
 -64.797   66.880       4.6300
 -64.797   71.228       4.6300
 -64.797   75.576       4.6300
 -64.797   79.923       4.6300
 -64.797   84.271       4.6300
 -64.797   88.619       4.6300
 -64.797   92.967       4.6300
 -64.797   97.315       4.6300
 -64.797  101.663       4.6300
 -64.797  106.011       4.6300
 -64.797  110.359       4.6300
 -64.797  114.706       4.6300
 -64.797  119.054       4.6300
 -64.797  123.402       4.6300
 -64.797  127.750       4.6300
 -64.797  132.098       4.6300
 -64.797  136.446       4.6300
 -64.797  140.794       4.6300
 -64.797  145.142       4.6300
 -64.797  149.489       4.6300
 -64.797  153.837       4.6300
 -64.797  158.185       4.6300
 -64.797  162.533       4.6300
 -64.797  166.881       4.6300
 -64.797  171.229       4.6300
 -64.797  175.577       4.6300
 -64.797  179.924       4.6300
 -64.797  184.272       4.6300
 -64.797  188.620       4.6300
 -64.797  192.968       3.8036
 -64.797  197.316       3.8036
 -64.797  201.664       2.6435
 -64.797  206.012       1.8846
 -64.797  210.360       1.7191
 -64.797  214.707       1.8967
 -64.797  219.055       2.6877
 -64.797  223.403       4.2168
 -64.797  227.751       4.6300
 -64.797  232.099       2.4614
 -64.797  236.447       1.8387
 -64.797  240.795       3.3904
 -64.797  245.143       2.0327
 -64.797  249.490       2.1696
 -64.797  253.838       2.6435
 -64.797  258.186       2.9069
 -60.484 -172.253       4.6300
 -60.484 -167.905       4.6300
 -60.484 -163.557       4.6300
 -60.484 -159.209       4.6300
 -60.484 -154.862       4.6300
 -60.484 -150.514       4.6300
 -60.484 -146.166       4.6300
 -60.484 -141.818       2.8441
 -60.484 -137.470       2.1507
 -60.484 -133.122       2.1145
 -60.484 -128.774       4.6300
 -60.484 -124.426       4.6300
 -60.484 -120.079       4.6300
 -60.484 -115.731       4.6300
 -60.484 -111.383       4.6300
 -60.484 -107.035       4.6300
 -60.484 -102.687       4.6300
 -60.484  -98.339       4.6300
 -60.484  -93.991       4.6300
 -60.484  -89.643       4.6300
 -60.484  -85.296       4.6300
 -60.484  -80.948       4.6300
 -60.484  -76.600       4.6300
 -60.484  -72.252       4.2168
 -60.484  -67.904       4.6300
 -60.484  -63.556       4.6300
 -60.484  -59.208       4.6300
 -60.484  -54.861       4.6300
 -60.484  -50.513       4.6300
 -60.484  -46.165       4.6300
 -60.484  -41.817       4.6300
 -60.484  -37.469       4.6300
 -60.484  -33.121       3.8036
 -60.484  -28.773       3.3904
 -60.484  -24.425       2.8441
 -60.484  -20.078       4.6300
 -60.484  -15.730       4.6300
 -60.484  -11.382       4.6300
 -60.484   -7.034       3.8036
 -60.484   -2.686       3.8036
 -60.484    1.662       4.2168
 -60.484    6.010       3.5619
 -60.484   10.358       2.9069
 -60.484   14.705       4.2168
 -60.484   19.053       3.2573
 -60.484   23.401       3.3904
 -60.484   27.749       4.6300
 -60.484   32.097       3.5619
 -60.484   36.445       4.6300
 -60.484   40.793       4.6300
 -60.484   45.140       4.6300
 -60.484   49.488       4.6300
 -60.484   53.836       4.6300
 -60.484   58.184       4.6300
 -60.484   62.532       4.6300
 -60.484   66.880       4.6300
 -60.484   71.228       4.6300
 -60.484   75.576       4.6300
 -60.484   79.923       4.6300
 -60.484   84.271       4.6300
 -60.484   88.619       4.6300
 -60.484   92.967       4.6300
 -60.484   97.315       4.6300
 -60.484  101.663       4.6300
 -60.484  106.011       4.6300
 -60.484  110.359       4.6300
 -60.484  114.706       4.6300
 -60.484  119.054       4.6300
 -60.484  123.402       4.6300
 -60.484  127.750       4.6300
 -60.484  132.098       4.6300
 -60.484  136.446       4.6300
 -60.484  140.794       4.6300
 -60.484  145.142       4.6300
 -60.484  149.489       4.6300
 -60.484  153.837       4.6300
 -60.484  158.185       4.6300
 -60.484  162.533       4.6300
 -60.484  166.881       4.6300
 -60.484  171.229       4.6300
 -60.484  175.577       4.6300
 -60.484  179.924       4.6300
 -60.484  184.272       4.6300
 -60.484  188.620       4.6300
 -60.484  192.968       4.6300
 -60.484  197.316       3.0567
 -60.484  201.664       2.6024
 -60.484  206.012       1.9745
 -60.484  210.360       2.1507
 -60.484  214.707       2.1507
 -60.484  219.055       2.8441
 -60.484  223.403       4.2168
 -60.484  227.751       4.6300
 -60.484  232.099       3.5619
 -60.484  236.447       2.7873
 -60.484  240.795       3.5619
 -60.484  245.143       2.4309
 -60.484  249.490       1.8967
 -60.484  253.838       3.3904
 -60.484  258.186       3.8036
 -56.172 -172.253       4.6300
 -56.172 -167.905       4.6300
 -56.172 -163.557       4.6300
 -56.172 -159.209       4.6300
 -56.172 -154.862       4.6300
 -56.172 -150.514       4.6300
 -56.172 -146.166       4.6300
 -56.172 -141.818       4.6300
 -56.172 -137.470       2.3740
 -56.172 -133.122       2.5278
 -56.172 -128.774       4.2168
 -56.172 -124.426       4.6300
 -56.172 -120.079       4.6300
 -56.172 -115.731       4.6300
 -56.172 -111.383       4.6300
 -56.172 -107.035       4.6300
 -56.172 -102.687       4.6300
 -56.172  -98.339       4.6300
 -56.172  -93.991       4.6300
 -56.172  -89.643       4.6300
 -56.172  -85.296       4.6300
 -56.172  -80.948       4.6300
 -56.172  -76.600       4.6300
 -56.172  -72.252       2.7873
 -56.172  -67.904       3.1486
 -56.172  -63.556       4.6300
 -56.172  -59.208       4.6300
 -56.172  -54.861       4.6300
 -56.172  -50.513       4.6300
 -56.172  -46.165       4.6300
 -56.172  -41.817       4.6300
 -56.172  -37.469       4.6300
 -56.172  -33.121       3.2573
 -56.172  -28.773       3.3904
 -56.172  -24.425       3.0567
 -56.172  -20.078       4.2168
 -56.172  -15.730       4.2168
 -56.172  -11.382       3.3904
 -56.172   -7.034       3.1486
 -56.172   -2.686       4.6300
 -56.172    1.662       3.3904
 -56.172    6.010       3.3904
 -56.172   10.358       3.3904
 -56.172   14.705       3.5619
 -56.172   19.053       2.8441
 -56.172   23.401       3.5619
 -56.172   27.749       4.6300
 -56.172   32.097       4.6300
 -56.172   36.445       4.6300
 -56.172   40.793       4.6300
 -56.172   45.140       4.6300
 -56.172   49.488       4.6300
 -56.172   53.836       4.6300
 -56.172   58.184       4.6300
 -56.172   62.532       4.6300
 -56.172   66.880       4.6300
 -56.172   71.228       4.6300
 -56.172   75.576       4.6300
 -56.172   79.923       4.6300
 -56.172   84.271       4.6300
 -56.172   88.619       4.6300
 -56.172   92.967       4.6300
 -56.172   97.315       4.6300
 -56.172  101.663       4.6300
 -56.172  106.011       4.6300
 -56.172  110.359       4.6300
 -56.172  114.706       4.6300
 -56.172  119.054       4.6300
 -56.172  123.402       4.6300
 -56.172  127.750       4.6300
 -56.172  132.098       4.6300
 -56.172  136.446       4.6300
 -56.172  140.794       4.6300
 -56.172  145.142       4.6300
 -56.172  149.489       4.6300
 -56.172  153.837       4.6300
 -56.172  158.185       4.6300
 -56.172  162.533       4.6300
 -56.172  166.881       4.6300
 -56.172  171.229       4.6300
 -56.172  175.577       4.6300
 -56.172  179.924       4.6300
 -56.172  184.272       4.6300
 -56.172  188.620       4.6300
 -56.172  192.968       4.6300
 -56.172  197.316       3.1486
 -56.172  201.664       2.7873
 -56.172  206.012       2.1145
 -56.172  210.360       2.6024
 -56.172  214.707       2.5639
 -56.172  219.055       3.2573
 -56.172  223.403       4.2168
 -56.172  227.751       4.6300
 -56.172  232.099       4.6300
 -56.172  236.447       4.6300
 -56.172  240.795       4.6300
 -56.172  245.143       2.5639
 -56.172  249.490       2.2745
 -56.172  253.838       3.2573
 -56.172  258.186       4.6300
 -51.859 -172.253       4.6300
 -51.859 -167.905       4.6300
 -51.859 -163.557       4.6300
 -51.859 -159.209       4.6300
 -51.859 -154.862       4.6300
 -51.859 -150.514       4.6300
 -51.859 -146.166       4.6300
 -51.859 -141.818       2.9771
 -51.859 -137.470       2.2978
 -51.859 -133.122       2.4937
 -51.859 -128.774       4.2168
 -51.859 -124.426       4.6300
 -51.859 -120.079       4.6300
 -51.859 -115.731       4.6300
 -51.859 -111.383       4.6300
 -51.859 -107.035       4.6300
 -51.859 -102.687       4.6300
 -51.859  -98.339       4.6300
 -51.859  -93.991       4.6300
 -51.859  -89.643       4.6300
 -51.859  -85.296       4.6300
 -51.859  -80.948       4.2168
 -51.859  -76.600       3.5619
 -51.859  -72.252       2.7873
 -51.859  -67.904       2.9771
 -51.859  -63.556       3.3904
 -51.859  -59.208       4.6300
 -51.859  -54.861       4.6300
 -51.859  -50.513       4.6300
 -51.859  -46.165       4.6300
 -51.859  -41.817       4.6300
 -51.859  -37.469       4.6300
 -51.859  -33.121       3.8036
 -51.859  -28.773       3.2573
 -51.859  -24.425       4.2168
 -51.859  -20.078       4.6300
 -51.859  -15.730       4.6300
 -51.859  -11.382       4.2168
 -51.859   -7.034       3.8036
 -51.859   -2.686       3.3904
 -51.859    1.662       2.6877
 -51.859    6.010       3.0567
 -51.859   10.358       3.1486
 -51.859   14.705       3.1486
 -51.859   19.053       3.1486
 -51.859   23.401       4.6300
 -51.859   27.749       4.6300
 -51.859   32.097       4.6300
 -51.859   36.445       4.6300
 -51.859   40.793       4.6300
 -51.859   45.140       4.6300
 -51.859   49.488       4.6300
 -51.859   53.836       4.6300
 -51.859   58.184       4.6300
 -51.859   62.532       4.6300
 -51.859   66.880       4.6300
 -51.859   71.228       4.6300
 -51.859   75.576       4.6300
 -51.859   79.923       4.6300
 -51.859   84.271       4.6300
 -51.859   88.619       4.6300
 -51.859   92.967       4.6300
 -51.859   97.315       4.6300
 -51.859  101.663       4.6300
 -51.859  106.011       4.6300
 -51.859  110.359       4.6300
 -51.859  114.706       4.6300
 -51.859  119.054       4.6300
 -51.859  123.402       4.6300
 -51.859  127.750       4.6300
 -51.859  132.098       4.6300
 -51.859  136.446       4.6300
 -51.859  140.794       4.6300
 -51.859  145.142       4.6300
 -51.859  149.489       4.6300
 -51.859  153.837       4.6300
 -51.859  158.185       4.6300
 -51.859  162.533       4.6300
 -51.859  166.881       4.6300
 -51.859  171.229       4.6300
 -51.859  175.577       4.6300
 -51.859  179.924       4.6300
 -51.859  184.272       4.6300
 -51.859  188.620       4.6300
 -51.859  192.968       4.6300
 -51.859  197.316       3.0567
 -51.859  201.664       2.4018
 -51.859  206.012       1.9886
 -51.859  210.360       1.9474
 -51.859  214.707       2.2094
 -51.859  219.055       2.2745
 -51.859  223.403       2.7354
 -51.859  227.751       3.8036
 -51.859  232.099       4.6300
 -51.859  236.447       4.6300
 -51.859  240.795       4.6300
 -51.859  245.143       4.6300
 -51.859  249.490       3.3904
 -51.859  253.838       4.2168
 -51.859  258.186       4.6300
 -47.546 -172.253       4.6300
 -47.546 -167.905       4.6300
 -47.546 -163.557       4.6300
 -47.546 -159.209       4.6300
 -47.546 -154.862       4.6300
 -47.546 -150.514       4.6300
 -47.546 -146.166       4.6300
 -47.546 -141.818       2.9771
 -47.546 -137.470       2.7354
 -47.546 -133.122       3.3904
 -47.546 -128.774       4.6300
 -47.546 -124.426       4.6300
 -47.546 -120.079       4.6300
 -47.546 -115.731       4.6300
 -47.546 -111.383       4.6300
 -47.546 -107.035       4.6300
 -47.546 -102.687       4.6300
 -47.546  -98.339       4.6300
 -47.546  -93.991       4.6300
 -47.546  -89.643       4.6300
 -47.546  -85.296       4.6300
 -47.546  -80.948       4.6300
 -47.546  -76.600       4.2168
 -47.546  -72.252       2.8441
 -47.546  -67.904       2.4309
 -47.546  -63.556       2.5278
 -47.546  -59.208       3.5619
 -47.546  -54.861       3.5619
 -47.546  -50.513       3.1486
 -47.546  -46.165       3.8036
 -47.546  -41.817       4.6300
 -47.546  -37.469       2.9771
 -47.546  -33.121       3.8036
 -47.546  -28.773       3.5619
 -47.546  -24.425       4.6300
 -47.546  -20.078       4.6300
 -47.546  -15.730       4.6300
 -47.546  -11.382       4.6300
 -47.546   -7.034       3.5619
 -47.546   -2.686       2.5639
 -47.546    1.662       2.8441
 -47.546    6.010       3.1486
 -47.546   10.358       3.0567
 -47.546   14.705       2.9771
 -47.546   19.053       3.1486
 -47.546   23.401       4.6300
 -47.546   27.749       4.6300
 -47.546   32.097       4.6300
 -47.546   36.445       4.6300
 -47.546   40.793       4.6300
 -47.546   45.140       4.6300
 -47.546   49.488       4.6300
 -47.546   53.836       4.6300
 -47.546   58.184       4.6300
 -47.546   62.532       4.6300
 -47.546   66.880       4.6300
 -47.546   71.228       4.6300
 -47.546   75.576       4.6300
 -47.546   79.923       4.6300
 -47.546   84.271       4.6300
 -47.546   88.619       4.6300
 -47.546   92.967       4.6300
 -47.546   97.315       4.6300
 -47.546  101.663       4.6300
 -47.546  106.011       4.6300
 -47.546  110.359       4.6300
 -47.546  114.706       4.6300
 -47.546  119.054       4.6300
 -47.546  123.402       4.6300
 -47.546  127.750       4.6300
 -47.546  132.098       4.6300
 -47.546  136.446       4.6300
 -47.546  140.794       4.6300
 -47.546  145.142       4.6300
 -47.546  149.489       4.6300
 -47.546  153.837       4.6300
 -47.546  158.185       4.6300
 -47.546  162.533       4.6300
 -47.546  166.881       4.6300
 -47.546  171.229       4.6300
 -47.546  175.577       4.6300
 -47.546  179.924       4.6300
 -47.546  184.272       4.6300
 -47.546  188.620       4.6300
 -47.546  192.968       4.6300
 -47.546  197.316       2.9771
 -47.546  201.664       2.4309
 -47.546  206.012       2.0641
 -47.546  210.360       2.2303
 -47.546  214.707       2.4937
 -47.546  219.055       2.4018
 -47.546  223.403       2.4614
 -47.546  227.751       4.6300
 -47.546  232.099       4.6300
 -47.546  236.447       4.6300
 -47.546  240.795       4.6300
 -47.546  245.143       4.6300
 -47.546  249.490       4.6300
 -47.546  253.838       4.6300
 -47.546  258.186       4.6300
 -43.234 -172.253       4.6300
 -43.234 -167.905       4.6300
 -43.234 -163.557       4.6300
 -43.234 -159.209       4.6300
 -43.234 -154.862       4.6300
 -43.234 -150.514       4.6300
 -43.234 -146.166       3.1486
 -43.234 -141.818       2.7354
 -43.234 -137.470       2.7873
 -43.234 -133.122       3.1486
 -43.234 -128.774       4.6300
 -43.234 -124.426       4.6300
 -43.234 -120.079       4.6300
 -43.234 -115.731       4.6300
 -43.234 -111.383       4.6300
 -43.234 -107.035       4.6300
 -43.234 -102.687       4.6300
 -43.234  -98.339       4.6300
 -43.234  -93.991       4.6300
 -43.234  -89.643       4.6300
 -43.234  -85.296       4.6300
 -43.234  -80.948       4.6300
 -43.234  -76.600       3.3904
 -43.234  -72.252       4.2168
 -43.234  -67.904       2.8441
 -43.234  -63.556       2.8441
 -43.234  -59.208       3.5619
 -43.234  -54.861       3.1486
 -43.234  -50.513       2.8441
 -43.234  -46.165       2.9771
 -43.234  -41.817       3.1486
 -43.234  -37.469       2.9069
 -43.234  -33.121       3.1486
 -43.234  -28.773       3.8036
 -43.234  -24.425       3.8036
 -43.234  -20.078       4.6300
 -43.234  -15.730       4.6300
 -43.234  -11.382       4.6300
 -43.234   -7.034       4.6300
 -43.234   -2.686       3.0567
 -43.234    1.662       3.5619
 -43.234    6.010       3.1486
 -43.234   10.358       2.9069
 -43.234   14.705       3.3904
 -43.234   19.053       3.8036
 -43.234   23.401       4.6300
 -43.234   27.749       4.6300
 -43.234   32.097       4.6300
 -43.234   36.445       4.6300
 -43.234   40.793       4.6300
 -43.234   45.140       4.6300
 -43.234   49.488       4.6300
 -43.234   53.836       4.6300
 -43.234   58.184       4.6300
 -43.234   62.532       4.6300
 -43.234   66.880       4.6300
 -43.234   71.228       4.6300
 -43.234   75.576       4.6300
 -43.234   79.923       4.6300
 -43.234   84.271       4.6300
 -43.234   88.619       4.6300
 -43.234   92.967       4.6300
 -43.234   97.315       4.6300
 -43.234  101.663       4.6300
 -43.234  106.011       4.6300
 -43.234  110.359       4.6300
 -43.234  114.706       4.6300
 -43.234  119.054       4.6300
 -43.234  123.402       4.6300
 -43.234  127.750       4.6300
 -43.234  132.098       4.6300
 -43.234  136.446       4.6300
 -43.234  140.794       4.6300
 -43.234  145.142       4.6300
 -43.234  149.489       4.6300
 -43.234  153.837       4.6300
 -43.234  158.185       4.6300
 -43.234  162.533       4.6300
 -43.234  166.881       4.6300
 -43.234  171.229       4.6300
 -43.234  175.577       4.6300
 -43.234  179.924       4.6300
 -43.234  184.272       4.6300
 -43.234  188.620       4.6300
 -43.234  192.968       4.2168
 -43.234  197.316       2.8441
 -43.234  201.664       2.5278
 -43.234  206.012       2.2520
 -43.234  210.360       2.1507
 -43.234  214.707       2.6435
 -43.234  219.055       2.6877
 -43.234  223.403       2.3740
 -43.234  227.751       3.3904
 -43.234  232.099       4.6300
 -43.234  236.447       4.6300
 -43.234  240.795       4.6300
 -43.234  245.143       4.6300
 -43.234  249.490       4.6300
 -43.234  253.838       4.6300
 -43.234  258.186       4.6300
 -38.921 -172.253       4.6300
 -38.921 -167.905       4.6300
 -38.921 -163.557       4.6300
 -38.921 -159.209       4.6300
 -38.921 -154.862       3.8036
 -38.921 -150.514       4.2168
 -38.921 -146.166       2.7354
 -38.921 -141.818       2.6877
 -38.921 -137.470       3.2573
 -38.921 -133.122       3.1486
 -38.921 -128.774       3.8036
 -38.921 -124.426       4.6300
 -38.921 -120.079       4.2168
 -38.921 -115.731       4.2168
 -38.921 -111.383       4.6300
 -38.921 -107.035       4.6300
 -38.921 -102.687       4.6300
 -38.921  -98.339       4.6300
 -38.921  -93.991       4.6300
 -38.921  -89.643       4.6300
 -38.921  -85.296       4.6300
 -38.921  -80.948       3.8036
 -38.921  -76.600       3.5619
 -38.921  -72.252       4.6300
 -38.921  -67.904       4.2168
 -38.921  -63.556       4.6300
 -38.921  -59.208       3.8036
 -38.921  -54.861       3.3904
 -38.921  -50.513       3.2573
 -38.921  -46.165       2.3740
 -38.921  -41.817       2.7354
 -38.921  -37.469       2.8441
 -38.921  -33.121       2.9771
 -38.921  -28.773       3.8036
 -38.921  -24.425       4.6300
 -38.921  -20.078       4.6300
 -38.921  -15.730       4.6300
 -38.921  -11.382       4.6300
 -38.921   -7.034       4.6300
 -38.921   -2.686       4.6300
 -38.921    1.662       4.6300
 -38.921    6.010       4.6300
 -38.921   10.358       4.6300
 -38.921   14.705       4.6300
 -38.921   19.053       4.2168
 -38.921   23.401       4.6300
 -38.921   27.749       4.6300
 -38.921   32.097       4.6300
 -38.921   36.445       4.6300
 -38.921   40.793       4.6300
 -38.921   45.140       4.6300
 -38.921   49.488       4.6300
 -38.921   53.836       4.6300
 -38.921   58.184       4.6300
 -38.921   62.532       4.6300
 -38.921   66.880       4.6300
 -38.921   71.228       4.6300
 -38.921   75.576       4.6300
 -38.921   79.923       4.6300
 -38.921   84.271       4.6300
 -38.921   88.619       4.6300
 -38.921   92.967       4.6300
 -38.921   97.315       4.6300
 -38.921  101.663       4.6300
 -38.921  106.011       4.6300
 -38.921  110.359       4.6300
 -38.921  114.706       4.6300
 -38.921  119.054       4.6300
 -38.921  123.402       4.6300
 -38.921  127.750       4.6300
 -38.921  132.098       4.6300
 -38.921  136.446       4.6300
 -38.921  140.794       4.6300
 -38.921  145.142       4.6300
 -38.921  149.489       4.6300
 -38.921  153.837       4.6300
 -38.921  158.185       4.6300
 -38.921  162.533       4.6300
 -38.921  166.881       4.6300
 -38.921  171.229       4.6300
 -38.921  175.577       4.6300
 -38.921  179.924       4.6300
 -38.921  184.272       4.6300
 -38.921  188.620       4.6300
 -38.921  192.968       2.9069
 -38.921  197.316       2.0482
 -38.921  201.664       2.1145
 -38.921  206.012       1.9745
 -38.921  210.360       1.8065
 -38.921  214.707       2.0327
 -38.921  219.055       2.7354
 -38.921  223.403       3.1486
 -38.921  227.751       3.8036
 -38.921  232.099       4.6300
 -38.921  236.447       4.6300
 -38.921  240.795       4.6300
 -38.921  245.143       4.6300
 -38.921  249.490       4.6300
 -38.921  253.838       4.6300
 -38.921  258.186       4.6300
 -34.608 -172.253       4.6300
 -34.608 -167.905       4.6300
 -34.608 -163.557       4.6300
 -34.608 -159.209       4.6300
 -34.608 -154.862       3.1486
 -34.608 -150.514       3.2573
 -34.608 -146.166       2.5639
 -34.608 -141.818       2.1696
 -34.608 -137.470       2.4309
 -34.608 -133.122       2.2520
 -34.608 -128.774       2.7873
 -34.608 -124.426       4.2168
 -34.608 -120.079       3.5619
 -34.608 -115.731       3.5619
 -34.608 -111.383       4.6300
 -34.608 -107.035       4.6300
 -34.608 -102.687       4.6300
 -34.608  -98.339       4.6300
 -34.608  -93.991       4.6300
 -34.608  -89.643       4.6300
 -34.608  -85.296       4.6300
 -34.608  -80.948       3.2573
 -34.608  -76.600       4.2168
 -34.608  -72.252       4.6300
 -34.608  -67.904       4.6300
 -34.608  -63.556       4.6300
 -34.608  -59.208       4.6300
 -34.608  -54.861       3.8036
 -34.608  -50.513       3.5619
 -34.608  -46.165       3.8036
 -34.608  -41.817       3.3904
 -34.608  -37.469       2.8441
 -34.608  -33.121       4.6300
 -34.608  -28.773       3.8036
 -34.608  -24.425       4.6300
 -34.608  -20.078       4.6300
 -34.608  -15.730       4.6300
 -34.608  -11.382       4.6300
 -34.608   -7.034       4.6300
 -34.608   -2.686       4.6300
 -34.608    1.662       4.6300
 -34.608    6.010       4.6300
 -34.608   10.358       4.6300
 -34.608   14.705       4.6300
 -34.608   19.053       4.6300
 -34.608   23.401       4.6300
 -34.608   27.749       4.6300
 -34.608   32.097       4.6300
 -34.608   36.445       4.6300
 -34.608   40.793       4.6300
 -34.608   45.140       4.6300
 -34.608   49.488       4.6300
 -34.608   53.836       4.6300
 -34.608   58.184       4.6300
 -34.608   62.532       4.6300
 -34.608   66.880       4.6300
 -34.608   71.228       4.6300
 -34.608   75.576       4.6300
 -34.608   79.923       4.6300
 -34.608   84.271       4.6300
 -34.608   88.619       4.6300
 -34.608   92.967       4.6300
 -34.608   97.315       4.6300
 -34.608  101.663       4.6300
 -34.608  106.011       4.6300
 -34.608  110.359       4.6300
 -34.608  114.706       4.6300
 -34.608  119.054       4.6300
 -34.608  123.402       4.6300
 -34.608  127.750       4.6300
 -34.608  132.098       4.6300
 -34.608  136.446       4.6300
 -34.608  140.794       4.6300
 -34.608  145.142       4.6300
 -34.608  149.489       4.6300
 -34.608  153.837       4.6300
 -34.608  158.185       4.6300
 -34.608  162.533       4.6300
 -34.608  166.881       4.6300
 -34.608  171.229       4.6300
 -34.608  175.577       4.6300
 -34.608  179.924       4.6300
 -34.608  184.272       4.6300
 -34.608  188.620       4.6300
 -34.608  192.968       3.3904
 -34.608  197.316       2.4614
 -34.608  201.664       2.0972
 -34.608  206.012       1.8967
 -34.608  210.360       1.8171
 -34.608  214.707       1.7282
 -34.608  219.055       2.9069
 -34.608  223.403       2.9771
 -34.608  227.751       4.2168
 -34.608  232.099       4.6300
 -34.608  236.447       4.6300
 -34.608  240.795       4.6300
 -34.608  245.143       4.6300
 -34.608  249.490       4.6300
 -34.608  253.838       4.6300
 -34.608  258.186       4.6300
 -30.296 -172.253       4.6300
 -30.296 -167.905       4.6300
 -30.296 -163.557       4.6300
 -30.296 -159.209       4.6300
 -30.296 -154.862       2.9771
 -30.296 -150.514       2.3475
 -30.296 -146.166       1.7468
 -30.296 -141.818       1.6756
 -30.296 -137.470       2.3222
 -30.296 -133.122       2.1891
 -30.296 -128.774       2.4937
 -30.296 -124.426       2.9771
 -30.296 -120.079       2.3740
 -30.296 -115.731       2.6435
 -30.296 -111.383       3.3904
 -30.296 -107.035       4.2168
 -30.296 -102.687       3.5619
 -30.296  -98.339       4.6300
 -30.296  -93.991       4.6300
 -30.296  -89.643       4.6300
 -30.296  -85.296       4.2168
 -30.296  -80.948       3.3904
 -30.296  -76.600       4.2168
 -30.296  -72.252       4.6300
 -30.296  -67.904       4.6300
 -30.296  -63.556       4.6300
 -30.296  -59.208       4.6300
 -30.296  -54.861       4.6300
 -30.296  -50.513       4.6300
 -30.296  -46.165       4.6300
 -30.296  -41.817       4.2168
 -30.296  -37.469       4.2168
 -30.296  -33.121       4.2168
 -30.296  -28.773       4.2168
 -30.296  -24.425       4.6300
 -30.296  -20.078       4.6300
 -30.296  -15.730       4.6300
 -30.296  -11.382       4.6300
 -30.296   -7.034       4.6300
 -30.296   -2.686       4.6300
 -30.296    1.662       4.6300
 -30.296    6.010       4.6300
 -30.296   10.358       4.6300
 -30.296   14.705       4.6300
 -30.296   19.053       4.6300
 -30.296   23.401       4.6300
 -30.296   27.749       4.6300
 -30.296   32.097       4.6300
 -30.296   36.445       4.6300
 -30.296   40.793       4.6300
 -30.296   45.140       4.6300
 -30.296   49.488       4.6300
 -30.296   53.836       4.6300
 -30.296   58.184       4.6300
 -30.296   62.532       4.6300
 -30.296   66.880       4.6300
 -30.296   71.228       4.6300
 -30.296   75.576       4.6300
 -30.296   79.923       4.6300
 -30.296   84.271       4.6300
 -30.296   88.619       4.6300
 -30.296   92.967       4.6300
 -30.296   97.315       4.6300
 -30.296  101.663       4.6300
 -30.296  106.011       4.6300
 -30.296  110.359       4.6300
 -30.296  114.706       4.6300
 -30.296  119.054       4.6300
 -30.296  123.402       4.6300
 -30.296  127.750       4.6300
 -30.296  132.098       4.6300
 -30.296  136.446       4.6300
 -30.296  140.794       4.6300
 -30.296  145.142       4.6300
 -30.296  149.489       4.6300
 -30.296  153.837       4.6300
 -30.296  158.185       4.6300
 -30.296  162.533       4.6300
 -30.296  166.881       4.6300
 -30.296  171.229       4.6300
 -30.296  175.577       4.6300
 -30.296  179.924       4.6300
 -30.296  184.272       4.2168
 -30.296  188.620       4.2168
 -30.296  192.968       4.2168
 -30.296  197.316       2.6024
 -30.296  201.664       2.0482
 -30.296  206.012       1.7859
 -30.296  210.360       1.7468
 -30.296  214.707       2.0029
 -30.296  219.055       2.7354
 -30.296  223.403       3.1486
 -30.296  227.751       3.3904
 -30.296  232.099       4.6300
 -30.296  236.447       4.6300
 -30.296  240.795       4.6300
 -30.296  245.143       4.6300
 -30.296  249.490       4.6300
 -30.296  253.838       4.6300
 -30.296  258.186       4.6300
 -25.983 -172.253       4.6300
 -25.983 -167.905       4.6300
 -25.983 -163.557       4.6300
 -25.983 -159.209       4.6300
 -25.983 -154.862       3.2573
 -25.983 -150.514       1.9745
 -25.983 -146.166       1.3384
 -25.983 -141.818       1.4714
 -25.983 -137.470       1.9089
 -25.983 -133.122       2.4614
 -25.983 -128.774       2.4018
 -25.983 -124.426       3.8036
 -25.983 -120.079       3.8036
 -25.983 -115.731       3.1486
 -25.983 -111.383       2.7873
 -25.983 -107.035       3.0567
 -25.983 -102.687       3.3904
 -25.983  -98.339       4.6300
 -25.983  -93.991       4.2168
 -25.983  -89.643       4.6300
 -25.983  -85.296       4.2168
 -25.983  -80.948       3.2573
 -25.983  -76.600       4.6300
 -25.983  -72.252       4.6300
 -25.983  -67.904       4.6300
 -25.983  -63.556       4.6300
 -25.983  -59.208       4.6300
 -25.983  -54.861       4.6300
 -25.983  -50.513       4.6300
 -25.983  -46.165       4.6300
 -25.983  -41.817       4.6300
 -25.983  -37.469       4.6300
 -25.983  -33.121       4.6300
 -25.983  -28.773       4.6300
 -25.983  -24.425       4.6300
 -25.983  -20.078       4.6300
 -25.983  -15.730       4.6300
 -25.983  -11.382       4.6300
 -25.983   -7.034       4.6300
 -25.983   -2.686       4.6300
 -25.983    1.662       4.6300
 -25.983    6.010       4.6300
 -25.983   10.358       4.6300
 -25.983   14.705       4.6300
 -25.983   19.053       4.6300
 -25.983   23.401       4.6300
 -25.983   27.749       4.6300
 -25.983   32.097       4.6300
 -25.983   36.445       4.6300
 -25.983   40.793       4.6300
 -25.983   45.140       4.6300
 -25.983   49.488       4.6300
 -25.983   53.836       4.6300
 -25.983   58.184       4.6300
 -25.983   62.532       4.6300
 -25.983   66.880       4.6300
 -25.983   71.228       4.6300
 -25.983   75.576       4.6300
 -25.983   79.923       4.6300
 -25.983   84.271       4.6300
 -25.983   88.619       4.6300
 -25.983   92.967       4.6300
 -25.983   97.315       4.6300
 -25.983  101.663       4.6300
 -25.983  106.011       4.6300
 -25.983  110.359       4.6300
 -25.983  114.706       4.6300
 -25.983  119.054       4.6300
 -25.983  123.402       4.6300
 -25.983  127.750       4.6300
 -25.983  132.098       4.6300
 -25.983  136.446       4.6300
 -25.983  140.794       4.6300
 -25.983  145.142       4.6300
 -25.983  149.489       4.6300
 -25.983  153.837       4.6300
 -25.983  158.185       4.6300
 -25.983  162.533       4.6300
 -25.983  166.881       4.6300
 -25.983  171.229       4.6300
 -25.983  175.577       4.6300
 -25.983  179.924       4.6300
 -25.983  184.272       3.8036
 -25.983  188.620       3.5619
 -25.983  192.968       2.5278
 -25.983  197.316       2.2745
 -25.983  201.664       2.2745
 -25.983  206.012       1.7859
 -25.983  210.360       1.9343
 -25.983  214.707       2.2978
 -25.983  219.055       2.4937
 -25.983  223.403       2.6024
 -25.983  227.751       3.3904
 -25.983  232.099       4.6300
 -25.983  236.447       4.6300
 -25.983  240.795       4.6300
 -25.983  245.143       4.6300
 -25.983  249.490       4.6300
 -25.983  253.838       4.6300
 -25.983  258.186       4.6300
 -21.670 -172.253       4.6300
 -21.670 -167.905       4.6300
 -21.670 -163.557       4.6300
 -21.670 -159.209       4.6300
 -21.670 -154.862       3.8036
 -21.670 -150.514       1.7282
 -21.670 -146.166       1.3480
 -21.670 -141.818       2.0805
 -21.670 -137.470       2.2520
 -21.670 -133.122       2.2520
 -21.670 -128.774       2.6024
 -21.670 -124.426       4.2168
 -21.670 -120.079       4.6300
 -21.670 -115.731       4.2168
 -21.670 -111.383       3.5619
 -21.670 -107.035       3.2573
 -21.670 -102.687       3.5619
 -21.670  -98.339       4.6300
 -21.670  -93.991       3.2573
 -21.670  -89.643       2.5639
 -21.670  -85.296       3.3904
 -21.670  -80.948       4.6300
 -21.670  -76.600       4.6300
 -21.670  -72.252       4.6300
 -21.670  -67.904       4.6300
 -21.670  -63.556       4.6300
 -21.670  -59.208       4.6300
 -21.670  -54.861       4.6300
 -21.670  -50.513       4.6300
 -21.670  -46.165       4.6300
 -21.670  -41.817       4.6300
 -21.670  -37.469       4.6300
 -21.670  -33.121       4.6300
 -21.670  -28.773       4.6300
 -21.670  -24.425       4.6300
 -21.670  -20.078       4.6300
 -21.670  -15.730       4.6300
 -21.670  -11.382       4.6300
 -21.670   -7.034       4.6300
 -21.670   -2.686       4.6300
 -21.670    1.662       4.6300
 -21.670    6.010       4.6300
 -21.670   10.358       4.6300
 -21.670   14.705       4.6300
 -21.670   19.053       4.6300
 -21.670   23.401       4.6300
 -21.670   27.749       4.6300
 -21.670   32.097       4.6300
 -21.670   36.445       4.6300
 -21.670   40.793       4.6300
 -21.670   45.140       4.6300
 -21.670   49.488       4.6300
 -21.670   53.836       4.6300
 -21.670   58.184       4.6300
 -21.670   62.532       4.6300
 -21.670   66.880       4.6300
 -21.670   71.228       4.6300
 -21.670   75.576       4.6300
 -21.670   79.923       4.6300
 -21.670   84.271       4.6300
 -21.670   88.619       4.6300
 -21.670   92.967       4.6300
 -21.670   97.315       4.6300
 -21.670  101.663       4.6300
 -21.670  106.011       4.6300
 -21.670  110.359       4.6300
 -21.670  114.706       4.6300
 -21.670  119.054       4.6300
 -21.670  123.402       4.6300
 -21.670  127.750       4.6300
 -21.670  132.098       4.6300
 -21.670  136.446       4.6300
 -21.670  140.794       4.6300
 -21.670  145.142       4.6300
 -21.670  149.489       4.6300
 -21.670  153.837       4.6300
 -21.670  158.185       4.6300
 -21.670  162.533       4.6300
 -21.670  166.881       4.6300
 -21.670  171.229       4.6300
 -21.670  175.577       4.6300
 -21.670  179.924       3.5619
 -21.670  184.272       3.0567
 -21.670  188.620       2.7354
 -21.670  192.968       2.7354
 -21.670  197.316       2.5639
 -21.670  201.664       2.4309
 -21.670  206.012       1.9745
 -21.670  210.360       2.0176
 -21.670  214.707       2.5278
 -21.670  219.055       2.3222
 -21.670  223.403       2.8441
 -21.670  227.751       3.3904
 -21.670  232.099       4.2168
 -21.670  236.447       4.6300
 -21.670  240.795       4.6300
 -21.670  245.143       4.6300
 -21.670  249.490       4.6300
 -21.670  253.838       4.6300
 -21.670  258.186       4.6300
 -17.358 -172.253       4.6300
 -17.358 -167.905       4.6300
 -17.358 -163.557       4.6300
 -17.358 -159.209       4.6300
 -17.358 -154.862       2.3475
 -17.358 -150.514       2.0805
 -17.358 -146.166       1.8278
 -17.358 -141.818       2.4309
 -17.358 -137.470       3.3904
 -17.358 -133.122       2.6877
 -17.358 -128.774       3.8036
 -17.358 -124.426       4.6300
 -17.358 -120.079       4.6300
 -17.358 -115.731       4.2168
 -17.358 -111.383       3.8036
 -17.358 -107.035       4.2168
 -17.358 -102.687       4.2168
 -17.358  -98.339       4.6300
 -17.358  -93.991       3.2573
 -17.358  -89.643       2.1323
 -17.358  -85.296       3.2573
 -17.358  -80.948       4.6300
 -17.358  -76.600       4.6300
 -17.358  -72.252       4.6300
 -17.358  -67.904       4.6300
 -17.358  -63.556       4.6300
 -17.358  -59.208       4.6300
 -17.358  -54.861       4.6300
 -17.358  -50.513       4.6300
 -17.358  -46.165       4.6300
 -17.358  -41.817       4.6300
 -17.358  -37.469       4.6300
 -17.358  -33.121       4.6300
 -17.358  -28.773       4.6300
 -17.358  -24.425       4.6300
 -17.358  -20.078       4.6300
 -17.358  -15.730       4.6300
 -17.358  -11.382       4.6300
 -17.358   -7.034       4.6300
 -17.358   -2.686       4.6300
 -17.358    1.662       4.6300
 -17.358    6.010       4.6300
 -17.358   10.358       4.6300
 -17.358   14.705       4.6300
 -17.358   19.053       4.6300
 -17.358   23.401       4.6300
 -17.358   27.749       4.6300
 -17.358   32.097       4.6300
 -17.358   36.445       4.6300
 -17.358   40.793       4.6300
 -17.358   45.140       4.6300
 -17.358   49.488       4.6300
 -17.358   53.836       4.6300
 -17.358   58.184       4.6300
 -17.358   62.532       4.6300
 -17.358   66.880       4.6300
 -17.358   71.228       4.6300
 -17.358   75.576       4.6300
 -17.358   79.923       4.6300
 -17.358   84.271       4.6300
 -17.358   88.619       4.6300
 -17.358   92.967       4.6300
 -17.358   97.315       4.6300
 -17.358  101.663       4.6300
 -17.358  106.011       4.6300
 -17.358  110.359       4.6300
 -17.358  114.706       4.6300
 -17.358  119.054       4.6300
 -17.358  123.402       4.6300
 -17.358  127.750       4.6300
 -17.358  132.098       4.6300
 -17.358  136.446       4.6300
 -17.358  140.794       4.6300
 -17.358  145.142       4.6300
 -17.358  149.489       4.6300
 -17.358  153.837       4.6300
 -17.358  158.185       4.6300
 -17.358  162.533       4.6300
 -17.358  166.881       4.6300
 -17.358  171.229       4.6300
 -17.358  175.577       4.6300
 -17.358  179.924       4.6300
 -17.358  184.272       2.4937
 -17.358  188.620       2.3222
 -17.358  192.968       2.4018
 -17.358  197.316       2.1891
 -17.358  201.664       2.2520
 -17.358  206.012       2.0805
 -17.358  210.360       2.1323
 -17.358  214.707       2.4937
 -17.358  219.055       2.4018
 -17.358  223.403       2.8441
 -17.358  227.751       4.2168
 -17.358  232.099       4.6300
 -17.358  236.447       4.6300
 -17.358  240.795       4.6300
 -17.358  245.143       4.6300
 -17.358  249.490       4.6300
 -17.358  253.838       4.6300
 -17.358  258.186       4.6300
 -13.045 -172.253       4.6300
 -13.045 -167.905       4.6300
 -13.045 -163.557       4.6300
 -13.045 -159.209       4.6300
 -13.045 -154.862       3.3904
 -13.045 -150.514       3.3904
 -13.045 -146.166       2.5639
 -13.045 -141.818       3.2573
 -13.045 -137.470       4.6300
 -13.045 -133.122       3.1486
 -13.045 -128.774       4.6300
 -13.045 -124.426       4.6300
 -13.045 -120.079       4.6300
 -13.045 -115.731       4.6300
 -13.045 -111.383       3.3904
 -13.045 -107.035       2.8441
 -13.045 -102.687       2.9771
 -13.045  -98.339       4.6300
 -13.045  -93.991       4.6300
 -13.045  -89.643       2.7873
 -13.045  -85.296       2.6877
 -13.045  -80.948       2.9771
 -13.045  -76.600       4.6300
 -13.045  -72.252       4.2168
 -13.045  -67.904       3.5619
 -13.045  -63.556       4.6300
 -13.045  -59.208       4.6300
 -13.045  -54.861       4.6300
 -13.045  -50.513       4.6300
 -13.045  -46.165       4.6300
 -13.045  -41.817       4.6300
 -13.045  -37.469       4.6300
 -13.045  -33.121       4.6300
 -13.045  -28.773       4.6300
 -13.045  -24.425       4.6300
 -13.045  -20.078       4.6300
 -13.045  -15.730       4.6300
 -13.045  -11.382       4.6300
 -13.045   -7.034       4.6300
 -13.045   -2.686       4.6300
 -13.045    1.662       4.6300
 -13.045    6.010       4.6300
 -13.045   10.358       4.6300
 -13.045   14.705       4.6300
 -13.045   19.053       4.6300
 -13.045   23.401       4.6300
 -13.045   27.749       4.6300
 -13.045   32.097       4.6300
 -13.045   36.445       4.6300
 -13.045   40.793       4.6300
 -13.045   45.140       4.6300
 -13.045   49.488       4.6300
 -13.045   53.836       4.6300
 -13.045   58.184       4.6300
 -13.045   62.532       4.6300
 -13.045   66.880       4.6300
 -13.045   71.228       4.6300
 -13.045   75.576       4.6300
 -13.045   79.923       4.6300
 -13.045   84.271       4.6300
 -13.045   88.619       4.6300
 -13.045   92.967       4.6300
 -13.045   97.315       4.6300
 -13.045  101.663       4.6300
 -13.045  106.011       4.6300
 -13.045  110.359       4.6300
 -13.045  114.706       4.6300
 -13.045  119.054       4.6300
 -13.045  123.402       4.6300
 -13.045  127.750       4.6300
 -13.045  132.098       4.6300
 -13.045  136.446       4.6300
 -13.045  140.794       4.6300
 -13.045  145.142       4.6300
 -13.045  149.489       4.6300
 -13.045  153.837       4.6300
 -13.045  158.185       4.6300
 -13.045  162.533       4.6300
 -13.045  166.881       4.6300
 -13.045  171.229       4.6300
 -13.045  175.577       4.6300
 -13.045  179.924       4.6300
 -13.045  184.272       3.3904
 -13.045  188.620       2.3222
 -13.045  192.968       2.1696
 -13.045  197.316       2.4937
 -13.045  201.664       1.8065
 -13.045  206.012       1.9608
 -13.045  210.360       2.2520
 -13.045  214.707       2.3740
 -13.045  219.055       3.1486
 -13.045  223.403       2.9771
 -13.045  227.751       4.6300
 -13.045  232.099       4.6300
 -13.045  236.447       4.6300
 -13.045  240.795       4.6300
 -13.045  245.143       4.6300
 -13.045  249.490       4.6300
 -13.045  253.838       4.6300
 -13.045  258.186       4.6300
  -8.732 -172.253       4.6300
  -8.732 -167.905       4.6300
  -8.732 -163.557       4.6300
  -8.732 -159.209       4.6300
  -8.732 -154.862       4.6300
  -8.732 -150.514       4.6300
  -8.732 -146.166       4.2168
  -8.732 -141.818       4.6300
  -8.732 -137.470       4.6300
  -8.732 -133.122       4.6300
  -8.732 -128.774       4.6300
  -8.732 -124.426       4.6300
  -8.732 -120.079       4.6300
  -8.732 -115.731       4.6300
  -8.732 -111.383       3.8036
  -8.732 -107.035       2.6877
  -8.732 -102.687       2.9771
  -8.732  -98.339       4.6300
  -8.732  -93.991       4.6300
  -8.732  -89.643       4.6300
  -8.732  -85.296       3.5619
  -8.732  -80.948       2.5639
  -8.732  -76.600       3.0567
  -8.732  -72.252       2.6435
  -8.732  -67.904       3.2573
  -8.732  -63.556       3.2573
  -8.732  -59.208       3.5619
  -8.732  -54.861       4.2168
  -8.732  -50.513       4.6300
  -8.732  -46.165       4.6300
  -8.732  -41.817       4.6300
  -8.732  -37.469       4.6300
  -8.732  -33.121       4.6300
  -8.732  -28.773       4.6300
  -8.732  -24.425       4.6300
  -8.732  -20.078       4.6300
  -8.732  -15.730       4.6300
  -8.732  -11.382       4.6300
  -8.732   -7.034       4.6300
  -8.732   -2.686       4.6300
  -8.732    1.662       4.6300
  -8.732    6.010       4.6300
  -8.732   10.358       4.6300
  -8.732   14.705       4.6300
  -8.732   19.053       4.6300
  -8.732   23.401       4.6300
  -8.732   27.749       4.6300
  -8.732   32.097       4.6300
  -8.732   36.445       4.6300
  -8.732   40.793       4.6300
  -8.732   45.140       4.6300
  -8.732   49.488       4.6300
  -8.732   53.836       4.6300
  -8.732   58.184       4.6300
  -8.732   62.532       4.6300
  -8.732   66.880       4.6300
  -8.732   71.228       4.6300
  -8.732   75.576       4.6300
  -8.732   79.923       4.6300
  -8.732   84.271       4.6300
  -8.732   88.619       4.6300
  -8.732   92.967       4.6300
  -8.732   97.315       4.6300
  -8.732  101.663       4.6300
  -8.732  106.011       4.6300
  -8.732  110.359       4.6300
  -8.732  114.706       4.6300
  -8.732  119.054       4.6300
  -8.732  123.402       4.6300
  -8.732  127.750       4.6300
  -8.732  132.098       4.6300
  -8.732  136.446       4.6300
  -8.732  140.794       4.6300
  -8.732  145.142       4.6300
  -8.732  149.489       4.6300
  -8.732  153.837       4.6300
  -8.732  158.185       4.6300
  -8.732  162.533       4.6300
  -8.732  166.881       4.6300
  -8.732  171.229       4.6300
  -8.732  175.577       4.6300
  -8.732  179.924       4.2168
  -8.732  184.272       2.9771
  -8.732  188.620       2.6024
  -8.732  192.968       2.4937
  -8.732  197.316       2.1145
  -8.732  201.664       1.8846
  -8.732  206.012       1.9215
  -8.732  210.360       2.0029
  -8.732  214.707       2.8441
  -8.732  219.055       3.8036
  -8.732  223.403       3.8036
  -8.732  227.751       4.6300
  -8.732  232.099       4.6300
  -8.732  236.447       4.6300
  -8.732  240.795       4.6300
  -8.732  245.143       4.6300
  -8.732  249.490       4.6300
  -8.732  253.838       4.6300
  -8.732  258.186       4.6300
  -4.420 -172.253       4.6300
  -4.420 -167.905       4.6300
  -4.420 -163.557       4.6300
  -4.420 -159.209       4.6300
  -4.420 -154.862       4.6300
  -4.420 -150.514       4.6300
  -4.420 -146.166       4.6300
  -4.420 -141.818       4.6300
  -4.420 -137.470       4.6300
  -4.420 -133.122       4.6300
  -4.420 -128.774       4.6300
  -4.420 -124.426       4.6300
  -4.420 -120.079       4.6300
  -4.420 -115.731       4.6300
  -4.420 -111.383       3.3904
  -4.420 -107.035       3.1486
  -4.420 -102.687       3.1486
  -4.420  -98.339       4.6300
  -4.420  -93.991       4.6300
  -4.420  -89.643       4.6300
  -4.420  -85.296       4.6300
  -4.420  -80.948       3.5619
  -4.420  -76.600       2.5639
  -4.420  -72.252       2.7873
  -4.420  -67.904       3.3904
  -4.420  -63.556       4.2168
  -4.420  -59.208       3.3904
  -4.420  -54.861       3.3904
  -4.420  -50.513       4.6300
  -4.420  -46.165       3.8036
  -4.420  -41.817       4.6300
  -4.420  -37.469       4.6300
  -4.420  -33.121       4.6300
  -4.420  -28.773       4.6300
  -4.420  -24.425       4.6300
  -4.420  -20.078       4.6300
  -4.420  -15.730       4.6300
  -4.420  -11.382       4.6300
  -4.420   -7.034       4.6300
  -4.420   -2.686       4.6300
  -4.420    1.662       4.6300
  -4.420    6.010       4.6300
  -4.420   10.358       4.6300
  -4.420   14.705       4.6300
  -4.420   19.053       4.6300
  -4.420   23.401       4.6300
  -4.420   27.749       4.6300
  -4.420   32.097       4.6300
  -4.420   36.445       4.6300
  -4.420   40.793       4.6300
  -4.420   45.140       4.6300
  -4.420   49.488       4.6300
  -4.420   53.836       4.6300
  -4.420   58.184       4.6300
  -4.420   62.532       4.6300
  -4.420   66.880       4.6300
  -4.420   71.228       4.6300
  -4.420   75.576       4.6300
  -4.420   79.923       4.6300
  -4.420   84.271       4.6300
  -4.420   88.619       4.6300
  -4.420   92.967       4.6300
  -4.420   97.315       4.6300
  -4.420  101.663       4.6300
  -4.420  106.011       4.6300
  -4.420  110.359       4.6300
  -4.420  114.706       4.6300
  -4.420  119.054       4.6300
  -4.420  123.402       4.6300
  -4.420  127.750       4.6300
  -4.420  132.098       4.6300
  -4.420  136.446       4.6300
  -4.420  140.794       4.6300
  -4.420  145.142       4.6300
  -4.420  149.489       4.6300
  -4.420  153.837       4.6300
  -4.420  158.185       4.6300
  -4.420  162.533       4.6300
  -4.420  166.881       4.6300
  -4.420  171.229       4.6300
  -4.420  175.577       4.6300
  -4.420  179.924       4.6300
  -4.420  184.272       3.3904
  -4.420  188.620       2.8441
  -4.420  192.968       2.3740
  -4.420  197.316       2.3740
  -4.420  201.664       2.0176
  -4.420  206.012       1.8171
  -4.420  210.360       1.7661
  -4.420  214.707       2.5639
  -4.420  219.055       2.6877
  -4.420  223.403       4.6300
  -4.420  227.751       4.6300
  -4.420  232.099       4.6300
  -4.420  236.447       4.6300
  -4.420  240.795       4.6300
  -4.420  245.143       4.6300
  -4.420  249.490       4.6300
  -4.420  253.838       4.6300
  -4.420  258.186       4.6300
  -0.107 -172.253       4.6300
  -0.107 -167.905       4.6300
  -0.107 -163.557       4.6300
  -0.107 -159.209       4.6300
  -0.107 -154.862       4.6300
  -0.107 -150.514       4.6300
  -0.107 -146.166       4.6300
  -0.107 -141.818       4.6300
  -0.107 -137.470       4.6300
  -0.107 -133.122       4.6300
  -0.107 -128.774       4.6300
  -0.107 -124.426       4.6300
  -0.107 -120.079       4.6300
  -0.107 -115.731       4.6300
  -0.107 -111.383       3.5619
  -0.107 -107.035       4.2168
  -0.107 -102.687       4.6300
  -0.107  -98.339       4.6300
  -0.107  -93.991       4.6300
  -0.107  -89.643       4.6300
  -0.107  -85.296       4.6300
  -0.107  -80.948       4.6300
  -0.107  -76.600       3.2573
  -0.107  -72.252       2.9771
  -0.107  -67.904       3.5619
  -0.107  -63.556       3.5619
  -0.107  -59.208       4.2168
  -0.107  -54.861       3.2573
  -0.107  -50.513       3.0567
  -0.107  -46.165       3.5619
  -0.107  -41.817       3.5619
  -0.107  -37.469       4.2168
  -0.107  -33.121       4.6300
  -0.107  -28.773       4.6300
  -0.107  -24.425       4.2168
  -0.107  -20.078       4.6300
  -0.107  -15.730       4.6300
  -0.107  -11.382       4.6300
  -0.107   -7.034       4.6300
  -0.107   -2.686       4.6300
  -0.107    1.662       4.6300
  -0.107    6.010       4.6300
  -0.107   10.358       4.6300
  -0.107   14.705       4.6300
  -0.107   19.053       4.6300
  -0.107   23.401       4.6300
  -0.107   27.749       4.6300
  -0.107   32.097       4.6300
  -0.107   36.445       4.6300
  -0.107   40.793       4.6300
  -0.107   45.140       4.6300
  -0.107   49.488       4.6300
  -0.107   53.836       4.6300
  -0.107   58.184       4.6300
  -0.107   62.532       4.6300
  -0.107   66.880       4.6300
  -0.107   71.228       4.6300
  -0.107   75.576       4.6300
  -0.107   79.923       4.6300
  -0.107   84.271       4.6300
  -0.107   88.619       4.6300
  -0.107   92.967       4.6300
  -0.107   97.315       4.6300
  -0.107  101.663       4.6300
  -0.107  106.011       4.6300
  -0.107  110.359       4.6300
  -0.107  114.706       4.6300
  -0.107  119.054       4.6300
  -0.107  123.402       4.6300
  -0.107  127.750       4.6300
  -0.107  132.098       4.6300
  -0.107  136.446       4.6300
  -0.107  140.794       4.6300
  -0.107  145.142       4.6300
  -0.107  149.489       4.6300
  -0.107  153.837       4.6300
  -0.107  158.185       4.6300
  -0.107  162.533       4.6300
  -0.107  166.881       4.6300
  -0.107  171.229       4.6300
  -0.107  175.577       4.6300
  -0.107  179.924       4.6300
  -0.107  184.272       4.2168
  -0.107  188.620       2.9069
  -0.107  192.968       2.2303
  -0.107  197.316       1.9089
  -0.107  201.664       2.1891
  -0.107  206.012       1.8728
  -0.107  210.360       1.9608
  -0.107  214.707       2.3475
  -0.107  219.055       2.8441
  -0.107  223.403       4.6300
  -0.107  227.751       4.6300
  -0.107  232.099       4.6300
  -0.107  236.447       4.6300
  -0.107  240.795       4.6300
  -0.107  245.143       4.6300
  -0.107  249.490       4.6300
  -0.107  253.838       4.6300
  -0.107  258.186       4.6300
   4.206 -172.253       4.6300
   4.206 -167.905       4.6300
   4.206 -163.557       4.6300
   4.206 -159.209       4.6300
   4.206 -154.862       4.6300
   4.206 -150.514       4.6300
   4.206 -146.166       4.6300
   4.206 -141.818       4.6300
   4.206 -137.470       4.6300
   4.206 -133.122       4.6300
   4.206 -128.774       4.6300
   4.206 -124.426       4.6300
   4.206 -120.079       4.6300
   4.206 -115.731       4.6300
   4.206 -111.383       4.6300
   4.206 -107.035       4.2168
   4.206 -102.687       4.2168
   4.206  -98.339       3.5619
   4.206  -93.991       4.6300
   4.206  -89.643       3.5619
   4.206  -85.296       3.5619
   4.206  -80.948       4.6300
   4.206  -76.600       4.6300
   4.206  -72.252       2.7354
   4.206  -67.904       3.8036
   4.206  -63.556       4.6300
   4.206  -59.208       4.6300
   4.206  -54.861       3.8036
   4.206  -50.513       4.6300
   4.206  -46.165       4.6300
   4.206  -41.817       3.5619
   4.206  -37.469       3.5619
   4.206  -33.121       4.2168
   4.206  -28.773       4.6300
   4.206  -24.425       3.8036
   4.206  -20.078       3.8036
   4.206  -15.730       4.2168
   4.206  -11.382       4.6300
   4.206   -7.034       4.6300
   4.206   -2.686       4.6300
   4.206    1.662       4.6300
   4.206    6.010       4.6300
   4.206   10.358       4.6300
   4.206   14.705       4.6300
   4.206   19.053       4.6300
   4.206   23.401       4.6300
   4.206   27.749       4.6300
   4.206   32.097       4.6300
   4.206   36.445       4.6300
   4.206   40.793       4.6300
   4.206   45.140       4.6300
   4.206   49.488       4.6300
   4.206   53.836       4.6300
   4.206   58.184       4.6300
   4.206   62.532       4.6300
   4.206   66.880       4.6300
   4.206   71.228       4.6300
   4.206   75.576       4.6300
   4.206   79.923       4.6300
   4.206   84.271       4.6300
   4.206   88.619       4.6300
   4.206   92.967       4.6300
   4.206   97.315       4.6300
   4.206  101.663       4.6300
   4.206  106.011       4.6300
   4.206  110.359       4.6300
   4.206  114.706       4.6300
   4.206  119.054       4.6300
   4.206  123.402       4.6300
   4.206  127.750       4.6300
   4.206  132.098       4.6300
   4.206  136.446       4.6300
   4.206  140.794       4.6300
   4.206  145.142       4.6300
   4.206  149.489       4.6300
   4.206  153.837       4.6300
   4.206  158.185       4.6300
   4.206  162.533       4.6300
   4.206  166.881       4.6300
   4.206  171.229       4.6300
   4.206  175.577       4.6300
   4.206  179.924       4.6300
   4.206  184.272       3.0567
   4.206  188.620       2.3222
   4.206  192.968       1.8387
   4.206  197.316       2.0176
   4.206  201.664       2.2094
   4.206  206.012       1.7661
   4.206  210.360       1.8846
   4.206  214.707       2.3740
   4.206  219.055       2.9771
   4.206  223.403       4.6300
   4.206  227.751       4.6300
   4.206  232.099       4.6300
   4.206  236.447       4.6300
   4.206  240.795       4.6300
   4.206  245.143       4.6300
   4.206  249.490       4.6300
   4.206  253.838       4.6300
   4.206  258.186       4.6300
   8.518 -172.253       4.6300
   8.518 -167.905       4.6300
   8.518 -163.557       4.6300
   8.518 -159.209       4.6300
   8.518 -154.862       4.6300
   8.518 -150.514       4.6300
   8.518 -146.166       4.6300
   8.518 -141.818       4.6300
   8.518 -137.470       4.6300
   8.518 -133.122       4.6300
   8.518 -128.774       4.6300
   8.518 -124.426       4.6300
   8.518 -120.079       4.6300
   8.518 -115.731       4.6300
   8.518 -111.383       4.2168
   8.518 -107.035       4.6300
   8.518 -102.687       4.2168
   8.518  -98.339       3.3904
   8.518  -93.991       3.3904
   8.518  -89.643       3.8036
   8.518  -85.296       3.3904
   8.518  -80.948       4.6300
   8.518  -76.600       4.6300
   8.518  -72.252       3.0567
   8.518  -67.904       3.5619
   8.518  -63.556       4.6300
   8.518  -59.208       4.6300
   8.518  -54.861       4.6300
   8.518  -50.513       4.6300
   8.518  -46.165       4.6300
   8.518  -41.817       4.2168
   8.518  -37.469       2.9069
   8.518  -33.121       3.0567
   8.518  -28.773       3.2573
   8.518  -24.425       3.5619
   8.518  -20.078       3.8036
   8.518  -15.730       2.9771
   8.518  -11.382       2.9069
   8.518   -7.034       3.5619
   8.518   -2.686       4.6300
   8.518    1.662       4.6300
   8.518    6.010       4.6300
   8.518   10.358       4.6300
   8.518   14.705       4.6300
   8.518   19.053       4.6300
   8.518   23.401       4.6300
   8.518   27.749       4.6300
   8.518   32.097       4.6300
   8.518   36.445       4.6300
   8.518   40.793       4.6300
   8.518   45.140       4.6300
   8.518   49.488       4.6300
   8.518   53.836       4.6300
   8.518   58.184       4.6300
   8.518   62.532       4.6300
   8.518   66.880       4.6300
   8.518   71.228       4.6300
   8.518   75.576       4.6300
   8.518   79.923       4.6300
   8.518   84.271       4.6300
   8.518   88.619       4.6300
   8.518   92.967       4.6300
   8.518   97.315       4.6300
   8.518  101.663       4.6300
   8.518  106.011       4.6300
   8.518  110.359       4.6300
   8.518  114.706       4.6300
   8.518  119.054       4.6300
   8.518  123.402       4.6300
   8.518  127.750       4.6300
   8.518  132.098       4.6300
   8.518  136.446       4.6300
   8.518  140.794       4.6300
   8.518  145.142       4.6300
   8.518  149.489       4.6300
   8.518  153.837       4.6300
   8.518  158.185       4.6300
   8.518  162.533       4.6300
   8.518  166.881       4.6300
   8.518  171.229       4.6300
   8.518  175.577       4.6300
   8.518  179.924       3.3904
   8.518  184.272       2.7873
   8.518  188.620       2.5278
   8.518  192.968       1.8728
   8.518  197.316       1.9886
   8.518  201.664       2.4018
   8.518  206.012       1.7661
   8.518  210.360       1.8278
   8.518  214.707       2.3475
   8.518  219.055       3.8036
   8.518  223.403       4.6300
   8.518  227.751       4.6300
   8.518  232.099       4.6300
   8.518  236.447       4.6300
   8.518  240.795       4.6300
   8.518  245.143       4.6300
   8.518  249.490       4.6300
   8.518  253.838       4.6300
   8.518  258.186       4.6300
  12.831 -172.253       4.6300
  12.831 -167.905       4.6300
  12.831 -163.557       4.6300
  12.831 -159.209       4.6300
  12.831 -154.862       4.6300
  12.831 -150.514       4.6300
  12.831 -146.166       4.6300
  12.831 -141.818       4.6300
  12.831 -137.470       4.6300
  12.831 -133.122       4.6300
  12.831 -128.774       4.6300
  12.831 -124.426       4.6300
  12.831 -120.079       3.8036
  12.831 -115.731       3.3904
  12.831 -111.383       2.8441
  12.831 -107.035       3.5619
  12.831 -102.687       3.3904
  12.831  -98.339       3.3904
  12.831  -93.991       2.7873
  12.831  -89.643       2.4937
  12.831  -85.296       3.3904
  12.831  -80.948       4.2168
  12.831  -76.600       4.6300
  12.831  -72.252       4.6300
  12.831  -67.904       4.6300
  12.831  -63.556       4.6300
  12.831  -59.208       4.6300
  12.831  -54.861       4.6300
  12.831  -50.513       4.6300
  12.831  -46.165       4.6300
  12.831  -41.817       4.6300
  12.831  -37.469       3.2573
  12.831  -33.121       3.1486
  12.831  -28.773       3.5619
  12.831  -24.425       3.1486
  12.831  -20.078       4.2168
  12.831  -15.730       3.2573
  12.831  -11.382       4.6300
  12.831   -7.034       4.6300
  12.831   -2.686       4.6300
  12.831    1.662       4.6300
  12.831    6.010       4.6300
  12.831   10.358       4.6300
  12.831   14.705       4.6300
  12.831   19.053       4.6300
  12.831   23.401       4.6300
  12.831   27.749       4.6300
  12.831   32.097       4.6300
  12.831   36.445       4.6300
  12.831   40.793       4.6300
  12.831   45.140       4.6300
  12.831   49.488       4.6300
  12.831   53.836       4.6300
  12.831   58.184       4.6300
  12.831   62.532       4.6300
  12.831   66.880       4.6300
  12.831   71.228       4.6300
  12.831   75.576       4.6300
  12.831   79.923       4.6300
  12.831   84.271       4.6300
  12.831   88.619       4.6300
  12.831   92.967       4.6300
  12.831   97.315       4.6300
  12.831  101.663       4.6300
  12.831  106.011       4.6300
  12.831  110.359       4.6300
  12.831  114.706       4.6300
  12.831  119.054       4.6300
  12.831  123.402       4.6300
  12.831  127.750       4.6300
  12.831  132.098       4.6300
  12.831  136.446       4.6300
  12.831  140.794       4.6300
  12.831  145.142       4.6300
  12.831  149.489       4.6300
  12.831  153.837       4.6300
  12.831  158.185       4.6300
  12.831  162.533       4.6300
  12.831  166.881       4.6300
  12.831  171.229       4.6300
  12.831  175.577       4.6300
  12.831  179.924       3.5619
  12.831  184.272       3.2573
  12.831  188.620       2.3475
  12.831  192.968       2.1145
  12.831  197.316       2.1507
  12.831  201.664       1.9608
  12.831  206.012       1.5409
  12.831  210.360       1.8728
  12.831  214.707       2.6024
  12.831  219.055       3.8036
  12.831  223.403       4.6300
  12.831  227.751       4.6300
  12.831  232.099       4.6300
  12.831  236.447       4.6300
  12.831  240.795       4.6300
  12.831  245.143       4.6300
  12.831  249.490       4.6300
  12.831  253.838       4.6300
  12.831  258.186       4.6300
  17.144 -172.253       4.6300
  17.144 -167.905       4.6300
  17.144 -163.557       4.6300
  17.144 -159.209       4.6300
  17.144 -154.862       4.6300
  17.144 -150.514       4.6300
  17.144 -146.166       4.6300
  17.144 -141.818       4.6300
  17.144 -137.470       4.6300
  17.144 -133.122       4.6300
  17.144 -128.774       4.6300
  17.144 -124.426       4.6300
  17.144 -120.079       3.3904
  17.144 -115.731       2.6024
  17.144 -111.383       2.1507
  17.144 -107.035       2.6435
  17.144 -102.687       2.6024
  17.144  -98.339       4.2168
  17.144  -93.991       3.3904
  17.144  -89.643       3.2573
  17.144  -85.296       2.8441
  17.144  -80.948       2.9771
  17.144  -76.600       4.6300
  17.144  -72.252       3.8036
  17.144  -67.904       4.2168
  17.144  -63.556       4.6300
  17.144  -59.208       4.6300
  17.144  -54.861       4.6300
  17.144  -50.513       4.6300
  17.144  -46.165       4.6300
  17.144  -41.817       4.6300
  17.144  -37.469       4.6300
  17.144  -33.121       3.5619
  17.144  -28.773       3.2573
  17.144  -24.425       3.0567
  17.144  -20.078       3.5619
  17.144  -15.730       3.8036
  17.144  -11.382       4.6300
  17.144   -7.034       4.6300
  17.144   -2.686       4.6300
  17.144    1.662       4.6300
  17.144    6.010       4.6300
  17.144   10.358       4.6300
  17.144   14.705       4.6300
  17.144   19.053       4.6300
  17.144   23.401       4.6300
  17.144   27.749       4.6300
  17.144   32.097       4.6300
  17.144   36.445       4.6300
  17.144   40.793       4.6300
  17.144   45.140       4.6300
  17.144   49.488       4.6300
  17.144   53.836       4.6300
  17.144   58.184       4.6300
  17.144   62.532       4.6300
  17.144   66.880       4.6300
  17.144   71.228       4.6300
  17.144   75.576       4.6300
  17.144   79.923       4.6300
  17.144   84.271       4.6300
  17.144   88.619       4.6300
  17.144   92.967       4.6300
  17.144   97.315       4.6300
  17.144  101.663       4.6300
  17.144  106.011       4.6300
  17.144  110.359       4.6300
  17.144  114.706       4.6300
  17.144  119.054       4.6300
  17.144  123.402       4.6300
  17.144  127.750       4.6300
  17.144  132.098       4.6300
  17.144  136.446       4.6300
  17.144  140.794       4.6300
  17.144  145.142       4.6300
  17.144  149.489       4.6300
  17.144  153.837       4.6300
  17.144  158.185       4.6300
  17.144  162.533       3.8036
  17.144  166.881       3.2573
  17.144  171.229       3.3904
  17.144  175.577       3.1486
  17.144  179.924       2.6877
  17.144  184.272       2.5278
  17.144  188.620       2.1323
  17.144  192.968       1.9343
  17.144  197.316       1.8612
  17.144  201.664       1.7661
  17.144  206.012       1.5083
  17.144  210.360       1.5409
  17.144  214.707       2.0641
  17.144  219.055       3.2573
  17.144  223.403       4.6300
  17.144  227.751       4.6300
  17.144  232.099       4.6300
  17.144  236.447       4.6300
  17.144  240.795       4.6300
  17.144  245.143       4.6300
  17.144  249.490       4.6300
  17.144  253.838       4.6300
  17.144  258.186       4.6300
  21.456 -172.253       4.6300
  21.456 -167.905       4.6300
  21.456 -163.557       4.6300
  21.456 -159.209       4.6300
  21.456 -154.862       4.6300
  21.456 -150.514       4.6300
  21.456 -146.166       4.6300
  21.456 -141.818       4.6300
  21.456 -137.470       4.6300
  21.456 -133.122       4.6300
  21.456 -128.774       4.6300
  21.456 -124.426       4.6300
  21.456 -120.079       3.8036
  21.456 -115.731       2.7354
  21.456 -111.383       2.6877
  21.456 -107.035       2.2094
  21.456 -102.687       2.4018
  21.456  -98.339       2.8441
  21.456  -93.991       3.5619
  21.456  -89.643       3.8036
  21.456  -85.296       2.8441
  21.456  -80.948       2.6024
  21.456  -76.600       2.9069
  21.456  -72.252       3.3904
  21.456  -67.904       4.6300
  21.456  -63.556       4.6300
  21.456  -59.208       4.6300
  21.456  -54.861       4.6300
  21.456  -50.513       4.6300
  21.456  -46.165       4.6300
  21.456  -41.817       4.6300
  21.456  -37.469       4.6300
  21.456  -33.121       4.6300
  21.456  -28.773       4.2168
  21.456  -24.425       3.8036
  21.456  -20.078       3.2573
  21.456  -15.730       4.2168
  21.456  -11.382       4.6300
  21.456   -7.034       4.6300
  21.456   -2.686       4.6300
  21.456    1.662       4.6300
  21.456    6.010       4.6300
  21.456   10.358       4.6300
  21.456   14.705       4.6300
  21.456   19.053       4.6300
  21.456   23.401       4.6300
  21.456   27.749       4.6300
  21.456   32.097       4.6300
  21.456   36.445       4.6300
  21.456   40.793       4.6300
  21.456   45.140       4.6300
  21.456   49.488       4.6300
  21.456   53.836       4.6300
  21.456   58.184       4.6300
  21.456   62.532       4.6300
  21.456   66.880       4.6300
  21.456   71.228       4.6300
  21.456   75.576       4.6300
  21.456   79.923       4.6300
  21.456   84.271       4.6300
  21.456   88.619       4.6300
  21.456   92.967       4.6300
  21.456   97.315       4.6300
  21.456  101.663       4.6300
  21.456  106.011       4.6300
  21.456  110.359       4.6300
  21.456  114.706       4.6300
  21.456  119.054       4.6300
  21.456  123.402       4.6300
  21.456  127.750       4.6300
  21.456  132.098       4.6300
  21.456  136.446       4.6300
  21.456  140.794       4.6300
  21.456  145.142       4.6300
  21.456  149.489       4.6300
  21.456  153.837       4.6300
  21.456  158.185       3.8036
  21.456  162.533       3.3904
  21.456  166.881       3.2573
  21.456  171.229       2.6435
  21.456  175.577       2.5639
  21.456  179.924       2.8441
  21.456  184.272       2.2303
  21.456  188.620       1.9745
  21.456  192.968       2.1507
  21.456  197.316       1.9886
  21.456  201.664       1.7661
  21.456  206.012       1.7282
  21.456  210.360       1.7859
  21.456  214.707       1.9745
  21.456  219.055       2.7354
  21.456  223.403       4.6300
  21.456  227.751       4.6300
  21.456  232.099       4.6300
  21.456  236.447       4.6300
  21.456  240.795       4.6300
  21.456  245.143       4.6300
  21.456  249.490       4.6300
  21.456  253.838       4.6300
  21.456  258.186       4.6300
  25.769 -172.253       4.6300
  25.769 -167.905       4.6300
  25.769 -163.557       4.6300
  25.769 -159.209       4.6300
  25.769 -154.862       4.6300
  25.769 -150.514       4.6300
  25.769 -146.166       4.6300
  25.769 -141.818       4.6300
  25.769 -137.470       4.6300
  25.769 -133.122       4.6300
  25.769 -128.774       4.6300
  25.769 -124.426       4.6300
  25.769 -120.079       4.6300
  25.769 -115.731       3.5619
  25.769 -111.383       2.9771
  25.769 -107.035       2.2978
  25.769 -102.687       2.0972
  25.769  -98.339       2.5639
  25.769  -93.991       3.3904
  25.769  -89.643       4.2168
  25.769  -85.296       3.1486
  25.769  -80.948       2.4614
  25.769  -76.600       3.5619
  25.769  -72.252       3.8036
  25.769  -67.904       4.6300
  25.769  -63.556       4.6300
  25.769  -59.208       4.6300
  25.769  -54.861       4.6300
  25.769  -50.513       4.6300
  25.769  -46.165       4.6300
  25.769  -41.817       4.6300
  25.769  -37.469       4.6300
  25.769  -33.121       4.2168
  25.769  -28.773       4.6300
  25.769  -24.425       3.5619
  25.769  -20.078       3.1486
  25.769  -15.730       4.6300
  25.769  -11.382       4.6300
  25.769   -7.034       4.6300
  25.769   -2.686       4.6300
  25.769    1.662       4.6300
  25.769    6.010       4.6300
  25.769   10.358       4.6300
  25.769   14.705       4.6300
  25.769   19.053       4.6300
  25.769   23.401       4.6300
  25.769   27.749       4.6300
  25.769   32.097       4.6300
  25.769   36.445       4.6300
  25.769   40.793       4.6300
  25.769   45.140       4.6300
  25.769   49.488       4.6300
  25.769   53.836       4.6300
  25.769   58.184       4.6300
  25.769   62.532       4.6300
  25.769   66.880       4.6300
  25.769   71.228       4.6300
  25.769   75.576       4.6300
  25.769   79.923       4.6300
  25.769   84.271       4.6300
  25.769   88.619       4.6300
  25.769   92.967       4.6300
  25.769   97.315       4.6300
  25.769  101.663       4.6300
  25.769  106.011       4.6300
  25.769  110.359       4.6300
  25.769  114.706       4.6300
  25.769  119.054       4.6300
  25.769  123.402       4.6300
  25.769  127.750       4.6300
  25.769  132.098       4.6300
  25.769  136.446       4.6300
  25.769  140.794       4.6300
  25.769  145.142       4.2168
  25.769  149.489       4.2168
  25.769  153.837       3.5619
  25.769  158.185       4.6300
  25.769  162.533       3.3904
  25.769  166.881       3.3904
  25.769  171.229       2.7873
  25.769  175.577       3.0567
  25.769  179.924       2.6435
  25.769  184.272       2.2520
  25.769  188.620       1.8171
  25.769  192.968       2.2745
  25.769  197.316       2.0176
  25.769  201.664       1.8967
  25.769  206.012       1.8728
  25.769  210.360       1.7374
  25.769  214.707       2.0641
  25.769  219.055       2.9069
  25.769  223.403       3.5619
  25.769  227.751       4.6300
  25.769  232.099       4.6300
  25.769  236.447       4.6300
  25.769  240.795       4.6300
  25.769  245.143       4.6300
  25.769  249.490       4.6300
  25.769  253.838       4.6300
  25.769  258.186       4.6300
  30.082 -172.253       4.6300
  30.082 -167.905       4.6300
  30.082 -163.557       4.6300
  30.082 -159.209       4.6300
  30.082 -154.862       4.6300
  30.082 -150.514       4.6300
  30.082 -146.166       4.6300
  30.082 -141.818       4.6300
  30.082 -137.470       4.6300
  30.082 -133.122       4.6300
  30.082 -128.774       4.6300
  30.082 -124.426       4.6300
  30.082 -120.079       4.6300
  30.082 -115.731       4.6300
  30.082 -111.383       3.3904
  30.082 -107.035       2.3222
  30.082 -102.687       2.5639
  30.082  -98.339       2.9771
  30.082  -93.991       4.6300
  30.082  -89.643       3.5619
  30.082  -85.296       2.6024
  30.082  -80.948       2.6024
  30.082  -76.600       2.6877
  30.082  -72.252       4.6300
  30.082  -67.904       4.6300
  30.082  -63.556       4.6300
  30.082  -59.208       4.6300
  30.082  -54.861       4.6300
  30.082  -50.513       4.6300
  30.082  -46.165       4.6300
  30.082  -41.817       4.6300
  30.082  -37.469       4.6300
  30.082  -33.121       4.6300
  30.082  -28.773       3.8036
  30.082  -24.425       3.3904
  30.082  -20.078       3.3904
  30.082  -15.730       4.6300
  30.082  -11.382       4.2168
  30.082   -7.034       3.5619
  30.082   -2.686       4.2168
  30.082    1.662       4.6300
  30.082    6.010       4.6300
  30.082   10.358       4.6300
  30.082   14.705       4.6300
  30.082   19.053       4.6300
  30.082   23.401       4.6300
  30.082   27.749       4.6300
  30.082   32.097       4.6300
  30.082   36.445       4.6300
  30.082   40.793       4.6300
  30.082   45.140       4.6300
  30.082   49.488       4.6300
  30.082   53.836       4.6300
  30.082   58.184       4.6300
  30.082   62.532       4.6300
  30.082   66.880       4.6300
  30.082   71.228       4.6300
  30.082   75.576       4.6300
  30.082   79.923       4.6300
  30.082   84.271       4.6300
  30.082   88.619       4.6300
  30.082   92.967       4.6300
  30.082   97.315       4.6300
  30.082  101.663       4.6300
  30.082  106.011       4.6300
  30.082  110.359       4.6300
  30.082  114.706       4.6300
  30.082  119.054       4.6300
  30.082  123.402       4.6300
  30.082  127.750       4.6300
  30.082  132.098       4.6300
  30.082  136.446       4.6300
  30.082  140.794       3.3904
  30.082  145.142       3.3904
  30.082  149.489       2.9069
  30.082  153.837       3.2573
  30.082  158.185       4.2168
  30.082  162.533       4.6300
  30.082  166.881       4.6300
  30.082  171.229       3.8036
  30.082  175.577       3.8036
  30.082  179.924       3.3904
  30.082  184.272       2.6877
  30.082  188.620       2.6024
  30.082  192.968       2.7873
  30.082  197.316       2.0805
  30.082  201.664       1.8728
  30.082  206.012       2.0029
  30.082  210.360       1.9608
  30.082  214.707       2.3475
  30.082  219.055       3.8036
  30.082  223.403       4.6300
  30.082  227.751       4.6300
  30.082  232.099       4.6300
  30.082  236.447       4.6300
  30.082  240.795       4.6300
  30.082  245.143       4.6300
  30.082  249.490       4.6300
  30.082  253.838       4.6300
  30.082  258.186       4.6300
  34.394 -172.253       4.6300
  34.394 -167.905       4.6300
  34.394 -163.557       4.6300
  34.394 -159.209       4.6300
  34.394 -154.862       4.6300
  34.394 -150.514       4.6300
  34.394 -146.166       4.6300
  34.394 -141.818       4.6300
  34.394 -137.470       4.6300
  34.394 -133.122       4.6300
  34.394 -128.774       4.6300
  34.394 -124.426       4.6300
  34.394 -120.079       4.6300
  34.394 -115.731       4.6300
  34.394 -111.383       4.6300
  34.394 -107.035       3.5619
  34.394 -102.687       3.8036
  34.394  -98.339       3.8036
  34.394  -93.991       4.6300
  34.394  -89.643       3.8036
  34.394  -85.296       2.4309
  34.394  -80.948       2.3222
  34.394  -76.600       2.2303
  34.394  -72.252       2.9771
  34.394  -67.904       4.6300
  34.394  -63.556       4.6300
  34.394  -59.208       4.6300
  34.394  -54.861       4.6300
  34.394  -50.513       4.6300
  34.394  -46.165       4.6300
  34.394  -41.817       4.6300
  34.394  -37.469       4.6300
  34.394  -33.121       4.6300
  34.394  -28.773       4.6300
  34.394  -24.425       4.6300
  34.394  -20.078       4.2168
  34.394  -15.730       3.1486
  34.394  -11.382       4.2168
  34.394   -7.034       3.0567
  34.394   -2.686       3.5619
  34.394    1.662       4.6300
  34.394    6.010       4.6300
  34.394   10.358       4.6300
  34.394   14.705       4.6300
  34.394   19.053       4.6300
  34.394   23.401       4.6300
  34.394   27.749       4.6300
  34.394   32.097       4.6300
  34.394   36.445       4.6300
  34.394   40.793       4.6300
  34.394   45.140       4.6300
  34.394   49.488       4.6300
  34.394   53.836       4.6300
  34.394   58.184       4.6300
  34.394   62.532       4.6300
  34.394   66.880       4.6300
  34.394   71.228       4.6300
  34.394   75.576       4.6300
  34.394   79.923       4.6300
  34.394   84.271       4.6300
  34.394   88.619       4.6300
  34.394   92.967       4.6300
  34.394   97.315       4.6300
  34.394  101.663       4.6300
  34.394  106.011       4.6300
  34.394  110.359       4.6300
  34.394  114.706       4.6300
  34.394  119.054       4.6300
  34.394  123.402       4.6300
  34.394  127.750       4.6300
  34.394  132.098       4.6300
  34.394  136.446       4.2168
  34.394  140.794       2.7354
  34.394  145.142       2.9771
  34.394  149.489       2.6024
  34.394  153.837       2.9069
  34.394  158.185       3.5619
  34.394  162.533       4.6300
  34.394  166.881       4.6300
  34.394  171.229       4.6300
  34.394  175.577       4.6300
  34.394  179.924       4.6300
  34.394  184.272       4.2168
  34.394  188.620       3.2573
  34.394  192.968       2.9069
  34.394  197.316       2.1323
  34.394  201.664       2.1323
  34.394  206.012       2.0641
  34.394  210.360       2.4937
  34.394  214.707       3.0567
  34.394  219.055       4.6300
  34.394  223.403       4.6300
  34.394  227.751       4.6300
  34.394  232.099       4.6300
  34.394  236.447       4.6300
  34.394  240.795       4.6300
  34.394  245.143       4.6300
  34.394  249.490       4.6300
  34.394  253.838       4.6300
  34.394  258.186       4.6300
  38.707 -172.253       4.6300
  38.707 -167.905       4.6300
  38.707 -163.557       4.6300
  38.707 -159.209       4.6300
  38.707 -154.862       4.6300
  38.707 -150.514       4.6300
  38.707 -146.166       4.6300
  38.707 -141.818       4.6300
  38.707 -137.470       4.6300
  38.707 -133.122       4.6300
  38.707 -128.774       4.6300
  38.707 -124.426       4.6300
  38.707 -120.079       4.6300
  38.707 -115.731       4.6300
  38.707 -111.383       4.6300
  38.707 -107.035       4.6300
  38.707 -102.687       4.6300
  38.707  -98.339       4.6300
  38.707  -93.991       4.6300
  38.707  -89.643       4.6300
  38.707  -85.296       2.6877
  38.707  -80.948       2.2520
  38.707  -76.600       2.6877
  38.707  -72.252       3.0567
  38.707  -67.904       4.6300
  38.707  -63.556       4.6300
  38.707  -59.208       4.6300
  38.707  -54.861       4.6300
  38.707  -50.513       4.6300
  38.707  -46.165       4.6300
  38.707  -41.817       4.6300
  38.707  -37.469       4.6300
  38.707  -33.121       4.6300
  38.707  -28.773       4.6300
  38.707  -24.425       4.6300
  38.707  -20.078       4.6300
  38.707  -15.730       4.6300
  38.707  -11.382       4.2168
  38.707   -7.034       3.0567
  38.707   -2.686       2.7873
  38.707    1.662       3.5619
  38.707    6.010       4.6300
  38.707   10.358       4.6300
  38.707   14.705       4.6300
  38.707   19.053       4.6300
  38.707   23.401       4.6300
  38.707   27.749       4.6300
  38.707   32.097       4.6300
  38.707   36.445       4.6300
  38.707   40.793       4.6300
  38.707   45.140       4.6300
  38.707   49.488       4.6300
  38.707   53.836       4.6300
  38.707   58.184       4.6300
  38.707   62.532       4.6300
  38.707   66.880       4.6300
  38.707   71.228       4.6300
  38.707   75.576       4.6300
  38.707   79.923       4.6300
  38.707   84.271       4.6300
  38.707   88.619       4.6300
  38.707   92.967       4.6300
  38.707   97.315       4.6300
  38.707  101.663       4.6300
  38.707  106.011       4.6300
  38.707  110.359       4.6300
  38.707  114.706       4.6300
  38.707  119.054       4.6300
  38.707  123.402       3.5619
  38.707  127.750       2.7354
  38.707  132.098       2.8441
  38.707  136.446       2.9069
  38.707  140.794       2.7354
  38.707  145.142       2.9069
  38.707  149.489       2.7354
  38.707  153.837       2.9069
  38.707  158.185       3.3904
  38.707  162.533       4.6300
  38.707  166.881       3.8036
  38.707  171.229       3.1486
  38.707  175.577       3.5619
  38.707  179.924       3.8036
  38.707  184.272       4.2168
  38.707  188.620       2.9069
  38.707  192.968       2.2303
  38.707  197.316       2.1323
  38.707  201.664       2.2520
  38.707  206.012       2.3740
  38.707  210.360       2.8441
  38.707  214.707       4.6300
  38.707  219.055       4.6300
  38.707  223.403       4.6300
  38.707  227.751       4.6300
  38.707  232.099       4.6300
  38.707  236.447       4.6300
  38.707  240.795       4.6300
  38.707  245.143       4.6300
  38.707  249.490       4.6300
  38.707  253.838       4.6300
  38.707  258.186       4.6300
  43.020 -172.253       4.6300
  43.020 -167.905       4.6300
  43.020 -163.557       4.6300
  43.020 -159.209       4.6300
  43.020 -154.862       4.6300
  43.020 -150.514       4.6300
  43.020 -146.166       4.6300
  43.020 -141.818       4.6300
  43.020 -137.470       4.6300
  43.020 -133.122       4.6300
  43.020 -128.774       4.6300
  43.020 -124.426       4.6300
  43.020 -120.079       4.6300
  43.020 -115.731       4.6300
  43.020 -111.383       4.6300
  43.020 -107.035       4.6300
  43.020 -102.687       4.6300
  43.020  -98.339       4.6300
  43.020  -93.991       4.6300
  43.020  -89.643       4.6300
  43.020  -85.296       3.5619
  43.020  -80.948       2.9069
  43.020  -76.600       4.2168
  43.020  -72.252       4.6300
  43.020  -67.904       4.6300
  43.020  -63.556       4.6300
  43.020  -59.208       4.6300
  43.020  -54.861       4.6300
  43.020  -50.513       4.6300
  43.020  -46.165       4.6300
  43.020  -41.817       4.6300
  43.020  -37.469       4.6300
  43.020  -33.121       4.6300
  43.020  -28.773       4.6300
  43.020  -24.425       4.6300
  43.020  -20.078       4.6300
  43.020  -15.730       4.6300
  43.020  -11.382       3.1486
  43.020   -7.034       2.9771
  43.020   -2.686       4.2168
  43.020    1.662       4.2168
  43.020    6.010       4.2168
  43.020   10.358       4.6300
  43.020   14.705       4.6300
  43.020   19.053       4.6300
  43.020   23.401       4.6300
  43.020   27.749       4.6300
  43.020   32.097       4.6300
  43.020   36.445       4.6300
  43.020   40.793       4.6300
  43.020   45.140       4.6300
  43.020   49.488       4.6300
  43.020   53.836       4.6300
  43.020   58.184       4.6300
  43.020   62.532       4.6300
  43.020   66.880       4.6300
  43.020   71.228       4.6300
  43.020   75.576       4.6300
  43.020   79.923       4.6300
  43.020   84.271       4.6300
  43.020   88.619       4.6300
  43.020   92.967       4.6300
  43.020   97.315       4.6300
  43.020  101.663       4.6300
  43.020  106.011       4.6300
  43.020  110.359       4.6300
  43.020  114.706       4.6300
  43.020  119.054       4.6300
  43.020  123.402       3.8036
  43.020  127.750       2.6024
  43.020  132.098       3.3904
  43.020  136.446       2.5278
  43.020  140.794       2.9771
  43.020  145.142       2.6435
  43.020  149.489       2.9069
  43.020  153.837       4.6300
  43.020  158.185       4.2168
  43.020  162.533       4.2168
  43.020  166.881       2.6877
  43.020  171.229       2.0972
  43.020  175.577       2.9771
  43.020  179.924       2.4937
  43.020  184.272       2.4937
  43.020  188.620       2.4614
  43.020  192.968       2.1145
  43.020  197.316       2.3222
  43.020  201.664       2.7873
  43.020  206.012       3.0567
  43.020  210.360       3.1486
  43.020  214.707       4.6300
  43.020  219.055       4.6300
  43.020  223.403       4.6300
  43.020  227.751       4.6300
  43.020  232.099       4.6300
  43.020  236.447       4.6300
  43.020  240.795       4.6300
  43.020  245.143       4.6300
  43.020  249.490       4.6300
  43.020  253.838       4.6300
  43.020  258.186       4.6300
  47.333 -172.253       4.6300
  47.333 -167.905       4.6300
  47.333 -163.557       4.6300
  47.333 -159.209       4.6300
  47.333 -154.862       4.6300
  47.333 -150.514       4.6300
  47.333 -146.166       4.6300
  47.333 -141.818       4.6300
  47.333 -137.470       4.6300
  47.333 -133.122       4.6300
  47.333 -128.774       4.6300
  47.333 -124.426       4.6300
  47.333 -120.079       4.6300
  47.333 -115.731       4.6300
  47.333 -111.383       4.6300
  47.333 -107.035       4.6300
  47.333 -102.687       4.6300
  47.333  -98.339       4.6300
  47.333  -93.991       4.6300
  47.333  -89.643       4.2168
  47.333  -85.296       3.5619
  47.333  -80.948       4.6300
  47.333  -76.600       3.3904
  47.333  -72.252       4.6300
  47.333  -67.904       4.6300
  47.333  -63.556       4.6300
  47.333  -59.208       4.6300
  47.333  -54.861       4.6300
  47.333  -50.513       4.6300
  47.333  -46.165       4.6300
  47.333  -41.817       4.6300
  47.333  -37.469       4.6300
  47.333  -33.121       4.6300
  47.333  -28.773       4.6300
  47.333  -24.425       4.6300
  47.333  -20.078       4.6300
  47.333  -15.730       4.6300
  47.333  -11.382       4.6300
  47.333   -7.034       3.0567
  47.333   -2.686       4.2168
  47.333    1.662       3.3904
  47.333    6.010       3.1486
  47.333   10.358       4.6300
  47.333   14.705       4.6300
  47.333   19.053       4.6300
  47.333   23.401       4.6300
  47.333   27.749       4.6300
  47.333   32.097       4.6300
  47.333   36.445       4.6300
  47.333   40.793       4.6300
  47.333   45.140       4.6300
  47.333   49.488       4.6300
  47.333   53.836       4.6300
  47.333   58.184       4.6300
  47.333   62.532       4.6300
  47.333   66.880       4.6300
  47.333   71.228       4.6300
  47.333   75.576       4.6300
  47.333   79.923       4.6300
  47.333   84.271       4.6300
  47.333   88.619       4.6300
  47.333   92.967       4.6300
  47.333   97.315       4.6300
  47.333  101.663       4.6300
  47.333  106.011       4.6300
  47.333  110.359       4.6300
  47.333  114.706       4.6300
  47.333  119.054       4.6300
  47.333  123.402       3.1486
  47.333  127.750       3.5619
  47.333  132.098       3.8036
  47.333  136.446       2.7873
  47.333  140.794       2.7873
  47.333  145.142       2.2745
  47.333  149.489       2.9069
  47.333  153.837       2.8441
  47.333  158.185       2.6435
  47.333  162.533       3.3904
  47.333  166.881       2.6435
  47.333  171.229       2.2978
  47.333  175.577       2.4018
  47.333  179.924       2.1891
  47.333  184.272       2.2745
  47.333  188.620       2.5639
  47.333  192.968       2.4309
  47.333  197.316       2.4937
  47.333  201.664       3.5619
  47.333  206.012       3.3904
  47.333  210.360       4.6300
  47.333  214.707       4.6300
  47.333  219.055       4.6300
  47.333  223.403       4.6300
  47.333  227.751       4.6300
  47.333  232.099       4.6300
  47.333  236.447       4.6300
  47.333  240.795       4.6300
  47.333  245.143       4.6300
  47.333  249.490       4.6300
  47.333  253.838       4.6300
  47.333  258.186       4.6300
  51.645 -172.253       4.6300
  51.645 -167.905       4.6300
  51.645 -163.557       4.6300
  51.645 -159.209       4.6300
  51.645 -154.862       4.6300
  51.645 -150.514       4.6300
  51.645 -146.166       4.6300
  51.645 -141.818       4.6300
  51.645 -137.470       4.6300
  51.645 -133.122       4.6300
  51.645 -128.774       4.6300
  51.645 -124.426       4.6300
  51.645 -120.079       4.6300
  51.645 -115.731       4.6300
  51.645 -111.383       4.6300
  51.645 -107.035       4.6300
  51.645 -102.687       4.6300
  51.645  -98.339       4.6300
  51.645  -93.991       4.6300
  51.645  -89.643       3.5619
  51.645  -85.296       2.9771
  51.645  -80.948       4.2168
  51.645  -76.600       4.6300
  51.645  -72.252       4.2168
  51.645  -67.904       4.6300
  51.645  -63.556       4.6300
  51.645  -59.208       4.6300
  51.645  -54.861       4.6300
  51.645  -50.513       4.6300
  51.645  -46.165       4.6300
  51.645  -41.817       4.6300
  51.645  -37.469       4.6300
  51.645  -33.121       4.6300
  51.645  -28.773       4.6300
  51.645  -24.425       4.6300
  51.645  -20.078       4.6300
  51.645  -15.730       4.6300
  51.645  -11.382       4.2168
  51.645   -7.034       2.6877
  51.645   -2.686       2.6877
  51.645    1.662       3.5619
  51.645    6.010       4.6300
  51.645   10.358       4.6300
  51.645   14.705       4.6300
  51.645   19.053       4.6300
  51.645   23.401       4.6300
  51.645   27.749       4.6300
  51.645   32.097       4.6300
  51.645   36.445       4.6300
  51.645   40.793       4.6300
  51.645   45.140       4.6300
  51.645   49.488       4.6300
  51.645   53.836       4.6300
  51.645   58.184       4.6300
  51.645   62.532       4.6300
  51.645   66.880       4.6300
  51.645   71.228       4.6300
  51.645   75.576       4.6300
  51.645   79.923       4.6300
  51.645   84.271       4.6300
  51.645   88.619       4.6300
  51.645   92.967       4.6300
  51.645   97.315       4.6300
  51.645  101.663       4.6300
  51.645  106.011       4.6300
  51.645  110.359       4.6300
  51.645  114.706       4.6300
  51.645  119.054       4.2168
  51.645  123.402       3.0567
  51.645  127.750       3.0567
  51.645  132.098       4.2168
  51.645  136.446       2.9771
  51.645  140.794       2.7873
  51.645  145.142       2.5639
  51.645  149.489       2.4018
  51.645  153.837       2.5639
  51.645  158.185       2.7873
  51.645  162.533       3.1486
  51.645  166.881       2.5639
  51.645  171.229       2.7873
  51.645  175.577       2.6435
  51.645  179.924       2.4018
  51.645  184.272       2.1696
  51.645  188.620       2.3222
  51.645  192.968       2.1696
  51.645  197.316       2.5639
  51.645  201.664       3.3904
  51.645  206.012       3.8036
  51.645  210.360       4.6300
  51.645  214.707       4.6300
  51.645  219.055       4.6300
  51.645  223.403       4.6300
  51.645  227.751       4.6300
  51.645  232.099       4.6300
  51.645  236.447       4.6300
  51.645  240.795       4.6300
  51.645  245.143       4.6300
  51.645  249.490       4.6300
  51.645  253.838       4.6300
  51.645  258.186       4.6300
  55.958 -172.253       4.6300
  55.958 -167.905       4.6300
  55.958 -163.557       4.6300
  55.958 -159.209       4.6300
  55.958 -154.862       4.6300
  55.958 -150.514       4.6300
  55.958 -146.166       4.6300
  55.958 -141.818       4.6300
  55.958 -137.470       4.6300
  55.958 -133.122       4.6300
  55.958 -128.774       4.6300
  55.958 -124.426       4.6300
  55.958 -120.079       4.6300
  55.958 -115.731       4.6300
  55.958 -111.383       4.6300
  55.958 -107.035       4.6300
  55.958 -102.687       4.6300
  55.958  -98.339       4.6300
  55.958  -93.991       4.6300
  55.958  -89.643       3.5619
  55.958  -85.296       3.2573
  55.958  -80.948       4.2168
  55.958  -76.600       3.2573
  55.958  -72.252       2.4937
  55.958  -67.904       2.6877
  55.958  -63.556       4.6300
  55.958  -59.208       4.6300
  55.958  -54.861       4.6300
  55.958  -50.513       4.6300
  55.958  -46.165       4.6300
  55.958  -41.817       4.6300
  55.958  -37.469       4.6300
  55.958  -33.121       4.6300
  55.958  -28.773       4.6300
  55.958  -24.425       4.6300
  55.958  -20.078       4.6300
  55.958  -15.730       4.2168
  55.958  -11.382       3.5619
  55.958   -7.034       2.3740
  55.958   -2.686       2.4309
  55.958    1.662       4.6300
  55.958    6.010       4.6300
  55.958   10.358       4.6300
  55.958   14.705       4.6300
  55.958   19.053       4.6300
  55.958   23.401       4.6300
  55.958   27.749       4.6300
  55.958   32.097       4.6300
  55.958   36.445       4.6300
  55.958   40.793       4.6300
  55.958   45.140       4.6300
  55.958   49.488       4.6300
  55.958   53.836       4.6300
  55.958   58.184       4.6300
  55.958   62.532       4.6300
  55.958   66.880       4.6300
  55.958   71.228       4.6300
  55.958   75.576       4.6300
  55.958   79.923       4.6300
  55.958   84.271       4.6300
  55.958   88.619       4.6300
  55.958   92.967       4.6300
  55.958   97.315       4.6300
  55.958  101.663       4.6300
  55.958  106.011       4.6300
  55.958  110.359       4.6300
  55.958  114.706       4.6300
  55.958  119.054       4.6300
  55.958  123.402       2.9069
  55.958  127.750       2.7873
  55.958  132.098       4.2168
  55.958  136.446       2.4614
  55.958  140.794       2.3222
  55.958  145.142       2.6435
  55.958  149.489       2.2978
  55.958  153.837       2.5278
  55.958  158.185       3.0567
  55.958  162.533       3.5619
  55.958  166.881       3.5619
  55.958  171.229       3.5619
  55.958  175.577       2.9069
  55.958  179.924       2.4937
  55.958  184.272       2.4614
  55.958  188.620       2.0482
  55.958  192.968       1.8612
  55.958  197.316       2.2094
  55.958  201.664       4.6300
  55.958  206.012       4.6300
  55.958  210.360       4.6300
  55.958  214.707       4.6300
  55.958  219.055       4.6300
  55.958  223.403       4.6300
  55.958  227.751       4.6300
  55.958  232.099       4.6300
  55.958  236.447       4.6300
  55.958  240.795       4.6300
  55.958  245.143       4.6300
  55.958  249.490       4.6300
  55.958  253.838       4.6300
  55.958  258.186       4.6300
  60.271 -172.253       4.6300
  60.271 -167.905       4.6300
  60.271 -163.557       4.6300
  60.271 -159.209       4.6300
  60.271 -154.862       4.6300
  60.271 -150.514       4.6300
  60.271 -146.166       4.6300
  60.271 -141.818       4.6300
  60.271 -137.470       4.6300
  60.271 -133.122       4.6300
  60.271 -128.774       4.6300
  60.271 -124.426       4.6300
  60.271 -120.079       4.6300
  60.271 -115.731       4.6300
  60.271 -111.383       4.6300
  60.271 -107.035       4.6300
  60.271 -102.687       4.6300
  60.271  -98.339       4.6300
  60.271  -93.991       4.6300
  60.271  -89.643       4.6300
  60.271  -85.296       2.8441
  60.271  -80.948       2.8441
  60.271  -76.600       2.8441
  60.271  -72.252       2.1891
  60.271  -67.904       2.8441
  60.271  -63.556       4.6300
  60.271  -59.208       4.6300
  60.271  -54.861       4.6300
  60.271  -50.513       4.6300
  60.271  -46.165       4.6300
  60.271  -41.817       4.6300
  60.271  -37.469       4.6300
  60.271  -33.121       4.6300
  60.271  -28.773       4.6300
  60.271  -24.425       4.6300
  60.271  -20.078       3.2573
  60.271  -15.730       3.5619
  60.271  -11.382       4.2168
  60.271   -7.034       2.6877
  60.271   -2.686       2.3740
  60.271    1.662       4.2168
  60.271    6.010       4.6300
  60.271   10.358       4.6300
  60.271   14.705       4.6300
  60.271   19.053       4.6300
  60.271   23.401       4.6300
  60.271   27.749       4.6300
  60.271   32.097       4.6300
  60.271   36.445       4.6300
  60.271   40.793       4.6300
  60.271   45.140       4.6300
  60.271   49.488       4.6300
  60.271   53.836       4.6300
  60.271   58.184       4.6300
  60.271   62.532       4.6300
  60.271   66.880       4.6300
  60.271   71.228       4.6300
  60.271   75.576       4.6300
  60.271   79.923       4.6300
  60.271   84.271       4.6300
  60.271   88.619       4.6300
  60.271   92.967       4.6300
  60.271   97.315       4.6300
  60.271  101.663       4.6300
  60.271  106.011       4.6300
  60.271  110.359       4.6300
  60.271  114.706       4.6300
  60.271  119.054       3.2573
  60.271  123.402       2.8441
  60.271  127.750       2.1696
  60.271  132.098       2.1507
  60.271  136.446       2.0972
  60.271  140.794       2.0176
  60.271  145.142       2.2094
  60.271  149.489       2.6024
  60.271  153.837       2.5278
  60.271  158.185       3.8036
  60.271  162.533       3.3904
  60.271  166.881       3.2573
  60.271  171.229       2.9771
  60.271  175.577       3.2573
  60.271  179.924       2.6877
  60.271  184.272       2.4018
  60.271  188.620       1.7374
  60.271  192.968       2.0327
  60.271  197.316       2.8441
  60.271  201.664       4.2168
  60.271  206.012       4.6300
  60.271  210.360       4.6300
  60.271  214.707       4.6300
  60.271  219.055       4.6300
  60.271  223.403       4.6300
  60.271  227.751       4.6300
  60.271  232.099       4.6300
  60.271  236.447       4.6300
  60.271  240.795       4.6300
  60.271  245.143       4.6300
  60.271  249.490       4.6300
  60.271  253.838       4.6300
  60.271  258.186       4.6300
  64.583 -172.253       4.6300
  64.583 -167.905       4.6300
  64.583 -163.557       4.6300
  64.583 -159.209       4.6300
  64.583 -154.862       4.6300
  64.583 -150.514       4.6300
  64.583 -146.166       4.6300
  64.583 -141.818       4.6300
  64.583 -137.470       4.6300
  64.583 -133.122       4.6300
  64.583 -128.774       4.6300
  64.583 -124.426       4.6300
  64.583 -120.079       4.6300
  64.583 -115.731       4.6300
  64.583 -111.383       4.6300
  64.583 -107.035       4.6300
  64.583 -102.687       4.6300
  64.583  -98.339       4.6300
  64.583  -93.991       4.6300
  64.583  -89.643       4.6300
  64.583  -85.296       2.9069
  64.583  -80.948       3.1486
  64.583  -76.600       3.2573
  64.583  -72.252       2.8441
  64.583  -67.904       3.0567
  64.583  -63.556       3.3904
  64.583  -59.208       4.2168
  64.583  -54.861       4.6300
  64.583  -50.513       4.2168
  64.583  -46.165       3.5619
  64.583  -41.817       4.2168
  64.583  -37.469       4.6300
  64.583  -33.121       4.6300
  64.583  -28.773       4.6300
  64.583  -24.425       4.6300
  64.583  -20.078       2.7354
  64.583  -15.730       2.1323
  64.583  -11.382       2.4937
  64.583   -7.034       2.4937
  64.583   -2.686       2.7873
  64.583    1.662       3.3904
  64.583    6.010       4.6300
  64.583   10.358       4.6300
  64.583   14.705       4.6300
  64.583   19.053       4.6300
  64.583   23.401       4.6300
  64.583   27.749       4.6300
  64.583   32.097       4.6300
  64.583   36.445       4.6300
  64.583   40.793       4.6300
  64.583   45.140       4.6300
  64.583   49.488       4.6300
  64.583   53.836       4.6300
  64.583   58.184       4.6300
  64.583   62.532       4.6300
  64.583   66.880       4.6300
  64.583   71.228       4.6300
  64.583   75.576       4.6300
  64.583   79.923       4.6300
  64.583   84.271       4.6300
  64.583   88.619       4.6300
  64.583   92.967       4.6300
  64.583   97.315       4.6300
  64.583  101.663       4.6300
  64.583  106.011       4.6300
  64.583  110.359       4.6300
  64.583  114.706       4.6300
  64.583  119.054       3.1486
  64.583  123.402       3.0567
  64.583  127.750       2.0972
  64.583  132.098       1.8612
  64.583  136.446       1.8065
  64.583  140.794       2.0972
  64.583  145.142       2.7873
  64.583  149.489       3.1486
  64.583  153.837       3.2573
  64.583  158.185       4.6300
  64.583  162.533       4.6300
  64.583  166.881       3.3904
  64.583  171.229       3.5619
  64.583  175.577       3.0567
  64.583  179.924       1.9215
  64.583  184.272       1.9745
  64.583  188.620       2.1145
  64.583  192.968       2.5278
  64.583  197.316       3.5619
  64.583  201.664       4.6300
  64.583  206.012       4.6300
  64.583  210.360       4.6300
  64.583  214.707       4.6300
  64.583  219.055       4.6300
  64.583  223.403       4.6300
  64.583  227.751       4.6300
  64.583  232.099       4.6300
  64.583  236.447       4.6300
  64.583  240.795       4.6300
  64.583  245.143       4.6300
  64.583  249.490       4.6300
  64.583  253.838       4.6300
  64.583  258.186       4.6300
  68.896 -172.253       4.6300
  68.896 -167.905       4.6300
  68.896 -163.557       4.6300
  68.896 -159.209       4.6300
  68.896 -154.862       4.6300
  68.896 -150.514       4.6300
  68.896 -146.166       4.6300
  68.896 -141.818       4.6300
  68.896 -137.470       4.6300
  68.896 -133.122       4.6300
  68.896 -128.774       4.6300
  68.896 -124.426       4.6300
  68.896 -120.079       4.6300
  68.896 -115.731       4.6300
  68.896 -111.383       4.6300
  68.896 -107.035       4.6300
  68.896 -102.687       4.6300
  68.896  -98.339       4.6300
  68.896  -93.991       4.6300
  68.896  -89.643       4.6300
  68.896  -85.296       3.5619
  68.896  -80.948       2.6024
  68.896  -76.600       2.9771
  68.896  -72.252       3.2573
  68.896  -67.904       3.2573
  68.896  -63.556       3.0567
  68.896  -59.208       3.1486
  68.896  -54.861       3.1486
  68.896  -50.513       2.6877
  68.896  -46.165       2.5639
  68.896  -41.817       2.6877
  68.896  -37.469       4.6300
  68.896  -33.121       3.1486
  68.896  -28.773       2.6024
  68.896  -24.425       2.9771
  68.896  -20.078       2.3222
  68.896  -15.730       2.2303
  68.896  -11.382       2.4937
  68.896   -7.034       3.3904
  68.896   -2.686       3.8036
  68.896    1.662       4.6300
  68.896    6.010       4.6300
  68.896   10.358       4.6300
  68.896   14.705       4.6300
  68.896   19.053       4.6300
  68.896   23.401       4.6300
  68.896   27.749       4.6300
  68.896   32.097       4.6300
  68.896   36.445       4.6300
  68.896   40.793       4.6300
  68.896   45.140       4.6300
  68.896   49.488       4.6300
  68.896   53.836       4.6300
  68.896   58.184       4.6300
  68.896   62.532       4.6300
  68.896   66.880       4.6300
  68.896   71.228       4.6300
  68.896   75.576       4.6300
  68.896   79.923       4.6300
  68.896   84.271       4.6300
  68.896   88.619       4.6300
  68.896   92.967       4.6300
  68.896   97.315       4.6300
  68.896  101.663       4.6300
  68.896  106.011       4.6300
  68.896  110.359       4.6300
  68.896  114.706       4.6300
  68.896  119.054       4.2168
  68.896  123.402       4.2168
  68.896  127.750       2.4614
  68.896  132.098       1.9745
  68.896  136.446       2.2303
  68.896  140.794       2.3475
  68.896  145.142       2.4614
  68.896  149.489       2.7873
  68.896  153.837       3.8036
  68.896  158.185       4.6300
  68.896  162.533       4.6300
  68.896  166.881       4.6300
  68.896  171.229       3.3904
  68.896  175.577       2.6877
  68.896  179.924       1.8612
  68.896  184.272       2.2745
  68.896  188.620       2.5639
  68.896  192.968       4.2168
  68.896  197.316       4.6300
  68.896  201.664       4.6300
  68.896  206.012       4.6300
  68.896  210.360       4.6300
  68.896  214.707       4.6300
  68.896  219.055       4.6300
  68.896  223.403       4.6300
  68.896  227.751       4.6300
  68.896  232.099       4.6300
  68.896  236.447       4.6300
  68.896  240.795       4.6300
  68.896  245.143       4.6300
  68.896  249.490       4.6300
  68.896  253.838       4.6300
  68.896  258.186       4.6300
  73.209 -172.253       4.6300
  73.209 -167.905       4.6300
  73.209 -163.557       4.6300
  73.209 -159.209       4.6300
  73.209 -154.862       4.6300
  73.209 -150.514       4.6300
  73.209 -146.166       4.6300
  73.209 -141.818       4.6300
  73.209 -137.470       4.6300
  73.209 -133.122       4.6300
  73.209 -128.774       4.6300
  73.209 -124.426       4.6300
  73.209 -120.079       4.6300
  73.209 -115.731       4.6300
  73.209 -111.383       4.6300
  73.209 -107.035       4.6300
  73.209 -102.687       4.6300
  73.209  -98.339       4.6300
  73.209  -93.991       4.6300
  73.209  -89.643       4.6300
  73.209  -85.296       4.6300
  73.209  -80.948       4.2168
  73.209  -76.600       3.8036
  73.209  -72.252       4.2168
  73.209  -67.904       3.8036
  73.209  -63.556       3.2573
  73.209  -59.208       3.0567
  73.209  -54.861       2.5278
  73.209  -50.513       2.5639
  73.209  -46.165       2.9069
  73.209  -41.817       3.1486
  73.209  -37.469       4.2168
  73.209  -33.121       2.7354
  73.209  -28.773       2.1145
  73.209  -24.425       2.4309
  73.209  -20.078       2.9771
  73.209  -15.730       2.7873
  73.209  -11.382       3.0567
  73.209   -7.034       4.6300
  73.209   -2.686       4.6300
  73.209    1.662       4.6300
  73.209    6.010       4.6300
  73.209   10.358       4.6300
  73.209   14.705       4.6300
  73.209   19.053       4.6300
  73.209   23.401       4.6300
  73.209   27.749       4.6300
  73.209   32.097       4.6300
  73.209   36.445       4.6300
  73.209   40.793       4.6300
  73.209   45.140       4.6300
  73.209   49.488       4.6300
  73.209   53.836       4.6300
  73.209   58.184       4.6300
  73.209   62.532       4.6300
  73.209   66.880       4.6300
  73.209   71.228       4.6300
  73.209   75.576       4.6300
  73.209   79.923       4.6300
  73.209   84.271       4.6300
  73.209   88.619       4.6300
  73.209   92.967       4.6300
  73.209   97.315       4.6300
  73.209  101.663       4.6300
  73.209  106.011       4.6300
  73.209  110.359       4.6300
  73.209  114.706       4.6300
  73.209  119.054       4.6300
  73.209  123.402       4.6300
  73.209  127.750       3.8036
  73.209  132.098       4.2168
  73.209  136.446       3.5619
  73.209  140.794       3.8036
  73.209  145.142       3.3904
  73.209  149.489       3.8036
  73.209  153.837       4.6300
  73.209  158.185       4.6300
  73.209  162.533       4.6300
  73.209  166.881       4.6300
  73.209  171.229       3.3904
  73.209  175.577       2.9771
  73.209  179.924       2.6877
  73.209  184.272       3.3904
  73.209  188.620       3.3904
  73.209  192.968       4.2168
  73.209  197.316       4.6300
  73.209  201.664       4.6300
  73.209  206.012       4.6300
  73.209  210.360       4.6300
  73.209  214.707       4.6300
  73.209  219.055       4.6300
  73.209  223.403       4.6300
  73.209  227.751       4.6300
  73.209  232.099       4.6300
  73.209  236.447       4.6300
  73.209  240.795       4.6300
  73.209  245.143       4.6300
  73.209  249.490       4.6300
  73.209  253.838       4.6300
  73.209  258.186       4.6300
  77.521 -172.253       4.6300
  77.521 -167.905       4.6300
  77.521 -163.557       4.6300
  77.521 -159.209       4.6300
  77.521 -154.862       4.6300
  77.521 -150.514       4.6300
  77.521 -146.166       4.6300
  77.521 -141.818       4.6300
  77.521 -137.470       4.6300
  77.521 -133.122       4.6300
  77.521 -128.774       4.6300
  77.521 -124.426       4.6300
  77.521 -120.079       4.6300
  77.521 -115.731       4.6300
  77.521 -111.383       4.6300
  77.521 -107.035       4.6300
  77.521 -102.687       4.6300
  77.521  -98.339       4.6300
  77.521  -93.991       4.6300
  77.521  -89.643       4.6300
  77.521  -85.296       4.6300
  77.521  -80.948       4.6300
  77.521  -76.600       4.6300
  77.521  -72.252       4.6300
  77.521  -67.904       3.8036
  77.521  -63.556       3.8036
  77.521  -59.208       3.5619
  77.521  -54.861       2.2303
  77.521  -50.513       2.7354
  77.521  -46.165       3.3904
  77.521  -41.817       4.2168
  77.521  -37.469       3.0567
  77.521  -33.121       3.5619
  77.521  -28.773       2.9069
  77.521  -24.425       3.8036
  77.521  -20.078       4.6300
  77.521  -15.730       4.6300
  77.521  -11.382       4.6300
  77.521   -7.034       4.6300
  77.521   -2.686       4.6300
  77.521    1.662       4.6300
  77.521    6.010       4.6300
  77.521   10.358       4.6300
  77.521   14.705       4.6300
  77.521   19.053       4.6300
  77.521   23.401       4.6300
  77.521   27.749       4.6300
  77.521   32.097       4.6300
  77.521   36.445       4.6300
  77.521   40.793       4.6300
  77.521   45.140       4.6300
  77.521   49.488       4.6300
  77.521   53.836       4.6300
  77.521   58.184       4.6300
  77.521   62.532       4.6300
  77.521   66.880       4.6300
  77.521   71.228       4.6300
  77.521   75.576       4.6300
  77.521   79.923       4.6300
  77.521   84.271       4.6300
  77.521   88.619       4.6300
  77.521   92.967       4.6300
  77.521   97.315       4.6300
  77.521  101.663       4.6300
  77.521  106.011       4.6300
  77.521  110.359       4.6300
  77.521  114.706       4.6300
  77.521  119.054       4.6300
  77.521  123.402       4.6300
  77.521  127.750       4.6300
  77.521  132.098       4.6300
  77.521  136.446       4.6300
  77.521  140.794       4.6300
  77.521  145.142       4.6300
  77.521  149.489       4.6300
  77.521  153.837       4.6300
  77.521  158.185       4.6300
  77.521  162.533       4.6300
  77.521  166.881       4.6300
  77.521  171.229       4.6300
  77.521  175.577       4.2168
  77.521  179.924       4.6300
  77.521  184.272       4.6300
  77.521  188.620       4.6300
  77.521  192.968       4.6300
  77.521  197.316       4.6300
  77.521  201.664       4.6300
  77.521  206.012       4.6300
  77.521  210.360       4.6300
  77.521  214.707       4.6300
  77.521  219.055       4.6300
  77.521  223.403       4.6300
  77.521  227.751       4.6300
  77.521  232.099       4.6300
  77.521  236.447       4.6300
  77.521  240.795       4.6300
  77.521  245.143       4.6300
  77.521  249.490       4.6300
  77.521  253.838       4.6300
  77.521  258.186       4.6300
  81.834 -172.253       4.6300
  81.834 -167.905       4.6300
  81.834 -163.557       4.6300
  81.834 -159.209       4.6300
  81.834 -154.862       4.6300
  81.834 -150.514       4.6300
  81.834 -146.166       4.6300
  81.834 -141.818       4.6300
  81.834 -137.470       4.6300
  81.834 -133.122       4.6300
  81.834 -128.774       4.6300
  81.834 -124.426       4.6300
  81.834 -120.079       4.6300
  81.834 -115.731       4.6300
  81.834 -111.383       4.6300
  81.834 -107.035       4.6300
  81.834 -102.687       4.6300
  81.834  -98.339       4.6300
  81.834  -93.991       4.6300
  81.834  -89.643       4.6300
  81.834  -85.296       4.6300
  81.834  -80.948       4.6300
  81.834  -76.600       4.6300
  81.834  -72.252       4.6300
  81.834  -67.904       3.3904
  81.834  -63.556       2.5278
  81.834  -59.208       3.2573
  81.834  -54.861       2.7873
  81.834  -50.513       3.5619
  81.834  -46.165       3.3904
  81.834  -41.817       2.9069
  81.834  -37.469       3.3904
  81.834  -33.121       4.2168
  81.834  -28.773       4.6300
  81.834  -24.425       4.6300
  81.834  -20.078       4.6300
  81.834  -15.730       4.6300
  81.834  -11.382       4.6300
  81.834   -7.034       4.6300
  81.834   -2.686       4.6300
  81.834    1.662       4.6300
  81.834    6.010       4.6300
  81.834   10.358       4.6300
  81.834   14.705       4.6300
  81.834   19.053       4.6300
  81.834   23.401       4.6300
  81.834   27.749       4.6300
  81.834   32.097       4.6300
  81.834   36.445       4.6300
  81.834   40.793       4.6300
  81.834   45.140       4.6300
  81.834   49.488       4.6300
  81.834   53.836       4.6300
  81.834   58.184       4.6300
  81.834   62.532       4.6300
  81.834   66.880       4.6300
  81.834   71.228       4.6300
  81.834   75.576       4.6300
  81.834   79.923       4.6300
  81.834   84.271       4.6300
  81.834   88.619       4.6300
  81.834   92.967       4.6300
  81.834   97.315       4.6300
  81.834  101.663       4.6300
  81.834  106.011       4.6300
  81.834  110.359       4.6300
  81.834  114.706       4.6300
  81.834  119.054       4.6300
  81.834  123.402       4.6300
  81.834  127.750       4.6300
  81.834  132.098       4.6300
  81.834  136.446       4.6300
  81.834  140.794       4.6300
  81.834  145.142       4.6300
  81.834  149.489       4.6300
  81.834  153.837       4.6300
  81.834  158.185       4.6300
  81.834  162.533       4.6300
  81.834  166.881       4.6300
  81.834  171.229       4.6300
  81.834  175.577       4.6300
  81.834  179.924       4.6300
  81.834  184.272       4.6300
  81.834  188.620       4.6300
  81.834  192.968       4.6300
  81.834  197.316       4.6300
  81.834  201.664       4.6300
  81.834  206.012       4.6300
  81.834  210.360       4.6300
  81.834  214.707       4.6300
  81.834  219.055       4.6300
  81.834  223.403       4.6300
  81.834  227.751       4.6300
  81.834  232.099       4.6300
  81.834  236.447       4.6300
  81.834  240.795       4.6300
  81.834  245.143       4.6300
  81.834  249.490       4.6300
  81.834  253.838       4.6300
  81.834  258.186       4.6300
  86.147 -172.253       4.6300
  86.147 -167.905       4.6300
  86.147 -163.557       4.6300
  86.147 -159.209       4.6300
  86.147 -154.862       4.6300
  86.147 -150.514       4.6300
  86.147 -146.166       4.6300
  86.147 -141.818       4.6300
  86.147 -137.470       4.6300
  86.147 -133.122       4.6300
  86.147 -128.774       4.6300
  86.147 -124.426       4.6300
  86.147 -120.079       4.6300
  86.147 -115.731       4.6300
  86.147 -111.383       4.6300
  86.147 -107.035       4.6300
  86.147 -102.687       4.6300
  86.147  -98.339       4.6300
  86.147  -93.991       4.6300
  86.147  -89.643       4.6300
  86.147  -85.296       4.6300
  86.147  -80.948       4.6300
  86.147  -76.600       4.6300
  86.147  -72.252       4.6300
  86.147  -67.904       2.7873
  86.147  -63.556       2.9771
  86.147  -59.208       2.9771
  86.147  -54.861       2.9771
  86.147  -50.513       3.2573
  86.147  -46.165       4.2168
  86.147  -41.817       2.9771
  86.147  -37.469       2.3740
  86.147  -33.121       3.3904
  86.147  -28.773       4.6300
  86.147  -24.425       4.6300
  86.147  -20.078       4.6300
  86.147  -15.730       4.6300
  86.147  -11.382       4.6300
  86.147   -7.034       4.6300
  86.147   -2.686       4.6300
  86.147    1.662       4.6300
  86.147    6.010       4.6300
  86.147   10.358       4.6300
  86.147   14.705       4.6300
  86.147   19.053       4.6300
  86.147   23.401       4.6300
  86.147   27.749       4.6300
  86.147   32.097       4.6300
  86.147   36.445       4.6300
  86.147   40.793       4.6300
  86.147   45.140       4.6300
  86.147   49.488       4.6300
  86.147   53.836       4.6300
  86.147   58.184       4.6300
  86.147   62.532       4.6300
  86.147   66.880       4.6300
  86.147   71.228       4.6300
  86.147   75.576       4.6300
  86.147   79.923       4.6300
  86.147   84.271       4.6300
  86.147   88.619       4.6300
  86.147   92.967       4.6300
  86.147   97.315       4.6300
  86.147  101.663       4.6300
  86.147  106.011       4.6300
  86.147  110.359       4.6300
  86.147  114.706       4.6300
  86.147  119.054       4.6300
  86.147  123.402       4.6300
  86.147  127.750       4.6300
  86.147  132.098       4.6300
  86.147  136.446       4.6300
  86.147  140.794       4.6300
  86.147  145.142       4.6300
  86.147  149.489       4.6300
  86.147  153.837       4.6300
  86.147  158.185       4.6300
  86.147  162.533       4.6300
  86.147  166.881       4.6300
  86.147  171.229       4.6300
  86.147  175.577       4.6300
  86.147  179.924       4.6300
  86.147  184.272       4.6300
  86.147  188.620       4.6300
  86.147  192.968       4.6300
  86.147  197.316       4.6300
  86.147  201.664       4.6300
  86.147  206.012       4.6300
  86.147  210.360       4.6300
  86.147  214.707       4.6300
  86.147  219.055       4.6300
  86.147  223.403       4.6300
  86.147  227.751       4.6300
  86.147  232.099       4.6300
  86.147  236.447       4.6300
  86.147  240.795       4.6300
  86.147  245.143       4.6300
  86.147  249.490       4.6300
  86.147  253.838       4.6300
  86.147  258.186       4.6300
  90.459 -172.253       4.6300
  90.459 -167.905       4.6300
  90.459 -163.557       4.6300
  90.459 -159.209       4.6300
  90.459 -154.862       4.6300
  90.459 -150.514       4.6300
  90.459 -146.166       4.6300
  90.459 -141.818       4.6300
  90.459 -137.470       4.6300
  90.459 -133.122       4.6300
  90.459 -128.774       4.6300
  90.459 -124.426       4.6300
  90.459 -120.079       4.6300
  90.459 -115.731       4.6300
  90.459 -111.383       4.6300
  90.459 -107.035       4.6300
  90.459 -102.687       4.6300
  90.459  -98.339       4.6300
  90.459  -93.991       4.6300
  90.459  -89.643       4.6300
  90.459  -85.296       4.6300
  90.459  -80.948       4.6300
  90.459  -76.600       4.6300
  90.459  -72.252       4.6300
  90.459  -67.904       4.2168
  90.459  -63.556       4.6300
  90.459  -59.208       3.5619
  90.459  -54.861       3.1486
  90.459  -50.513       2.8441
  90.459  -46.165       3.2573
  90.459  -41.817       3.8036
  90.459  -37.469       3.1486
  90.459  -33.121       3.5619
  90.459  -28.773       4.6300
  90.459  -24.425       4.6300
  90.459  -20.078       4.6300
  90.459  -15.730       4.6300
  90.459  -11.382       4.6300
  90.459   -7.034       4.6300
  90.459   -2.686       4.6300
  90.459    1.662       4.6300
  90.459    6.010       4.6300
  90.459   10.358       4.6300
  90.459   14.705       4.6300
  90.459   19.053       4.6300
  90.459   23.401       4.6300
  90.459   27.749       4.6300
  90.459   32.097       4.6300
  90.459   36.445       4.6300
  90.459   40.793       4.6300
  90.459   45.140       4.6300
  90.459   49.488       4.6300
  90.459   53.836       4.6300
  90.459   58.184       4.6300
  90.459   62.532       4.6300
  90.459   66.880       4.6300
  90.459   71.228       4.6300
  90.459   75.576       4.6300
  90.459   79.923       4.6300
  90.459   84.271       4.6300
  90.459   88.619       4.6300
  90.459   92.967       4.6300
  90.459   97.315       4.6300
  90.459  101.663       4.6300
  90.459  106.011       4.6300
  90.459  110.359       4.6300
  90.459  114.706       4.6300
  90.459  119.054       4.6300
  90.459  123.402       4.6300
  90.459  127.750       4.6300
  90.459  132.098       4.6300
  90.459  136.446       4.6300
  90.459  140.794       4.6300
  90.459  145.142       4.6300
  90.459  149.489       4.6300
  90.459  153.837       4.6300
  90.459  158.185       4.6300
  90.459  162.533       4.6300
  90.459  166.881       4.6300
  90.459  171.229       4.6300
  90.459  175.577       4.6300
  90.459  179.924       4.6300
  90.459  184.272       4.6300
  90.459  188.620       4.6300
  90.459  192.968       4.6300
  90.459  197.316       4.6300
  90.459  201.664       4.6300
  90.459  206.012       4.6300
  90.459  210.360       4.6300
  90.459  214.707       4.6300
  90.459  219.055       4.6300
  90.459  223.403       4.6300
  90.459  227.751       4.6300
  90.459  232.099       4.6300
  90.459  236.447       4.6300
  90.459  240.795       4.6300
  90.459  245.143       4.6300
  90.459  249.490       4.6300
  90.459  253.838       4.6300
  90.459  258.186       4.6300
