-372.626 -164.177       4.2357
-372.626 -159.877       4.2357
-372.626 -155.577       4.2357
-372.626 -151.277       4.2357
-372.626 -146.977       4.2357
-372.626 -142.677       4.2357
-372.626 -138.377       4.2357
-372.626 -134.077       4.2357
-372.626 -129.776       4.2357
-372.626 -125.476       4.2357
-372.626 -121.176       4.2357
-372.626 -116.876       4.2357
-372.626 -112.576       4.2357
-372.626 -108.276       4.2357
-372.626 -103.976       4.2357
-372.626  -99.676       4.2357
-372.626  -95.376       4.2357
-372.626  -91.076       4.2357
-372.626  -86.776       4.2357
-372.626  -82.476       4.2357
-372.626  -78.176       4.2357
-372.626  -73.876       4.2357
-372.626  -69.575       4.2357
-372.626  -65.275       4.2357
-372.626  -60.975       4.2357
-372.626  -56.675       4.2357
-372.626  -52.375       4.2357
-372.626  -48.075       4.2357
-372.626  -43.775       4.2357
-372.626  -39.475       4.2357
-372.626  -35.175       4.2357
-372.626  -30.875       4.2357
-372.626  -26.575       4.2357
-372.626  -22.275       4.2357
-372.626  -17.975       4.2357
-372.626  -13.675       4.2357
-372.626   -9.374       4.2357
-372.626   -5.074       4.2357
-372.626   -0.774       4.2357
-372.626    3.526       4.2357
-372.626    7.826       4.2357
-372.626   12.126       4.2357
-372.626   16.426       2.7543
-372.626   20.726       2.7543
-372.626   25.026       3.8225
-372.626   29.326       3.4092
-372.626   33.626       2.3411
-372.626   37.926       2.5828
-372.626   42.226       2.9960
-372.626   46.526       4.2357
-372.626   50.827       4.2357
-372.626   55.127       4.2357
-372.626   59.427       4.2357
-372.626   63.727       4.2357
-372.626   68.027       4.2357
-372.626   72.327       4.2357
-372.626   76.627       4.2357
-372.626   80.927       4.2357
-372.626   85.227       4.2357
-372.626   89.527       4.2357
-372.626   93.827       4.2357
-372.626   98.127       4.2357
-372.626  102.427       4.2357
-372.626  106.727       4.2357
-372.626  111.027       4.2357
-372.626  115.328       4.2357
-372.626  119.628       4.2357
-372.626  123.928       4.2357
-372.626  128.228       4.2357
-372.626  132.528       4.2357
-372.626  136.828       4.2357
-372.626  141.128       4.2357
-372.626  145.428       3.8225
-372.626  149.728       4.2357
-372.626  154.028       4.2357
-372.626  158.328       4.2357
-372.626  162.628       4.2357
-372.626  166.928       4.2357
-372.626  171.228       4.2357
-372.626  175.529       4.2357
-372.626  179.829       4.2357
-372.626  184.129       4.2357
-372.626  188.429       4.2357
-372.626  192.729       4.2357
-372.626  197.029       4.2357
-372.626  201.329       4.2357
-372.626  205.629       4.2357
-372.626  209.929       4.2357
-372.626  214.229       4.2357
-372.626  218.529       4.2357
-372.626  222.829       4.2357
-372.626  227.129       4.2357
-372.626  231.429       4.2357
-372.626  235.730       4.2357
-372.626  240.030       4.2357
-372.626  244.330       4.2357
-372.626  248.630       4.2357
-372.626  252.930       4.2357
-372.626  257.230       4.2357
-372.626  261.530       4.2357
-369.347 -164.177       4.2357
-369.347 -159.877       4.2357
-369.347 -155.577       4.2357
-369.347 -151.277       4.2357
-369.347 -146.977       4.2357
-369.347 -142.677       4.2357
-369.347 -138.377       4.2357
-369.347 -134.077       4.2357
-369.347 -129.776       4.2357
-369.347 -125.476       4.2357
-369.347 -121.176       4.2357
-369.347 -116.876       4.2357
-369.347 -112.576       4.2357
-369.347 -108.276       4.2357
-369.347 -103.976       4.2357
-369.347  -99.676       4.2357
-369.347  -95.376       4.2357
-369.347  -91.076       4.2357
-369.347  -86.776       4.2357
-369.347  -82.476       4.2357
-369.347  -78.176       4.2357
-369.347  -73.876       4.2357
-369.347  -69.575       4.2357
-369.347  -65.275       4.2357
-369.347  -60.975       4.2357
-369.347  -56.675       4.2357
-369.347  -52.375       4.2357
-369.347  -48.075       4.2357
-369.347  -43.775       4.2357
-369.347  -39.475       4.2357
-369.347  -35.175       4.2357
-369.347  -30.875       4.2357
-369.347  -26.575       4.2357
-369.347  -22.275       4.2357
-369.347  -17.975       4.2357
-369.347  -13.675       4.2357
-369.347   -9.374       4.2357
-369.347   -5.074       4.2357
-369.347   -0.774       4.2357
-369.347    3.526       4.2357
-369.347    7.826       4.2357
-369.347   12.126       4.2357
-369.347   16.426       2.3929
-369.347   20.726       1.8576
-369.347   25.026       2.2080
-369.347   29.326       2.6624
-369.347   33.626       2.0365
-369.347   37.926       2.0365
-369.347   42.226       2.3411
-369.347   46.526       3.1675
-369.347   50.827       4.2357
-369.347   55.127       4.2357
-369.347   59.427       4.2357
-369.347   63.727       4.2357
-369.347   68.027       4.2357
-369.347   72.327       4.2357
-369.347   76.627       4.2357
-369.347   80.927       4.2357
-369.347   85.227       3.8225
-369.347   89.527       4.2357
-369.347   93.827       4.2357
-369.347   98.127       4.2357
-369.347  102.427       4.2357
-369.347  106.727       4.2357
-369.347  111.027       4.2357
-369.347  115.328       4.2357
-369.347  119.628       4.2357
-369.347  123.928       4.2357
-369.347  128.228       3.8225
-369.347  132.528       3.4092
-369.347  136.828       4.2357
-369.347  141.128       4.2357
-369.347  145.428       4.2357
-369.347  149.728       4.2357
-369.347  154.028       4.2357
-369.347  158.328       4.2357
-369.347  162.628       4.2357
-369.347  166.928       4.2357
-369.347  171.228       4.2357
-369.347  175.529       4.2357
-369.347  179.829       4.2357
-369.347  184.129       4.2357
-369.347  188.429       4.2357
-369.347  192.729       4.2357
-369.347  197.029       4.2357
-369.347  201.329       4.2357
-369.347  205.629       4.2357
-369.347  209.929       4.2357
-369.347  214.229       4.2357
-369.347  218.529       4.2357
-369.347  222.829       4.2357
-369.347  227.129       4.2357
-369.347  231.429       4.2357
-369.347  235.730       4.2357
-369.347  240.030       4.2357
-369.347  244.330       4.2357
-369.347  248.630       4.2357
-369.347  252.930       4.2357
-369.347  257.230       4.2357
-369.347  261.530       4.2357
-366.067 -164.177       4.2357
-366.067 -159.877       4.2357
-366.067 -155.577       4.2357
-366.067 -151.277       4.2357
-366.067 -146.977       4.2357
-366.067 -142.677       4.2357
-366.067 -138.377       4.2357
-366.067 -134.077       4.2357
-366.067 -129.776       4.2357
-366.067 -125.476       4.2357
-366.067 -121.176       4.2357
-366.067 -116.876       4.2357
-366.067 -112.576       4.2357
-366.067 -108.276       4.2357
-366.067 -103.976       4.2357
-366.067  -99.676       4.2357
-366.067  -95.376       4.2357
-366.067  -91.076       4.2357
-366.067  -86.776       4.2357
-366.067  -82.476       4.2357
-366.067  -78.176       4.2357
-366.067  -73.876       4.2357
-366.067  -69.575       4.2357
-366.067  -65.275       4.2357
-366.067  -60.975       4.2357
-366.067  -56.675       4.2357
-366.067  -52.375       4.2357
-366.067  -48.075       4.2357
-366.067  -43.775       4.2357
-366.067  -39.475       4.2357
-366.067  -35.175       4.2357
-366.067  -30.875       4.2357
-366.067  -26.575       4.2357
-366.067  -22.275       4.2357
-366.067  -17.975       4.2357
-366.067  -13.675       4.2357
-366.067   -9.374       4.2357
-366.067   -5.074       4.2357
-366.067   -0.774       4.2357
-366.067    3.526       3.8225
-366.067    7.826       4.2357
-366.067   12.126       2.6624
-366.067   16.426       2.0671
-366.067   20.726       2.0365
-366.067   25.026       1.9797
-366.067   29.326       2.6624
-366.067   33.626       2.1696
-366.067   37.926       2.0365
-366.067   42.226       2.0365
-366.067   46.526       2.4498
-366.067   50.827       2.7543
-366.067   55.127       2.3929
-366.067   59.427       2.7543
-366.067   63.727       3.4092
-366.067   68.027       2.8630
-366.067   72.327       4.2357
-366.067   76.627       4.2357
-366.067   80.927       4.2357
-366.067   85.227       2.9960
-366.067   89.527       2.9960
-366.067   93.827       3.8225
-366.067   98.127       4.2357
-366.067  102.427       4.2357
-366.067  106.727       4.2357
-366.067  111.027       4.2357
-366.067  115.328       4.2357
-366.067  119.628       3.8225
-366.067  123.928       3.8225
-366.067  128.228       2.1334
-366.067  132.528       2.7543
-366.067  136.828       3.8225
-366.067  141.128       4.2357
-366.067  145.428       4.2357
-366.067  149.728       4.2357
-366.067  154.028       4.2357
-366.067  158.328       4.2357
-366.067  162.628       4.2357
-366.067  166.928       4.2357
-366.067  171.228       4.2357
-366.067  175.529       4.2357
-366.067  179.829       4.2357
-366.067  184.129       4.2357
-366.067  188.429       4.2357
-366.067  192.729       4.2357
-366.067  197.029       4.2357
-366.067  201.329       4.2357
-366.067  205.629       4.2357
-366.067  209.929       4.2357
-366.067  214.229       4.2357
-366.067  218.529       4.2357
-366.067  222.829       4.2357
-366.067  227.129       4.2357
-366.067  231.429       4.2357
-366.067  235.730       4.2357
-366.067  240.030       4.2357
-366.067  244.330       4.2357
-366.067  248.630       4.2357
-366.067  252.930       4.2357
-366.067  257.230       4.2357
-366.067  261.530       4.2357
-362.788 -164.177       4.2357
-362.788 -159.877       4.2357
-362.788 -155.577       4.2357
-362.788 -151.277       4.2357
-362.788 -146.977       4.2357
-362.788 -142.677       4.2357
-362.788 -138.377       4.2357
-362.788 -134.077       4.2357
-362.788 -129.776       4.2357
-362.788 -125.476       4.2357
-362.788 -121.176       4.2357
-362.788 -116.876       4.2357
-362.788 -112.576       4.2357
-362.788 -108.276       4.2357
-362.788 -103.976       4.2357
-362.788  -99.676       4.2357
-362.788  -95.376       4.2357
-362.788  -91.076       4.2357
-362.788  -86.776       4.2357
-362.788  -82.476       4.2357
-362.788  -78.176       4.2357
-362.788  -73.876       4.2357
-362.788  -69.575       4.2357
-362.788  -65.275       4.2357
-362.788  -60.975       4.2357
-362.788  -56.675       4.2357
-362.788  -52.375       4.2357
-362.788  -48.075       4.2357
-362.788  -43.775       4.2357
-362.788  -39.475       4.2357
-362.788  -35.175       4.2357
-362.788  -30.875       4.2357
-362.788  -26.575       4.2357
-362.788  -22.275       4.2357
-362.788  -17.975       4.2357
-362.788  -13.675       4.2357
-362.788   -9.374       4.2357
-362.788   -5.074       3.8225
-362.788   -0.774       2.7543
-362.788    3.526       2.5126
-362.788    7.826       2.9960
-362.788   12.126       2.3411
-362.788   16.426       2.0365
-362.788   20.726       2.3929
-362.788   25.026       2.5126
-362.788   29.326       3.8225
-362.788   33.626       2.9960
-362.788   37.926       2.7543
-362.788   42.226       1.8150
-362.788   46.526       2.6624
-362.788   50.827       2.2492
-362.788   55.127       1.8359
-362.788   59.427       2.1334
-362.788   63.727       2.5828
-362.788   68.027       2.6624
-362.788   72.327       4.2357
-362.788   76.627       4.2357
-362.788   80.927       4.2357
-362.788   85.227       2.6624
-362.788   89.527       2.2934
-362.788   93.827       2.8630
-362.788   98.127       3.8225
-362.788  102.427       3.8225
-362.788  106.727       4.2357
-362.788  111.027       4.2357
-362.788  115.328       4.2357
-362.788  119.628       2.6624
-362.788  123.928       1.9797
-362.788  128.228       1.9532
-362.788  132.528       2.5126
-362.788  136.828       2.5828
-362.788  141.128       3.8225
-362.788  145.428       4.2357
-362.788  149.728       4.2357
-362.788  154.028       4.2357
-362.788  158.328       4.2357
-362.788  162.628       4.2357
-362.788  166.928       4.2357
-362.788  171.228       4.2357
-362.788  175.529       4.2357
-362.788  179.829       4.2357
-362.788  184.129       4.2357
-362.788  188.429       4.2357
-362.788  192.729       4.2357
-362.788  197.029       4.2357
-362.788  201.329       4.2357
-362.788  205.629       4.2357
-362.788  209.929       4.2357
-362.788  214.229       4.2357
-362.788  218.529       4.2357
-362.788  222.829       4.2357
-362.788  227.129       4.2357
-362.788  231.429       4.2357
-362.788  235.730       4.2357
-362.788  240.030       4.2357
-362.788  244.330       4.2357
-362.788  248.630       4.2357
-362.788  252.930       4.2357
-362.788  257.230       4.2357
-362.788  261.530       4.2357
-359.509 -164.177       4.2357
-359.509 -159.877       4.2357
-359.509 -155.577       4.2357
-359.509 -151.277       4.2357
-359.509 -146.977       4.2357
-359.509 -142.677       4.2357
-359.509 -138.377       4.2357
-359.509 -134.077       4.2357
-359.509 -129.776       4.2357
-359.509 -125.476       4.2357
-359.509 -121.176       4.2357
-359.509 -116.876       4.2357
-359.509 -112.576       4.2357
-359.509 -108.276       4.2357
-359.509 -103.976       4.2357
-359.509  -99.676       4.2357
-359.509  -95.376       4.2357
-359.509  -91.076       4.2357
-359.509  -86.776       4.2357
-359.509  -82.476       4.2357
-359.509  -78.176       4.2357
-359.509  -73.876       4.2357
-359.509  -69.575       4.2357
-359.509  -65.275       4.2357
-359.509  -60.975       4.2357
-359.509  -56.675       4.2357
-359.509  -52.375       4.2357
-359.509  -48.075       4.2357
-359.509  -43.775       4.2357
-359.509  -39.475       4.2357
-359.509  -35.175       4.2357
-359.509  -30.875       4.2357
-359.509  -26.575       4.2357
-359.509  -22.275       4.2357
-359.509  -17.975       4.2357
-359.509  -13.675       4.2357
-359.509   -9.374       4.2357
-359.509   -5.074       2.8630
-359.509   -0.774       2.0993
-359.509    3.526       1.8150
-359.509    7.826       2.0075
-359.509   12.126       2.3411
-359.509   16.426       2.5828
-359.509   20.726       2.6624
-359.509   25.026       2.3411
-359.509   29.326       2.0365
-359.509   33.626       1.6539
-359.509   37.926       2.2492
-359.509   42.226       2.7543
-359.509   46.526       2.7543
-359.509   50.827       2.5828
-359.509   55.127       2.0075
-359.509   59.427       2.2492
-359.509   63.727       2.2934
-359.509   68.027       2.5126
-359.509   72.327       4.2357
-359.509   76.627       4.2357
-359.509   80.927       4.2357
-359.509   85.227       2.8630
-359.509   89.527       2.3929
-359.509   93.827       2.2080
-359.509   98.127       2.6624
-359.509  102.427       2.6624
-359.509  106.727       4.2357
-359.509  111.027       4.2357
-359.509  115.328       2.4498
-359.509  119.628       2.3411
-359.509  123.928       1.7380
-359.509  128.228       1.6233
-359.509  132.528       1.9035
-359.509  136.828       1.8801
-359.509  141.128       2.5828
-359.509  145.428       4.2357
-359.509  149.728       4.2357
-359.509  154.028       4.2357
-359.509  158.328       4.2357
-359.509  162.628       4.2357
-359.509  166.928       4.2357
-359.509  171.228       4.2357
-359.509  175.529       4.2357
-359.509  179.829       4.2357
-359.509  184.129       4.2357
-359.509  188.429       4.2357
-359.509  192.729       4.2357
-359.509  197.029       4.2357
-359.509  201.329       4.2357
-359.509  205.629       4.2357
-359.509  209.929       4.2357
-359.509  214.229       4.2357
-359.509  218.529       4.2357
-359.509  222.829       4.2357
-359.509  227.129       4.2357
-359.509  231.429       4.2357
-359.509  235.730       4.2357
-359.509  240.030       4.2357
-359.509  244.330       4.2357
-359.509  248.630       4.2357
-359.509  252.930       4.2357
-359.509  257.230       4.2357
-359.509  261.530       4.2357
-356.229 -164.177       4.2357
-356.229 -159.877       4.2357
-356.229 -155.577       4.2357
-356.229 -151.277       4.2357
-356.229 -146.977       4.2357
-356.229 -142.677       4.2357
-356.229 -138.377       4.2357
-356.229 -134.077       4.2357
-356.229 -129.776       4.2357
-356.229 -125.476       4.2357
-356.229 -121.176       4.2357
-356.229 -116.876       4.2357
-356.229 -112.576       4.2357
-356.229 -108.276       4.2357
-356.229 -103.976       4.2357
-356.229  -99.676       4.2357
-356.229  -95.376       4.2357
-356.229  -91.076       4.2357
-356.229  -86.776       4.2357
-356.229  -82.476       4.2357
-356.229  -78.176       4.2357
-356.229  -73.876       4.2357
-356.229  -69.575       4.2357
-356.229  -65.275       4.2357
-356.229  -60.975       4.2357
-356.229  -56.675       4.2357
-356.229  -52.375       4.2357
-356.229  -48.075       4.2357
-356.229  -43.775       4.2357
-356.229  -39.475       4.2357
-356.229  -35.175       4.2357
-356.229  -30.875       4.2357
-356.229  -26.575       4.2357
-356.229  -22.275       4.2357
-356.229  -17.975       4.2357
-356.229  -13.675       3.8225
-356.229   -9.374       3.1675
-356.229   -5.074       1.8359
-356.229   -0.774       1.5272
-356.229    3.526       1.7202
-356.229    7.826       1.6233
-356.229   12.126       1.8576
-356.229   16.426       2.0993
-356.229   20.726       2.2934
-356.229   25.026       2.2934
-356.229   29.326       1.5802
-356.229   33.626       1.6384
-356.229   37.926       1.9035
-356.229   42.226       2.2934
-356.229   46.526       2.5126
-356.229   50.827       2.1334
-356.229   55.127       1.9035
-356.229   59.427       1.8359
-356.229   63.727       1.8801
-356.229   68.027       2.3929
-356.229   72.327       2.9960
-356.229   76.627       4.2357
-356.229   80.927       3.8225
-356.229   85.227       2.2080
-356.229   89.527       1.8801
-356.229   93.827       1.9278
-356.229   98.127       2.0365
-356.229  102.427       2.5828
-356.229  106.727       2.8630
-356.229  111.027       3.1675
-356.229  115.328       2.0365
-356.229  119.628       2.0075
-356.229  123.928       1.6384
-356.229  128.228       1.3620
-356.229  132.528       1.5942
-356.229  136.828       1.7948
-356.229  141.128       2.2080
-356.229  145.428       2.6624
-356.229  149.728       4.2357
-356.229  154.028       4.2357
-356.229  158.328       4.2357
-356.229  162.628       4.2357
-356.229  166.928       4.2357
-356.229  171.228       4.2357
-356.229  175.529       4.2357
-356.229  179.829       4.2357
-356.229  184.129       4.2357
-356.229  188.429       4.2357
-356.229  192.729       4.2357
-356.229  197.029       4.2357
-356.229  201.329       4.2357
-356.229  205.629       4.2357
-356.229  209.929       4.2357
-356.229  214.229       4.2357
-356.229  218.529       4.2357
-356.229  222.829       4.2357
-356.229  227.129       4.2357
-356.229  231.429       4.2357
-356.229  235.730       4.2357
-356.229  240.030       4.2357
-356.229  244.330       4.2357
-356.229  248.630       4.2357
-356.229  252.930       4.2357
-356.229  257.230       4.2357
-356.229  261.530       4.2357
-352.950 -164.177       4.2357
-352.950 -159.877       4.2357
-352.950 -155.577       4.2357
-352.950 -151.277       4.2357
-352.950 -146.977       4.2357
-352.950 -142.677       4.2357
-352.950 -138.377       4.2357
-352.950 -134.077       4.2357
-352.950 -129.776       4.2357
-352.950 -125.476       4.2357
-352.950 -121.176       4.2357
-352.950 -116.876       4.2357
-352.950 -112.576       4.2357
-352.950 -108.276       4.2357
-352.950 -103.976       4.2357
-352.950  -99.676       4.2357
-352.950  -95.376       4.2357
-352.950  -91.076       4.2357
-352.950  -86.776       4.2357
-352.950  -82.476       4.2357
-352.950  -78.176       4.2357
-352.950  -73.876       4.2357
-352.950  -69.575       4.2357
-352.950  -65.275       4.2357
-352.950  -60.975       4.2357
-352.950  -56.675       4.2357
-352.950  -52.375       4.2357
-352.950  -48.075       4.2357
-352.950  -43.775       4.2357
-352.950  -39.475       4.2357
-352.950  -35.175       4.2357
-352.950  -30.875       4.2357
-352.950  -26.575       4.2357
-352.950  -22.275       4.2357
-352.950  -17.975       3.4092
-352.950  -13.675       3.1675
-352.950   -9.374       2.6624
-352.950   -5.074       1.5802
-352.950   -0.774       1.2647
-352.950    3.526       1.4903
-352.950    7.826       1.5942
-352.950   12.126       1.5665
-352.950   16.426       1.9035
-352.950   20.726       2.0671
-352.950   25.026       1.8576
-352.950   29.326       1.6086
-352.950   33.626       1.6384
-352.950   37.926       1.5272
-352.950   42.226       2.3929
-352.950   46.526       2.0075
-352.950   50.827       1.8150
-352.950   55.127       1.5942
-352.950   59.427       2.0075
-352.950   63.727       1.6861
-352.950   68.027       2.1696
-352.950   72.327       2.2080
-352.950   76.627       1.9532
-352.950   80.927       2.2492
-352.950   85.227       1.8576
-352.950   89.527       1.6698
-352.950   93.827       1.8576
-352.950   98.127       2.5126
-352.950  102.427       2.5126
-352.950  106.727       2.8630
-352.950  111.027       4.2357
-352.950  115.328       2.8630
-352.950  119.628       1.9797
-352.950  123.928       1.7753
-352.950  128.228       1.2486
-352.950  132.528       1.2647
-352.950  136.828       1.6539
-352.950  141.128       1.9278
-352.950  145.428       2.3929
-352.950  149.728       3.4092
-352.950  154.028       4.2357
-352.950  158.328       4.2357
-352.950  162.628       4.2357
-352.950  166.928       4.2357
-352.950  171.228       4.2357
-352.950  175.529       4.2357
-352.950  179.829       4.2357
-352.950  184.129       4.2357
-352.950  188.429       4.2357
-352.950  192.729       4.2357
-352.950  197.029       4.2357
-352.950  201.329       4.2357
-352.950  205.629       4.2357
-352.950  209.929       4.2357
-352.950  214.229       4.2357
-352.950  218.529       4.2357
-352.950  222.829       4.2357
-352.950  227.129       4.2357
-352.950  231.429       4.2357
-352.950  235.730       4.2357
-352.950  240.030       4.2357
-352.950  244.330       4.2357
-352.950  248.630       4.2357
-352.950  252.930       4.2357
-352.950  257.230       4.2357
-352.950  261.530       4.2357
-349.671 -164.177       4.2357
-349.671 -159.877       4.2357
-349.671 -155.577       4.2357
-349.671 -151.277       4.2357
-349.671 -146.977       4.2357
-349.671 -142.677       4.2357
-349.671 -138.377       4.2357
-349.671 -134.077       4.2357
-349.671 -129.776       4.2357
-349.671 -125.476       4.2357
-349.671 -121.176       4.2357
-349.671 -116.876       4.2357
-349.671 -112.576       4.2357
-349.671 -108.276       4.2357
-349.671 -103.976       4.2357
-349.671  -99.676       4.2357
-349.671  -95.376       4.2357
-349.671  -91.076       4.2357
-349.671  -86.776       4.2357
-349.671  -82.476       4.2357
-349.671  -78.176       4.2357
-349.671  -73.876       4.2357
-349.671  -69.575       4.2357
-349.671  -65.275       4.2357
-349.671  -60.975       4.2357
-349.671  -56.675       4.2357
-349.671  -52.375       4.2357
-349.671  -48.075       4.2357
-349.671  -43.775       4.2357
-349.671  -39.475       4.2357
-349.671  -35.175       4.2357
-349.671  -30.875       4.2357
-349.671  -26.575       4.2357
-349.671  -22.275       4.2357
-349.671  -17.975       2.6624
-349.671  -13.675       2.7543
-349.671   -9.374       2.0365
-349.671   -5.074       1.6233
-349.671   -0.774       1.2566
-349.671    3.526       1.3525
-349.671    7.826       1.4335
-349.671   12.126       1.6861
-349.671   16.426       1.8359
-349.671   20.726       1.5531
-349.671   25.026       1.6698
-349.671   29.326       1.9278
-349.671   33.626       1.8359
-349.671   37.926       2.3411
-349.671   42.226       2.2492
-349.671   46.526       1.8150
-349.671   50.827       1.6861
-349.671   55.127       1.7563
-349.671   59.427       1.8150
-349.671   63.727       1.9532
-349.671   68.027       2.2934
-349.671   72.327       1.9797
-349.671   76.627       1.3620
-349.671   80.927       1.6539
-349.671   85.227       1.7948
-349.671   89.527       1.6861
-349.671   93.827       2.2492
-349.671   98.127       3.8225
-349.671  102.427       3.1675
-349.671  106.727       4.2357
-349.671  111.027       4.2357
-349.671  115.328       4.2357
-349.671  119.628       2.2080
-349.671  123.928       1.8801
-349.671  128.228       1.5802
-349.671  132.528       1.3248
-349.671  136.828       1.4335
-349.671  141.128       1.8359
-349.671  145.428       1.8359
-349.671  149.728       1.9797
-349.671  154.028       3.4092
-349.671  158.328       4.2357
-349.671  162.628       4.2357
-349.671  166.928       4.2357
-349.671  171.228       4.2357
-349.671  175.529       4.2357
-349.671  179.829       4.2357
-349.671  184.129       4.2357
-349.671  188.429       4.2357
-349.671  192.729       4.2357
-349.671  197.029       4.2357
-349.671  201.329       4.2357
-349.671  205.629       4.2357
-349.671  209.929       4.2357
-349.671  214.229       4.2357
-349.671  218.529       4.2357
-349.671  222.829       4.2357
-349.671  227.129       4.2357
-349.671  231.429       4.2357
-349.671  235.730       4.2357
-349.671  240.030       4.2357
-349.671  244.330       4.2357
-349.671  248.630       4.2357
-349.671  252.930       4.2357
-349.671  257.230       4.2357
-349.671  261.530       4.2357
-346.391 -164.177       4.2357
-346.391 -159.877       4.2357
-346.391 -155.577       4.2357
-346.391 -151.277       4.2357
-346.391 -146.977       4.2357
-346.391 -142.677       4.2357
-346.391 -138.377       4.2357
-346.391 -134.077       4.2357
-346.391 -129.776       4.2357
-346.391 -125.476       4.2357
-346.391 -121.176       4.2357
-346.391 -116.876       4.2357
-346.391 -112.576       4.2357
-346.391 -108.276       4.2357
-346.391 -103.976       4.2357
-346.391  -99.676       4.2357
-346.391  -95.376       4.2357
-346.391  -91.076       4.2357
-346.391  -86.776       4.2357
-346.391  -82.476       4.2357
-346.391  -78.176       4.2357
-346.391  -73.876       4.2357
-346.391  -69.575       4.2357
-346.391  -65.275       4.2357
-346.391  -60.975       4.2357
-346.391  -56.675       4.2357
-346.391  -52.375       4.2357
-346.391  -48.075       4.2357
-346.391  -43.775       4.2357
-346.391  -39.475       4.2357
-346.391  -35.175       4.2357
-346.391  -30.875       4.2357
-346.391  -26.575       4.2357
-346.391  -22.275       4.2357
-346.391  -17.975       3.8225
-346.391  -13.675       2.3929
-346.391   -9.374       1.8150
-346.391   -5.074       1.4335
-346.391   -0.774       1.2101
-346.391    3.526       1.4903
-346.391    7.826       1.4903
-346.391   12.126       1.6861
-346.391   16.426       1.5400
-346.391   20.726       1.5272
-346.391   25.026       1.6539
-346.391   29.326       2.1334
-346.391   33.626       2.2934
-346.391   37.926       2.5126
-346.391   42.226       2.5126
-346.391   46.526       1.7380
-346.391   50.827       1.6233
-346.391   55.127       1.6539
-346.391   59.427       1.3248
-346.391   63.727       1.7948
-346.391   68.027       2.0993
-346.391   72.327       1.6698
-346.391   76.627       1.3431
-346.391   80.927       1.3248
-346.391   85.227       1.8359
-346.391   89.527       1.6861
-346.391   93.827       2.0993
-346.391   98.127       2.6624
-346.391  102.427       4.2357
-346.391  106.727       4.2357
-346.391  111.027       4.2357
-346.391  115.328       4.2357
-346.391  119.628       4.2357
-346.391  123.928       2.1696
-346.391  128.228       1.4555
-346.391  132.528       1.5400
-346.391  136.828       1.9797
-346.391  141.128       1.8801
-346.391  145.428       1.4335
-346.391  149.728       1.5400
-346.391  154.028       2.9960
-346.391  158.328       4.2357
-346.391  162.628       4.2357
-346.391  166.928       4.2357
-346.391  171.228       4.2357
-346.391  175.529       4.2357
-346.391  179.829       4.2357
-346.391  184.129       4.2357
-346.391  188.429       4.2357
-346.391  192.729       4.2357
-346.391  197.029       4.2357
-346.391  201.329       4.2357
-346.391  205.629       4.2357
-346.391  209.929       4.2357
-346.391  214.229       4.2357
-346.391  218.529       4.2357
-346.391  222.829       4.2357
-346.391  227.129       4.2357
-346.391  231.429       4.2357
-346.391  235.730       4.2357
-346.391  240.030       4.2357
-346.391  244.330       4.2357
-346.391  248.630       4.2357
-346.391  252.930       4.2357
-346.391  257.230       4.2357
-346.391  261.530       4.2357
-343.112 -164.177       4.2357
-343.112 -159.877       4.2357
-343.112 -155.577       4.2357
-343.112 -151.277       4.2357
-343.112 -146.977       4.2357
-343.112 -142.677       4.2357
-343.112 -138.377       4.2357
-343.112 -134.077       4.2357
-343.112 -129.776       4.2357
-343.112 -125.476       4.2357
-343.112 -121.176       4.2357
-343.112 -116.876       4.2357
-343.112 -112.576       4.2357
-343.112 -108.276       4.2357
-343.112 -103.976       4.2357
-343.112  -99.676       4.2357
-343.112  -95.376       4.2357
-343.112  -91.076       4.2357
-343.112  -86.776       4.2357
-343.112  -82.476       4.2357
-343.112  -78.176       4.2357
-343.112  -73.876       4.2357
-343.112  -69.575       4.2357
-343.112  -65.275       4.2357
-343.112  -60.975       4.2357
-343.112  -56.675       4.2357
-343.112  -52.375       4.2357
-343.112  -48.075       4.2357
-343.112  -43.775       4.2357
-343.112  -39.475       4.2357
-343.112  -35.175       4.2357
-343.112  -30.875       4.2357
-343.112  -26.575       4.2357
-343.112  -22.275       4.2357
-343.112  -17.975       3.1675
-343.112  -13.675       2.5828
-343.112   -9.374       2.1696
-343.112   -5.074       1.6086
-343.112   -0.774       1.3717
-343.112    3.526       1.7202
-343.112    7.826       1.9532
-343.112   12.126       1.6384
-343.112   16.426       1.3620
-343.112   20.726       1.5665
-343.112   25.026       1.7029
-343.112   29.326       1.8150
-343.112   33.626       2.0365
-343.112   37.926       2.0993
-343.112   42.226       2.0671
-343.112   46.526       1.9278
-343.112   50.827       1.6086
-343.112   55.127       1.7380
-343.112   59.427       1.4227
-343.112   63.727       1.5531
-343.112   68.027       2.1334
-343.112   72.327       2.2080
-343.112   76.627       1.5146
-343.112   80.927       1.3339
-343.112   85.227       1.5400
-343.112   89.527       1.4335
-343.112   93.827       1.8150
-343.112   98.127       2.6624
-343.112  102.427       2.5126
-343.112  106.727       3.4092
-343.112  111.027       4.2357
-343.112  115.328       4.2357
-343.112  119.628       2.9960
-343.112  123.928       2.1696
-343.112  128.228       1.9532
-343.112  132.528       1.9035
-343.112  136.828       2.0671
-343.112  141.128       1.5531
-343.112  145.428       1.3916
-343.112  149.728       1.7202
-343.112  154.028       2.1696
-343.112  158.328       3.8225
-343.112  162.628       4.2357
-343.112  166.928       4.2357
-343.112  171.228       4.2357
-343.112  175.529       4.2357
-343.112  179.829       4.2357
-343.112  184.129       4.2357
-343.112  188.429       4.2357
-343.112  192.729       4.2357
-343.112  197.029       4.2357
-343.112  201.329       4.2357
-343.112  205.629       4.2357
-343.112  209.929       4.2357
-343.112  214.229       4.2357
-343.112  218.529       4.2357
-343.112  222.829       4.2357
-343.112  227.129       4.2357
-343.112  231.429       4.2357
-343.112  235.730       4.2357
-343.112  240.030       4.2357
-343.112  244.330       4.2357
-343.112  248.630       4.2357
-343.112  252.930       4.2357
-343.112  257.230       4.2357
-343.112  261.530       4.2357
-339.833 -164.177       4.2357
-339.833 -159.877       4.2357
-339.833 -155.577       4.2357
-339.833 -151.277       4.2357
-339.833 -146.977       4.2357
-339.833 -142.677       4.2357
-339.833 -138.377       4.2357
-339.833 -134.077       4.2357
-339.833 -129.776       4.2357
-339.833 -125.476       4.2357
-339.833 -121.176       4.2357
-339.833 -116.876       4.2357
-339.833 -112.576       4.2357
-339.833 -108.276       4.2357
-339.833 -103.976       4.2357
-339.833  -99.676       4.2357
-339.833  -95.376       4.2357
-339.833  -91.076       4.2357
-339.833  -86.776       4.2357
-339.833  -82.476       4.2357
-339.833  -78.176       4.2357
-339.833  -73.876       4.2357
-339.833  -69.575       4.2357
-339.833  -65.275       4.2357
-339.833  -60.975       4.2357
-339.833  -56.675       4.2357
-339.833  -52.375       4.2357
-339.833  -48.075       4.2357
-339.833  -43.775       4.2357
-339.833  -39.475       4.2357
-339.833  -35.175       4.2357
-339.833  -30.875       4.2357
-339.833  -26.575       4.2357
-339.833  -22.275       4.2357
-339.833  -17.975       3.8225
-339.833  -13.675       2.8630
-339.833   -9.374       2.5828
-339.833   -5.074       1.9035
-339.833   -0.774       1.7563
-339.833    3.526       1.7029
-339.833    7.826       1.7948
-339.833   12.126       1.3916
-339.833   16.426       1.5665
-339.833   20.726       1.5531
-339.833   25.026       1.9035
-339.833   29.326       1.8150
-339.833   33.626       1.8801
-339.833   37.926       1.7563
-339.833   42.226       1.5531
-339.833   46.526       1.4555
-339.833   50.827       2.0993
-339.833   55.127       2.2492
-339.833   59.427       1.4018
-339.833   63.727       1.5400
-339.833   68.027       1.9278
-339.833   72.327       1.9532
-339.833   76.627       1.6539
-339.833   80.927       1.3525
-339.833   85.227       1.2176
-339.833   89.527       1.2407
-339.833   93.827       1.6233
-339.833   98.127       1.8801
-339.833  102.427       1.9278
-339.833  106.727       2.0671
-339.833  111.027       2.5828
-339.833  115.328       4.2357
-339.833  119.628       2.3411
-339.833  123.928       2.0671
-339.833  128.228       1.8150
-339.833  132.528       2.5126
-339.833  136.828       1.8359
-339.833  141.128       1.5400
-339.833  145.428       1.7563
-339.833  149.728       1.7563
-339.833  154.028       2.3929
-339.833  158.328       3.8225
-339.833  162.628       4.2357
-339.833  166.928       4.2357
-339.833  171.228       4.2357
-339.833  175.529       4.2357
-339.833  179.829       4.2357
-339.833  184.129       4.2357
-339.833  188.429       4.2357
-339.833  192.729       4.2357
-339.833  197.029       4.2357
-339.833  201.329       4.2357
-339.833  205.629       4.2357
-339.833  209.929       4.2357
-339.833  214.229       4.2357
-339.833  218.529       4.2357
-339.833  222.829       4.2357
-339.833  227.129       4.2357
-339.833  231.429       4.2357
-339.833  235.730       4.2357
-339.833  240.030       4.2357
-339.833  244.330       4.2357
-339.833  248.630       4.2357
-339.833  252.930       4.2357
-339.833  257.230       4.2357
-339.833  261.530       4.2357
-336.553 -164.177       4.2357
-336.553 -159.877       4.2357
-336.553 -155.577       4.2357
-336.553 -151.277       4.2357
-336.553 -146.977       4.2357
-336.553 -142.677       4.2357
-336.553 -138.377       4.2357
-336.553 -134.077       4.2357
-336.553 -129.776       4.2357
-336.553 -125.476       4.2357
-336.553 -121.176       4.2357
-336.553 -116.876       4.2357
-336.553 -112.576       4.2357
-336.553 -108.276       4.2357
-336.553 -103.976       4.2357
-336.553  -99.676       4.2357
-336.553  -95.376       4.2357
-336.553  -91.076       4.2357
-336.553  -86.776       4.2357
-336.553  -82.476       4.2357
-336.553  -78.176       4.2357
-336.553  -73.876       4.2357
-336.553  -69.575       4.2357
-336.553  -65.275       4.2357
-336.553  -60.975       4.2357
-336.553  -56.675       4.2357
-336.553  -52.375       4.2357
-336.553  -48.075       4.2357
-336.553  -43.775       4.2357
-336.553  -39.475       4.2357
-336.553  -35.175       4.2357
-336.553  -30.875       4.2357
-336.553  -26.575       4.2357
-336.553  -22.275       4.2357
-336.553  -17.975       3.8225
-336.553  -13.675       3.1675
-336.553   -9.374       1.6086
-336.553   -5.074       1.9278
-336.553   -0.774       2.0993
-336.553    3.526       1.9532
-336.553    7.826       2.0075
-336.553   12.126       1.7563
-336.553   16.426       1.6384
-336.553   20.726       1.5531
-336.553   25.026       1.5942
-336.553   29.326       1.5665
-336.553   33.626       1.8801
-336.553   37.926       1.6861
-336.553   42.226       1.7029
-336.553   46.526       1.8359
-336.553   50.827       1.9797
-336.553   55.127       3.4092
-336.553   59.427       2.2934
-336.553   63.727       2.0075
-336.553   68.027       1.9035
-336.553   72.327       1.7563
-336.553   76.627       2.1334
-336.553   80.927       1.8359
-336.553   85.227       1.6086
-336.553   89.527       1.1465
-336.553   93.827       1.3248
-336.553   98.127       1.5146
-336.553  102.427       1.5942
-336.553  106.727       1.7948
-336.553  111.027       2.3929
-336.553  115.328       2.5828
-336.553  119.628       2.7543
-336.553  123.928       2.6624
-336.553  128.228       2.6624
-336.553  132.528       2.5828
-336.553  136.828       1.9278
-336.553  141.128       1.7029
-336.553  145.428       1.3816
-336.553  149.728       1.8359
-336.553  154.028       1.7948
-336.553  158.328       2.5126
-336.553  162.628       4.2357
-336.553  166.928       4.2357
-336.553  171.228       4.2357
-336.553  175.529       4.2357
-336.553  179.829       4.2357
-336.553  184.129       4.2357
-336.553  188.429       4.2357
-336.553  192.729       4.2357
-336.553  197.029       4.2357
-336.553  201.329       4.2357
-336.553  205.629       4.2357
-336.553  209.929       4.2357
-336.553  214.229       4.2357
-336.553  218.529       4.2357
-336.553  222.829       4.2357
-336.553  227.129       4.2357
-336.553  231.429       4.2357
-336.553  235.730       4.2357
-336.553  240.030       4.2357
-336.553  244.330       4.2357
-336.553  248.630       4.2357
-336.553  252.930       4.2357
-336.553  257.230       4.2357
-336.553  261.530       4.2357
-333.274 -164.177       4.2357
-333.274 -159.877       4.2357
-333.274 -155.577       4.2357
-333.274 -151.277       4.2357
-333.274 -146.977       4.2357
-333.274 -142.677       4.2357
-333.274 -138.377       4.2357
-333.274 -134.077       4.2357
-333.274 -129.776       4.2357
-333.274 -125.476       4.2357
-333.274 -121.176       4.2357
-333.274 -116.876       4.2357
-333.274 -112.576       4.2357
-333.274 -108.276       4.2357
-333.274 -103.976       4.2357
-333.274  -99.676       4.2357
-333.274  -95.376       4.2357
-333.274  -91.076       4.2357
-333.274  -86.776       4.2357
-333.274  -82.476       4.2357
-333.274  -78.176       4.2357
-333.274  -73.876       4.2357
-333.274  -69.575       4.2357
-333.274  -65.275       4.2357
-333.274  -60.975       4.2357
-333.274  -56.675       4.2357
-333.274  -52.375       4.2357
-333.274  -48.075       4.2357
-333.274  -43.775       4.2357
-333.274  -39.475       4.2357
-333.274  -35.175       4.2357
-333.274  -30.875       4.2357
-333.274  -26.575       4.2357
-333.274  -22.275       4.2357
-333.274  -17.975       4.2357
-333.274  -13.675       2.7543
-333.274   -9.374       1.7202
-333.274   -5.074       2.2492
-333.274   -0.774       2.2492
-333.274    3.526       1.8359
-333.274    7.826       1.9797
-333.274   12.126       1.8801
-333.274   16.426       1.8150
-333.274   20.726       1.8150
-333.274   25.026       2.0365
-333.274   29.326       1.9797
-333.274   33.626       1.7948
-333.274   37.926       1.8576
-333.274   42.226       1.8576
-333.274   46.526       2.4498
-333.274   50.827       2.3929
-333.274   55.127       2.8630
-333.274   59.427       2.4498
-333.274   63.727       2.3411
-333.274   68.027       2.5828
-333.274   72.327       2.5126
-333.274   76.627       2.7543
-333.274   80.927       2.0993
-333.274   85.227       1.7753
-333.274   89.527       1.3916
-333.274   93.827       1.2566
-333.274   98.127       1.4669
-333.274  102.427       1.9278
-333.274  106.727       2.1334
-333.274  111.027       2.2934
-333.274  115.328       2.6624
-333.274  119.628       3.4092
-333.274  123.928       2.8630
-333.274  128.228       2.2934
-333.274  132.528       2.3929
-333.274  136.828       2.0075
-333.274  141.128       1.6539
-333.274  145.428       1.3717
-333.274  149.728       1.4227
-333.274  154.028       1.6539
-333.274  158.328       2.0993
-333.274  162.628       3.4092
-333.274  166.928       4.2357
-333.274  171.228       4.2357
-333.274  175.529       4.2357
-333.274  179.829       4.2357
-333.274  184.129       4.2357
-333.274  188.429       4.2357
-333.274  192.729       4.2357
-333.274  197.029       4.2357
-333.274  201.329       4.2357
-333.274  205.629       4.2357
-333.274  209.929       4.2357
-333.274  214.229       4.2357
-333.274  218.529       4.2357
-333.274  222.829       4.2357
-333.274  227.129       4.2357
-333.274  231.429       4.2357
-333.274  235.730       4.2357
-333.274  240.030       4.2357
-333.274  244.330       4.2357
-333.274  248.630       4.2357
-333.274  252.930       4.2357
-333.274  257.230       4.2357
-333.274  261.530       4.2357
-329.995 -164.177       4.2357
-329.995 -159.877       4.2357
-329.995 -155.577       4.2357
-329.995 -151.277       4.2357
-329.995 -146.977       4.2357
-329.995 -142.677       4.2357
-329.995 -138.377       4.2357
-329.995 -134.077       4.2357
-329.995 -129.776       4.2357
-329.995 -125.476       4.2357
-329.995 -121.176       4.2357
-329.995 -116.876       4.2357
-329.995 -112.576       4.2357
-329.995 -108.276       4.2357
-329.995 -103.976       4.2357
-329.995  -99.676       4.2357
-329.995  -95.376       4.2357
-329.995  -91.076       4.2357
-329.995  -86.776       4.2357
-329.995  -82.476       4.2357
-329.995  -78.176       4.2357
-329.995  -73.876       4.2357
-329.995  -69.575       4.2357
-329.995  -65.275       4.2357
-329.995  -60.975       4.2357
-329.995  -56.675       4.2357
-329.995  -52.375       4.2357
-329.995  -48.075       4.2357
-329.995  -43.775       4.2357
-329.995  -39.475       4.2357
-329.995  -35.175       4.2357
-329.995  -30.875       4.2357
-329.995  -26.575       4.2357
-329.995  -22.275       4.2357
-329.995  -17.975       4.2357
-329.995  -13.675       2.5126
-329.995   -9.374       2.4498
-329.995   -5.074       2.5828
-329.995   -0.774       2.7543
-329.995    3.526       2.0671
-329.995    7.826       2.0365
-329.995   12.126       2.1696
-329.995   16.426       2.5126
-329.995   20.726       1.7563
-329.995   25.026       2.5828
-329.995   29.326       2.4498
-329.995   33.626       2.2934
-329.995   37.926       3.1675
-329.995   42.226       2.6624
-329.995   46.526       2.3411
-329.995   50.827       2.3411
-329.995   55.127       2.4498
-329.995   59.427       2.5828
-329.995   63.727       2.5126
-329.995   68.027       2.2934
-329.995   72.327       2.1696
-329.995   76.627       2.4498
-329.995   80.927       2.0993
-329.995   85.227       1.7948
-329.995   89.527       1.3339
-329.995   93.827       1.0202
-329.995   98.127       1.2329
-329.995  102.427       1.6086
-329.995  106.727       1.8801
-329.995  111.027       2.0075
-329.995  115.328       2.3411
-329.995  119.628       3.4092
-329.995  123.928       2.8630
-329.995  128.228       2.4498
-329.995  132.528       2.7543
-329.995  136.828       2.6624
-329.995  141.128       1.7753
-329.995  145.428       1.4444
-329.995  149.728       1.2983
-329.995  154.028       1.2407
-329.995  158.328       2.0671
-329.995  162.628       4.2357
-329.995  166.928       3.8225
-329.995  171.228       4.2357
-329.995  175.529       4.2357
-329.995  179.829       4.2357
-329.995  184.129       4.2357
-329.995  188.429       4.2357
-329.995  192.729       4.2357
-329.995  197.029       4.2357
-329.995  201.329       4.2357
-329.995  205.629       4.2357
-329.995  209.929       4.2357
-329.995  214.229       4.2357
-329.995  218.529       4.2357
-329.995  222.829       4.2357
-329.995  227.129       4.2357
-329.995  231.429       4.2357
-329.995  235.730       4.2357
-329.995  240.030       4.2357
-329.995  244.330       4.2357
-329.995  248.630       4.2357
-329.995  252.930       4.2357
-329.995  257.230       4.2357
-329.995  261.530       4.2357
-326.716 -164.177       4.2357
-326.716 -159.877       4.2357
-326.716 -155.577       4.2357
-326.716 -151.277       4.2357
-326.716 -146.977       4.2357
-326.716 -142.677       4.2357
-326.716 -138.377       4.2357
-326.716 -134.077       4.2357
-326.716 -129.776       4.2357
-326.716 -125.476       4.2357
-326.716 -121.176       4.2357
-326.716 -116.876       4.2357
-326.716 -112.576       4.2357
-326.716 -108.276       4.2357
-326.716 -103.976       4.2357
-326.716  -99.676       4.2357
-326.716  -95.376       4.2357
-326.716  -91.076       4.2357
-326.716  -86.776       4.2357
-326.716  -82.476       4.2357
-326.716  -78.176       4.2357
-326.716  -73.876       4.2357
-326.716  -69.575       4.2357
-326.716  -65.275       4.2357
-326.716  -60.975       4.2357
-326.716  -56.675       4.2357
-326.716  -52.375       4.2357
-326.716  -48.075       4.2357
-326.716  -43.775       4.2357
-326.716  -39.475       4.2357
-326.716  -35.175       4.2357
-326.716  -30.875       4.2357
-326.716  -26.575       4.2357
-326.716  -22.275       4.2357
-326.716  -17.975       4.2357
-326.716  -13.675       3.4092
-326.716   -9.374       3.8225
-326.716   -5.074       4.2357
-326.716   -0.774       2.9960
-326.716    3.526       2.4498
-326.716    7.826       2.0365
-326.716   12.126       1.8150
-326.716   16.426       2.0075
-326.716   20.726       2.2492
-326.716   25.026       3.4092
-326.716   29.326       3.1675
-326.716   33.626       4.2357
-326.716   37.926       4.2357
-326.716   42.226       4.2357
-326.716   46.526       2.7543
-326.716   50.827       2.4498
-326.716   55.127       2.2934
-326.716   59.427       1.7380
-326.716   63.727       2.3929
-326.716   68.027       2.1696
-326.716   72.327       1.9532
-326.716   76.627       1.9797
-326.716   80.927       1.7029
-326.716   85.227       1.7948
-326.716   89.527       1.5272
-326.716   93.827       1.0423
-326.716   98.127       0.9393
-326.716  102.427       1.1333
-326.716  106.727       1.4903
-326.716  111.027       1.5146
-326.716  115.328       2.1696
-326.716  119.628       2.9960
-326.716  123.928       2.7543
-326.716  128.228       2.9960
-326.716  132.528       3.4092
-326.716  136.828       2.9960
-326.716  141.128       2.0365
-326.716  145.428       1.5665
-326.716  149.728       1.4018
-326.716  154.028       1.3070
-326.716  158.328       1.5146
-326.716  162.628       2.2080
-326.716  166.928       2.5828
-326.716  171.228       3.8225
-326.716  175.529       4.2357
-326.716  179.829       4.2357
-326.716  184.129       4.2357
-326.716  188.429       4.2357
-326.716  192.729       4.2357
-326.716  197.029       4.2357
-326.716  201.329       4.2357
-326.716  205.629       4.2357
-326.716  209.929       4.2357
-326.716  214.229       4.2357
-326.716  218.529       4.2357
-326.716  222.829       4.2357
-326.716  227.129       4.2357
-326.716  231.429       4.2357
-326.716  235.730       4.2357
-326.716  240.030       4.2357
-326.716  244.330       4.2357
-326.716  248.630       4.2357
-326.716  252.930       4.2357
-326.716  257.230       4.2357
-326.716  261.530       4.2357
-323.436 -164.177       4.2357
-323.436 -159.877       4.2357
-323.436 -155.577       4.2357
-323.436 -151.277       4.2357
-323.436 -146.977       4.2357
-323.436 -142.677       4.2357
-323.436 -138.377       4.2357
-323.436 -134.077       4.2357
-323.436 -129.776       4.2357
-323.436 -125.476       4.2357
-323.436 -121.176       4.2357
-323.436 -116.876       4.2357
-323.436 -112.576       4.2357
-323.436 -108.276       4.2357
-323.436 -103.976       4.2357
-323.436  -99.676       4.2357
-323.436  -95.376       4.2357
-323.436  -91.076       4.2357
-323.436  -86.776       4.2357
-323.436  -82.476       4.2357
-323.436  -78.176       4.2357
-323.436  -73.876       4.2357
-323.436  -69.575       4.2357
-323.436  -65.275       4.2357
-323.436  -60.975       4.2357
-323.436  -56.675       4.2357
-323.436  -52.375       4.2357
-323.436  -48.075       4.2357
-323.436  -43.775       4.2357
-323.436  -39.475       4.2357
-323.436  -35.175       4.2357
-323.436  -30.875       4.2357
-323.436  -26.575       4.2357
-323.436  -22.275       4.2357
-323.436  -17.975       4.2357
-323.436  -13.675       4.2357
-323.436   -9.374       4.2357
-323.436   -5.074       4.2357
-323.436   -0.774       3.8225
-323.436    3.526       2.3411
-323.436    7.826       2.1696
-323.436   12.126       2.1696
-323.436   16.426       2.0075
-323.436   20.726       1.9532
-323.436   25.026       2.5126
-323.436   29.326       4.2357
-323.436   33.626       4.2357
-323.436   37.926       4.2357
-323.436   42.226       4.2357
-323.436   46.526       2.3929
-323.436   50.827       2.0993
-323.436   55.127       1.9532
-323.436   59.427       1.6539
-323.436   63.727       2.2934
-323.436   68.027       2.1334
-323.436   72.327       2.3929
-323.436   76.627       1.7948
-323.436   80.927       2.5828
-323.436   85.227       1.8576
-323.436   89.527       1.5665
-323.436   93.827       1.1954
-323.436   98.127       0.9684
-323.436  102.427       0.9585
-323.436  106.727       1.2027
-323.436  111.027       1.1203
-323.436  115.328       1.4444
-323.436  119.628       1.6861
-323.436  123.928       2.2080
-323.436  128.228       3.1675
-323.436  132.528       4.2357
-323.436  136.828       3.4092
-323.436  141.128       2.3929
-323.436  145.428       1.9797
-323.436  149.728       2.0075
-323.436  154.028       1.5023
-323.436  158.328       1.5023
-323.436  162.628       1.5942
-323.436  166.928       1.8801
-323.436  171.228       2.4498
-323.436  175.529       4.2357
-323.436  179.829       3.8225
-323.436  184.129       3.8225
-323.436  188.429       4.2357
-323.436  192.729       4.2357
-323.436  197.029       4.2357
-323.436  201.329       4.2357
-323.436  205.629       4.2357
-323.436  209.929       4.2357
-323.436  214.229       4.2357
-323.436  218.529       4.2357
-323.436  222.829       4.2357
-323.436  227.129       4.2357
-323.436  231.429       4.2357
-323.436  235.730       4.2357
-323.436  240.030       4.2357
-323.436  244.330       4.2357
-323.436  248.630       4.2357
-323.436  252.930       4.2357
-323.436  257.230       4.2357
-323.436  261.530       4.2357
-320.157 -164.177       4.2357
-320.157 -159.877       4.2357
-320.157 -155.577       4.2357
-320.157 -151.277       4.2357
-320.157 -146.977       4.2357
-320.157 -142.677       4.2357
-320.157 -138.377       4.2357
-320.157 -134.077       4.2357
-320.157 -129.776       4.2357
-320.157 -125.476       4.2357
-320.157 -121.176       4.2357
-320.157 -116.876       4.2357
-320.157 -112.576       4.2357
-320.157 -108.276       4.2357
-320.157 -103.976       4.2357
-320.157  -99.676       4.2357
-320.157  -95.376       4.2357
-320.157  -91.076       4.2357
-320.157  -86.776       4.2357
-320.157  -82.476       4.2357
-320.157  -78.176       4.2357
-320.157  -73.876       4.2357
-320.157  -69.575       4.2357
-320.157  -65.275       4.2357
-320.157  -60.975       4.2357
-320.157  -56.675       4.2357
-320.157  -52.375       4.2357
-320.157  -48.075       4.2357
-320.157  -43.775       4.2357
-320.157  -39.475       4.2357
-320.157  -35.175       4.2357
-320.157  -30.875       4.2357
-320.157  -26.575       4.2357
-320.157  -22.275       4.2357
-320.157  -17.975       4.2357
-320.157  -13.675       4.2357
-320.157   -9.374       4.2357
-320.157   -5.074       4.2357
-320.157   -0.774       4.2357
-320.157    3.526       3.4092
-320.157    7.826       3.4092
-320.157   12.126       2.5126
-320.157   16.426       1.7202
-320.157   20.726       1.7563
-320.157   25.026       1.5665
-320.157   29.326       2.0671
-320.157   33.626       2.5126
-320.157   37.926       3.1675
-320.157   42.226       2.5126
-320.157   46.526       1.6861
-320.157   50.827       2.4498
-320.157   55.127       2.0365
-320.157   59.427       2.2492
-320.157   63.727       2.0993
-320.157   68.027       2.5126
-320.157   72.327       2.4498
-320.157   76.627       2.5126
-320.157   80.927       2.2492
-320.157   85.227       2.2080
-320.157   89.527       1.7563
-320.157   93.827       1.3816
-320.157   98.127       1.0594
-320.157  102.427       0.9161
-320.157  106.727       1.1333
-320.157  111.027       1.1739
-320.157  115.328       1.1333
-320.157  119.628       1.3431
-320.157  123.928       1.9278
-320.157  128.228       2.6624
-320.157  132.528       4.2357
-320.157  136.828       4.2357
-320.157  141.128       3.1675
-320.157  145.428       2.9960
-320.157  149.728       3.4092
-320.157  154.028       1.9035
-320.157  158.328       1.4335
-320.157  162.628       1.6233
-320.157  166.928       1.5023
-320.157  171.228       1.9278
-320.157  175.529       2.3929
-320.157  179.829       2.2492
-320.157  184.129       3.8225
-320.157  188.429       3.8225
-320.157  192.729       4.2357
-320.157  197.029       4.2357
-320.157  201.329       4.2357
-320.157  205.629       4.2357
-320.157  209.929       4.2357
-320.157  214.229       4.2357
-320.157  218.529       4.2357
-320.157  222.829       4.2357
-320.157  227.129       4.2357
-320.157  231.429       4.2357
-320.157  235.730       4.2357
-320.157  240.030       4.2357
-320.157  244.330       4.2357
-320.157  248.630       4.2357
-320.157  252.930       4.2357
-320.157  257.230       4.2357
-320.157  261.530       4.2357
-316.878 -164.177       4.2357
-316.878 -159.877       4.2357
-316.878 -155.577       4.2357
-316.878 -151.277       4.2357
-316.878 -146.977       4.2357
-316.878 -142.677       4.2357
-316.878 -138.377       4.2357
-316.878 -134.077       4.2357
-316.878 -129.776       4.2357
-316.878 -125.476       4.2357
-316.878 -121.176       4.2357
-316.878 -116.876       4.2357
-316.878 -112.576       4.2357
-316.878 -108.276       4.2357
-316.878 -103.976       4.2357
-316.878  -99.676       4.2357
-316.878  -95.376       4.2357
-316.878  -91.076       4.2357
-316.878  -86.776       4.2357
-316.878  -82.476       4.2357
-316.878  -78.176       4.2357
-316.878  -73.876       4.2357
-316.878  -69.575       4.2357
-316.878  -65.275       4.2357
-316.878  -60.975       4.2357
-316.878  -56.675       4.2357
-316.878  -52.375       4.2357
-316.878  -48.075       4.2357
-316.878  -43.775       4.2357
-316.878  -39.475       4.2357
-316.878  -35.175       4.2357
-316.878  -30.875       4.2357
-316.878  -26.575       4.2357
-316.878  -22.275       4.2357
-316.878  -17.975       4.2357
-316.878  -13.675       4.2357
-316.878   -9.374       4.2357
-316.878   -5.074       4.2357
-316.878   -0.774       4.2357
-316.878    3.526       4.2357
-316.878    7.826       2.4498
-316.878   12.126       1.5802
-316.878   16.426       1.7029
-316.878   20.726       1.5942
-316.878   25.026       1.3916
-316.878   29.326       1.5146
-316.878   33.626       1.4669
-316.878   37.926       1.7563
-316.878   42.226       1.3816
-316.878   46.526       1.5665
-316.878   50.827       2.0671
-316.878   55.127       2.0075
-316.878   59.427       2.0365
-316.878   63.727       1.9278
-316.878   68.027       2.0993
-316.878   72.327       2.9960
-316.878   76.627       2.6624
-316.878   80.927       1.7563
-316.878   85.227       1.6086
-316.878   89.527       1.6233
-316.878   93.827       1.6861
-316.878   98.127       1.3717
-316.878  102.427       0.9937
-316.878  106.727       1.0257
-316.878  111.027       1.1533
-316.878  115.328       1.4018
-316.878  119.628       1.4903
-316.878  123.928       2.2492
-316.878  128.228       3.1675
-316.878  132.528       2.3411
-316.878  136.828       2.7543
-316.878  141.128       3.4092
-316.878  145.428       3.4092
-316.878  149.728       4.2357
-316.878  154.028       2.6624
-316.878  158.328       1.7563
-316.878  162.628       1.6539
-316.878  166.928       1.8359
-316.878  171.228       1.7029
-316.878  175.529       2.1334
-316.878  179.829       3.1675
-316.878  184.129       4.2357
-316.878  188.429       4.2357
-316.878  192.729       4.2357
-316.878  197.029       4.2357
-316.878  201.329       4.2357
-316.878  205.629       4.2357
-316.878  209.929       4.2357
-316.878  214.229       4.2357
-316.878  218.529       4.2357
-316.878  222.829       4.2357
-316.878  227.129       4.2357
-316.878  231.429       4.2357
-316.878  235.730       4.2357
-316.878  240.030       4.2357
-316.878  244.330       4.2357
-316.878  248.630       4.2357
-316.878  252.930       4.2357
-316.878  257.230       4.2357
-316.878  261.530       4.2357
-313.598 -164.177       4.2357
-313.598 -159.877       4.2357
-313.598 -155.577       4.2357
-313.598 -151.277       4.2357
-313.598 -146.977       4.2357
-313.598 -142.677       4.2357
-313.598 -138.377       4.2357
-313.598 -134.077       4.2357
-313.598 -129.776       4.2357
-313.598 -125.476       4.2357
-313.598 -121.176       4.2357
-313.598 -116.876       4.2357
-313.598 -112.576       4.2357
-313.598 -108.276       4.2357
-313.598 -103.976       4.2357
-313.598  -99.676       4.2357
-313.598  -95.376       4.2357
-313.598  -91.076       4.2357
-313.598  -86.776       4.2357
-313.598  -82.476       4.2357
-313.598  -78.176       4.2357
-313.598  -73.876       4.2357
-313.598  -69.575       4.2357
-313.598  -65.275       4.2357
-313.598  -60.975       4.2357
-313.598  -56.675       4.2357
-313.598  -52.375       4.2357
-313.598  -48.075       4.2357
-313.598  -43.775       4.2357
-313.598  -39.475       4.2357
-313.598  -35.175       4.2357
-313.598  -30.875       4.2357
-313.598  -26.575       4.2357
-313.598  -22.275       4.2357
-313.598  -17.975       4.2357
-313.598  -13.675       4.2357
-313.598   -9.374       4.2357
-313.598   -5.074       4.2357
-313.598   -0.774       3.8225
-313.598    3.526       3.4092
-313.598    7.826       2.2934
-313.598   12.126       2.0671
-313.598   16.426       1.7753
-313.598   20.726       1.3431
-313.598   25.026       1.3916
-313.598   29.326       1.3717
-313.598   33.626       1.4669
-313.598   37.926       1.4335
-313.598   42.226       1.1881
-313.598   46.526       1.4227
-313.598   50.827       1.8150
-313.598   55.127       1.7380
-313.598   59.427       2.0075
-313.598   63.727       1.6539
-313.598   68.027       1.6233
-313.598   72.327       1.9278
-313.598   76.627       2.8630
-313.598   80.927       2.2934
-313.598   85.227       2.2080
-313.598   89.527       2.0075
-313.598   93.827       1.8150
-313.598   98.127       1.3339
-313.598  102.427       1.0891
-313.598  106.727       1.0423
-313.598  111.027       1.1670
-313.598  115.328       1.3248
-313.598  119.628       1.5400
-313.598  123.928       2.2492
-313.598  128.228       2.2080
-313.598  132.528       1.8576
-313.598  136.828       1.8359
-313.598  141.128       1.9532
-313.598  145.428       2.2492
-313.598  149.728       3.4092
-313.598  154.028       3.1675
-313.598  158.328       2.2492
-313.598  162.628       1.6086
-313.598  166.928       1.7948
-313.598  171.228       1.6861
-313.598  175.529       2.1334
-313.598  179.829       2.3411
-313.598  184.129       2.8630
-313.598  188.429       3.8225
-313.598  192.729       4.2357
-313.598  197.029       4.2357
-313.598  201.329       4.2357
-313.598  205.629       4.2357
-313.598  209.929       4.2357
-313.598  214.229       4.2357
-313.598  218.529       4.2357
-313.598  222.829       4.2357
-313.598  227.129       4.2357
-313.598  231.429       4.2357
-313.598  235.730       4.2357
-313.598  240.030       4.2357
-313.598  244.330       4.2357
-313.598  248.630       4.2357
-313.598  252.930       4.2357
-313.598  257.230       4.2357
-313.598  261.530       4.2357
-310.319 -164.177       4.2357
-310.319 -159.877       4.2357
-310.319 -155.577       4.2357
-310.319 -151.277       4.2357
-310.319 -146.977       4.2357
-310.319 -142.677       4.2357
-310.319 -138.377       4.2357
-310.319 -134.077       4.2357
-310.319 -129.776       4.2357
-310.319 -125.476       4.2357
-310.319 -121.176       4.2357
-310.319 -116.876       4.2357
-310.319 -112.576       4.2357
-310.319 -108.276       4.2357
-310.319 -103.976       4.2357
-310.319  -99.676       4.2357
-310.319  -95.376       4.2357
-310.319  -91.076       4.2357
-310.319  -86.776       4.2357
-310.319  -82.476       4.2357
-310.319  -78.176       4.2357
-310.319  -73.876       4.2357
-310.319  -69.575       4.2357
-310.319  -65.275       4.2357
-310.319  -60.975       4.2357
-310.319  -56.675       4.2357
-310.319  -52.375       4.2357
-310.319  -48.075       4.2357
-310.319  -43.775       4.2357
-310.319  -39.475       4.2357
-310.319  -35.175       4.2357
-310.319  -30.875       4.2357
-310.319  -26.575       4.2357
-310.319  -22.275       4.2357
-310.319  -17.975       4.2357
-310.319  -13.675       4.2357
-310.319   -9.374       4.2357
-310.319   -5.074       4.2357
-310.319   -0.774       3.4092
-310.319    3.526       3.4092
-310.319    7.826       2.6624
-310.319   12.126       1.7753
-310.319   16.426       1.8801
-310.319   20.726       1.6233
-310.319   25.026       1.1139
-310.319   29.326       1.0652
-310.319   33.626       1.0652
-310.319   37.926       1.1399
-310.319   42.226       1.2486
-310.319   46.526       1.5802
-310.319   50.827       1.3431
-310.319   55.127       1.4444
-310.319   59.427       1.6086
-310.319   63.727       1.5272
-310.319   68.027       1.6698
-310.319   72.327       1.6086
-310.319   76.627       1.6861
-310.319   80.927       1.9797
-310.319   85.227       1.6539
-310.319   89.527       1.5023
-310.319   93.827       1.5942
-310.319   98.127       1.6086
-310.319  102.427       1.4785
-310.319  106.727       1.2176
-310.319  111.027       1.2176
-310.319  115.328       1.2329
-310.319  119.628       1.3339
-310.319  123.928       1.6384
-310.319  128.228       2.0075
-310.319  132.528       1.7948
-310.319  136.828       1.4903
-310.319  141.128       1.9035
-310.319  145.428       2.2080
-310.319  149.728       2.8630
-310.319  154.028       2.9960
-310.319  158.328       2.2934
-310.319  162.628       1.4903
-310.319  166.928       1.3717
-310.319  171.228       1.9532
-310.319  175.529       2.5126
-310.319  179.829       2.0075
-310.319  184.129       2.5126
-310.319  188.429       3.8225
-310.319  192.729       4.2357
-310.319  197.029       4.2357
-310.319  201.329       4.2357
-310.319  205.629       4.2357
-310.319  209.929       4.2357
-310.319  214.229       4.2357
-310.319  218.529       4.2357
-310.319  222.829       4.2357
-310.319  227.129       4.2357
-310.319  231.429       4.2357
-310.319  235.730       4.2357
-310.319  240.030       4.2357
-310.319  244.330       4.2357
-310.319  248.630       4.2357
-310.319  252.930       4.2357
-310.319  257.230       4.2357
-310.319  261.530       4.2357
-307.040 -164.177       4.2357
-307.040 -159.877       4.2357
-307.040 -155.577       4.2357
-307.040 -151.277       4.2357
-307.040 -146.977       4.2357
-307.040 -142.677       4.2357
-307.040 -138.377       4.2357
-307.040 -134.077       4.2357
-307.040 -129.776       4.2357
-307.040 -125.476       4.2357
-307.040 -121.176       4.2357
-307.040 -116.876       4.2357
-307.040 -112.576       4.2357
-307.040 -108.276       4.2357
-307.040 -103.976       4.2357
-307.040  -99.676       4.2357
-307.040  -95.376       4.2357
-307.040  -91.076       4.2357
-307.040  -86.776       4.2357
-307.040  -82.476       4.2357
-307.040  -78.176       4.2357
-307.040  -73.876       4.2357
-307.040  -69.575       4.2357
-307.040  -65.275       4.2357
-307.040  -60.975       4.2357
-307.040  -56.675       4.2357
-307.040  -52.375       4.2357
-307.040  -48.075       4.2357
-307.040  -43.775       4.2357
-307.040  -39.475       4.2357
-307.040  -35.175       4.2357
-307.040  -30.875       4.2357
-307.040  -26.575       4.2357
-307.040  -22.275       4.2357
-307.040  -17.975       4.2357
-307.040  -13.675       4.2357
-307.040   -9.374       4.2357
-307.040   -5.074       4.2357
-307.040   -0.774       4.2357
-307.040    3.526       2.9960
-307.040    7.826       2.3929
-307.040   12.126       1.7202
-307.040   16.426       1.5802
-307.040   20.726       1.6861
-307.040   25.026       1.0891
-307.040   29.326       0.8807
-307.040   33.626       0.8119
-307.040   37.926       0.9070
-307.040   42.226       1.2647
-307.040   46.526       1.6233
-307.040   50.827       1.6861
-307.040   55.127       1.4227
-307.040   59.427       1.2027
-307.040   63.727       1.4555
-307.040   68.027       1.3158
-307.040   72.327       1.2101
-307.040   76.627       1.4122
-307.040   80.927       1.5023
-307.040   85.227       1.5665
-307.040   89.527       1.1533
-307.040   93.827       1.2647
-307.040   98.127       1.2252
-307.040  102.427       1.4903
-307.040  106.727       1.2812
-307.040  111.027       1.1739
-307.040  115.328       1.2729
-307.040  119.628       1.5272
-307.040  123.928       1.4669
-307.040  128.228       1.5665
-307.040  132.528       1.3620
-307.040  136.828       1.1465
-307.040  141.128       1.5942
-307.040  145.428       2.1334
-307.040  149.728       2.5126
-307.040  154.028       2.0365
-307.040  158.328       2.2492
-307.040  162.628       1.7948
-307.040  166.928       1.2897
-307.040  171.228       2.2080
-307.040  175.529       2.3929
-307.040  179.829       2.0365
-307.040  184.129       1.7029
-307.040  188.429       2.3411
-307.040  192.729       4.2357
-307.040  197.029       4.2357
-307.040  201.329       4.2357
-307.040  205.629       4.2357
-307.040  209.929       4.2357
-307.040  214.229       4.2357
-307.040  218.529       4.2357
-307.040  222.829       4.2357
-307.040  227.129       4.2357
-307.040  231.429       4.2357
-307.040  235.730       4.2357
-307.040  240.030       4.2357
-307.040  244.330       4.2357
-307.040  248.630       4.2357
-307.040  252.930       4.2357
-307.040  257.230       4.2357
-307.040  261.530       4.2357
-303.760 -164.177       4.2357
-303.760 -159.877       4.2357
-303.760 -155.577       4.2357
-303.760 -151.277       4.2357
-303.760 -146.977       4.2357
-303.760 -142.677       4.2357
-303.760 -138.377       4.2357
-303.760 -134.077       4.2357
-303.760 -129.776       4.2357
-303.760 -125.476       4.2357
-303.760 -121.176       4.2357
-303.760 -116.876       4.2357
-303.760 -112.576       4.2357
-303.760 -108.276       4.2357
-303.760 -103.976       4.2357
-303.760  -99.676       4.2357
-303.760  -95.376       4.2357
-303.760  -91.076       4.2357
-303.760  -86.776       4.2357
-303.760  -82.476       4.2357
-303.760  -78.176       4.2357
-303.760  -73.876       4.2357
-303.760  -69.575       4.2357
-303.760  -65.275       4.2357
-303.760  -60.975       4.2357
-303.760  -56.675       4.2357
-303.760  -52.375       4.2357
-303.760  -48.075       4.2357
-303.760  -43.775       4.2357
-303.760  -39.475       4.2357
-303.760  -35.175       4.2357
-303.760  -30.875       4.2357
-303.760  -26.575       4.2357
-303.760  -22.275       4.2357
-303.760  -17.975       4.2357
-303.760  -13.675       4.2357
-303.760   -9.374       4.2357
-303.760   -5.074       4.2357
-303.760   -0.774       3.1675
-303.760    3.526       2.8630
-303.760    7.826       2.4498
-303.760   12.126       1.9035
-303.760   16.426       1.2329
-303.760   20.726       1.2252
-303.760   25.026       1.2407
-303.760   29.326       1.1399
-303.760   33.626       1.0367
-303.760   37.926       1.2027
-303.760   42.226       1.0952
-303.760   46.526       1.4018
-303.760   50.827       1.4785
-303.760   55.127       1.5665
-303.760   59.427       1.0771
-303.760   63.727       1.1601
-303.760   68.027       1.2897
-303.760   72.327       1.4122
-303.760   76.627       1.1954
-303.760   80.927       1.0711
-303.760   85.227       1.2812
-303.760   89.527       1.3070
-303.760   93.827       1.0312
-303.760   98.127       1.1533
-303.760  102.427       1.2407
-303.760  106.727       1.1601
-303.760  111.027       1.3248
-303.760  115.328       1.2566
-303.760  119.628       1.3525
-303.760  123.928       1.4785
-303.760  128.228       1.5272
-303.760  132.528       1.1881
-303.760  136.828       1.1076
-303.760  141.128       1.3525
-303.760  145.428       2.0671
-303.760  149.728       2.5828
-303.760  154.028       2.2080
-303.760  158.328       1.7563
-303.760  162.628       1.5942
-303.760  166.928       1.3431
-303.760  171.228       1.5531
-303.760  175.529       1.9797
-303.760  179.829       2.1696
-303.760  184.129       2.2080
-303.760  188.429       1.9035
-303.760  192.729       2.4498
-303.760  197.029       3.8225
-303.760  201.329       4.2357
-303.760  205.629       4.2357
-303.760  209.929       4.2357
-303.760  214.229       4.2357
-303.760  218.529       4.2357
-303.760  222.829       4.2357
-303.760  227.129       4.2357
-303.760  231.429       4.2357
-303.760  235.730       4.2357
-303.760  240.030       4.2357
-303.760  244.330       4.2357
-303.760  248.630       4.2357
-303.760  252.930       4.2357
-303.760  257.230       4.2357
-303.760  261.530       4.2357
-300.481 -164.177       4.2357
-300.481 -159.877       4.2357
-300.481 -155.577       4.2357
-300.481 -151.277       4.2357
-300.481 -146.977       4.2357
-300.481 -142.677       4.2357
-300.481 -138.377       4.2357
-300.481 -134.077       4.2357
-300.481 -129.776       4.2357
-300.481 -125.476       4.2357
-300.481 -121.176       4.2357
-300.481 -116.876       4.2357
-300.481 -112.576       4.2357
-300.481 -108.276       4.2357
-300.481 -103.976       4.2357
-300.481  -99.676       4.2357
-300.481  -95.376       4.2357
-300.481  -91.076       4.2357
-300.481  -86.776       4.2357
-300.481  -82.476       4.2357
-300.481  -78.176       4.2357
-300.481  -73.876       4.2357
-300.481  -69.575       4.2357
-300.481  -65.275       4.2357
-300.481  -60.975       4.2357
-300.481  -56.675       4.2357
-300.481  -52.375       4.2357
-300.481  -48.075       4.2357
-300.481  -43.775       4.2357
-300.481  -39.475       4.2357
-300.481  -35.175       4.2357
-300.481  -30.875       4.2357
-300.481  -26.575       4.2357
-300.481  -22.275       4.2357
-300.481  -17.975       4.2357
-300.481  -13.675       4.2357
-300.481   -9.374       4.2357
-300.481   -5.074       4.2357
-300.481   -0.774       2.8630
-300.481    3.526       2.2492
-300.481    7.826       2.0671
-300.481   12.126       1.7029
-300.481   16.426       1.5023
-300.481   20.726       1.4018
-300.481   25.026       1.4785
-300.481   29.326       1.3816
-300.481   33.626       1.1268
-300.481   37.926       1.3248
-300.481   42.226       1.3816
-300.481   46.526       1.2897
-300.481   50.827       1.1203
-300.481   55.127       1.2252
-300.481   59.427       1.2566
-300.481   63.727       1.3620
-300.481   68.027       1.4227
-300.481   72.327       1.3525
-300.481   76.627       1.4335
-300.481   80.927       1.1670
-300.481   85.227       1.1533
-300.481   89.527       1.1881
-300.481   93.827       1.1601
-300.481   98.127       1.0952
-300.481  102.427       1.1533
-300.481  106.727       1.2329
-300.481  111.027       1.1739
-300.481  115.328       1.1810
-300.481  119.628       1.1601
-300.481  123.928       1.2407
-300.481  128.228       1.5400
-300.481  132.528       1.2983
-300.481  136.828       1.3158
-300.481  141.128       1.4669
-300.481  145.428       1.9035
-300.481  149.728       1.7563
-300.481  154.028       1.9035
-300.481  158.328       1.6698
-300.481  162.628       1.6539
-300.481  166.928       1.3816
-300.481  171.228       1.2897
-300.481  175.529       1.6539
-300.481  179.829       1.6233
-300.481  184.129       2.4498
-300.481  188.429       1.8576
-300.481  192.729       2.3411
-300.481  197.029       2.7543
-300.481  201.329       3.4092
-300.481  205.629       4.2357
-300.481  209.929       4.2357
-300.481  214.229       4.2357
-300.481  218.529       4.2357
-300.481  222.829       4.2357
-300.481  227.129       4.2357
-300.481  231.429       4.2357
-300.481  235.730       4.2357
-300.481  240.030       4.2357
-300.481  244.330       4.2357
-300.481  248.630       4.2357
-300.481  252.930       4.2357
-300.481  257.230       4.2357
-300.481  261.530       4.2357
-297.202 -164.177       4.2357
-297.202 -159.877       4.2357
-297.202 -155.577       4.2357
-297.202 -151.277       4.2357
-297.202 -146.977       4.2357
-297.202 -142.677       4.2357
-297.202 -138.377       4.2357
-297.202 -134.077       4.2357
-297.202 -129.776       4.2357
-297.202 -125.476       4.2357
-297.202 -121.176       4.2357
-297.202 -116.876       4.2357
-297.202 -112.576       4.2357
-297.202 -108.276       4.2357
-297.202 -103.976       4.2357
-297.202  -99.676       4.2357
-297.202  -95.376       4.2357
-297.202  -91.076       4.2357
-297.202  -86.776       4.2357
-297.202  -82.476       4.2357
-297.202  -78.176       4.2357
-297.202  -73.876       4.2357
-297.202  -69.575       4.2357
-297.202  -65.275       4.2357
-297.202  -60.975       4.2357
-297.202  -56.675       4.2357
-297.202  -52.375       4.2357
-297.202  -48.075       4.2357
-297.202  -43.775       4.2357
-297.202  -39.475       4.2357
-297.202  -35.175       4.2357
-297.202  -30.875       4.2357
-297.202  -26.575       4.2357
-297.202  -22.275       3.8225
-297.202  -17.975       4.2357
-297.202  -13.675       4.2357
-297.202   -9.374       4.2357
-297.202   -5.074       4.2357
-297.202   -0.774       2.9960
-297.202    3.526       1.8801
-297.202    7.826       1.6384
-297.202   12.126       2.0993
-297.202   16.426       1.5665
-297.202   20.726       1.9035
-297.202   25.026       1.7380
-297.202   29.326       1.6086
-297.202   33.626       1.5400
-297.202   37.926       1.7380
-297.202   42.226       1.6233
-297.202   46.526       1.4903
-297.202   50.827       1.6086
-297.202   55.127       1.3339
-297.202   59.427       1.1533
-297.202   63.727       1.2176
-297.202   68.027       1.2812
-297.202   72.327       1.4018
-297.202   76.627       1.2252
-297.202   80.927       1.1810
-297.202   85.227       0.9784
-297.202   89.527       1.2252
-297.202   93.827       1.3717
-297.202   98.127       1.2897
-297.202  102.427       0.9536
-297.202  106.727       1.2983
-297.202  111.027       1.1739
-297.202  115.328       1.0257
-297.202  119.628       0.8894
-297.202  123.928       0.9585
-297.202  128.228       1.1139
-297.202  132.528       1.3248
-297.202  136.828       1.3070
-297.202  141.128       1.5400
-297.202  145.428       1.7948
-297.202  149.728       1.5665
-297.202  154.028       1.6698
-297.202  158.328       1.8576
-297.202  162.628       1.7029
-297.202  166.928       1.6086
-297.202  171.228       1.3816
-297.202  175.529       1.3717
-297.202  179.829       1.4227
-297.202  184.129       1.9278
-297.202  188.429       1.9797
-297.202  192.729       1.9278
-297.202  197.029       2.1696
-297.202  201.329       2.5126
-297.202  205.629       4.2357
-297.202  209.929       3.8225
-297.202  214.229       4.2357
-297.202  218.529       4.2357
-297.202  222.829       4.2357
-297.202  227.129       4.2357
-297.202  231.429       4.2357
-297.202  235.730       4.2357
-297.202  240.030       4.2357
-297.202  244.330       4.2357
-297.202  248.630       4.2357
-297.202  252.930       4.2357
-297.202  257.230       4.2357
-297.202  261.530       4.2357
-293.922 -164.177       4.2357
-293.922 -159.877       4.2357
-293.922 -155.577       4.2357
-293.922 -151.277       4.2357
-293.922 -146.977       4.2357
-293.922 -142.677       4.2357
-293.922 -138.377       4.2357
-293.922 -134.077       4.2357
-293.922 -129.776       4.2357
-293.922 -125.476       4.2357
-293.922 -121.176       4.2357
-293.922 -116.876       4.2357
-293.922 -112.576       4.2357
-293.922 -108.276       4.2357
-293.922 -103.976       4.2357
-293.922  -99.676       4.2357
-293.922  -95.376       4.2357
-293.922  -91.076       4.2357
-293.922  -86.776       4.2357
-293.922  -82.476       4.2357
-293.922  -78.176       4.2357
-293.922  -73.876       4.2357
-293.922  -69.575       4.2357
-293.922  -65.275       3.8225
-293.922  -60.975       3.8225
-293.922  -56.675       4.2357
-293.922  -52.375       3.8225
-293.922  -48.075       2.9960
-293.922  -43.775       3.8225
-293.922  -39.475       4.2357
-293.922  -35.175       4.2357
-293.922  -30.875       4.2357
-293.922  -26.575       2.8630
-293.922  -22.275       3.8225
-293.922  -17.975       3.8225
-293.922  -13.675       4.2357
-293.922   -9.374       4.2357
-293.922   -5.074       3.4092
-293.922   -0.774       2.3929
-293.922    3.526       1.8576
-293.922    7.826       1.9532
-293.922   12.126       2.4498
-293.922   16.426       2.2492
-293.922   20.726       2.5126
-293.922   25.026       2.2080
-293.922   29.326       3.1675
-293.922   33.626       2.7543
-293.922   37.926       2.7543
-293.922   42.226       2.8630
-293.922   46.526       1.9797
-293.922   50.827       1.9532
-293.922   55.127       1.5802
-293.922   59.427       1.3339
-293.922   63.727       1.0480
-293.922   68.027       1.1399
-293.922   72.327       1.2252
-293.922   76.627       1.0711
-293.922   80.927       1.1399
-293.922   85.227       0.9733
-293.922   89.527       1.4227
-293.922   93.827       1.3816
-293.922   98.127       1.2729
-293.922  102.427       1.1739
-293.922  106.727       1.0771
-293.922  111.027       1.1810
-293.922  115.328       1.1465
-293.922  119.628       1.0480
-293.922  123.928       1.1139
-293.922  128.228       1.0312
-293.922  132.528       1.0257
-293.922  136.828       1.2897
-293.922  141.128       1.5665
-293.922  145.428       1.5146
-293.922  149.728       1.8576
-293.922  154.028       1.5531
-293.922  158.328       1.4444
-293.922  162.628       1.5531
-293.922  166.928       1.8359
-293.922  171.228       1.6086
-293.922  175.529       1.2566
-293.922  179.829       1.4444
-293.922  184.129       1.4903
-293.922  188.429       1.9278
-293.922  192.729       1.4444
-293.922  197.029       1.7202
-293.922  201.329       2.0993
-293.922  205.629       2.0365
-293.922  209.929       3.4092
-293.922  214.229       4.2357
-293.922  218.529       4.2357
-293.922  222.829       4.2357
-293.922  227.129       4.2357
-293.922  231.429       4.2357
-293.922  235.730       4.2357
-293.922  240.030       4.2357
-293.922  244.330       4.2357
-293.922  248.630       4.2357
-293.922  252.930       4.2357
-293.922  257.230       4.2357
-293.922  261.530       4.2357
-290.643 -164.177       4.2357
-290.643 -159.877       4.2357
-290.643 -155.577       4.2357
-290.643 -151.277       4.2357
-290.643 -146.977       4.2357
-290.643 -142.677       4.2357
-290.643 -138.377       4.2357
-290.643 -134.077       4.2357
-290.643 -129.776       4.2357
-290.643 -125.476       4.2357
-290.643 -121.176       4.2357
-290.643 -116.876       4.2357
-290.643 -112.576       4.2357
-290.643 -108.276       4.2357
-290.643 -103.976       4.2357
-290.643  -99.676       4.2357
-290.643  -95.376       4.2357
-290.643  -91.076       4.2357
-290.643  -86.776       4.2357
-290.643  -82.476       4.2357
-290.643  -78.176       4.2357
-290.643  -73.876       4.2357
-290.643  -69.575       4.2357
-290.643  -65.275       2.7543
-290.643  -60.975       2.3929
-290.643  -56.675       2.0993
-290.643  -52.375       2.3929
-290.643  -48.075       2.2492
-290.643  -43.775       3.8225
-290.643  -39.475       3.4092
-290.643  -35.175       3.8225
-290.643  -30.875       3.1675
-290.643  -26.575       2.3929
-290.643  -22.275       3.1675
-290.643  -17.975       3.4092
-290.643  -13.675       4.2357
-290.643   -9.374       4.2357
-290.643   -5.074       3.8225
-290.643   -0.774       2.9960
-290.643    3.526       2.0671
-290.643    7.826       1.6698
-290.643   12.126       2.2934
-290.643   16.426       2.9960
-290.643   20.726       3.1675
-290.643   25.026       3.8225
-290.643   29.326       4.2357
-290.643   33.626       4.2357
-290.643   37.926       3.8225
-290.643   42.226       3.8225
-290.643   46.526       4.2357
-290.643   50.827       2.4498
-290.643   55.127       2.0993
-290.643   59.427       1.7202
-290.643   63.727       1.4555
-290.643   68.027       1.4227
-290.643   72.327       1.3431
-290.643   76.627       0.9299
-290.643   80.927       1.0830
-290.643   85.227       1.4122
-290.643   89.527       1.9035
-290.643   93.827       1.2407
-290.643   98.127       0.9634
-290.643  102.427       0.8597
-290.643  106.727       1.0830
-290.643  111.027       1.1203
-290.643  115.328       1.3431
-290.643  119.628       1.1670
-290.643  123.928       1.2897
-290.643  128.228       1.3916
-290.643  132.528       0.9937
-290.643  136.828       0.9440
-290.643  141.128       1.1881
-290.643  145.428       1.5400
-290.643  149.728       1.7029
-290.643  154.028       1.5802
-290.643  158.328       1.2329
-290.643  162.628       1.4555
-290.643  166.928       1.7753
-290.643  171.228       1.9278
-290.643  175.529       1.7202
-290.643  179.829       1.5665
-290.643  184.129       1.4335
-290.643  188.429       1.5146
-290.643  192.729       1.5400
-290.643  197.029       1.6861
-290.643  201.329       1.5272
-290.643  205.629       1.5802
-290.643  209.929       1.8576
-290.643  214.229       2.9960
-290.643  218.529       4.2357
-290.643  222.829       4.2357
-290.643  227.129       4.2357
-290.643  231.429       4.2357
-290.643  235.730       4.2357
-290.643  240.030       4.2357
-290.643  244.330       4.2357
-290.643  248.630       4.2357
-290.643  252.930       4.2357
-290.643  257.230       4.2357
-290.643  261.530       4.2357
-287.364 -164.177       4.2357
-287.364 -159.877       4.2357
-287.364 -155.577       4.2357
-287.364 -151.277       4.2357
-287.364 -146.977       4.2357
-287.364 -142.677       4.2357
-287.364 -138.377       4.2357
-287.364 -134.077       4.2357
-287.364 -129.776       4.2357
-287.364 -125.476       4.2357
-287.364 -121.176       4.2357
-287.364 -116.876       4.2357
-287.364 -112.576       4.2357
-287.364 -108.276       4.2357
-287.364 -103.976       4.2357
-287.364  -99.676       4.2357
-287.364  -95.376       4.2357
-287.364  -91.076       4.2357
-287.364  -86.776       4.2357
-287.364  -82.476       4.2357
-287.364  -78.176       4.2357
-287.364  -73.876       3.8225
-287.364  -69.575       3.8225
-287.364  -65.275       2.3929
-287.364  -60.975       1.6539
-287.364  -56.675       1.6233
-287.364  -52.375       1.8359
-287.364  -48.075       1.8359
-287.364  -43.775       2.6624
-287.364  -39.475       2.9960
-287.364  -35.175       2.5828
-287.364  -30.875       3.1675
-287.364  -26.575       2.1696
-287.364  -22.275       2.0365
-287.364  -17.975       2.5828
-287.364  -13.675       3.8225
-287.364   -9.374       2.8630
-287.364   -5.074       2.3929
-287.364   -0.774       2.2492
-287.364    3.526       1.6698
-287.364    7.826       1.7029
-287.364   12.126       2.0365
-287.364   16.426       2.3929
-287.364   20.726       3.1675
-287.364   25.026       3.8225
-287.364   29.326       4.2357
-287.364   33.626       4.2357
-287.364   37.926       4.2357
-287.364   42.226       4.2357
-287.364   46.526       4.2357
-287.364   50.827       3.4092
-287.364   55.127       2.8630
-287.364   59.427       2.0365
-287.364   63.727       1.7948
-287.364   68.027       1.3431
-287.364   72.327       1.3816
-287.364   76.627       1.2329
-287.364   80.927       1.2647
-287.364   85.227       1.3717
-287.364   89.527       1.5272
-287.364   93.827       1.3916
-287.364   98.127       1.2647
-287.364  102.427       1.0148
-287.364  106.727       1.0423
-287.364  111.027       1.5023
-287.364  115.328       1.5272
-287.364  119.628       1.7563
-287.364  123.928       2.0993
-287.364  128.228       1.9532
-287.364  132.528       1.5272
-287.364  136.828       1.0202
-287.364  141.128       0.9161
-287.364  145.428       0.9733
-287.364  149.728       1.1203
-287.364  154.028       1.4669
-287.364  158.328       1.5023
-287.364  162.628       1.5942
-287.364  166.928       1.7948
-287.364  171.228       1.6698
-287.364  175.529       1.7029
-287.364  179.829       1.6233
-287.364  184.129       1.7753
-287.364  188.429       1.6539
-287.364  192.729       1.7563
-287.364  197.029       2.0365
-287.364  201.329       1.7202
-287.364  205.629       1.5802
-287.364  209.929       1.6086
-287.364  214.229       2.2080
-287.364  218.529       2.8630
-287.364  222.829       4.2357
-287.364  227.129       4.2357
-287.364  231.429       4.2357
-287.364  235.730       4.2357
-287.364  240.030       4.2357
-287.364  244.330       4.2357
-287.364  248.630       4.2357
-287.364  252.930       4.2357
-287.364  257.230       4.2357
-287.364  261.530       4.2357
-284.084 -164.177       4.2357
-284.084 -159.877       4.2357
-284.084 -155.577       4.2357
-284.084 -151.277       4.2357
-284.084 -146.977       4.2357
-284.084 -142.677       4.2357
-284.084 -138.377       4.2357
-284.084 -134.077       4.2357
-284.084 -129.776       4.2357
-284.084 -125.476       4.2357
-284.084 -121.176       4.2357
-284.084 -116.876       4.2357
-284.084 -112.576       4.2357
-284.084 -108.276       4.2357
-284.084 -103.976       4.2357
-284.084  -99.676       4.2357
-284.084  -95.376       4.2357
-284.084  -91.076       4.2357
-284.084  -86.776       4.2357
-284.084  -82.476       4.2357
-284.084  -78.176       4.2357
-284.084  -73.876       2.5828
-284.084  -69.575       2.9960
-284.084  -65.275       2.1334
-284.084  -60.975       1.5942
-284.084  -56.675       1.4444
-284.084  -52.375       1.6086
-284.084  -48.075       1.9532
-284.084  -43.775       2.3929
-284.084  -39.475       2.7543
-284.084  -35.175       3.1675
-284.084  -30.875       2.4498
-284.084  -26.575       2.2492
-284.084  -22.275       3.1675
-284.084  -17.975       2.7543
-284.084  -13.675       3.4092
-284.084   -9.374       2.2080
-284.084   -5.074       2.3411
-284.084   -0.774       2.2492
-284.084    3.526       1.7380
-284.084    7.826       1.7753
-284.084   12.126       2.5828
-284.084   16.426       3.8225
-284.084   20.726       4.2357
-284.084   25.026       4.2357
-284.084   29.326       3.8225
-284.084   33.626       4.2357
-284.084   37.926       2.9960
-284.084   42.226       2.8630
-284.084   46.526       2.7543
-284.084   50.827       2.2080
-284.084   55.127       2.5828
-284.084   59.427       2.2492
-284.084   63.727       2.6624
-284.084   68.027       1.8150
-284.084   72.327       1.5146
-284.084   76.627       1.3158
-284.084   80.927       1.3525
-284.084   85.227       1.4903
-284.084   89.527       1.3525
-284.084   93.827       1.7753
-284.084   98.127       1.7029
-284.084  102.427       1.5531
-284.084  106.727       1.2812
-284.084  111.027       1.1399
-284.084  115.328       1.2176
-284.084  119.628       1.7948
-284.084  123.928       1.8576
-284.084  128.228       2.0671
-284.084  132.528       1.7948
-284.084  136.828       1.1203
-284.084  141.128       0.9989
-284.084  145.428       0.9440
-284.084  149.728       1.0095
-284.084  154.028       1.3717
-284.084  158.328       1.6384
-284.084  162.628       1.7029
-284.084  166.928       1.7029
-284.084  171.228       1.6233
-284.084  175.529       1.6698
-284.084  179.829       1.7029
-284.084  184.129       1.9278
-284.084  188.429       2.0365
-284.084  192.729       1.7380
-284.084  197.029       2.5828
-284.084  201.329       2.3411
-284.084  205.629       1.9532
-284.084  209.929       1.7202
-284.084  214.229       1.6539
-284.084  218.529       1.9532
-284.084  222.829       2.7543
-284.084  227.129       4.2357
-284.084  231.429       4.2357
-284.084  235.730       4.2357
-284.084  240.030       4.2357
-284.084  244.330       4.2357
-284.084  248.630       4.2357
-284.084  252.930       4.2357
-284.084  257.230       4.2357
-284.084  261.530       4.2357
-280.805 -164.177       4.2357
-280.805 -159.877       4.2357
-280.805 -155.577       4.2357
-280.805 -151.277       4.2357
-280.805 -146.977       4.2357
-280.805 -142.677       4.2357
-280.805 -138.377       4.2357
-280.805 -134.077       4.2357
-280.805 -129.776       4.2357
-280.805 -125.476       4.2357
-280.805 -121.176       4.2357
-280.805 -116.876       4.2357
-280.805 -112.576       4.2357
-280.805 -108.276       4.2357
-280.805 -103.976       4.2357
-280.805  -99.676       4.2357
-280.805  -95.376       4.2357
-280.805  -91.076       4.2357
-280.805  -86.776       4.2357
-280.805  -82.476       2.9960
-280.805  -78.176       2.2080
-280.805  -73.876       2.1696
-280.805  -69.575       2.0075
-280.805  -65.275       1.8576
-280.805  -60.975       1.3248
-280.805  -56.675       1.2407
-280.805  -52.375       1.6233
-280.805  -48.075       1.7029
-280.805  -43.775       1.7948
-280.805  -39.475       2.0075
-280.805  -35.175       2.8630
-280.805  -30.875       2.5126
-280.805  -26.575       2.3411
-280.805  -22.275       2.4498
-280.805  -17.975       2.8630
-280.805  -13.675       2.8630
-280.805   -9.374       2.2080
-280.805   -5.074       2.3929
-280.805   -0.774       2.7543
-280.805    3.526       3.4092
-280.805    7.826       2.6624
-280.805   12.126       2.2492
-280.805   16.426       2.9960
-280.805   20.726       2.6624
-280.805   25.026       2.7543
-280.805   29.326       2.3411
-280.805   33.626       2.2080
-280.805   37.926       2.5126
-280.805   42.226       2.7543
-280.805   46.526       3.4092
-280.805   50.827       2.8630
-280.805   55.127       2.6624
-280.805   59.427       3.4092
-280.805   63.727       2.7543
-280.805   68.027       2.3929
-280.805   72.327       1.6861
-280.805   76.627       1.5146
-280.805   80.927       1.5802
-280.805   85.227       2.0671
-280.805   89.527       1.7753
-280.805   93.827       2.0365
-280.805   98.127       1.8359
-280.805  102.427       1.7202
-280.805  106.727       1.6086
-280.805  111.027       1.3070
-280.805  115.328       1.1399
-280.805  119.628       1.1810
-280.805  123.928       1.7029
-280.805  128.228       1.4335
-280.805  132.528       1.9035
-280.805  136.828       1.3916
-280.805  141.128       0.9634
-280.805  145.428       1.1465
-280.805  149.728       1.4555
-280.805  154.028       1.3916
-280.805  158.328       1.6384
-280.805  162.628       1.5802
-280.805  166.928       1.6086
-280.805  171.228       1.6698
-280.805  175.529       1.8576
-280.805  179.829       1.5023
-280.805  184.129       1.5400
-280.805  188.429       1.8150
-280.805  192.729       1.9035
-280.805  197.029       2.4498
-280.805  201.329       2.0075
-280.805  205.629       1.9035
-280.805  209.929       1.6861
-280.805  214.229       2.0365
-280.805  218.529       2.1334
-280.805  222.829       2.1696
-280.805  227.129       4.2357
-280.805  231.429       4.2357
-280.805  235.730       4.2357
-280.805  240.030       4.2357
-280.805  244.330       4.2357
-280.805  248.630       4.2357
-280.805  252.930       4.2357
-280.805  257.230       4.2357
-280.805  261.530       4.2357
-277.526 -164.177       4.2357
-277.526 -159.877       4.2357
-277.526 -155.577       4.2357
-277.526 -151.277       4.2357
-277.526 -146.977       4.2357
-277.526 -142.677       4.2357
-277.526 -138.377       4.2357
-277.526 -134.077       4.2357
-277.526 -129.776       4.2357
-277.526 -125.476       4.2357
-277.526 -121.176       4.2357
-277.526 -116.876       4.2357
-277.526 -112.576       4.2357
-277.526 -108.276       4.2357
-277.526 -103.976       4.2357
-277.526  -99.676       4.2357
-277.526  -95.376       4.2357
-277.526  -91.076       4.2357
-277.526  -86.776       2.7543
-277.526  -82.476       2.0365
-277.526  -78.176       1.9278
-277.526  -73.876       2.0671
-277.526  -69.575       2.3929
-277.526  -65.275       1.2729
-277.526  -60.975       1.2812
-277.526  -56.675       1.5400
-277.526  -52.375       1.3431
-277.526  -48.075       1.3070
-277.526  -43.775       1.3158
-277.526  -39.475       1.9532
-277.526  -35.175       2.5828
-277.526  -30.875       2.2934
-277.526  -26.575       3.4092
-277.526  -22.275       3.4092
-277.526  -17.975       2.9960
-277.526  -13.675       2.5828
-277.526   -9.374       2.5828
-277.526   -5.074       2.9960
-277.526   -0.774       2.5126
-277.526    3.526       3.1675
-277.526    7.826       2.2934
-277.526   12.126       1.7948
-277.526   16.426       1.9532
-277.526   20.726       1.9532
-277.526   25.026       2.2492
-277.526   29.326       1.9035
-277.526   33.626       1.8150
-277.526   37.926       1.8576
-277.526   42.226       2.3411
-277.526   46.526       2.7543
-277.526   50.827       2.7543
-277.526   55.127       2.3929
-277.526   59.427       2.0075
-277.526   63.727       2.0993
-277.526   68.027       2.5126
-277.526   72.327       1.9797
-277.526   76.627       1.5665
-277.526   80.927       1.5665
-277.526   85.227       2.1696
-277.526   89.527       2.1696
-277.526   93.827       1.6539
-277.526   98.127       1.8150
-277.526  102.427       1.8801
-277.526  106.727       1.2983
-277.526  111.027       1.2897
-277.526  115.328       1.2329
-277.526  119.628       1.1465
-277.526  123.928       1.5272
-277.526  128.228       1.8801
-277.526  132.528       2.0075
-277.526  136.828       1.3070
-277.526  141.128       1.1014
-277.526  145.428       1.2647
-277.526  149.728       1.5023
-277.526  154.028       1.5146
-277.526  158.328       1.3070
-277.526  162.628       1.3525
-277.526  166.928       1.5400
-277.526  171.228       1.6698
-277.526  175.529       2.1696
-277.526  179.829       2.2080
-277.526  184.129       1.6086
-277.526  188.429       2.2934
-277.526  192.729       2.2492
-277.526  197.029       2.4498
-277.526  201.329       2.6624
-277.526  205.629       1.7753
-277.526  209.929       2.0671
-277.526  214.229       2.0671
-277.526  218.529       2.4498
-277.526  222.829       2.2492
-277.526  227.129       3.1675
-277.526  231.429       3.8225
-277.526  235.730       4.2357
-277.526  240.030       4.2357
-277.526  244.330       4.2357
-277.526  248.630       4.2357
-277.526  252.930       4.2357
-277.526  257.230       4.2357
-277.526  261.530       4.2357
-274.246 -164.177       4.2357
-274.246 -159.877       4.2357
-274.246 -155.577       4.2357
-274.246 -151.277       4.2357
-274.246 -146.977       4.2357
-274.246 -142.677       4.2357
-274.246 -138.377       4.2357
-274.246 -134.077       4.2357
-274.246 -129.776       4.2357
-274.246 -125.476       4.2357
-274.246 -121.176       4.2357
-274.246 -116.876       4.2357
-274.246 -112.576       4.2357
-274.246 -108.276       4.2357
-274.246 -103.976       4.2357
-274.246  -99.676       4.2357
-274.246  -95.376       4.2357
-274.246  -91.076       2.9960
-274.246  -86.776       1.8576
-274.246  -82.476       1.9532
-274.246  -78.176       2.1334
-274.246  -73.876       2.0365
-274.246  -69.575       1.7948
-274.246  -65.275       1.9278
-274.246  -60.975       1.7202
-274.246  -56.675       1.4444
-274.246  -52.375       1.2176
-274.246  -48.075       1.2897
-274.246  -43.775       1.3620
-274.246  -39.475       1.6698
-274.246  -35.175       2.2080
-274.246  -30.875       2.5828
-274.246  -26.575       4.2357
-274.246  -22.275       4.2357
-274.246  -17.975       3.4092
-274.246  -13.675       4.2357
-274.246   -9.374       3.1675
-274.246   -5.074       4.2357
-274.246   -0.774       3.8225
-274.246    3.526       3.1675
-274.246    7.826       2.1334
-274.246   12.126       1.6539
-274.246   16.426       2.1696
-274.246   20.726       2.3411
-274.246   25.026       2.3929
-274.246   29.326       2.0365
-274.246   33.626       1.8576
-274.246   37.926       1.7948
-274.246   42.226       1.7380
-274.246   46.526       2.2080
-274.246   50.827       2.3411
-274.246   55.127       2.1696
-274.246   59.427       2.7543
-274.246   63.727       2.9960
-274.246   68.027       2.3411
-274.246   72.327       2.3411
-274.246   76.627       2.0671
-274.246   80.927       1.9035
-274.246   85.227       1.9797
-274.246   89.527       1.7563
-274.246   93.827       1.5942
-274.246   98.127       1.6539
-274.246  102.427       2.2492
-274.246  106.727       1.9532
-274.246  111.027       1.8359
-274.246  115.328       1.4122
-274.246  119.628       1.4018
-274.246  123.928       1.5146
-274.246  128.228       1.5023
-274.246  132.528       1.7563
-274.246  136.828       1.6233
-274.246  141.128       1.4669
-274.246  145.428       1.2897
-274.246  149.728       1.1954
-274.246  154.028       1.1465
-274.246  158.328       1.0652
-274.246  162.628       1.2329
-274.246  166.928       1.4444
-274.246  171.228       1.5023
-274.246  175.529       2.0671
-274.246  179.829       2.2934
-274.246  184.129       2.2934
-274.246  188.429       2.1696
-274.246  192.729       2.6624
-274.246  197.029       3.4092
-274.246  201.329       3.4092
-274.246  205.629       2.3411
-274.246  209.929       2.3411
-274.246  214.229       2.0075
-274.246  218.529       2.5828
-274.246  222.829       2.3411
-274.246  227.129       2.0993
-274.246  231.429       2.2080
-274.246  235.730       4.2357
-274.246  240.030       4.2357
-274.246  244.330       4.2357
-274.246  248.630       4.2357
-274.246  252.930       4.2357
-274.246  257.230       4.2357
-274.246  261.530       4.2357
-270.967 -164.177       4.2357
-270.967 -159.877       4.2357
-270.967 -155.577       4.2357
-270.967 -151.277       4.2357
-270.967 -146.977       4.2357
-270.967 -142.677       4.2357
-270.967 -138.377       4.2357
-270.967 -134.077       4.2357
-270.967 -129.776       4.2357
-270.967 -125.476       4.2357
-270.967 -121.176       4.2357
-270.967 -116.876       4.2357
-270.967 -112.576       4.2357
-270.967 -108.276       4.2357
-270.967 -103.976       4.2357
-270.967  -99.676       4.2357
-270.967  -95.376       2.9960
-270.967  -91.076       2.5126
-270.967  -86.776       1.7202
-270.967  -82.476       2.8630
-270.967  -78.176       2.1696
-270.967  -73.876       1.8576
-270.967  -69.575       2.2492
-270.967  -65.275       2.0671
-270.967  -60.975       2.7543
-270.967  -56.675       1.8576
-270.967  -52.375       1.2176
-270.967  -48.075       1.5146
-270.967  -43.775       1.6086
-270.967  -39.475       2.0671
-270.967  -35.175       2.4498
-270.967  -30.875       3.8225
-270.967  -26.575       4.2357
-270.967  -22.275       4.2357
-270.967  -17.975       4.2357
-270.967  -13.675       4.2357
-270.967   -9.374       4.2357
-270.967   -5.074       4.2357
-270.967   -0.774       4.2357
-270.967    3.526       4.2357
-270.967    7.826       3.4092
-270.967   12.126       2.5126
-270.967   16.426       2.1334
-270.967   20.726       2.2492
-270.967   25.026       2.2080
-270.967   29.326       1.6539
-270.967   33.626       1.6086
-270.967   37.926       1.4444
-270.967   42.226       1.5665
-270.967   46.526       2.2492
-270.967   50.827       3.4092
-270.967   55.127       3.1675
-270.967   59.427       3.1675
-270.967   63.727       4.2357
-270.967   68.027       2.1696
-270.967   72.327       2.7543
-270.967   76.627       2.2080
-270.967   80.927       2.0075
-270.967   85.227       2.1334
-270.967   89.527       2.0365
-270.967   93.827       2.2492
-270.967   98.127       2.0075
-270.967  102.427       2.3411
-270.967  106.727       2.0365
-270.967  111.027       1.8576
-270.967  115.328       1.5023
-270.967  119.628       1.5942
-270.967  123.928       1.4018
-270.967  128.228       1.4122
-270.967  132.528       1.8576
-270.967  136.828       1.9035
-270.967  141.128       1.3070
-270.967  145.428       1.1954
-270.967  149.728       1.1014
-270.967  154.028       1.2176
-270.967  158.328       1.0771
-270.967  162.628       1.3717
-270.967  166.928       1.8801
-270.967  171.228       1.3525
-270.967  175.529       1.9532
-270.967  179.829       2.1696
-270.967  184.129       2.4498
-270.967  188.429       3.1675
-270.967  192.729       3.1675
-270.967  197.029       3.8225
-270.967  201.329       4.2357
-270.967  205.629       3.8225
-270.967  209.929       3.1675
-270.967  214.229       2.3411
-270.967  218.529       2.0075
-270.967  222.829       2.4498
-270.967  227.129       1.7380
-270.967  231.429       1.7202
-270.967  235.730       3.1675
-270.967  240.030       4.2357
-270.967  244.330       4.2357
-270.967  248.630       4.2357
-270.967  252.930       4.2357
-270.967  257.230       4.2357
-270.967  261.530       4.2357
-267.688 -164.177       4.2357
-267.688 -159.877       4.2357
-267.688 -155.577       4.2357
-267.688 -151.277       4.2357
-267.688 -146.977       4.2357
-267.688 -142.677       4.2357
-267.688 -138.377       4.2357
-267.688 -134.077       4.2357
-267.688 -129.776       4.2357
-267.688 -125.476       4.2357
-267.688 -121.176       4.2357
-267.688 -116.876       4.2357
-267.688 -112.576       4.2357
-267.688 -108.276       4.2357
-267.688 -103.976       4.2357
-267.688  -99.676       4.2357
-267.688  -95.376       2.8630
-267.688  -91.076       2.7543
-267.688  -86.776       2.8630
-267.688  -82.476       2.5828
-267.688  -78.176       2.0671
-267.688  -73.876       2.4498
-267.688  -69.575       2.6624
-267.688  -65.275       2.1696
-267.688  -60.975       2.3411
-267.688  -56.675       1.8359
-267.688  -52.375       1.5942
-267.688  -48.075       1.8150
-267.688  -43.775       1.9532
-267.688  -39.475       2.6624
-267.688  -35.175       3.4092
-267.688  -30.875       4.2357
-267.688  -26.575       4.2357
-267.688  -22.275       4.2357
-267.688  -17.975       4.2357
-267.688  -13.675       4.2357
-267.688   -9.374       4.2357
-267.688   -5.074       4.2357
-267.688   -0.774       4.2357
-267.688    3.526       4.2357
-267.688    7.826       4.2357
-267.688   12.126       4.2357
-267.688   16.426       4.2357
-267.688   20.726       2.8630
-267.688   25.026       2.0075
-267.688   29.326       1.5531
-267.688   33.626       1.4018
-267.688   37.926       1.7029
-267.688   42.226       1.6539
-267.688   46.526       1.9278
-267.688   50.827       2.5828
-267.688   55.127       4.2357
-267.688   59.427       3.4092
-267.688   63.727       3.8225
-267.688   68.027       2.5126
-267.688   72.327       2.4498
-267.688   76.627       3.1675
-267.688   80.927       2.2934
-267.688   85.227       2.1334
-267.688   89.527       2.4498
-267.688   93.827       2.0993
-267.688   98.127       2.6624
-267.688  102.427       3.4092
-267.688  106.727       2.1334
-267.688  111.027       1.6086
-267.688  115.328       1.7563
-267.688  119.628       1.5272
-267.688  123.928       1.4669
-267.688  128.228       1.5665
-267.688  132.528       2.1696
-267.688  136.828       1.6233
-267.688  141.128       1.1533
-267.688  145.428       1.3620
-267.688  149.728       1.1954
-267.688  154.028       1.1333
-267.688  158.328       1.1465
-267.688  162.628       1.0711
-267.688  166.928       1.9797
-267.688  171.228       1.5531
-267.688  175.529       1.5400
-267.688  179.829       1.9035
-267.688  184.129       2.2934
-267.688  188.429       2.3929
-267.688  192.729       2.6624
-267.688  197.029       4.2357
-267.688  201.329       4.2357
-267.688  205.629       4.2357
-267.688  209.929       4.2357
-267.688  214.229       3.4092
-267.688  218.529       2.0365
-267.688  222.829       1.8576
-267.688  227.129       2.2080
-267.688  231.429       2.0365
-267.688  235.730       4.2357
-267.688  240.030       3.4092
-267.688  244.330       4.2357
-267.688  248.630       4.2357
-267.688  252.930       4.2357
-267.688  257.230       4.2357
-267.688  261.530       4.2357
-264.408 -164.177       4.2357
-264.408 -159.877       4.2357
-264.408 -155.577       4.2357
-264.408 -151.277       4.2357
-264.408 -146.977       4.2357
-264.408 -142.677       4.2357
-264.408 -138.377       4.2357
-264.408 -134.077       4.2357
-264.408 -129.776       4.2357
-264.408 -125.476       4.2357
-264.408 -121.176       4.2357
-264.408 -116.876       4.2357
-264.408 -112.576       4.2357
-264.408 -108.276       4.2357
-264.408 -103.976       4.2357
-264.408  -99.676       4.2357
-264.408  -95.376       3.8225
-264.408  -91.076       4.2357
-264.408  -86.776       4.2357
-264.408  -82.476       1.8576
-264.408  -78.176       2.5828
-264.408  -73.876       3.4092
-264.408  -69.575       4.2357
-264.408  -65.275       3.1675
-264.408  -60.975       2.8630
-264.408  -56.675       2.1334
-264.408  -52.375       2.0993
-264.408  -48.075       2.7543
-264.408  -43.775       1.9532
-264.408  -39.475       2.2080
-264.408  -35.175       2.8630
-264.408  -30.875       3.4092
-264.408  -26.575       3.1675
-264.408  -22.275       3.1675
-264.408  -17.975       2.8630
-264.408  -13.675       4.2357
-264.408   -9.374       4.2357
-264.408   -5.074       4.2357
-264.408   -0.774       4.2357
-264.408    3.526       4.2357
-264.408    7.826       4.2357
-264.408   12.126       4.2357
-264.408   16.426       4.2357
-264.408   20.726       2.9960
-264.408   25.026       2.2080
-264.408   29.326       1.8150
-264.408   33.626       2.0671
-264.408   37.926       1.6384
-264.408   42.226       1.9278
-264.408   46.526       1.8150
-264.408   50.827       2.7543
-264.408   55.127       2.5126
-264.408   59.427       2.8630
-264.408   63.727       3.8225
-264.408   68.027       4.2357
-264.408   72.327       3.1675
-264.408   76.627       3.8225
-264.408   80.927       3.1675
-264.408   85.227       2.2934
-264.408   89.527       2.2080
-264.408   93.827       2.1696
-264.408   98.127       2.2492
-264.408  102.427       2.6624
-264.408  106.727       2.2080
-264.408  111.027       1.6539
-264.408  115.328       1.9532
-264.408  119.628       1.9035
-264.408  123.928       1.4555
-264.408  128.228       1.4903
-264.408  132.528       1.6861
-264.408  136.828       1.5146
-264.408  141.128       1.4122
-264.408  145.428       1.3070
-264.408  149.728       1.2812
-264.408  154.028       1.0042
-264.408  158.328       1.2566
-264.408  162.628       1.1670
-264.408  166.928       1.6539
-264.408  171.228       1.8359
-264.408  175.529       1.7563
-264.408  179.829       1.9797
-264.408  184.129       2.3929
-264.408  188.429       1.9532
-264.408  192.729       2.2080
-264.408  197.029       4.2357
-264.408  201.329       4.2357
-264.408  205.629       4.2357
-264.408  209.929       4.2357
-264.408  214.229       4.2357
-264.408  218.529       2.5828
-264.408  222.829       2.5828
-264.408  227.129       2.0671
-264.408  231.429       2.4498
-264.408  235.730       2.9960
-264.408  240.030       4.2357
-264.408  244.330       4.2357
-264.408  248.630       4.2357
-264.408  252.930       4.2357
-264.408  257.230       4.2357
-264.408  261.530       4.2357
-261.129 -164.177       4.2357
-261.129 -159.877       4.2357
-261.129 -155.577       4.2357
-261.129 -151.277       4.2357
-261.129 -146.977       4.2357
-261.129 -142.677       4.2357
-261.129 -138.377       4.2357
-261.129 -134.077       4.2357
-261.129 -129.776       4.2357
-261.129 -125.476       4.2357
-261.129 -121.176       4.2357
-261.129 -116.876       4.2357
-261.129 -112.576       4.2357
-261.129 -108.276       4.2357
-261.129 -103.976       4.2357
-261.129  -99.676       4.2357
-261.129  -95.376       4.2357
-261.129  -91.076       4.2357
-261.129  -86.776       3.8225
-261.129  -82.476       2.8630
-261.129  -78.176       3.4092
-261.129  -73.876       3.8225
-261.129  -69.575       4.2357
-261.129  -65.275       3.1675
-261.129  -60.975       2.7543
-261.129  -56.675       3.1675
-261.129  -52.375       2.3929
-261.129  -48.075       2.1334
-261.129  -43.775       1.8359
-261.129  -39.475       1.8150
-261.129  -35.175       2.7543
-261.129  -30.875       2.9960
-261.129  -26.575       2.3929
-261.129  -22.275       2.0365
-261.129  -17.975       2.6624
-261.129  -13.675       2.8630
-261.129   -9.374       3.8225
-261.129   -5.074       2.8630
-261.129   -0.774       4.2357
-261.129    3.526       4.2357
-261.129    7.826       4.2357
-261.129   12.126       4.2357
-261.129   16.426       4.2357
-261.129   20.726       3.8225
-261.129   25.026       1.9278
-261.129   29.326       2.0075
-261.129   33.626       1.6861
-261.129   37.926       1.5942
-261.129   42.226       1.5942
-261.129   46.526       1.7753
-261.129   50.827       2.8630
-261.129   55.127       4.2357
-261.129   59.427       4.2357
-261.129   63.727       4.2357
-261.129   68.027       4.2357
-261.129   72.327       4.2357
-261.129   76.627       4.2357
-261.129   80.927       3.8225
-261.129   85.227       2.4498
-261.129   89.527       2.2492
-261.129   93.827       2.8630
-261.129   98.127       2.2492
-261.129  102.427       2.5828
-261.129  106.727       2.5828
-261.129  111.027       1.8576
-261.129  115.328       1.8576
-261.129  119.628       1.5146
-261.129  123.928       1.3620
-261.129  128.228       1.0652
-261.129  132.528       1.4669
-261.129  136.828       1.4785
-261.129  141.128       1.6086
-261.129  145.428       1.3717
-261.129  149.728       1.1810
-261.129  154.028       1.1139
-261.129  158.328       1.2176
-261.129  162.628       1.2252
-261.129  166.928       1.4018
-261.129  171.228       1.5023
-261.129  175.529       1.7563
-261.129  179.829       1.7753
-261.129  184.129       2.0365
-261.129  188.429       2.1696
-261.129  192.729       2.5126
-261.129  197.029       4.2357
-261.129  201.329       4.2357
-261.129  205.629       4.2357
-261.129  209.929       4.2357
-261.129  214.229       4.2357
-261.129  218.529       2.8630
-261.129  222.829       2.8630
-261.129  227.129       2.9960
-261.129  231.429       2.0993
-261.129  235.730       2.3411
-261.129  240.030       3.8225
-261.129  244.330       4.2357
-261.129  248.630       4.2357
-261.129  252.930       4.2357
-261.129  257.230       4.2357
-261.129  261.530       4.2357
-257.850 -164.177       4.2357
-257.850 -159.877       4.2357
-257.850 -155.577       4.2357
-257.850 -151.277       4.2357
-257.850 -146.977       4.2357
-257.850 -142.677       4.2357
-257.850 -138.377       4.2357
-257.850 -134.077       4.2357
-257.850 -129.776       4.2357
-257.850 -125.476       4.2357
-257.850 -121.176       4.2357
-257.850 -116.876       4.2357
-257.850 -112.576       4.2357
-257.850 -108.276       4.2357
-257.850 -103.976       4.2357
-257.850  -99.676       4.2357
-257.850  -95.376       4.2357
-257.850  -91.076       4.2357
-257.850  -86.776       4.2357
-257.850  -82.476       3.1675
-257.850  -78.176       2.4498
-257.850  -73.876       2.5828
-257.850  -69.575       3.8225
-257.850  -65.275       3.1675
-257.850  -60.975       3.4092
-257.850  -56.675       3.8225
-257.850  -52.375       2.9960
-257.850  -48.075       2.3929
-257.850  -43.775       1.6384
-257.850  -39.475       1.7753
-257.850  -35.175       2.2492
-257.850  -30.875       1.8576
-257.850  -26.575       2.1334
-257.850  -22.275       2.3929
-257.850  -17.975       3.8225
-257.850  -13.675       2.8630
-257.850   -9.374       2.9960
-257.850   -5.074       3.8225
-257.850   -0.774       4.2357
-257.850    3.526       4.2357
-257.850    7.826       4.2357
-257.850   12.126       4.2357
-257.850   16.426       3.8225
-257.850   20.726       3.4092
-257.850   25.026       2.3929
-257.850   29.326       2.0993
-257.850   33.626       1.9532
-257.850   37.926       1.6539
-257.850   42.226       1.6384
-257.850   46.526       1.8576
-257.850   50.827       2.3929
-257.850   55.127       3.4092
-257.850   59.427       4.2357
-257.850   63.727       4.2357
-257.850   68.027       4.2357
-257.850   72.327       4.2357
-257.850   76.627       4.2357
-257.850   80.927       3.8225
-257.850   85.227       2.3411
-257.850   89.527       2.6624
-257.850   93.827       2.9960
-257.850   98.127       2.9960
-257.850  102.427       2.9960
-257.850  106.727       2.8630
-257.850  111.027       1.8576
-257.850  115.328       1.7029
-257.850  119.628       1.6861
-257.850  123.928       1.5665
-257.850  128.228       1.1881
-257.850  132.528       1.5942
-257.850  136.828       1.4669
-257.850  141.128       1.4669
-257.850  145.428       1.5531
-257.850  149.728       1.2812
-257.850  154.028       1.2027
-257.850  158.328       1.0830
-257.850  162.628       1.0594
-257.850  166.928       1.2729
-257.850  171.228       1.3158
-257.850  175.529       1.5942
-257.850  179.829       1.7753
-257.850  184.129       1.9035
-257.850  188.429       2.5126
-257.850  192.729       2.8630
-257.850  197.029       4.2357
-257.850  201.329       4.2357
-257.850  205.629       4.2357
-257.850  209.929       4.2357
-257.850  214.229       4.2357
-257.850  218.529       3.1675
-257.850  222.829       3.4092
-257.850  227.129       2.8630
-257.850  231.429       1.9035
-257.850  235.730       1.9278
-257.850  240.030       2.4498
-257.850  244.330       4.2357
-257.850  248.630       4.2357
-257.850  252.930       4.2357
-257.850  257.230       4.2357
-257.850  261.530       4.2357
-254.570 -164.177       4.2357
-254.570 -159.877       4.2357
-254.570 -155.577       4.2357
-254.570 -151.277       4.2357
-254.570 -146.977       4.2357
-254.570 -142.677       4.2357
-254.570 -138.377       4.2357
-254.570 -134.077       4.2357
-254.570 -129.776       4.2357
-254.570 -125.476       4.2357
-254.570 -121.176       4.2357
-254.570 -116.876       4.2357
-254.570 -112.576       4.2357
-254.570 -108.276       4.2357
-254.570 -103.976       4.2357
-254.570  -99.676       4.2357
-254.570  -95.376       4.2357
-254.570  -91.076       4.2357
-254.570  -86.776       3.8225
-254.570  -82.476       2.7543
-254.570  -78.176       2.0075
-254.570  -73.876       1.7563
-254.570  -69.575       2.0365
-254.570  -65.275       2.2080
-254.570  -60.975       2.2934
-254.570  -56.675       2.9960
-254.570  -52.375       2.3929
-254.570  -48.075       1.9278
-254.570  -43.775       1.7380
-254.570  -39.475       2.2492
-254.570  -35.175       2.3411
-254.570  -30.875       2.0993
-254.570  -26.575       1.8150
-254.570  -22.275       2.5126
-254.570  -17.975       3.4092
-254.570  -13.675       3.8225
-254.570   -9.374       4.2357
-254.570   -5.074       4.2357
-254.570   -0.774       4.2357
-254.570    3.526       4.2357
-254.570    7.826       4.2357
-254.570   12.126       4.2357
-254.570   16.426       4.2357
-254.570   20.726       3.8225
-254.570   25.026       2.9960
-254.570   29.326       2.1334
-254.570   33.626       1.7563
-254.570   37.926       1.8150
-254.570   42.226       1.7753
-254.570   46.526       1.9532
-254.570   50.827       1.8801
-254.570   55.127       2.5126
-254.570   59.427       4.2357
-254.570   63.727       4.2357
-254.570   68.027       4.2357
-254.570   72.327       4.2357
-254.570   76.627       3.1675
-254.570   80.927       3.4092
-254.570   85.227       3.8225
-254.570   89.527       2.2934
-254.570   93.827       3.4092
-254.570   98.127       4.2357
-254.570  102.427       3.8225
-254.570  106.727       2.7543
-254.570  111.027       1.7380
-254.570  115.328       1.5942
-254.570  119.628       1.9035
-254.570  123.928       1.5272
-254.570  128.228       1.8801
-254.570  132.528       2.0365
-254.570  136.828       1.6861
-254.570  141.128       1.6384
-254.570  145.428       1.4785
-254.570  149.728       1.2101
-254.570  154.028       1.4227
-254.570  158.328       1.2566
-254.570  162.628       1.1399
-254.570  166.928       1.5272
-254.570  171.228       1.3339
-254.570  175.529       1.6384
-254.570  179.829       2.0993
-254.570  184.129       1.9532
-254.570  188.429       2.2080
-254.570  192.729       2.8630
-254.570  197.029       3.1675
-254.570  201.329       4.2357
-254.570  205.629       4.2357
-254.570  209.929       4.2357
-254.570  214.229       4.2357
-254.570  218.529       3.4092
-254.570  222.829       2.7543
-254.570  227.129       2.2934
-254.570  231.429       1.6861
-254.570  235.730       1.4669
-254.570  240.030       2.2080
-254.570  244.330       4.2357
-254.570  248.630       4.2357
-254.570  252.930       4.2357
-254.570  257.230       4.2357
-254.570  261.530       4.2357
-251.291 -164.177       4.2357
-251.291 -159.877       4.2357
-251.291 -155.577       4.2357
-251.291 -151.277       4.2357
-251.291 -146.977       4.2357
-251.291 -142.677       4.2357
-251.291 -138.377       4.2357
-251.291 -134.077       4.2357
-251.291 -129.776       4.2357
-251.291 -125.476       4.2357
-251.291 -121.176       4.2357
-251.291 -116.876       4.2357
-251.291 -112.576       4.2357
-251.291 -108.276       4.2357
-251.291 -103.976       4.2357
-251.291  -99.676       4.2357
-251.291  -95.376       4.2357
-251.291  -91.076       4.2357
-251.291  -86.776       3.1675
-251.291  -82.476       2.4498
-251.291  -78.176       1.9797
-251.291  -73.876       1.6233
-251.291  -69.575       2.1334
-251.291  -65.275       2.5828
-251.291  -60.975       2.2492
-251.291  -56.675       2.5126
-251.291  -52.375       1.9797
-251.291  -48.075       1.7029
-251.291  -43.775       1.9035
-251.291  -39.475       1.8359
-251.291  -35.175       2.5828
-251.291  -30.875       2.0993
-251.291  -26.575       1.8576
-251.291  -22.275       2.3411
-251.291  -17.975       2.8630
-251.291  -13.675       4.2357
-251.291   -9.374       4.2357
-251.291   -5.074       4.2357
-251.291   -0.774       4.2357
-251.291    3.526       4.2357
-251.291    7.826       4.2357
-251.291   12.126       2.8630
-251.291   16.426       3.4092
-251.291   20.726       2.6624
-251.291   25.026       2.8630
-251.291   29.326       2.4498
-251.291   33.626       1.7563
-251.291   37.926       1.5400
-251.291   42.226       2.0365
-251.291   46.526       1.8150
-251.291   50.827       2.2080
-251.291   55.127       2.8630
-251.291   59.427       4.2357
-251.291   63.727       4.2357
-251.291   68.027       4.2357
-251.291   72.327       4.2357
-251.291   76.627       3.8225
-251.291   80.927       3.1675
-251.291   85.227       2.5828
-251.291   89.527       2.5126
-251.291   93.827       2.6624
-251.291   98.127       3.8225
-251.291  102.427       4.2357
-251.291  106.727       2.9960
-251.291  111.027       2.2492
-251.291  115.328       1.7753
-251.291  119.628       1.7202
-251.291  123.928       1.7563
-251.291  128.228       1.7563
-251.291  132.528       1.7563
-251.291  136.828       2.1696
-251.291  141.128       1.5665
-251.291  145.428       1.5272
-251.291  149.728       1.3717
-251.291  154.028       1.6086
-251.291  158.328       1.6861
-251.291  162.628       1.8359
-251.291  166.928       1.4444
-251.291  171.228       1.5802
-251.291  175.529       1.6698
-251.291  179.829       2.2934
-251.291  184.129       2.4498
-251.291  188.429       2.3411
-251.291  192.729       2.0365
-251.291  197.029       3.1675
-251.291  201.329       3.8225
-251.291  205.629       4.2357
-251.291  209.929       3.8225
-251.291  214.229       3.4092
-251.291  218.529       2.4498
-251.291  222.829       2.6624
-251.291  227.129       2.3411
-251.291  231.429       1.5802
-251.291  235.730       1.1601
-251.291  240.030       1.5023
-251.291  244.330       2.7543
-251.291  248.630       4.2357
-251.291  252.930       4.2357
-251.291  257.230       4.2357
-251.291  261.530       4.2357
-248.012 -164.177       4.2357
-248.012 -159.877       4.2357
-248.012 -155.577       4.2357
-248.012 -151.277       4.2357
-248.012 -146.977       4.2357
-248.012 -142.677       4.2357
-248.012 -138.377       4.2357
-248.012 -134.077       4.2357
-248.012 -129.776       4.2357
-248.012 -125.476       4.2357
-248.012 -121.176       4.2357
-248.012 -116.876       4.2357
-248.012 -112.576       4.2357
-248.012 -108.276       4.2357
-248.012 -103.976       4.2357
-248.012  -99.676       4.2357
-248.012  -95.376       4.2357
-248.012  -91.076       4.2357
-248.012  -86.776       3.4092
-248.012  -82.476       2.7543
-248.012  -78.176       1.9278
-248.012  -73.876       1.5146
-248.012  -69.575       2.2492
-248.012  -65.275       2.9960
-248.012  -60.975       3.8225
-248.012  -56.675       2.6624
-248.012  -52.375       1.8150
-248.012  -48.075       2.0075
-248.012  -43.775       1.8801
-248.012  -39.475       2.0365
-248.012  -35.175       2.4498
-248.012  -30.875       2.4498
-248.012  -26.575       2.0365
-248.012  -22.275       3.1675
-248.012  -17.975       4.2357
-248.012  -13.675       4.2357
-248.012   -9.374       4.2357
-248.012   -5.074       4.2357
-248.012   -0.774       4.2357
-248.012    3.526       4.2357
-248.012    7.826       4.2357
-248.012   12.126       2.6624
-248.012   16.426       2.2492
-248.012   20.726       2.1334
-248.012   25.026       1.9532
-248.012   29.326       2.0075
-248.012   33.626       2.2080
-248.012   37.926       2.0075
-248.012   42.226       1.9278
-248.012   46.526       1.8576
-248.012   50.827       2.6624
-248.012   55.127       3.8225
-248.012   59.427       4.2357
-248.012   63.727       4.2357
-248.012   68.027       4.2357
-248.012   72.327       4.2357
-248.012   76.627       4.2357
-248.012   80.927       4.2357
-248.012   85.227       2.9960
-248.012   89.527       2.5828
-248.012   93.827       3.8225
-248.012   98.127       2.8630
-248.012  102.427       3.4092
-248.012  106.727       3.8225
-248.012  111.027       2.2492
-248.012  115.328       1.9035
-248.012  119.628       1.6861
-248.012  123.928       1.4903
-248.012  128.228       1.8150
-248.012  132.528       1.9035
-248.012  136.828       2.0993
-248.012  141.128       1.8576
-248.012  145.428       1.8359
-248.012  149.728       2.0993
-248.012  154.028       1.5146
-248.012  158.328       1.9797
-248.012  162.628       1.7563
-248.012  166.928       1.4555
-248.012  171.228       1.5146
-248.012  175.529       1.7202
-248.012  179.829       2.1696
-248.012  184.129       2.3411
-248.012  188.429       2.1696
-248.012  192.729       2.6624
-248.012  197.029       2.5126
-248.012  201.329       4.2357
-248.012  205.629       4.2357
-248.012  209.929       4.2357
-248.012  214.229       2.2934
-248.012  218.529       2.0365
-248.012  222.829       1.9532
-248.012  227.129       2.0671
-248.012  231.429       1.8801
-248.012  235.730       1.5272
-248.012  240.030       1.3717
-248.012  244.330       2.0075
-248.012  248.630       4.2357
-248.012  252.930       4.2357
-248.012  257.230       4.2357
-248.012  261.530       4.2357
-244.733 -164.177       4.2357
-244.733 -159.877       4.2357
-244.733 -155.577       4.2357
-244.733 -151.277       4.2357
-244.733 -146.977       4.2357
-244.733 -142.677       4.2357
-244.733 -138.377       4.2357
-244.733 -134.077       4.2357
-244.733 -129.776       4.2357
-244.733 -125.476       4.2357
-244.733 -121.176       4.2357
-244.733 -116.876       4.2357
-244.733 -112.576       4.2357
-244.733 -108.276       4.2357
-244.733 -103.976       4.2357
-244.733  -99.676       4.2357
-244.733  -95.376       4.2357
-244.733  -91.076       4.2357
-244.733  -86.776       2.7543
-244.733  -82.476       2.5126
-244.733  -78.176       1.8359
-244.733  -73.876       1.6861
-244.733  -69.575       2.7543
-244.733  -65.275       4.2357
-244.733  -60.975       3.4092
-244.733  -56.675       2.2080
-244.733  -52.375       1.7202
-244.733  -48.075       2.2934
-244.733  -43.775       2.7543
-244.733  -39.475       2.4498
-244.733  -35.175       2.5828
-244.733  -30.875       2.3411
-244.733  -26.575       2.0365
-244.733  -22.275       3.1675
-244.733  -17.975       4.2357
-244.733  -13.675       4.2357
-244.733   -9.374       4.2357
-244.733   -5.074       4.2357
-244.733   -0.774       4.2357
-244.733    3.526       4.2357
-244.733    7.826       3.1675
-244.733   12.126       2.6624
-244.733   16.426       2.8630
-244.733   20.726       2.0365
-244.733   25.026       1.8801
-244.733   29.326       2.2492
-244.733   33.626       2.9960
-244.733   37.926       2.7543
-244.733   42.226       2.0075
-244.733   46.526       1.7563
-244.733   50.827       2.5828
-244.733   55.127       4.2357
-244.733   59.427       4.2357
-244.733   63.727       4.2357
-244.733   68.027       4.2357
-244.733   72.327       4.2357
-244.733   76.627       4.2357
-244.733   80.927       4.2357
-244.733   85.227       4.2357
-244.733   89.527       3.4092
-244.733   93.827       3.8225
-244.733   98.127       2.6624
-244.733  102.427       2.7543
-244.733  106.727       2.9960
-244.733  111.027       1.8576
-244.733  115.328       1.6861
-244.733  119.628       1.6861
-244.733  123.928       1.5665
-244.733  128.228       1.6539
-244.733  132.528       2.0993
-244.733  136.828       2.8630
-244.733  141.128       2.4498
-244.733  145.428       2.5828
-244.733  149.728       2.1334
-244.733  154.028       2.4498
-244.733  158.328       2.5828
-244.733  162.628       2.5126
-244.733  166.928       2.1696
-244.733  171.228       1.7753
-244.733  175.529       2.0075
-244.733  179.829       2.3929
-244.733  184.129       2.5828
-244.733  188.429       1.9278
-244.733  192.729       1.6698
-244.733  197.029       3.8225
-244.733  201.329       4.2357
-244.733  205.629       4.2357
-244.733  209.929       4.2357
-244.733  214.229       2.7543
-244.733  218.529       1.9278
-244.733  222.829       1.9035
-244.733  227.129       1.3339
-244.733  231.429       1.4018
-244.733  235.730       1.7029
-244.733  240.030       1.4444
-244.733  244.330       1.6698
-244.733  248.630       2.7543
-244.733  252.930       4.2357
-244.733  257.230       4.2357
-244.733  261.530       4.2357
-241.453 -164.177       4.2357
-241.453 -159.877       4.2357
-241.453 -155.577       4.2357
-241.453 -151.277       4.2357
-241.453 -146.977       4.2357
-241.453 -142.677       4.2357
-241.453 -138.377       4.2357
-241.453 -134.077       4.2357
-241.453 -129.776       4.2357
-241.453 -125.476       4.2357
-241.453 -121.176       4.2357
-241.453 -116.876       4.2357
-241.453 -112.576       4.2357
-241.453 -108.276       4.2357
-241.453 -103.976       4.2357
-241.453  -99.676       4.2357
-241.453  -95.376       3.4092
-241.453  -91.076       2.6624
-241.453  -86.776       2.5126
-241.453  -82.476       2.5126
-241.453  -78.176       2.3929
-241.453  -73.876       2.5126
-241.453  -69.575       3.4092
-241.453  -65.275       4.2357
-241.453  -60.975       2.5126
-241.453  -56.675       1.9035
-241.453  -52.375       1.8359
-241.453  -48.075       2.2492
-241.453  -43.775       3.4092
-241.453  -39.475       3.4092
-241.453  -35.175       2.3411
-241.453  -30.875       1.9797
-241.453  -26.575       2.8630
-241.453  -22.275       4.2357
-241.453  -17.975       4.2357
-241.453  -13.675       4.2357
-241.453   -9.374       4.2357
-241.453   -5.074       3.4092
-241.453   -0.774       2.7543
-241.453    3.526       3.8225
-241.453    7.826       3.4092
-241.453   12.126       2.7543
-241.453   16.426       2.5126
-241.453   20.726       2.0365
-241.453   25.026       2.3411
-241.453   29.326       2.2492
-241.453   33.626       2.8630
-241.453   37.926       2.8630
-241.453   42.226       2.1696
-241.453   46.526       2.3929
-241.453   50.827       3.8225
-241.453   55.127       3.8225
-241.453   59.427       4.2357
-241.453   63.727       4.2357
-241.453   68.027       4.2357
-241.453   72.327       4.2357
-241.453   76.627       4.2357
-241.453   80.927       4.2357
-241.453   85.227       3.8225
-241.453   89.527       2.8630
-241.453   93.827       3.4092
-241.453   98.127       2.3929
-241.453  102.427       2.2492
-241.453  106.727       2.1696
-241.453  111.027       1.9797
-241.453  115.328       1.7380
-241.453  119.628       1.7029
-241.453  123.928       1.7753
-241.453  128.228       2.3411
-241.453  132.528       2.5828
-241.453  136.828       2.4498
-241.453  141.128       2.5828
-241.453  145.428       2.2080
-241.453  149.728       1.9797
-241.453  154.028       2.7543
-241.453  158.328       2.4498
-241.453  162.628       2.3411
-241.453  166.928       2.2492
-241.453  171.228       2.0671
-241.453  175.529       2.0993
-241.453  179.829       3.1675
-241.453  184.129       3.1675
-241.453  188.429       1.7029
-241.453  192.729       1.5400
-241.453  197.029       2.5828
-241.453  201.329       4.2357
-241.453  205.629       4.2357
-241.453  209.929       4.2357
-241.453  214.229       2.9960
-241.453  218.529       3.1675
-241.453  222.829       2.3411
-241.453  227.129       1.8150
-241.453  231.429       1.7202
-241.453  235.730       2.2492
-241.453  240.030       1.4785
-241.453  244.330       1.5400
-241.453  248.630       2.3411
-241.453  252.930       4.2357
-241.453  257.230       4.2357
-241.453  261.530       4.2357
-238.174 -164.177       4.2357
-238.174 -159.877       4.2357
-238.174 -155.577       4.2357
-238.174 -151.277       4.2357
-238.174 -146.977       4.2357
-238.174 -142.677       4.2357
-238.174 -138.377       4.2357
-238.174 -134.077       4.2357
-238.174 -129.776       4.2357
-238.174 -125.476       4.2357
-238.174 -121.176       4.2357
-238.174 -116.876       4.2357
-238.174 -112.576       4.2357
-238.174 -108.276       4.2357
-238.174 -103.976       4.2357
-238.174  -99.676       4.2357
-238.174  -95.376       4.2357
-238.174  -91.076       2.9960
-238.174  -86.776       2.4498
-238.174  -82.476       2.9960
-238.174  -78.176       2.5126
-238.174  -73.876       2.6624
-238.174  -69.575       4.2357
-238.174  -65.275       4.2357
-238.174  -60.975       2.3929
-238.174  -56.675       2.4498
-238.174  -52.375       2.4498
-238.174  -48.075       1.8801
-238.174  -43.775       4.2357
-238.174  -39.475       2.9960
-238.174  -35.175       2.9960
-238.174  -30.875       2.9960
-238.174  -26.575       3.1675
-238.174  -22.275       3.8225
-238.174  -17.975       4.2357
-238.174  -13.675       4.2357
-238.174   -9.374       4.2357
-238.174   -5.074       3.1675
-238.174   -0.774       2.2492
-238.174    3.526       2.5126
-238.174    7.826       3.4092
-238.174   12.126       2.5126
-238.174   16.426       2.1696
-238.174   20.726       2.1696
-238.174   25.026       2.2934
-238.174   29.326       2.4498
-238.174   33.626       3.4092
-238.174   37.926       2.9960
-238.174   42.226       2.5828
-238.174   46.526       3.1675
-238.174   50.827       3.4092
-238.174   55.127       2.7543
-238.174   59.427       4.2357
-238.174   63.727       4.2357
-238.174   68.027       4.2357
-238.174   72.327       4.2357
-238.174   76.627       4.2357
-238.174   80.927       4.2357
-238.174   85.227       2.8630
-238.174   89.527       2.5126
-238.174   93.827       3.1675
-238.174   98.127       2.4498
-238.174  102.427       2.0671
-238.174  106.727       1.5942
-238.174  111.027       1.5665
-238.174  115.328       1.5942
-238.174  119.628       1.6861
-238.174  123.928       2.0365
-238.174  128.228       2.0993
-238.174  132.528       2.5828
-238.174  136.828       1.9278
-238.174  141.128       2.0075
-238.174  145.428       1.7948
-238.174  149.728       1.6861
-238.174  154.028       2.0075
-238.174  158.328       1.7753
-238.174  162.628       2.2934
-238.174  166.928       2.3411
-238.174  171.228       2.0075
-238.174  175.529       1.7202
-238.174  179.829       2.2934
-238.174  184.129       2.2934
-238.174  188.429       1.8801
-238.174  192.729       1.7753
-238.174  197.029       2.6624
-238.174  201.329       4.2357
-238.174  205.629       4.2357
-238.174  209.929       4.2357
-238.174  214.229       3.8225
-238.174  218.529       2.7543
-238.174  222.829       2.8630
-238.174  227.129       3.8225
-238.174  231.429       3.8225
-238.174  235.730       2.0365
-238.174  240.030       1.8576
-238.174  244.330       1.7563
-238.174  248.630       2.1696
-238.174  252.930       3.8225
-238.174  257.230       4.2357
-238.174  261.530       4.2357
-234.895 -164.177       4.2357
-234.895 -159.877       4.2357
-234.895 -155.577       4.2357
-234.895 -151.277       4.2357
-234.895 -146.977       4.2357
-234.895 -142.677       4.2357
-234.895 -138.377       4.2357
-234.895 -134.077       4.2357
-234.895 -129.776       4.2357
-234.895 -125.476       4.2357
-234.895 -121.176       4.2357
-234.895 -116.876       4.2357
-234.895 -112.576       4.2357
-234.895 -108.276       4.2357
-234.895 -103.976       4.2357
-234.895  -99.676       2.9960
-234.895  -95.376       2.9960
-234.895  -91.076       2.9960
-234.895  -86.776       2.6624
-234.895  -82.476       2.2934
-234.895  -78.176       2.2934
-234.895  -73.876       3.1675
-234.895  -69.575       4.2357
-234.895  -65.275       4.2357
-234.895  -60.975       3.8225
-234.895  -56.675       4.2357
-234.895  -52.375       2.4498
-234.895  -48.075       1.9797
-234.895  -43.775       2.2080
-234.895  -39.475       2.5126
-234.895  -35.175       3.4092
-234.895  -30.875       3.1675
-234.895  -26.575       2.7543
-234.895  -22.275       4.2357
-234.895  -17.975       4.2357
-234.895  -13.675       4.2357
-234.895   -9.374       4.2357
-234.895   -5.074       3.1675
-234.895   -0.774       2.8630
-234.895    3.526       2.8630
-234.895    7.826       3.4092
-234.895   12.126       2.5126
-234.895   16.426       2.0671
-234.895   20.726       2.0365
-234.895   25.026       2.3929
-234.895   29.326       2.9960
-234.895   33.626       3.8225
-234.895   37.926       2.7543
-234.895   42.226       4.2357
-234.895   46.526       4.2357
-234.895   50.827       2.3929
-234.895   55.127       2.5126
-234.895   59.427       4.2357
-234.895   63.727       4.2357
-234.895   68.027       4.2357
-234.895   72.327       4.2357
-234.895   76.627       4.2357
-234.895   80.927       4.2357
-234.895   85.227       4.2357
-234.895   89.527       2.6624
-234.895   93.827       2.9960
-234.895   98.127       2.7543
-234.895  102.427       1.9532
-234.895  106.727       1.8801
-234.895  111.027       1.5802
-234.895  115.328       1.4444
-234.895  119.628       1.5023
-234.895  123.928       1.6861
-234.895  128.228       2.2934
-234.895  132.528       2.2080
-234.895  136.828       2.0365
-234.895  141.128       2.1334
-234.895  145.428       1.7029
-234.895  149.728       1.4785
-234.895  154.028       1.7563
-234.895  158.328       1.9532
-234.895  162.628       2.0993
-234.895  166.928       1.9532
-234.895  171.228       1.9797
-234.895  175.529       1.6861
-234.895  179.829       2.2934
-234.895  184.129       2.5126
-234.895  188.429       1.8801
-234.895  192.729       1.7029
-234.895  197.029       2.5828
-234.895  201.329       4.2357
-234.895  205.629       4.2357
-234.895  209.929       4.2357
-234.895  214.229       4.2357
-234.895  218.529       3.8225
-234.895  222.829       3.4092
-234.895  227.129       3.1675
-234.895  231.429       3.4092
-234.895  235.730       2.3411
-234.895  240.030       1.7948
-234.895  244.330       1.7563
-234.895  248.630       2.0993
-234.895  252.930       2.9960
-234.895  257.230       4.2357
-234.895  261.530       4.2357
-231.615 -164.177       4.2357
-231.615 -159.877       4.2357
-231.615 -155.577       4.2357
-231.615 -151.277       4.2357
-231.615 -146.977       4.2357
-231.615 -142.677       4.2357
-231.615 -138.377       4.2357
-231.615 -134.077       4.2357
-231.615 -129.776       4.2357
-231.615 -125.476       4.2357
-231.615 -121.176       4.2357
-231.615 -116.876       4.2357
-231.615 -112.576       4.2357
-231.615 -108.276       4.2357
-231.615 -103.976       3.4092
-231.615  -99.676       2.3929
-231.615  -95.376       2.9960
-231.615  -91.076       3.1675
-231.615  -86.776       2.6624
-231.615  -82.476       3.4092
-231.615  -78.176       3.1675
-231.615  -73.876       3.4092
-231.615  -69.575       4.2357
-231.615  -65.275       4.2357
-231.615  -60.975       4.2357
-231.615  -56.675       4.2357
-231.615  -52.375       2.6624
-231.615  -48.075       2.2934
-231.615  -43.775       2.0671
-231.615  -39.475       2.7543
-231.615  -35.175       3.8225
-231.615  -30.875       3.4092
-231.615  -26.575       3.4092
-231.615  -22.275       4.2357
-231.615  -17.975       4.2357
-231.615  -13.675       4.2357
-231.615   -9.374       4.2357
-231.615   -5.074       4.2357
-231.615   -0.774       3.4092
-231.615    3.526       4.2357
-231.615    7.826       3.4092
-231.615   12.126       2.4498
-231.615   16.426       1.9532
-231.615   20.726       2.0993
-231.615   25.026       3.1675
-231.615   29.326       3.4092
-231.615   33.626       3.1675
-231.615   37.926       4.2357
-231.615   42.226       4.2357
-231.615   46.526       3.8225
-231.615   50.827       2.5126
-231.615   55.127       3.1675
-231.615   59.427       4.2357
-231.615   63.727       4.2357
-231.615   68.027       4.2357
-231.615   72.327       4.2357
-231.615   76.627       4.2357
-231.615   80.927       4.2357
-231.615   85.227       4.2357
-231.615   89.527       2.2492
-231.615   93.827       2.5828
-231.615   98.127       2.6624
-231.615  102.427       2.9960
-231.615  106.727       2.0671
-231.615  111.027       1.7563
-231.615  115.328       1.7202
-231.615  119.628       2.2934
-231.615  123.928       1.6539
-231.615  128.228       1.9532
-231.615  132.528       2.4498
-231.615  136.828       2.2934
-231.615  141.128       2.9960
-231.615  145.428       1.9035
-231.615  149.728       1.7563
-231.615  154.028       1.7753
-231.615  158.328       2.5126
-231.615  162.628       2.5828
-231.615  166.928       2.0993
-231.615  171.228       1.6861
-231.615  175.529       1.6861
-231.615  179.829       2.8630
-231.615  184.129       2.0993
-231.615  188.429       1.7563
-231.615  192.729       1.7948
-231.615  197.029       1.8359
-231.615  201.329       2.8630
-231.615  205.629       4.2357
-231.615  209.929       4.2357
-231.615  214.229       4.2357
-231.615  218.529       3.1675
-231.615  222.829       2.9960
-231.615  227.129       4.2357
-231.615  231.429       4.2357
-231.615  235.730       2.4498
-231.615  240.030       1.9797
-231.615  244.330       1.4335
-231.615  248.630       1.5942
-231.615  252.930       1.8576
-231.615  257.230       3.8225
-231.615  261.530       4.2357
-228.336 -164.177       4.2357
-228.336 -159.877       4.2357
-228.336 -155.577       4.2357
-228.336 -151.277       4.2357
-228.336 -146.977       4.2357
-228.336 -142.677       4.2357
-228.336 -138.377       4.2357
-228.336 -134.077       4.2357
-228.336 -129.776       4.2357
-228.336 -125.476       4.2357
-228.336 -121.176       4.2357
-228.336 -116.876       4.2357
-228.336 -112.576       3.8225
-228.336 -108.276       3.1675
-228.336 -103.976       2.1696
-228.336  -99.676       3.1675
-228.336  -95.376       3.1675
-228.336  -91.076       2.6624
-228.336  -86.776       2.9960
-228.336  -82.476       2.9960
-228.336  -78.176       2.9960
-228.336  -73.876       4.2357
-228.336  -69.575       4.2357
-228.336  -65.275       4.2357
-228.336  -60.975       4.2357
-228.336  -56.675       4.2357
-228.336  -52.375       4.2357
-228.336  -48.075       2.3411
-228.336  -43.775       1.8576
-228.336  -39.475       2.3411
-228.336  -35.175       2.5828
-228.336  -30.875       2.9960
-228.336  -26.575       4.2357
-228.336  -22.275       4.2357
-228.336  -17.975       4.2357
-228.336  -13.675       4.2357
-228.336   -9.374       4.2357
-228.336   -5.074       4.2357
-228.336   -0.774       4.2357
-228.336    3.526       3.4092
-228.336    7.826       2.6624
-228.336   12.126       2.3929
-228.336   16.426       2.1334
-228.336   20.726       1.8801
-228.336   25.026       2.6624
-228.336   29.326       2.7543
-228.336   33.626       2.5126
-228.336   37.926       2.2934
-228.336   42.226       2.7543
-228.336   46.526       2.5126
-228.336   50.827       3.1675
-228.336   55.127       4.2357
-228.336   59.427       4.2357
-228.336   63.727       4.2357
-228.336   68.027       4.2357
-228.336   72.327       4.2357
-228.336   76.627       4.2357
-228.336   80.927       4.2357
-228.336   85.227       2.8630
-228.336   89.527       2.8630
-228.336   93.827       2.6624
-228.336   98.127       3.1675
-228.336  102.427       2.5126
-228.336  106.727       1.9797
-228.336  111.027       1.9797
-228.336  115.328       1.8576
-228.336  119.628       2.1696
-228.336  123.928       1.4903
-228.336  128.228       1.6086
-228.336  132.528       1.8576
-228.336  136.828       2.1696
-228.336  141.128       2.4498
-228.336  145.428       2.3411
-228.336  149.728       2.1696
-228.336  154.028       1.8150
-228.336  158.328       2.7543
-228.336  162.628       2.9960
-228.336  166.928       2.3411
-228.336  171.228       1.9797
-228.336  175.529       2.2080
-228.336  179.829       2.7543
-228.336  184.129       2.2934
-228.336  188.429       2.0075
-228.336  192.729       1.8801
-228.336  197.029       1.8150
-228.336  201.329       2.3411
-228.336  205.629       3.4092
-228.336  209.929       4.2357
-228.336  214.229       4.2357
-228.336  218.529       3.8225
-228.336  222.829       2.6624
-228.336  227.129       4.2357
-228.336  231.429       4.2357
-228.336  235.730       4.2357
-228.336  240.030       2.5126
-228.336  244.330       1.7563
-228.336  248.630       1.1810
-228.336  252.930       1.5942
-228.336  257.230       2.9960
-228.336  261.530       4.2357
-225.057 -164.177       4.2357
-225.057 -159.877       4.2357
-225.057 -155.577       4.2357
-225.057 -151.277       4.2357
-225.057 -146.977       4.2357
-225.057 -142.677       4.2357
-225.057 -138.377       4.2357
-225.057 -134.077       4.2357
-225.057 -129.776       4.2357
-225.057 -125.476       4.2357
-225.057 -121.176       4.2357
-225.057 -116.876       4.2357
-225.057 -112.576       2.9960
-225.057 -108.276       1.9278
-225.057 -103.976       1.5272
-225.057  -99.676       2.0671
-225.057  -95.376       2.6624
-225.057  -91.076       2.2934
-225.057  -86.776       2.2934
-225.057  -82.476       2.9960
-225.057  -78.176       3.1675
-225.057  -73.876       4.2357
-225.057  -69.575       4.2357
-225.057  -65.275       4.2357
-225.057  -60.975       4.2357
-225.057  -56.675       4.2357
-225.057  -52.375       4.2357
-225.057  -48.075       2.3929
-225.057  -43.775       2.1696
-225.057  -39.475       2.3929
-225.057  -35.175       2.2080
-225.057  -30.875       2.0671
-225.057  -26.575       3.1675
-225.057  -22.275       3.8225
-225.057  -17.975       3.8225
-225.057  -13.675       4.2357
-225.057   -9.374       4.2357
-225.057   -5.074       4.2357
-225.057   -0.774       3.8225
-225.057    3.526       2.5828
-225.057    7.826       1.8359
-225.057   12.126       2.2080
-225.057   16.426       2.0993
-225.057   20.726       2.4498
-225.057   25.026       2.4498
-225.057   29.326       2.9960
-225.057   33.626       2.1334
-225.057   37.926       2.1696
-225.057   42.226       2.0075
-225.057   46.526       2.4498
-225.057   50.827       3.4092
-225.057   55.127       3.1675
-225.057   59.427       4.2357
-225.057   63.727       4.2357
-225.057   68.027       4.2357
-225.057   72.327       4.2357
-225.057   76.627       3.8225
-225.057   80.927       4.2357
-225.057   85.227       2.8630
-225.057   89.527       2.0075
-225.057   93.827       2.2934
-225.057   98.127       2.2080
-225.057  102.427       2.0075
-225.057  106.727       1.9532
-225.057  111.027       2.5126
-225.057  115.328       2.2492
-225.057  119.628       2.3929
-225.057  123.928       2.2080
-225.057  128.228       1.6539
-225.057  132.528       1.7380
-225.057  136.828       2.8630
-225.057  141.128       2.8630
-225.057  145.428       2.7543
-225.057  149.728       1.5942
-225.057  154.028       1.7948
-225.057  158.328       2.3929
-225.057  162.628       2.4498
-225.057  166.928       2.7543
-225.057  171.228       2.2934
-225.057  175.529       2.7543
-225.057  179.829       2.6624
-225.057  184.129       2.2934
-225.057  188.429       1.9035
-225.057  192.729       1.8801
-225.057  197.029       2.0993
-225.057  201.329       2.3929
-225.057  205.629       3.8225
-225.057  209.929       4.2357
-225.057  214.229       4.2357
-225.057  218.529       3.8225
-225.057  222.829       2.5828
-225.057  227.129       2.3929
-225.057  231.429       3.8225
-225.057  235.730       4.2357
-225.057  240.030       2.8630
-225.057  244.330       1.8576
-225.057  248.630       1.4227
-225.057  252.930       1.4018
-225.057  257.230       2.5126
-225.057  261.530       3.8225
-221.777 -164.177       4.2357
-221.777 -159.877       4.2357
-221.777 -155.577       4.2357
-221.777 -151.277       4.2357
-221.777 -146.977       4.2357
-221.777 -142.677       4.2357
-221.777 -138.377       4.2357
-221.777 -134.077       4.2357
-221.777 -129.776       4.2357
-221.777 -125.476       3.8225
-221.777 -121.176       3.8225
-221.777 -116.876       4.2357
-221.777 -112.576       2.5828
-221.777 -108.276       1.7380
-221.777 -103.976       1.5665
-221.777  -99.676       1.7753
-221.777  -95.376       1.7948
-221.777  -91.076       2.1696
-221.777  -86.776       1.9035
-221.777  -82.476       2.1334
-221.777  -78.176       2.7543
-221.777  -73.876       4.2357
-221.777  -69.575       4.2357
-221.777  -65.275       4.2357
-221.777  -60.975       4.2357
-221.777  -56.675       4.2357
-221.777  -52.375       4.2357
-221.777  -48.075       3.4092
-221.777  -43.775       3.4092
-221.777  -39.475       2.9960
-221.777  -35.175       1.9035
-221.777  -30.875       2.2492
-221.777  -26.575       2.6624
-221.777  -22.275       2.7543
-221.777  -17.975       3.4092
-221.777  -13.675       4.2357
-221.777   -9.374       4.2357
-221.777   -5.074       4.2357
-221.777   -0.774       3.8225
-221.777    3.526       2.9960
-221.777    7.826       1.9532
-221.777   12.126       1.8359
-221.777   16.426       1.9797
-221.777   20.726       2.2492
-221.777   25.026       2.9960
-221.777   29.326       3.4092
-221.777   33.626       2.3411
-221.777   37.926       2.1334
-221.777   42.226       2.2080
-221.777   46.526       2.5828
-221.777   50.827       2.4498
-221.777   55.127       3.8225
-221.777   59.427       3.1675
-221.777   63.727       3.1675
-221.777   68.027       4.2357
-221.777   72.327       3.1675
-221.777   76.627       2.9960
-221.777   80.927       3.4092
-221.777   85.227       2.4498
-221.777   89.527       1.9532
-221.777   93.827       1.9532
-221.777   98.127       2.1334
-221.777  102.427       2.0993
-221.777  106.727       1.8801
-221.777  111.027       2.2080
-221.777  115.328       2.3929
-221.777  119.628       2.5126
-221.777  123.928       2.2492
-221.777  128.228       1.7563
-221.777  132.528       1.5400
-221.777  136.828       2.2080
-221.777  141.128       2.5126
-221.777  145.428       2.8630
-221.777  149.728       2.3929
-221.777  154.028       2.5828
-221.777  158.328       2.5126
-221.777  162.628       2.1696
-221.777  166.928       2.2080
-221.777  171.228       2.5828
-221.777  175.529       2.8630
-221.777  179.829       2.4498
-221.777  184.129       1.8576
-221.777  188.429       1.6233
-221.777  192.729       1.5146
-221.777  197.029       2.1696
-221.777  201.329       2.5126
-221.777  205.629       3.1675
-221.777  209.929       4.2357
-221.777  214.229       4.2357
-221.777  218.529       3.8225
-221.777  222.829       1.9278
-221.777  227.129       2.2934
-221.777  231.429       3.4092
-221.777  235.730       4.2357
-221.777  240.030       3.4092
-221.777  244.330       2.2080
-221.777  248.630       1.8576
-221.777  252.930       1.7029
-221.777  257.230       2.0993
-221.777  261.530       3.4092
-218.498 -164.177       4.2357
-218.498 -159.877       4.2357
-218.498 -155.577       4.2357
-218.498 -151.277       4.2357
-218.498 -146.977       4.2357
-218.498 -142.677       4.2357
-218.498 -138.377       4.2357
-218.498 -134.077       4.2357
-218.498 -129.776       4.2357
-218.498 -125.476       2.9960
-218.498 -121.176       2.2492
-218.498 -116.876       2.5126
-218.498 -112.576       2.2492
-218.498 -108.276       1.6539
-218.498 -103.976       1.9035
-218.498  -99.676       2.4498
-218.498  -95.376       2.2080
-218.498  -91.076       2.0671
-218.498  -86.776       2.0671
-218.498  -82.476       1.8150
-218.498  -78.176       1.9797
-218.498  -73.876       2.5126
-218.498  -69.575       4.2357
-218.498  -65.275       4.2357
-218.498  -60.975       4.2357
-218.498  -56.675       4.2357
-218.498  -52.375       3.8225
-218.498  -48.075       3.1675
-218.498  -43.775       2.5828
-218.498  -39.475       2.3411
-218.498  -35.175       2.5828
-218.498  -30.875       2.5828
-218.498  -26.575       2.8630
-218.498  -22.275       4.2357
-218.498  -17.975       2.7543
-218.498  -13.675       3.8225
-218.498   -9.374       4.2357
-218.498   -5.074       4.2357
-218.498   -0.774       3.8225
-218.498    3.526       2.6624
-218.498    7.826       2.4498
-218.498   12.126       2.1334
-218.498   16.426       2.3411
-218.498   20.726       2.5126
-218.498   25.026       3.4092
-218.498   29.326       4.2357
-218.498   33.626       3.8225
-218.498   37.926       3.8225
-218.498   42.226       2.9960
-218.498   46.526       2.2934
-218.498   50.827       2.5828
-218.498   55.127       2.9960
-218.498   59.427       2.6624
-218.498   63.727       2.5828
-218.498   68.027       3.8225
-218.498   72.327       3.1675
-218.498   76.627       2.6624
-218.498   80.927       2.7543
-218.498   85.227       2.5126
-218.498   89.527       2.2492
-218.498   93.827       1.7753
-218.498   98.127       1.9532
-218.498  102.427       1.7563
-218.498  106.727       2.0993
-218.498  111.027       2.0075
-218.498  115.328       2.5126
-218.498  119.628       3.8225
-218.498  123.928       2.0365
-218.498  128.228       1.8576
-218.498  132.528       1.7029
-218.498  136.828       2.8630
-218.498  141.128       2.2080
-218.498  145.428       2.5828
-218.498  149.728       3.4092
-218.498  154.028       4.2357
-218.498  158.328       2.6624
-218.498  162.628       2.6624
-218.498  166.928       2.3929
-218.498  171.228       2.2080
-218.498  175.529       2.5126
-218.498  179.829       2.2934
-218.498  184.129       1.9278
-218.498  188.429       1.6233
-218.498  192.729       1.6861
-218.498  197.029       2.1334
-218.498  201.329       3.8225
-218.498  205.629       3.4092
-218.498  209.929       4.2357
-218.498  214.229       3.8225
-218.498  218.529       2.4498
-218.498  222.829       1.6384
-218.498  227.129       1.6698
-218.498  231.429       2.3929
-218.498  235.730       4.2357
-218.498  240.030       4.2357
-218.498  244.330       3.8225
-218.498  248.630       2.9960
-218.498  252.930       2.3411
-218.498  257.230       2.1334
-218.498  261.530       3.4092
-215.219 -164.177       4.2357
-215.219 -159.877       4.2357
-215.219 -155.577       4.2357
-215.219 -151.277       4.2357
-215.219 -146.977       4.2357
-215.219 -142.677       4.2357
-215.219 -138.377       4.2357
-215.219 -134.077       4.2357
-215.219 -129.776       3.8225
-215.219 -125.476       2.6624
-215.219 -121.176       1.6539
-215.219 -116.876       1.6861
-215.219 -112.576       1.6086
-215.219 -108.276       1.6384
-215.219 -103.976       1.9797
-215.219  -99.676       1.7948
-215.219  -95.376       1.7380
-215.219  -91.076       1.6384
-215.219  -86.776       1.5665
-215.219  -82.476       1.4669
-215.219  -78.176       1.4555
-215.219  -73.876       1.9035
-215.219  -69.575       2.6624
-215.219  -65.275       4.2357
-215.219  -60.975       4.2357
-215.219  -56.675       4.2357
-215.219  -52.375       3.8225
-215.219  -48.075       3.1675
-215.219  -43.775       2.9960
-215.219  -39.475       2.1334
-215.219  -35.175       2.2080
-215.219  -30.875       3.4092
-215.219  -26.575       2.8630
-215.219  -22.275       3.1675
-215.219  -17.975       3.4092
-215.219  -13.675       2.7543
-215.219   -9.374       4.2357
-215.219   -5.074       4.2357
-215.219   -0.774       2.7543
-215.219    3.526       3.4092
-215.219    7.826       2.5828
-215.219   12.126       1.9797
-215.219   16.426       2.9960
-215.219   20.726       3.8225
-215.219   25.026       4.2357
-215.219   29.326       4.2357
-215.219   33.626       4.2357
-215.219   37.926       4.2357
-215.219   42.226       4.2357
-215.219   46.526       2.7543
-215.219   50.827       3.8225
-215.219   55.127       4.2357
-215.219   59.427       3.1675
-215.219   63.727       2.8630
-215.219   68.027       2.4498
-215.219   72.327       2.9960
-215.219   76.627       2.5828
-215.219   80.927       2.9960
-215.219   85.227       2.8630
-215.219   89.527       2.2492
-215.219   93.827       1.9532
-215.219   98.127       1.9278
-215.219  102.427       1.6233
-215.219  106.727       1.7380
-215.219  111.027       2.0993
-215.219  115.328       3.1675
-215.219  119.628       4.2357
-215.219  123.928       2.6624
-215.219  128.228       2.4498
-215.219  132.528       2.2080
-215.219  136.828       2.5828
-215.219  141.128       2.1696
-215.219  145.428       2.8630
-215.219  149.728       4.2357
-215.219  154.028       4.2357
-215.219  158.328       3.8225
-215.219  162.628       3.4092
-215.219  166.928       3.4092
-215.219  171.228       2.9960
-215.219  175.529       3.1675
-215.219  179.829       2.4498
-215.219  184.129       1.6698
-215.219  188.429       1.5942
-215.219  192.729       1.7948
-215.219  197.029       2.6624
-215.219  201.329       2.8630
-215.219  205.629       4.2357
-215.219  209.929       3.4092
-215.219  214.229       2.5126
-215.219  218.529       1.5531
-215.219  222.829       1.1014
-215.219  227.129       1.5146
-215.219  231.429       1.9797
-215.219  235.730       4.2357
-215.219  240.030       4.2357
-215.219  244.330       4.2357
-215.219  248.630       4.2357
-215.219  252.930       2.8630
-215.219  257.230       2.4498
-215.219  261.530       3.1675
-211.939 -164.177       4.2357
-211.939 -159.877       4.2357
-211.939 -155.577       4.2357
-211.939 -151.277       4.2357
-211.939 -146.977       4.2357
-211.939 -142.677       4.2357
-211.939 -138.377       4.2357
-211.939 -134.077       4.2357
-211.939 -129.776       4.2357
-211.939 -125.476       3.1675
-211.939 -121.176       1.5146
-211.939 -116.876       1.4018
-211.939 -112.576       1.3916
-211.939 -108.276       1.3431
-211.939 -103.976       1.1533
-211.939  -99.676       1.0771
-211.939  -95.376       1.8150
-211.939  -91.076       1.1601
-211.939  -86.776       1.2027
-211.939  -82.476       1.1881
-211.939  -78.176       1.0952
-211.939  -73.876       1.1810
-211.939  -69.575       2.1696
-211.939  -65.275       4.2357
-211.939  -60.975       4.2357
-211.939  -56.675       4.2357
-211.939  -52.375       4.2357
-211.939  -48.075       4.2357
-211.939  -43.775       2.9960
-211.939  -39.475       1.9797
-211.939  -35.175       1.9797
-211.939  -30.875       2.9960
-211.939  -26.575       2.8630
-211.939  -22.275       2.3929
-211.939  -17.975       2.9960
-211.939  -13.675       2.2934
-211.939   -9.374       3.8225
-211.939   -5.074       4.2357
-211.939   -0.774       3.4092
-211.939    3.526       2.7543
-211.939    7.826       2.5126
-211.939   12.126       2.7543
-211.939   16.426       3.4092
-211.939   20.726       4.2357
-211.939   25.026       4.2357
-211.939   29.326       4.2357
-211.939   33.626       4.2357
-211.939   37.926       4.2357
-211.939   42.226       4.2357
-211.939   46.526       4.2357
-211.939   50.827       4.2357
-211.939   55.127       4.2357
-211.939   59.427       4.2357
-211.939   63.727       4.2357
-211.939   68.027       2.7543
-211.939   72.327       2.9960
-211.939   76.627       2.8630
-211.939   80.927       3.1675
-211.939   85.227       2.4498
-211.939   89.527       2.6624
-211.939   93.827       2.2080
-211.939   98.127       1.7202
-211.939  102.427       1.7753
-211.939  106.727       1.7029
-211.939  111.027       2.1334
-211.939  115.328       3.1675
-211.939  119.628       3.8225
-211.939  123.928       2.4498
-211.939  128.228       2.9960
-211.939  132.528       2.6624
-211.939  136.828       2.7543
-211.939  141.128       2.9960
-211.939  145.428       3.4092
-211.939  149.728       3.8225
-211.939  154.028       4.2357
-211.939  158.328       4.2357
-211.939  162.628       4.2357
-211.939  166.928       4.2357
-211.939  171.228       4.2357
-211.939  175.529       2.7543
-211.939  179.829       2.5828
-211.939  184.129       1.6384
-211.939  188.429       1.6539
-211.939  192.729       2.2492
-211.939  197.029       1.8801
-211.939  201.329       2.5828
-211.939  205.629       3.8225
-211.939  209.929       3.4092
-211.939  214.229       2.0075
-211.939  218.529       1.0537
-211.939  222.829       0.8393
-211.939  227.129       0.8393
-211.939  231.429       1.4122
-211.939  235.730       2.6624
-211.939  240.030       4.2357
-211.939  244.330       4.2357
-211.939  248.630       4.2357
-211.939  252.930       2.8630
-211.939  257.230       2.3411
-211.939  261.530       2.5126
-208.660 -164.177       4.2357
-208.660 -159.877       4.2357
-208.660 -155.577       4.2357
-208.660 -151.277       4.2357
-208.660 -146.977       4.2357
-208.660 -142.677       4.2357
-208.660 -138.377       4.2357
-208.660 -134.077       4.2357
-208.660 -129.776       2.8630
-208.660 -125.476       2.7543
-208.660 -121.176       1.5023
-208.660 -116.876       1.3916
-208.660 -112.576       1.3158
-208.660 -108.276       1.1465
-208.660 -103.976       0.8119
-208.660  -99.676       0.7503
-208.660  -95.376       1.0202
-208.660  -91.076       1.0652
-208.660  -86.776       0.8597
-208.660  -82.476       0.9733
-208.660  -78.176       0.8353
-208.660  -73.876       1.0367
-208.660  -69.575       1.4227
-208.660  -65.275       2.9960
-208.660  -60.975       3.8225
-208.660  -56.675       4.2357
-208.660  -52.375       4.2357
-208.660  -48.075       4.2357
-208.660  -43.775       2.8630
-208.660  -39.475       2.2934
-208.660  -35.175       2.5126
-208.660  -30.875       2.9960
-208.660  -26.575       2.8630
-208.660  -22.275       2.9960
-208.660  -17.975       3.1675
-208.660  -13.675       2.5126
-208.660   -9.374       3.1675
-208.660   -5.074       2.8630
-208.660   -0.774       3.8225
-208.660    3.526       3.1675
-208.660    7.826       3.1675
-208.660   12.126       2.9960
-208.660   16.426       2.7543
-208.660   20.726       4.2357
-208.660   25.026       4.2357
-208.660   29.326       4.2357
-208.660   33.626       4.2357
-208.660   37.926       4.2357
-208.660   42.226       4.2357
-208.660   46.526       4.2357
-208.660   50.827       4.2357
-208.660   55.127       4.2357
-208.660   59.427       4.2357
-208.660   63.727       4.2357
-208.660   68.027       4.2357
-208.660   72.327       3.4092
-208.660   76.627       3.8225
-208.660   80.927       3.4092
-208.660   85.227       3.1675
-208.660   89.527       2.9960
-208.660   93.827       2.5828
-208.660   98.127       2.3929
-208.660  102.427       2.2492
-208.660  106.727       2.1696
-208.660  111.027       2.2080
-208.660  115.328       2.3929
-208.660  119.628       3.4092
-208.660  123.928       3.1675
-208.660  128.228       3.8225
-208.660  132.528       3.8225
-208.660  136.828       3.1675
-208.660  141.128       3.8225
-208.660  145.428       4.2357
-208.660  149.728       4.2357
-208.660  154.028       4.2357
-208.660  158.328       4.2357
-208.660  162.628       4.2357
-208.660  166.928       4.2357
-208.660  171.228       4.2357
-208.660  175.529       3.8225
-208.660  179.829       2.2080
-208.660  184.129       1.5665
-208.660  188.429       1.4227
-208.660  192.729       1.7948
-208.660  197.029       2.0671
-208.660  201.329       2.0075
-208.660  205.629       2.3929
-208.660  209.929       2.1696
-208.660  214.229       1.2027
-208.660  218.529       0.8044
-208.660  222.829       0.4181
-208.660  227.129       0.3911
-208.660  231.429       0.9206
-208.660  235.730       2.0993
-208.660  240.030       4.2357
-208.660  244.330       4.2357
-208.660  248.630       4.2357
-208.660  252.930       2.8630
-208.660  257.230       2.5126
-208.660  261.530       2.8630
-205.381 -164.177       4.2357
-205.381 -159.877       4.2357
-205.381 -155.577       4.2357
-205.381 -151.277       4.2357
-205.381 -146.977       4.2357
-205.381 -142.677       4.2357
-205.381 -138.377       4.2357
-205.381 -134.077       3.1675
-205.381 -129.776       1.7753
-205.381 -125.476       1.5665
-205.381 -121.176       1.1954
-205.381 -116.876       1.3525
-205.381 -112.576       1.2176
-205.381 -108.276       0.8722
-205.381 -103.976       0.6944
-205.381  -99.676       0.5502
-205.381  -95.376       0.5963
-205.381  -91.076       0.7400
-205.381  -86.776       1.0312
-205.381  -82.476       1.0095
-205.381  -78.176       1.1014
-205.381  -73.876       0.9252
-205.381  -69.575       1.3248
-205.381  -65.275       1.7380
-205.381  -60.975       2.7543
-205.381  -56.675       4.2357
-205.381  -52.375       4.2357
-205.381  -48.075       4.2357
-205.381  -43.775       3.4092
-205.381  -39.475       2.4498
-205.381  -35.175       2.5126
-205.381  -30.875       3.1675
-205.381  -26.575       2.5126
-205.381  -22.275       3.4092
-205.381  -17.975       2.8630
-205.381  -13.675       2.0671
-205.381   -9.374       2.5126
-205.381   -5.074       3.8225
-205.381   -0.774       3.4092
-205.381    3.526       2.8630
-205.381    7.826       2.9960
-205.381   12.126       3.1675
-205.381   16.426       4.2357
-205.381   20.726       4.2357
-205.381   25.026       4.2357
-205.381   29.326       4.2357
-205.381   33.626       4.2357
-205.381   37.926       4.2357
-205.381   42.226       4.2357
-205.381   46.526       4.2357
-205.381   50.827       4.2357
-205.381   55.127       4.2357
-205.381   59.427       4.2357
-205.381   63.727       4.2357
-205.381   68.027       4.2357
-205.381   72.327       4.2357
-205.381   76.627       3.8225
-205.381   80.927       4.2357
-205.381   85.227       3.4092
-205.381   89.527       2.5828
-205.381   93.827       2.5126
-205.381   98.127       3.1675
-205.381  102.427       3.4092
-205.381  106.727       2.8630
-205.381  111.027       2.5828
-205.381  115.328       2.3929
-205.381  119.628       4.2357
-205.381  123.928       4.2357
-205.381  128.228       4.2357
-205.381  132.528       4.2357
-205.381  136.828       2.7543
-205.381  141.128       4.2357
-205.381  145.428       4.2357
-205.381  149.728       4.2357
-205.381  154.028       4.2357
-205.381  158.328       4.2357
-205.381  162.628       4.2357
-205.381  166.928       4.2357
-205.381  171.228       4.2357
-205.381  175.529       3.8225
-205.381  179.829       2.7543
-205.381  184.129       1.6086
-205.381  188.429       1.8359
-205.381  192.729       1.9278
-205.381  197.029       1.8576
-205.381  201.329       2.3411
-205.381  205.629       2.9960
-205.381  209.929       1.5400
-205.381  214.229       0.9070
-205.381  218.529       0.4403
-205.381  222.829       0.4261
-205.381  227.129       0.5308
-205.381  231.429       0.6698
-205.381  235.730       1.5023
-205.381  240.030       2.7543
-205.381  244.330       4.2357
-205.381  248.630       4.2357
-205.381  252.930       4.2357
-205.381  257.230       4.2357
-205.381  261.530       4.2357
-202.101 -164.177       4.2357
-202.101 -159.877       4.2357
-202.101 -155.577       4.2357
-202.101 -151.277       4.2357
-202.101 -146.977       4.2357
-202.101 -142.677       4.2357
-202.101 -138.377       4.2357
-202.101 -134.077       2.2934
-202.101 -129.776       1.4785
-202.101 -125.476       1.0202
-202.101 -121.176       1.0830
-202.101 -116.876       1.6086
-202.101 -112.576       0.9886
-202.101 -108.276       0.7713
-202.101 -103.976       0.6851
-202.101  -99.676       0.5551
-202.101  -95.376       0.4045
-202.101  -91.076       0.4548
-202.101  -86.776       0.9937
-202.101  -82.476       1.2252
-202.101  -78.176       1.0480
-202.101  -73.876       1.0594
-202.101  -69.575       1.5531
-202.101  -65.275       1.5942
-202.101  -60.975       2.1696
-202.101  -56.675       2.5828
-202.101  -52.375       4.2357
-202.101  -48.075       4.2357
-202.101  -43.775       2.5828
-202.101  -39.475       2.5126
-202.101  -35.175       2.2934
-202.101  -30.875       2.5126
-202.101  -26.575       2.4498
-202.101  -22.275       2.5828
-202.101  -17.975       2.2080
-202.101  -13.675       2.3411
-202.101   -9.374       3.4092
-202.101   -5.074       3.4092
-202.101   -0.774       4.2357
-202.101    3.526       3.1675
-202.101    7.826       2.9960
-202.101   12.126       3.4092
-202.101   16.426       4.2357
-202.101   20.726       4.2357
-202.101   25.026       4.2357
-202.101   29.326       4.2357
-202.101   33.626       4.2357
-202.101   37.926       4.2357
-202.101   42.226       4.2357
-202.101   46.526       4.2357
-202.101   50.827       4.2357
-202.101   55.127       4.2357
-202.101   59.427       4.2357
-202.101   63.727       4.2357
-202.101   68.027       4.2357
-202.101   72.327       4.2357
-202.101   76.627       4.2357
-202.101   80.927       4.2357
-202.101   85.227       2.9960
-202.101   89.527       2.2934
-202.101   93.827       2.6624
-202.101   98.127       2.7543
-202.101  102.427       4.2357
-202.101  106.727       4.2357
-202.101  111.027       3.8225
-202.101  115.328       4.2357
-202.101  119.628       4.2357
-202.101  123.928       4.2357
-202.101  128.228       4.2357
-202.101  132.528       4.2357
-202.101  136.828       2.8630
-202.101  141.128       3.8225
-202.101  145.428       4.2357
-202.101  149.728       4.2357
-202.101  154.028       4.2357
-202.101  158.328       4.2357
-202.101  162.628       4.2357
-202.101  166.928       4.2357
-202.101  171.228       4.2357
-202.101  175.529       4.2357
-202.101  179.829       2.0671
-202.101  184.129       1.7380
-202.101  188.429       1.7753
-202.101  192.729       1.9797
-202.101  197.029       1.9278
-202.101  201.329       2.0993
-202.101  205.629       2.1696
-202.101  209.929       1.2176
-202.101  214.229       0.9440
-202.101  218.529       0.5167
-202.101  222.829       0.4006
-202.101  227.129       0.3101
-202.101  231.429       0.2875
-202.101  235.730       0.9835
-202.101  240.030       2.5126
-202.101  244.330       4.2357
-202.101  248.630       4.2357
-202.101  252.930       4.2357
-202.101  257.230       4.2357
-202.101  261.530       4.2357
-198.822 -164.177       4.2357
-198.822 -159.877       4.2357
-198.822 -155.577       4.2357
-198.822 -151.277       4.2357
-198.822 -146.977       4.2357
-198.822 -142.677       4.2357
-198.822 -138.377       2.8630
-198.822 -134.077       2.2934
-198.822 -129.776       1.3717
-198.822 -125.476       0.8722
-198.822 -121.176       0.8274
-198.822 -116.876       1.2647
-198.822 -112.576       0.7607
-198.822 -108.276       0.7931
-198.822 -103.976       0.6043
-198.822  -99.676       0.5237
-198.822  -95.376       0.4611
-198.822  -91.076       0.5702
-198.822  -86.776       1.1139
-198.822  -82.476       1.3525
-198.822  -78.176       1.1881
-198.822  -73.876       1.3248
-198.822  -69.575       1.7563
-198.822  -65.275       1.7202
-198.822  -60.975       1.8801
-198.822  -56.675       3.4092
-198.822  -52.375       4.2357
-198.822  -48.075       4.2357
-198.822  -43.775       4.2357
-198.822  -39.475       2.4498
-198.822  -35.175       2.1334
-198.822  -30.875       1.9278
-198.822  -26.575       2.2080
-198.822  -22.275       2.5828
-198.822  -17.975       2.3929
-198.822  -13.675       2.8630
-198.822   -9.374       2.6624
-198.822   -5.074       4.2357
-198.822   -0.774       3.8225
-198.822    3.526       2.9960
-198.822    7.826       3.4092
-198.822   12.126       4.2357
-198.822   16.426       4.2357
-198.822   20.726       4.2357
-198.822   25.026       4.2357
-198.822   29.326       4.2357
-198.822   33.626       4.2357
-198.822   37.926       4.2357
-198.822   42.226       4.2357
-198.822   46.526       4.2357
-198.822   50.827       4.2357
-198.822   55.127       4.2357
-198.822   59.427       4.2357
-198.822   63.727       4.2357
-198.822   68.027       4.2357
-198.822   72.327       4.2357
-198.822   76.627       4.2357
-198.822   80.927       4.2357
-198.822   85.227       4.2357
-198.822   89.527       3.1675
-198.822   93.827       4.2357
-198.822   98.127       4.2357
-198.822  102.427       4.2357
-198.822  106.727       4.2357
-198.822  111.027       4.2357
-198.822  115.328       4.2357
-198.822  119.628       4.2357
-198.822  123.928       4.2357
-198.822  128.228       4.2357
-198.822  132.528       4.2357
-198.822  136.828       4.2357
-198.822  141.128       4.2357
-198.822  145.428       4.2357
-198.822  149.728       4.2357
-198.822  154.028       4.2357
-198.822  158.328       4.2357
-198.822  162.628       4.2357
-198.822  166.928       4.2357
-198.822  171.228       2.9960
-198.822  175.529       2.9960
-198.822  179.829       1.6861
-198.822  184.129       1.5531
-198.822  188.429       1.8150
-198.822  192.729       1.9278
-198.822  197.029       1.8801
-198.822  201.329       1.8576
-198.822  205.629       1.7380
-198.822  209.929       0.8119
-198.822  214.229       0.5601
-198.822  218.529       0.3285
-198.822  222.829       0.1456
-198.822  227.129       0.3388
-198.822  231.429       0.4064
-198.822  235.730       0.7858
-198.822  240.030       1.9278
-198.822  244.330       4.2357
-198.822  248.630       4.2357
-198.822  252.930       4.2357
-198.822  257.230       4.2357
-198.822  261.530       4.2357
-195.543 -164.177       4.2357
-195.543 -159.877       4.2357
-195.543 -155.577       4.2357
-195.543 -151.277       4.2357
-195.543 -146.977       4.2357
-195.543 -142.677       4.2357
-195.543 -138.377       3.8225
-195.543 -134.077       1.8801
-195.543 -129.776       1.2486
-195.543 -125.476       0.7434
-195.543 -121.176       0.7300
-195.543 -116.876       1.0042
-195.543 -112.576       1.0711
-195.543 -108.276       0.8044
-195.543 -103.976       0.6179
-195.543  -99.676       0.9252
-195.543  -95.376       0.9115
-195.543  -91.076       1.0830
-195.543  -86.776       1.8801
-195.543  -82.476       1.7948
-195.543  -78.176       1.8576
-195.543  -73.876       1.6384
-195.543  -69.575       1.5802
-195.543  -65.275       2.2492
-195.543  -60.975       2.0993
-195.543  -56.675       3.1675
-195.543  -52.375       4.2357
-195.543  -48.075       4.2357
-195.543  -43.775       4.2357
-195.543  -39.475       2.5126
-195.543  -35.175       2.0671
-195.543  -30.875       1.9278
-195.543  -26.575       2.8630
-195.543  -22.275       2.3411
-195.543  -17.975       2.6624
-195.543  -13.675       2.5126
-195.543   -9.374       2.5828
-195.543   -5.074       4.2357
-195.543   -0.774       3.8225
-195.543    3.526       2.9960
-195.543    7.826       4.2357
-195.543   12.126       4.2357
-195.543   16.426       4.2357
-195.543   20.726       4.2357
-195.543   25.026       4.2357
-195.543   29.326       4.2357
-195.543   33.626       4.2357
-195.543   37.926       4.2357
-195.543   42.226       4.2357
-195.543   46.526       4.2357
-195.543   50.827       4.2357
-195.543   55.127       4.2357
-195.543   59.427       4.2357
-195.543   63.727       4.2357
-195.543   68.027       4.2357
-195.543   72.327       4.2357
-195.543   76.627       4.2357
-195.543   80.927       4.2357
-195.543   85.227       4.2357
-195.543   89.527       4.2357
-195.543   93.827       4.2357
-195.543   98.127       4.2357
-195.543  102.427       4.2357
-195.543  106.727       4.2357
-195.543  111.027       4.2357
-195.543  115.328       4.2357
-195.543  119.628       4.2357
-195.543  123.928       4.2357
-195.543  128.228       4.2357
-195.543  132.528       4.2357
-195.543  136.828       4.2357
-195.543  141.128       4.2357
-195.543  145.428       4.2357
-195.543  149.728       4.2357
-195.543  154.028       4.2357
-195.543  158.328       4.2357
-195.543  162.628       4.2357
-195.543  166.928       4.2357
-195.543  171.228       2.4498
-195.543  175.529       1.9797
-195.543  179.829       1.8359
-195.543  184.129       1.8801
-195.543  188.429       1.5802
-195.543  192.729       1.9035
-195.543  197.029       1.6086
-195.543  201.329       1.2329
-195.543  205.629       1.1076
-195.543  209.929       0.5779
-195.543  214.229       0.3671
-195.543  218.529       0.3118
-195.543  222.829       0.2315
-195.543  227.129       0.4281
-195.543  231.429       0.8765
-195.543  235.730       1.3070
-195.543  240.030       2.3929
-195.543  244.330       4.2357
-195.543  248.630       4.2357
-195.543  252.930       4.2357
-195.543  257.230       4.2357
-195.543  261.530       4.2357
-192.263 -164.177       4.2357
-192.263 -159.877       4.2357
-192.263 -155.577       4.2357
-192.263 -151.277       4.2357
-192.263 -146.977       4.2357
-192.263 -142.677       4.2357
-192.263 -138.377       2.9960
-192.263 -134.077       1.6539
-192.263 -129.776       1.0891
-192.263 -125.476       0.5502
-192.263 -121.176       0.6433
-192.263 -116.876       0.8433
-192.263 -112.576       0.8981
-192.263 -108.276       0.9989
-192.263 -103.976       1.2812
-192.263  -99.676       1.5802
-192.263  -95.376       2.4498
-192.263  -91.076       1.7948
-192.263  -86.776       2.3411
-192.263  -82.476       3.1675
-192.263  -78.176       2.5126
-192.263  -73.876       2.2492
-192.263  -69.575       1.4555
-192.263  -65.275       2.1334
-192.263  -60.975       2.8630
-192.263  -56.675       3.8225
-192.263  -52.375       4.2357
-192.263  -48.075       4.2357
-192.263  -43.775       3.8225
-192.263  -39.475       2.9960
-192.263  -35.175       2.1696
-192.263  -30.875       2.0075
-192.263  -26.575       2.2080
-192.263  -22.275       2.4498
-192.263  -17.975       2.3411
-192.263  -13.675       2.4498
-192.263   -9.374       3.4092
-192.263   -5.074       4.2357
-192.263   -0.774       2.9960
-192.263    3.526       2.7543
-192.263    7.826       4.2357
-192.263   12.126       4.2357
-192.263   16.426       4.2357
-192.263   20.726       4.2357
-192.263   25.026       4.2357
-192.263   29.326       4.2357
-192.263   33.626       4.2357
-192.263   37.926       4.2357
-192.263   42.226       4.2357
-192.263   46.526       4.2357
-192.263   50.827       4.2357
-192.263   55.127       4.2357
-192.263   59.427       4.2357
-192.263   63.727       4.2357
-192.263   68.027       4.2357
-192.263   72.327       4.2357
-192.263   76.627       4.2357
-192.263   80.927       4.2357
-192.263   85.227       4.2357
-192.263   89.527       4.2357
-192.263   93.827       4.2357
-192.263   98.127       4.2357
-192.263  102.427       4.2357
-192.263  106.727       4.2357
-192.263  111.027       4.2357
-192.263  115.328       4.2357
-192.263  119.628       4.2357
-192.263  123.928       4.2357
-192.263  128.228       4.2357
-192.263  132.528       4.2357
-192.263  136.828       4.2357
-192.263  141.128       4.2357
-192.263  145.428       4.2357
-192.263  149.728       4.2357
-192.263  154.028       4.2357
-192.263  158.328       4.2357
-192.263  162.628       4.2357
-192.263  166.928       4.2357
-192.263  171.228       2.7543
-192.263  175.529       2.1334
-192.263  179.829       1.5531
-192.263  184.129       1.1670
-192.263  188.429       1.3717
-192.263  192.729       1.4335
-192.263  197.029       1.8359
-192.263  201.329       1.1465
-192.263  205.629       0.8981
-192.263  209.929       0.2229
-192.263  214.229       0.0862
-192.263  218.529       0.3285
-192.263  222.829       0.4221
-192.263  227.129       0.7201
-192.263  231.429       1.2176
-192.263  235.730       1.7948
-192.263  240.030       4.2357
-192.263  244.330       4.2357
-192.263  248.630       4.2357
-192.263  252.930       4.2357
-192.263  257.230       4.2357
-192.263  261.530       4.2357
-188.984 -164.177       4.2357
-188.984 -159.877       4.2357
-188.984 -155.577       4.2357
-188.984 -151.277       4.2357
-188.984 -146.977       4.2357
-188.984 -142.677       4.2357
-188.984 -138.377       1.9797
-188.984 -134.077       0.9440
-188.984 -129.776       0.5936
-188.984 -125.476       0.5097
-188.984 -121.176       0.5051
-188.984 -116.876       0.8393
-188.984 -112.576       0.6462
-188.984 -108.276       0.8474
-188.984 -103.976       1.5665
-188.984  -99.676       2.0993
-188.984  -95.376       3.4092
-188.984  -91.076       2.3929
-188.984  -86.776       2.7543
-188.984  -82.476       4.2357
-188.984  -78.176       4.2357
-188.984  -73.876       2.7543
-188.984  -69.575       1.9278
-188.984  -65.275       2.0075
-188.984  -60.975       3.4092
-188.984  -56.675       4.2357
-188.984  -52.375       4.2357
-188.984  -48.075       4.2357
-188.984  -43.775       3.8225
-188.984  -39.475       2.9960
-188.984  -35.175       2.5126
-188.984  -30.875       1.9278
-188.984  -26.575       2.1334
-188.984  -22.275       3.1675
-188.984  -17.975       2.9960
-188.984  -13.675       2.9960
-188.984   -9.374       4.2357
-188.984   -5.074       4.2357
-188.984   -0.774       3.4092
-188.984    3.526       3.4092
-188.984    7.826       4.2357
-188.984   12.126       4.2357
-188.984   16.426       4.2357
-188.984   20.726       4.2357
-188.984   25.026       4.2357
-188.984   29.326       4.2357
-188.984   33.626       4.2357
-188.984   37.926       4.2357
-188.984   42.226       4.2357
-188.984   46.526       4.2357
-188.984   50.827       4.2357
-188.984   55.127       4.2357
-188.984   59.427       4.2357
-188.984   63.727       4.2357
-188.984   68.027       4.2357
-188.984   72.327       4.2357
-188.984   76.627       4.2357
-188.984   80.927       4.2357
-188.984   85.227       4.2357
-188.984   89.527       4.2357
-188.984   93.827       4.2357
-188.984   98.127       4.2357
-188.984  102.427       4.2357
-188.984  106.727       4.2357
-188.984  111.027       4.2357
-188.984  115.328       4.2357
-188.984  119.628       4.2357
-188.984  123.928       4.2357
-188.984  128.228       4.2357
-188.984  132.528       4.2357
-188.984  136.828       4.2357
-188.984  141.128       4.2357
-188.984  145.428       4.2357
-188.984  149.728       4.2357
-188.984  154.028       4.2357
-188.984  158.328       4.2357
-188.984  162.628       4.2357
-188.984  166.928       4.2357
-188.984  171.228       2.7543
-188.984  175.529       2.2492
-188.984  179.829       1.5802
-188.984  184.129       0.8981
-188.984  188.429       1.2101
-188.984  192.729       1.3431
-188.984  197.029       1.8576
-188.984  201.329       1.3158
-188.984  205.629       0.6404
-188.984  209.929       0.1260
-188.984  214.229       0.1608
-188.984  218.529       0.3528
-188.984  222.829       0.4916
-188.984  227.129       1.1076
-188.984  231.429       1.9278
-188.984  235.730       2.3929
-188.984  240.030       3.8225
-188.984  244.330       4.2357
-188.984  248.630       4.2357
-188.984  252.930       4.2357
-188.984  257.230       4.2357
-188.984  261.530       4.2357
-185.705 -164.177       4.2357
-185.705 -159.877       4.2357
-185.705 -155.577       4.2357
-185.705 -151.277       4.2357
-185.705 -146.977       4.2357
-185.705 -142.677       2.6624
-185.705 -138.377       1.4903
-185.705 -134.077       0.6882
-185.705 -129.776       0.4403
-185.705 -125.476       0.5883
-185.705 -121.176       0.6070
-185.705 -116.876       0.5652
-185.705 -112.576       0.5477
-185.705 -108.276       0.8474
-185.705 -103.976       1.9797
-185.705  -99.676       3.8225
-185.705  -95.376       4.2357
-185.705  -91.076       2.9960
-185.705  -86.776       2.8630
-185.705  -82.476       4.2357
-185.705  -78.176       4.2357
-185.705  -73.876       3.8225
-185.705  -69.575       2.5828
-185.705  -65.275       2.5828
-185.705  -60.975       4.2357
-185.705  -56.675       4.2357
-185.705  -52.375       4.2357
-185.705  -48.075       4.2357
-185.705  -43.775       4.2357
-185.705  -39.475       3.4092
-185.705  -35.175       2.5126
-185.705  -30.875       2.0993
-185.705  -26.575       2.6624
-185.705  -22.275       3.8225
-185.705  -17.975       3.4092
-185.705  -13.675       4.2357
-185.705   -9.374       3.1675
-185.705   -5.074       2.5126
-185.705   -0.774       3.4092
-185.705    3.526       3.8225
-185.705    7.826       4.2357
-185.705   12.126       4.2357
-185.705   16.426       4.2357
-185.705   20.726       4.2357
-185.705   25.026       4.2357
-185.705   29.326       4.2357
-185.705   33.626       4.2357
-185.705   37.926       4.2357
-185.705   42.226       4.2357
-185.705   46.526       4.2357
-185.705   50.827       4.2357
-185.705   55.127       4.2357
-185.705   59.427       4.2357
-185.705   63.727       4.2357
-185.705   68.027       4.2357
-185.705   72.327       4.2357
-185.705   76.627       4.2357
-185.705   80.927       4.2357
-185.705   85.227       4.2357
-185.705   89.527       4.2357
-185.705   93.827       4.2357
-185.705   98.127       4.2357
-185.705  102.427       4.2357
-185.705  106.727       4.2357
-185.705  111.027       4.2357
-185.705  115.328       4.2357
-185.705  119.628       4.2357
-185.705  123.928       4.2357
-185.705  128.228       4.2357
-185.705  132.528       4.2357
-185.705  136.828       4.2357
-185.705  141.128       4.2357
-185.705  145.428       4.2357
-185.705  149.728       4.2357
-185.705  154.028       4.2357
-185.705  158.328       4.2357
-185.705  162.628       4.2357
-185.705  166.928       3.8225
-185.705  171.228       2.7543
-185.705  175.529       2.5126
-185.705  179.829       1.3525
-185.705  184.129       0.8314
-185.705  188.429       1.2566
-185.705  192.729       1.7753
-185.705  197.029       1.6861
-185.705  201.329       1.1203
-185.705  205.629       0.4006
-185.705  209.929      -0.0000
-185.705  214.229       0.2315
-185.705  218.529       0.4761
-185.705  222.829       0.5006
-185.705  227.129       1.2566
-185.705  231.429       2.8630
-185.705  235.730       3.4092
-185.705  240.030       3.4092
-185.705  244.330       4.2357
-185.705  248.630       4.2357
-185.705  252.930       4.2357
-185.705  257.230       4.2357
-185.705  261.530       4.2357
-182.425 -164.177       4.2357
-182.425 -159.877       4.2357
-182.425 -155.577       4.2357
-182.425 -151.277       4.2357
-182.425 -146.977       3.4092
-182.425 -142.677       2.2492
-182.425 -138.377       0.6668
-182.425 -134.077       0.3336
-182.425 -129.776       0.2971
-182.425 -125.476       0.3336
-182.425 -121.176       0.7300
-182.425 -116.876       0.6433
-182.425 -112.576       0.7266
-182.425 -108.276       1.1014
-182.425 -103.976       2.1334
-182.425  -99.676       4.2357
-182.425  -95.376       4.2357
-182.425  -91.076       4.2357
-182.425  -86.776       3.8225
-182.425  -82.476       4.2357
-182.425  -78.176       4.2357
-182.425  -73.876       4.2357
-182.425  -69.575       3.8225
-182.425  -65.275       2.8630
-182.425  -60.975       3.8225
-182.425  -56.675       4.2357
-182.425  -52.375       4.2357
-182.425  -48.075       4.2357
-182.425  -43.775       4.2357
-182.425  -39.475       3.8225
-182.425  -35.175       2.6624
-182.425  -30.875       2.7543
-182.425  -26.575       3.1675
-182.425  -22.275       2.8630
-182.425  -17.975       3.1675
-182.425  -13.675       2.8630
-182.425   -9.374       2.9960
-182.425   -5.074       2.9960
-182.425   -0.774       3.1675
-182.425    3.526       4.2357
-182.425    7.826       4.2357
-182.425   12.126       4.2357
-182.425   16.426       4.2357
-182.425   20.726       4.2357
-182.425   25.026       4.2357
-182.425   29.326       4.2357
-182.425   33.626       4.2357
-182.425   37.926       4.2357
-182.425   42.226       4.2357
-182.425   46.526       4.2357
-182.425   50.827       4.2357
-182.425   55.127       4.2357
-182.425   59.427       4.2357
-182.425   63.727       4.2357
-182.425   68.027       4.2357
-182.425   72.327       4.2357
-182.425   76.627       4.2357
-182.425   80.927       4.2357
-182.425   85.227       4.2357
-182.425   89.527       4.2357
-182.425   93.827       4.2357
-182.425   98.127       4.2357
-182.425  102.427       4.2357
-182.425  106.727       4.2357
-182.425  111.027       4.2357
-182.425  115.328       4.2357
-182.425  119.628       4.2357
-182.425  123.928       4.2357
-182.425  128.228       4.2357
-182.425  132.528       4.2357
-182.425  136.828       4.2357
-182.425  141.128       4.2357
-182.425  145.428       4.2357
-182.425  149.728       4.2357
-182.425  154.028       4.2357
-182.425  158.328       4.2357
-182.425  162.628       2.7543
-182.425  166.928       2.0671
-182.425  171.228       1.9035
-182.425  175.529       1.9035
-182.425  179.829       1.0312
-182.425  184.129       0.8274
-182.425  188.429       1.3158
-182.425  192.729       1.9035
-182.425  197.029       1.6539
-182.425  201.329       1.1465
-182.425  205.629       0.4827
-182.425  209.929       0.0291
-182.425  214.229       0.2971
-182.425  218.529       0.7201
-182.425  222.829       0.9440
-182.425  227.129       1.4444
-182.425  231.429       3.8225
-182.425  235.730       4.2357
-182.425  240.030       4.2357
-182.425  244.330       3.8225
-182.425  248.630       4.2357
-182.425  252.930       4.2357
-182.425  257.230       4.2357
-182.425  261.530       4.2357
-179.146 -164.177       4.2357
-179.146 -159.877       4.2357
-179.146 -155.577       4.2357
-179.146 -151.277       4.2357
-179.146 -146.977       2.0365
-179.146 -142.677       0.9393
-179.146 -138.377       0.3930
-179.146 -134.077       0.3475
-179.146 -129.776       0.3653
-179.146 -125.476       0.5527
-179.146 -121.176       1.1076
-179.146 -116.876       1.1601
-179.146 -112.576       1.4018
-179.146 -108.276       1.5272
-179.146 -103.976       2.9960
-179.146  -99.676       4.2357
-179.146  -95.376       4.2357
-179.146  -91.076       4.2357
-179.146  -86.776       4.2357
-179.146  -82.476       4.2357
-179.146  -78.176       4.2357
-179.146  -73.876       4.2357
-179.146  -69.575       4.2357
-179.146  -65.275       3.4092
-179.146  -60.975       3.8225
-179.146  -56.675       4.2357
-179.146  -52.375       4.2357
-179.146  -48.075       4.2357
-179.146  -43.775       4.2357
-179.146  -39.475       3.4092
-179.146  -35.175       2.5828
-179.146  -30.875       2.5828
-179.146  -26.575       4.2357
-179.146  -22.275       2.8630
-179.146  -17.975       3.8225
-179.146  -13.675       3.8225
-179.146   -9.374       4.2357
-179.146   -5.074       4.2357
-179.146   -0.774       4.2357
-179.146    3.526       4.2357
-179.146    7.826       4.2357
-179.146   12.126       4.2357
-179.146   16.426       4.2357
-179.146   20.726       4.2357
-179.146   25.026       4.2357
-179.146   29.326       4.2357
-179.146   33.626       4.2357
-179.146   37.926       4.2357
-179.146   42.226       4.2357
-179.146   46.526       4.2357
-179.146   50.827       4.2357
-179.146   55.127       4.2357
-179.146   59.427       4.2357
-179.146   63.727       4.2357
-179.146   68.027       4.2357
-179.146   72.327       4.2357
-179.146   76.627       4.2357
-179.146   80.927       4.2357
-179.146   85.227       4.2357
-179.146   89.527       4.2357
-179.146   93.827       4.2357
-179.146   98.127       4.2357
-179.146  102.427       4.2357
-179.146  106.727       4.2357
-179.146  111.027       4.2357
-179.146  115.328       4.2357
-179.146  119.628       4.2357
-179.146  123.928       4.2357
-179.146  128.228       4.2357
-179.146  132.528       4.2357
-179.146  136.828       4.2357
-179.146  141.128       4.2357
-179.146  145.428       4.2357
-179.146  149.728       4.2357
-179.146  154.028       4.2357
-179.146  158.328       4.2357
-179.146  162.628       2.9960
-179.146  166.928       2.1334
-179.146  171.228       1.5665
-179.146  175.529       1.5023
-179.146  179.829       1.1810
-179.146  184.129       1.2729
-179.146  188.429       1.3070
-179.146  192.729       1.6233
-179.146  197.029       1.5665
-179.146  201.329       0.9634
-179.146  205.629       0.3818
-179.146  209.929       0.1164
-179.146  214.229       0.4783
-179.146  218.529       1.2812
-179.146  222.829       1.6086
-179.146  227.129       2.1696
-179.146  231.429       2.5828
-179.146  235.730       3.8225
-179.146  240.030       4.2357
-179.146  244.330       2.8630
-179.146  248.630       2.8630
-179.146  252.930       4.2357
-179.146  257.230       4.2357
-179.146  261.530       4.2357
-175.867 -164.177       4.2357
-175.867 -159.877       4.2357
-175.867 -155.577       4.2357
-175.867 -151.277       3.1675
-175.867 -146.977       1.5942
-175.867 -142.677       0.5527
-175.867 -138.377       0.1673
-175.867 -134.077       0.3118
-175.867 -129.776       0.4740
-175.867 -125.476       0.7821
-175.867 -121.176       1.0830
-175.867 -116.876       1.1739
-175.867 -112.576       1.6384
-175.867 -108.276       2.1334
-175.867 -103.976       3.8225
-175.867  -99.676       4.2357
-175.867  -95.376       4.2357
-175.867  -91.076       4.2357
-175.867  -86.776       4.2357
-175.867  -82.476       4.2357
-175.867  -78.176       4.2357
-175.867  -73.876       4.2357
-175.867  -69.575       4.2357
-175.867  -65.275       4.2357
-175.867  -60.975       4.2357
-175.867  -56.675       4.2357
-175.867  -52.375       4.2357
-175.867  -48.075       4.2357
-175.867  -43.775       4.2357
-175.867  -39.475       3.1675
-175.867  -35.175       2.6624
-175.867  -30.875       2.5828
-175.867  -26.575       2.9960
-175.867  -22.275       2.8630
-175.867  -17.975       4.2357
-175.867  -13.675       4.2357
-175.867   -9.374       4.2357
-175.867   -5.074       4.2357
-175.867   -0.774       4.2357
-175.867    3.526       4.2357
-175.867    7.826       4.2357
-175.867   12.126       4.2357
-175.867   16.426       4.2357
-175.867   20.726       4.2357
-175.867   25.026       4.2357
-175.867   29.326       4.2357
-175.867   33.626       4.2357
-175.867   37.926       4.2357
-175.867   42.226       4.2357
-175.867   46.526       4.2357
-175.867   50.827       4.2357
-175.867   55.127       4.2357
-175.867   59.427       4.2357
-175.867   63.727       4.2357
-175.867   68.027       4.2357
-175.867   72.327       4.2357
-175.867   76.627       4.2357
-175.867   80.927       4.2357
-175.867   85.227       4.2357
-175.867   89.527       4.2357
-175.867   93.827       4.2357
-175.867   98.127       4.2357
-175.867  102.427       4.2357
-175.867  106.727       4.2357
-175.867  111.027       4.2357
-175.867  115.328       4.2357
-175.867  119.628       4.2357
-175.867  123.928       4.2357
-175.867  128.228       4.2357
-175.867  132.528       4.2357
-175.867  136.828       4.2357
-175.867  141.128       4.2357
-175.867  145.428       4.2357
-175.867  149.728       4.2357
-175.867  154.028       4.2357
-175.867  158.328       4.2357
-175.867  162.628       4.2357
-175.867  166.928       2.9960
-175.867  171.228       1.8359
-175.867  175.529       1.6539
-175.867  179.829       1.3717
-175.867  184.129       1.2983
-175.867  188.429       1.4785
-175.867  192.729       2.0365
-175.867  197.029       1.4018
-175.867  201.329       1.2101
-175.867  205.629       0.4281
-175.867  209.929       0.1532
-175.867  214.229       0.7537
-175.867  218.529       1.5531
-175.867  222.829       1.9035
-175.867  227.129       2.9960
-175.867  231.429       2.6624
-175.867  235.730       2.7543
-175.867  240.030       3.1675
-175.867  244.330       2.6624
-175.867  248.630       2.9960
-175.867  252.930       4.2357
-175.867  257.230       4.2357
-175.867  261.530       4.2357
-172.587 -164.177       4.2357
-172.587 -159.877       4.2357
-172.587 -155.577       4.2357
-172.587 -151.277       2.2492
-172.587 -146.977       0.7931
-172.587 -142.677       0.2330
-172.587 -138.377       0.1924
-172.587 -134.077       0.1608
-172.587 -129.776       0.4675
-172.587 -125.476       0.7607
-172.587 -121.176       0.8638
-172.587 -116.876       1.3070
-172.587 -112.576       1.8801
-172.587 -108.276       3.1675
-172.587 -103.976       3.8225
-172.587  -99.676       4.2357
-172.587  -95.376       4.2357
-172.587  -91.076       4.2357
-172.587  -86.776       4.2357
-172.587  -82.476       4.2357
-172.587  -78.176       4.2357
-172.587  -73.876       4.2357
-172.587  -69.575       4.2357
-172.587  -65.275       4.2357
-172.587  -60.975       4.2357
-172.587  -56.675       4.2357
-172.587  -52.375       4.2357
-172.587  -48.075       4.2357
-172.587  -43.775       4.2357
-172.587  -39.475       3.4092
-172.587  -35.175       4.2357
-172.587  -30.875       2.7543
-172.587  -26.575       4.2357
-172.587  -22.275       3.1675
-172.587  -17.975       3.8225
-172.587  -13.675       4.2357
-172.587   -9.374       4.2357
-172.587   -5.074       4.2357
-172.587   -0.774       4.2357
-172.587    3.526       4.2357
-172.587    7.826       4.2357
-172.587   12.126       4.2357
-172.587   16.426       4.2357
-172.587   20.726       4.2357
-172.587   25.026       4.2357
-172.587   29.326       4.2357
-172.587   33.626       4.2357
-172.587   37.926       4.2357
-172.587   42.226       4.2357
-172.587   46.526       4.2357
-172.587   50.827       4.2357
-172.587   55.127       4.2357
-172.587   59.427       4.2357
-172.587   63.727       4.2357
-172.587   68.027       4.2357
-172.587   72.327       4.2357
-172.587   76.627       4.2357
-172.587   80.927       4.2357
-172.587   85.227       4.2357
-172.587   89.527       4.2357
-172.587   93.827       4.2357
-172.587   98.127       4.2357
-172.587  102.427       4.2357
-172.587  106.727       4.2357
-172.587  111.027       4.2357
-172.587  115.328       4.2357
-172.587  119.628       4.2357
-172.587  123.928       4.2357
-172.587  128.228       4.2357
-172.587  132.528       4.2357
-172.587  136.828       4.2357
-172.587  141.128       4.2357
-172.587  145.428       4.2357
-172.587  149.728       4.2357
-172.587  154.028       4.2357
-172.587  158.328       4.2357
-172.587  162.628       4.2357
-172.587  166.928       3.1675
-172.587  171.228       1.8801
-172.587  175.529       1.4122
-172.587  179.829       1.3717
-172.587  184.129       1.4018
-172.587  188.429       2.2934
-172.587  192.729       1.6086
-172.587  197.029       1.3620
-172.587  201.329       1.1533
-172.587  205.629       0.5936
-172.587  209.929       0.3949
-172.587  214.229       0.9835
-172.587  218.529       2.0075
-172.587  222.829       2.0671
-172.587  227.129       1.8359
-172.587  231.429       2.2080
-172.587  235.730       2.2934
-172.587  240.030       2.7543
-172.587  244.330       2.4498
-172.587  248.630       2.9960
-172.587  252.930       4.2357
-172.587  257.230       4.2357
-172.587  261.530       4.2357
-169.308 -164.177       4.2357
-169.308 -159.877       4.2357
-169.308 -155.577       3.8225
-169.308 -151.277       1.4669
-169.308 -146.977       0.5453
-169.308 -142.677       0.2020
-169.308 -138.377       0.2006
-169.308 -134.077       0.2344
-169.308 -129.776       0.7503
-169.308 -125.476       1.2983
-169.308 -121.176       1.4018
-169.308 -116.876       2.1696
-169.308 -112.576       3.4092
-169.308 -108.276       4.2357
-169.308 -103.976       4.2357
-169.308  -99.676       4.2357
-169.308  -95.376       4.2357
-169.308  -91.076       4.2357
-169.308  -86.776       4.2357
-169.308  -82.476       4.2357
-169.308  -78.176       4.2357
-169.308  -73.876       4.2357
-169.308  -69.575       4.2357
-169.308  -65.275       4.2357
-169.308  -60.975       4.2357
-169.308  -56.675       4.2357
-169.308  -52.375       4.2357
-169.308  -48.075       4.2357
-169.308  -43.775       4.2357
-169.308  -39.475       4.2357
-169.308  -35.175       4.2357
-169.308  -30.875       3.4092
-169.308  -26.575       2.8630
-169.308  -22.275       3.8225
-169.308  -17.975       2.8630
-169.308  -13.675       4.2357
-169.308   -9.374       4.2357
-169.308   -5.074       4.2357
-169.308   -0.774       4.2357
-169.308    3.526       4.2357
-169.308    7.826       4.2357
-169.308   12.126       4.2357
-169.308   16.426       4.2357
-169.308   20.726       4.2357
-169.308   25.026       4.2357
-169.308   29.326       4.2357
-169.308   33.626       4.2357
-169.308   37.926       4.2357
-169.308   42.226       4.2357
-169.308   46.526       4.2357
-169.308   50.827       4.2357
-169.308   55.127       4.2357
-169.308   59.427       4.2357
-169.308   63.727       4.2357
-169.308   68.027       4.2357
-169.308   72.327       4.2357
-169.308   76.627       4.2357
-169.308   80.927       4.2357
-169.308   85.227       4.2357
-169.308   89.527       4.2357
-169.308   93.827       4.2357
-169.308   98.127       4.2357
-169.308  102.427       4.2357
-169.308  106.727       4.2357
-169.308  111.027       4.2357
-169.308  115.328       4.2357
-169.308  119.628       4.2357
-169.308  123.928       4.2357
-169.308  128.228       4.2357
-169.308  132.528       4.2357
-169.308  136.828       4.2357
-169.308  141.128       4.2357
-169.308  145.428       4.2357
-169.308  149.728       3.8225
-169.308  154.028       4.2357
-169.308  158.328       4.2357
-169.308  162.628       3.4092
-169.308  166.928       2.4498
-169.308  171.228       1.8150
-169.308  175.529       1.0891
-169.308  179.829       1.1268
-169.308  184.129       1.3816
-169.308  188.429       2.9960
-169.308  192.729       1.4669
-169.308  197.029       1.3431
-169.308  201.329       0.9634
-169.308  205.629       0.5502
-169.308  209.929       0.5502
-169.308  214.229       0.9886
-169.308  218.529       1.6698
-169.308  222.829       2.2492
-169.308  227.129       1.7948
-169.308  231.429       1.9797
-169.308  235.730       2.2934
-169.308  240.030       2.0365
-169.308  244.330       1.9532
-169.308  248.630       2.0993
-169.308  252.930       2.5126
-169.308  257.230       3.8225
-169.308  261.530       4.2357
-166.029 -164.177       4.2357
-166.029 -159.877       4.2357
-166.029 -155.577       2.2934
-166.029 -151.277       1.1203
-166.029 -146.977       0.4654
-166.029 -142.677       0.2843
-166.029 -138.377       0.4464
-166.029 -134.077       0.6944
-166.029 -129.776       1.2983
-166.029 -125.476       2.0671
-166.029 -121.176       2.4498
-166.029 -116.876       2.8630
-166.029 -112.576       3.8225
-166.029 -108.276       4.2357
-166.029 -103.976       4.2357
-166.029  -99.676       4.2357
-166.029  -95.376       4.2357
-166.029  -91.076       4.2357
-166.029  -86.776       4.2357
-166.029  -82.476       4.2357
-166.029  -78.176       4.2357
-166.029  -73.876       4.2357
-166.029  -69.575       4.2357
-166.029  -65.275       4.2357
-166.029  -60.975       4.2357
-166.029  -56.675       4.2357
-166.029  -52.375       4.2357
-166.029  -48.075       4.2357
-166.029  -43.775       4.2357
-166.029  -39.475       4.2357
-166.029  -35.175       4.2357
-166.029  -30.875       4.2357
-166.029  -26.575       3.8225
-166.029  -22.275       4.2357
-166.029  -17.975       4.2357
-166.029  -13.675       4.2357
-166.029   -9.374       4.2357
-166.029   -5.074       4.2357
-166.029   -0.774       4.2357
-166.029    3.526       4.2357
-166.029    7.826       4.2357
-166.029   12.126       4.2357
-166.029   16.426       4.2357
-166.029   20.726       4.2357
-166.029   25.026       4.2357
-166.029   29.326       4.2357
-166.029   33.626       4.2357
-166.029   37.926       4.2357
-166.029   42.226       4.2357
-166.029   46.526       4.2357
-166.029   50.827       4.2357
-166.029   55.127       4.2357
-166.029   59.427       4.2357
-166.029   63.727       4.2357
-166.029   68.027       4.2357
-166.029   72.327       4.2357
-166.029   76.627       4.2357
-166.029   80.927       4.2357
-166.029   85.227       4.2357
-166.029   89.527       4.2357
-166.029   93.827       4.2357
-166.029   98.127       4.2357
-166.029  102.427       4.2357
-166.029  106.727       4.2357
-166.029  111.027       4.2357
-166.029  115.328       4.2357
-166.029  119.628       4.2357
-166.029  123.928       4.2357
-166.029  128.228       4.2357
-166.029  132.528       4.2357
-166.029  136.828       4.2357
-166.029  141.128       4.2357
-166.029  145.428       4.2357
-166.029  149.728       2.7543
-166.029  154.028       3.1675
-166.029  158.328       2.5126
-166.029  162.628       2.7543
-166.029  166.928       2.5828
-166.029  171.228       2.2492
-166.029  175.529       1.1601
-166.029  179.829       1.1601
-166.029  184.129       1.4444
-166.029  188.429       2.3929
-166.029  192.729       1.8150
-166.029  197.029       1.3717
-166.029  201.329       0.8597
-166.029  205.629       0.5284
-166.029  209.929       0.8158
-166.029  214.229       1.0652
-166.029  218.529       1.6539
-166.029  222.829       2.4498
-166.029  227.129       2.4498
-166.029  231.429       2.2492
-166.029  235.730       2.0365
-166.029  240.030       1.8150
-166.029  244.330       2.0365
-166.029  248.630       1.6086
-166.029  252.930       1.8576
-166.029  257.230       2.7543
-166.029  261.530       4.2357
-162.750 -164.177       4.2357
-162.750 -159.877       3.1675
-162.750 -155.577       1.9278
-162.750 -151.277       0.9634
-162.750 -146.977       0.5805
-162.750 -142.677       0.7333
-162.750 -138.377       0.8765
-162.750 -134.077       1.4555
-162.750 -129.776       2.2934
-162.750 -125.476       3.4092
-162.750 -121.176       3.8225
-162.750 -116.876       4.2357
-162.750 -112.576       4.2357
-162.750 -108.276       4.2357
-162.750 -103.976       4.2357
-162.750  -99.676       4.2357
-162.750  -95.376       4.2357
-162.750  -91.076       4.2357
-162.750  -86.776       4.2357
-162.750  -82.476       4.2357
-162.750  -78.176       4.2357
-162.750  -73.876       4.2357
-162.750  -69.575       4.2357
-162.750  -65.275       4.2357
-162.750  -60.975       4.2357
-162.750  -56.675       4.2357
-162.750  -52.375       4.2357
-162.750  -48.075       4.2357
-162.750  -43.775       4.2357
-162.750  -39.475       4.2357
-162.750  -35.175       4.2357
-162.750  -30.875       4.2357
-162.750  -26.575       4.2357
-162.750  -22.275       4.2357
-162.750  -17.975       4.2357
-162.750  -13.675       4.2357
-162.750   -9.374       4.2357
-162.750   -5.074       4.2357
-162.750   -0.774       4.2357
-162.750    3.526       4.2357
-162.750    7.826       4.2357
-162.750   12.126       4.2357
-162.750   16.426       4.2357
-162.750   20.726       4.2357
-162.750   25.026       4.2357
-162.750   29.326       4.2357
-162.750   33.626       4.2357
-162.750   37.926       4.2357
-162.750   42.226       4.2357
-162.750   46.526       4.2357
-162.750   50.827       4.2357
-162.750   55.127       4.2357
-162.750   59.427       4.2357
-162.750   63.727       4.2357
-162.750   68.027       4.2357
-162.750   72.327       4.2357
-162.750   76.627       4.2357
-162.750   80.927       4.2357
-162.750   85.227       4.2357
-162.750   89.527       4.2357
-162.750   93.827       4.2357
-162.750   98.127       4.2357
-162.750  102.427       4.2357
-162.750  106.727       4.2357
-162.750  111.027       4.2357
-162.750  115.328       4.2357
-162.750  119.628       4.2357
-162.750  123.928       4.2357
-162.750  128.228       4.2357
-162.750  132.528       4.2357
-162.750  136.828       4.2357
-162.750  141.128       4.2357
-162.750  145.428       4.2357
-162.750  149.728       2.6624
-162.750  154.028       2.4498
-162.750  158.328       2.0993
-162.750  162.628       2.2080
-162.750  166.928       2.2492
-162.750  171.228       2.3929
-162.750  175.529       1.9035
-162.750  179.829       1.0711
-162.750  184.129       1.7380
-162.750  188.429       2.7543
-162.750  192.729       1.5942
-162.750  197.029       1.1076
-162.750  201.329       0.7400
-162.750  205.629       0.5120
-162.750  209.929       0.9440
-162.750  214.229       1.3070
-162.750  218.529       1.6698
-162.750  222.829       2.5126
-162.750  227.129       2.9960
-162.750  231.429       2.5126
-162.750  235.730       1.9532
-162.750  240.030       1.5400
-162.750  244.330       2.0993
-162.750  248.630       2.1696
-162.750  252.930       1.7563
-162.750  257.230       2.5828
-162.750  261.530       3.8225
-159.470 -164.177       4.2357
-159.470 -159.877       2.9960
-159.470 -155.577       2.1696
-159.470 -151.277       1.2486
-159.470 -146.977       1.3620
-159.470 -142.677       1.3339
-159.470 -138.377       1.5665
-159.470 -134.077       2.6624
-159.470 -129.776       3.8225
-159.470 -125.476       4.2357
-159.470 -121.176       4.2357
-159.470 -116.876       4.2357
-159.470 -112.576       4.2357
-159.470 -108.276       4.2357
-159.470 -103.976       4.2357
-159.470  -99.676       4.2357
-159.470  -95.376       4.2357
-159.470  -91.076       4.2357
-159.470  -86.776       4.2357
-159.470  -82.476       4.2357
-159.470  -78.176       4.2357
-159.470  -73.876       4.2357
-159.470  -69.575       4.2357
-159.470  -65.275       4.2357
-159.470  -60.975       4.2357
-159.470  -56.675       4.2357
-159.470  -52.375       4.2357
-159.470  -48.075       4.2357
-159.470  -43.775       4.2357
-159.470  -39.475       4.2357
-159.470  -35.175       4.2357
-159.470  -30.875       4.2357
-159.470  -26.575       4.2357
-159.470  -22.275       4.2357
-159.470  -17.975       4.2357
-159.470  -13.675       4.2357
-159.470   -9.374       4.2357
-159.470   -5.074       4.2357
-159.470   -0.774       4.2357
-159.470    3.526       4.2357
-159.470    7.826       4.2357
-159.470   12.126       4.2357
-159.470   16.426       4.2357
-159.470   20.726       4.2357
-159.470   25.026       4.2357
-159.470   29.326       4.2357
-159.470   33.626       4.2357
-159.470   37.926       4.2357
-159.470   42.226       4.2357
-159.470   46.526       4.2357
-159.470   50.827       4.2357
-159.470   55.127       4.2357
-159.470   59.427       4.2357
-159.470   63.727       4.2357
-159.470   68.027       4.2357
-159.470   72.327       4.2357
-159.470   76.627       4.2357
-159.470   80.927       4.2357
-159.470   85.227       4.2357
-159.470   89.527       4.2357
-159.470   93.827       4.2357
-159.470   98.127       4.2357
-159.470  102.427       4.2357
-159.470  106.727       4.2357
-159.470  111.027       4.2357
-159.470  115.328       4.2357
-159.470  119.628       4.2357
-159.470  123.928       4.2357
-159.470  128.228       4.2357
-159.470  132.528       4.2357
-159.470  136.828       4.2357
-159.470  141.128       4.2357
-159.470  145.428       4.2357
-159.470  149.728       2.3929
-159.470  154.028       2.3411
-159.470  158.328       1.9278
-159.470  162.628       2.0075
-159.470  166.928       2.9960
-159.470  171.228       2.2492
-159.470  175.529       1.6539
-159.470  179.829       1.3620
-159.470  184.129       2.0075
-159.470  188.429       2.5126
-159.470  192.729       1.5400
-159.470  197.029       0.9784
-159.470  201.329       0.6376
-159.470  205.629       0.5051
-159.470  209.929       0.9115
-159.470  214.229       1.3816
-159.470  218.529       1.9278
-159.470  222.829       2.1334
-159.470  227.129       2.5126
-159.470  231.429       2.2080
-159.470  235.730       1.7563
-159.470  240.030       1.2812
-159.470  244.330       1.5531
-159.470  248.630       1.8150
-159.470  252.930       2.1334
-159.470  257.230       2.4498
-159.470  261.530       3.4092
-156.191 -164.177       2.6624
-156.191 -159.877       2.6624
-156.191 -155.577       2.1334
-156.191 -151.277       1.6861
-156.191 -146.977       1.6384
-156.191 -142.677       2.2080
-156.191 -138.377       2.6624
-156.191 -134.077       3.4092
-156.191 -129.776       4.2357
-156.191 -125.476       4.2357
-156.191 -121.176       4.2357
-156.191 -116.876       4.2357
-156.191 -112.576       4.2357
-156.191 -108.276       4.2357
-156.191 -103.976       4.2357
-156.191  -99.676       4.2357
-156.191  -95.376       4.2357
-156.191  -91.076       4.2357
-156.191  -86.776       4.2357
-156.191  -82.476       4.2357
-156.191  -78.176       4.2357
-156.191  -73.876       4.2357
-156.191  -69.575       4.2357
-156.191  -65.275       4.2357
-156.191  -60.975       4.2357
-156.191  -56.675       4.2357
-156.191  -52.375       4.2357
-156.191  -48.075       4.2357
-156.191  -43.775       4.2357
-156.191  -39.475       4.2357
-156.191  -35.175       4.2357
-156.191  -30.875       4.2357
-156.191  -26.575       4.2357
-156.191  -22.275       4.2357
-156.191  -17.975       4.2357
-156.191  -13.675       4.2357
-156.191   -9.374       4.2357
-156.191   -5.074       4.2357
-156.191   -0.774       4.2357
-156.191    3.526       4.2357
-156.191    7.826       4.2357
-156.191   12.126       4.2357
-156.191   16.426       4.2357
-156.191   20.726       4.2357
-156.191   25.026       4.2357
-156.191   29.326       4.2357
-156.191   33.626       4.2357
-156.191   37.926       4.2357
-156.191   42.226       4.2357
-156.191   46.526       4.2357
-156.191   50.827       4.2357
-156.191   55.127       4.2357
-156.191   59.427       4.2357
-156.191   63.727       4.2357
-156.191   68.027       4.2357
-156.191   72.327       4.2357
-156.191   76.627       4.2357
-156.191   80.927       4.2357
-156.191   85.227       4.2357
-156.191   89.527       4.2357
-156.191   93.827       4.2357
-156.191   98.127       4.2357
-156.191  102.427       4.2357
-156.191  106.727       4.2357
-156.191  111.027       4.2357
-156.191  115.328       4.2357
-156.191  119.628       4.2357
-156.191  123.928       4.2357
-156.191  128.228       4.2357
-156.191  132.528       4.2357
-156.191  136.828       4.2357
-156.191  141.128       4.2357
-156.191  145.428       3.8225
-156.191  149.728       2.1696
-156.191  154.028       2.5126
-156.191  158.328       1.6861
-156.191  162.628       1.7380
-156.191  166.928       2.0365
-156.191  171.228       2.0671
-156.191  175.529       1.9797
-156.191  179.829       1.4785
-156.191  184.129       2.2492
-156.191  188.429       2.5126
-156.191  192.729       1.4785
-156.191  197.029       0.6820
-156.191  201.329       0.5028
-156.191  205.629       0.5601
-156.191  209.929       0.7785
-156.191  214.229       1.1670
-156.191  218.529       1.5665
-156.191  222.829       1.7948
-156.191  227.129       2.0365
-156.191  231.429       2.1334
-156.191  235.730       1.4903
-156.191  240.030       1.1203
-156.191  244.330       1.3620
-156.191  248.630       1.6698
-156.191  252.930       2.1696
-156.191  257.230       2.6624
-156.191  261.530       3.8225
-152.912 -164.177       2.5126
-152.912 -159.877       2.7543
-152.912 -155.577       2.3929
-152.912 -151.277       1.7563
-152.912 -146.977       2.5828
-152.912 -142.677       3.1675
-152.912 -138.377       3.8225
-152.912 -134.077       4.2357
-152.912 -129.776       4.2357
-152.912 -125.476       4.2357
-152.912 -121.176       4.2357
-152.912 -116.876       4.2357
-152.912 -112.576       4.2357
-152.912 -108.276       4.2357
-152.912 -103.976       4.2357
-152.912  -99.676       4.2357
-152.912  -95.376       4.2357
-152.912  -91.076       4.2357
-152.912  -86.776       4.2357
-152.912  -82.476       4.2357
-152.912  -78.176       4.2357
-152.912  -73.876       4.2357
-152.912  -69.575       4.2357
-152.912  -65.275       4.2357
-152.912  -60.975       4.2357
-152.912  -56.675       4.2357
-152.912  -52.375       4.2357
-152.912  -48.075       4.2357
-152.912  -43.775       4.2357
-152.912  -39.475       4.2357
-152.912  -35.175       4.2357
-152.912  -30.875       4.2357
-152.912  -26.575       4.2357
-152.912  -22.275       4.2357
-152.912  -17.975       4.2357
-152.912  -13.675       4.2357
-152.912   -9.374       4.2357
-152.912   -5.074       4.2357
-152.912   -0.774       4.2357
-152.912    3.526       4.2357
-152.912    7.826       4.2357
-152.912   12.126       4.2357
-152.912   16.426       4.2357
-152.912   20.726       4.2357
-152.912   25.026       4.2357
-152.912   29.326       4.2357
-152.912   33.626       4.2357
-152.912   37.926       4.2357
-152.912   42.226       4.2357
-152.912   46.526       4.2357
-152.912   50.827       4.2357
-152.912   55.127       4.2357
-152.912   59.427       4.2357
-152.912   63.727       4.2357
-152.912   68.027       4.2357
-152.912   72.327       4.2357
-152.912   76.627       4.2357
-152.912   80.927       4.2357
-152.912   85.227       4.2357
-152.912   89.527       4.2357
-152.912   93.827       4.2357
-152.912   98.127       4.2357
-152.912  102.427       4.2357
-152.912  106.727       4.2357
-152.912  111.027       4.2357
-152.912  115.328       4.2357
-152.912  119.628       4.2357
-152.912  123.928       4.2357
-152.912  128.228       4.2357
-152.912  132.528       4.2357
-152.912  136.828       4.2357
-152.912  141.128       4.2357
-152.912  145.428       3.8225
-152.912  149.728       2.7543
-152.912  154.028       3.1675
-152.912  158.328       1.9532
-152.912  162.628       1.5146
-152.912  166.928       1.3525
-152.912  171.228       1.9278
-152.912  175.529       1.8359
-152.912  179.829       1.6384
-152.912  184.129       1.7563
-152.912  188.429       2.3929
-152.912  192.729       1.2812
-152.912  197.029       0.4938
-152.912  201.329       0.5097
-152.912  205.629       0.7537
-152.912  209.929       0.9835
-152.912  214.229       1.1465
-152.912  218.529       1.5023
-152.912  222.829       1.6861
-152.912  227.129       1.8801
-152.912  231.429       1.7380
-152.912  235.730       1.4555
-152.912  240.030       1.2407
-152.912  244.330       1.2729
-152.912  248.630       1.7029
-152.912  252.930       2.2492
-152.912  257.230       2.3929
-152.912  261.530       3.4092
-149.632 -164.177       2.8630
-149.632 -159.877       2.6624
-149.632 -155.577       3.8225
-149.632 -151.277       3.8225
-149.632 -146.977       4.2357
-149.632 -142.677       3.8225
-149.632 -138.377       4.2357
-149.632 -134.077       4.2357
-149.632 -129.776       4.2357
-149.632 -125.476       4.2357
-149.632 -121.176       4.2357
-149.632 -116.876       4.2357
-149.632 -112.576       4.2357
-149.632 -108.276       4.2357
-149.632 -103.976       4.2357
-149.632  -99.676       4.2357
-149.632  -95.376       4.2357
-149.632  -91.076       4.2357
-149.632  -86.776       4.2357
-149.632  -82.476       4.2357
-149.632  -78.176       4.2357
-149.632  -73.876       4.2357
-149.632  -69.575       4.2357
-149.632  -65.275       4.2357
-149.632  -60.975       4.2357
-149.632  -56.675       4.2357
-149.632  -52.375       4.2357
-149.632  -48.075       4.2357
-149.632  -43.775       4.2357
-149.632  -39.475       4.2357
-149.632  -35.175       4.2357
-149.632  -30.875       4.2357
-149.632  -26.575       4.2357
-149.632  -22.275       4.2357
-149.632  -17.975       4.2357
-149.632  -13.675       4.2357
-149.632   -9.374       4.2357
-149.632   -5.074       4.2357
-149.632   -0.774       4.2357
-149.632    3.526       4.2357
-149.632    7.826       4.2357
-149.632   12.126       4.2357
-149.632   16.426       4.2357
-149.632   20.726       4.2357
-149.632   25.026       4.2357
-149.632   29.326       4.2357
-149.632   33.626       4.2357
-149.632   37.926       4.2357
-149.632   42.226       4.2357
-149.632   46.526       4.2357
-149.632   50.827       4.2357
-149.632   55.127       4.2357
-149.632   59.427       4.2357
-149.632   63.727       4.2357
-149.632   68.027       4.2357
-149.632   72.327       4.2357
-149.632   76.627       4.2357
-149.632   80.927       4.2357
-149.632   85.227       4.2357
-149.632   89.527       4.2357
-149.632   93.827       4.2357
-149.632   98.127       4.2357
-149.632  102.427       4.2357
-149.632  106.727       4.2357
-149.632  111.027       4.2357
-149.632  115.328       4.2357
-149.632  119.628       4.2357
-149.632  123.928       4.2357
-149.632  128.228       4.2357
-149.632  132.528       4.2357
-149.632  136.828       4.2357
-149.632  141.128       4.2357
-149.632  145.428       3.8225
-149.632  149.728       2.6624
-149.632  154.028       2.5828
-149.632  158.328       1.9532
-149.632  162.628       1.6698
-149.632  166.928       1.2027
-149.632  171.228       1.6539
-149.632  175.529       1.3525
-149.632  179.829       1.6086
-149.632  184.129       1.6861
-149.632  188.429       2.1696
-149.632  192.729       1.0257
-149.632  197.029       0.4464
-149.632  201.329       0.7071
-149.632  205.629       0.9733
-149.632  209.929       1.0480
-149.632  214.229       1.0952
-149.632  218.529       1.4122
-149.632  222.829       1.7948
-149.632  227.129       1.5802
-149.632  231.429       1.8801
-149.632  235.730       1.2897
-149.632  240.030       1.1465
-149.632  244.330       1.2729
-149.632  248.630       1.8150
-149.632  252.930       2.4498
-149.632  257.230       3.4092
-149.632  261.530       4.2357
-146.353 -164.177       4.2357
-146.353 -159.877       3.4092
-146.353 -155.577       3.8225
-146.353 -151.277       4.2357
-146.353 -146.977       4.2357
-146.353 -142.677       4.2357
-146.353 -138.377       4.2357
-146.353 -134.077       4.2357
-146.353 -129.776       4.2357
-146.353 -125.476       4.2357
-146.353 -121.176       4.2357
-146.353 -116.876       4.2357
-146.353 -112.576       4.2357
-146.353 -108.276       4.2357
-146.353 -103.976       4.2357
-146.353  -99.676       4.2357
-146.353  -95.376       4.2357
-146.353  -91.076       4.2357
-146.353  -86.776       4.2357
-146.353  -82.476       4.2357
-146.353  -78.176       4.2357
-146.353  -73.876       4.2357
-146.353  -69.575       4.2357
-146.353  -65.275       4.2357
-146.353  -60.975       4.2357
-146.353  -56.675       4.2357
-146.353  -52.375       4.2357
-146.353  -48.075       4.2357
-146.353  -43.775       4.2357
-146.353  -39.475       4.2357
-146.353  -35.175       4.2357
-146.353  -30.875       4.2357
-146.353  -26.575       4.2357
-146.353  -22.275       4.2357
-146.353  -17.975       4.2357
-146.353  -13.675       4.2357
-146.353   -9.374       4.2357
-146.353   -5.074       4.2357
-146.353   -0.774       4.2357
-146.353    3.526       4.2357
-146.353    7.826       4.2357
-146.353   12.126       4.2357
-146.353   16.426       4.2357
-146.353   20.726       4.2357
-146.353   25.026       4.2357
-146.353   29.326       4.2357
-146.353   33.626       4.2357
-146.353   37.926       4.2357
-146.353   42.226       4.2357
-146.353   46.526       4.2357
-146.353   50.827       4.2357
-146.353   55.127       4.2357
-146.353   59.427       4.2357
-146.353   63.727       4.2357
-146.353   68.027       4.2357
-146.353   72.327       4.2357
-146.353   76.627       4.2357
-146.353   80.927       4.2357
-146.353   85.227       4.2357
-146.353   89.527       4.2357
-146.353   93.827       4.2357
-146.353   98.127       4.2357
-146.353  102.427       4.2357
-146.353  106.727       4.2357
-146.353  111.027       4.2357
-146.353  115.328       4.2357
-146.353  119.628       4.2357
-146.353  123.928       4.2357
-146.353  128.228       4.2357
-146.353  132.528       4.2357
-146.353  136.828       4.2357
-146.353  141.128       4.2357
-146.353  145.428       4.2357
-146.353  149.728       2.0671
-146.353  154.028       2.2934
-146.353  158.328       2.5828
-146.353  162.628       2.3929
-146.353  166.928       1.5400
-146.353  171.228       1.3339
-146.353  175.529       1.3158
-146.353  179.829       1.9797
-146.353  184.129       1.6086
-146.353  188.429       1.6539
-146.353  192.729       0.6347
-146.353  197.029       0.3836
-146.353  201.329       0.7785
-146.353  205.629       1.5023
-146.353  209.929       1.2983
-146.353  214.229       1.2566
-146.353  218.529       1.4555
-146.353  222.829       1.4555
-146.353  227.129       1.6086
-146.353  231.429       1.4018
-146.353  235.730       1.5272
-146.353  240.030       1.5665
-146.353  244.330       1.4903
-146.353  248.630       1.9035
-146.353  252.930       2.7543
-146.353  257.230       4.2357
-146.353  261.530       4.2357
-143.074 -164.177       4.2357
-143.074 -159.877       4.2357
-143.074 -155.577       4.2357
-143.074 -151.277       4.2357
-143.074 -146.977       4.2357
-143.074 -142.677       4.2357
-143.074 -138.377       4.2357
-143.074 -134.077       4.2357
-143.074 -129.776       4.2357
-143.074 -125.476       4.2357
-143.074 -121.176       4.2357
-143.074 -116.876       4.2357
-143.074 -112.576       4.2357
-143.074 -108.276       4.2357
-143.074 -103.976       4.2357
-143.074  -99.676       4.2357
-143.074  -95.376       4.2357
-143.074  -91.076       4.2357
-143.074  -86.776       4.2357
-143.074  -82.476       4.2357
-143.074  -78.176       4.2357
-143.074  -73.876       4.2357
-143.074  -69.575       4.2357
-143.074  -65.275       4.2357
-143.074  -60.975       4.2357
-143.074  -56.675       4.2357
-143.074  -52.375       4.2357
-143.074  -48.075       4.2357
-143.074  -43.775       4.2357
-143.074  -39.475       4.2357
-143.074  -35.175       4.2357
-143.074  -30.875       4.2357
-143.074  -26.575       4.2357
-143.074  -22.275       4.2357
-143.074  -17.975       4.2357
-143.074  -13.675       4.2357
-143.074   -9.374       4.2357
-143.074   -5.074       4.2357
-143.074   -0.774       4.2357
-143.074    3.526       4.2357
-143.074    7.826       4.2357
-143.074   12.126       4.2357
-143.074   16.426       4.2357
-143.074   20.726       4.2357
-143.074   25.026       4.2357
-143.074   29.326       4.2357
-143.074   33.626       4.2357
-143.074   37.926       4.2357
-143.074   42.226       4.2357
-143.074   46.526       4.2357
-143.074   50.827       4.2357
-143.074   55.127       4.2357
-143.074   59.427       4.2357
-143.074   63.727       4.2357
-143.074   68.027       4.2357
-143.074   72.327       4.2357
-143.074   76.627       4.2357
-143.074   80.927       4.2357
-143.074   85.227       4.2357
-143.074   89.527       4.2357
-143.074   93.827       4.2357
-143.074   98.127       4.2357
-143.074  102.427       4.2357
-143.074  106.727       4.2357
-143.074  111.027       4.2357
-143.074  115.328       4.2357
-143.074  119.628       4.2357
-143.074  123.928       4.2357
-143.074  128.228       4.2357
-143.074  132.528       4.2357
-143.074  136.828       4.2357
-143.074  141.128       2.9960
-143.074  145.428       1.9035
-143.074  149.728       1.7202
-143.074  154.028       1.8801
-143.074  158.328       2.2934
-143.074  162.628       2.3411
-143.074  166.928       1.6384
-143.074  171.228       1.1014
-143.074  175.529       1.4227
-143.074  179.829       1.8359
-143.074  184.129       1.6698
-143.074  188.429       1.5531
-143.074  192.729       0.6579
-143.074  197.029       0.3388
-143.074  201.329       0.9733
-143.074  205.629       1.5665
-143.074  209.929       1.5272
-143.074  214.229       1.3916
-143.074  218.529       1.3339
-143.074  222.829       1.3339
-143.074  227.129       1.2729
-143.074  231.429       1.3248
-143.074  235.730       1.5802
-143.074  240.030       1.7753
-143.074  244.330       1.7380
-143.074  248.630       2.0365
-143.074  252.930       3.4092
-143.074  257.230       4.2357
-143.074  261.530       4.2357
-139.794 -164.177       4.2357
-139.794 -159.877       4.2357
-139.794 -155.577       4.2357
-139.794 -151.277       4.2357
-139.794 -146.977       4.2357
-139.794 -142.677       4.2357
-139.794 -138.377       4.2357
-139.794 -134.077       4.2357
-139.794 -129.776       4.2357
-139.794 -125.476       4.2357
-139.794 -121.176       4.2357
-139.794 -116.876       4.2357
-139.794 -112.576       4.2357
-139.794 -108.276       4.2357
-139.794 -103.976       4.2357
-139.794  -99.676       4.2357
-139.794  -95.376       4.2357
-139.794  -91.076       4.2357
-139.794  -86.776       4.2357
-139.794  -82.476       4.2357
-139.794  -78.176       4.2357
-139.794  -73.876       4.2357
-139.794  -69.575       4.2357
-139.794  -65.275       4.2357
-139.794  -60.975       4.2357
-139.794  -56.675       4.2357
-139.794  -52.375       4.2357
-139.794  -48.075       4.2357
-139.794  -43.775       4.2357
-139.794  -39.475       4.2357
-139.794  -35.175       4.2357
-139.794  -30.875       4.2357
-139.794  -26.575       4.2357
-139.794  -22.275       4.2357
-139.794  -17.975       4.2357
-139.794  -13.675       4.2357
-139.794   -9.374       4.2357
-139.794   -5.074       4.2357
-139.794   -0.774       4.2357
-139.794    3.526       4.2357
-139.794    7.826       4.2357
-139.794   12.126       4.2357
-139.794   16.426       4.2357
-139.794   20.726       4.2357
-139.794   25.026       4.2357
-139.794   29.326       4.2357
-139.794   33.626       4.2357
-139.794   37.926       4.2357
-139.794   42.226       4.2357
-139.794   46.526       4.2357
-139.794   50.827       4.2357
-139.794   55.127       4.2357
-139.794   59.427       4.2357
-139.794   63.727       4.2357
-139.794   68.027       4.2357
-139.794   72.327       4.2357
-139.794   76.627       4.2357
-139.794   80.927       4.2357
-139.794   85.227       4.2357
-139.794   89.527       4.2357
-139.794   93.827       4.2357
-139.794   98.127       4.2357
-139.794  102.427       4.2357
-139.794  106.727       4.2357
-139.794  111.027       4.2357
-139.794  115.328       4.2357
-139.794  119.628       4.2357
-139.794  123.928       4.2357
-139.794  128.228       4.2357
-139.794  132.528       4.2357
-139.794  136.828       4.2357
-139.794  141.128       3.8225
-139.794  145.428       1.8359
-139.794  149.728       1.6233
-139.794  154.028       1.3248
-139.794  158.328       1.6861
-139.794  162.628       2.6624
-139.794  166.928       1.6861
-139.794  171.228       0.8474
-139.794  175.529       1.2897
-139.794  179.829       2.1334
-139.794  184.129       2.0075
-139.794  188.429       1.4018
-139.794  192.729       0.5936
-139.794  197.029       0.6319
-139.794  201.329       0.8638
-139.794  205.629       1.5942
-139.794  209.929       1.5400
-139.794  214.229       1.7380
-139.794  218.529       1.5400
-139.794  222.829       1.3339
-139.794  227.129       1.2647
-139.794  231.429       1.3525
-139.794  235.730       1.1881
-139.794  240.030       1.2983
-139.794  244.330       1.7029
-139.794  248.630       1.8801
-139.794  252.930       2.7543
-139.794  257.230       4.2357
-139.794  261.530       4.2357
-136.515 -164.177       4.2357
-136.515 -159.877       4.2357
-136.515 -155.577       4.2357
-136.515 -151.277       4.2357
-136.515 -146.977       4.2357
-136.515 -142.677       4.2357
-136.515 -138.377       4.2357
-136.515 -134.077       4.2357
-136.515 -129.776       4.2357
-136.515 -125.476       4.2357
-136.515 -121.176       4.2357
-136.515 -116.876       4.2357
-136.515 -112.576       4.2357
-136.515 -108.276       4.2357
-136.515 -103.976       4.2357
-136.515  -99.676       4.2357
-136.515  -95.376       4.2357
-136.515  -91.076       4.2357
-136.515  -86.776       4.2357
-136.515  -82.476       4.2357
-136.515  -78.176       4.2357
-136.515  -73.876       4.2357
-136.515  -69.575       4.2357
-136.515  -65.275       4.2357
-136.515  -60.975       4.2357
-136.515  -56.675       4.2357
-136.515  -52.375       4.2357
-136.515  -48.075       4.2357
-136.515  -43.775       4.2357
-136.515  -39.475       4.2357
-136.515  -35.175       4.2357
-136.515  -30.875       4.2357
-136.515  -26.575       4.2357
-136.515  -22.275       4.2357
-136.515  -17.975       4.2357
-136.515  -13.675       4.2357
-136.515   -9.374       4.2357
-136.515   -5.074       4.2357
-136.515   -0.774       4.2357
-136.515    3.526       4.2357
-136.515    7.826       4.2357
-136.515   12.126       4.2357
-136.515   16.426       4.2357
-136.515   20.726       4.2357
-136.515   25.026       4.2357
-136.515   29.326       4.2357
-136.515   33.626       4.2357
-136.515   37.926       4.2357
-136.515   42.226       4.2357
-136.515   46.526       4.2357
-136.515   50.827       4.2357
-136.515   55.127       4.2357
-136.515   59.427       4.2357
-136.515   63.727       4.2357
-136.515   68.027       4.2357
-136.515   72.327       4.2357
-136.515   76.627       4.2357
-136.515   80.927       4.2357
-136.515   85.227       4.2357
-136.515   89.527       4.2357
-136.515   93.827       4.2357
-136.515   98.127       4.2357
-136.515  102.427       4.2357
-136.515  106.727       4.2357
-136.515  111.027       4.2357
-136.515  115.328       4.2357
-136.515  119.628       4.2357
-136.515  123.928       4.2357
-136.515  128.228       4.2357
-136.515  132.528       4.2357
-136.515  136.828       4.2357
-136.515  141.128       2.7543
-136.515  145.428       2.1334
-136.515  149.728       1.5665
-136.515  154.028       1.1533
-136.515  158.328       1.6086
-136.515  162.628       1.9035
-136.515  166.928       1.4335
-136.515  171.228       0.6433
-136.515  175.529       1.1203
-136.515  179.829       1.9532
-136.515  184.129       2.0075
-136.515  188.429       1.2027
-136.515  192.729       0.5428
-136.515  197.029       0.5576
-136.515  201.329       0.9784
-136.515  205.629       1.8359
-136.515  209.929       2.2492
-136.515  214.229       2.2080
-136.515  218.529       2.0671
-136.515  222.829       1.4555
-136.515  227.129       1.4018
-136.515  231.429       1.3717
-136.515  235.730       1.2027
-136.515  240.030       0.9835
-136.515  244.330       1.2729
-136.515  248.630       1.9532
-136.515  252.930       2.2080
-136.515  257.230       4.2357
-136.515  261.530       4.2357
-133.236 -164.177       4.2357
-133.236 -159.877       4.2357
-133.236 -155.577       4.2357
-133.236 -151.277       4.2357
-133.236 -146.977       4.2357
-133.236 -142.677       4.2357
-133.236 -138.377       4.2357
-133.236 -134.077       4.2357
-133.236 -129.776       4.2357
-133.236 -125.476       4.2357
-133.236 -121.176       4.2357
-133.236 -116.876       4.2357
-133.236 -112.576       4.2357
-133.236 -108.276       4.2357
-133.236 -103.976       4.2357
-133.236  -99.676       4.2357
-133.236  -95.376       4.2357
-133.236  -91.076       4.2357
-133.236  -86.776       4.2357
-133.236  -82.476       4.2357
-133.236  -78.176       4.2357
-133.236  -73.876       4.2357
-133.236  -69.575       4.2357
-133.236  -65.275       4.2357
-133.236  -60.975       4.2357
-133.236  -56.675       4.2357
-133.236  -52.375       4.2357
-133.236  -48.075       4.2357
-133.236  -43.775       4.2357
-133.236  -39.475       4.2357
-133.236  -35.175       4.2357
-133.236  -30.875       4.2357
-133.236  -26.575       4.2357
-133.236  -22.275       4.2357
-133.236  -17.975       4.2357
-133.236  -13.675       4.2357
-133.236   -9.374       4.2357
-133.236   -5.074       4.2357
-133.236   -0.774       4.2357
-133.236    3.526       4.2357
-133.236    7.826       4.2357
-133.236   12.126       4.2357
-133.236   16.426       4.2357
-133.236   20.726       4.2357
-133.236   25.026       4.2357
-133.236   29.326       4.2357
-133.236   33.626       4.2357
-133.236   37.926       4.2357
-133.236   42.226       4.2357
-133.236   46.526       4.2357
-133.236   50.827       4.2357
-133.236   55.127       4.2357
-133.236   59.427       4.2357
-133.236   63.727       4.2357
-133.236   68.027       4.2357
-133.236   72.327       4.2357
-133.236   76.627       4.2357
-133.236   80.927       4.2357
-133.236   85.227       4.2357
-133.236   89.527       4.2357
-133.236   93.827       4.2357
-133.236   98.127       4.2357
-133.236  102.427       4.2357
-133.236  106.727       4.2357
-133.236  111.027       4.2357
-133.236  115.328       4.2357
-133.236  119.628       4.2357
-133.236  123.928       4.2357
-133.236  128.228       4.2357
-133.236  132.528       4.2357
-133.236  136.828       3.4092
-133.236  141.128       2.4498
-133.236  145.428       2.0365
-133.236  149.728       1.2566
-133.236  154.028       1.3816
-133.236  158.328       1.6086
-133.236  162.628       2.0075
-133.236  166.928       1.0537
-133.236  171.228       0.8680
-133.236  175.529       1.2647
-133.236  179.829       2.2492
-133.236  184.129       1.9035
-133.236  188.429       0.8597
-133.236  192.729       0.4569
-133.236  197.029       0.6404
-133.236  201.329       1.3070
-133.236  205.629       2.0671
-133.236  209.929       3.1675
-133.236  214.229       2.8630
-133.236  218.529       2.3411
-133.236  222.829       1.8576
-133.236  227.129       1.9035
-133.236  231.429       1.4555
-133.236  235.730       1.1268
-133.236  240.030       0.9634
-133.236  244.330       1.1810
-133.236  248.630       2.3411
-133.236  252.930       2.2492
-133.236  257.230       3.1675
-133.236  261.530       4.2357
-129.956 -164.177       4.2357
-129.956 -159.877       4.2357
-129.956 -155.577       4.2357
-129.956 -151.277       4.2357
-129.956 -146.977       4.2357
-129.956 -142.677       4.2357
-129.956 -138.377       4.2357
-129.956 -134.077       4.2357
-129.956 -129.776       4.2357
-129.956 -125.476       4.2357
-129.956 -121.176       4.2357
-129.956 -116.876       4.2357
-129.956 -112.576       4.2357
-129.956 -108.276       4.2357
-129.956 -103.976       4.2357
-129.956  -99.676       4.2357
-129.956  -95.376       4.2357
-129.956  -91.076       4.2357
-129.956  -86.776       4.2357
-129.956  -82.476       4.2357
-129.956  -78.176       4.2357
-129.956  -73.876       4.2357
-129.956  -69.575       4.2357
-129.956  -65.275       4.2357
-129.956  -60.975       4.2357
-129.956  -56.675       4.2357
-129.956  -52.375       4.2357
-129.956  -48.075       4.2357
-129.956  -43.775       4.2357
-129.956  -39.475       4.2357
-129.956  -35.175       4.2357
-129.956  -30.875       4.2357
-129.956  -26.575       4.2357
-129.956  -22.275       4.2357
-129.956  -17.975       4.2357
-129.956  -13.675       4.2357
-129.956   -9.374       4.2357
-129.956   -5.074       4.2357
-129.956   -0.774       4.2357
-129.956    3.526       4.2357
-129.956    7.826       4.2357
-129.956   12.126       4.2357
-129.956   16.426       4.2357
-129.956   20.726       4.2357
-129.956   25.026       4.2357
-129.956   29.326       4.2357
-129.956   33.626       4.2357
-129.956   37.926       4.2357
-129.956   42.226       4.2357
-129.956   46.526       4.2357
-129.956   50.827       4.2357
-129.956   55.127       4.2357
-129.956   59.427       4.2357
-129.956   63.727       4.2357
-129.956   68.027       4.2357
-129.956   72.327       4.2357
-129.956   76.627       4.2357
-129.956   80.927       4.2357
-129.956   85.227       4.2357
-129.956   89.527       4.2357
-129.956   93.827       4.2357
-129.956   98.127       4.2357
-129.956  102.427       4.2357
-129.956  106.727       4.2357
-129.956  111.027       4.2357
-129.956  115.328       4.2357
-129.956  119.628       4.2357
-129.956  123.928       4.2357
-129.956  128.228       4.2357
-129.956  132.528       4.2357
-129.956  136.828       4.2357
-129.956  141.128       2.4498
-129.956  145.428       1.9532
-129.956  149.728       1.3431
-129.956  154.028       1.4227
-129.956  158.328       2.0075
-129.956  162.628       2.3929
-129.956  166.928       0.8474
-129.956  171.228       1.0480
-129.956  175.529       1.4335
-129.956  179.829       2.0993
-129.956  184.129       1.4785
-129.956  188.429       0.6944
-129.956  192.729       0.2103
-129.956  197.029       0.7233
-129.956  201.329       1.6233
-129.956  205.629       2.6624
-129.956  209.929       3.8225
-129.956  214.229       3.8225
-129.956  218.529       2.5126
-129.956  222.829       1.9797
-129.956  227.129       1.6086
-129.956  231.429       1.3339
-129.956  235.730       1.1810
-129.956  240.030       0.7607
-129.956  244.330       1.0202
-129.956  248.630       1.8150
-129.956  252.930       2.0365
-129.956  257.230       2.9960
-129.956  261.530       4.2357
-126.677 -164.177       4.2357
-126.677 -159.877       4.2357
-126.677 -155.577       4.2357
-126.677 -151.277       4.2357
-126.677 -146.977       4.2357
-126.677 -142.677       4.2357
-126.677 -138.377       4.2357
-126.677 -134.077       4.2357
-126.677 -129.776       4.2357
-126.677 -125.476       4.2357
-126.677 -121.176       4.2357
-126.677 -116.876       4.2357
-126.677 -112.576       4.2357
-126.677 -108.276       4.2357
-126.677 -103.976       4.2357
-126.677  -99.676       4.2357
-126.677  -95.376       4.2357
-126.677  -91.076       4.2357
-126.677  -86.776       4.2357
-126.677  -82.476       4.2357
-126.677  -78.176       4.2357
-126.677  -73.876       4.2357
-126.677  -69.575       4.2357
-126.677  -65.275       4.2357
-126.677  -60.975       4.2357
-126.677  -56.675       4.2357
-126.677  -52.375       4.2357
-126.677  -48.075       4.2357
-126.677  -43.775       4.2357
-126.677  -39.475       4.2357
-126.677  -35.175       4.2357
-126.677  -30.875       4.2357
-126.677  -26.575       4.2357
-126.677  -22.275       4.2357
-126.677  -17.975       4.2357
-126.677  -13.675       4.2357
-126.677   -9.374       4.2357
-126.677   -5.074       4.2357
-126.677   -0.774       4.2357
-126.677    3.526       4.2357
-126.677    7.826       4.2357
-126.677   12.126       4.2357
-126.677   16.426       4.2357
-126.677   20.726       4.2357
-126.677   25.026       4.2357
-126.677   29.326       4.2357
-126.677   33.626       4.2357
-126.677   37.926       4.2357
-126.677   42.226       4.2357
-126.677   46.526       4.2357
-126.677   50.827       4.2357
-126.677   55.127       4.2357
-126.677   59.427       4.2357
-126.677   63.727       4.2357
-126.677   68.027       4.2357
-126.677   72.327       4.2357
-126.677   76.627       4.2357
-126.677   80.927       4.2357
-126.677   85.227       4.2357
-126.677   89.527       4.2357
-126.677   93.827       4.2357
-126.677   98.127       4.2357
-126.677  102.427       4.2357
-126.677  106.727       4.2357
-126.677  111.027       4.2357
-126.677  115.328       4.2357
-126.677  119.628       4.2357
-126.677  123.928       4.2357
-126.677  128.228       4.2357
-126.677  132.528       4.2357
-126.677  136.828       4.2357
-126.677  141.128       2.5828
-126.677  145.428       1.8150
-126.677  149.728       1.3070
-126.677  154.028       1.3431
-126.677  158.328       1.7948
-126.677  162.628       2.4498
-126.677  166.928       1.0891
-126.677  171.228       1.2647
-126.677  175.529       1.7753
-126.677  179.829       2.6624
-126.677  184.129       1.5942
-126.677  188.429       0.7168
-126.677  192.729       0.3707
-126.677  197.029       0.8196
-126.677  201.329       1.7563
-126.677  205.629       3.1675
-126.677  209.929       4.2357
-126.677  214.229       3.4092
-126.677  218.529       3.1675
-126.677  222.829       2.0671
-126.677  227.129       1.4122
-126.677  231.429       1.2486
-126.677  235.730       1.1399
-126.677  240.030       0.8158
-126.677  244.330       0.8807
-126.677  248.630       1.6086
-126.677  252.930       1.8801
-126.677  257.230       2.4498
-126.677  261.530       3.4092
-123.398 -164.177       4.2357
-123.398 -159.877       4.2357
-123.398 -155.577       4.2357
-123.398 -151.277       4.2357
-123.398 -146.977       4.2357
-123.398 -142.677       4.2357
-123.398 -138.377       4.2357
-123.398 -134.077       4.2357
-123.398 -129.776       4.2357
-123.398 -125.476       4.2357
-123.398 -121.176       4.2357
-123.398 -116.876       4.2357
-123.398 -112.576       4.2357
-123.398 -108.276       4.2357
-123.398 -103.976       4.2357
-123.398  -99.676       4.2357
-123.398  -95.376       4.2357
-123.398  -91.076       4.2357
-123.398  -86.776       4.2357
-123.398  -82.476       4.2357
-123.398  -78.176       4.2357
-123.398  -73.876       4.2357
-123.398  -69.575       4.2357
-123.398  -65.275       4.2357
-123.398  -60.975       4.2357
-123.398  -56.675       4.2357
-123.398  -52.375       4.2357
-123.398  -48.075       4.2357
-123.398  -43.775       4.2357
-123.398  -39.475       4.2357
-123.398  -35.175       4.2357
-123.398  -30.875       4.2357
-123.398  -26.575       4.2357
-123.398  -22.275       4.2357
-123.398  -17.975       4.2357
-123.398  -13.675       4.2357
-123.398   -9.374       4.2357
-123.398   -5.074       4.2357
-123.398   -0.774       4.2357
-123.398    3.526       4.2357
-123.398    7.826       4.2357
-123.398   12.126       4.2357
-123.398   16.426       4.2357
-123.398   20.726       4.2357
-123.398   25.026       4.2357
-123.398   29.326       4.2357
-123.398   33.626       4.2357
-123.398   37.926       4.2357
-123.398   42.226       4.2357
-123.398   46.526       4.2357
-123.398   50.827       4.2357
-123.398   55.127       4.2357
-123.398   59.427       4.2357
-123.398   63.727       4.2357
-123.398   68.027       4.2357
-123.398   72.327       4.2357
-123.398   76.627       4.2357
-123.398   80.927       4.2357
-123.398   85.227       4.2357
-123.398   89.527       4.2357
-123.398   93.827       4.2357
-123.398   98.127       4.2357
-123.398  102.427       4.2357
-123.398  106.727       4.2357
-123.398  111.027       4.2357
-123.398  115.328       4.2357
-123.398  119.628       4.2357
-123.398  123.928       4.2357
-123.398  128.228       4.2357
-123.398  132.528       4.2357
-123.398  136.828       4.2357
-123.398  141.128       3.1675
-123.398  145.428       1.9035
-123.398  149.728       1.4903
-123.398  154.028       1.4444
-123.398  158.328       1.8359
-123.398  162.628       2.9960
-123.398  166.928       1.5802
-123.398  171.228       1.4669
-123.398  175.529       2.1334
-123.398  179.829       3.8225
-123.398  184.129       1.8150
-123.398  188.429       1.1333
-123.398  192.729       0.7266
-123.398  197.029       1.0711
-123.398  201.329       2.1334
-123.398  205.629       4.2357
-123.398  209.929       4.2357
-123.398  214.229       3.4092
-123.398  218.529       3.4092
-123.398  222.829       2.0993
-123.398  227.129       1.6384
-123.398  231.429       1.3248
-123.398  235.730       1.0423
-123.398  240.030       0.8235
-123.398  244.330       0.9070
-123.398  248.630       1.2983
-123.398  252.930       1.7753
-123.398  257.230       2.2492
-123.398  261.530       3.1675
-120.118 -164.177       4.2357
-120.118 -159.877       4.2357
-120.118 -155.577       4.2357
-120.118 -151.277       4.2357
-120.118 -146.977       4.2357
-120.118 -142.677       4.2357
-120.118 -138.377       4.2357
-120.118 -134.077       4.2357
-120.118 -129.776       4.2357
-120.118 -125.476       4.2357
-120.118 -121.176       4.2357
-120.118 -116.876       4.2357
-120.118 -112.576       4.2357
-120.118 -108.276       4.2357
-120.118 -103.976       4.2357
-120.118  -99.676       4.2357
-120.118  -95.376       4.2357
-120.118  -91.076       4.2357
-120.118  -86.776       4.2357
-120.118  -82.476       4.2357
-120.118  -78.176       4.2357
-120.118  -73.876       4.2357
-120.118  -69.575       4.2357
-120.118  -65.275       4.2357
-120.118  -60.975       4.2357
-120.118  -56.675       4.2357
-120.118  -52.375       4.2357
-120.118  -48.075       4.2357
-120.118  -43.775       4.2357
-120.118  -39.475       4.2357
-120.118  -35.175       4.2357
-120.118  -30.875       4.2357
-120.118  -26.575       4.2357
-120.118  -22.275       4.2357
-120.118  -17.975       4.2357
-120.118  -13.675       4.2357
-120.118   -9.374       4.2357
-120.118   -5.074       4.2357
-120.118   -0.774       4.2357
-120.118    3.526       4.2357
-120.118    7.826       4.2357
-120.118   12.126       4.2357
-120.118   16.426       4.2357
-120.118   20.726       4.2357
-120.118   25.026       4.2357
-120.118   29.326       4.2357
-120.118   33.626       4.2357
-120.118   37.926       4.2357
-120.118   42.226       4.2357
-120.118   46.526       4.2357
-120.118   50.827       4.2357
-120.118   55.127       4.2357
-120.118   59.427       4.2357
-120.118   63.727       4.2357
-120.118   68.027       4.2357
-120.118   72.327       4.2357
-120.118   76.627       4.2357
-120.118   80.927       4.2357
-120.118   85.227       4.2357
-120.118   89.527       4.2357
-120.118   93.827       4.2357
-120.118   98.127       4.2357
-120.118  102.427       4.2357
-120.118  106.727       4.2357
-120.118  111.027       4.2357
-120.118  115.328       4.2357
-120.118  119.628       4.2357
-120.118  123.928       4.2357
-120.118  128.228       4.2357
-120.118  132.528       4.2357
-120.118  136.828       4.2357
-120.118  141.128       4.2357
-120.118  145.428       2.4498
-120.118  149.728       1.7753
-120.118  154.028       1.4335
-120.118  158.328       2.0365
-120.118  162.628       3.4092
-120.118  166.928       2.2934
-120.118  171.228       1.4785
-120.118  175.529       1.7380
-120.118  179.829       3.1675
-120.118  184.129       2.8630
-120.118  188.429       1.4785
-120.118  192.729       1.0095
-120.118  197.029       1.2729
-120.118  201.329       2.2080
-120.118  205.629       4.2357
-120.118  209.929       4.2357
-120.118  214.229       3.1675
-120.118  218.529       2.7543
-120.118  222.829       1.8359
-120.118  227.129       1.5802
-120.118  231.429       1.2897
-120.118  235.730       1.0652
-120.118  240.030       0.8850
-120.118  244.330       0.9346
-120.118  248.630       1.3525
-120.118  252.930       1.9797
-120.118  257.230       2.0365
-120.118  261.530       3.1675
-116.839 -164.177       4.2357
-116.839 -159.877       4.2357
-116.839 -155.577       4.2357
-116.839 -151.277       4.2357
-116.839 -146.977       4.2357
-116.839 -142.677       4.2357
-116.839 -138.377       4.2357
-116.839 -134.077       4.2357
-116.839 -129.776       4.2357
-116.839 -125.476       4.2357
-116.839 -121.176       4.2357
-116.839 -116.876       4.2357
-116.839 -112.576       4.2357
-116.839 -108.276       4.2357
-116.839 -103.976       4.2357
-116.839  -99.676       4.2357
-116.839  -95.376       4.2357
-116.839  -91.076       4.2357
-116.839  -86.776       4.2357
-116.839  -82.476       4.2357
-116.839  -78.176       4.2357
-116.839  -73.876       4.2357
-116.839  -69.575       4.2357
-116.839  -65.275       4.2357
-116.839  -60.975       4.2357
-116.839  -56.675       4.2357
-116.839  -52.375       4.2357
-116.839  -48.075       4.2357
-116.839  -43.775       4.2357
-116.839  -39.475       4.2357
-116.839  -35.175       4.2357
-116.839  -30.875       4.2357
-116.839  -26.575       4.2357
-116.839  -22.275       4.2357
-116.839  -17.975       4.2357
-116.839  -13.675       4.2357
-116.839   -9.374       4.2357
-116.839   -5.074       4.2357
-116.839   -0.774       4.2357
-116.839    3.526       4.2357
-116.839    7.826       4.2357
-116.839   12.126       4.2357
-116.839   16.426       4.2357
-116.839   20.726       4.2357
-116.839   25.026       4.2357
-116.839   29.326       4.2357
-116.839   33.626       4.2357
-116.839   37.926       4.2357
-116.839   42.226       4.2357
-116.839   46.526       4.2357
-116.839   50.827       4.2357
-116.839   55.127       4.2357
-116.839   59.427       4.2357
-116.839   63.727       4.2357
-116.839   68.027       4.2357
-116.839   72.327       4.2357
-116.839   76.627       4.2357
-116.839   80.927       4.2357
-116.839   85.227       4.2357
-116.839   89.527       4.2357
-116.839   93.827       4.2357
-116.839   98.127       4.2357
-116.839  102.427       4.2357
-116.839  106.727       4.2357
-116.839  111.027       4.2357
-116.839  115.328       4.2357
-116.839  119.628       4.2357
-116.839  123.928       4.2357
-116.839  128.228       4.2357
-116.839  132.528       4.2357
-116.839  136.828       4.2357
-116.839  141.128       4.2357
-116.839  145.428       2.9960
-116.839  149.728       1.9035
-116.839  154.028       1.8150
-116.839  158.328       2.5126
-116.839  162.628       2.3411
-116.839  166.928       3.4092
-116.839  171.228       1.9278
-116.839  175.529       2.0671
-116.839  179.829       2.5126
-116.839  184.129       2.8630
-116.839  188.429       1.6861
-116.839  192.729       1.3339
-116.839  197.029       1.4555
-116.839  201.329       2.8630
-116.839  205.629       4.2357
-116.839  209.929       3.8225
-116.839  214.229       2.3929
-116.839  218.529       2.2080
-116.839  222.829       1.7029
-116.839  227.129       1.6233
-116.839  231.429       1.3248
-116.839  235.730       0.9393
-116.839  240.030       0.7713
-116.839  244.330       0.7969
-116.839  248.630       1.2027
-116.839  252.930       1.7380
-116.839  257.230       2.0365
-116.839  261.530       4.2357
-113.560 -164.177       4.2357
-113.560 -159.877       4.2357
-113.560 -155.577       4.2357
-113.560 -151.277       4.2357
-113.560 -146.977       4.2357
-113.560 -142.677       4.2357
-113.560 -138.377       4.2357
-113.560 -134.077       4.2357
-113.560 -129.776       4.2357
-113.560 -125.476       4.2357
-113.560 -121.176       4.2357
-113.560 -116.876       4.2357
-113.560 -112.576       4.2357
-113.560 -108.276       4.2357
-113.560 -103.976       4.2357
-113.560  -99.676       4.2357
-113.560  -95.376       4.2357
-113.560  -91.076       4.2357
-113.560  -86.776       4.2357
-113.560  -82.476       4.2357
-113.560  -78.176       4.2357
-113.560  -73.876       4.2357
-113.560  -69.575       4.2357
-113.560  -65.275       4.2357
-113.560  -60.975       4.2357
-113.560  -56.675       4.2357
-113.560  -52.375       4.2357
-113.560  -48.075       4.2357
-113.560  -43.775       4.2357
-113.560  -39.475       4.2357
-113.560  -35.175       4.2357
-113.560  -30.875       4.2357
-113.560  -26.575       4.2357
-113.560  -22.275       4.2357
-113.560  -17.975       4.2357
-113.560  -13.675       4.2357
-113.560   -9.374       4.2357
-113.560   -5.074       4.2357
-113.560   -0.774       4.2357
-113.560    3.526       4.2357
-113.560    7.826       4.2357
-113.560   12.126       4.2357
-113.560   16.426       4.2357
-113.560   20.726       4.2357
-113.560   25.026       4.2357
-113.560   29.326       4.2357
-113.560   33.626       4.2357
-113.560   37.926       4.2357
-113.560   42.226       4.2357
-113.560   46.526       4.2357
-113.560   50.827       4.2357
-113.560   55.127       4.2357
-113.560   59.427       4.2357
-113.560   63.727       4.2357
-113.560   68.027       4.2357
-113.560   72.327       4.2357
-113.560   76.627       4.2357
-113.560   80.927       4.2357
-113.560   85.227       4.2357
-113.560   89.527       4.2357
-113.560   93.827       4.2357
-113.560   98.127       4.2357
-113.560  102.427       4.2357
-113.560  106.727       4.2357
-113.560  111.027       4.2357
-113.560  115.328       4.2357
-113.560  119.628       4.2357
-113.560  123.928       4.2357
-113.560  128.228       4.2357
-113.560  132.528       4.2357
-113.560  136.828       4.2357
-113.560  141.128       4.2357
-113.560  145.428       2.1334
-113.560  149.728       1.9278
-113.560  154.028       1.8359
-113.560  158.328       2.0993
-113.560  162.628       2.8630
-113.560  166.928       2.3411
-113.560  171.228       1.9278
-113.560  175.529       1.7563
-113.560  179.829       3.8225
-113.560  184.129       3.4092
-113.560  188.429       2.4498
-113.560  192.729       1.4669
-113.560  197.029       1.7202
-113.560  201.329       3.4092
-113.560  205.629       4.2357
-113.560  209.929       3.4092
-113.560  214.229       2.2492
-113.560  218.529       1.9278
-113.560  222.829       1.7948
-113.560  227.129       1.5665
-113.560  231.429       1.3158
-113.560  235.730       0.9299
-113.560  240.030       0.8433
-113.560  244.330       0.8514
-113.560  248.630       1.5531
-113.560  252.930       1.9278
-113.560  257.230       2.5126
-113.560  261.530       3.1675
-110.280 -164.177       4.2357
-110.280 -159.877       4.2357
-110.280 -155.577       4.2357
-110.280 -151.277       4.2357
-110.280 -146.977       4.2357
-110.280 -142.677       4.2357
-110.280 -138.377       4.2357
-110.280 -134.077       4.2357
-110.280 -129.776       4.2357
-110.280 -125.476       4.2357
-110.280 -121.176       4.2357
-110.280 -116.876       4.2357
-110.280 -112.576       4.2357
-110.280 -108.276       4.2357
-110.280 -103.976       4.2357
-110.280  -99.676       4.2357
-110.280  -95.376       4.2357
-110.280  -91.076       4.2357
-110.280  -86.776       4.2357
-110.280  -82.476       4.2357
-110.280  -78.176       4.2357
-110.280  -73.876       4.2357
-110.280  -69.575       4.2357
-110.280  -65.275       4.2357
-110.280  -60.975       4.2357
-110.280  -56.675       4.2357
-110.280  -52.375       4.2357
-110.280  -48.075       4.2357
-110.280  -43.775       4.2357
-110.280  -39.475       4.2357
-110.280  -35.175       4.2357
-110.280  -30.875       4.2357
-110.280  -26.575       4.2357
-110.280  -22.275       4.2357
-110.280  -17.975       4.2357
-110.280  -13.675       4.2357
-110.280   -9.374       4.2357
-110.280   -5.074       4.2357
-110.280   -0.774       4.2357
-110.280    3.526       4.2357
-110.280    7.826       4.2357
-110.280   12.126       4.2357
-110.280   16.426       4.2357
-110.280   20.726       4.2357
-110.280   25.026       4.2357
-110.280   29.326       4.2357
-110.280   33.626       4.2357
-110.280   37.926       4.2357
-110.280   42.226       4.2357
-110.280   46.526       4.2357
-110.280   50.827       4.2357
-110.280   55.127       4.2357
-110.280   59.427       4.2357
-110.280   63.727       4.2357
-110.280   68.027       4.2357
-110.280   72.327       4.2357
-110.280   76.627       4.2357
-110.280   80.927       4.2357
-110.280   85.227       4.2357
-110.280   89.527       4.2357
-110.280   93.827       4.2357
-110.280   98.127       4.2357
-110.280  102.427       4.2357
-110.280  106.727       4.2357
-110.280  111.027       4.2357
-110.280  115.328       4.2357
-110.280  119.628       4.2357
-110.280  123.928       4.2357
-110.280  128.228       4.2357
-110.280  132.528       4.2357
-110.280  136.828       4.2357
-110.280  141.128       4.2357
-110.280  145.428       2.4498
-110.280  149.728       1.6539
-110.280  154.028       1.7753
-110.280  158.328       1.7753
-110.280  162.628       3.8225
-110.280  166.928       2.3411
-110.280  171.228       1.8801
-110.280  175.529       1.7563
-110.280  179.829       3.4092
-110.280  184.129       4.2357
-110.280  188.429       2.8630
-110.280  192.729       2.0993
-110.280  197.029       1.8576
-110.280  201.329       3.1675
-110.280  205.629       4.2357
-110.280  209.929       4.2357
-110.280  214.229       2.3929
-110.280  218.529       1.7753
-110.280  222.829       1.5802
-110.280  227.129       1.7380
-110.280  231.429       1.4669
-110.280  235.730       1.0042
-110.280  240.030       0.8006
-110.280  244.330       0.9937
-110.280  248.630       1.7753
-110.280  252.930       2.2934
-110.280  257.230       2.5126
-110.280  261.530       3.4092
-107.001 -164.177       4.2357
-107.001 -159.877       4.2357
-107.001 -155.577       4.2357
-107.001 -151.277       4.2357
-107.001 -146.977       4.2357
-107.001 -142.677       4.2357
-107.001 -138.377       4.2357
-107.001 -134.077       4.2357
-107.001 -129.776       4.2357
-107.001 -125.476       4.2357
-107.001 -121.176       4.2357
-107.001 -116.876       4.2357
-107.001 -112.576       4.2357
-107.001 -108.276       4.2357
-107.001 -103.976       4.2357
-107.001  -99.676       4.2357
-107.001  -95.376       4.2357
-107.001  -91.076       4.2357
-107.001  -86.776       4.2357
-107.001  -82.476       4.2357
-107.001  -78.176       4.2357
-107.001  -73.876       4.2357
-107.001  -69.575       4.2357
-107.001  -65.275       4.2357
-107.001  -60.975       4.2357
-107.001  -56.675       4.2357
-107.001  -52.375       4.2357
-107.001  -48.075       4.2357
-107.001  -43.775       4.2357
-107.001  -39.475       4.2357
-107.001  -35.175       4.2357
-107.001  -30.875       4.2357
-107.001  -26.575       4.2357
-107.001  -22.275       4.2357
-107.001  -17.975       4.2357
-107.001  -13.675       4.2357
-107.001   -9.374       4.2357
-107.001   -5.074       4.2357
-107.001   -0.774       4.2357
-107.001    3.526       4.2357
-107.001    7.826       4.2357
-107.001   12.126       4.2357
-107.001   16.426       4.2357
-107.001   20.726       4.2357
-107.001   25.026       4.2357
-107.001   29.326       4.2357
-107.001   33.626       4.2357
-107.001   37.926       4.2357
-107.001   42.226       4.2357
-107.001   46.526       4.2357
-107.001   50.827       4.2357
-107.001   55.127       4.2357
-107.001   59.427       4.2357
-107.001   63.727       4.2357
-107.001   68.027       4.2357
-107.001   72.327       4.2357
-107.001   76.627       4.2357
-107.001   80.927       4.2357
-107.001   85.227       4.2357
-107.001   89.527       4.2357
-107.001   93.827       4.2357
-107.001   98.127       4.2357
-107.001  102.427       4.2357
-107.001  106.727       4.2357
-107.001  111.027       4.2357
-107.001  115.328       4.2357
-107.001  119.628       4.2357
-107.001  123.928       4.2357
-107.001  128.228       4.2357
-107.001  132.528       4.2357
-107.001  136.828       4.2357
-107.001  141.128       4.2357
-107.001  145.428       2.0075
-107.001  149.728       2.0993
-107.001  154.028       1.6539
-107.001  158.328       1.5146
-107.001  162.628       3.1675
-107.001  166.928       2.6624
-107.001  171.228       3.1675
-107.001  175.529       2.3929
-107.001  179.829       2.8630
-107.001  184.129       4.2357
-107.001  188.429       4.2357
-107.001  192.729       2.5126
-107.001  197.029       2.2492
-107.001  201.329       3.8225
-107.001  205.629       4.2357
-107.001  209.929       4.2357
-107.001  214.229       2.7543
-107.001  218.529       1.5531
-107.001  222.829       1.5942
-107.001  227.129       1.6698
-107.001  231.429       1.4903
-107.001  235.730       1.0202
-107.001  240.030       0.9070
-107.001  244.330       1.1333
-107.001  248.630       1.5802
-107.001  252.930       2.0365
-107.001  257.230       2.7543
-107.001  261.530       4.2357
-103.722 -164.177       4.2357
-103.722 -159.877       4.2357
-103.722 -155.577       4.2357
-103.722 -151.277       4.2357
-103.722 -146.977       4.2357
-103.722 -142.677       4.2357
-103.722 -138.377       4.2357
-103.722 -134.077       4.2357
-103.722 -129.776       4.2357
-103.722 -125.476       4.2357
-103.722 -121.176       4.2357
-103.722 -116.876       4.2357
-103.722 -112.576       4.2357
-103.722 -108.276       4.2357
-103.722 -103.976       4.2357
-103.722  -99.676       4.2357
-103.722  -95.376       4.2357
-103.722  -91.076       4.2357
-103.722  -86.776       4.2357
-103.722  -82.476       4.2357
-103.722  -78.176       4.2357
-103.722  -73.876       4.2357
-103.722  -69.575       4.2357
-103.722  -65.275       4.2357
-103.722  -60.975       4.2357
-103.722  -56.675       4.2357
-103.722  -52.375       4.2357
-103.722  -48.075       4.2357
-103.722  -43.775       4.2357
-103.722  -39.475       4.2357
-103.722  -35.175       4.2357
-103.722  -30.875       4.2357
-103.722  -26.575       4.2357
-103.722  -22.275       4.2357
-103.722  -17.975       4.2357
-103.722  -13.675       4.2357
-103.722   -9.374       4.2357
-103.722   -5.074       4.2357
-103.722   -0.774       4.2357
-103.722    3.526       4.2357
-103.722    7.826       4.2357
-103.722   12.126       4.2357
-103.722   16.426       4.2357
-103.722   20.726       4.2357
-103.722   25.026       4.2357
-103.722   29.326       4.2357
-103.722   33.626       4.2357
-103.722   37.926       4.2357
-103.722   42.226       4.2357
-103.722   46.526       4.2357
-103.722   50.827       4.2357
-103.722   55.127       4.2357
-103.722   59.427       4.2357
-103.722   63.727       4.2357
-103.722   68.027       4.2357
-103.722   72.327       4.2357
-103.722   76.627       4.2357
-103.722   80.927       4.2357
-103.722   85.227       4.2357
-103.722   89.527       4.2357
-103.722   93.827       4.2357
-103.722   98.127       4.2357
-103.722  102.427       4.2357
-103.722  106.727       4.2357
-103.722  111.027       4.2357
-103.722  115.328       4.2357
-103.722  119.628       4.2357
-103.722  123.928       4.2357
-103.722  128.228       4.2357
-103.722  132.528       4.2357
-103.722  136.828       4.2357
-103.722  141.128       3.8225
-103.722  145.428       1.8359
-103.722  149.728       1.9035
-103.722  154.028       1.9532
-103.722  158.328       1.7563
-103.722  162.628       2.3929
-103.722  166.928       4.2357
-103.722  171.228       3.8225
-103.722  175.529       3.4092
-103.722  179.829       3.8225
-103.722  184.129       4.2357
-103.722  188.429       4.2357
-103.722  192.729       4.2357
-103.722  197.029       3.4092
-103.722  201.329       4.2357
-103.722  205.629       4.2357
-103.722  209.929       3.8225
-103.722  214.229       3.4092
-103.722  218.529       2.1696
-103.722  222.829       2.0075
-103.722  227.129       1.6384
-103.722  231.429       1.5023
-103.722  235.730       1.1333
-103.722  240.030       1.0594
-103.722  244.330       1.2647
-103.722  248.630       1.8150
-103.722  252.930       2.0075
-103.722  257.230       2.8630
-103.722  261.530       4.2357
-100.442 -164.177       4.2357
-100.442 -159.877       4.2357
-100.442 -155.577       4.2357
-100.442 -151.277       4.2357
-100.442 -146.977       4.2357
-100.442 -142.677       4.2357
-100.442 -138.377       4.2357
-100.442 -134.077       4.2357
-100.442 -129.776       4.2357
-100.442 -125.476       4.2357
-100.442 -121.176       4.2357
-100.442 -116.876       4.2357
-100.442 -112.576       4.2357
-100.442 -108.276       4.2357
-100.442 -103.976       4.2357
-100.442  -99.676       4.2357
-100.442  -95.376       4.2357
-100.442  -91.076       4.2357
-100.442  -86.776       4.2357
-100.442  -82.476       4.2357
-100.442  -78.176       4.2357
-100.442  -73.876       4.2357
-100.442  -69.575       4.2357
-100.442  -65.275       4.2357
-100.442  -60.975       4.2357
-100.442  -56.675       4.2357
-100.442  -52.375       4.2357
-100.442  -48.075       4.2357
-100.442  -43.775       4.2357
-100.442  -39.475       4.2357
-100.442  -35.175       4.2357
-100.442  -30.875       4.2357
-100.442  -26.575       4.2357
-100.442  -22.275       4.2357
-100.442  -17.975       4.2357
-100.442  -13.675       4.2357
-100.442   -9.374       4.2357
-100.442   -5.074       4.2357
-100.442   -0.774       4.2357
-100.442    3.526       4.2357
-100.442    7.826       4.2357
-100.442   12.126       4.2357
-100.442   16.426       4.2357
-100.442   20.726       4.2357
-100.442   25.026       4.2357
-100.442   29.326       4.2357
-100.442   33.626       4.2357
-100.442   37.926       4.2357
-100.442   42.226       4.2357
-100.442   46.526       4.2357
-100.442   50.827       4.2357
-100.442   55.127       4.2357
-100.442   59.427       4.2357
-100.442   63.727       4.2357
-100.442   68.027       4.2357
-100.442   72.327       4.2357
-100.442   76.627       4.2357
-100.442   80.927       4.2357
-100.442   85.227       4.2357
-100.442   89.527       4.2357
-100.442   93.827       4.2357
-100.442   98.127       4.2357
-100.442  102.427       4.2357
-100.442  106.727       4.2357
-100.442  111.027       4.2357
-100.442  115.328       4.2357
-100.442  119.628       4.2357
-100.442  123.928       4.2357
-100.442  128.228       4.2357
-100.442  132.528       4.2357
-100.442  136.828       4.2357
-100.442  141.128       3.4092
-100.442  145.428       1.8576
-100.442  149.728       1.7029
-100.442  154.028       2.2934
-100.442  158.328       2.2934
-100.442  162.628       2.6624
-100.442  166.928       4.2357
-100.442  171.228       4.2357
-100.442  175.529       4.2357
-100.442  179.829       4.2357
-100.442  184.129       4.2357
-100.442  188.429       4.2357
-100.442  192.729       4.2357
-100.442  197.029       4.2357
-100.442  201.329       4.2357
-100.442  205.629       4.2357
-100.442  209.929       4.2357
-100.442  214.229       4.2357
-100.442  218.529       2.2934
-100.442  222.829       1.7948
-100.442  227.129       1.8801
-100.442  231.429       1.4785
-100.442  235.730       1.1014
-100.442  240.030       1.1014
-100.442  244.330       1.6086
-100.442  248.630       1.8359
-100.442  252.930       2.3929
-100.442  257.230       4.2357
-100.442  261.530       4.2357
 -97.163 -164.177       4.2357
 -97.163 -159.877       4.2357
 -97.163 -155.577       4.2357
 -97.163 -151.277       4.2357
 -97.163 -146.977       4.2357
 -97.163 -142.677       4.2357
 -97.163 -138.377       4.2357
 -97.163 -134.077       4.2357
 -97.163 -129.776       4.2357
 -97.163 -125.476       4.2357
 -97.163 -121.176       4.2357
 -97.163 -116.876       4.2357
 -97.163 -112.576       4.2357
 -97.163 -108.276       4.2357
 -97.163 -103.976       4.2357
 -97.163  -99.676       4.2357
 -97.163  -95.376       4.2357
 -97.163  -91.076       4.2357
 -97.163  -86.776       4.2357
 -97.163  -82.476       4.2357
 -97.163  -78.176       4.2357
 -97.163  -73.876       4.2357
 -97.163  -69.575       4.2357
 -97.163  -65.275       4.2357
 -97.163  -60.975       4.2357
 -97.163  -56.675       4.2357
 -97.163  -52.375       4.2357
 -97.163  -48.075       4.2357
 -97.163  -43.775       4.2357
 -97.163  -39.475       4.2357
 -97.163  -35.175       4.2357
 -97.163  -30.875       4.2357
 -97.163  -26.575       4.2357
 -97.163  -22.275       4.2357
 -97.163  -17.975       4.2357
 -97.163  -13.675       4.2357
 -97.163   -9.374       4.2357
 -97.163   -5.074       4.2357
 -97.163   -0.774       4.2357
 -97.163    3.526       4.2357
 -97.163    7.826       4.2357
 -97.163   12.126       4.2357
 -97.163   16.426       4.2357
 -97.163   20.726       4.2357
 -97.163   25.026       4.2357
 -97.163   29.326       4.2357
 -97.163   33.626       4.2357
 -97.163   37.926       4.2357
 -97.163   42.226       4.2357
 -97.163   46.526       4.2357
 -97.163   50.827       4.2357
 -97.163   55.127       4.2357
 -97.163   59.427       4.2357
 -97.163   63.727       4.2357
 -97.163   68.027       4.2357
 -97.163   72.327       4.2357
 -97.163   76.627       4.2357
 -97.163   80.927       4.2357
 -97.163   85.227       4.2357
 -97.163   89.527       4.2357
 -97.163   93.827       4.2357
 -97.163   98.127       4.2357
 -97.163  102.427       4.2357
 -97.163  106.727       4.2357
 -97.163  111.027       4.2357
 -97.163  115.328       4.2357
 -97.163  119.628       4.2357
 -97.163  123.928       4.2357
 -97.163  128.228       4.2357
 -97.163  132.528       4.2357
 -97.163  136.828       4.2357
 -97.163  141.128       2.6624
 -97.163  145.428       1.8150
 -97.163  149.728       1.7380
 -97.163  154.028       2.1696
 -97.163  158.328       2.6624
 -97.163  162.628       3.8225
 -97.163  166.928       3.8225
 -97.163  171.228       4.2357
 -97.163  175.529       4.2357
 -97.163  179.829       4.2357
 -97.163  184.129       4.2357
 -97.163  188.429       4.2357
 -97.163  192.729       4.2357
 -97.163  197.029       4.2357
 -97.163  201.329       4.2357
 -97.163  205.629       4.2357
 -97.163  209.929       4.2357
 -97.163  214.229       4.2357
 -97.163  218.529       3.8225
 -97.163  222.829       2.2934
 -97.163  227.129       2.0365
 -97.163  231.429       1.4785
 -97.163  235.730       1.3431
 -97.163  240.030       1.2486
 -97.163  244.330       2.0993
 -97.163  248.630       2.6624
 -97.163  252.930       3.1675
 -97.163  257.230       4.2357
 -97.163  261.530       4.2357
 -93.884 -164.177       4.2357
 -93.884 -159.877       4.2357
 -93.884 -155.577       4.2357
 -93.884 -151.277       4.2357
 -93.884 -146.977       4.2357
 -93.884 -142.677       4.2357
 -93.884 -138.377       4.2357
 -93.884 -134.077       4.2357
 -93.884 -129.776       4.2357
 -93.884 -125.476       4.2357
 -93.884 -121.176       4.2357
 -93.884 -116.876       4.2357
 -93.884 -112.576       4.2357
 -93.884 -108.276       4.2357
 -93.884 -103.976       4.2357
 -93.884  -99.676       4.2357
 -93.884  -95.376       4.2357
 -93.884  -91.076       4.2357
 -93.884  -86.776       4.2357
 -93.884  -82.476       4.2357
 -93.884  -78.176       4.2357
 -93.884  -73.876       4.2357
 -93.884  -69.575       4.2357
 -93.884  -65.275       4.2357
 -93.884  -60.975       4.2357
 -93.884  -56.675       4.2357
 -93.884  -52.375       4.2357
 -93.884  -48.075       4.2357
 -93.884  -43.775       4.2357
 -93.884  -39.475       4.2357
 -93.884  -35.175       4.2357
 -93.884  -30.875       4.2357
 -93.884  -26.575       4.2357
 -93.884  -22.275       4.2357
 -93.884  -17.975       4.2357
 -93.884  -13.675       4.2357
 -93.884   -9.374       4.2357
 -93.884   -5.074       4.2357
 -93.884   -0.774       4.2357
 -93.884    3.526       4.2357
 -93.884    7.826       4.2357
 -93.884   12.126       4.2357
 -93.884   16.426       4.2357
 -93.884   20.726       4.2357
 -93.884   25.026       4.2357
 -93.884   29.326       4.2357
 -93.884   33.626       4.2357
 -93.884   37.926       4.2357
 -93.884   42.226       4.2357
 -93.884   46.526       4.2357
 -93.884   50.827       4.2357
 -93.884   55.127       4.2357
 -93.884   59.427       4.2357
 -93.884   63.727       4.2357
 -93.884   68.027       4.2357
 -93.884   72.327       4.2357
 -93.884   76.627       4.2357
 -93.884   80.927       4.2357
 -93.884   85.227       4.2357
 -93.884   89.527       4.2357
 -93.884   93.827       4.2357
 -93.884   98.127       4.2357
 -93.884  102.427       4.2357
 -93.884  106.727       4.2357
 -93.884  111.027       4.2357
 -93.884  115.328       4.2357
 -93.884  119.628       4.2357
 -93.884  123.928       4.2357
 -93.884  128.228       4.2357
 -93.884  132.528       4.2357
 -93.884  136.828       4.2357
 -93.884  141.128       2.7543
 -93.884  145.428       1.6233
 -93.884  149.728       1.7029
 -93.884  154.028       1.9035
 -93.884  158.328       2.6624
 -93.884  162.628       2.9960
 -93.884  166.928       3.8225
 -93.884  171.228       4.2357
 -93.884  175.529       4.2357
 -93.884  179.829       4.2357
 -93.884  184.129       4.2357
 -93.884  188.429       4.2357
 -93.884  192.729       4.2357
 -93.884  197.029       4.2357
 -93.884  201.329       4.2357
 -93.884  205.629       4.2357
 -93.884  209.929       4.2357
 -93.884  214.229       4.2357
 -93.884  218.529       3.8225
 -93.884  222.829       4.2357
 -93.884  227.129       1.8576
 -93.884  231.429       1.7029
 -93.884  235.730       1.8576
 -93.884  240.030       1.8150
 -93.884  244.330       2.5126
 -93.884  248.630       2.3929
 -93.884  252.930       3.4092
 -93.884  257.230       4.2357
 -93.884  261.530       4.2357
 -90.604 -164.177       4.2357
 -90.604 -159.877       4.2357
 -90.604 -155.577       4.2357
 -90.604 -151.277       4.2357
 -90.604 -146.977       4.2357
 -90.604 -142.677       4.2357
 -90.604 -138.377       4.2357
 -90.604 -134.077       4.2357
 -90.604 -129.776       4.2357
 -90.604 -125.476       4.2357
 -90.604 -121.176       4.2357
 -90.604 -116.876       4.2357
 -90.604 -112.576       4.2357
 -90.604 -108.276       4.2357
 -90.604 -103.976       4.2357
 -90.604  -99.676       4.2357
 -90.604  -95.376       4.2357
 -90.604  -91.076       4.2357
 -90.604  -86.776       4.2357
 -90.604  -82.476       4.2357
 -90.604  -78.176       4.2357
 -90.604  -73.876       4.2357
 -90.604  -69.575       4.2357
 -90.604  -65.275       4.2357
 -90.604  -60.975       4.2357
 -90.604  -56.675       4.2357
 -90.604  -52.375       4.2357
 -90.604  -48.075       4.2357
 -90.604  -43.775       4.2357
 -90.604  -39.475       4.2357
 -90.604  -35.175       4.2357
 -90.604  -30.875       4.2357
 -90.604  -26.575       4.2357
 -90.604  -22.275       4.2357
 -90.604  -17.975       4.2357
 -90.604  -13.675       4.2357
 -90.604   -9.374       4.2357
 -90.604   -5.074       4.2357
 -90.604   -0.774       4.2357
 -90.604    3.526       4.2357
 -90.604    7.826       4.2357
 -90.604   12.126       4.2357
 -90.604   16.426       4.2357
 -90.604   20.726       4.2357
 -90.604   25.026       4.2357
 -90.604   29.326       4.2357
 -90.604   33.626       4.2357
 -90.604   37.926       4.2357
 -90.604   42.226       4.2357
 -90.604   46.526       4.2357
 -90.604   50.827       4.2357
 -90.604   55.127       4.2357
 -90.604   59.427       4.2357
 -90.604   63.727       4.2357
 -90.604   68.027       4.2357
 -90.604   72.327       4.2357
 -90.604   76.627       4.2357
 -90.604   80.927       4.2357
 -90.604   85.227       4.2357
 -90.604   89.527       4.2357
 -90.604   93.827       4.2357
 -90.604   98.127       4.2357
 -90.604  102.427       4.2357
 -90.604  106.727       4.2357
 -90.604  111.027       4.2357
 -90.604  115.328       4.2357
 -90.604  119.628       4.2357
 -90.604  123.928       4.2357
 -90.604  128.228       4.2357
 -90.604  132.528       4.2357
 -90.604  136.828       4.2357
 -90.604  141.128       4.2357
 -90.604  145.428       2.0075
 -90.604  149.728       1.8576
 -90.604  154.028       1.9797
 -90.604  158.328       2.5126
 -90.604  162.628       2.2080
 -90.604  166.928       2.7543
 -90.604  171.228       4.2357
 -90.604  175.529       4.2357
 -90.604  179.829       4.2357
 -90.604  184.129       4.2357
 -90.604  188.429       4.2357
 -90.604  192.729       4.2357
 -90.604  197.029       4.2357
 -90.604  201.329       4.2357
 -90.604  205.629       4.2357
 -90.604  209.929       4.2357
 -90.604  214.229       4.2357
 -90.604  218.529       4.2357
 -90.604  222.829       3.8225
 -90.604  227.129       1.9532
 -90.604  231.429       1.7753
 -90.604  235.730       2.0671
 -90.604  240.030       2.1334
 -90.604  244.330       2.4498
 -90.604  248.630       2.8630
 -90.604  252.930       4.2357
 -90.604  257.230       4.2357
 -90.604  261.530       4.2357
 -87.325 -164.177       4.2357
 -87.325 -159.877       4.2357
 -87.325 -155.577       4.2357
 -87.325 -151.277       4.2357
 -87.325 -146.977       4.2357
 -87.325 -142.677       4.2357
 -87.325 -138.377       4.2357
 -87.325 -134.077       4.2357
 -87.325 -129.776       4.2357
 -87.325 -125.476       4.2357
 -87.325 -121.176       4.2357
 -87.325 -116.876       4.2357
 -87.325 -112.576       4.2357
 -87.325 -108.276       4.2357
 -87.325 -103.976       4.2357
 -87.325  -99.676       4.2357
 -87.325  -95.376       4.2357
 -87.325  -91.076       4.2357
 -87.325  -86.776       4.2357
 -87.325  -82.476       4.2357
 -87.325  -78.176       4.2357
 -87.325  -73.876       4.2357
 -87.325  -69.575       4.2357
 -87.325  -65.275       4.2357
 -87.325  -60.975       4.2357
 -87.325  -56.675       4.2357
 -87.325  -52.375       4.2357
 -87.325  -48.075       4.2357
 -87.325  -43.775       4.2357
 -87.325  -39.475       4.2357
 -87.325  -35.175       4.2357
 -87.325  -30.875       4.2357
 -87.325  -26.575       4.2357
 -87.325  -22.275       4.2357
 -87.325  -17.975       4.2357
 -87.325  -13.675       4.2357
 -87.325   -9.374       4.2357
 -87.325   -5.074       4.2357
 -87.325   -0.774       4.2357
 -87.325    3.526       4.2357
 -87.325    7.826       4.2357
 -87.325   12.126       4.2357
 -87.325   16.426       4.2357
 -87.325   20.726       4.2357
 -87.325   25.026       4.2357
 -87.325   29.326       4.2357
 -87.325   33.626       4.2357
 -87.325   37.926       4.2357
 -87.325   42.226       4.2357
 -87.325   46.526       4.2357
 -87.325   50.827       4.2357
 -87.325   55.127       4.2357
 -87.325   59.427       4.2357
 -87.325   63.727       4.2357
 -87.325   68.027       4.2357
 -87.325   72.327       4.2357
 -87.325   76.627       4.2357
 -87.325   80.927       4.2357
 -87.325   85.227       4.2357
 -87.325   89.527       4.2357
 -87.325   93.827       4.2357
 -87.325   98.127       4.2357
 -87.325  102.427       4.2357
 -87.325  106.727       4.2357
 -87.325  111.027       4.2357
 -87.325  115.328       4.2357
 -87.325  119.628       4.2357
 -87.325  123.928       3.4092
 -87.325  128.228       3.8225
 -87.325  132.528       4.2357
 -87.325  136.828       4.2357
 -87.325  141.128       3.8225
 -87.325  145.428       2.7543
 -87.325  149.728       1.9035
 -87.325  154.028       2.4498
 -87.325  158.328       4.2357
 -87.325  162.628       2.4498
 -87.325  166.928       3.8225
 -87.325  171.228       4.2357
 -87.325  175.529       4.2357
 -87.325  179.829       4.2357
 -87.325  184.129       4.2357
 -87.325  188.429       4.2357
 -87.325  192.729       4.2357
 -87.325  197.029       4.2357
 -87.325  201.329       4.2357
 -87.325  205.629       4.2357
 -87.325  209.929       4.2357
 -87.325  214.229       4.2357
 -87.325  218.529       4.2357
 -87.325  222.829       4.2357
 -87.325  227.129       1.8801
 -87.325  231.429       1.7948
 -87.325  235.730       2.0075
 -87.325  240.030       2.5126
 -87.325  244.330       2.3929
 -87.325  248.630       2.4498
 -87.325  252.930       4.2357
 -87.325  257.230       4.2357
 -87.325  261.530       4.2357
 -84.046 -164.177       4.2357
 -84.046 -159.877       4.2357
 -84.046 -155.577       4.2357
 -84.046 -151.277       4.2357
 -84.046 -146.977       4.2357
 -84.046 -142.677       4.2357
 -84.046 -138.377       4.2357
 -84.046 -134.077       4.2357
 -84.046 -129.776       4.2357
 -84.046 -125.476       4.2357
 -84.046 -121.176       4.2357
 -84.046 -116.876       4.2357
 -84.046 -112.576       4.2357
 -84.046 -108.276       4.2357
 -84.046 -103.976       4.2357
 -84.046  -99.676       4.2357
 -84.046  -95.376       4.2357
 -84.046  -91.076       4.2357
 -84.046  -86.776       4.2357
 -84.046  -82.476       4.2357
 -84.046  -78.176       4.2357
 -84.046  -73.876       4.2357
 -84.046  -69.575       4.2357
 -84.046  -65.275       4.2357
 -84.046  -60.975       4.2357
 -84.046  -56.675       4.2357
 -84.046  -52.375       4.2357
 -84.046  -48.075       4.2357
 -84.046  -43.775       4.2357
 -84.046  -39.475       4.2357
 -84.046  -35.175       4.2357
 -84.046  -30.875       4.2357
 -84.046  -26.575       4.2357
 -84.046  -22.275       4.2357
 -84.046  -17.975       4.2357
 -84.046  -13.675       4.2357
 -84.046   -9.374       4.2357
 -84.046   -5.074       4.2357
 -84.046   -0.774       4.2357
 -84.046    3.526       4.2357
 -84.046    7.826       4.2357
 -84.046   12.126       4.2357
 -84.046   16.426       4.2357
 -84.046   20.726       4.2357
 -84.046   25.026       4.2357
 -84.046   29.326       4.2357
 -84.046   33.626       4.2357
 -84.046   37.926       4.2357
 -84.046   42.226       4.2357
 -84.046   46.526       4.2357
 -84.046   50.827       4.2357
 -84.046   55.127       4.2357
 -84.046   59.427       4.2357
 -84.046   63.727       4.2357
 -84.046   68.027       4.2357
 -84.046   72.327       4.2357
 -84.046   76.627       4.2357
 -84.046   80.927       4.2357
 -84.046   85.227       4.2357
 -84.046   89.527       4.2357
 -84.046   93.827       4.2357
 -84.046   98.127       4.2357
 -84.046  102.427       4.2357
 -84.046  106.727       4.2357
 -84.046  111.027       4.2357
 -84.046  115.328       4.2357
 -84.046  119.628       4.2357
 -84.046  123.928       3.8225
 -84.046  128.228       3.1675
 -84.046  132.528       3.8225
 -84.046  136.828       3.8225
 -84.046  141.128       2.9960
 -84.046  145.428       2.7543
 -84.046  149.728       2.0075
 -84.046  154.028       2.1696
 -84.046  158.328       4.2357
 -84.046  162.628       3.1675
 -84.046  166.928       3.8225
 -84.046  171.228       4.2357
 -84.046  175.529       4.2357
 -84.046  179.829       4.2357
 -84.046  184.129       4.2357
 -84.046  188.429       4.2357
 -84.046  192.729       4.2357
 -84.046  197.029       4.2357
 -84.046  201.329       4.2357
 -84.046  205.629       4.2357
 -84.046  209.929       4.2357
 -84.046  214.229       4.2357
 -84.046  218.529       4.2357
 -84.046  222.829       2.8630
 -84.046  227.129       2.2080
 -84.046  231.429       1.8801
 -84.046  235.730       2.2080
 -84.046  240.030       3.1675
 -84.046  244.330       2.3929
 -84.046  248.630       2.8630
 -84.046  252.930       4.2357
 -84.046  257.230       4.2357
 -84.046  261.530       4.2357
 -80.767 -164.177       4.2357
 -80.767 -159.877       4.2357
 -80.767 -155.577       4.2357
 -80.767 -151.277       4.2357
 -80.767 -146.977       4.2357
 -80.767 -142.677       4.2357
 -80.767 -138.377       4.2357
 -80.767 -134.077       4.2357
 -80.767 -129.776       4.2357
 -80.767 -125.476       4.2357
 -80.767 -121.176       4.2357
 -80.767 -116.876       4.2357
 -80.767 -112.576       4.2357
 -80.767 -108.276       4.2357
 -80.767 -103.976       4.2357
 -80.767  -99.676       4.2357
 -80.767  -95.376       4.2357
 -80.767  -91.076       4.2357
 -80.767  -86.776       4.2357
 -80.767  -82.476       4.2357
 -80.767  -78.176       4.2357
 -80.767  -73.876       4.2357
 -80.767  -69.575       4.2357
 -80.767  -65.275       4.2357
 -80.767  -60.975       4.2357
 -80.767  -56.675       4.2357
 -80.767  -52.375       4.2357
 -80.767  -48.075       4.2357
 -80.767  -43.775       4.2357
 -80.767  -39.475       4.2357
 -80.767  -35.175       4.2357
 -80.767  -30.875       4.2357
 -80.767  -26.575       4.2357
 -80.767  -22.275       4.2357
 -80.767  -17.975       4.2357
 -80.767  -13.675       4.2357
 -80.767   -9.374       4.2357
 -80.767   -5.074       4.2357
 -80.767   -0.774       4.2357
 -80.767    3.526       4.2357
 -80.767    7.826       4.2357
 -80.767   12.126       4.2357
 -80.767   16.426       4.2357
 -80.767   20.726       4.2357
 -80.767   25.026       4.2357
 -80.767   29.326       4.2357
 -80.767   33.626       4.2357
 -80.767   37.926       4.2357
 -80.767   42.226       4.2357
 -80.767   46.526       4.2357
 -80.767   50.827       4.2357
 -80.767   55.127       4.2357
 -80.767   59.427       4.2357
 -80.767   63.727       4.2357
 -80.767   68.027       4.2357
 -80.767   72.327       4.2357
 -80.767   76.627       4.2357
 -80.767   80.927       4.2357
 -80.767   85.227       4.2357
 -80.767   89.527       4.2357
 -80.767   93.827       4.2357
 -80.767   98.127       4.2357
 -80.767  102.427       4.2357
 -80.767  106.727       4.2357
 -80.767  111.027       4.2357
 -80.767  115.328       4.2357
 -80.767  119.628       4.2357
 -80.767  123.928       3.1675
 -80.767  128.228       2.3411
 -80.767  132.528       2.8630
 -80.767  136.828       2.9960
 -80.767  141.128       2.6624
 -80.767  145.428       2.2934
 -80.767  149.728       1.7753
 -80.767  154.028       2.2934
 -80.767  158.328       3.8225
 -80.767  162.628       3.1675
 -80.767  166.928       4.2357
 -80.767  171.228       4.2357
 -80.767  175.529       4.2357
 -80.767  179.829       4.2357
 -80.767  184.129       4.2357
 -80.767  188.429       4.2357
 -80.767  192.729       4.2357
 -80.767  197.029       4.2357
 -80.767  201.329       4.2357
 -80.767  205.629       4.2357
 -80.767  209.929       4.2357
 -80.767  214.229       4.2357
 -80.767  218.529       4.2357
 -80.767  222.829       2.9960
 -80.767  227.129       2.7543
 -80.767  231.429       1.7948
 -80.767  235.730       2.5828
 -80.767  240.030       2.9960
 -80.767  244.330       4.2357
 -80.767  248.630       4.2357
 -80.767  252.930       4.2357
 -80.767  257.230       4.2357
 -80.767  261.530       4.2357
 -77.487 -164.177       4.2357
 -77.487 -159.877       4.2357
 -77.487 -155.577       4.2357
 -77.487 -151.277       4.2357
 -77.487 -146.977       4.2357
 -77.487 -142.677       4.2357
 -77.487 -138.377       4.2357
 -77.487 -134.077       4.2357
 -77.487 -129.776       4.2357
 -77.487 -125.476       4.2357
 -77.487 -121.176       4.2357
 -77.487 -116.876       4.2357
 -77.487 -112.576       4.2357
 -77.487 -108.276       4.2357
 -77.487 -103.976       4.2357
 -77.487  -99.676       4.2357
 -77.487  -95.376       4.2357
 -77.487  -91.076       4.2357
 -77.487  -86.776       4.2357
 -77.487  -82.476       4.2357
 -77.487  -78.176       4.2357
 -77.487  -73.876       4.2357
 -77.487  -69.575       4.2357
 -77.487  -65.275       4.2357
 -77.487  -60.975       4.2357
 -77.487  -56.675       4.2357
 -77.487  -52.375       4.2357
 -77.487  -48.075       4.2357
 -77.487  -43.775       4.2357
 -77.487  -39.475       4.2357
 -77.487  -35.175       4.2357
 -77.487  -30.875       4.2357
 -77.487  -26.575       4.2357
 -77.487  -22.275       4.2357
 -77.487  -17.975       4.2357
 -77.487  -13.675       4.2357
 -77.487   -9.374       4.2357
 -77.487   -5.074       4.2357
 -77.487   -0.774       4.2357
 -77.487    3.526       4.2357
 -77.487    7.826       4.2357
 -77.487   12.126       4.2357
 -77.487   16.426       4.2357
 -77.487   20.726       4.2357
 -77.487   25.026       4.2357
 -77.487   29.326       4.2357
 -77.487   33.626       4.2357
 -77.487   37.926       4.2357
 -77.487   42.226       4.2357
 -77.487   46.526       4.2357
 -77.487   50.827       4.2357
 -77.487   55.127       4.2357
 -77.487   59.427       4.2357
 -77.487   63.727       4.2357
 -77.487   68.027       4.2357
 -77.487   72.327       4.2357
 -77.487   76.627       4.2357
 -77.487   80.927       4.2357
 -77.487   85.227       4.2357
 -77.487   89.527       4.2357
 -77.487   93.827       4.2357
 -77.487   98.127       4.2357
 -77.487  102.427       4.2357
 -77.487  106.727       4.2357
 -77.487  111.027       4.2357
 -77.487  115.328       4.2357
 -77.487  119.628       4.2357
 -77.487  123.928       3.8225
 -77.487  128.228       2.3929
 -77.487  132.528       2.1334
 -77.487  136.828       2.7543
 -77.487  141.128       2.3411
 -77.487  145.428       1.9532
 -77.487  149.728       1.9035
 -77.487  154.028       2.2492
 -77.487  158.328       4.2357
 -77.487  162.628       3.8225
 -77.487  166.928       4.2357
 -77.487  171.228       4.2357
 -77.487  175.529       4.2357
 -77.487  179.829       4.2357
 -77.487  184.129       4.2357
 -77.487  188.429       4.2357
 -77.487  192.729       4.2357
 -77.487  197.029       4.2357
 -77.487  201.329       4.2357
 -77.487  205.629       4.2357
 -77.487  209.929       4.2357
 -77.487  214.229       4.2357
 -77.487  218.529       4.2357
 -77.487  222.829       2.5828
 -77.487  227.129       2.7543
 -77.487  231.429       1.8359
 -77.487  235.730       2.3929
 -77.487  240.030       3.4092
 -77.487  244.330       4.2357
 -77.487  248.630       4.2357
 -77.487  252.930       4.2357
 -77.487  257.230       4.2357
 -77.487  261.530       4.2357
 -74.208 -164.177       4.2357
 -74.208 -159.877       4.2357
 -74.208 -155.577       4.2357
 -74.208 -151.277       4.2357
 -74.208 -146.977       4.2357
 -74.208 -142.677       4.2357
 -74.208 -138.377       4.2357
 -74.208 -134.077       4.2357
 -74.208 -129.776       4.2357
 -74.208 -125.476       4.2357
 -74.208 -121.176       4.2357
 -74.208 -116.876       4.2357
 -74.208 -112.576       4.2357
 -74.208 -108.276       4.2357
 -74.208 -103.976       4.2357
 -74.208  -99.676       4.2357
 -74.208  -95.376       4.2357
 -74.208  -91.076       4.2357
 -74.208  -86.776       4.2357
 -74.208  -82.476       4.2357
 -74.208  -78.176       4.2357
 -74.208  -73.876       4.2357
 -74.208  -69.575       4.2357
 -74.208  -65.275       4.2357
 -74.208  -60.975       4.2357
 -74.208  -56.675       4.2357
 -74.208  -52.375       4.2357
 -74.208  -48.075       4.2357
 -74.208  -43.775       4.2357
 -74.208  -39.475       4.2357
 -74.208  -35.175       4.2357
 -74.208  -30.875       4.2357
 -74.208  -26.575       4.2357
 -74.208  -22.275       4.2357
 -74.208  -17.975       4.2357
 -74.208  -13.675       4.2357
 -74.208   -9.374       4.2357
 -74.208   -5.074       4.2357
 -74.208   -0.774       4.2357
 -74.208    3.526       4.2357
 -74.208    7.826       4.2357
 -74.208   12.126       4.2357
 -74.208   16.426       4.2357
 -74.208   20.726       4.2357
 -74.208   25.026       4.2357
 -74.208   29.326       4.2357
 -74.208   33.626       4.2357
 -74.208   37.926       4.2357
 -74.208   42.226       4.2357
 -74.208   46.526       4.2357
 -74.208   50.827       4.2357
 -74.208   55.127       4.2357
 -74.208   59.427       4.2357
 -74.208   63.727       4.2357
 -74.208   68.027       4.2357
 -74.208   72.327       4.2357
 -74.208   76.627       4.2357
 -74.208   80.927       4.2357
 -74.208   85.227       4.2357
 -74.208   89.527       4.2357
 -74.208   93.827       4.2357
 -74.208   98.127       4.2357
 -74.208  102.427       4.2357
 -74.208  106.727       4.2357
 -74.208  111.027       4.2357
 -74.208  115.328       4.2357
 -74.208  119.628       4.2357
 -74.208  123.928       4.2357
 -74.208  128.228       3.1675
 -74.208  132.528       2.9960
 -74.208  136.828       2.9960
 -74.208  141.128       2.2080
 -74.208  145.428       1.7948
 -74.208  149.728       2.2934
 -74.208  154.028       2.6624
 -74.208  158.328       2.9960
 -74.208  162.628       3.8225
 -74.208  166.928       4.2357
 -74.208  171.228       4.2357
 -74.208  175.529       4.2357
 -74.208  179.829       4.2357
 -74.208  184.129       4.2357
 -74.208  188.429       4.2357
 -74.208  192.729       4.2357
 -74.208  197.029       4.2357
 -74.208  201.329       4.2357
 -74.208  205.629       4.2357
 -74.208  209.929       4.2357
 -74.208  214.229       4.2357
 -74.208  218.529       4.2357
 -74.208  222.829       3.4092
 -74.208  227.129       2.6624
 -74.208  231.429       2.5126
 -74.208  235.730       2.6624
 -74.208  240.030       4.2357
 -74.208  244.330       4.2357
 -74.208  248.630       4.2357
 -74.208  252.930       4.2357
 -74.208  257.230       4.2357
 -74.208  261.530       4.2357
 -70.929 -164.177       4.2357
 -70.929 -159.877       4.2357
 -70.929 -155.577       4.2357
 -70.929 -151.277       4.2357
 -70.929 -146.977       4.2357
 -70.929 -142.677       4.2357
 -70.929 -138.377       4.2357
 -70.929 -134.077       4.2357
 -70.929 -129.776       4.2357
 -70.929 -125.476       4.2357
 -70.929 -121.176       4.2357
 -70.929 -116.876       4.2357
 -70.929 -112.576       4.2357
 -70.929 -108.276       4.2357
 -70.929 -103.976       4.2357
 -70.929  -99.676       4.2357
 -70.929  -95.376       4.2357
 -70.929  -91.076       4.2357
 -70.929  -86.776       4.2357
 -70.929  -82.476       4.2357
 -70.929  -78.176       4.2357
 -70.929  -73.876       4.2357
 -70.929  -69.575       4.2357
 -70.929  -65.275       4.2357
 -70.929  -60.975       4.2357
 -70.929  -56.675       4.2357
 -70.929  -52.375       4.2357
 -70.929  -48.075       4.2357
 -70.929  -43.775       4.2357
 -70.929  -39.475       4.2357
 -70.929  -35.175       4.2357
 -70.929  -30.875       4.2357
 -70.929  -26.575       4.2357
 -70.929  -22.275       4.2357
 -70.929  -17.975       4.2357
 -70.929  -13.675       4.2357
 -70.929   -9.374       4.2357
 -70.929   -5.074       4.2357
 -70.929   -0.774       4.2357
 -70.929    3.526       4.2357
 -70.929    7.826       4.2357
 -70.929   12.126       4.2357
 -70.929   16.426       4.2357
 -70.929   20.726       4.2357
 -70.929   25.026       4.2357
 -70.929   29.326       4.2357
 -70.929   33.626       4.2357
 -70.929   37.926       4.2357
 -70.929   42.226       4.2357
 -70.929   46.526       4.2357
 -70.929   50.827       4.2357
 -70.929   55.127       4.2357
 -70.929   59.427       4.2357
 -70.929   63.727       4.2357
 -70.929   68.027       4.2357
 -70.929   72.327       4.2357
 -70.929   76.627       4.2357
 -70.929   80.927       4.2357
 -70.929   85.227       4.2357
 -70.929   89.527       4.2357
 -70.929   93.827       4.2357
 -70.929   98.127       4.2357
 -70.929  102.427       4.2357
 -70.929  106.727       4.2357
 -70.929  111.027       4.2357
 -70.929  115.328       4.2357
 -70.929  119.628       4.2357
 -70.929  123.928       4.2357
 -70.929  128.228       3.8225
 -70.929  132.528       3.4092
 -70.929  136.828       3.4092
 -70.929  141.128       3.4092
 -70.929  145.428       2.2080
 -70.929  149.728       2.0671
 -70.929  154.028       2.2934
 -70.929  158.328       2.6624
 -70.929  162.628       3.8225
 -70.929  166.928       4.2357
 -70.929  171.228       4.2357
 -70.929  175.529       4.2357
 -70.929  179.829       4.2357
 -70.929  184.129       4.2357
 -70.929  188.429       4.2357
 -70.929  192.729       4.2357
 -70.929  197.029       4.2357
 -70.929  201.329       4.2357
 -70.929  205.629       4.2357
 -70.929  209.929       4.2357
 -70.929  214.229       4.2357
 -70.929  218.529       4.2357
 -70.929  222.829       4.2357
 -70.929  227.129       3.1675
 -70.929  231.429       3.4092
 -70.929  235.730       4.2357
 -70.929  240.030       4.2357
 -70.929  244.330       4.2357
 -70.929  248.630       4.2357
 -70.929  252.930       4.2357
 -70.929  257.230       4.2357
 -70.929  261.530       4.2357
 -67.649 -164.177       4.2357
 -67.649 -159.877       4.2357
 -67.649 -155.577       4.2357
 -67.649 -151.277       4.2357
 -67.649 -146.977       4.2357
 -67.649 -142.677       4.2357
 -67.649 -138.377       4.2357
 -67.649 -134.077       4.2357
 -67.649 -129.776       4.2357
 -67.649 -125.476       4.2357
 -67.649 -121.176       4.2357
 -67.649 -116.876       4.2357
 -67.649 -112.576       4.2357
 -67.649 -108.276       4.2357
 -67.649 -103.976       4.2357
 -67.649  -99.676       4.2357
 -67.649  -95.376       4.2357
 -67.649  -91.076       4.2357
 -67.649  -86.776       4.2357
 -67.649  -82.476       4.2357
 -67.649  -78.176       4.2357
 -67.649  -73.876       4.2357
 -67.649  -69.575       4.2357
 -67.649  -65.275       4.2357
 -67.649  -60.975       4.2357
 -67.649  -56.675       4.2357
 -67.649  -52.375       4.2357
 -67.649  -48.075       4.2357
 -67.649  -43.775       4.2357
 -67.649  -39.475       4.2357
 -67.649  -35.175       4.2357
 -67.649  -30.875       4.2357
 -67.649  -26.575       4.2357
 -67.649  -22.275       4.2357
 -67.649  -17.975       4.2357
 -67.649  -13.675       4.2357
 -67.649   -9.374       4.2357
 -67.649   -5.074       4.2357
 -67.649   -0.774       4.2357
 -67.649    3.526       4.2357
 -67.649    7.826       4.2357
 -67.649   12.126       4.2357
 -67.649   16.426       4.2357
 -67.649   20.726       4.2357
 -67.649   25.026       4.2357
 -67.649   29.326       4.2357
 -67.649   33.626       4.2357
 -67.649   37.926       4.2357
 -67.649   42.226       4.2357
 -67.649   46.526       4.2357
 -67.649   50.827       4.2357
 -67.649   55.127       4.2357
 -67.649   59.427       4.2357
 -67.649   63.727       4.2357
 -67.649   68.027       4.2357
 -67.649   72.327       4.2357
 -67.649   76.627       4.2357
 -67.649   80.927       4.2357
 -67.649   85.227       4.2357
 -67.649   89.527       4.2357
 -67.649   93.827       4.2357
 -67.649   98.127       4.2357
 -67.649  102.427       4.2357
 -67.649  106.727       4.2357
 -67.649  111.027       4.2357
 -67.649  115.328       4.2357
 -67.649  119.628       4.2357
 -67.649  123.928       4.2357
 -67.649  128.228       3.8225
 -67.649  132.528       3.4092
 -67.649  136.828       3.8225
 -67.649  141.128       2.3411
 -67.649  145.428       2.2934
 -67.649  149.728       1.7753
 -67.649  154.028       1.6539
 -67.649  158.328       1.9532
 -67.649  162.628       3.8225
 -67.649  166.928       4.2357
 -67.649  171.228       4.2357
 -67.649  175.529       4.2357
 -67.649  179.829       4.2357
 -67.649  184.129       4.2357
 -67.649  188.429       4.2357
 -67.649  192.729       4.2357
 -67.649  197.029       4.2357
 -67.649  201.329       4.2357
 -67.649  205.629       4.2357
 -67.649  209.929       4.2357
 -67.649  214.229       4.2357
 -67.649  218.529       4.2357
 -67.649  222.829       4.2357
 -67.649  227.129       4.2357
 -67.649  231.429       4.2357
 -67.649  235.730       4.2357
 -67.649  240.030       4.2357
 -67.649  244.330       4.2357
 -67.649  248.630       4.2357
 -67.649  252.930       4.2357
 -67.649  257.230       4.2357
 -67.649  261.530       4.2357
 -64.370 -164.177       4.2357
 -64.370 -159.877       4.2357
 -64.370 -155.577       4.2357
 -64.370 -151.277       4.2357
 -64.370 -146.977       4.2357
 -64.370 -142.677       4.2357
 -64.370 -138.377       4.2357
 -64.370 -134.077       4.2357
 -64.370 -129.776       4.2357
 -64.370 -125.476       4.2357
 -64.370 -121.176       4.2357
 -64.370 -116.876       4.2357
 -64.370 -112.576       4.2357
 -64.370 -108.276       4.2357
 -64.370 -103.976       4.2357
 -64.370  -99.676       4.2357
 -64.370  -95.376       4.2357
 -64.370  -91.076       4.2357
 -64.370  -86.776       4.2357
 -64.370  -82.476       4.2357
 -64.370  -78.176       4.2357
 -64.370  -73.876       4.2357
 -64.370  -69.575       4.2357
 -64.370  -65.275       4.2357
 -64.370  -60.975       4.2357
 -64.370  -56.675       4.2357
 -64.370  -52.375       4.2357
 -64.370  -48.075       4.2357
 -64.370  -43.775       4.2357
 -64.370  -39.475       4.2357
 -64.370  -35.175       4.2357
 -64.370  -30.875       4.2357
 -64.370  -26.575       4.2357
 -64.370  -22.275       4.2357
 -64.370  -17.975       4.2357
 -64.370  -13.675       4.2357
 -64.370   -9.374       4.2357
 -64.370   -5.074       4.2357
 -64.370   -0.774       4.2357
 -64.370    3.526       4.2357
 -64.370    7.826       4.2357
 -64.370   12.126       4.2357
 -64.370   16.426       4.2357
 -64.370   20.726       4.2357
 -64.370   25.026       4.2357
 -64.370   29.326       4.2357
 -64.370   33.626       4.2357
 -64.370   37.926       4.2357
 -64.370   42.226       4.2357
 -64.370   46.526       4.2357
 -64.370   50.827       4.2357
 -64.370   55.127       4.2357
 -64.370   59.427       4.2357
 -64.370   63.727       4.2357
 -64.370   68.027       4.2357
 -64.370   72.327       4.2357
 -64.370   76.627       4.2357
 -64.370   80.927       4.2357
 -64.370   85.227       4.2357
 -64.370   89.527       4.2357
 -64.370   93.827       4.2357
 -64.370   98.127       4.2357
 -64.370  102.427       4.2357
 -64.370  106.727       4.2357
 -64.370  111.027       4.2357
 -64.370  115.328       4.2357
 -64.370  119.628       4.2357
 -64.370  123.928       4.2357
 -64.370  128.228       4.2357
 -64.370  132.528       3.1675
 -64.370  136.828       3.1675
 -64.370  141.128       1.8576
 -64.370  145.428       1.9035
 -64.370  149.728       1.4669
 -64.370  154.028       1.6698
 -64.370  158.328       2.1696
 -64.370  162.628       4.2357
 -64.370  166.928       4.2357
 -64.370  171.228       4.2357
 -64.370  175.529       4.2357
 -64.370  179.829       4.2357
 -64.370  184.129       4.2357
 -64.370  188.429       4.2357
 -64.370  192.729       4.2357
 -64.370  197.029       4.2357
 -64.370  201.329       4.2357
 -64.370  205.629       4.2357
 -64.370  209.929       4.2357
 -64.370  214.229       4.2357
 -64.370  218.529       4.2357
 -64.370  222.829       4.2357
 -64.370  227.129       4.2357
 -64.370  231.429       4.2357
 -64.370  235.730       4.2357
 -64.370  240.030       4.2357
 -64.370  244.330       4.2357
 -64.370  248.630       4.2357
 -64.370  252.930       4.2357
 -64.370  257.230       4.2357
 -64.370  261.530       4.2357
 -61.091 -164.177       4.2357
 -61.091 -159.877       4.2357
 -61.091 -155.577       4.2357
 -61.091 -151.277       4.2357
 -61.091 -146.977       4.2357
 -61.091 -142.677       4.2357
 -61.091 -138.377       4.2357
 -61.091 -134.077       4.2357
 -61.091 -129.776       4.2357
 -61.091 -125.476       4.2357
 -61.091 -121.176       4.2357
 -61.091 -116.876       4.2357
 -61.091 -112.576       4.2357
 -61.091 -108.276       4.2357
 -61.091 -103.976       4.2357
 -61.091  -99.676       4.2357
 -61.091  -95.376       4.2357
 -61.091  -91.076       4.2357
 -61.091  -86.776       4.2357
 -61.091  -82.476       4.2357
 -61.091  -78.176       4.2357
 -61.091  -73.876       4.2357
 -61.091  -69.575       4.2357
 -61.091  -65.275       4.2357
 -61.091  -60.975       4.2357
 -61.091  -56.675       4.2357
 -61.091  -52.375       4.2357
 -61.091  -48.075       4.2357
 -61.091  -43.775       4.2357
 -61.091  -39.475       4.2357
 -61.091  -35.175       4.2357
 -61.091  -30.875       4.2357
 -61.091  -26.575       4.2357
 -61.091  -22.275       4.2357
 -61.091  -17.975       4.2357
 -61.091  -13.675       4.2357
 -61.091   -9.374       4.2357
 -61.091   -5.074       4.2357
 -61.091   -0.774       4.2357
 -61.091    3.526       4.2357
 -61.091    7.826       4.2357
 -61.091   12.126       4.2357
 -61.091   16.426       4.2357
 -61.091   20.726       4.2357
 -61.091   25.026       4.2357
 -61.091   29.326       4.2357
 -61.091   33.626       4.2357
 -61.091   37.926       4.2357
 -61.091   42.226       4.2357
 -61.091   46.526       4.2357
 -61.091   50.827       4.2357
 -61.091   55.127       4.2357
 -61.091   59.427       4.2357
 -61.091   63.727       4.2357
 -61.091   68.027       4.2357
 -61.091   72.327       4.2357
 -61.091   76.627       4.2357
 -61.091   80.927       4.2357
 -61.091   85.227       4.2357
 -61.091   89.527       4.2357
 -61.091   93.827       4.2357
 -61.091   98.127       4.2357
 -61.091  102.427       4.2357
 -61.091  106.727       4.2357
 -61.091  111.027       4.2357
 -61.091  115.328       4.2357
 -61.091  119.628       4.2357
 -61.091  123.928       4.2357
 -61.091  128.228       4.2357
 -61.091  132.528       4.2357
 -61.091  136.828       3.4092
 -61.091  141.128       1.6233
 -61.091  145.428       1.7202
 -61.091  149.728       1.5146
 -61.091  154.028       1.7380
 -61.091  158.328       1.9278
 -61.091  162.628       3.8225
 -61.091  166.928       4.2357
 -61.091  171.228       4.2357
 -61.091  175.529       4.2357
 -61.091  179.829       4.2357
 -61.091  184.129       4.2357
 -61.091  188.429       4.2357
 -61.091  192.729       4.2357
 -61.091  197.029       4.2357
 -61.091  201.329       4.2357
 -61.091  205.629       4.2357
 -61.091  209.929       4.2357
 -61.091  214.229       4.2357
 -61.091  218.529       4.2357
 -61.091  222.829       4.2357
 -61.091  227.129       4.2357
 -61.091  231.429       4.2357
 -61.091  235.730       4.2357
 -61.091  240.030       4.2357
 -61.091  244.330       4.2357
 -61.091  248.630       4.2357
 -61.091  252.930       4.2357
 -61.091  257.230       4.2357
 -61.091  261.530       4.2357
 -57.811 -164.177       4.2357
 -57.811 -159.877       4.2357
 -57.811 -155.577       4.2357
 -57.811 -151.277       4.2357
 -57.811 -146.977       4.2357
 -57.811 -142.677       4.2357
 -57.811 -138.377       4.2357
 -57.811 -134.077       4.2357
 -57.811 -129.776       4.2357
 -57.811 -125.476       4.2357
 -57.811 -121.176       4.2357
 -57.811 -116.876       4.2357
 -57.811 -112.576       4.2357
 -57.811 -108.276       4.2357
 -57.811 -103.976       4.2357
 -57.811  -99.676       4.2357
 -57.811  -95.376       4.2357
 -57.811  -91.076       4.2357
 -57.811  -86.776       4.2357
 -57.811  -82.476       4.2357
 -57.811  -78.176       4.2357
 -57.811  -73.876       4.2357
 -57.811  -69.575       4.2357
 -57.811  -65.275       4.2357
 -57.811  -60.975       4.2357
 -57.811  -56.675       4.2357
 -57.811  -52.375       4.2357
 -57.811  -48.075       4.2357
 -57.811  -43.775       4.2357
 -57.811  -39.475       4.2357
 -57.811  -35.175       4.2357
 -57.811  -30.875       4.2357
 -57.811  -26.575       4.2357
 -57.811  -22.275       4.2357
 -57.811  -17.975       4.2357
 -57.811  -13.675       4.2357
 -57.811   -9.374       4.2357
 -57.811   -5.074       4.2357
 -57.811   -0.774       4.2357
 -57.811    3.526       4.2357
 -57.811    7.826       4.2357
 -57.811   12.126       4.2357
 -57.811   16.426       4.2357
 -57.811   20.726       4.2357
 -57.811   25.026       4.2357
 -57.811   29.326       4.2357
 -57.811   33.626       4.2357
 -57.811   37.926       4.2357
 -57.811   42.226       4.2357
 -57.811   46.526       4.2357
 -57.811   50.827       4.2357
 -57.811   55.127       4.2357
 -57.811   59.427       4.2357
 -57.811   63.727       4.2357
 -57.811   68.027       4.2357
 -57.811   72.327       4.2357
 -57.811   76.627       4.2357
 -57.811   80.927       4.2357
 -57.811   85.227       4.2357
 -57.811   89.527       4.2357
 -57.811   93.827       4.2357
 -57.811   98.127       4.2357
 -57.811  102.427       4.2357
 -57.811  106.727       4.2357
 -57.811  111.027       4.2357
 -57.811  115.328       4.2357
 -57.811  119.628       4.2357
 -57.811  123.928       4.2357
 -57.811  128.228       4.2357
 -57.811  132.528       4.2357
 -57.811  136.828       4.2357
 -57.811  141.128       2.8630
 -57.811  145.428       2.4498
 -57.811  149.728       1.9532
 -57.811  154.028       1.9035
 -57.811  158.328       2.3929
 -57.811  162.628       4.2357
 -57.811  166.928       4.2357
 -57.811  171.228       4.2357
 -57.811  175.529       4.2357
 -57.811  179.829       4.2357
 -57.811  184.129       4.2357
 -57.811  188.429       4.2357
 -57.811  192.729       4.2357
 -57.811  197.029       4.2357
 -57.811  201.329       4.2357
 -57.811  205.629       4.2357
 -57.811  209.929       4.2357
 -57.811  214.229       4.2357
 -57.811  218.529       4.2357
 -57.811  222.829       4.2357
 -57.811  227.129       4.2357
 -57.811  231.429       4.2357
 -57.811  235.730       4.2357
 -57.811  240.030       4.2357
 -57.811  244.330       4.2357
 -57.811  248.630       4.2357
 -57.811  252.930       4.2357
 -57.811  257.230       4.2357
 -57.811  261.530       4.2357
 -54.532 -164.177       4.2357
 -54.532 -159.877       4.2357
 -54.532 -155.577       4.2357
 -54.532 -151.277       4.2357
 -54.532 -146.977       4.2357
 -54.532 -142.677       4.2357
 -54.532 -138.377       4.2357
 -54.532 -134.077       4.2357
 -54.532 -129.776       4.2357
 -54.532 -125.476       4.2357
 -54.532 -121.176       4.2357
 -54.532 -116.876       4.2357
 -54.532 -112.576       4.2357
 -54.532 -108.276       4.2357
 -54.532 -103.976       4.2357
 -54.532  -99.676       4.2357
 -54.532  -95.376       4.2357
 -54.532  -91.076       4.2357
 -54.532  -86.776       4.2357
 -54.532  -82.476       4.2357
 -54.532  -78.176       4.2357
 -54.532  -73.876       4.2357
 -54.532  -69.575       4.2357
 -54.532  -65.275       4.2357
 -54.532  -60.975       4.2357
 -54.532  -56.675       4.2357
 -54.532  -52.375       4.2357
 -54.532  -48.075       4.2357
 -54.532  -43.775       4.2357
 -54.532  -39.475       4.2357
 -54.532  -35.175       4.2357
 -54.532  -30.875       4.2357
 -54.532  -26.575       4.2357
 -54.532  -22.275       4.2357
 -54.532  -17.975       4.2357
 -54.532  -13.675       4.2357
 -54.532   -9.374       4.2357
 -54.532   -5.074       4.2357
 -54.532   -0.774       4.2357
 -54.532    3.526       4.2357
 -54.532    7.826       4.2357
 -54.532   12.126       4.2357
 -54.532   16.426       4.2357
 -54.532   20.726       4.2357
 -54.532   25.026       4.2357
 -54.532   29.326       4.2357
 -54.532   33.626       4.2357
 -54.532   37.926       4.2357
 -54.532   42.226       4.2357
 -54.532   46.526       4.2357
 -54.532   50.827       4.2357
 -54.532   55.127       4.2357
 -54.532   59.427       4.2357
 -54.532   63.727       4.2357
 -54.532   68.027       4.2357
 -54.532   72.327       4.2357
 -54.532   76.627       4.2357
 -54.532   80.927       4.2357
 -54.532   85.227       4.2357
 -54.532   89.527       4.2357
 -54.532   93.827       4.2357
 -54.532   98.127       4.2357
 -54.532  102.427       4.2357
 -54.532  106.727       4.2357
 -54.532  111.027       4.2357
 -54.532  115.328       4.2357
 -54.532  119.628       4.2357
 -54.532  123.928       4.2357
 -54.532  128.228       4.2357
 -54.532  132.528       4.2357
 -54.532  136.828       4.2357
 -54.532  141.128       2.7543
 -54.532  145.428       2.7543
 -54.532  149.728       2.2934
 -54.532  154.028       2.3411
 -54.532  158.328       4.2357
 -54.532  162.628       4.2357
 -54.532  166.928       4.2357
 -54.532  171.228       4.2357
 -54.532  175.529       4.2357
 -54.532  179.829       4.2357
 -54.532  184.129       4.2357
 -54.532  188.429       4.2357
 -54.532  192.729       4.2357
 -54.532  197.029       4.2357
 -54.532  201.329       4.2357
 -54.532  205.629       4.2357
 -54.532  209.929       4.2357
 -54.532  214.229       4.2357
 -54.532  218.529       4.2357
 -54.532  222.829       4.2357
 -54.532  227.129       4.2357
 -54.532  231.429       4.2357
 -54.532  235.730       4.2357
 -54.532  240.030       4.2357
 -54.532  244.330       4.2357
 -54.532  248.630       4.2357
 -54.532  252.930       4.2357
 -54.532  257.230       4.2357
 -54.532  261.530       4.2357
 -51.253 -164.177       4.2357
 -51.253 -159.877       4.2357
 -51.253 -155.577       4.2357
 -51.253 -151.277       4.2357
 -51.253 -146.977       4.2357
 -51.253 -142.677       4.2357
 -51.253 -138.377       4.2357
 -51.253 -134.077       4.2357
 -51.253 -129.776       4.2357
 -51.253 -125.476       4.2357
 -51.253 -121.176       4.2357
 -51.253 -116.876       4.2357
 -51.253 -112.576       4.2357
 -51.253 -108.276       4.2357
 -51.253 -103.976       4.2357
 -51.253  -99.676       4.2357
 -51.253  -95.376       4.2357
 -51.253  -91.076       4.2357
 -51.253  -86.776       4.2357
 -51.253  -82.476       4.2357
 -51.253  -78.176       4.2357
 -51.253  -73.876       4.2357
 -51.253  -69.575       4.2357
 -51.253  -65.275       4.2357
 -51.253  -60.975       4.2357
 -51.253  -56.675       4.2357
 -51.253  -52.375       4.2357
 -51.253  -48.075       4.2357
 -51.253  -43.775       4.2357
 -51.253  -39.475       4.2357
 -51.253  -35.175       4.2357
 -51.253  -30.875       4.2357
 -51.253  -26.575       4.2357
 -51.253  -22.275       4.2357
 -51.253  -17.975       4.2357
 -51.253  -13.675       4.2357
 -51.253   -9.374       4.2357
 -51.253   -5.074       4.2357
 -51.253   -0.774       4.2357
 -51.253    3.526       4.2357
 -51.253    7.826       4.2357
 -51.253   12.126       4.2357
 -51.253   16.426       4.2357
 -51.253   20.726       4.2357
 -51.253   25.026       4.2357
 -51.253   29.326       4.2357
 -51.253   33.626       4.2357
 -51.253   37.926       4.2357
 -51.253   42.226       4.2357
 -51.253   46.526       4.2357
 -51.253   50.827       4.2357
 -51.253   55.127       4.2357
 -51.253   59.427       4.2357
 -51.253   63.727       4.2357
 -51.253   68.027       4.2357
 -51.253   72.327       4.2357
 -51.253   76.627       4.2357
 -51.253   80.927       4.2357
 -51.253   85.227       4.2357
 -51.253   89.527       4.2357
 -51.253   93.827       4.2357
 -51.253   98.127       4.2357
 -51.253  102.427       4.2357
 -51.253  106.727       4.2357
 -51.253  111.027       4.2357
 -51.253  115.328       4.2357
 -51.253  119.628       4.2357
 -51.253  123.928       4.2357
 -51.253  128.228       4.2357
 -51.253  132.528       4.2357
 -51.253  136.828       4.2357
 -51.253  141.128       2.9960
 -51.253  145.428       2.9960
 -51.253  149.728       2.8630
 -51.253  154.028       3.1675
 -51.253  158.328       4.2357
 -51.253  162.628       4.2357
 -51.253  166.928       4.2357
 -51.253  171.228       4.2357
 -51.253  175.529       4.2357
 -51.253  179.829       4.2357
 -51.253  184.129       4.2357
 -51.253  188.429       4.2357
 -51.253  192.729       4.2357
 -51.253  197.029       4.2357
 -51.253  201.329       4.2357
 -51.253  205.629       4.2357
 -51.253  209.929       4.2357
 -51.253  214.229       4.2357
 -51.253  218.529       4.2357
 -51.253  222.829       4.2357
 -51.253  227.129       4.2357
 -51.253  231.429       4.2357
 -51.253  235.730       4.2357
 -51.253  240.030       4.2357
 -51.253  244.330       4.2357
 -51.253  248.630       4.2357
 -51.253  252.930       4.2357
 -51.253  257.230       4.2357
 -51.253  261.530       4.2357
 -47.973 -164.177       4.2357
 -47.973 -159.877       4.2357
 -47.973 -155.577       4.2357
 -47.973 -151.277       4.2357
 -47.973 -146.977       4.2357
 -47.973 -142.677       4.2357
 -47.973 -138.377       4.2357
 -47.973 -134.077       4.2357
 -47.973 -129.776       4.2357
 -47.973 -125.476       4.2357
 -47.973 -121.176       4.2357
 -47.973 -116.876       4.2357
 -47.973 -112.576       4.2357
 -47.973 -108.276       4.2357
 -47.973 -103.976       4.2357
 -47.973  -99.676       4.2357
 -47.973  -95.376       4.2357
 -47.973  -91.076       4.2357
 -47.973  -86.776       4.2357
 -47.973  -82.476       4.2357
 -47.973  -78.176       4.2357
 -47.973  -73.876       4.2357
 -47.973  -69.575       4.2357
 -47.973  -65.275       4.2357
 -47.973  -60.975       4.2357
 -47.973  -56.675       4.2357
 -47.973  -52.375       4.2357
 -47.973  -48.075       4.2357
 -47.973  -43.775       4.2357
 -47.973  -39.475       4.2357
 -47.973  -35.175       4.2357
 -47.973  -30.875       4.2357
 -47.973  -26.575       4.2357
 -47.973  -22.275       4.2357
 -47.973  -17.975       4.2357
 -47.973  -13.675       4.2357
 -47.973   -9.374       4.2357
 -47.973   -5.074       4.2357
 -47.973   -0.774       4.2357
 -47.973    3.526       4.2357
 -47.973    7.826       4.2357
 -47.973   12.126       4.2357
 -47.973   16.426       4.2357
 -47.973   20.726       4.2357
 -47.973   25.026       4.2357
 -47.973   29.326       4.2357
 -47.973   33.626       4.2357
 -47.973   37.926       4.2357
 -47.973   42.226       4.2357
 -47.973   46.526       4.2357
 -47.973   50.827       4.2357
 -47.973   55.127       4.2357
 -47.973   59.427       4.2357
 -47.973   63.727       4.2357
 -47.973   68.027       4.2357
 -47.973   72.327       4.2357
 -47.973   76.627       4.2357
 -47.973   80.927       4.2357
 -47.973   85.227       4.2357
 -47.973   89.527       4.2357
 -47.973   93.827       4.2357
 -47.973   98.127       4.2357
 -47.973  102.427       4.2357
 -47.973  106.727       4.2357
 -47.973  111.027       4.2357
 -47.973  115.328       4.2357
 -47.973  119.628       4.2357
 -47.973  123.928       4.2357
 -47.973  128.228       4.2357
 -47.973  132.528       4.2357
 -47.973  136.828       4.2357
 -47.973  141.128       4.2357
 -47.973  145.428       4.2357
 -47.973  149.728       4.2357
 -47.973  154.028       4.2357
 -47.973  158.328       4.2357
 -47.973  162.628       4.2357
 -47.973  166.928       4.2357
 -47.973  171.228       4.2357
 -47.973  175.529       4.2357
 -47.973  179.829       4.2357
 -47.973  184.129       4.2357
 -47.973  188.429       4.2357
 -47.973  192.729       4.2357
 -47.973  197.029       4.2357
 -47.973  201.329       4.2357
 -47.973  205.629       4.2357
 -47.973  209.929       4.2357
 -47.973  214.229       4.2357
 -47.973  218.529       4.2357
 -47.973  222.829       4.2357
 -47.973  227.129       4.2357
 -47.973  231.429       4.2357
 -47.973  235.730       4.2357
 -47.973  240.030       4.2357
 -47.973  244.330       4.2357
 -47.973  248.630       4.2357
 -47.973  252.930       4.2357
 -47.973  257.230       4.2357
 -47.973  261.530       4.2357
